<?xml version="1.0"?>
<VTKFile type="UnstructuredGrid" version="0.1" byte_order="LittleEndian">
  <UnstructuredGrid>
    <Piece NumberOfCells="2250" NumberOfPoints="2356">
      <PointData Scalars="S_liq" Vectors="velocity_liq (m/s)">
        <DataArray type="Float32" Name="S_liq" NumberOfComponents="1" format="ascii">
          1 1 1 1 1 1 1 1 1 1 1 1
          1 1 1 1 1 1 1 1 1 1 1 1
          1 1 1 1 1 1 1 1 1 1 1 1
          1 1 1 1 1 1 1 1 1 1 1 1
          1 1 1 1 1 1 1 1 1 1 1 1
          1 1 1 1 1 1 1 1 1 1 1 1
          1 1 1 1 1 1 1 1 1 1 1 1
          1 1 1 1 1 1 1 1 1 1 1 1
          1 1 1 1 1 1 1 1 1 1 1 1
          1 1 1 1 1 1 1 1 1 1 1 1
          1 1 1 1 1 1 1 1 1 1 1 1
          1 1 1 1 1 1 1 1 1 1 1 1
          1 1 1 1 1 1 1 1 1 1 1 1
          1 1 1 1 1 1 1 1 1 1 1 1
          1 1 1 1 1 1 1 1 1 1 1 1
          1 1 1 1 1 1 1 1 1 1 1 1
          1 1 1 1 1 1 1 1 1 1 1 1
          1 1 1 1 1 1 1 1 1 1 1 1
          1 1 1 1 1 1 1 1 1 1 1 1
          1 1 1 1 1 1 1 1 1 1 1 1
          1 1 1 1 1 1 1 1 1 1 1 1
          1 1 1 1 1 1 1 1 1 1 1 1
          1 1 1 1 1 1 1 1 1 1 1 1
          1 1 1 1 1 1 1 1 1 1 1 1
          1 1 1 1 1 1 1 1 1 1 1 1
          1 1 1 1 1 1 1 1 1 1 1 1
          1 1 1 1 1 1 1 1 1 1 1 1
          1 1 1 1 1 1 1 1 1 1 1 1
          1 1 1 1 1 1 1 1 1 1 1 1
          1 1 1 1 1 1 1 1 1 1 1 1
          1 1 1 1 1 1 1 1 1 1 1 1
          1 1 1 1 1 1 1 1 1 1 1 1
          1 1 1 1 1 1 1 1 1 1 1 1
          1 1 1 1 1 1 1 1 1 1 1 1
          1 1 1 1 1 1 1 1 1 1 1 1
          1 1 1 1 1 1 1 1 1 1 1 1
          1 1 1 1 1 1 1 1 1 1 1 1
          1 1 1 1 1 1 1 1 1 1 1 1
          1 1 1 1 1 1 1 1 1 1 1 1
          1 1 1 1 1 1 1 1 1 1 1 1
          1 1 1 1 1 1 1 1 1 1 1 1
          1 1 1 1 1 1 1 1 1 1 1 1
          1 1 1 1 1 1 1 1 1 1 1 1
          1 1 1 1 1 1 1 1 1 1 1 1
          1 1 1 1 1 1 1 1 1 1 1 1
          1 1 1 1 1 1 1 1 1 1 1 1
          1 1 1 1 1 1 1 1 1 1 1 1
          1 1 1 1 1 1 1 1 1 1 1 1
          1 1 1 1 1 1 1 1 1 1 1 1
          1 1 1 1 1 1 1 1 1 1 1 1
          1 1 1 1 1 1 1 1 1 1 1 1
          1 1 1 1 1 1 1 1 1 1 1 1
          1 1 1 1 1 1 1 1 1 1 1 1
          1 1 1 1 1 1 1 1 1 1 1 1
          1 1 1 1 1 1 1 1 1 1 1 1
          1 1 1 1 1 1 1 1 1 1 1 1
          1 1 1 1 1 1 1 1 1 1 1 1
          1 1 1 1 1 1 1 1 1 1 1 1
          1 1 1 1 1 1 1 1 1 1 1 1
          1 1 1 1 1 1 1 1 1 1 1 1
          1 1 1 1 1 1 1 1 1 1 1 1
          1 1 1 1 1 1 1 1 1 1 1 1
          1 1 1 1 1 1 1 1 1 1 1 1
          1 1 1 1 1 1 1 1 1 1 1 1
          1 1 1 1 1 1 1 1 1 1 1 1
          1 1 1 1 1 1 1 1 1 1 1 1
          1 1 1 1 1 1 1 1 1 1 1 1
          1 1 1 1 1 1 1 1 1 1 1 1
          1 1 1 1 1 1 1 1 1 1 1 1
          1 1 1 1 1 1 1 1 1 1 1 1
          1 1 1 1 1 1 1 1 1 1 1 1
          1 1 1 1 1 1 1 1 1 1 1 1
          1 1 1 1 1 1 1 1 1 1 1 1
          1 1 1 1 1 1 1 1 1 1 1 1
          1 1 1 1 1 1 1 1 1 1 1 1
          1 1 1 1 1 1 1 1 1 1 1 1
          1 1 1 1 1 1 1 1 1 1 1 1
          1 1 1 1 1 1 1 1 1 1 1 1
          1 1 1 1 1 1 1 1 1 1 1 1
          1 1 1 1 1 1 1 1 1 1 1 1
          1 1 1 1 1 1 1 1 1 1 1 1
          1 1 1 1 1 1 1 1 1 1 1 1
          1 1 1 1 1 1 1 1 1 1 1 1
          1 1 1 1 1 1 1 1 1 1 1 1
          1 1 1 1 1 1 1 1 1 1 1 1
          1 1 1 1 1 1 1 1 1 1 1 1
          1 1 1 1 1 1 1 1 1 1 1 1
          1 1 1 1 1 1 1 1 1 1 1 1
          1 1 1 1 1 1 1 1 1 1 1 1
          1 1 1 1 1 1 1 1 1 1 1 1
          1 1 1 1 1 1 1 1 1 1 1 1
          1 1 1 1 1 1 1 1 1 1 1 1
          1 1 1 1 1 1 1 1 1 1 1 1
          1 1 1 1 1 1 1 1 1 1 1 1
          1 1 1 1 1 1 1 1 1 1 1 1
          1 1 1 1 1 1 1 1 1 1 1 1
          1 1 1 1 1 1 1 1 1 1 1 1
          1 1 1 1 1 1 1 1 1 1 1 1
          1 1 1 1 1 1 1 1 1 1 1 1
          1 1 1 1 1 1 1 1 1 1 1 1
          1 1 1 1 1 1 1 1 1 1 1 1
          1 1 1 1 1 1 1 1 1 1 1 1
          1 1 1 1 1 1 1 1 1 1 1 1
          1 1 1 1 1 1 1 1 1 1 1 1
          1 1 1 1 1 1 1 1 1 1 1 1
          1 1 1 1 1 1 1 1 1 1 1 1
          1 1 1 1 1 1 1 1 1 1 1 1
          1 1 1 1 1 1 1 1 1 1 1 1
          1 1 1 1 1 1 1 1 1 1 1 1
          1 1 1 1 1 1 1 1 1 1 1 1
          1 1 1 1 1 1 1 1 1 1 1 1
          1 1 1 1 1 1 1 1 1 1 1 1
          1 1 1 1 1 1 1 1 1 1 1 1
          1 1 1 1 1 1 1 1 1 1 1 1
          1 1 1 1 1 1 1 1 1 1 1 1
          1 1 1 1 1 1 1 1 1 1 1 1
          1 1 1 1 1 1 1 1 1 1 1 1
          1 1 1 1 1 1 1 1 1 1 1 1
          1 1 1 1 1 1 1 1 1 1 1 1
          1 1 1 1 1 1 1 1 1 1 1 1
          1 1 1 1 1 1 1 1 1 1 1 1
          1 1 1 1 1 1 1 1 1 1 1 1
          1 1 1 1 1 1 1 1 1 1 1 1
          1 1 1 1 1 1 1 1 1 1 1 1
          1 1 1 1 1 1 1 1 1 1 1 1
          1 1 1 1 1 1 1 1 1 1 1 1
          1 1 1 1 1 1 1 1 1 1 1 1
          1 1 1 1 1 1 1 1 1 1 1 1
          1 1 1 1 1 1 1 1 1 1 1 1
          1 1 1 1 1 1 1 1 1 1 1 1
          1 1 1 1 1 1 1 1 1 1 1 1
          1 1 1 1 1 1 1 1 1 1 1 1
          1 1 1 1 1 1 1 1 1 1 1 1
          1 1 1 1 1 1 1 1 1 1 1 1
          1 1 1 1 1 1 1 1 1 1 1 1
          1 1 1 1 1 1 1 1 1 1 1 1
          1 1 1 1 1 1 1 1 1 1 1 1
          1 1 1 1 1 1 1 1 1 1 1 1
          1 1 1 1 1 1 1 1 1 1 1 1
          1 1 1 1 1 1 1 1 1 1 1 1
          1 1 1 1 1 1 1 1 1 1 1 1
          1 1 1 1 1 1 1 1 1 1 1 1
          1 1 1 1 1 1 1 1 1 1 1 1
          1 1 1 1 1 1 1 1 1 1 1 1
          1 1 1 1 1 1 1 1 1 1 1 1
          1 1 1 1 1 1 1 1 1 1 1 1
          1 1 1 1 1 1 1 1 1 1 1 1
          1 1 1 1 1 1 1 1 1 1 1 1
          1 1 1 1 1 1 1 1 1 1 1 1
          1 1 1 1 1 1 1 1 1 1 1 1
          1 1 1 1 1 1 1 1 1 1 1 1
          1 1 1 1 1 1 1 1 1 1 1 1
          1 1 1 1 1 1 1 1 1 1 1 1
          1 1 1 1 1 1 1 1 1 1 1 1
          1 1 1 1 1 1 1 1 1 1 1 1
          1 1 1 1 1 1 1 1 1 1 1 1
          1 1 1 1 1 1 1 1 1 1 1 1
          1 1 1 1 1 1 1 1 1 1 1 1
          1 1 1 1 1 1 1 1 1 1 1 1
          1 1 1 1 1 1 1 1 1 1 1 1
          1 1 1 1 1 1 1 1 1 1 1 1
          1 1 1 1 1 1 1 1 1 1 1 1
          1 1 1 1 1 1 1 1 1 1 1 1
          1 1 1 1 1 1 1 1 1 1 1 1
          1 1 1 1 1 1 1 1 0.997517 1 1 1
          1 1 1 1 1 1 1 1 1 1 1 1
          1 1 1 1 1 1 1 1 1 1 1 1
          1 1 1 1 1 1 1 1 1 1 1 1
          1 1 1 1 1 1 1 1 1 1 1 1
          1 1 1 1 1 1 1 1 1 1 1 1
          1 1 1 1 1 1 1 1 1 1 1 1
          0.785306 0.79699 0.810754 0.8267 0.845237 0.866818 0.892549 0.923276 0.955728 0.981643 0.996631 1
          1 1 1 1 1 1 1 1 1 1 1 1
          1 1 1 1 1 1 1 1 1 1 1 1
          1 1 1 1 1 1 1 1 1 1 1 1
          1 1 1 1 1 1 1 1 1 1 1 1
          1 1 1 1 1 1 1 1 1 1 1 1
          1 1 1 1 0.724156 0.727923 0.731922 0.73621 0.740875 0.746034 0.751789 0.758288
          0.765728 0.774346 0.784464 0.796643 0.810972 0.827518 0.846649 0.868898 0.895471 0.927145 0.960019 0.985234
          0.99826 1 1 1 1 1 1 1 1 1 1 1
          1 1 1 1 1 1 1 1 1 1 1 1
          1 1 1 1 1 1 1 1 1 1 1 1
          1 1 1 1 1 1 1 1 1 1 1 1
          1 1 1 1 1 1 1 1 0.67876 0.681269 0.683898 0.686661
          0.689574 0.692656 0.695923 0.699394 0.703087 0.707018 0.711208 0.715677 0.720453 0.725602 0.731226 0.737441
          0.744375 0.752222 0.761222 0.771666 0.783947 0.798735 0.816163 0.836714 0.861158 0.890629 0.926654 0.964768
          0.991747 1 1 1 1 1 1 1 1 1 1 1
          1 1 1 1 1 1 1 1 1 1 1 1
          1 1 1 1 1 1 1 1 1 1 1 1
          1 1 1 1 1 1 1 1 1 1 1 1
          0.606773 0.608657 0.610616 0.612656 0.614784 0.617006 0.619331 0.621766 0.62432 0.627003 0.629827 0.632803
          0.635951 0.639289 0.64284 0.646636 0.650704 0.655077 0.659797 0.664913 0.670484 0.676554 0.683232 0.690684
          0.699155 0.708949 0.720447 0.73431 0.751662 0.774658 0.806183 0.852178 0.927922 0.994453 1 1
          1 1 1 1 1 1 1 1 1 1 1 1
          1 1 1 1 1 1 1 1 1 1 1 1
          1 1 1 1 1 1 1 1 1 1 1 1
          1 1 1 1
        </DataArray>
        <DataArray type="Float32" Name="p_liq" NumberOfComponents="1" format="ascii">
          1.81339e+07 1.81322e+07 1.81143e+07 1.81126e+07 1.81305e+07 1.81109e+07 1.81288e+07 1.81092e+07 1.8127e+07 1.81074e+07 1.81253e+07 1.81057e+07
          1.81236e+07 1.8104e+07 1.81218e+07 1.81022e+07 1.81201e+07 1.81005e+07 1.81183e+07 1.80987e+07 1.81166e+07 1.8097e+07 1.81148e+07 1.80952e+07
          1.8113e+07 1.80934e+07 1.81112e+07 1.80917e+07 1.81095e+07 1.80899e+07 1.81077e+07 1.80881e+07 1.81059e+07 1.80863e+07 1.81041e+07 1.80845e+07
          1.81023e+07 1.80827e+07 1.81005e+07 1.80809e+07 1.80986e+07 1.80791e+07 1.80968e+07 1.80772e+07 1.8095e+07 1.80754e+07 1.80932e+07 1.80736e+07
          1.80914e+07 1.80718e+07 1.80895e+07 1.80699e+07 1.80877e+07 1.80681e+07 1.80859e+07 1.80663e+07 1.8084e+07 1.80644e+07 1.80822e+07 1.80626e+07
          1.80803e+07 1.80607e+07 1.80785e+07 1.80589e+07 1.80766e+07 1.80571e+07 1.80748e+07 1.80552e+07 1.8073e+07 1.80534e+07 1.80711e+07 1.80515e+07
          1.80693e+07 1.80497e+07 1.80674e+07 1.80478e+07 1.80656e+07 1.8046e+07 1.80637e+07 1.80441e+07 1.80619e+07 1.80423e+07 1.80601e+07 1.80405e+07
          1.80582e+07 1.80386e+07 1.80564e+07 1.80368e+07 1.80545e+07 1.80349e+07 1.80527e+07 1.80331e+07 1.80509e+07 1.80313e+07 1.80491e+07 1.80295e+07
          1.80472e+07 1.80276e+07 1.80454e+07 1.80258e+07 1.80436e+07 1.8024e+07 1.80418e+07 1.80222e+07 1.804e+07 1.80204e+07 1.80382e+07 1.80186e+07
          1.80364e+07 1.80168e+07 1.80346e+07 1.8015e+07 1.80328e+07 1.80132e+07 1.8031e+07 1.80114e+07 1.80292e+07 1.80096e+07 1.80274e+07 1.80078e+07
          1.80256e+07 1.8006e+07 1.80239e+07 1.80043e+07 1.80221e+07 1.80025e+07 1.80203e+07 1.80007e+07 1.80186e+07 1.7999e+07 1.80168e+07 1.79972e+07
          1.80151e+07 1.79955e+07 1.80133e+07 1.79937e+07 1.80116e+07 1.7992e+07 1.80099e+07 1.79903e+07 1.80082e+07 1.79885e+07 1.80064e+07 1.79868e+07
          1.80047e+07 1.79851e+07 1.8003e+07 1.79834e+07 1.80013e+07 1.79817e+07 1.79996e+07 1.798e+07 1.80948e+07 1.80931e+07 1.80914e+07 1.80897e+07
          1.80879e+07 1.80862e+07 1.80845e+07 1.80827e+07 1.8081e+07 1.80792e+07 1.80775e+07 1.80757e+07 1.80739e+07 1.80721e+07 1.80704e+07 1.80686e+07
          1.80668e+07 1.8065e+07 1.80632e+07 1.80613e+07 1.80595e+07 1.80577e+07 1.80559e+07 1.8054e+07 1.80522e+07 1.80504e+07 1.80486e+07 1.80467e+07
          1.80449e+07 1.8043e+07 1.80412e+07 1.80393e+07 1.80375e+07 1.80356e+07 1.80338e+07 1.8032e+07 1.80301e+07 1.80283e+07 1.80264e+07 1.80246e+07
          1.80227e+07 1.80209e+07 1.8019e+07 1.80172e+07 1.80154e+07 1.80135e+07 1.80117e+07 1.80099e+07 1.8008e+07 1.80062e+07 1.80044e+07 1.80026e+07
          1.80008e+07 1.7999e+07 1.79972e+07 1.79954e+07 1.79936e+07 1.79918e+07 1.799e+07 1.79882e+07 1.79864e+07 1.79847e+07 1.79829e+07 1.79811e+07
          1.79794e+07 1.79776e+07 1.79759e+07 1.79741e+07 1.79724e+07 1.79707e+07 1.79689e+07 1.79672e+07 1.79655e+07 1.79638e+07 1.79621e+07 1.79604e+07
          1.80753e+07 1.80736e+07 1.80719e+07 1.80702e+07 1.80685e+07 1.80668e+07 1.8065e+07 1.80633e+07 1.80615e+07 1.80598e+07 1.8058e+07 1.80562e+07
          1.80545e+07 1.80527e+07 1.80509e+07 1.80491e+07 1.80473e+07 1.80455e+07 1.80437e+07 1.80419e+07 1.804e+07 1.80382e+07 1.80364e+07 1.80346e+07
          1.80327e+07 1.80309e+07 1.8029e+07 1.80272e+07 1.80254e+07 1.80235e+07 1.80217e+07 1.80198e+07 1.8018e+07 1.80161e+07 1.80143e+07 1.80124e+07
          1.80106e+07 1.80087e+07 1.80069e+07 1.8005e+07 1.80032e+07 1.80013e+07 1.79995e+07 1.79977e+07 1.79958e+07 1.7994e+07 1.79921e+07 1.79903e+07
          1.79885e+07 1.79867e+07 1.79848e+07 1.7983e+07 1.79812e+07 1.79794e+07 1.79776e+07 1.79758e+07 1.7974e+07 1.79722e+07 1.79704e+07 1.79686e+07
          1.79668e+07 1.79651e+07 1.79633e+07 1.79615e+07 1.79598e+07 1.7958e+07 1.79563e+07 1.79545e+07 1.79528e+07 1.79511e+07 1.79493e+07 1.79476e+07
          1.79459e+07 1.79442e+07 1.79425e+07 1.79408e+07 1.8056e+07 1.80543e+07 1.80526e+07 1.80508e+07 1.80491e+07 1.80474e+07 1.80456e+07 1.80439e+07
          1.80421e+07 1.80404e+07 1.80386e+07 1.80368e+07 1.80351e+07 1.80333e+07 1.80315e+07 1.80297e+07 1.80279e+07 1.80261e+07 1.80242e+07 1.80224e+07
          1.80206e+07 1.80188e+07 1.8017e+07 1.80151e+07 1.80133e+07 1.80114e+07 1.80096e+07 1.80078e+07 1.80059e+07 1.80041e+07 1.80022e+07 1.80004e+07
          1.79985e+07 1.79966e+07 1.79948e+07 1.79929e+07 1.79911e+07 1.79892e+07 1.79874e+07 1.79855e+07 1.79837e+07 1.79818e+07 1.798e+07 1.79781e+07
          1.79763e+07 1.79745e+07 1.79726e+07 1.79708e+07 1.7969e+07 1.79671e+07 1.79653e+07 1.79635e+07 1.79617e+07 1.79598e+07 1.7958e+07 1.79562e+07
          1.79544e+07 1.79526e+07 1.79508e+07 1.79491e+07 1.79473e+07 1.79455e+07 1.79437e+07 1.7942e+07 1.79402e+07 1.79384e+07 1.79367e+07 1.7935e+07
          1.79332e+07 1.79315e+07 1.79298e+07 1.7928e+07 1.79263e+07 1.79246e+07 1.79229e+07 1.79212e+07 1.80367e+07 1.8035e+07 1.80333e+07 1.80315e+07
          1.80298e+07 1.80281e+07 1.80263e+07 1.80246e+07 1.80228e+07 1.80211e+07 1.80193e+07 1.80175e+07 1.80157e+07 1.80139e+07 1.80121e+07 1.80103e+07
          1.80085e+07 1.80067e+07 1.80049e+07 1.80031e+07 1.80012e+07 1.79994e+07 1.79976e+07 1.79957e+07 1.79939e+07 1.7992e+07 1.79902e+07 1.79883e+07
          1.79865e+07 1.79846e+07 1.79828e+07 1.79809e+07 1.79791e+07 1.79772e+07 1.79753e+07 1.79735e+07 1.79716e+07 1.79698e+07 1.79679e+07 1.79661e+07
          1.79642e+07 1.79623e+07 1.79605e+07 1.79586e+07 1.79568e+07 1.7955e+07 1.79531e+07 1.79513e+07 1.79494e+07 1.79476e+07 1.79458e+07 1.79439e+07
          1.79421e+07 1.79403e+07 1.79385e+07 1.79367e+07 1.79349e+07 1.79331e+07 1.79313e+07 1.79295e+07 1.79277e+07 1.79259e+07 1.79242e+07 1.79224e+07
          1.79206e+07 1.79189e+07 1.79171e+07 1.79154e+07 1.79136e+07 1.79119e+07 1.79102e+07 1.79085e+07 1.79067e+07 1.7905e+07 1.79033e+07 1.79016e+07
          1.80174e+07 1.80157e+07 1.8014e+07 1.80123e+07 1.80106e+07 1.80088e+07 1.80071e+07 1.80053e+07 1.80036e+07 1.80018e+07 1.8e+07 1.79982e+07
          1.79964e+07 1.79946e+07 1.79928e+07 1.7991e+07 1.79892e+07 1.79874e+07 1.79856e+07 1.79837e+07 1.79819e+07 1.79801e+07 1.79782e+07 1.79764e+07
          1.79745e+07 1.79727e+07 1.79708e+07 1.7969e+07 1.79671e+07 1.79652e+07 1.79634e+07 1.79615e+07 1.79597e+07 1.79578e+07 1.79559e+07 1.79541e+07
          1.79522e+07 1.79503e+07 1.79485e+07 1.79466e+07 1.79447e+07 1.79429e+07 1.7941e+07 1.79392e+07 1.79373e+07 1.79355e+07 1.79336e+07 1.79318e+07
          1.79299e+07 1.79281e+07 1.79263e+07 1.79244e+07 1.79226e+07 1.79208e+07 1.7919e+07 1.79172e+07 1.79154e+07 1.79136e+07 1.79118e+07 1.791e+07
          1.79082e+07 1.79064e+07 1.79046e+07 1.79028e+07 1.79011e+07 1.78993e+07 1.78976e+07 1.78958e+07 1.78941e+07 1.78923e+07 1.78906e+07 1.78889e+07
          1.78872e+07 1.78854e+07 1.78837e+07 1.7882e+07 1.79983e+07 1.79966e+07 1.79949e+07 1.79931e+07 1.79914e+07 1.79897e+07 1.79879e+07 1.79861e+07
          1.79844e+07 1.79826e+07 1.79808e+07 1.7979e+07 1.79772e+07 1.79754e+07 1.79736e+07 1.79718e+07 1.797e+07 1.79681e+07 1.79663e+07 1.79645e+07
          1.79626e+07 1.79608e+07 1.79589e+07 1.79571e+07 1.79552e+07 1.79534e+07 1.79515e+07 1.79496e+07 1.79478e+07 1.79459e+07 1.7944e+07 1.79422e+07
          1.79403e+07 1.79384e+07 1.79366e+07 1.79347e+07 1.79328e+07 1.79309e+07 1.79291e+07 1.79272e+07 1.79253e+07 1.79235e+07 1.79216e+07 1.79197e+07
          1.79179e+07 1.7916e+07 1.79142e+07 1.79123e+07 1.79105e+07 1.79086e+07 1.79068e+07 1.79049e+07 1.79031e+07 1.79013e+07 1.78995e+07 1.78976e+07
          1.78958e+07 1.7894e+07 1.78922e+07 1.78904e+07 1.78886e+07 1.78869e+07 1.78851e+07 1.78833e+07 1.78815e+07 1.78798e+07 1.7878e+07 1.78763e+07
          1.78745e+07 1.78728e+07 1.7871e+07 1.78693e+07 1.78676e+07 1.78659e+07 1.78642e+07 1.78625e+07 1.79792e+07 1.79775e+07 1.79758e+07 1.7974e+07
          1.79723e+07 1.79705e+07 1.79688e+07 1.7967e+07 1.79652e+07 1.79635e+07 1.79617e+07 1.79599e+07 1.79581e+07 1.79563e+07 1.79544e+07 1.79526e+07
          1.79508e+07 1.7949e+07 1.79471e+07 1.79453e+07 1.79434e+07 1.79416e+07 1.79397e+07 1.79378e+07 1.7936e+07 1.79341e+07 1.79322e+07 1.79304e+07
          1.79285e+07 1.79266e+07 1.79247e+07 1.79229e+07 1.7921e+07 1.79191e+07 1.79172e+07 1.79153e+07 1.79134e+07 1.79116e+07 1.79097e+07 1.79078e+07
          1.79059e+07 1.79041e+07 1.79022e+07 1.79003e+07 1.78984e+07 1.78966e+07 1.78947e+07 1.78929e+07 1.7891e+07 1.78892e+07 1.78873e+07 1.78855e+07
          1.78836e+07 1.78818e+07 1.788e+07 1.78782e+07 1.78763e+07 1.78745e+07 1.78727e+07 1.78709e+07 1.78691e+07 1.78673e+07 1.78655e+07 1.78638e+07
          1.7862e+07 1.78602e+07 1.78585e+07 1.78567e+07 1.7855e+07 1.78532e+07 1.78515e+07 1.78497e+07 1.7848e+07 1.78463e+07 1.78446e+07 1.78429e+07
          1.79602e+07 1.79585e+07 1.79568e+07 1.7955e+07 1.79533e+07 1.79515e+07 1.79497e+07 1.7948e+07 1.79462e+07 1.79444e+07 1.79426e+07 1.79408e+07
          1.7939e+07 1.79372e+07 1.79353e+07 1.79335e+07 1.79317e+07 1.79298e+07 1.7928e+07 1.79261e+07 1.79243e+07 1.79224e+07 1.79205e+07 1.79187e+07
          1.79168e+07 1.79149e+07 1.7913e+07 1.79111e+07 1.79093e+07 1.79074e+07 1.79055e+07 1.79036e+07 1.79017e+07 1.78998e+07 1.78979e+07 1.7896e+07
          1.78941e+07 1.78922e+07 1.78903e+07 1.78885e+07 1.78866e+07 1.78847e+07 1.78828e+07 1.78809e+07 1.7879e+07 1.78772e+07 1.78753e+07 1.78734e+07
          1.78716e+07 1.78697e+07 1.78679e+07 1.7866e+07 1.78642e+07 1.78623e+07 1.78605e+07 1.78587e+07 1.78568e+07 1.7855e+07 1.78532e+07 1.78514e+07
          1.78496e+07 1.78478e+07 1.7846e+07 1.78442e+07 1.78425e+07 1.78407e+07 1.78389e+07 1.78372e+07 1.78354e+07 1.78337e+07 1.78319e+07 1.78302e+07
          1.78285e+07 1.78267e+07 1.7825e+07 1.78233e+07 1.79413e+07 1.79396e+07 1.79378e+07 1.79361e+07 1.79343e+07 1.79325e+07 1.79308e+07 1.7929e+07
          1.79272e+07 1.79254e+07 1.79236e+07 1.79218e+07 1.792e+07 1.79181e+07 1.79163e+07 1.79145e+07 1.79126e+07 1.79108e+07 1.79089e+07 1.7907e+07
          1.79052e+07 1.79033e+07 1.79014e+07 1.78995e+07 1.78976e+07 1.78957e+07 1.78938e+07 1.7892e+07 1.78901e+07 1.78882e+07 1.78863e+07 1.78844e+07
          1.78824e+07 1.78805e+07 1.78786e+07 1.78767e+07 1.78748e+07 1.78729e+07 1.7871e+07 1.78691e+07 1.78672e+07 1.78653e+07 1.78634e+07 1.78616e+07
          1.78597e+07 1.78578e+07 1.78559e+07 1.7854e+07 1.78522e+07 1.78503e+07 1.78484e+07 1.78466e+07 1.78447e+07 1.78429e+07 1.7841e+07 1.78392e+07
          1.78374e+07 1.78355e+07 1.78337e+07 1.78319e+07 1.78301e+07 1.78283e+07 1.78265e+07 1.78247e+07 1.78229e+07 1.78212e+07 1.78194e+07 1.78176e+07
          1.78159e+07 1.78141e+07 1.78124e+07 1.78106e+07 1.78089e+07 1.78072e+07 1.78055e+07 1.78038e+07 1.79224e+07 1.79207e+07 1.79189e+07 1.79172e+07
          1.79154e+07 1.79137e+07 1.79119e+07 1.79101e+07 1.79083e+07 1.79065e+07 1.79047e+07 1.79028e+07 1.7901e+07 1.78992e+07 1.78973e+07 1.78955e+07
          1.78936e+07 1.78917e+07 1.78899e+07 1.7888e+07 1.78861e+07 1.78842e+07 1.78823e+07 1.78804e+07 1.78785e+07 1.78766e+07 1.78747e+07 1.78728e+07
          1.78709e+07 1.7869e+07 1.78671e+07 1.78652e+07 1.78632e+07 1.78613e+07 1.78594e+07 1.78575e+07 1.78556e+07 1.78537e+07 1.78517e+07 1.78498e+07
          1.78479e+07 1.7846e+07 1.78441e+07 1.78422e+07 1.78403e+07 1.78384e+07 1.78365e+07 1.78346e+07 1.78328e+07 1.78309e+07 1.7829e+07 1.78271e+07
          1.78253e+07 1.78234e+07 1.78216e+07 1.78197e+07 1.78179e+07 1.78161e+07 1.78142e+07 1.78124e+07 1.78106e+07 1.78088e+07 1.7807e+07 1.78052e+07
          1.78034e+07 1.78016e+07 1.77999e+07 1.77981e+07 1.77963e+07 1.77946e+07 1.77928e+07 1.77911e+07 1.77894e+07 1.77876e+07 1.77859e+07 1.77842e+07
          1.79036e+07 1.79019e+07 1.79002e+07 1.78984e+07 1.78966e+07 1.78948e+07 1.7893e+07 1.78912e+07 1.78894e+07 1.78876e+07 1.78858e+07 1.7884e+07
          1.78821e+07 1.78803e+07 1.78784e+07 1.78765e+07 1.78747e+07 1.78728e+07 1.78709e+07 1.7869e+07 1.78671e+07 1.78652e+07 1.78633e+07 1.78614e+07
          1.78595e+07 1.78576e+07 1.78556e+07 1.78537e+07 1.78518e+07 1.78499e+07 1.78479e+07 1.7846e+07 1.78441e+07 1.78421e+07 1.78402e+07 1.78383e+07
          1.78363e+07 1.78344e+07 1.78325e+07 1.78306e+07 1.78286e+07 1.78267e+07 1.78248e+07 1.78229e+07 1.7821e+07 1.78191e+07 1.78172e+07 1.78153e+07
          1.78134e+07 1.78115e+07 1.78096e+07 1.78077e+07 1.78059e+07 1.7804e+07 1.78021e+07 1.78003e+07 1.77984e+07 1.77966e+07 1.77948e+07 1.77929e+07
          1.77911e+07 1.77893e+07 1.77875e+07 1.77857e+07 1.77839e+07 1.77821e+07 1.77803e+07 1.77786e+07 1.77768e+07 1.7775e+07 1.77733e+07 1.77715e+07
          1.77698e+07 1.77681e+07 1.77664e+07 1.77646e+07 1.78849e+07 1.78832e+07 1.78814e+07 1.78797e+07 1.78779e+07 1.78761e+07 1.78743e+07 1.78725e+07
          1.78707e+07 1.78688e+07 1.7867e+07 1.78651e+07 1.78633e+07 1.78614e+07 1.78596e+07 1.78577e+07 1.78558e+07 1.78539e+07 1.7852e+07 1.78501e+07
          1.78482e+07 1.78463e+07 1.78444e+07 1.78424e+07 1.78405e+07 1.78386e+07 1.78366e+07 1.78347e+07 1.78327e+07 1.78308e+07 1.78288e+07 1.78269e+07
          1.78249e+07 1.7823e+07 1.7821e+07 1.78191e+07 1.78172e+07 1.78152e+07 1.78133e+07 1.78113e+07 1.78094e+07 1.78074e+07 1.78055e+07 1.78036e+07
          1.78017e+07 1.77997e+07 1.77978e+07 1.77959e+07 1.7794e+07 1.77921e+07 1.77902e+07 1.77883e+07 1.77864e+07 1.77846e+07 1.77827e+07 1.77808e+07
          1.7779e+07 1.77771e+07 1.77753e+07 1.77735e+07 1.77716e+07 1.77698e+07 1.7768e+07 1.77662e+07 1.77644e+07 1.77626e+07 1.77608e+07 1.7759e+07
          1.77573e+07 1.77555e+07 1.77538e+07 1.7752e+07 1.77503e+07 1.77485e+07 1.77468e+07 1.77451e+07 1.78663e+07 1.78646e+07 1.78628e+07 1.7861e+07
          1.78592e+07 1.78574e+07 1.78556e+07 1.78538e+07 1.7852e+07 1.78501e+07 1.78483e+07 1.78464e+07 1.78445e+07 1.78427e+07 1.78408e+07 1.78389e+07
          1.7837e+07 1.78351e+07 1.78332e+07 1.78312e+07 1.78293e+07 1.78274e+07 1.78254e+07 1.78235e+07 1.78216e+07 1.78196e+07 1.78176e+07 1.78157e+07
          1.78137e+07 1.78118e+07 1.78098e+07 1.78078e+07 1.78059e+07 1.78039e+07 1.78019e+07 1.78e+07 1.7798e+07 1.7796e+07 1.77941e+07 1.77921e+07
          1.77902e+07 1.77882e+07 1.77862e+07 1.77843e+07 1.77824e+07 1.77804e+07 1.77785e+07 1.77766e+07 1.77747e+07 1.77728e+07 1.77708e+07 1.77689e+07
          1.77671e+07 1.77652e+07 1.77633e+07 1.77614e+07 1.77596e+07 1.77577e+07 1.77558e+07 1.7754e+07 1.77522e+07 1.77503e+07 1.77485e+07 1.77467e+07
          1.77449e+07 1.77431e+07 1.77413e+07 1.77395e+07 1.77377e+07 1.7736e+07 1.77342e+07 1.77325e+07 1.77307e+07 1.7729e+07 1.77272e+07 1.77255e+07
          1.78478e+07 1.7846e+07 1.78442e+07 1.78424e+07 1.78406e+07 1.78388e+07 1.7837e+07 1.78352e+07 1.78333e+07 1.78315e+07 1.78296e+07 1.78277e+07
          1.78259e+07 1.7824e+07 1.78221e+07 1.78202e+07 1.78183e+07 1.78163e+07 1.78144e+07 1.78125e+07 1.78105e+07 1.78086e+07 1.78066e+07 1.78046e+07
          1.78027e+07 1.78007e+07 1.77987e+07 1.77967e+07 1.77948e+07 1.77928e+07 1.77908e+07 1.77888e+07 1.77868e+07 1.77848e+07 1.77828e+07 1.77808e+07
          1.77789e+07 1.77769e+07 1.77749e+07 1.77729e+07 1.77709e+07 1.7769e+07 1.7767e+07 1.7765e+07 1.77631e+07 1.77611e+07 1.77592e+07 1.77573e+07
          1.77553e+07 1.77534e+07 1.77515e+07 1.77496e+07 1.77477e+07 1.77458e+07 1.77439e+07 1.7742e+07 1.77401e+07 1.77382e+07 1.77364e+07 1.77345e+07
          1.77327e+07 1.77309e+07 1.7729e+07 1.77272e+07 1.77254e+07 1.77236e+07 1.77218e+07 1.772e+07 1.77182e+07 1.77165e+07 1.77147e+07 1.77129e+07
          1.77112e+07 1.77094e+07 1.77077e+07 1.7706e+07 1.78293e+07 1.78275e+07 1.78258e+07 1.7824e+07 1.78221e+07 1.78203e+07 1.78185e+07 1.78166e+07
          1.78148e+07 1.78129e+07 1.7811e+07 1.78092e+07 1.78073e+07 1.78054e+07 1.78034e+07 1.78015e+07 1.77996e+07 1.77976e+07 1.77957e+07 1.77937e+07
          1.77918e+07 1.77898e+07 1.77878e+07 1.77858e+07 1.77838e+07 1.77819e+07 1.77799e+07 1.77778e+07 1.77758e+07 1.77738e+07 1.77718e+07 1.77698e+07
          1.77678e+07 1.77658e+07 1.77638e+07 1.77618e+07 1.77598e+07 1.77578e+07 1.77558e+07 1.77538e+07 1.77518e+07 1.77498e+07 1.77478e+07 1.77458e+07
          1.77438e+07 1.77419e+07 1.77399e+07 1.77379e+07 1.7736e+07 1.77341e+07 1.77321e+07 1.77302e+07 1.77283e+07 1.77264e+07 1.77245e+07 1.77226e+07
          1.77207e+07 1.77188e+07 1.77169e+07 1.77151e+07 1.77132e+07 1.77114e+07 1.77095e+07 1.77077e+07 1.77059e+07 1.77041e+07 1.77023e+07 1.77005e+07
          1.76987e+07 1.76969e+07 1.76952e+07 1.76934e+07 1.76916e+07 1.76899e+07 1.76882e+07 1.76864e+07 1.78109e+07 1.78092e+07 1.78074e+07 1.78056e+07
          1.78037e+07 1.78019e+07 1.78e+07 1.77982e+07 1.77963e+07 1.77944e+07 1.77926e+07 1.77906e+07 1.77887e+07 1.77868e+07 1.77849e+07 1.77829e+07
          1.7781e+07 1.7779e+07 1.77771e+07 1.77751e+07 1.77731e+07 1.77711e+07 1.77691e+07 1.77671e+07 1.77651e+07 1.77631e+07 1.7761e+07 1.7759e+07
          1.7757e+07 1.77549e+07 1.77529e+07 1.77509e+07 1.77488e+07 1.77468e+07 1.77448e+07 1.77427e+07 1.77407e+07 1.77387e+07 1.77366e+07 1.77346e+07
          1.77326e+07 1.77306e+07 1.77286e+07 1.77266e+07 1.77246e+07 1.77226e+07 1.77206e+07 1.77186e+07 1.77167e+07 1.77147e+07 1.77128e+07 1.77108e+07
          1.77089e+07 1.7707e+07 1.77051e+07 1.77032e+07 1.77013e+07 1.76994e+07 1.76975e+07 1.76956e+07 1.76938e+07 1.76919e+07 1.76901e+07 1.76882e+07
          1.76864e+07 1.76846e+07 1.76828e+07 1.7681e+07 1.76792e+07 1.76774e+07 1.76756e+07 1.76739e+07 1.76721e+07 1.76703e+07 1.76686e+07 1.76669e+07
          1.77927e+07 1.77909e+07 1.77891e+07 1.77872e+07 1.77854e+07 1.77835e+07 1.77817e+07 1.77798e+07 1.77779e+07 1.7776e+07 1.77741e+07 1.77722e+07
          1.77703e+07 1.77684e+07 1.77664e+07 1.77644e+07 1.77625e+07 1.77605e+07 1.77585e+07 1.77565e+07 1.77545e+07 1.77525e+07 1.77504e+07 1.77484e+07
          1.77464e+07 1.77443e+07 1.77423e+07 1.77402e+07 1.77382e+07 1.77361e+07 1.7734e+07 1.7732e+07 1.77299e+07 1.77278e+07 1.77258e+07 1.77237e+07
          1.77217e+07 1.77196e+07 1.77175e+07 1.77155e+07 1.77135e+07 1.77114e+07 1.77094e+07 1.77074e+07 1.77054e+07 1.77033e+07 1.77013e+07 1.76994e+07
          1.76974e+07 1.76954e+07 1.76934e+07 1.76915e+07 1.76895e+07 1.76876e+07 1.76857e+07 1.76837e+07 1.76818e+07 1.76799e+07 1.76781e+07 1.76762e+07
          1.76743e+07 1.76724e+07 1.76706e+07 1.76687e+07 1.76669e+07 1.76651e+07 1.76633e+07 1.76615e+07 1.76597e+07 1.76579e+07 1.76561e+07 1.76543e+07
          1.76526e+07 1.76508e+07 1.76491e+07 1.76473e+07 1.77745e+07 1.77726e+07 1.77708e+07 1.7769e+07 1.77671e+07 1.77653e+07 1.77634e+07 1.77615e+07
          1.77596e+07 1.77577e+07 1.77558e+07 1.77539e+07 1.77519e+07 1.775e+07 1.7748e+07 1.7746e+07 1.7744e+07 1.7742e+07 1.774e+07 1.7738e+07
          1.7736e+07 1.77339e+07 1.77319e+07 1.77298e+07 1.77277e+07 1.77257e+07 1.77236e+07 1.77215e+07 1.77194e+07 1.77173e+07 1.77152e+07 1.77131e+07
          1.7711e+07 1.77089e+07 1.77068e+07 1.77047e+07 1.77026e+07 1.77006e+07 1.76985e+07 1.76964e+07 1.76943e+07 1.76923e+07 1.76902e+07 1.76882e+07
          1.76861e+07 1.76841e+07 1.76821e+07 1.76801e+07 1.76781e+07 1.76761e+07 1.76741e+07 1.76721e+07 1.76702e+07 1.76682e+07 1.76663e+07 1.76643e+07
          1.76624e+07 1.76605e+07 1.76586e+07 1.76567e+07 1.76548e+07 1.7653e+07 1.76511e+07 1.76493e+07 1.76474e+07 1.76456e+07 1.76438e+07 1.76419e+07
          1.76401e+07 1.76383e+07 1.76366e+07 1.76348e+07 1.7633e+07 1.76313e+07 1.76295e+07 1.76278e+07 1.77563e+07 1.77545e+07 1.77527e+07 1.77508e+07
          1.7749e+07 1.77471e+07 1.77452e+07 1.77433e+07 1.77414e+07 1.77395e+07 1.77376e+07 1.77356e+07 1.77336e+07 1.77317e+07 1.77297e+07 1.77277e+07
          1.77257e+07 1.77236e+07 1.77216e+07 1.77196e+07 1.77175e+07 1.77154e+07 1.77133e+07 1.77113e+07 1.77092e+07 1.7707e+07 1.77049e+07 1.77028e+07
          1.77007e+07 1.76986e+07 1.76964e+07 1.76943e+07 1.76922e+07 1.769e+07 1.76879e+07 1.76858e+07 1.76837e+07 1.76815e+07 1.76794e+07 1.76773e+07
          1.76752e+07 1.76731e+07 1.7671e+07 1.7669e+07 1.76669e+07 1.76649e+07 1.76628e+07 1.76608e+07 1.76588e+07 1.76567e+07 1.76547e+07 1.76528e+07
          1.76508e+07 1.76488e+07 1.76469e+07 1.76449e+07 1.7643e+07 1.76411e+07 1.76392e+07 1.76373e+07 1.76354e+07 1.76335e+07 1.76316e+07 1.76298e+07
          1.76279e+07 1.76261e+07 1.76242e+07 1.76224e+07 1.76206e+07 1.76188e+07 1.7617e+07 1.76152e+07 1.76135e+07 1.76117e+07 1.761e+07 1.76082e+07
          1.77383e+07 1.77365e+07 1.77347e+07 1.77328e+07 1.77309e+07 1.7729e+07 1.77271e+07 1.77252e+07 1.77233e+07 1.77214e+07 1.77194e+07 1.77174e+07
          1.77155e+07 1.77135e+07 1.77115e+07 1.77094e+07 1.77074e+07 1.77053e+07 1.77033e+07 1.77012e+07 1.76991e+07 1.7697e+07 1.76949e+07 1.76928e+07
          1.76906e+07 1.76885e+07 1.76864e+07 1.76842e+07 1.7682e+07 1.76799e+07 1.76777e+07 1.76755e+07 1.76734e+07 1.76712e+07 1.7669e+07 1.76669e+07
          1.76647e+07 1.76625e+07 1.76604e+07 1.76582e+07 1.76561e+07 1.7654e+07 1.76519e+07 1.76498e+07 1.76477e+07 1.76456e+07 1.76435e+07 1.76415e+07
          1.76394e+07 1.76374e+07 1.76354e+07 1.76334e+07 1.76314e+07 1.76294e+07 1.76275e+07 1.76255e+07 1.76236e+07 1.76216e+07 1.76197e+07 1.76178e+07
          1.76159e+07 1.7614e+07 1.76121e+07 1.76103e+07 1.76084e+07 1.76066e+07 1.76047e+07 1.76029e+07 1.76011e+07 1.75993e+07 1.75975e+07 1.75957e+07
          1.75939e+07 1.75922e+07 1.75904e+07 1.75886e+07 1.77204e+07 1.77186e+07 1.77167e+07 1.77148e+07 1.7713e+07 1.77111e+07 1.77092e+07 1.77072e+07
          1.77053e+07 1.77033e+07 1.77014e+07 1.76994e+07 1.76974e+07 1.76954e+07 1.76933e+07 1.76913e+07 1.76892e+07 1.76871e+07 1.7685e+07 1.76829e+07
          1.76808e+07 1.76787e+07 1.76765e+07 1.76744e+07 1.76722e+07 1.767e+07 1.76679e+07 1.76657e+07 1.76635e+07 1.76612e+07 1.7659e+07 1.76568e+07
          1.76546e+07 1.76524e+07 1.76502e+07 1.7648e+07 1.76458e+07 1.76436e+07 1.76414e+07 1.76392e+07 1.7637e+07 1.76349e+07 1.76327e+07 1.76306e+07
          1.76285e+07 1.76264e+07 1.76243e+07 1.76222e+07 1.76201e+07 1.76181e+07 1.7616e+07 1.7614e+07 1.7612e+07 1.761e+07 1.7608e+07 1.76061e+07
          1.76041e+07 1.76022e+07 1.76002e+07 1.75983e+07 1.75964e+07 1.75945e+07 1.75926e+07 1.75908e+07 1.75889e+07 1.7587e+07 1.75852e+07 1.75834e+07
          1.75816e+07 1.75797e+07 1.75779e+07 1.75762e+07 1.75744e+07 1.75726e+07 1.75708e+07 1.75691e+07 1.77026e+07 1.77007e+07 1.76988e+07 1.7697e+07
          1.76951e+07 1.76932e+07 1.76913e+07 1.76893e+07 1.76874e+07 1.76854e+07 1.76834e+07 1.76814e+07 1.76794e+07 1.76773e+07 1.76753e+07 1.76732e+07
          1.76711e+07 1.7669e+07 1.76669e+07 1.76648e+07 1.76626e+07 1.76605e+07 1.76583e+07 1.76561e+07 1.76539e+07 1.76517e+07 1.76494e+07 1.76472e+07
          1.76449e+07 1.76427e+07 1.76404e+07 1.76381e+07 1.76359e+07 1.76336e+07 1.76313e+07 1.76291e+07 1.76268e+07 1.76246e+07 1.76223e+07 1.76201e+07
          1.76179e+07 1.76157e+07 1.76135e+07 1.76114e+07 1.76092e+07 1.76071e+07 1.7605e+07 1.76029e+07 1.76008e+07 1.75987e+07 1.75967e+07 1.75946e+07
          1.75926e+07 1.75906e+07 1.75886e+07 1.75866e+07 1.75847e+07 1.75827e+07 1.75808e+07 1.75788e+07 1.75769e+07 1.7575e+07 1.75731e+07 1.75712e+07
          1.75694e+07 1.75675e+07 1.75657e+07 1.75638e+07 1.7562e+07 1.75602e+07 1.75584e+07 1.75566e+07 1.75548e+07 1.7553e+07 1.75513e+07 1.75495e+07
          1.76848e+07 1.7683e+07 1.76811e+07 1.76792e+07 1.76773e+07 1.76754e+07 1.76735e+07 1.76715e+07 1.76696e+07 1.76676e+07 1.76656e+07 1.76635e+07
          1.76615e+07 1.76594e+07 1.76574e+07 1.76553e+07 1.76532e+07 1.7651e+07 1.76489e+07 1.76467e+07 1.76445e+07 1.76423e+07 1.76401e+07 1.76379e+07
          1.76356e+07 1.76334e+07 1.76311e+07 1.76288e+07 1.76265e+07 1.76242e+07 1.76218e+07 1.76195e+07 1.76172e+07 1.76149e+07 1.76125e+07 1.76102e+07
          1.76079e+07 1.76056e+07 1.76033e+07 1.76011e+07 1.75988e+07 1.75966e+07 1.75944e+07 1.75922e+07 1.759e+07 1.75878e+07 1.75857e+07 1.75836e+07
          1.75815e+07 1.75794e+07 1.75773e+07 1.75752e+07 1.75732e+07 1.75712e+07 1.75692e+07 1.75672e+07 1.75652e+07 1.75632e+07 1.75613e+07 1.75593e+07
          1.75574e+07 1.75555e+07 1.75536e+07 1.75517e+07 1.75498e+07 1.7548e+07 1.75461e+07 1.75443e+07 1.75425e+07 1.75406e+07 1.75388e+07 1.7537e+07
          1.75353e+07 1.75335e+07 1.75317e+07 1.75299e+07 1.76672e+07 1.76653e+07 1.76633e+07 1.76614e+07 1.76596e+07 1.76577e+07 1.76558e+07 1.76538e+07
          1.76519e+07 1.76499e+07 1.76478e+07 1.76458e+07 1.76437e+07 1.76416e+07 1.76395e+07 1.76374e+07 1.76353e+07 1.76332e+07 1.7631e+07 1.76288e+07
          1.76266e+07 1.76243e+07 1.7622e+07 1.76198e+07 1.76175e+07 1.76152e+07 1.76128e+07 1.76105e+07 1.76081e+07 1.76057e+07 1.76033e+07 1.76009e+07
          1.75985e+07 1.75961e+07 1.75938e+07 1.75914e+07 1.7589e+07 1.75866e+07 1.75843e+07 1.7582e+07 1.75797e+07 1.75774e+07 1.75752e+07 1.75729e+07
          1.75707e+07 1.75685e+07 1.75664e+07 1.75642e+07 1.75621e+07 1.756e+07 1.75579e+07 1.75558e+07 1.75538e+07 1.75517e+07 1.75497e+07 1.75477e+07
          1.75457e+07 1.75437e+07 1.75418e+07 1.75398e+07 1.75379e+07 1.7536e+07 1.75341e+07 1.75322e+07 1.75303e+07 1.75284e+07 1.75266e+07 1.75247e+07
          1.75229e+07 1.75211e+07 1.75193e+07 1.75175e+07 1.75157e+07 1.75139e+07 1.75121e+07 1.75104e+07 1.76495e+07 1.76474e+07 1.76455e+07 1.76437e+07
          1.76419e+07 1.76401e+07 1.76383e+07 1.76364e+07 1.76344e+07 1.76323e+07 1.76302e+07 1.76281e+07 1.76259e+07 1.76239e+07 1.76218e+07 1.76197e+07
          1.76176e+07 1.76154e+07 1.76132e+07 1.7611e+07 1.76087e+07 1.76064e+07 1.76041e+07 1.76018e+07 1.75994e+07 1.75971e+07 1.75947e+07 1.75923e+07
          1.75898e+07 1.75874e+07 1.75849e+07 1.75824e+07 1.75799e+07 1.75775e+07 1.7575e+07 1.75725e+07 1.75701e+07 1.75676e+07 1.75652e+07 1.75629e+07
          1.75605e+07 1.75582e+07 1.75559e+07 1.75536e+07 1.75514e+07 1.75492e+07 1.7547e+07 1.75448e+07 1.75427e+07 1.75406e+07 1.75384e+07 1.75364e+07
          1.75343e+07 1.75322e+07 1.75302e+07 1.75282e+07 1.75262e+07 1.75242e+07 1.75223e+07 1.75203e+07 1.75184e+07 1.75164e+07 1.75145e+07 1.75126e+07
          1.75108e+07 1.75089e+07 1.7507e+07 1.75052e+07 1.75033e+07 1.75015e+07 1.74997e+07 1.74979e+07 1.74961e+07 1.74943e+07 1.74926e+07 1.74908e+07
          1.76454e+07 1.76424e+07 1.76392e+07 1.7636e+07 1.76326e+07 1.76291e+07 1.76256e+07 1.76219e+07 1.76183e+07 1.76151e+07 1.76125e+07 1.76102e+07
          1.76082e+07 1.76061e+07 1.76041e+07 1.76021e+07 1.76001e+07 1.75979e+07 1.75957e+07 1.75934e+07 1.7591e+07 1.75886e+07 1.75862e+07 1.75839e+07
          1.75815e+07 1.75791e+07 1.75767e+07 1.75742e+07 1.75717e+07 1.75691e+07 1.75665e+07 1.7564e+07 1.75614e+07 1.75588e+07 1.75562e+07 1.75537e+07
          1.75511e+07 1.75486e+07 1.75461e+07 1.75437e+07 1.75413e+07 1.75389e+07 1.75366e+07 1.75343e+07 1.7532e+07 1.75298e+07 1.75276e+07 1.75254e+07
          1.75232e+07 1.75211e+07 1.7519e+07 1.75169e+07 1.75148e+07 1.75127e+07 1.75107e+07 1.75087e+07 1.75067e+07 1.75047e+07 1.75027e+07 1.75008e+07
          1.74988e+07 1.74969e+07 1.7495e+07 1.74931e+07 1.74912e+07 1.74893e+07 1.74875e+07 1.74856e+07 1.74838e+07 1.74819e+07 1.74801e+07 1.74783e+07
          1.74765e+07 1.74747e+07 1.7473e+07 1.74712e+07 1.7642e+07 1.76387e+07 1.76354e+07 1.76321e+07 1.76287e+07 1.76253e+07 1.76218e+07 1.76184e+07
          1.7615e+07 1.76117e+07 1.76085e+07 1.76053e+07 1.7602e+07 1.75985e+07 1.75949e+07 1.75911e+07 1.75873e+07 1.75833e+07 1.75794e+07 1.7576e+07
          1.75731e+07 1.75706e+07 1.75683e+07 1.7566e+07 1.75637e+07 1.75614e+07 1.7559e+07 1.75564e+07 1.75537e+07 1.75509e+07 1.75482e+07 1.75456e+07
          1.75429e+07 1.75402e+07 1.75375e+07 1.75348e+07 1.75321e+07 1.75295e+07 1.7527e+07 1.75245e+07 1.7522e+07 1.75196e+07 1.75172e+07 1.75149e+07
          1.75126e+07 1.75104e+07 1.75081e+07 1.75059e+07 1.75038e+07 1.75016e+07 1.74995e+07 1.74974e+07 1.74953e+07 1.74932e+07 1.74912e+07 1.74891e+07
          1.74871e+07 1.74851e+07 1.74832e+07 1.74812e+07 1.74793e+07 1.74773e+07 1.74754e+07 1.74735e+07 1.74716e+07 1.74697e+07 1.74679e+07 1.7466e+07
          1.74642e+07 1.74624e+07 1.74605e+07 1.74587e+07 1.74569e+07 1.74551e+07 1.74534e+07 1.74516e+07 1.76387e+07 1.76354e+07 1.76321e+07 1.76287e+07
          1.76254e+07 1.7622e+07 1.76186e+07 1.76152e+07 1.76118e+07 1.76084e+07 1.7605e+07 1.76015e+07 1.7598e+07 1.75944e+07 1.75908e+07 1.75871e+07
          1.75834e+07 1.75797e+07 1.75761e+07 1.75725e+07 1.75689e+07 1.75653e+07 1.75615e+07 1.75574e+07 1.75531e+07 1.75486e+07 1.7544e+07 1.75394e+07
          1.75355e+07 1.75324e+07 1.75298e+07 1.75272e+07 1.75247e+07 1.75218e+07 1.75186e+07 1.75157e+07 1.75129e+07 1.75102e+07 1.75076e+07 1.75051e+07
          1.75026e+07 1.75002e+07 1.74978e+07 1.74954e+07 1.74931e+07 1.74909e+07 1.74886e+07 1.74864e+07 1.74842e+07 1.74821e+07 1.74799e+07 1.74778e+07
          1.74757e+07 1.74737e+07 1.74716e+07 1.74696e+07 1.74676e+07 1.74656e+07 1.74636e+07 1.74616e+07 1.74597e+07 1.74577e+07 1.74558e+07 1.74539e+07
          1.7452e+07 1.74501e+07 1.74483e+07 1.74464e+07 1.74446e+07 1.74428e+07 1.74409e+07 1.74391e+07 1.74373e+07 1.74355e+07 1.74338e+07 1.7432e+07
          1.76344e+07 1.76311e+07 1.76278e+07 1.76245e+07 1.76211e+07 1.76177e+07 1.76144e+07 1.7611e+07 1.76076e+07 1.76041e+07 1.76007e+07 1.75972e+07
          1.75937e+07 1.75901e+07 1.75865e+07 1.75829e+07 1.75792e+07 1.75755e+07 1.75719e+07 1.75682e+07 1.75644e+07 1.75606e+07 1.75566e+07 1.75525e+07
          1.75483e+07 1.7544e+07 1.75397e+07 1.75355e+07 1.75315e+07 1.75273e+07 1.75224e+07 1.75165e+07 1.7509e+07 1.75023e+07 1.74991e+07 1.74963e+07
          1.74934e+07 1.74907e+07 1.74881e+07 1.74856e+07 1.74831e+07 1.74806e+07 1.74782e+07 1.74759e+07 1.74736e+07 1.74713e+07 1.7469e+07 1.74668e+07
          1.74646e+07 1.74625e+07 1.74603e+07 1.74582e+07 1.74561e+07 1.74541e+07 1.7452e+07 1.745e+07 1.7448e+07 1.7446e+07 1.7444e+07 1.7442e+07
          1.74401e+07 1.74381e+07 1.74362e+07 1.74343e+07 1.74324e+07 1.74305e+07 1.74287e+07 1.74268e+07 1.7425e+07 1.74231e+07 1.74213e+07 1.74195e+07
          1.74177e+07 1.74159e+07 1.74142e+07 1.74124e+07
        </DataArray>
        <DataArray type="Float32" Name="rho_liq" NumberOfComponents="1" format="ascii">
          999.732 999.732 999.732 999.732 999.732 999.732 999.732 999.732 999.732 999.732 999.732 999.732
          999.732 999.732 999.732 999.732 999.732 999.732 999.732 999.732 999.732 999.732 999.732 999.732
          999.732 999.732 999.732 999.732 999.732 999.732 999.732 999.732 999.732 999.732 999.732 999.732
          999.732 999.732 999.732 999.732 999.732 999.732 999.732 999.732 999.732 999.732 999.732 999.732
          999.732 999.732 999.732 999.732 999.732 999.732 999.732 999.732 999.732 999.732 999.732 999.732
          999.732 999.732 999.732 999.732 999.732 999.732 999.732 999.732 999.732 999.732 999.732 999.732
          999.732 999.732 999.732 999.732 999.732 999.732 999.732 999.732 999.732 999.732 999.732 999.732
          999.732 999.732 999.732 999.732 999.732 999.732 999.732 999.732 999.732 999.732 999.732 999.732
          999.732 999.732 999.732 999.732 999.732 999.732 999.732 999.732 999.732 999.732 999.732 999.732
          999.732 999.732 999.732 999.732 999.732 999.732 999.732 999.732 999.732 999.732 999.732 999.732
          999.732 999.732 999.732 999.732 999.732 999.732 999.732 999.732 999.732 999.732 999.732 999.732
          999.732 999.732 999.732 999.732 999.732 999.732 999.732 999.732 999.732 999.732 999.732 999.732
          999.732 999.732 999.732 999.732 999.732 999.732 999.732 999.732 999.732 999.732 999.732 999.732
          999.732 999.732 999.732 999.732 999.732 999.732 999.732 999.732 999.732 999.732 999.732 999.732
          999.732 999.732 999.732 999.732 999.732 999.732 999.732 999.732 999.732 999.732 999.732 999.732
          999.732 999.732 999.732 999.732 999.732 999.732 999.732 999.732 999.732 999.732 999.732 999.732
          999.732 999.732 999.732 999.732 999.732 999.732 999.732 999.732 999.732 999.732 999.732 999.732
          999.732 999.732 999.732 999.732 999.732 999.732 999.732 999.732 999.732 999.732 999.732 999.732
          999.732 999.732 999.732 999.732 999.732 999.732 999.732 999.732 999.732 999.732 999.732 999.732
          999.732 999.732 999.732 999.732 999.732 999.732 999.732 999.732 999.732 999.732 999.732 999.732
          999.732 999.732 999.732 999.732 999.732 999.732 999.732 999.732 999.732 999.732 999.732 999.732
          999.732 999.732 999.732 999.732 999.732 999.732 999.732 999.732 999.732 999.732 999.732 999.732
          999.732 999.732 999.732 999.732 999.732 999.732 999.732 999.732 999.732 999.732 999.732 999.732
          999.732 999.732 999.732 999.732 999.732 999.732 999.732 999.732 999.732 999.732 999.732 999.732
          999.732 999.732 999.732 999.732 999.732 999.732 999.732 999.732 999.732 999.732 999.732 999.732
          999.732 999.732 999.732 999.732 999.733 999.733 999.733 999.733 999.733 999.733 999.733 999.733
          999.733 999.733 999.733 999.733 999.733 999.733 999.733 999.733 999.733 999.733 999.733 999.733
          999.733 999.733 999.733 999.733 999.733 999.733 999.733 999.733 999.733 999.733 999.733 999.733
          999.733 999.733 999.733 999.733 999.733 999.733 999.733 999.733 999.733 999.733 999.733 999.733
          999.733 999.733 999.733 999.733 999.733 999.733 999.733 999.733 999.733 999.733 999.733 999.733
          999.733 999.733 999.733 999.733 999.733 999.733 999.733 999.733 999.733 999.733 999.733 999.733
          999.733 999.733 999.733 999.733 999.733 999.733 999.733 999.733 999.733 999.733 999.733 999.733
          999.733 999.733 999.733 999.733 999.733 999.733 999.733 999.733 999.733 999.733 999.733 999.733
          999.733 999.733 999.733 999.733 999.733 999.733 999.733 999.733 999.733 999.733 999.733 999.733
          999.733 999.733 999.733 999.733 999.733 999.733 999.733 999.733 999.733 999.733 999.733 999.733
          999.733 999.733 999.733 999.733 999.733 999.733 999.733 999.733 999.733 999.733 999.733 999.733
          999.733 999.733 999.733 999.733 999.733 999.733 999.733 999.733 999.733 999.733 999.733 999.733
          999.733 999.733 999.733 999.733 999.733 999.733 999.733 999.733 999.733 999.733 999.733 999.733
          999.733 999.733 999.733 999.733 999.733 999.733 999.733 999.733 999.733 999.733 999.733 999.733
          999.733 999.733 999.733 999.733 999.733 999.733 999.733 999.733 999.733 999.733 999.733 999.733
          999.733 999.733 999.733 999.733 999.733 999.733 999.733 999.733 999.733 999.733 999.733 999.733
          999.733 999.733 999.733 999.733 999.733 999.733 999.733 999.733 999.733 999.733 999.733 999.733
          999.733 999.733 999.733 999.733 999.733 999.733 999.733 999.733 999.733 999.733 999.733 999.733
          999.733 999.733 999.733 999.733 999.733 999.733 999.733 999.733 999.733 999.733 999.733 999.733
          999.733 999.733 999.733 999.733 999.734 999.734 999.734 999.734 999.734 999.734 999.734 999.734
          999.734 999.734 999.734 999.734 999.734 999.734 999.734 999.734 999.734 999.734 999.734 999.734
          999.734 999.734 999.734 999.734 999.734 999.734 999.734 999.734 999.734 999.734 999.734 999.734
          999.734 999.734 999.734 999.734 999.734 999.734 999.734 999.734 999.734 999.734 999.734 999.734
          999.734 999.734 999.734 999.734 999.734 999.734 999.734 999.734 999.734 999.734 999.734 999.734
          999.734 999.734 999.734 999.734 999.734 999.734 999.734 999.733 999.733 999.733 999.733 999.733
          999.733 999.733 999.733 999.733 999.733 999.733 999.733 999.733 999.734 999.734 999.734 999.734
          999.734 999.734 999.734 999.734 999.734 999.734 999.734 999.734 999.734 999.734 999.734 999.734
          999.734 999.734 999.734 999.734 999.734 999.734 999.734 999.734 999.734 999.734 999.734 999.734
          999.734 999.734 999.734 999.734 999.734 999.734 999.734 999.734 999.734 999.734 999.734 999.734
          999.734 999.734 999.734 999.734 999.734 999.734 999.734 999.734 999.734 999.734 999.734 999.734
          999.734 999.734 999.734 999.734 999.734 999.734 999.734 999.734 999.734 999.734 999.734 999.734
          999.734 999.734 999.734 999.734 999.734 999.734 999.734 999.734 999.734 999.734 999.734 999.734
          999.734 999.734 999.734 999.734 999.734 999.734 999.734 999.734 999.734 999.734 999.734 999.734
          999.734 999.734 999.734 999.734 999.734 999.734 999.734 999.734 999.734 999.734 999.734 999.734
          999.734 999.734 999.734 999.734 999.734 999.734 999.734 999.734 999.734 999.734 999.734 999.734
          999.734 999.734 999.734 999.734 999.734 999.734 999.734 999.734 999.734 999.734 999.734 999.734
          999.734 999.734 999.734 999.734 999.734 999.734 999.734 999.734 999.734 999.734 999.734 999.734
          999.734 999.734 999.734 999.734 999.734 999.734 999.734 999.734 999.734 999.734 999.734 999.734
          999.734 999.734 999.734 999.734 999.734 999.734 999.734 999.734 999.734 999.734 999.734 999.734
          999.734 999.734 999.734 999.734 999.734 999.734 999.734 999.734 999.734 999.734 999.734 999.734
          999.734 999.734 999.734 999.734 999.734 999.734 999.734 999.734 999.734 999.734 999.734 999.734
          999.734 999.734 999.734 999.734 999.734 999.734 999.734 999.734 999.734 999.734 999.734 999.734
          999.734 999.734 999.734 999.734 999.734 999.734 999.734 999.734 999.734 999.734 999.734 999.734
          999.734 999.734 999.734 999.734 999.734 999.734 999.734 999.734 999.734 999.734 999.734 999.734
          999.734 999.734 999.734 999.734 999.734 999.734 999.734 999.734 999.735 999.735 999.735 999.735
          999.735 999.735 999.735 999.735 999.735 999.735 999.735 999.735 999.735 999.735 999.735 999.735
          999.735 999.735 999.735 999.735 999.735 999.735 999.735 999.735 999.735 999.735 999.735 999.735
          999.735 999.735 999.735 999.735 999.735 999.735 999.735 999.735 999.735 999.735 999.735 999.735
          999.735 999.735 999.735 999.735 999.735 999.735 999.735 999.735 999.734 999.734 999.734 999.734
          999.734 999.734 999.734 999.734 999.734 999.734 999.734 999.734 999.734 999.734 999.734 999.734
          999.734 999.734 999.734 999.734 999.734 999.734 999.734 999.734 999.734 999.734 999.734 999.734
          999.735 999.735 999.735 999.735 999.735 999.735 999.735 999.735 999.735 999.735 999.735 999.735
          999.735 999.735 999.735 999.735 999.735 999.735 999.735 999.735 999.735 999.735 999.735 999.735
          999.735 999.735 999.735 999.735 999.735 999.735 999.735 999.735 999.735 999.735 999.735 999.735
          999.735 999.735 999.735 999.735 999.735 999.735 999.735 999.735 999.735 999.735 999.735 999.735
          999.735 999.735 999.735 999.735 999.735 999.735 999.735 999.735 999.735 999.735 999.735 999.735
          999.735 999.735 999.735 999.735 999.735 999.735 999.735 999.735 999.735 999.735 999.735 999.735
          999.735 999.735 999.735 999.735 999.735 999.735 999.735 999.735 999.735 999.735 999.735 999.735
          999.735 999.735 999.735 999.735 999.735 999.735 999.735 999.735 999.735 999.735 999.735 999.735
          999.735 999.735 999.735 999.735 999.735 999.735 999.735 999.735 999.735 999.735 999.735 999.735
          999.735 999.735 999.735 999.735 999.735 999.735 999.735 999.735 999.735 999.735 999.735 999.735
          999.735 999.735 999.735 999.735 999.735 999.735 999.735 999.735 999.735 999.735 999.735 999.735
          999.735 999.735 999.735 999.735 999.735 999.735 999.735 999.735 999.735 999.735 999.735 999.735
          999.735 999.735 999.735 999.735 999.735 999.735 999.735 999.735 999.735 999.735 999.735 999.735
          999.735 999.735 999.735 999.735 999.735 999.735 999.735 999.735 999.735 999.735 999.735 999.735
          999.735 999.735 999.735 999.735 999.735 999.735 999.735 999.735 999.735 999.735 999.735 999.735
          999.735 999.735 999.735 999.735 999.735 999.735 999.735 999.735 999.735 999.735 999.735 999.735
          999.735 999.735 999.735 999.735 999.735 999.735 999.735 999.735 999.735 999.735 999.735 999.735
          999.735 999.735 999.735 999.735 999.735 999.735 999.735 999.735 999.735 999.735 999.735 999.735
          999.735 999.735 999.735 999.735 999.735 999.735 999.735 999.735 999.735 999.735 999.735 999.735
          999.736 999.736 999.736 999.736 999.736 999.736 999.736 999.736 999.736 999.736 999.736 999.736
          999.736 999.736 999.736 999.736 999.736 999.736 999.736 999.736 999.736 999.736 999.736 999.736
          999.736 999.736 999.736 999.736 999.736 999.736 999.736 999.736 999.736 999.736 999.736 999.736
          999.736 999.736 999.736 999.736 999.736 999.736 999.736 999.736 999.736 999.736 999.736 999.736
          999.736 999.736 999.736 999.736 999.736 999.736 999.736 999.736 999.736 999.736 999.736 999.736
          999.736 999.736 999.736 999.736 999.736 999.736 999.736 999.736 999.736 999.736 999.736 999.736
          999.736 999.736 999.736 999.736 999.736 999.736 999.736 999.736 999.736 999.736 999.736 999.736
          999.736 999.736 999.736 999.736 999.736 999.736 999.736 999.736 999.736 999.736 999.736 999.736
          999.736 999.736 999.736 999.736 999.736 999.736 999.736 999.736 999.736 999.736 999.736 999.736
          999.736 999.736 999.736 999.736 999.736 999.736 999.736 999.736 999.736 999.736 999.736 999.736
          999.736 999.736 999.736 999.736 999.736 999.736 999.736 999.736 999.736 999.736 999.736 999.736
          999.736 999.736 999.736 999.736 999.736 999.736 999.736 999.736 999.736 999.736 999.736 999.736
          999.736 999.736 999.736 999.736 999.736 999.736 999.736 999.736 999.736 999.736 999.736 999.736
          999.736 999.736 999.736 999.736 999.736 999.736 999.736 999.736 999.736 999.736 999.736 999.736
          999.736 999.736 999.736 999.736 999.736 999.736 999.736 999.736 999.736 999.736 999.736 999.736
          999.736 999.736 999.736 999.736 999.736 999.736 999.736 999.736 999.736 999.736 999.736 999.736
          999.736 999.736 999.736 999.736 999.736 999.736 999.736 999.736 999.736 999.736 999.736 999.736
          999.736 999.736 999.736 999.736 999.736 999.736 999.736 999.736 999.736 999.736 999.736 999.736
          999.736 999.736 999.736 999.736 999.736 999.736 999.736 999.736 999.736 999.736 999.736 999.736
          999.736 999.736 999.736 999.736 999.736 999.736 999.736 999.736 999.736 999.736 999.736 999.736
          999.736 999.736 999.736 999.736 999.736 999.736 999.736 999.736 999.736 999.736 999.736 999.736
          999.736 999.736 999.736 999.736 999.736 999.736 999.736 999.736 999.736 999.736 999.736 999.736
          999.736 999.736 999.736 999.736 999.736 999.736 999.736 999.736 999.736 999.736 999.736 999.736
          999.736 999.736 999.736 999.736 999.736 999.736 999.736 999.736 999.736 999.736 999.736 999.736
          999.736 999.736 999.736 999.736 999.736 999.736 999.736 999.736 999.736 999.736 999.736 999.736
          999.736 999.736 999.736 999.736 999.737 999.737 999.737 999.737 999.737 999.737 999.737 999.737
          999.737 999.737 999.737 999.737 999.737 999.737 999.737 999.737 999.737 999.737 999.737 999.737
          999.737 999.737 999.737 999.737 999.737 999.737 999.737 999.737 999.737 999.737 999.737 999.737
          999.737 999.737 999.737 999.737 999.737 999.737 999.737 999.737 999.737 999.737 999.737 999.737
          999.737 999.737 999.737 999.737 999.737 999.737 999.737 999.737 999.737 999.737 999.737 999.737
          999.737 999.737 999.737 999.737 999.737 999.737 999.737 999.737 999.737 999.737 999.737 999.737
          999.737 999.737 999.737 999.737 999.737 999.737 999.737 999.737 999.737 999.737 999.737 999.737
          999.737 999.737 999.737 999.737 999.737 999.737 999.737 999.737 999.737 999.737 999.737 999.737
          999.737 999.737 999.737 999.737 999.737 999.737 999.737 999.737 999.737 999.737 999.737 999.737
          999.737 999.737 999.737 999.737 999.737 999.737 999.737 999.737 999.737 999.737 999.737 999.737
          999.737 999.737 999.737 999.737 999.737 999.737 999.737 999.737 999.737 999.737 999.737 999.737
          999.737 999.737 999.737 999.737 999.737 999.737 999.737 999.737 999.737 999.737 999.737 999.737
          999.737 999.737 999.737 999.737 999.737 999.737 999.737 999.737 999.737 999.737 999.737 999.737
          999.737 999.737 999.737 999.737 999.737 999.737 999.737 999.737 999.737 999.737 999.737 999.737
          999.737 999.737 999.737 999.737 999.737 999.737 999.737 999.737 999.737 999.737 999.737 999.737
          999.737 999.737 999.737 999.737 999.737 999.737 999.737 999.737 999.737 999.737 999.737 999.737
          999.737 999.737 999.737 999.737 999.737 999.737 999.737 999.737 999.737 999.737 999.737 999.737
          999.737 999.737 999.737 999.737 999.737 999.737 999.737 999.737 999.737 999.737 999.737 999.737
          999.737 999.737 999.737 999.737 999.737 999.737 999.737 999.737 999.737 999.737 999.737 999.737
          999.737 999.737 999.737 999.737 999.738 999.738 999.737 999.737 999.737 999.737 999.737 999.737
          999.737 999.737 999.737 999.737 999.737 999.737 999.737 999.737 999.737 999.737 999.737 999.737
          999.737 999.737 999.737 999.737 999.737 999.737 999.737 999.737 999.737 999.737 999.737 999.737
          999.737 999.737 999.737 999.737 999.737 999.737 999.737 999.737 999.737 999.737 999.737 999.737
          999.737 999.737 999.737 999.737 999.737 999.737 999.737 999.737 999.737 999.737 999.737 999.737
          999.737 999.737 999.737 999.737 999.737 999.737 999.737 999.737 999.737 999.737 999.737 999.737
          999.737 999.737 999.737 999.737 999.737 999.737 999.737 999.737 999.738 999.738 999.738 999.738
          999.738 999.738 999.738 999.738 999.738 999.738 999.738 999.738 999.738 999.738 999.738 999.738
          999.738 999.738 999.738 999.738 999.738 999.738 999.738 999.738 999.738 999.738 999.738 999.738
          999.738 999.738 999.738 999.738 999.738 999.738 999.738 999.738 999.738 999.738 999.738 999.738
          999.738 999.738 999.738 999.738 999.738 999.738 999.738 999.738 999.738 999.738 999.738 999.738
          999.738 999.738 999.738 999.738 999.738 999.738 999.738 999.738 999.738 999.738 999.738 999.738
          999.738 999.738 999.738 999.738 999.738 999.738 999.738 999.738 999.738 999.738 999.738 999.738
          999.738 999.738 999.738 999.738 999.738 999.738 999.738 999.738 999.738 999.738 999.738 999.738
          999.738 999.738 999.738 999.738 999.738 999.738 999.738 999.738 999.738 999.738 999.738 999.738
          999.738 999.738 999.738 999.738 999.738 999.738 999.738 999.738 999.738 999.738 999.738 999.738
          999.738 999.738 999.738 999.738 999.738 999.738 999.738 999.738 999.738 999.738 999.738 999.738
          999.738 999.738 999.738 999.738 999.738 999.738 999.738 999.738 999.738 999.738 999.738 999.738
          999.738 999.738 999.738 999.738 999.738 999.738 999.738 999.738 999.738 999.738 999.738 999.738
          999.738 999.738 999.738 999.738 999.738 999.738 999.738 999.738 999.738 999.738 999.738 999.738
          999.738 999.738 999.738 999.738 999.738 999.738 999.738 999.738 999.738 999.738 999.738 999.738
          999.738 999.738 999.738 999.738 999.738 999.738 999.738 999.738 999.738 999.738 999.738 999.738
          999.738 999.738 999.738 999.738 999.738 999.738 999.738 999.738 999.738 999.738 999.738 999.738
          999.738 999.738 999.738 999.738 999.738 999.738 999.738 999.738 999.738 999.738 999.738 999.738
          999.738 999.738 999.738 999.738 999.738 999.738 999.738 999.738 999.738 999.738 999.738 999.738
          999.738 999.738 999.738 999.738 999.738 999.738 999.738 999.738 999.735 999.737 999.738 999.738
          999.738 999.738 999.738 999.738 999.738 999.738 999.738 999.738 999.738 999.738 999.738 999.738
          999.738 999.738 999.738 999.738 999.738 999.738 999.738 999.738 999.738 999.738 999.738 999.738
          999.738 999.738 999.738 999.738 999.738 999.738 999.738 999.738 999.738 999.738 999.738 999.738
          999.738 999.738 999.738 999.738 999.738 999.738 999.738 999.738 999.738 999.738 999.738 999.738
          999.738 999.738 999.738 999.738 999.738 999.738 999.738 999.738 999.738 999.738 999.738 999.738
          999.738 999.738 999.738 999.738 999.738 999.738 999.738 999.738 999.738 999.738 999.738 999.738
          999.735 999.735 999.735 999.735 999.735 999.735 999.735 999.735 999.735 999.735 999.735 999.738
          999.738 999.738 999.738 999.738 999.738 999.738 999.738 999.739 999.739 999.739 999.739 999.739
          999.739 999.739 999.739 999.739 999.739 999.739 999.739 999.739 999.739 999.739 999.739 999.739
          999.739 999.739 999.739 999.739 999.739 999.739 999.739 999.739 999.739 999.739 999.739 999.739
          999.739 999.739 999.739 999.739 999.739 999.739 999.739 999.739 999.739 999.739 999.739 999.739
          999.739 999.739 999.739 999.739 999.739 999.739 999.739 999.739 999.739 999.739 999.739 999.739
          999.739 999.739 999.739 999.739 999.735 999.735 999.735 999.735 999.735 999.735 999.735 999.735
          999.735 999.735 999.735 999.735 999.735 999.735 999.736 999.736 999.736 999.736 999.736 999.736
          999.736 999.738 999.739 999.739 999.739 999.739 999.739 999.739 999.739 999.739 999.739 999.739
          999.739 999.739 999.739 999.739 999.739 999.739 999.739 999.739 999.739 999.739 999.739 999.739
          999.739 999.739 999.739 999.739 999.739 999.739 999.739 999.739 999.739 999.739 999.739 999.739
          999.739 999.739 999.739 999.739 999.739 999.739 999.739 999.739 999.739 999.739 999.739 999.739
          999.739 999.739 999.739 999.739 999.739 999.739 999.739 999.739 999.735 999.735 999.735 999.735
          999.735 999.735 999.735 999.735 999.735 999.735 999.735 999.735 999.735 999.735 999.736 999.736
          999.736 999.736 999.736 999.736 999.736 999.736 999.736 999.736 999.736 999.736 999.736 999.736
          999.736 999.739 999.739 999.739 999.739 999.739 999.739 999.739 999.739 999.739 999.739 999.739
          999.739 999.739 999.739 999.739 999.739 999.739 999.739 999.739 999.739 999.739 999.739 999.739
          999.739 999.739 999.739 999.739 999.739 999.739 999.739 999.739 999.739 999.739 999.739 999.739
          999.739 999.739 999.739 999.739 999.739 999.739 999.739 999.739 999.739 999.739 999.739 999.739
          999.735 999.735 999.735 999.735 999.735 999.735 999.735 999.735 999.735 999.735 999.735 999.735
          999.735 999.736 999.736 999.736 999.736 999.736 999.736 999.736 999.736 999.736 999.736 999.736
          999.736 999.736 999.736 999.736 999.736 999.736 999.736 999.737 999.737 999.737 999.739 999.739
          999.739 999.739 999.739 999.739 999.739 999.739 999.739 999.739 999.739 999.739 999.739 999.739
          999.739 999.739 999.739 999.739 999.739 999.739 999.739 999.739 999.739 999.739 999.739 999.739
          999.739 999.739 999.739 999.739 999.739 999.739 999.739 999.739 999.739 999.739 999.739 999.739
          999.739 999.739 999.739 999.739
        </DataArray>
        <DataArray type="Float32" Name="mob_liq" NumberOfComponents="1" format="ascii">
          1000 1000 1000 1000 1000 1000 1000 1000 1000 1000 1000 1000
          1000 1000 1000 1000 1000 1000 1000 1000 1000 1000 1000 1000
          1000 1000 1000 1000 1000 1000 1000 1000 1000 1000 1000 1000
          1000 1000 1000 1000 1000 1000 1000 1000 1000 1000 1000 1000
          1000 1000 1000 1000 1000 1000 1000 1000 1000 1000 1000 1000
          1000 1000 1000 1000 1000 1000 1000 1000 1000 1000 1000 1000
          1000 1000 1000 1000 1000 1000 1000 1000 1000 1000 1000 1000
          1000 1000 1000 1000 1000 1000 1000 1000 1000 1000 1000 1000
          1000 1000 1000 1000 1000 1000 1000 1000 1000 1000 1000 1000
          1000 1000 1000 1000 1000 1000 1000 1000 1000 1000 1000 1000
          1000 1000 1000 1000 1000 1000 1000 1000 1000 1000 1000 1000
          1000 1000 1000 1000 1000 1000 1000 1000 1000 1000 1000 1000
          1000 1000 1000 1000 1000 1000 1000 1000 1000 1000 1000 1000
          1000 1000 1000 1000 1000 1000 1000 1000 1000 1000 1000 1000
          1000 1000 1000 1000 1000 1000 1000 1000 1000 1000 1000 1000
          1000 1000 1000 1000 1000 1000 1000 1000 1000 1000 1000 1000
          1000 1000 1000 1000 1000 1000 1000 1000 1000 1000 1000 1000
          1000 1000 1000 1000 1000 1000 1000 1000 1000 1000 1000 1000
          1000 1000 1000 1000 1000 1000 1000 1000 1000 1000 1000 1000
          1000 1000 1000 1000 1000 1000 1000 1000 1000 1000 1000 1000
          1000 1000 1000 1000 1000 1000 1000 1000 1000 1000 1000 1000
          1000 1000 1000 1000 1000 1000 1000 1000 1000 1000 1000 1000
          1000 1000 1000 1000 1000 1000 1000 1000 1000 1000 1000 1000
          1000 1000 1000 1000 1000 1000 1000 1000 1000 1000 1000 1000
          1000 1000 1000 1000 1000 1000 1000 1000 1000 1000 1000 1000
          1000 1000 1000 1000 1000 1000 1000 1000 1000 1000 1000 1000
          1000 1000 1000 1000 1000 1000 1000 1000 1000 1000 1000 1000
          1000 1000 1000 1000 1000 1000 1000 1000 1000 1000 1000 1000
          1000 1000 1000 1000 1000 1000 1000 1000 1000 1000 1000 1000
          1000 1000 1000 1000 1000 1000 1000 1000 1000 1000 1000 1000
          1000 1000 1000 1000 1000 1000 1000 1000 1000 1000 1000 1000
          1000 1000 1000 1000 1000 1000 1000 1000 1000 1000 1000 1000
          1000 1000 1000 1000 1000 1000 1000 1000 1000 1000 1000 1000
          1000 1000 1000 1000 1000 1000 1000 1000 1000 1000 1000 1000
          1000 1000 1000 1000 1000 1000 1000 1000 1000 1000 1000 1000
          1000 1000 1000 1000 1000 1000 1000 1000 1000 1000 1000 1000
          1000 1000 1000 1000 1000 1000 1000 1000 1000 1000 1000 1000
          1000 1000 1000 1000 1000 1000 1000 1000 1000 1000 1000 1000
          1000 1000 1000 1000 1000 1000 1000 1000 1000 1000 1000 1000
          1000 1000 1000 1000 1000 1000 1000 1000 1000 1000 1000 1000
          1000 1000 1000 1000 1000 1000 1000 1000 1000 1000 1000 1000
          1000 1000 1000 1000 1000 1000 1000 1000 1000 1000 1000 1000
          1000 1000 1000 1000 1000 1000 1000 1000 1000 1000 1000 1000
          1000 1000 1000 1000 1000 1000 1000 1000 1000 1000 1000 1000
          1000 1000 1000 1000 1000 1000 1000 1000 1000 1000 1000 1000
          1000 1000 1000 1000 1000 1000 1000 1000 1000 1000 1000 1000
          1000 1000 1000 1000 1000 1000 1000 1000 1000 1000 1000 1000
          1000 1000 1000 1000 1000 1000 1000 1000 1000 1000 1000 1000
          1000 1000 1000 1000 1000 1000 1000 1000 1000 1000 1000 1000
          1000 1000 1000 1000 1000 1000 1000 1000 1000 1000 1000 1000
          1000 1000 1000 1000 1000 1000 1000 1000 1000 1000 1000 1000
          1000 1000 1000 1000 1000 1000 1000 1000 1000 1000 1000 1000
          1000 1000 1000 1000 1000 1000 1000 1000 1000 1000 1000 1000
          1000 1000 1000 1000 1000 1000 1000 1000 1000 1000 1000 1000
          1000 1000 1000 1000 1000 1000 1000 1000 1000 1000 1000 1000
          1000 1000 1000 1000 1000 1000 1000 1000 1000 1000 1000 1000
          1000 1000 1000 1000 1000 1000 1000 1000 1000 1000 1000 1000
          1000 1000 1000 1000 1000 1000 1000 1000 1000 1000 1000 1000
          1000 1000 1000 1000 1000 1000 1000 1000 1000 1000 1000 1000
          1000 1000 1000 1000 1000 1000 1000 1000 1000 1000 1000 1000
          1000 1000 1000 1000 1000 1000 1000 1000 1000 1000 1000 1000
          1000 1000 1000 1000 1000 1000 1000 1000 1000 1000 1000 1000
          1000 1000 1000 1000 1000 1000 1000 1000 1000 1000 1000 1000
          1000 1000 1000 1000 1000 1000 1000 1000 1000 1000 1000 1000
          1000 1000 1000 1000 1000 1000 1000 1000 1000 1000 1000 1000
          1000 1000 1000 1000 1000 1000 1000 1000 1000 1000 1000 1000
          1000 1000 1000 1000 1000 1000 1000 1000 1000 1000 1000 1000
          1000 1000 1000 1000 1000 1000 1000 1000 1000 1000 1000 1000
          1000 1000 1000 1000 1000 1000 1000 1000 1000 1000 1000 1000
          1000 1000 1000 1000 1000 1000 1000 1000 1000 1000 1000 1000
          1000 1000 1000 1000 1000 1000 1000 1000 1000 1000 1000 1000
          1000 1000 1000 1000 1000 1000 1000 1000 1000 1000 1000 1000
          1000 1000 1000 1000 1000 1000 1000 1000 1000 1000 1000 1000
          1000 1000 1000 1000 1000 1000 1000 1000 1000 1000 1000 1000
          1000 1000 1000 1000 1000 1000 1000 1000 1000 1000 1000 1000
          1000 1000 1000 1000 1000 1000 1000 1000 1000 1000 1000 1000
          1000 1000 1000 1000 1000 1000 1000 1000 1000 1000 1000 1000
          1000 1000 1000 1000 1000 1000 1000 1000 1000 1000 1000 1000
          1000 1000 1000 1000 1000 1000 1000 1000 1000 1000 1000 1000
          1000 1000 1000 1000 1000 1000 1000 1000 1000 1000 1000 1000
          1000 1000 1000 1000 1000 1000 1000 1000 1000 1000 1000 1000
          1000 1000 1000 1000 1000 1000 1000 1000 1000 1000 1000 1000
          1000 1000 1000 1000 1000 1000 1000 1000 1000 1000 1000 1000
          1000 1000 1000 1000 1000 1000 1000 1000 1000 1000 1000 1000
          1000 1000 1000 1000 1000 1000 1000 1000 1000 1000 1000 1000
          1000 1000 1000 1000 1000 1000 1000 1000 1000 1000 1000 1000
          1000 1000 1000 1000 1000 1000 1000 1000 1000 1000 1000 1000
          1000 1000 1000 1000 1000 1000 1000 1000 1000 1000 1000 1000
          1000 1000 1000 1000 1000 1000 1000 1000 1000 1000 1000 1000
          1000 1000 1000 1000 1000 1000 1000 1000 1000 1000 1000 1000
          1000 1000 1000 1000 1000 1000 1000 1000 1000 1000 1000 1000
          1000 1000 1000 1000 1000 1000 1000 1000 1000 1000 1000 1000
          1000 1000 1000 1000 1000 1000 1000 1000 1000 1000 1000 1000
          1000 1000 1000 1000 1000 1000 1000 1000 1000 1000 1000 1000
          1000 1000 1000 1000 1000 1000 1000 1000 1000 1000 1000 1000
          1000 1000 1000 1000 1000 1000 1000 1000 1000 1000 1000 1000
          1000 1000 1000 1000 1000 1000 1000 1000 1000 1000 1000 1000
          1000 1000 1000 1000 1000 1000 1000 1000 1000 1000 1000 1000
          1000 1000 1000 1000 1000 1000 1000 1000 1000 1000 1000 1000
          1000 1000 1000 1000 1000 1000 1000 1000 1000 1000 1000 1000
          1000 1000 1000 1000 1000 1000 1000 1000 1000 1000 1000 1000
          1000 1000 1000 1000 1000 1000 1000 1000 1000 1000 1000 1000
          1000 1000 1000 1000 1000 1000 1000 1000 1000 1000 1000 1000
          1000 1000 1000 1000 1000 1000 1000 1000 1000 1000 1000 1000
          1000 1000 1000 1000 1000 1000 1000 1000 1000 1000 1000 1000
          1000 1000 1000 1000 1000 1000 1000 1000 1000 1000 1000 1000
          1000 1000 1000 1000 1000 1000 1000 1000 1000 1000 1000 1000
          1000 1000 1000 1000 1000 1000 1000 1000 1000 1000 1000 1000
          1000 1000 1000 1000 1000 1000 1000 1000 1000 1000 1000 1000
          1000 1000 1000 1000 1000 1000 1000 1000 1000 1000 1000 1000
          1000 1000 1000 1000 1000 1000 1000 1000 1000 1000 1000 1000
          1000 1000 1000 1000 1000 1000 1000 1000 1000 1000 1000 1000
          1000 1000 1000 1000 1000 1000 1000 1000 1000 1000 1000 1000
          1000 1000 1000 1000 1000 1000 1000 1000 1000 1000 1000 1000
          1000 1000 1000 1000 1000 1000 1000 1000 1000 1000 1000 1000
          1000 1000 1000 1000 1000 1000 1000 1000 1000 1000 1000 1000
          1000 1000 1000 1000 1000 1000 1000 1000 1000 1000 1000 1000
          1000 1000 1000 1000 1000 1000 1000 1000 1000 1000 1000 1000
          1000 1000 1000 1000 1000 1000 1000 1000 1000 1000 1000 1000
          1000 1000 1000 1000 1000 1000 1000 1000 1000 1000 1000 1000
          1000 1000 1000 1000 1000 1000 1000 1000 1000 1000 1000 1000
          1000 1000 1000 1000 1000 1000 1000 1000 1000 1000 1000 1000
          1000 1000 1000 1000 1000 1000 1000 1000 1000 1000 1000 1000
          1000 1000 1000 1000 1000 1000 1000 1000 1000 1000 1000 1000
          1000 1000 1000 1000 1000 1000 1000 1000 1000 1000 1000 1000
          1000 1000 1000 1000 1000 1000 1000 1000 1000 1000 1000 1000
          1000 1000 1000 1000 1000 1000 1000 1000 1000 1000 1000 1000
          1000 1000 1000 1000 1000 1000 1000 1000 1000 1000 1000 1000
          1000 1000 1000 1000 1000 1000 1000 1000 1000 1000 1000 1000
          1000 1000 1000 1000 1000 1000 1000 1000 1000 1000 1000 1000
          1000 1000 1000 1000 1000 1000 1000 1000 1000 1000 1000 1000
          1000 1000 1000 1000 1000 1000 1000 1000 1000 1000 1000 1000
          1000 1000 1000 1000 1000 1000 1000 1000 1000 1000 1000 1000
          1000 1000 1000 1000 1000 1000 1000 1000 1000 1000 1000 1000
          1000 1000 1000 1000 1000 1000 1000 1000 1000 1000 1000 1000
          1000 1000 1000 1000 1000 1000 1000 1000 1000 1000 1000 1000
          1000 1000 1000 1000 1000 1000 1000 1000 1000 1000 1000 1000
          1000 1000 1000 1000 1000 1000 1000 1000 1000 1000 1000 1000
          1000 1000 1000 1000 1000 1000 1000 1000 1000 1000 1000 1000
          1000 1000 1000 1000 1000 1000 1000 1000 1000 1000 1000 1000
          1000 1000 1000 1000 1000 1000 1000 1000 1000 1000 1000 1000
          1000 1000 1000 1000 1000 1000 1000 1000 1000 1000 1000 1000
          1000 1000 1000 1000 1000 1000 1000 1000 1000 1000 1000 1000
          1000 1000 1000 1000 1000 1000 1000 1000 1000 1000 1000 1000
          1000 1000 1000 1000 1000 1000 1000 1000 1000 1000 1000 1000
          1000 1000 1000 1000 1000 1000 1000 1000 1000 1000 1000 1000
          1000 1000 1000 1000 1000 1000 1000 1000 1000 1000 1000 1000
          1000 1000 1000 1000 1000 1000 1000 1000 1000 1000 1000 1000
          1000 1000 1000 1000 1000 1000 1000 1000 1000 1000 1000 1000
          1000 1000 1000 1000 1000 1000 1000 1000 1000 1000 1000 1000
          1000 1000 1000 1000 1000 1000 1000 1000 1000 1000 1000 1000
          1000 1000 1000 1000 1000 1000 1000 1000 1000 1000 1000 1000
          1000 1000 1000 1000 1000 1000 1000 1000 1000 1000 1000 1000
          1000 1000 1000 1000 1000 1000 1000 1000 1000 1000 1000 1000
          1000 1000 1000 1000 1000 1000 1000 1000 1000 1000 1000 1000
          1000 1000 1000 1000 1000 1000 1000 1000 1000 1000 1000 1000
          1000 1000 1000 1000 1000 1000 1000 1000 1000 1000 1000 1000
          1000 1000 1000 1000 1000 1000 1000 1000 1000 1000 1000 1000
          1000 1000 1000 1000 1000 1000 1000 1000 1000 1000 1000 1000
          1000 1000 1000 1000 1000 1000 1000 1000 1000 1000 1000 1000
          1000 1000 1000 1000 1000 1000 1000 1000 1000 1000 1000 1000
          1000 1000 1000 1000 1000 1000 1000 1000 1000 1000 1000 1000
          1000 1000 1000 1000 1000 1000 1000 1000 1000 1000 1000 1000
          1000 1000 1000 1000 1000 1000 1000 1000 1000 1000 1000 1000
          1000 1000 1000 1000 1000 1000 1000 1000 976.87 1000 1000 1000
          1000 1000 1000 1000 1000 1000 1000 1000 1000 1000 1000 1000
          1000 1000 1000 1000 1000 1000 1000 1000 1000 1000 1000 1000
          1000 1000 1000 1000 1000 1000 1000 1000 1000 1000 1000 1000
          1000 1000 1000 1000 1000 1000 1000 1000 1000 1000 1000 1000
          1000 1000 1000 1000 1000 1000 1000 1000 1000 1000 1000 1000
          1000 1000 1000 1000 1000 1000 1000 1000 1000 1000 1000 1000
          97.3895 112.675 133.342 161.368 200.314 255.812 339.197 469.166 651.866 839.742 968.725 1000
          1000 1000 1000 1000 1000 1000 1000 1000 1000 1000 1000 1000
          1000 1000 1000 1000 1000 1000 1000 1000 1000 1000 1000 1000
          1000 1000 1000 1000 1000 1000 1000 1000 1000 1000 1000 1000
          1000 1000 1000 1000 1000 1000 1000 1000 1000 1000 1000 1000
          1000 1000 1000 1000 1000 1000 1000 1000 1000 1000 1000 1000
          1000 1000 1000 1000 43.3396 45.6674 48.258 51.1772 54.527 58.4547 63.1252 68.7898
          75.8155 84.7326 96.362 112.193 133.694 162.935 203.593 261.81 350.02 488.273 680.16 869.186
          983.739 1000 1000 1000 1000 1000 1000 1000 1000 1000 1000 1000
          1000 1000 1000 1000 1000 1000 1000 1000 1000 1000 1000 1000
          1000 1000 1000 1000 1000 1000 1000 1000 1000 1000 1000 1000
          1000 1000 1000 1000 1000 1000 1000 1000 1000 1000 1000 1000
          1000 1000 1000 1000 1000 1000 1000 1000 22.4241 23.2896 24.2277 25.2491
          26.3666 27.5959 28.9535 30.4595 32.1364 34.0095 36.1112 38.4768 41.1534 44.2207 47.7978 52.0432
          57.1656 63.4891 71.4896 81.8661 95.7357 115.129 142.328 181.491 240.093 332.244 485.813 712.725
          924.913 1000 1000 1000 1000 1000 1000 1000 1000 1000 1000 1000
          1000 1000 1000 1000 1000 1000 1000 1000 1000 1000 1000 1000
          1000 1000 1000 1000 1000 1000 1000 1000 1000 1000 1000 1000
          1000 1000 1000 1000 1000 1000 1000 1000 1000 1000 1000 1000
          6.95427 7.18707 7.43638 7.70402 7.99206 8.30293 8.63939 9.00453 9.40195 9.836 10.3115 10.8346
          11.4127 12.055 12.7732 13.5817 14.4977 15.5422 16.7426 18.1351 19.7654 21.6867 23.9873 26.8037
          30.3533 34.9643 41.1501 49.865 63.0187 85.0716 126.139 216.883 492.195 948.968 1000 1000
          1000 1000 1000 1000 1000 1000 1000 1000 1000 1000 1000 1000
          1000 1000 1000 1000 1000 1000 1000 1000 1000 1000 1000 1000
          1000 1000 1000 1000 1000 1000 1000 1000 1000 1000 1000 1000
          1000 1000 1000 1000
        </DataArray>
        <DataArray type="Float32" Name="S_gas" NumberOfComponents="1" format="ascii">
          0 0 0 0 0 0 0 0 0 0 0 0
          0 0 0 0 0 0 0 0 0 0 0 0
          0 0 0 0 0 0 0 0 0 0 0 0
          0 0 0 0 0 0 0 0 0 0 0 0
          0 0 0 0 0 0 0 0 0 0 0 0
          0 0 0 0 0 0 0 0 0 0 0 0
          0 0 0 0 0 0 0 0 0 0 0 0
          0 0 0 0 0 0 0 0 0 0 0 0
          0 0 0 0 0 0 0 0 0 0 0 0
          0 0 0 0 0 0 0 0 0 0 0 0
          0 0 0 0 0 0 0 0 0 0 0 0
          0 0 0 0 0 0 0 0 0 0 0 0
          0 0 0 0 0 0 0 0 0 0 0 0
          0 0 0 0 0 0 0 0 0 0 0 0
          0 0 0 0 0 0 0 0 0 0 0 0
          0 0 0 0 0 0 0 0 0 0 0 0
          0 0 0 0 0 0 0 0 0 0 0 0
          0 0 0 0 0 0 0 0 0 0 0 0
          0 0 0 0 0 0 0 0 0 0 0 0
          0 0 0 0 0 0 0 0 0 0 0 0
          0 0 0 0 0 0 0 0 0 0 0 0
          0 0 0 0 0 0 0 0 0 0 0 0
          0 0 0 0 0 0 0 0 0 0 0 0
          0 0 0 0 0 0 0 0 0 0 0 0
          0 0 0 0 0 0 0 0 0 0 0 0
          0 0 0 0 0 0 0 0 0 0 0 0
          0 0 0 0 0 0 0 0 0 0 0 0
          0 0 0 0 0 0 0 0 0 0 0 0
          0 0 0 0 0 0 0 0 0 0 0 0
          0 0 0 0 0 0 0 0 0 0 0 0
          0 0 0 0 0 0 0 0 0 0 0 0
          0 0 0 0 0 0 0 0 0 0 0 0
          0 0 0 0 0 0 0 0 0 0 0 0
          0 0 0 0 0 0 0 0 0 0 0 0
          0 0 0 0 0 0 0 0 0 0 0 0
          0 0 0 0 0 0 0 0 0 0 0 0
          0 0 0 0 0 0 0 0 0 0 0 0
          0 0 0 0 0 0 0 0 0 0 0 0
          0 0 0 0 0 0 0 0 0 0 0 0
          0 0 0 0 0 0 0 0 0 0 0 0
          0 0 0 0 0 0 0 0 0 0 0 0
          0 0 0 0 0 0 0 0 0 0 0 0
          0 0 0 0 0 0 0 0 0 0 0 0
          0 0 0 0 0 0 0 0 0 0 0 0
          0 0 0 0 0 0 0 0 0 0 0 0
          0 0 0 0 0 0 0 0 0 0 0 0
          0 0 0 0 0 0 0 0 0 0 0 0
          0 0 0 0 0 0 0 0 0 0 0 0
          0 0 0 0 0 0 0 0 0 0 0 0
          0 0 0 0 0 0 0 0 0 0 0 0
          0 0 0 0 0 0 0 0 0 0 0 0
          0 0 0 0 0 0 0 0 0 0 0 0
          0 0 0 0 0 0 0 0 0 0 0 0
          0 0 0 0 0 0 0 0 0 0 0 0
          0 0 0 0 0 0 0 0 0 0 0 0
          0 0 0 0 0 0 0 0 0 0 0 0
          0 0 0 0 0 0 0 0 0 0 0 0
          0 0 0 0 0 0 0 0 0 0 0 0
          0 0 0 0 0 0 0 0 0 0 0 0
          0 0 0 0 0 0 0 0 0 0 0 0
          0 0 0 0 0 0 0 0 0 0 0 0
          0 0 0 0 0 0 0 0 0 0 0 0
          0 0 0 0 0 0 0 0 0 0 0 0
          0 0 0 0 0 0 0 0 0 0 0 0
          0 0 0 0 0 0 0 0 0 0 0 0
          0 0 0 0 0 0 0 0 0 0 0 0
          0 0 0 0 0 0 0 0 0 0 0 0
          0 0 0 0 0 0 0 0 0 0 0 0
          0 0 0 0 0 0 0 0 0 0 0 0
          0 0 0 0 0 0 0 0 0 0 0 0
          0 0 0 0 0 0 0 0 0 0 0 0
          0 0 0 0 0 0 0 0 0 0 0 0
          0 0 0 0 0 0 0 0 0 0 0 0
          0 0 0 0 0 0 0 0 0 0 0 0
          0 0 0 0 0 0 0 0 0 0 0 0
          0 0 0 0 0 0 0 0 0 0 0 0
          0 0 0 0 0 0 0 0 0 0 0 0
          0 0 0 0 0 0 0 0 0 0 0 0
          0 0 0 0 0 0 0 0 0 0 0 0
          0 0 0 0 0 0 0 0 0 0 0 0
          0 0 0 0 0 0 0 0 0 0 0 0
          0 0 0 0 0 0 0 0 0 0 0 0
          0 0 0 0 0 0 0 0 0 0 0 0
          0 0 0 0 0 0 0 0 0 0 0 0
          0 0 0 0 0 0 0 0 0 0 0 0
          0 0 0 0 0 0 0 0 0 0 0 0
          0 0 0 0 0 0 0 0 0 0 0 0
          0 0 0 0 0 0 0 0 0 0 0 0
          0 0 0 0 0 0 0 0 0 0 0 0
          0 0 0 0 0 0 0 0 0 0 0 0
          0 0 0 0 0 0 0 0 0 0 0 0
          0 0 0 0 0 0 0 0 0 0 0 0
          0 0 0 0 0 0 0 0 0 0 0 0
          0 0 0 0 0 0 0 0 0 0 0 0
          0 0 0 0 0 0 0 0 0 0 0 0
          0 0 0 0 0 0 0 0 0 0 0 0
          0 0 0 0 0 0 0 0 0 0 0 0
          0 0 0 0 0 0 0 0 0 0 0 0
          0 0 0 0 0 0 0 0 0 0 0 0
          0 0 0 0 0 0 0 0 0 0 0 0
          0 0 0 0 0 0 0 0 0 0 0 0
          0 0 0 0 0 0 0 0 0 0 0 0
          0 0 0 0 0 0 0 0 0 0 0 0
          0 0 0 0 0 0 0 0 0 0 0 0
          0 0 0 0 0 0 0 0 0 0 0 0
          0 0 0 0 0 0 0 0 0 0 0 0
          0 0 0 0 0 0 0 0 0 0 0 0
          0 0 0 0 0 0 0 0 0 0 0 0
          0 0 0 0 0 0 0 0 0 0 0 0
          0 0 0 0 0 0 0 0 0 0 0 0
          0 0 0 0 0 0 0 0 0 0 0 0
          0 0 0 0 0 0 0 0 0 0 0 0
          0 0 0 0 0 0 0 0 0 0 0 0
          0 0 0 0 0 0 0 0 0 0 0 0
          0 0 0 0 0 0 0 0 0 0 0 0
          0 0 0 0 0 0 0 0 0 0 0 0
          0 0 0 0 0 0 0 0 0 0 0 0
          0 0 0 0 0 0 0 0 0 0 0 0
          0 0 0 0 0 0 0 0 0 0 0 0
          0 0 0 0 0 0 0 0 0 0 0 0
          0 0 0 0 0 0 0 0 0 0 0 0
          0 0 0 0 0 0 0 0 0 0 0 0
          0 0 0 0 0 0 0 0 0 0 0 0
          0 0 0 0 0 0 0 0 0 0 0 0
          0 0 0 0 0 0 0 0 0 0 0 0
          0 0 0 0 0 0 0 0 0 0 0 0
          0 0 0 0 0 0 0 0 0 0 0 0
          0 0 0 0 0 0 0 0 0 0 0 0
          0 0 0 0 0 0 0 0 0 0 0 0
          0 0 0 0 0 0 0 0 0 0 0 0
          0 0 0 0 0 0 0 0 0 0 0 0
          0 0 0 0 0 0 0 0 0 0 0 0
          0 0 0 0 0 0 0 0 0 0 0 0
          0 0 0 0 0 0 0 0 0 0 0 0
          0 0 0 0 0 0 0 0 0 0 0 0
          0 0 0 0 0 0 0 0 0 0 0 0
          0 0 0 0 0 0 0 0 0 0 0 0
          0 0 0 0 0 0 0 0 0 0 0 0
          0 0 0 0 0 0 0 0 0 0 0 0
          0 0 0 0 0 0 0 0 0 0 0 0
          0 0 0 0 0 0 0 0 0 0 0 0
          0 0 0 0 0 0 0 0 0 0 0 0
          0 0 0 0 0 0 0 0 0 0 0 0
          0 0 0 0 0 0 0 0 0 0 0 0
          0 0 0 0 0 0 0 0 0 0 0 0
          0 0 0 0 0 0 0 0 0 0 0 0
          0 0 0 0 0 0 0 0 0 0 0 0
          0 0 0 0 0 0 0 0 0 0 0 0
          0 0 0 0 0 0 0 0 0 0 0 0
          0 0 0 0 0 0 0 0 0 0 0 0
          0 0 0 0 0 0 0 0 0 0 0 0
          0 0 0 0 0 0 0 0 0 0 0 0
          0 0 0 0 0 0 0 0 0 0 0 0
          0 0 0 0 0 0 0 0 0 0 0 0
          0 0 0 0 0 0 0 0 0 0 0 0
          0 0 0 0 0 0 0 0 0 0 0 0
          0 0 0 0 0 0 0 0 0 0 0 0
          0 0 0 0 0 0 0 0 0 0 0 0
          0 0 0 0 0 0 0 0 0 0 0 0
          0 0 0 0 0 0 0 0 0 0 0 0
          0 0 0 0 0 0 0 0 0 0 0 0
          0 0 0 0 0 0 0 0 0 0 0 0
          0 0 0 0 0 0 0 0 0 0 0 0
          0 0 0 0 0 0 0 0 0 0 0 0
          0 0 0 0 0 0 0 0 0.00248282 0 0 0
          0 0 0 0 0 0 0 0 0 0 0 0
          0 0 0 0 0 0 0 0 0 0 0 0
          0 0 0 0 0 0 0 0 0 0 0 0
          0 0 0 0 0 0 0 0 0 0 0 0
          0 0 0 0 0 0 0 0 0 0 0 0
          0 0 0 0 0 0 0 0 0 0 0 0
          0.214694 0.20301 0.189246 0.1733 0.154763 0.133182 0.107451 0.0767237 0.0442715 0.0183566 0.00336938 0
          0 0 0 0 0 0 0 0 0 0 0 0
          0 0 0 0 0 0 0 0 0 0 0 0
          0 0 0 0 0 0 0 0 0 0 0 0
          0 0 0 0 0 0 0 0 0 0 0 0
          0 0 0 0 0 0 0 0 0 0 0 0
          0 0 0 0 0.275844 0.272077 0.268078 0.26379 0.259125 0.253966 0.248211 0.241712
          0.234272 0.225654 0.215536 0.203357 0.189028 0.172482 0.153351 0.131102 0.104529 0.0728554 0.0399808 0.0147663
          0.00174011 0 0 0 0 0 0 0 0 0 0 0
          0 0 0 0 0 0 0 0 0 0 0 0
          0 0 0 0 0 0 0 0 0 0 0 0
          0 0 0 0 0 0 0 0 0 0 0 0
          0 0 0 0 0 0 0 0 0.32124 0.318731 0.316102 0.313339
          0.310426 0.307344 0.304077 0.300606 0.296913 0.292982 0.288792 0.284323 0.279547 0.274398 0.268774 0.262559
          0.255625 0.247778 0.238778 0.228334 0.216053 0.201265 0.183837 0.163286 0.138842 0.10937 0.0733461 0.0352316
          0.00825306 0 0 0 0 0 0 0 0 0 0 0
          0 0 0 0 0 0 0 0 0 0 0 0
          0 0 0 0 0 0 0 0 0 0 0 0
          0 0 0 0 0 0 0 0 0 0 0 0
          0.393227 0.391343 0.389384 0.387344 0.385216 0.382994 0.380669 0.378234 0.37568 0.372997 0.370173 0.367197
          0.364049 0.360711 0.35716 0.353364 0.349296 0.344923 0.340203 0.335087 0.329516 0.323446 0.316768 0.309316
          0.300845 0.291051 0.279553 0.26569 0.248338 0.225342 0.193817 0.147822 0.072078 0.00554719 0 0
          0 0 0 0 0 0 0 0 0 0 0 0
          0 0 0 0 0 0 0 0 0 0 0 0
          0 0 0 0 0 0 0 0 0 0 0 0
          0 0 0 0
        </DataArray>
        <DataArray type="Float32" Name="p_gas" NumberOfComponents="1" format="ascii">
          1.81389e+07 1.81372e+07 1.81193e+07 1.81176e+07 1.81355e+07 1.81159e+07 1.81338e+07 1.81142e+07 1.8132e+07 1.81124e+07 1.81303e+07 1.81107e+07
          1.81286e+07 1.8109e+07 1.81268e+07 1.81072e+07 1.81251e+07 1.81055e+07 1.81233e+07 1.81037e+07 1.81216e+07 1.8102e+07 1.81198e+07 1.81002e+07
          1.8118e+07 1.80984e+07 1.81162e+07 1.80967e+07 1.81145e+07 1.80949e+07 1.81127e+07 1.80931e+07 1.81109e+07 1.80913e+07 1.81091e+07 1.80895e+07
          1.81073e+07 1.80877e+07 1.81055e+07 1.80859e+07 1.81036e+07 1.80841e+07 1.81018e+07 1.80822e+07 1.81e+07 1.80804e+07 1.80982e+07 1.80786e+07
          1.80964e+07 1.80768e+07 1.80945e+07 1.80749e+07 1.80927e+07 1.80731e+07 1.80909e+07 1.80713e+07 1.8089e+07 1.80694e+07 1.80872e+07 1.80676e+07
          1.80853e+07 1.80657e+07 1.80835e+07 1.80639e+07 1.80816e+07 1.80621e+07 1.80798e+07 1.80602e+07 1.8078e+07 1.80584e+07 1.80761e+07 1.80565e+07
          1.80743e+07 1.80547e+07 1.80724e+07 1.80528e+07 1.80706e+07 1.8051e+07 1.80687e+07 1.80491e+07 1.80669e+07 1.80473e+07 1.80651e+07 1.80455e+07
          1.80632e+07 1.80436e+07 1.80614e+07 1.80418e+07 1.80595e+07 1.80399e+07 1.80577e+07 1.80381e+07 1.80559e+07 1.80363e+07 1.80541e+07 1.80345e+07
          1.80522e+07 1.80326e+07 1.80504e+07 1.80308e+07 1.80486e+07 1.8029e+07 1.80468e+07 1.80272e+07 1.8045e+07 1.80254e+07 1.80432e+07 1.80236e+07
          1.80414e+07 1.80218e+07 1.80396e+07 1.802e+07 1.80378e+07 1.80182e+07 1.8036e+07 1.80164e+07 1.80342e+07 1.80146e+07 1.80324e+07 1.80128e+07
          1.80306e+07 1.8011e+07 1.80289e+07 1.80093e+07 1.80271e+07 1.80075e+07 1.80253e+07 1.80057e+07 1.80236e+07 1.8004e+07 1.80218e+07 1.80022e+07
          1.80201e+07 1.80005e+07 1.80183e+07 1.79987e+07 1.80166e+07 1.7997e+07 1.80149e+07 1.79953e+07 1.80132e+07 1.79935e+07 1.80114e+07 1.79918e+07
          1.80097e+07 1.79901e+07 1.8008e+07 1.79884e+07 1.80063e+07 1.79867e+07 1.80046e+07 1.7985e+07 1.80998e+07 1.80981e+07 1.80964e+07 1.80947e+07
          1.80929e+07 1.80912e+07 1.80895e+07 1.80877e+07 1.8086e+07 1.80842e+07 1.80825e+07 1.80807e+07 1.80789e+07 1.80771e+07 1.80754e+07 1.80736e+07
          1.80718e+07 1.807e+07 1.80682e+07 1.80663e+07 1.80645e+07 1.80627e+07 1.80609e+07 1.8059e+07 1.80572e+07 1.80554e+07 1.80536e+07 1.80517e+07
          1.80499e+07 1.8048e+07 1.80462e+07 1.80443e+07 1.80425e+07 1.80406e+07 1.80388e+07 1.8037e+07 1.80351e+07 1.80333e+07 1.80314e+07 1.80296e+07
          1.80277e+07 1.80259e+07 1.8024e+07 1.80222e+07 1.80204e+07 1.80185e+07 1.80167e+07 1.80149e+07 1.8013e+07 1.80112e+07 1.80094e+07 1.80076e+07
          1.80058e+07 1.8004e+07 1.80022e+07 1.80004e+07 1.79986e+07 1.79968e+07 1.7995e+07 1.79932e+07 1.79914e+07 1.79897e+07 1.79879e+07 1.79861e+07
          1.79844e+07 1.79826e+07 1.79809e+07 1.79791e+07 1.79774e+07 1.79757e+07 1.79739e+07 1.79722e+07 1.79705e+07 1.79688e+07 1.79671e+07 1.79654e+07
          1.80803e+07 1.80786e+07 1.80769e+07 1.80752e+07 1.80735e+07 1.80718e+07 1.807e+07 1.80683e+07 1.80665e+07 1.80648e+07 1.8063e+07 1.80612e+07
          1.80595e+07 1.80577e+07 1.80559e+07 1.80541e+07 1.80523e+07 1.80505e+07 1.80487e+07 1.80469e+07 1.8045e+07 1.80432e+07 1.80414e+07 1.80396e+07
          1.80377e+07 1.80359e+07 1.8034e+07 1.80322e+07 1.80304e+07 1.80285e+07 1.80267e+07 1.80248e+07 1.8023e+07 1.80211e+07 1.80193e+07 1.80174e+07
          1.80156e+07 1.80137e+07 1.80119e+07 1.801e+07 1.80082e+07 1.80063e+07 1.80045e+07 1.80027e+07 1.80008e+07 1.7999e+07 1.79971e+07 1.79953e+07
          1.79935e+07 1.79917e+07 1.79898e+07 1.7988e+07 1.79862e+07 1.79844e+07 1.79826e+07 1.79808e+07 1.7979e+07 1.79772e+07 1.79754e+07 1.79736e+07
          1.79718e+07 1.79701e+07 1.79683e+07 1.79665e+07 1.79648e+07 1.7963e+07 1.79613e+07 1.79595e+07 1.79578e+07 1.79561e+07 1.79543e+07 1.79526e+07
          1.79509e+07 1.79492e+07 1.79475e+07 1.79458e+07 1.8061e+07 1.80593e+07 1.80576e+07 1.80558e+07 1.80541e+07 1.80524e+07 1.80506e+07 1.80489e+07
          1.80471e+07 1.80454e+07 1.80436e+07 1.80418e+07 1.80401e+07 1.80383e+07 1.80365e+07 1.80347e+07 1.80329e+07 1.80311e+07 1.80292e+07 1.80274e+07
          1.80256e+07 1.80238e+07 1.8022e+07 1.80201e+07 1.80183e+07 1.80164e+07 1.80146e+07 1.80128e+07 1.80109e+07 1.80091e+07 1.80072e+07 1.80054e+07
          1.80035e+07 1.80016e+07 1.79998e+07 1.79979e+07 1.79961e+07 1.79942e+07 1.79924e+07 1.79905e+07 1.79887e+07 1.79868e+07 1.7985e+07 1.79831e+07
          1.79813e+07 1.79795e+07 1.79776e+07 1.79758e+07 1.7974e+07 1.79721e+07 1.79703e+07 1.79685e+07 1.79667e+07 1.79648e+07 1.7963e+07 1.79612e+07
          1.79594e+07 1.79576e+07 1.79558e+07 1.79541e+07 1.79523e+07 1.79505e+07 1.79487e+07 1.7947e+07 1.79452e+07 1.79434e+07 1.79417e+07 1.794e+07
          1.79382e+07 1.79365e+07 1.79348e+07 1.7933e+07 1.79313e+07 1.79296e+07 1.79279e+07 1.79262e+07 1.80417e+07 1.804e+07 1.80383e+07 1.80365e+07
          1.80348e+07 1.80331e+07 1.80313e+07 1.80296e+07 1.80278e+07 1.80261e+07 1.80243e+07 1.80225e+07 1.80207e+07 1.80189e+07 1.80171e+07 1.80153e+07
          1.80135e+07 1.80117e+07 1.80099e+07 1.80081e+07 1.80062e+07 1.80044e+07 1.80026e+07 1.80007e+07 1.79989e+07 1.7997e+07 1.79952e+07 1.79933e+07
          1.79915e+07 1.79896e+07 1.79878e+07 1.79859e+07 1.79841e+07 1.79822e+07 1.79803e+07 1.79785e+07 1.79766e+07 1.79748e+07 1.79729e+07 1.79711e+07
          1.79692e+07 1.79673e+07 1.79655e+07 1.79636e+07 1.79618e+07 1.796e+07 1.79581e+07 1.79563e+07 1.79544e+07 1.79526e+07 1.79508e+07 1.79489e+07
          1.79471e+07 1.79453e+07 1.79435e+07 1.79417e+07 1.79399e+07 1.79381e+07 1.79363e+07 1.79345e+07 1.79327e+07 1.79309e+07 1.79292e+07 1.79274e+07
          1.79256e+07 1.79239e+07 1.79221e+07 1.79204e+07 1.79186e+07 1.79169e+07 1.79152e+07 1.79135e+07 1.79117e+07 1.791e+07 1.79083e+07 1.79066e+07
          1.80224e+07 1.80207e+07 1.8019e+07 1.80173e+07 1.80156e+07 1.80138e+07 1.80121e+07 1.80103e+07 1.80086e+07 1.80068e+07 1.8005e+07 1.80032e+07
          1.80014e+07 1.79996e+07 1.79978e+07 1.7996e+07 1.79942e+07 1.79924e+07 1.79906e+07 1.79887e+07 1.79869e+07 1.79851e+07 1.79832e+07 1.79814e+07
          1.79795e+07 1.79777e+07 1.79758e+07 1.7974e+07 1.79721e+07 1.79702e+07 1.79684e+07 1.79665e+07 1.79647e+07 1.79628e+07 1.79609e+07 1.79591e+07
          1.79572e+07 1.79553e+07 1.79535e+07 1.79516e+07 1.79497e+07 1.79479e+07 1.7946e+07 1.79442e+07 1.79423e+07 1.79405e+07 1.79386e+07 1.79368e+07
          1.79349e+07 1.79331e+07 1.79313e+07 1.79294e+07 1.79276e+07 1.79258e+07 1.7924e+07 1.79222e+07 1.79204e+07 1.79186e+07 1.79168e+07 1.7915e+07
          1.79132e+07 1.79114e+07 1.79096e+07 1.79078e+07 1.79061e+07 1.79043e+07 1.79026e+07 1.79008e+07 1.78991e+07 1.78973e+07 1.78956e+07 1.78939e+07
          1.78922e+07 1.78904e+07 1.78887e+07 1.7887e+07 1.80033e+07 1.80016e+07 1.79999e+07 1.79981e+07 1.79964e+07 1.79947e+07 1.79929e+07 1.79911e+07
          1.79894e+07 1.79876e+07 1.79858e+07 1.7984e+07 1.79822e+07 1.79804e+07 1.79786e+07 1.79768e+07 1.7975e+07 1.79731e+07 1.79713e+07 1.79695e+07
          1.79676e+07 1.79658e+07 1.79639e+07 1.79621e+07 1.79602e+07 1.79584e+07 1.79565e+07 1.79546e+07 1.79528e+07 1.79509e+07 1.7949e+07 1.79472e+07
          1.79453e+07 1.79434e+07 1.79416e+07 1.79397e+07 1.79378e+07 1.79359e+07 1.79341e+07 1.79322e+07 1.79303e+07 1.79285e+07 1.79266e+07 1.79247e+07
          1.79229e+07 1.7921e+07 1.79192e+07 1.79173e+07 1.79155e+07 1.79136e+07 1.79118e+07 1.79099e+07 1.79081e+07 1.79063e+07 1.79045e+07 1.79026e+07
          1.79008e+07 1.7899e+07 1.78972e+07 1.78954e+07 1.78936e+07 1.78919e+07 1.78901e+07 1.78883e+07 1.78865e+07 1.78848e+07 1.7883e+07 1.78813e+07
          1.78795e+07 1.78778e+07 1.7876e+07 1.78743e+07 1.78726e+07 1.78709e+07 1.78692e+07 1.78675e+07 1.79842e+07 1.79825e+07 1.79808e+07 1.7979e+07
          1.79773e+07 1.79755e+07 1.79738e+07 1.7972e+07 1.79702e+07 1.79685e+07 1.79667e+07 1.79649e+07 1.79631e+07 1.79613e+07 1.79594e+07 1.79576e+07
          1.79558e+07 1.7954e+07 1.79521e+07 1.79503e+07 1.79484e+07 1.79466e+07 1.79447e+07 1.79428e+07 1.7941e+07 1.79391e+07 1.79372e+07 1.79354e+07
          1.79335e+07 1.79316e+07 1.79297e+07 1.79279e+07 1.7926e+07 1.79241e+07 1.79222e+07 1.79203e+07 1.79184e+07 1.79166e+07 1.79147e+07 1.79128e+07
          1.79109e+07 1.79091e+07 1.79072e+07 1.79053e+07 1.79034e+07 1.79016e+07 1.78997e+07 1.78979e+07 1.7896e+07 1.78942e+07 1.78923e+07 1.78905e+07
          1.78886e+07 1.78868e+07 1.7885e+07 1.78832e+07 1.78813e+07 1.78795e+07 1.78777e+07 1.78759e+07 1.78741e+07 1.78723e+07 1.78705e+07 1.78688e+07
          1.7867e+07 1.78652e+07 1.78635e+07 1.78617e+07 1.786e+07 1.78582e+07 1.78565e+07 1.78547e+07 1.7853e+07 1.78513e+07 1.78496e+07 1.78479e+07
          1.79652e+07 1.79635e+07 1.79618e+07 1.796e+07 1.79583e+07 1.79565e+07 1.79547e+07 1.7953e+07 1.79512e+07 1.79494e+07 1.79476e+07 1.79458e+07
          1.7944e+07 1.79422e+07 1.79403e+07 1.79385e+07 1.79367e+07 1.79348e+07 1.7933e+07 1.79311e+07 1.79293e+07 1.79274e+07 1.79255e+07 1.79237e+07
          1.79218e+07 1.79199e+07 1.7918e+07 1.79161e+07 1.79143e+07 1.79124e+07 1.79105e+07 1.79086e+07 1.79067e+07 1.79048e+07 1.79029e+07 1.7901e+07
          1.78991e+07 1.78972e+07 1.78953e+07 1.78935e+07 1.78916e+07 1.78897e+07 1.78878e+07 1.78859e+07 1.7884e+07 1.78822e+07 1.78803e+07 1.78784e+07
          1.78766e+07 1.78747e+07 1.78729e+07 1.7871e+07 1.78692e+07 1.78673e+07 1.78655e+07 1.78637e+07 1.78618e+07 1.786e+07 1.78582e+07 1.78564e+07
          1.78546e+07 1.78528e+07 1.7851e+07 1.78492e+07 1.78475e+07 1.78457e+07 1.78439e+07 1.78422e+07 1.78404e+07 1.78387e+07 1.78369e+07 1.78352e+07
          1.78335e+07 1.78317e+07 1.783e+07 1.78283e+07 1.79463e+07 1.79446e+07 1.79428e+07 1.79411e+07 1.79393e+07 1.79375e+07 1.79358e+07 1.7934e+07
          1.79322e+07 1.79304e+07 1.79286e+07 1.79268e+07 1.7925e+07 1.79231e+07 1.79213e+07 1.79195e+07 1.79176e+07 1.79158e+07 1.79139e+07 1.7912e+07
          1.79102e+07 1.79083e+07 1.79064e+07 1.79045e+07 1.79026e+07 1.79007e+07 1.78988e+07 1.7897e+07 1.78951e+07 1.78932e+07 1.78913e+07 1.78894e+07
          1.78874e+07 1.78855e+07 1.78836e+07 1.78817e+07 1.78798e+07 1.78779e+07 1.7876e+07 1.78741e+07 1.78722e+07 1.78703e+07 1.78684e+07 1.78666e+07
          1.78647e+07 1.78628e+07 1.78609e+07 1.7859e+07 1.78572e+07 1.78553e+07 1.78534e+07 1.78516e+07 1.78497e+07 1.78479e+07 1.7846e+07 1.78442e+07
          1.78424e+07 1.78405e+07 1.78387e+07 1.78369e+07 1.78351e+07 1.78333e+07 1.78315e+07 1.78297e+07 1.78279e+07 1.78262e+07 1.78244e+07 1.78226e+07
          1.78209e+07 1.78191e+07 1.78174e+07 1.78156e+07 1.78139e+07 1.78122e+07 1.78105e+07 1.78088e+07 1.79274e+07 1.79257e+07 1.79239e+07 1.79222e+07
          1.79204e+07 1.79187e+07 1.79169e+07 1.79151e+07 1.79133e+07 1.79115e+07 1.79097e+07 1.79078e+07 1.7906e+07 1.79042e+07 1.79023e+07 1.79005e+07
          1.78986e+07 1.78967e+07 1.78949e+07 1.7893e+07 1.78911e+07 1.78892e+07 1.78873e+07 1.78854e+07 1.78835e+07 1.78816e+07 1.78797e+07 1.78778e+07
          1.78759e+07 1.7874e+07 1.78721e+07 1.78702e+07 1.78682e+07 1.78663e+07 1.78644e+07 1.78625e+07 1.78606e+07 1.78587e+07 1.78567e+07 1.78548e+07
          1.78529e+07 1.7851e+07 1.78491e+07 1.78472e+07 1.78453e+07 1.78434e+07 1.78415e+07 1.78396e+07 1.78378e+07 1.78359e+07 1.7834e+07 1.78321e+07
          1.78303e+07 1.78284e+07 1.78266e+07 1.78247e+07 1.78229e+07 1.78211e+07 1.78192e+07 1.78174e+07 1.78156e+07 1.78138e+07 1.7812e+07 1.78102e+07
          1.78084e+07 1.78066e+07 1.78049e+07 1.78031e+07 1.78013e+07 1.77996e+07 1.77978e+07 1.77961e+07 1.77944e+07 1.77926e+07 1.77909e+07 1.77892e+07
          1.79086e+07 1.79069e+07 1.79052e+07 1.79034e+07 1.79016e+07 1.78998e+07 1.7898e+07 1.78962e+07 1.78944e+07 1.78926e+07 1.78908e+07 1.7889e+07
          1.78871e+07 1.78853e+07 1.78834e+07 1.78815e+07 1.78797e+07 1.78778e+07 1.78759e+07 1.7874e+07 1.78721e+07 1.78702e+07 1.78683e+07 1.78664e+07
          1.78645e+07 1.78626e+07 1.78606e+07 1.78587e+07 1.78568e+07 1.78549e+07 1.78529e+07 1.7851e+07 1.78491e+07 1.78471e+07 1.78452e+07 1.78433e+07
          1.78413e+07 1.78394e+07 1.78375e+07 1.78356e+07 1.78336e+07 1.78317e+07 1.78298e+07 1.78279e+07 1.7826e+07 1.78241e+07 1.78222e+07 1.78203e+07
          1.78184e+07 1.78165e+07 1.78146e+07 1.78127e+07 1.78109e+07 1.7809e+07 1.78071e+07 1.78053e+07 1.78034e+07 1.78016e+07 1.77998e+07 1.77979e+07
          1.77961e+07 1.77943e+07 1.77925e+07 1.77907e+07 1.77889e+07 1.77871e+07 1.77853e+07 1.77836e+07 1.77818e+07 1.778e+07 1.77783e+07 1.77765e+07
          1.77748e+07 1.77731e+07 1.77714e+07 1.77696e+07 1.78899e+07 1.78882e+07 1.78864e+07 1.78847e+07 1.78829e+07 1.78811e+07 1.78793e+07 1.78775e+07
          1.78757e+07 1.78738e+07 1.7872e+07 1.78701e+07 1.78683e+07 1.78664e+07 1.78646e+07 1.78627e+07 1.78608e+07 1.78589e+07 1.7857e+07 1.78551e+07
          1.78532e+07 1.78513e+07 1.78494e+07 1.78474e+07 1.78455e+07 1.78436e+07 1.78416e+07 1.78397e+07 1.78377e+07 1.78358e+07 1.78338e+07 1.78319e+07
          1.78299e+07 1.7828e+07 1.7826e+07 1.78241e+07 1.78222e+07 1.78202e+07 1.78183e+07 1.78163e+07 1.78144e+07 1.78124e+07 1.78105e+07 1.78086e+07
          1.78067e+07 1.78047e+07 1.78028e+07 1.78009e+07 1.7799e+07 1.77971e+07 1.77952e+07 1.77933e+07 1.77914e+07 1.77896e+07 1.77877e+07 1.77858e+07
          1.7784e+07 1.77821e+07 1.77803e+07 1.77785e+07 1.77766e+07 1.77748e+07 1.7773e+07 1.77712e+07 1.77694e+07 1.77676e+07 1.77658e+07 1.7764e+07
          1.77623e+07 1.77605e+07 1.77588e+07 1.7757e+07 1.77553e+07 1.77535e+07 1.77518e+07 1.77501e+07 1.78713e+07 1.78696e+07 1.78678e+07 1.7866e+07
          1.78642e+07 1.78624e+07 1.78606e+07 1.78588e+07 1.7857e+07 1.78551e+07 1.78533e+07 1.78514e+07 1.78495e+07 1.78477e+07 1.78458e+07 1.78439e+07
          1.7842e+07 1.78401e+07 1.78382e+07 1.78362e+07 1.78343e+07 1.78324e+07 1.78304e+07 1.78285e+07 1.78266e+07 1.78246e+07 1.78226e+07 1.78207e+07
          1.78187e+07 1.78168e+07 1.78148e+07 1.78128e+07 1.78109e+07 1.78089e+07 1.78069e+07 1.7805e+07 1.7803e+07 1.7801e+07 1.77991e+07 1.77971e+07
          1.77952e+07 1.77932e+07 1.77912e+07 1.77893e+07 1.77874e+07 1.77854e+07 1.77835e+07 1.77816e+07 1.77797e+07 1.77778e+07 1.77758e+07 1.77739e+07
          1.77721e+07 1.77702e+07 1.77683e+07 1.77664e+07 1.77646e+07 1.77627e+07 1.77608e+07 1.7759e+07 1.77572e+07 1.77553e+07 1.77535e+07 1.77517e+07
          1.77499e+07 1.77481e+07 1.77463e+07 1.77445e+07 1.77427e+07 1.7741e+07 1.77392e+07 1.77375e+07 1.77357e+07 1.7734e+07 1.77322e+07 1.77305e+07
          1.78528e+07 1.7851e+07 1.78492e+07 1.78474e+07 1.78456e+07 1.78438e+07 1.7842e+07 1.78402e+07 1.78383e+07 1.78365e+07 1.78346e+07 1.78327e+07
          1.78309e+07 1.7829e+07 1.78271e+07 1.78252e+07 1.78233e+07 1.78213e+07 1.78194e+07 1.78175e+07 1.78155e+07 1.78136e+07 1.78116e+07 1.78096e+07
          1.78077e+07 1.78057e+07 1.78037e+07 1.78017e+07 1.77998e+07 1.77978e+07 1.77958e+07 1.77938e+07 1.77918e+07 1.77898e+07 1.77878e+07 1.77858e+07
          1.77839e+07 1.77819e+07 1.77799e+07 1.77779e+07 1.77759e+07 1.7774e+07 1.7772e+07 1.777e+07 1.77681e+07 1.77661e+07 1.77642e+07 1.77623e+07
          1.77603e+07 1.77584e+07 1.77565e+07 1.77546e+07 1.77527e+07 1.77508e+07 1.77489e+07 1.7747e+07 1.77451e+07 1.77432e+07 1.77414e+07 1.77395e+07
          1.77377e+07 1.77359e+07 1.7734e+07 1.77322e+07 1.77304e+07 1.77286e+07 1.77268e+07 1.7725e+07 1.77232e+07 1.77215e+07 1.77197e+07 1.77179e+07
          1.77162e+07 1.77144e+07 1.77127e+07 1.7711e+07 1.78343e+07 1.78325e+07 1.78308e+07 1.7829e+07 1.78271e+07 1.78253e+07 1.78235e+07 1.78216e+07
          1.78198e+07 1.78179e+07 1.7816e+07 1.78142e+07 1.78123e+07 1.78104e+07 1.78084e+07 1.78065e+07 1.78046e+07 1.78026e+07 1.78007e+07 1.77987e+07
          1.77968e+07 1.77948e+07 1.77928e+07 1.77908e+07 1.77888e+07 1.77869e+07 1.77849e+07 1.77828e+07 1.77808e+07 1.77788e+07 1.77768e+07 1.77748e+07
          1.77728e+07 1.77708e+07 1.77688e+07 1.77668e+07 1.77648e+07 1.77628e+07 1.77608e+07 1.77588e+07 1.77568e+07 1.77548e+07 1.77528e+07 1.77508e+07
          1.77488e+07 1.77469e+07 1.77449e+07 1.77429e+07 1.7741e+07 1.77391e+07 1.77371e+07 1.77352e+07 1.77333e+07 1.77314e+07 1.77295e+07 1.77276e+07
          1.77257e+07 1.77238e+07 1.77219e+07 1.77201e+07 1.77182e+07 1.77164e+07 1.77145e+07 1.77127e+07 1.77109e+07 1.77091e+07 1.77073e+07 1.77055e+07
          1.77037e+07 1.77019e+07 1.77002e+07 1.76984e+07 1.76966e+07 1.76949e+07 1.76932e+07 1.76914e+07 1.78159e+07 1.78142e+07 1.78124e+07 1.78106e+07
          1.78087e+07 1.78069e+07 1.7805e+07 1.78032e+07 1.78013e+07 1.77994e+07 1.77976e+07 1.77956e+07 1.77937e+07 1.77918e+07 1.77899e+07 1.77879e+07
          1.7786e+07 1.7784e+07 1.77821e+07 1.77801e+07 1.77781e+07 1.77761e+07 1.77741e+07 1.77721e+07 1.77701e+07 1.77681e+07 1.7766e+07 1.7764e+07
          1.7762e+07 1.77599e+07 1.77579e+07 1.77559e+07 1.77538e+07 1.77518e+07 1.77498e+07 1.77477e+07 1.77457e+07 1.77437e+07 1.77416e+07 1.77396e+07
          1.77376e+07 1.77356e+07 1.77336e+07 1.77316e+07 1.77296e+07 1.77276e+07 1.77256e+07 1.77236e+07 1.77217e+07 1.77197e+07 1.77178e+07 1.77158e+07
          1.77139e+07 1.7712e+07 1.77101e+07 1.77082e+07 1.77063e+07 1.77044e+07 1.77025e+07 1.77006e+07 1.76988e+07 1.76969e+07 1.76951e+07 1.76932e+07
          1.76914e+07 1.76896e+07 1.76878e+07 1.7686e+07 1.76842e+07 1.76824e+07 1.76806e+07 1.76789e+07 1.76771e+07 1.76753e+07 1.76736e+07 1.76719e+07
          1.77977e+07 1.77959e+07 1.77941e+07 1.77922e+07 1.77904e+07 1.77885e+07 1.77867e+07 1.77848e+07 1.77829e+07 1.7781e+07 1.77791e+07 1.77772e+07
          1.77753e+07 1.77734e+07 1.77714e+07 1.77694e+07 1.77675e+07 1.77655e+07 1.77635e+07 1.77615e+07 1.77595e+07 1.77575e+07 1.77554e+07 1.77534e+07
          1.77514e+07 1.77493e+07 1.77473e+07 1.77452e+07 1.77432e+07 1.77411e+07 1.7739e+07 1.7737e+07 1.77349e+07 1.77328e+07 1.77308e+07 1.77287e+07
          1.77267e+07 1.77246e+07 1.77225e+07 1.77205e+07 1.77185e+07 1.77164e+07 1.77144e+07 1.77124e+07 1.77104e+07 1.77083e+07 1.77063e+07 1.77044e+07
          1.77024e+07 1.77004e+07 1.76984e+07 1.76965e+07 1.76945e+07 1.76926e+07 1.76907e+07 1.76887e+07 1.76868e+07 1.76849e+07 1.76831e+07 1.76812e+07
          1.76793e+07 1.76774e+07 1.76756e+07 1.76737e+07 1.76719e+07 1.76701e+07 1.76683e+07 1.76665e+07 1.76647e+07 1.76629e+07 1.76611e+07 1.76593e+07
          1.76576e+07 1.76558e+07 1.76541e+07 1.76523e+07 1.77795e+07 1.77776e+07 1.77758e+07 1.7774e+07 1.77721e+07 1.77703e+07 1.77684e+07 1.77665e+07
          1.77646e+07 1.77627e+07 1.77608e+07 1.77589e+07 1.77569e+07 1.7755e+07 1.7753e+07 1.7751e+07 1.7749e+07 1.7747e+07 1.7745e+07 1.7743e+07
          1.7741e+07 1.77389e+07 1.77369e+07 1.77348e+07 1.77327e+07 1.77307e+07 1.77286e+07 1.77265e+07 1.77244e+07 1.77223e+07 1.77202e+07 1.77181e+07
          1.7716e+07 1.77139e+07 1.77118e+07 1.77097e+07 1.77076e+07 1.77056e+07 1.77035e+07 1.77014e+07 1.76993e+07 1.76973e+07 1.76952e+07 1.76932e+07
          1.76911e+07 1.76891e+07 1.76871e+07 1.76851e+07 1.76831e+07 1.76811e+07 1.76791e+07 1.76771e+07 1.76752e+07 1.76732e+07 1.76713e+07 1.76693e+07
          1.76674e+07 1.76655e+07 1.76636e+07 1.76617e+07 1.76598e+07 1.7658e+07 1.76561e+07 1.76543e+07 1.76524e+07 1.76506e+07 1.76488e+07 1.76469e+07
          1.76451e+07 1.76433e+07 1.76416e+07 1.76398e+07 1.7638e+07 1.76363e+07 1.76345e+07 1.76328e+07 1.77613e+07 1.77595e+07 1.77577e+07 1.77558e+07
          1.7754e+07 1.77521e+07 1.77502e+07 1.77483e+07 1.77464e+07 1.77445e+07 1.77426e+07 1.77406e+07 1.77386e+07 1.77367e+07 1.77347e+07 1.77327e+07
          1.77307e+07 1.77286e+07 1.77266e+07 1.77246e+07 1.77225e+07 1.77204e+07 1.77183e+07 1.77163e+07 1.77142e+07 1.7712e+07 1.77099e+07 1.77078e+07
          1.77057e+07 1.77036e+07 1.77014e+07 1.76993e+07 1.76972e+07 1.7695e+07 1.76929e+07 1.76908e+07 1.76887e+07 1.76865e+07 1.76844e+07 1.76823e+07
          1.76802e+07 1.76781e+07 1.7676e+07 1.7674e+07 1.76719e+07 1.76699e+07 1.76678e+07 1.76658e+07 1.76638e+07 1.76617e+07 1.76597e+07 1.76578e+07
          1.76558e+07 1.76538e+07 1.76519e+07 1.76499e+07 1.7648e+07 1.76461e+07 1.76442e+07 1.76423e+07 1.76404e+07 1.76385e+07 1.76366e+07 1.76348e+07
          1.76329e+07 1.76311e+07 1.76292e+07 1.76274e+07 1.76256e+07 1.76238e+07 1.7622e+07 1.76202e+07 1.76185e+07 1.76167e+07 1.7615e+07 1.76132e+07
          1.77433e+07 1.77415e+07 1.77397e+07 1.77378e+07 1.77359e+07 1.7734e+07 1.77321e+07 1.77302e+07 1.77283e+07 1.77264e+07 1.77244e+07 1.77224e+07
          1.77205e+07 1.77185e+07 1.77165e+07 1.77144e+07 1.77124e+07 1.77103e+07 1.77083e+07 1.77062e+07 1.77041e+07 1.7702e+07 1.76999e+07 1.76978e+07
          1.76956e+07 1.76935e+07 1.76914e+07 1.76892e+07 1.7687e+07 1.76849e+07 1.76827e+07 1.76805e+07 1.76784e+07 1.76762e+07 1.7674e+07 1.76719e+07
          1.76697e+07 1.76675e+07 1.76654e+07 1.76632e+07 1.76611e+07 1.7659e+07 1.76569e+07 1.76548e+07 1.76527e+07 1.76506e+07 1.76485e+07 1.76465e+07
          1.76444e+07 1.76424e+07 1.76404e+07 1.76384e+07 1.76364e+07 1.76344e+07 1.76325e+07 1.76305e+07 1.76286e+07 1.76266e+07 1.76247e+07 1.76228e+07
          1.76209e+07 1.7619e+07 1.76171e+07 1.76153e+07 1.76134e+07 1.76116e+07 1.76097e+07 1.76079e+07 1.76061e+07 1.76043e+07 1.76025e+07 1.76007e+07
          1.75989e+07 1.75972e+07 1.75954e+07 1.75936e+07 1.77254e+07 1.77236e+07 1.77217e+07 1.77198e+07 1.7718e+07 1.77161e+07 1.77142e+07 1.77122e+07
          1.77103e+07 1.77083e+07 1.77064e+07 1.77044e+07 1.77024e+07 1.77004e+07 1.76983e+07 1.76963e+07 1.76942e+07 1.76921e+07 1.769e+07 1.76879e+07
          1.76858e+07 1.76837e+07 1.76815e+07 1.76794e+07 1.76772e+07 1.7675e+07 1.76729e+07 1.76707e+07 1.76685e+07 1.76662e+07 1.7664e+07 1.76618e+07
          1.76596e+07 1.76574e+07 1.76552e+07 1.7653e+07 1.76508e+07 1.76486e+07 1.76464e+07 1.76442e+07 1.7642e+07 1.76399e+07 1.76377e+07 1.76356e+07
          1.76335e+07 1.76314e+07 1.76293e+07 1.76272e+07 1.76251e+07 1.76231e+07 1.7621e+07 1.7619e+07 1.7617e+07 1.7615e+07 1.7613e+07 1.76111e+07
          1.76091e+07 1.76072e+07 1.76052e+07 1.76033e+07 1.76014e+07 1.75995e+07 1.75976e+07 1.75958e+07 1.75939e+07 1.7592e+07 1.75902e+07 1.75884e+07
          1.75866e+07 1.75847e+07 1.75829e+07 1.75812e+07 1.75794e+07 1.75776e+07 1.75758e+07 1.75741e+07 1.77076e+07 1.77057e+07 1.77038e+07 1.7702e+07
          1.77001e+07 1.76982e+07 1.76963e+07 1.76943e+07 1.76924e+07 1.76904e+07 1.76884e+07 1.76864e+07 1.76844e+07 1.76823e+07 1.76803e+07 1.76782e+07
          1.76761e+07 1.7674e+07 1.76719e+07 1.76698e+07 1.76676e+07 1.76655e+07 1.76633e+07 1.76611e+07 1.76589e+07 1.76567e+07 1.76544e+07 1.76522e+07
          1.76499e+07 1.76477e+07 1.76454e+07 1.76431e+07 1.76409e+07 1.76386e+07 1.76363e+07 1.76341e+07 1.76318e+07 1.76296e+07 1.76273e+07 1.76251e+07
          1.76229e+07 1.76207e+07 1.76185e+07 1.76164e+07 1.76142e+07 1.76121e+07 1.761e+07 1.76079e+07 1.76058e+07 1.76037e+07 1.76017e+07 1.75996e+07
          1.75976e+07 1.75956e+07 1.75936e+07 1.75916e+07 1.75897e+07 1.75877e+07 1.75858e+07 1.75838e+07 1.75819e+07 1.758e+07 1.75781e+07 1.75762e+07
          1.75744e+07 1.75725e+07 1.75707e+07 1.75688e+07 1.7567e+07 1.75652e+07 1.75634e+07 1.75616e+07 1.75598e+07 1.7558e+07 1.75563e+07 1.75545e+07
          1.76898e+07 1.7688e+07 1.76861e+07 1.76842e+07 1.76823e+07 1.76804e+07 1.76785e+07 1.76765e+07 1.76746e+07 1.76726e+07 1.76706e+07 1.76685e+07
          1.76665e+07 1.76644e+07 1.76624e+07 1.76603e+07 1.76582e+07 1.7656e+07 1.76539e+07 1.76517e+07 1.76495e+07 1.76473e+07 1.76451e+07 1.76429e+07
          1.76406e+07 1.76384e+07 1.76361e+07 1.76338e+07 1.76315e+07 1.76292e+07 1.76268e+07 1.76245e+07 1.76222e+07 1.76199e+07 1.76175e+07 1.76152e+07
          1.76129e+07 1.76106e+07 1.76083e+07 1.76061e+07 1.76038e+07 1.76016e+07 1.75994e+07 1.75972e+07 1.7595e+07 1.75928e+07 1.75907e+07 1.75886e+07
          1.75865e+07 1.75844e+07 1.75823e+07 1.75802e+07 1.75782e+07 1.75762e+07 1.75742e+07 1.75722e+07 1.75702e+07 1.75682e+07 1.75663e+07 1.75643e+07
          1.75624e+07 1.75605e+07 1.75586e+07 1.75567e+07 1.75548e+07 1.7553e+07 1.75511e+07 1.75493e+07 1.75475e+07 1.75456e+07 1.75438e+07 1.7542e+07
          1.75403e+07 1.75385e+07 1.75367e+07 1.75349e+07 1.76722e+07 1.76703e+07 1.76683e+07 1.76664e+07 1.76646e+07 1.76627e+07 1.76608e+07 1.76588e+07
          1.76569e+07 1.76549e+07 1.76528e+07 1.76508e+07 1.76487e+07 1.76466e+07 1.76445e+07 1.76424e+07 1.76403e+07 1.76382e+07 1.7636e+07 1.76338e+07
          1.76316e+07 1.76293e+07 1.7627e+07 1.76248e+07 1.76225e+07 1.76202e+07 1.76178e+07 1.76155e+07 1.76131e+07 1.76107e+07 1.76083e+07 1.76059e+07
          1.76035e+07 1.76011e+07 1.75988e+07 1.75964e+07 1.7594e+07 1.75916e+07 1.75893e+07 1.7587e+07 1.75847e+07 1.75824e+07 1.75802e+07 1.75779e+07
          1.75757e+07 1.75735e+07 1.75714e+07 1.75692e+07 1.75671e+07 1.7565e+07 1.75629e+07 1.75608e+07 1.75588e+07 1.75567e+07 1.75547e+07 1.75527e+07
          1.75507e+07 1.75487e+07 1.75468e+07 1.75448e+07 1.75429e+07 1.7541e+07 1.75391e+07 1.75372e+07 1.75353e+07 1.75334e+07 1.75316e+07 1.75297e+07
          1.75279e+07 1.75261e+07 1.75243e+07 1.75225e+07 1.75207e+07 1.75189e+07 1.75171e+07 1.75154e+07 1.76545e+07 1.76524e+07 1.76505e+07 1.76487e+07
          1.76469e+07 1.76451e+07 1.76433e+07 1.76414e+07 1.76394e+07 1.76373e+07 1.76352e+07 1.76331e+07 1.76309e+07 1.76289e+07 1.76268e+07 1.76247e+07
          1.76226e+07 1.76204e+07 1.76182e+07 1.7616e+07 1.76137e+07 1.76114e+07 1.76091e+07 1.76068e+07 1.76044e+07 1.76021e+07 1.75997e+07 1.75973e+07
          1.75948e+07 1.75924e+07 1.75899e+07 1.75874e+07 1.75849e+07 1.75825e+07 1.758e+07 1.75775e+07 1.75751e+07 1.75726e+07 1.75702e+07 1.75679e+07
          1.75655e+07 1.75632e+07 1.75609e+07 1.75586e+07 1.75564e+07 1.75542e+07 1.7552e+07 1.75498e+07 1.75477e+07 1.75456e+07 1.75434e+07 1.75414e+07
          1.75393e+07 1.75372e+07 1.75352e+07 1.75332e+07 1.75312e+07 1.75292e+07 1.75273e+07 1.75253e+07 1.75234e+07 1.75214e+07 1.75195e+07 1.75176e+07
          1.75158e+07 1.75139e+07 1.7512e+07 1.75102e+07 1.75083e+07 1.75065e+07 1.75047e+07 1.75029e+07 1.75011e+07 1.74993e+07 1.74976e+07 1.74958e+07
          1.76527e+07 1.76495e+07 1.76462e+07 1.76427e+07 1.76391e+07 1.76354e+07 1.76315e+07 1.76275e+07 1.76236e+07 1.76203e+07 1.76175e+07 1.76152e+07
          1.76132e+07 1.76111e+07 1.76091e+07 1.76071e+07 1.76051e+07 1.76029e+07 1.76007e+07 1.75984e+07 1.7596e+07 1.75936e+07 1.75912e+07 1.75889e+07
          1.75865e+07 1.75841e+07 1.75817e+07 1.75792e+07 1.75767e+07 1.75741e+07 1.75715e+07 1.7569e+07 1.75664e+07 1.75638e+07 1.75612e+07 1.75587e+07
          1.75561e+07 1.75536e+07 1.75511e+07 1.75487e+07 1.75463e+07 1.75439e+07 1.75416e+07 1.75393e+07 1.7537e+07 1.75348e+07 1.75326e+07 1.75304e+07
          1.75282e+07 1.75261e+07 1.7524e+07 1.75219e+07 1.75198e+07 1.75177e+07 1.75157e+07 1.75137e+07 1.75117e+07 1.75097e+07 1.75077e+07 1.75058e+07
          1.75038e+07 1.75019e+07 1.75e+07 1.74981e+07 1.74962e+07 1.74943e+07 1.74925e+07 1.74906e+07 1.74888e+07 1.74869e+07 1.74851e+07 1.74833e+07
          1.74815e+07 1.74797e+07 1.7478e+07 1.74762e+07 1.76503e+07 1.7647e+07 1.76436e+07 1.76402e+07 1.76367e+07 1.76332e+07 1.76297e+07 1.76261e+07
          1.76226e+07 1.76192e+07 1.76158e+07 1.76124e+07 1.76089e+07 1.76052e+07 1.76013e+07 1.75973e+07 1.75932e+07 1.75889e+07 1.75847e+07 1.75811e+07
          1.75781e+07 1.75756e+07 1.75733e+07 1.7571e+07 1.75687e+07 1.75664e+07 1.7564e+07 1.75614e+07 1.75587e+07 1.75559e+07 1.75532e+07 1.75506e+07
          1.75479e+07 1.75452e+07 1.75425e+07 1.75398e+07 1.75371e+07 1.75345e+07 1.7532e+07 1.75295e+07 1.7527e+07 1.75246e+07 1.75222e+07 1.75199e+07
          1.75176e+07 1.75154e+07 1.75131e+07 1.75109e+07 1.75088e+07 1.75066e+07 1.75045e+07 1.75024e+07 1.75003e+07 1.74982e+07 1.74962e+07 1.74941e+07
          1.74921e+07 1.74901e+07 1.74882e+07 1.74862e+07 1.74843e+07 1.74823e+07 1.74804e+07 1.74785e+07 1.74766e+07 1.74747e+07 1.74729e+07 1.7471e+07
          1.74692e+07 1.74674e+07 1.74655e+07 1.74637e+07 1.74619e+07 1.74601e+07 1.74584e+07 1.74566e+07 1.7648e+07 1.76446e+07 1.76412e+07 1.76378e+07
          1.76344e+07 1.7631e+07 1.76275e+07 1.7624e+07 1.76205e+07 1.7617e+07 1.76135e+07 1.761e+07 1.76064e+07 1.76028e+07 1.7599e+07 1.75952e+07
          1.75914e+07 1.75876e+07 1.75837e+07 1.758e+07 1.75763e+07 1.75724e+07 1.75683e+07 1.7564e+07 1.75594e+07 1.75546e+07 1.75496e+07 1.75447e+07
          1.75406e+07 1.75374e+07 1.75348e+07 1.75322e+07 1.75297e+07 1.75268e+07 1.75236e+07 1.75207e+07 1.75179e+07 1.75152e+07 1.75126e+07 1.75101e+07
          1.75076e+07 1.75052e+07 1.75028e+07 1.75004e+07 1.74981e+07 1.74959e+07 1.74936e+07 1.74914e+07 1.74892e+07 1.74871e+07 1.74849e+07 1.74828e+07
          1.74807e+07 1.74787e+07 1.74766e+07 1.74746e+07 1.74726e+07 1.74706e+07 1.74686e+07 1.74666e+07 1.74647e+07 1.74627e+07 1.74608e+07 1.74589e+07
          1.7457e+07 1.74551e+07 1.74533e+07 1.74514e+07 1.74496e+07 1.74478e+07 1.74459e+07 1.74441e+07 1.74423e+07 1.74405e+07 1.74388e+07 1.7437e+07
          1.76457e+07 1.76423e+07 1.76389e+07 1.76355e+07 1.76321e+07 1.76287e+07 1.76252e+07 1.76217e+07 1.76182e+07 1.76147e+07 1.76112e+07 1.76077e+07
          1.76041e+07 1.76004e+07 1.75967e+07 1.7593e+07 1.75892e+07 1.75854e+07 1.75816e+07 1.75778e+07 1.75739e+07 1.75699e+07 1.75658e+07 1.75615e+07
          1.75572e+07 1.75526e+07 1.75481e+07 1.75436e+07 1.75393e+07 1.75348e+07 1.75294e+07 1.75229e+07 1.75146e+07 1.75073e+07 1.75041e+07 1.75013e+07
          1.74984e+07 1.74957e+07 1.74931e+07 1.74906e+07 1.74881e+07 1.74856e+07 1.74832e+07 1.74809e+07 1.74786e+07 1.74763e+07 1.7474e+07 1.74718e+07
          1.74696e+07 1.74675e+07 1.74653e+07 1.74632e+07 1.74611e+07 1.74591e+07 1.7457e+07 1.7455e+07 1.7453e+07 1.7451e+07 1.7449e+07 1.7447e+07
          1.74451e+07 1.74431e+07 1.74412e+07 1.74393e+07 1.74374e+07 1.74355e+07 1.74337e+07 1.74318e+07 1.743e+07 1.74281e+07 1.74263e+07 1.74245e+07
          1.74227e+07 1.74209e+07 1.74192e+07 1.74174e+07
        </DataArray>
        <DataArray type="Float32" Name="rho_gas" NumberOfComponents="1" format="ascii">
          118.099 118.102 117.971 117.974 118.105 117.976 118.107 117.979 118.11 117.982 118.113 117.985
          118.116 117.988 118.118 117.99 118.121 117.993 118.124 117.996 118.127 117.999 118.13 118.002
          118.132 118.005 118.135 118.008 118.138 118.011 118.141 118.013 118.144 118.016 118.147 118.019
          118.149 118.022 118.152 118.025 118.155 118.028 118.158 118.031 118.161 118.034 118.164 118.037
          118.167 118.04 118.17 118.043 118.173 118.046 118.175 118.049 118.178 118.052 118.181 118.054
          118.184 118.057 118.187 118.06 118.19 118.063 118.193 118.066 118.196 118.069 118.199 118.072
          118.202 118.075 118.204 118.078 118.207 118.081 118.21 118.084 118.213 118.087 118.216 118.09
          118.219 118.092 118.222 118.095 118.225 118.098 118.228 118.101 118.23 118.104 118.233 118.107
          118.236 118.11 118.239 118.113 118.242 118.116 118.245 118.118 118.248 118.121 118.25 118.124
          118.253 118.127 118.256 118.13 118.259 118.133 118.262 118.135 118.264 118.138 118.267 118.141
          118.27 118.144 118.273 118.147 118.275 118.149 118.278 118.152 118.281 118.155 118.284 118.158
          118.286 118.16 118.289 118.163 118.292 118.166 118.295 118.168 118.297 118.171 118.3 118.174
          118.303 118.177 118.305 118.179 118.308 118.182 118.311 118.185 117.839 117.842 117.845 117.848
          117.851 117.854 117.857 117.86 117.863 117.866 117.869 117.872 117.875 117.878 117.881 117.884
          117.887 117.89 117.893 117.896 117.899 117.902 117.905 117.908 117.911 117.914 117.917 117.92
          117.923 117.926 117.929 117.932 117.935 117.938 117.941 117.944 117.947 117.95 117.953 117.956
          117.959 117.962 117.965 117.968 117.971 117.974 117.977 117.979 117.982 117.985 117.988 117.991
          117.994 117.997 118 118.003 118.005 118.008 118.011 118.014 118.017 118.019 118.022 118.025
          118.028 118.031 118.033 118.036 118.039 118.042 118.044 118.047 118.05 118.052 118.055 118.058
          117.707 117.71 117.713 117.716 117.719 117.723 117.726 117.729 117.732 117.735 117.738 117.741
          117.744 117.747 117.751 117.754 117.757 117.76 117.763 117.766 117.769 117.772 117.776 117.779
          117.782 117.785 117.788 117.791 117.794 117.797 117.8 117.803 117.807 117.81 117.813 117.816
          117.819 117.822 117.825 117.828 117.831 117.834 117.837 117.84 117.843 117.846 117.849 117.852
          117.855 117.858 117.861 117.864 117.867 117.869 117.872 117.875 117.878 117.881 117.884 117.887
          117.89 117.892 117.895 117.898 117.901 117.904 117.906 117.909 117.912 117.915 117.917 117.92
          117.923 117.925 117.928 117.931 117.575 117.578 117.582 117.585 117.588 117.591 117.594 117.598
          117.601 117.604 117.607 117.611 117.614 117.617 117.62 117.624 117.627 117.63 117.633 117.637
          117.64 117.643 117.646 117.649 117.653 117.656 117.659 117.662 117.665 117.669 117.672 117.675
          117.678 117.681 117.684 117.688 117.691 117.694 117.697 117.7 117.703 117.706 117.709 117.712
          117.715 117.718 117.721 117.724 117.727 117.73 117.733 117.736 117.739 117.742 117.745 117.748
          117.751 117.754 117.757 117.759 117.762 117.765 117.768 117.771 117.774 117.776 117.779 117.782
          117.785 117.787 117.79 117.793 117.796 117.798 117.801 117.804 117.443 117.446 117.45 117.453
          117.456 117.46 117.463 117.467 117.47 117.473 117.477 117.48 117.483 117.487 117.49 117.493
          117.497 117.5 117.503 117.507 117.51 117.513 117.517 117.52 117.523 117.527 117.53 117.533
          117.537 117.54 117.543 117.546 117.55 117.553 117.556 117.559 117.562 117.566 117.569 117.572
          117.575 117.578 117.581 117.584 117.587 117.591 117.594 117.597 117.6 117.603 117.606 117.609
          117.612 117.615 117.618 117.621 117.623 117.626 117.629 117.632 117.635 117.638 117.641 117.644
          117.646 117.649 117.652 117.655 117.658 117.66 117.663 117.666 117.669 117.671 117.674 117.677
          117.311 117.314 117.318 117.321 117.325 117.328 117.332 117.335 117.339 117.342 117.346 117.349
          117.353 117.356 117.36 117.363 117.367 117.37 117.374 117.377 117.38 117.384 117.387 117.391
          117.394 117.397 117.401 117.404 117.408 117.411 117.414 117.418 117.421 117.424 117.428 117.431
          117.434 117.437 117.441 117.444 117.447 117.45 117.453 117.456 117.46 117.463 117.466 117.469
          117.472 117.475 117.478 117.481 117.484 117.487 117.49 117.493 117.496 117.499 117.502 117.505
          117.508 117.511 117.513 117.516 117.519 117.522 117.525 117.528 117.53 117.533 117.536 117.539
          117.541 117.544 117.547 117.55 117.178 117.182 117.186 117.189 117.193 117.196 117.2 117.204
          117.207 117.211 117.215 117.218 117.222 117.226 117.229 117.233 117.236 117.24 117.244 117.247
          117.251 117.254 117.258 117.261 117.265 117.268 117.272 117.275 117.279 117.282 117.285 117.289
          117.292 117.296 117.299 117.302 117.306 117.309 117.312 117.316 117.319 117.322 117.325 117.328
          117.332 117.335 117.338 117.341 117.344 117.347 117.35 117.354 117.357 117.36 117.363 117.366
          117.369 117.372 117.375 117.377 117.38 117.383 117.386 117.389 117.392 117.395 117.398 117.4
          117.403 117.406 117.409 117.412 117.414 117.417 117.42 117.422 117.046 117.049 117.053 117.057
          117.061 117.065 117.068 117.072 117.076 117.08 117.084 117.087 117.091 117.095 117.099 117.102
          117.106 117.11 117.113 117.117 117.121 117.124 117.128 117.132 117.135 117.139 117.142 117.146
          117.15 117.153 117.157 117.16 117.164 117.167 117.17 117.174 117.177 117.181 117.184 117.187
          117.191 117.194 117.197 117.2 117.204 117.207 117.21 117.213 117.216 117.22 117.223 117.226
          117.229 117.232 117.235 117.238 117.241 117.244 117.247 117.25 117.253 117.256 117.259 117.262
          117.265 117.267 117.27 117.273 117.276 117.279 117.282 117.284 117.287 117.29 117.293 117.295
          116.913 116.917 116.921 116.925 116.929 116.933 116.937 116.941 116.945 116.948 116.952 116.956
          116.96 116.964 116.968 116.972 116.976 116.979 116.983 116.987 116.991 116.995 116.998 117.002
          117.006 117.009 117.013 117.017 117.02 117.024 117.028 117.031 117.035 117.038 117.042 117.045
          117.049 117.052 117.056 117.059 117.062 117.066 117.069 117.072 117.076 117.079 117.082 117.085
          117.089 117.092 117.095 117.098 117.101 117.104 117.107 117.111 117.114 117.117 117.12 117.123
          117.126 117.129 117.131 117.134 117.137 117.14 117.143 117.146 117.149 117.152 117.154 117.157
          117.16 117.163 117.165 117.168 116.78 116.784 116.788 116.793 116.797 116.801 116.805 116.809
          116.813 116.817 116.821 116.825 116.829 116.833 116.837 116.841 116.845 116.849 116.853 116.857
          116.861 116.865 116.868 116.872 116.876 116.88 116.884 116.887 116.891 116.895 116.899 116.902
          116.906 116.91 116.913 116.917 116.92 116.924 116.927 116.931 116.934 116.938 116.941 116.944
          116.948 116.951 116.954 116.958 116.961 116.964 116.967 116.97 116.974 116.977 116.98 116.983
          116.986 116.989 116.992 116.995 116.998 117.001 117.004 117.007 117.01 117.013 117.016 117.019
          117.021 117.024 117.027 117.03 117.033 117.035 117.038 117.041 116.647 116.652 116.656 116.66
          116.664 116.669 116.673 116.677 116.681 116.685 116.69 116.694 116.698 116.702 116.706 116.71
          116.714 116.719 116.723 116.727 116.731 116.735 116.739 116.743 116.747 116.75 116.754 116.758
          116.762 116.766 116.77 116.773 116.777 116.781 116.784 116.788 116.792 116.795 116.799 116.802
          116.806 116.809 116.813 116.816 116.82 116.823 116.826 116.83 116.833 116.836 116.84 116.843
          116.846 116.849 116.852 116.855 116.858 116.862 116.865 116.868 116.871 116.874 116.877 116.88
          116.882 116.885 116.888 116.891 116.894 116.897 116.9 116.903 116.905 116.908 116.911 116.914
          116.514 116.519 116.523 116.528 116.532 116.536 116.541 116.545 116.55 116.554 116.558 116.562
          116.567 116.571 116.575 116.58 116.584 116.588 116.592 116.596 116.601 116.605 116.609 116.613
          116.617 116.621 116.625 116.629 116.633 116.637 116.641 116.644 116.648 116.652 116.656 116.66
          116.663 116.667 116.671 116.674 116.678 116.681 116.685 116.688 116.692 116.695 116.699 116.702
          116.705 116.709 116.712 116.715 116.718 116.721 116.725 116.728 116.731 116.734 116.737 116.74
          116.743 116.746 116.749 116.752 116.755 116.758 116.761 116.764 116.767 116.77 116.772 116.775
          116.778 116.781 116.784 116.786 116.381 116.386 116.39 116.395 116.399 116.404 116.409 116.413
          116.418 116.422 116.427 116.431 116.436 116.44 116.444 116.449 116.453 116.457 116.462 116.466
          116.47 116.475 116.479 116.483 116.487 116.491 116.495 116.499 116.504 116.508 116.512 116.515
          116.519 116.523 116.527 116.531 116.535 116.538 116.542 116.546 116.549 116.553 116.557 116.56
          116.564 116.567 116.571 116.574 116.577 116.581 116.584 116.587 116.591 116.594 116.597 116.6
          116.603 116.606 116.61 116.613 116.616 116.619 116.622 116.625 116.628 116.631 116.633 116.636
          116.639 116.642 116.645 116.648 116.651 116.653 116.656 116.659 116.248 116.253 116.257 116.262
          116.267 116.272 116.276 116.281 116.286 116.29 116.295 116.3 116.304 116.309 116.313 116.318
          116.322 116.327 116.331 116.336 116.34 116.344 116.349 116.353 116.357 116.362 116.366 116.37
          116.374 116.378 116.382 116.386 116.391 116.394 116.398 116.402 116.406 116.41 116.414 116.418
          116.421 116.425 116.429 116.432 116.436 116.439 116.443 116.446 116.45 116.453 116.456 116.46
          116.463 116.466 116.469 116.473 116.476 116.479 116.482 116.485 116.488 116.491 116.494 116.497
          116.5 116.503 116.506 116.509 116.512 116.515 116.518 116.52 116.523 116.526 116.529 116.532
          116.115 116.119 116.124 116.129 116.134 116.139 116.144 116.149 116.154 116.158 116.163 116.168
          116.173 116.177 116.182 116.187 116.191 116.196 116.201 116.205 116.21 116.214 116.219 116.223
          116.228 116.232 116.236 116.241 116.245 116.249 116.253 116.258 116.262 116.266 116.27 116.274
          116.278 116.282 116.285 116.289 116.293 116.297 116.3 116.304 116.308 116.311 116.315 116.318
          116.322 116.325 116.329 116.332 116.335 116.338 116.342 116.345 116.348 116.351 116.354 116.358
          116.361 116.364 116.367 116.37 116.373 116.376 116.379 116.382 116.384 116.387 116.39 116.393
          116.396 116.399 116.401 116.404 115.981 115.986 115.991 115.996 116.001 116.006 116.011 116.016
          116.021 116.026 116.031 116.036 116.041 116.046 116.051 116.056 116.061 116.065 116.07 116.075
          116.08 116.084 116.089 116.093 116.098 116.102 116.107 116.111 116.116 116.12 116.124 116.129
          116.133 116.137 116.141 116.145 116.149 116.153 116.157 116.161 116.165 116.169 116.172 116.176
          116.18 116.183 116.187 116.19 116.194 116.197 116.201 116.204 116.208 116.211 116.214 116.217
          116.221 116.224 116.227 116.23 116.233 116.236 116.239 116.242 116.245 116.248 116.251 116.254
          116.257 116.26 116.263 116.266 116.268 116.271 116.274 116.277 115.847 115.853 115.858 115.863
          115.868 115.874 115.879 115.884 115.889 115.894 115.9 115.905 115.91 115.915 115.92 115.925
          115.93 115.935 115.94 115.944 115.949 115.954 115.959 115.964 115.968 115.973 115.977 115.982
          115.987 115.991 115.995 116 116.004 116.008 116.013 116.017 116.021 116.025 116.029 116.033
          116.037 116.041 116.044 116.048 116.052 116.055 116.059 116.063 116.066 116.07 116.073 116.077
          116.08 116.083 116.087 116.09 116.093 116.096 116.099 116.102 116.106 116.109 116.112 116.115
          116.118 116.121 116.124 116.127 116.13 116.132 116.135 116.138 116.141 116.144 116.147 116.149
          115.714 115.719 115.725 115.73 115.735 115.741 115.746 115.752 115.757 115.762 115.768 115.773
          115.778 115.783 115.788 115.794 115.799 115.804 115.809 115.814 115.819 115.824 115.829 115.834
          115.838 115.843 115.848 115.853 115.857 115.862 115.866 115.871 115.875 115.88 115.884 115.888
          115.892 115.897 115.901 115.905 115.909 115.913 115.916 115.92 115.924 115.928 115.931 115.935
          115.938 115.942 115.945 115.949 115.952 115.956 115.959 115.962 115.965 115.969 115.972 115.975
          115.978 115.981 115.984 115.987 115.99 115.993 115.996 115.999 116.002 116.005 116.008 116.011
          116.013 116.016 116.019 116.022 115.58 115.586 115.591 115.597 115.602 115.608 115.614 115.619
          115.625 115.63 115.635 115.641 115.646 115.652 115.657 115.662 115.668 115.673 115.678 115.683
          115.689 115.694 115.699 115.704 115.709 115.714 115.719 115.723 115.728 115.733 115.738 115.742
          115.747 115.751 115.756 115.76 115.764 115.768 115.773 115.777 115.781 115.785 115.789 115.792
          115.796 115.8 115.804 115.807 115.811 115.814 115.818 115.821 115.825 115.828 115.831 115.835
          115.838 115.841 115.844 115.847 115.851 115.854 115.857 115.86 115.863 115.866 115.869 115.872
          115.875 115.877 115.88 115.883 115.886 115.889 115.892 115.894 115.446 115.452 115.458 115.463
          115.469 115.475 115.481 115.486 115.492 115.498 115.503 115.509 115.515 115.52 115.526 115.531
          115.537 115.542 115.548 115.553 115.558 115.564 115.569 115.574 115.579 115.584 115.589 115.594
          115.599 115.604 115.609 115.613 115.618 115.623 115.627 115.632 115.636 115.64 115.645 115.649
          115.653 115.657 115.661 115.665 115.668 115.672 115.676 115.68 115.683 115.687 115.69 115.694
          115.697 115.701 115.704 115.707 115.71 115.714 115.717 115.72 115.723 115.726 115.729 115.732
          115.735 115.738 115.741 115.744 115.747 115.75 115.753 115.756 115.758 115.761 115.764 115.767
          115.312 115.318 115.324 115.33 115.336 115.342 115.348 115.354 115.359 115.365 115.371 115.377
          115.383 115.388 115.394 115.4 115.406 115.411 115.417 115.422 115.428 115.433 115.439 115.444
          115.449 115.455 115.46 115.465 115.47 115.475 115.48 115.485 115.49 115.494 115.499 115.504
          115.508 115.512 115.517 115.521 115.525 115.529 115.533 115.537 115.541 115.545 115.548 115.552
          115.556 115.559 115.563 115.566 115.57 115.573 115.576 115.58 115.583 115.586 115.589 115.592
          115.596 115.599 115.602 115.605 115.608 115.611 115.614 115.617 115.62 115.622 115.625 115.628
          115.631 115.634 115.637 115.639 115.178 115.184 115.19 115.196 115.202 115.209 115.215 115.221
          115.227 115.233 115.239 115.245 115.251 115.257 115.263 115.269 115.274 115.28 115.286 115.292
          115.298 115.303 115.309 115.314 115.32 115.325 115.331 115.336 115.341 115.346 115.352 115.357
          115.361 115.366 115.371 115.376 115.38 115.385 115.389 115.393 115.397 115.402 115.406 115.41
          115.413 115.417 115.421 115.425 115.428 115.432 115.435 115.439 115.442 115.446 115.449 115.452
          115.456 115.459 115.462 115.465 115.468 115.471 115.474 115.477 115.48 115.483 115.486 115.489
          115.492 115.495 115.498 115.501 115.503 115.506 115.509 115.512 115.044 115.051 115.057 115.063
          115.069 115.075 115.082 115.088 115.094 115.1 115.106 115.113 115.119 115.125 115.131 115.137
          115.143 115.149 115.155 115.161 115.167 115.173 115.179 115.185 115.19 115.196 115.202 115.207
          115.213 115.218 115.223 115.228 115.233 115.238 115.243 115.248 115.253 115.257 115.261 115.266
          115.27 115.274 115.278 115.282 115.286 115.29 115.294 115.297 115.301 115.305 115.308 115.311
          115.315 115.318 115.322 115.325 115.328 115.331 115.334 115.338 115.341 115.344 115.347 115.35
          115.353 115.356 115.359 115.362 115.365 115.367 115.37 115.373 115.376 115.379 115.381 115.384
          114.921 114.924 114.929 114.934 114.939 114.944 114.95 114.956 114.962 114.968 114.974 114.981
          114.987 114.993 114.999 115.006 115.012 115.018 115.024 115.031 115.037 115.043 115.049 115.055
          115.061 115.067 115.073 115.078 115.084 115.09 115.095 115.1 115.105 115.111 115.116 115.12
          115.125 115.13 115.134 115.139 115.143 115.147 115.151 115.155 115.159 115.163 115.166 115.17
          115.174 115.177 115.181 115.184 115.188 115.191 115.194 115.198 115.201 115.204 115.207 115.21
          115.213 115.216 115.219 115.222 115.225 115.228 115.231 115.234 115.237 115.24 115.243 115.246
          115.248 115.251 115.254 115.257 114.912 114.87 114.86 114.855 114.85 114.846 114.844 114.843
          114.843 114.845 114.848 114.853 114.858 114.864 114.869 114.875 114.881 114.888 114.894 114.9
          114.907 114.913 114.919 114.925 114.932 114.938 114.944 114.95 114.956 114.961 114.967 114.973
          114.978 114.983 114.988 114.993 114.998 115.003 115.007 115.012 115.016 115.02 115.024 115.028
          115.032 115.036 115.039 115.043 115.047 115.05 115.054 115.057 115.06 115.064 115.067 115.07
          115.073 115.077 115.08 115.083 115.086 115.089 115.092 115.095 115.098 115.101 115.104 115.107
          115.109 115.112 115.115 115.118 115.121 115.123 115.126 115.129 116.938 115.373 115.21 115.162
          115.116 115.069 115.017 114.965 114.91 114.861 114.815 114.777 114.771 114.768 114.767 114.766
          114.766 114.767 114.77 114.774 114.779 114.784 114.79 114.796 114.803 114.809 114.815 114.821
          114.827 114.834 114.839 114.845 114.851 114.856 114.861 114.866 114.871 114.876 114.881 114.885
          114.889 114.893 114.897 114.901 114.905 114.909 114.912 114.916 114.92 114.923 114.927 114.93
          114.933 114.937 114.94 114.943 114.946 114.949 114.952 114.955 114.958 114.962 114.964 114.967
          114.97 114.973 114.976 114.979 114.982 114.985 114.988 114.99 114.993 114.996 114.999 115.001
          116.926 116.905 116.884 116.861 116.838 116.814 116.789 116.763 116.738 116.716 116.698 115.205
          115.038 114.995 114.956 114.914 114.869 114.822 114.777 114.738 114.704 114.681 114.679 114.681
          114.683 114.686 114.69 114.695 114.7 114.706 114.712 114.718 114.724 114.73 114.735 114.74
          114.745 114.75 114.754 114.759 114.763 114.767 114.771 114.775 114.778 114.782 114.786 114.789
          114.793 114.796 114.8 114.803 114.806 114.809 114.813 114.816 114.819 114.822 114.825 114.828
          114.831 114.834 114.837 114.84 114.843 114.846 114.849 114.852 114.854 114.857 114.86 114.863
          114.865 114.868 114.871 114.874 116.911 116.889 116.867 116.845 116.823 116.8 116.777 116.754
          116.731 116.709 116.687 116.665 116.642 116.618 116.593 116.567 116.54 116.512 116.484 116.461
          116.442 114.948 114.813 114.777 114.744 114.707 114.67 114.635 114.607 114.587 114.588 114.593
          114.598 114.604 114.61 114.615 114.62 114.624 114.629 114.633 114.637 114.641 114.645 114.648
          114.652 114.656 114.659 114.662 114.666 114.669 114.673 114.676 114.679 114.682 114.685 114.689
          114.692 114.695 114.698 114.701 114.704 114.707 114.71 114.713 114.715 114.718 114.721 114.724
          114.727 114.73 114.732 114.735 114.738 114.741 114.743 114.746 116.896 116.874 116.852 116.83
          116.807 116.785 116.762 116.74 116.717 116.695 116.672 116.649 116.626 116.602 116.578 116.553
          116.528 116.503 116.478 116.454 116.43 116.405 116.378 116.35 116.32 116.289 116.256 116.224
          116.198 114.851 114.577 114.538 114.508 114.488 114.486 114.491 114.495 114.499 114.503 114.507
          114.511 114.515 114.519 114.522 114.526 114.529 114.532 114.536 114.539 114.542 114.546 114.549
          114.552 114.555 114.558 114.561 114.564 114.567 114.57 114.573 114.576 114.579 114.582 114.585
          114.588 114.591 114.594 114.596 114.599 114.602 114.605 114.607 114.61 114.613 114.616 114.618
          116.88 116.859 116.837 116.815 116.792 116.77 116.748 116.725 116.702 116.68 116.657 116.634
          116.61 116.587 116.563 116.538 116.514 116.489 116.464 116.44 116.414 116.388 116.362 116.334
          116.305 116.276 116.246 116.218 116.189 116.16 116.125 116.083 116.029 115.981 114.534 114.375
          114.37 114.374 114.378 114.381 114.385 114.389 114.392 114.396 114.399 114.403 114.406 114.409
          114.413 114.416 114.419 114.422 114.425 114.428 114.431 114.435 114.438 114.441 114.443 114.446
          114.449 114.452 114.455 114.458 114.461 114.464 114.467 114.469 114.472 114.475 114.478 114.48
          114.483 114.486 114.488 114.491
        </DataArray>
        <DataArray type="Float32" Name="mob_gas" NumberOfComponents="1" format="ascii">
          0 0 0 0 0 0 0 0 0 0 0 0
          0 0 0 0 0 0 0 0 0 0 0 0
          0 0 0 0 0 0 0 0 0 0 0 0
          0 0 0 0 0 0 0 0 0 0 0 0
          0 0 0 0 0 0 0 0 0 0 0 0
          0 0 0 0 0 0 0 0 0 0 0 0
          0 0 0 0 0 0 0 0 0 0 0 0
          0 0 0 0 0 0 0 0 0 0 0 0
          0 0 0 0 0 0 0 0 0 0 0 0
          0 0 0 0 0 0 0 0 0 0 0 0
          0 0 0 0 0 0 0 0 0 0 0 0
          0 0 0 0 0 0 0 0 0 0 0 0
          0 0 0 0 0 0 0 0 0 0 0 0
          0 0 0 0 0 0 0 0 0 0 0 0
          0 0 0 0 0 0 0 0 0 0 0 0
          0 0 0 0 0 0 0 0 0 0 0 0
          0 0 0 0 0 0 0 0 0 0 0 0
          0 0 0 0 0 0 0 0 0 0 0 0
          0 0 0 0 0 0 0 0 0 0 0 0
          0 0 0 0 0 0 0 0 0 0 0 0
          0 0 0 0 0 0 0 0 0 0 0 0
          0 0 0 0 0 0 0 0 0 0 0 0
          0 0 0 0 0 0 0 0 0 0 0 0
          0 0 0 0 0 0 0 0 0 0 0 0
          0 0 0 0 0 0 0 0 0 0 0 0
          0 0 0 0 0 0 0 0 0 0 0 0
          0 0 0 0 0 0 0 0 0 0 0 0
          0 0 0 0 0 0 0 0 0 0 0 0
          0 0 0 0 0 0 0 0 0 0 0 0
          0 0 0 0 0 0 0 0 0 0 0 0
          0 0 0 0 0 0 0 0 0 0 0 0
          0 0 0 0 0 0 0 0 0 0 0 0
          0 0 0 0 0 0 0 0 0 0 0 0
          0 0 0 0 0 0 0 0 0 0 0 0
          0 0 0 0 0 0 0 0 0 0 0 0
          0 0 0 0 0 0 0 0 0 0 0 0
          0 0 0 0 0 0 0 0 0 0 0 0
          0 0 0 0 0 0 0 0 0 0 0 0
          0 0 0 0 0 0 0 0 0 0 0 0
          0 0 0 0 0 0 0 0 0 0 0 0
          0 0 0 0 0 0 0 0 0 0 0 0
          0 0 0 0 0 0 0 0 0 0 0 0
          0 0 0 0 0 0 0 0 0 0 0 0
          0 0 0 0 0 0 0 0 0 0 0 0
          0 0 0 0 0 0 0 0 0 0 0 0
          0 0 0 0 0 0 0 0 0 0 0 0
          0 0 0 0 0 0 0 0 0 0 0 0
          0 0 0 0 0 0 0 0 0 0 0 0
          0 0 0 0 0 0 0 0 0 0 0 0
          0 0 0 0 0 0 0 0 0 0 0 0
          0 0 0 0 0 0 0 0 0 0 0 0
          0 0 0 0 0 0 0 0 0 0 0 0
          0 0 0 0 0 0 0 0 0 0 0 0
          0 0 0 0 0 0 0 0 0 0 0 0
          0 0 0 0 0 0 0 0 0 0 0 0
          0 0 0 0 0 0 0 0 0 0 0 0
          0 0 0 0 0 0 0 0 0 0 0 0
          0 0 0 0 0 0 0 0 0 0 0 0
          0 0 0 0 0 0 0 0 0 0 0 0
          0 0 0 0 0 0 0 0 0 0 0 0
          0 0 0 0 0 0 0 0 0 0 0 0
          0 0 0 0 0 0 0 0 0 0 0 0
          0 0 0 0 0 0 0 0 0 0 0 0
          0 0 0 0 0 0 0 0 0 0 0 0
          0 0 0 0 0 0 0 0 0 0 0 0
          0 0 0 0 0 0 0 0 0 0 0 0
          0 0 0 0 0 0 0 0 0 0 0 0
          0 0 0 0 0 0 0 0 0 0 0 0
          0 0 0 0 0 0 0 0 0 0 0 0
          0 0 0 0 0 0 0 0 0 0 0 0
          0 0 0 0 0 0 0 0 0 0 0 0
          0 0 0 0 0 0 0 0 0 0 0 0
          0 0 0 0 0 0 0 0 0 0 0 0
          0 0 0 0 0 0 0 0 0 0 0 0
          0 0 0 0 0 0 0 0 0 0 0 0
          0 0 0 0 0 0 0 0 0 0 0 0
          0 0 0 0 0 0 0 0 0 0 0 0
          0 0 0 0 0 0 0 0 0 0 0 0
          0 0 0 0 0 0 0 0 0 0 0 0
          0 0 0 0 0 0 0 0 0 0 0 0
          0 0 0 0 0 0 0 0 0 0 0 0
          0 0 0 0 0 0 0 0 0 0 0 0
          0 0 0 0 0 0 0 0 0 0 0 0
          0 0 0 0 0 0 0 0 0 0 0 0
          0 0 0 0 0 0 0 0 0 0 0 0
          0 0 0 0 0 0 0 0 0 0 0 0
          0 0 0 0 0 0 0 0 0 0 0 0
          0 0 0 0 0 0 0 0 0 0 0 0
          0 0 0 0 0 0 0 0 0 0 0 0
          0 0 0 0 0 0 0 0 0 0 0 0
          0 0 0 0 0 0 0 0 0 0 0 0
          0 0 0 0 0 0 0 0 0 0 0 0
          0 0 0 0 0 0 0 0 0 0 0 0
          0 0 0 0 0 0 0 0 0 0 0 0
          0 0 0 0 0 0 0 0 0 0 0 0
          0 0 0 0 0 0 0 0 0 0 0 0
          0 0 0 0 0 0 0 0 0 0 0 0
          0 0 0 0 0 0 0 0 0 0 0 0
          0 0 0 0 0 0 0 0 0 0 0 0
          0 0 0 0 0 0 0 0 0 0 0 0
          0 0 0 0 0 0 0 0 0 0 0 0
          0 0 0 0 0 0 0 0 0 0 0 0
          0 0 0 0 0 0 0 0 0 0 0 0
          0 0 0 0 0 0 0 0 0 0 0 0
          0 0 0 0 0 0 0 0 0 0 0 0
          0 0 0 0 0 0 0 0 0 0 0 0
          0 0 0 0 0 0 0 0 0 0 0 0
          0 0 0 0 0 0 0 0 0 0 0 0
          0 0 0 0 0 0 0 0 0 0 0 0
          0 0 0 0 0 0 0 0 0 0 0 0
          0 0 0 0 0 0 0 0 0 0 0 0
          0 0 0 0 0 0 0 0 0 0 0 0
          0 0 0 0 0 0 0 0 0 0 0 0
          0 0 0 0 0 0 0 0 0 0 0 0
          0 0 0 0 0 0 0 0 0 0 0 0
          0 0 0 0 0 0 0 0 0 0 0 0
          0 0 0 0 0 0 0 0 0 0 0 0
          0 0 0 0 0 0 0 0 0 0 0 0
          0 0 0 0 0 0 0 0 0 0 0 0
          0 0 0 0 0 0 0 0 0 0 0 0
          0 0 0 0 0 0 0 0 0 0 0 0
          0 0 0 0 0 0 0 0 0 0 0 0
          0 0 0 0 0 0 0 0 0 0 0 0
          0 0 0 0 0 0 0 0 0 0 0 0
          0 0 0 0 0 0 0 0 0 0 0 0
          0 0 0 0 0 0 0 0 0 0 0 0
          0 0 0 0 0 0 0 0 0 0 0 0
          0 0 0 0 0 0 0 0 0 0 0 0
          0 0 0 0 0 0 0 0 0 0 0 0
          0 0 0 0 0 0 0 0 0 0 0 0
          0 0 0 0 0 0 0 0 0 0 0 0
          0 0 0 0 0 0 0 0 0 0 0 0
          0 0 0 0 0 0 0 0 0 0 0 0
          0 0 0 0 0 0 0 0 0 0 0 0
          0 0 0 0 0 0 0 0 0 0 0 0
          0 0 0 0 0 0 0 0 0 0 0 0
          0 0 0 0 0 0 0 0 0 0 0 0
          0 0 0 0 0 0 0 0 0 0 0 0
          0 0 0 0 0 0 0 0 0 0 0 0
          0 0 0 0 0 0 0 0 0 0 0 0
          0 0 0 0 0 0 0 0 0 0 0 0
          0 0 0 0 0 0 0 0 0 0 0 0
          0 0 0 0 0 0 0 0 0 0 0 0
          0 0 0 0 0 0 0 0 0 0 0 0
          0 0 0 0 0 0 0 0 0 0 0 0
          0 0 0 0 0 0 0 0 0 0 0 0
          0 0 0 0 0 0 0 0 0 0 0 0
          0 0 0 0 0 0 0 0 0 0 0 0
          0 0 0 0 0 0 0 0 0 0 0 0
          0 0 0 0 0 0 0 0 0 0 0 0
          0 0 0 0 0 0 0 0 0 0 0 0
          0 0 0 0 0 0 0 0 0 0 0 0
          0 0 0 0 0 0 0 0 0 0 0 0
          0 0 0 0 0 0 0 0 0 0 0 0
          0 0 0 0 0 0 0 0 0 0 0 0
          0 0 0 0 0 0 0 0 0 0 0 0
          0 0 0 0 0 0 0 0 0 0 0 0
          0 0 0 0 0 0 0 0 0 0 0 0
          0 0 0 0 0 0 0 0 0 0 0 0
          0 0 0 0 0 0 0 0 0 0 0 0
          0 0 0 0 0 0 0 0 0 0 0 0
          0 0 0 0 0 0 0 0 0 0 0 0
          0 0 0 0 0 0 0 0 0 0 0 0
          0 0 0 0 0 0 0 0 0 0 0 0
          0 0 0 0 0 0 0 0 0.0162997 0 0 0
          0 0 0 0 0 0 0 0 0 0 0 0
          0 0 0 0 0 0 0 0 0 0 0 0
          0 0 0 0 0 0 0 0 0 0 0 0
          0 0 0 0 0 0 0 0 0 0 0 0
          0 0 0 0 0 0 0 0 0 0 0 0
          0 0 0 0 0 0 0 0 0 0 0 0
          1133.4 985.51 826.93 663.64 500.2 343.657 200.943 86.5798 21.9 2.42465 0.0350001 0
          0 0 0 0 0 0 0 0 0 0 0 0
          0 0 0 0 0 0 0 0 0 0 0 0
          0 0 0 0 0 0 0 0 0 0 0 0
          0 0 0 0 0 0 0 0 0 0 0 0
          0 0 0 0 0 0 0 0 0 0 0 0
          0 0 0 0 2120.89 2049.39 1975.05 1897.17 1814.57 1725.72 1629.76 1525.29
          1410.74 1284.66 1145.54 990.593 825.282 656.42 489.301 330.696 187.733 76.1457 16.9888 1.40847
          0.006715 0 0 0 0 0 0 0 0 0 0 0
          0 0 0 0 0 0 0 0 0 0 0 0
          0 0 0 0 0 0 0 0 0 0 0 0
          0 0 0 0 0 0 0 0 0 0 0 0
          0 0 0 0 0 0 0 0 3104.26 3044.24 2982.09 2917.59
          2850.48 2780.48 2707.39 2631.01 2551.16 2467.77 2380.66 2289.82 2195.07 2095.56 1990.01 1877.12
          1755.79 1624.29 1480.9 1324.37 1153.5 966.234 770.523 572.955 382.025 210.423 77.5064 12.3959
          0.32925 0 0 0 0 0 0 0 0 0 0 0
          0 0 0 0 0 0 0 0 0 0 0 0
          0 0 0 0 0 0 0 0 0 0 0 0
          0 0 0 0 0 0 0 0 0 0 0 0
          5146.53 5085.52 5022.51 4957.37 4889.97 4820.14 4747.72 4672.55 4594.46 4513.23 4428.67 4340.54
          4248.49 4152.14 4051.03 3944.61 3832.39 3713.9 3588.49 3455.4 3313.88 3163.66 3003.17 2829.95
          2640.43 2431.01 2198.22 1935.95 1635.34 1282.79 880.202 447.216 74.2611 0.122043 0 0
          0 0 0 0 0 0 0 0 0 0 0 0
          0 0 0 0 0 0 0 0 0 0 0 0
          0 0 0 0 0 0 0 0 0 0 0 0
          0 0 0 0
        </DataArray>
        <DataArray type="Float32" Name="pc" NumberOfComponents="1" format="ascii">
          5000 5000 5000 5000 5000 5000 5000 5000 5000 5000 5000 5000
          5000 5000 5000 5000 5000 5000 5000 5000 5000 5000 5000 5000
          5000 5000 5000 5000 5000 5000 5000 5000 5000 5000 5000 5000
          5000 5000 5000 5000 5000 5000 5000 5000 5000 5000 5000 5000
          5000 5000 5000 5000 5000 5000 5000 5000 5000 5000 5000 5000
          5000 5000 5000 5000 5000 5000 5000 5000 5000 5000 5000 5000
          5000 5000 5000 5000 5000 5000 5000 5000 5000 5000 5000 5000
          5000 5000 5000 5000 5000 5000 5000 5000 5000 5000 5000 5000
          5000 5000 5000 5000 5000 5000 5000 5000 5000 5000 5000 5000
          5000 5000 5000 5000 5000 5000 5000 5000 5000 5000 5000 5000
          5000 5000 5000 5000 5000 5000 5000 5000 5000 5000 5000 5000
          5000 5000 5000 5000 5000 5000 5000 5000 5000 5000 5000 5000
          5000 5000 5000 5000 5000 5000 5000 5000 5000 5000 5000 5000
          5000 5000 5000 5000 5000 5000 5000 5000 5000 5000 5000 5000
          5000 5000 5000 5000 5000 5000 5000 5000 5000 5000 5000 5000
          5000 5000 5000 5000 5000 5000 5000 5000 5000 5000 5000 5000
          5000 5000 5000 5000 5000 5000 5000 5000 5000 5000 5000 5000
          5000 5000 5000 5000 5000 5000 5000 5000 5000 5000 5000 5000
          5000 5000 5000 5000 5000 5000 5000 5000 5000 5000 5000 5000
          5000 5000 5000 5000 5000 5000 5000 5000 5000 5000 5000 5000
          5000 5000 5000 5000 5000 5000 5000 5000 5000 5000 5000 5000
          5000 5000 5000 5000 5000 5000 5000 5000 5000 5000 5000 5000
          5000 5000 5000 5000 5000 5000 5000 5000 5000 5000 5000 5000
          5000 5000 5000 5000 5000 5000 5000 5000 5000 5000 5000 5000
          5000 5000 5000 5000 5000 5000 5000 5000 5000 5000 5000 5000
          5000 5000 5000 5000 5000 5000 5000 5000 5000 5000 5000 5000
          5000 5000 5000 5000 5000 5000 5000 5000 5000 5000 5000 5000
          5000 5000 5000 5000 5000 5000 5000 5000 5000 5000 5000 5000
          5000 5000 5000 5000 5000 5000 5000 5000 5000 5000 5000 5000
          5000 5000 5000 5000 5000 5000 5000 5000 5000 5000 5000 5000
          5000 5000 5000 5000 5000 5000 5000 5000 5000 5000 5000 5000
          5000 5000 5000 5000 5000 5000 5000 5000 5000 5000 5000 5000
          5000 5000 5000 5000 5000 5000 5000 5000 5000 5000 5000 5000
          5000 5000 5000 5000 5000 5000 5000 5000 5000 5000 5000 5000
          5000 5000 5000 5000 5000 5000 5000 5000 5000 5000 5000 5000
          5000 5000 5000 5000 5000 5000 5000 5000 5000 5000 5000 5000
          5000 5000 5000 5000 5000 5000 5000 5000 5000 5000 5000 5000
          5000 5000 5000 5000 5000 5000 5000 5000 5000 5000 5000 5000
          5000 5000 5000 5000 5000 5000 5000 5000 5000 5000 5000 5000
          5000 5000 5000 5000 5000 5000 5000 5000 5000 5000 5000 5000
          5000 5000 5000 5000 5000 5000 5000 5000 5000 5000 5000 5000
          5000 5000 5000 5000 5000 5000 5000 5000 5000 5000 5000 5000
          5000 5000 5000 5000 5000 5000 5000 5000 5000 5000 5000 5000
          5000 5000 5000 5000 5000 5000 5000 5000 5000 5000 5000 5000
          5000 5000 5000 5000 5000 5000 5000 5000 5000 5000 5000 5000
          5000 5000 5000 5000 5000 5000 5000 5000 5000 5000 5000 5000
          5000 5000 5000 5000 5000 5000 5000 5000 5000 5000 5000 5000
          5000 5000 5000 5000 5000 5000 5000 5000 5000 5000 5000 5000
          5000 5000 5000 5000 5000 5000 5000 5000 5000 5000 5000 5000
          5000 5000 5000 5000 5000 5000 5000 5000 5000 5000 5000 5000
          5000 5000 5000 5000 5000 5000 5000 5000 5000 5000 5000 5000
          5000 5000 5000 5000 5000 5000 5000 5000 5000 5000 5000 5000
          5000 5000 5000 5000 5000 5000 5000 5000 5000 5000 5000 5000
          5000 5000 5000 5000 5000 5000 5000 5000 5000 5000 5000 5000
          5000 5000 5000 5000 5000 5000 5000 5000 5000 5000 5000 5000
          5000 5000 5000 5000 5000 5000 5000 5000 5000 5000 5000 5000
          5000 5000 5000 5000 5000 5000 5000 5000 5000 5000 5000 5000
          5000 5000 5000 5000 5000 5000 5000 5000 5000 5000 5000 5000
          5000 5000 5000 5000 5000 5000 5000 5000 5000 5000 5000 5000
          5000 5000 5000 5000 5000 5000 5000 5000 5000 5000 5000 5000
          5000 5000 5000 5000 5000 5000 5000 5000 5000 5000 5000 5000
          5000 5000 5000 5000 5000 5000 5000 5000 5000 5000 5000 5000
          5000 5000 5000 5000 5000 5000 5000 5000 5000 5000 5000 5000
          5000 5000 5000 5000 5000 5000 5000 5000 5000 5000 5000 5000
          5000 5000 5000 5000 5000 5000 5000 5000 5000 5000 5000 5000
          5000 5000 5000 5000 5000 5000 5000 5000 5000 5000 5000 5000
          5000 5000 5000 5000 5000 5000 5000 5000 5000 5000 5000 5000
          5000 5000 5000 5000 5000 5000 5000 5000 5000 5000 5000 5000
          5000 5000 5000 5000 5000 5000 5000 5000 5000 5000 5000 5000
          5000 5000 5000 5000 5000 5000 5000 5000 5000 5000 5000 5000
          5000 5000 5000 5000 5000 5000 5000 5000 5000 5000 5000 5000
          5000 5000 5000 5000 5000 5000 5000 5000 5000 5000 5000 5000
          5000 5000 5000 5000 5000 5000 5000 5000 5000 5000 5000 5000
          5000 5000 5000 5000 5000 5000 5000 5000 5000 5000 5000 5000
          5000 5000 5000 5000 5000 5000 5000 5000 5000 5000 5000 5000
          5000 5000 5000 5000 5000 5000 5000 5000 5000 5000 5000 5000
          5000 5000 5000 5000 5000 5000 5000 5000 5000 5000 5000 5000
          5000 5000 5000 5000 5000 5000 5000 5000 5000 5000 5000 5000
          5000 5000 5000 5000 5000 5000 5000 5000 5000 5000 5000 5000
          5000 5000 5000 5000 5000 5000 5000 5000 5000 5000 5000 5000
          5000 5000 5000 5000 5000 5000 5000 5000 5000 5000 5000 5000
          5000 5000 5000 5000 5000 5000 5000 5000 5000 5000 5000 5000
          5000 5000 5000 5000 5000 5000 5000 5000 5000 5000 5000 5000
          5000 5000 5000 5000 5000 5000 5000 5000 5000 5000 5000 5000
          5000 5000 5000 5000 5000 5000 5000 5000 5000 5000 5000 5000
          5000 5000 5000 5000 5000 5000 5000 5000 5000 5000 5000 5000
          5000 5000 5000 5000 5000 5000 5000 5000 5000 5000 5000 5000
          5000 5000 5000 5000 5000 5000 5000 5000 5000 5000 5000 5000
          5000 5000 5000 5000 5000 5000 5000 5000 5000 5000 5000 5000
          5000 5000 5000 5000 5000 5000 5000 5000 5000 5000 5000 5000
          5000 5000 5000 5000 5000 5000 5000 5000 5000 5000 5000 5000
          5000 5000 5000 5000 5000 5000 5000 5000 5000 5000 5000 5000
          5000 5000 5000 5000 5000 5000 5000 5000 5000 5000 5000 5000
          5000 5000 5000 5000 5000 5000 5000 5000 5000 5000 5000 5000
          5000 5000 5000 5000 5000 5000 5000 5000 5000 5000 5000 5000
          5000 5000 5000 5000 5000 5000 5000 5000 5000 5000 5000 5000
          5000 5000 5000 5000 5000 5000 5000 5000 5000 5000 5000 5000
          5000 5000 5000 5000 5000 5000 5000 5000 5000 5000 5000 5000
          5000 5000 5000 5000 5000 5000 5000 5000 5000 5000 5000 5000
          5000 5000 5000 5000 5000 5000 5000 5000 5000 5000 5000 5000
          5000 5000 5000 5000 5000 5000 5000 5000 5000 5000 5000 5000
          5000 5000 5000 5000 5000 5000 5000 5000 5000 5000 5000 5000
          5000 5000 5000 5000 5000 5000 5000 5000 5000 5000 5000 5000
          5000 5000 5000 5000 5000 5000 5000 5000 5000 5000 5000 5000
          5000 5000 5000 5000 5000 5000 5000 5000 5000 5000 5000 5000
          5000 5000 5000 5000 5000 5000 5000 5000 5000 5000 5000 5000
          5000 5000 5000 5000 5000 5000 5000 5000 5000 5000 5000 5000
          5000 5000 5000 5000 5000 5000 5000 5000 5000 5000 5000 5000
          5000 5000 5000 5000 5000 5000 5000 5000 5000 5000 5000 5000
          5000 5000 5000 5000 5000 5000 5000 5000 5000 5000 5000 5000
          5000 5000 5000 5000 5000 5000 5000 5000 5000 5000 5000 5000
          5000 5000 5000 5000 5000 5000 5000 5000 5000 5000 5000 5000
          5000 5000 5000 5000 5000 5000 5000 5000 5000 5000 5000 5000
          5000 5000 5000 5000 5000 5000 5000 5000 5000 5000 5000 5000
          5000 5000 5000 5000 5000 5000 5000 5000 5000 5000 5000 5000
          5000 5000 5000 5000 5000 5000 5000 5000 5000 5000 5000 5000
          5000 5000 5000 5000 5000 5000 5000 5000 5000 5000 5000 5000
          5000 5000 5000 5000 5000 5000 5000 5000 5000 5000 5000 5000
          5000 5000 5000 5000 5000 5000 5000 5000 5000 5000 5000 5000
          5000 5000 5000 5000 5000 5000 5000 5000 5000 5000 5000 5000
          5000 5000 5000 5000 5000 5000 5000 5000 5000 5000 5000 5000
          5000 5000 5000 5000 5000 5000 5000 5000 5000 5000 5000 5000
          5000 5000 5000 5000 5000 5000 5000 5000 5000 5000 5000 5000
          5000 5000 5000 5000 5000 5000 5000 5000 5000 5000 5000 5000
          5000 5000 5000 5000 5000 5000 5000 5000 5000 5000 5000 5000
          5000 5000 5000 5000 5000 5000 5000 5000 5000 5000 5000 5000
          5000 5000 5000 5000 5000 5000 5000 5000 5000 5000 5000 5000
          5000 5000 5000 5000 5000 5000 5000 5000 5000 5000 5000 5000
          5000 5000 5000 5000 5000 5000 5000 5000 5000 5000 5000 5000
          5000 5000 5000 5000 5000 5000 5000 5000 5000 5000 5000 5000
          5000 5000 5000 5000 5000 5000 5000 5000 5000 5000 5000 5000
          5000 5000 5000 5000 5000 5000 5000 5000 5000 5000 5000 5000
          5000 5000 5000 5000 5000 5000 5000 5000 5000 5000 5000 5000
          5000 5000 5000 5000 5000 5000 5000 5000 5000 5000 5000 5000
          5000 5000 5000 5000 5000 5000 5000 5000 5000 5000 5000 5000
          5000 5000 5000 5000 5000 5000 5000 5000 5000 5000 5000 5000
          5000 5000 5000 5000 5000 5000 5000 5000 5000 5000 5000 5000
          5000 5000 5000 5000 5000 5000 5000 5000 5000 5000 5000 5000
          5000 5000 5000 5000 5000 5000 5000 5000 5000 5000 5000 5000
          5000 5000 5000 5000 5000 5000 5000 5000 5000 5000 5000 5000
          5000 5000 5000 5000 5000 5000 5000 5000 5000 5000 5000 5000
          5000 5000 5000 5000 5000 5000 5000 5000 5000 5000 5000 5000
          5000 5000 5000 5000 5000 5000 5000 5000 5000 5000 5000 5000
          5000 5000 5000 5000 5000 5000 5000 5000 5000 5000 5000 5000
          5000 5000 5000 5000 5000 5000 5000 5000 5000 5000 5000 5000
          5000 5000 5000 5000 5000 5000 5000 5000 5000 5000 5000 5000
          5000 5000 5000 5000 5000 5000 5000 5000 5000 5000 5000 5000
          5000 5000 5000 5000 5000 5000 5000 5000 5000 5000 5000 5000
          5000 5000 5000 5000 5000 5000 5000 5000 5000 5000 5000 5000
          5000 5000 5000 5000 5000 5000 5000 5000 5000 5000 5000 5000
          5000 5000 5000 5000 5000 5000 5000 5000 5000 5000 5000 5000
          5000 5000 5000 5000 5000 5000 5000 5000 5000 5000 5000 5000
          5000 5000 5000 5000 5000 5000 5000 5000 5000 5000 5000 5000
          5000 5000 5000 5000 5000 5000 5000 5000 5000 5000 5000 5000
          5000 5000 5000 5000 5000 5000 5000 5000 5000 5000 5000 5000
          5000 5000 5000 5000 5000 5000 5000 5000 5000 5000 5000 5000
          5000 5000 5000 5000 5000 5000 5000 5000 5000 5000 5000 5000
          5000 5000 5000 5000 5000 5000 5000 5000 5000 5000 5000 5000
          5000 5000 5000 5000 5000 5000 5000 5000 5000 5000 5000 5000
          5000 5000 5000 5000 5000 5000 5000 5000 5000 5000 5000 5000
          5000 5000 5000 5000 5000 5000 5000 5000 5000 5000 5000 5000
          5000 5000 5000 5000 5000 5000 5000 5000 5000 5000 5000 5000
          5000 5000 5000 5000 5000 5000 5000 5000 5000 5000 5000 5000
          5000 5000 5000 5000 5000 5000 5000 5000 5000 5000 5000 5000
          5000 5000 5000 5000 5000 5000 5000 5000 5019.1 5000 5000 5000
          5000 5000 5000 5000 5000 5000 5000 5000 5000 5000 5000 5000
          5000 5000 5000 5000 5000 5000 5000 5000 5000 5000 5000 5000
          5000 5000 5000 5000 5000 5000 5000 5000 5000 5000 5000 5000
          5000 5000 5000 5000 5000 5000 5000 5000 5000 5000 5000 5000
          5000 5000 5000 5000 5000 5000 5000 5000 5000 5000 5000 5000
          5000 5000 5000 5000 5000 5000 5000 5000 5000 5000 5000 5000
          7307.79 7136.24 6943.07 6730.56 6497.59 6243.76 5963.21 5656.21 5361.07 5144.34 5025.95 5000
          5000 5000 5000 5000 5000 5000 5000 5000 5000 5000 5000 5000
          5000 5000 5000 5000 5000 5000 5000 5000 5000 5000 5000 5000
          5000 5000 5000 5000 5000 5000 5000 5000 5000 5000 5000 5000
          5000 5000 5000 5000 5000 5000 5000 5000 5000 5000 5000 5000
          5000 5000 5000 5000 5000 5000 5000 5000 5000 5000 5000 5000
          5000 5000 5000 5000 8338.38 8267.6 8193.6 8115.56 8032.15 7941.63 7842.78 7733.73
          7612.15 7475.46 7320.43 7141.23 6940.09 6719.97 6480.42 6220.22 5932.77 5619.54 5324.09 5115.54
          5013.37 5000 5000 5000 5000 5000 5000 5000 5000 5000 5000 5000
          5000 5000 5000 5000 5000 5000 5000 5000 5000 5000 5000 5000
          5000 5000 5000 5000 5000 5000 5000 5000 5000 5000 5000 5000
          5000 5000 5000 5000 5000 5000 5000 5000 5000 5000 5000 5000
          5000 5000 5000 5000 5000 5000 5000 5000 9283.5 9226.39 9167.21 9105.73
          9041.7 8974.82 8904.86 8831.59 8754.8 8674.36 8590.02 8501.66 8409.01 8311.08 8206.41 8093.4
          7970.54 7835.44 7685.37 7517.5 7328.22 7111.23 6869.68 6602.91 6308.61 5983.37 5624.17 5283.67
          5064 5000 5000 5000 5000 5000 5000 5000 5000 5000 5000 5000
          5000 5000 5000 5000 5000 5000 5000 5000 5000 5000 5000 5000
          5000 5000 5000 5000 5000 5000 5000 5000 5000 5000 5000 5000
          5000 5000 5000 5000 5000 5000 5000 5000 5000 5000 5000 5000
          11234.7 11174.6 11112.7 11048.9 10983 10914.9 10844.5 10771.6 10696 10617.7 10536.3 10451.7
          10363.5 10271.5 10175.1 10073.8 9967.26 9854.92 9736.16 9610.25 9476.38 9334.22 9182.12 9017.51
          8836.62 8635.31 8409.12 8149.99 7844.94 7470.6 7006.19 6413.99 5612.22 5042.86 5000 5000
          5000 5000 5000 5000 5000 5000 5000 5000 5000 5000 5000 5000
          5000 5000 5000 5000 5000 5000 5000 5000 5000 5000 5000 5000
          5000 5000 5000 5000 5000 5000 5000 5000 5000 5000 5000 5000
          5000 5000 5000 5000
        </DataArray>
        <DataArray type="Float32" Name="porosity" NumberOfComponents="1" format="ascii">
          0.14 0.14 0.14 0.14 0.14 0.14 0.14 0.14 0.14 0.14 0.14 0.14
          0.14 0.14 0.14 0.14 0.14 0.14 0.14 0.14 0.14 0.14 0.14 0.14
          0.14 0.14 0.14 0.14 0.14 0.14 0.14 0.14 0.14 0.14 0.14 0.14
          0.14 0.14 0.14 0.14 0.14 0.14 0.14 0.14 0.14 0.14 0.14 0.14
          0.14 0.14 0.14 0.14 0.14 0.14 0.14 0.14 0.14 0.14 0.14 0.14
          0.14 0.14 0.14 0.14 0.14 0.14 0.14 0.14 0.14 0.14 0.14 0.14
          0.14 0.14 0.14 0.14 0.14 0.14 0.14 0.14 0.14 0.14 0.14 0.14
          0.14 0.14 0.14 0.14 0.14 0.14 0.14 0.14 0.14 0.14 0.14 0.14
          0.14 0.14 0.14 0.14 0.14 0.14 0.14 0.14 0.14 0.14 0.14 0.14
          0.14 0.14 0.14 0.14 0.14 0.14 0.14 0.14 0.14 0.14 0.14 0.14
          0.14 0.14 0.14 0.14 0.14 0.14 0.14 0.14 0.14 0.14 0.14 0.14
          0.14 0.14 0.14 0.14 0.14 0.14 0.14 0.14 0.14 0.14 0.14 0.14
          0.14 0.14 0.14 0.14 0.14 0.14 0.14 0.14 0.14 0.14 0.14 0.14
          0.14 0.14 0.14 0.14 0.14 0.14 0.14 0.14 0.14 0.14 0.14 0.14
          0.14 0.14 0.14 0.14 0.14 0.14 0.14 0.14 0.14 0.14 0.14 0.14
          0.14 0.14 0.14 0.14 0.14 0.14 0.14 0.14 0.14 0.14 0.14 0.14
          0.14 0.14 0.14 0.14 0.14 0.14 0.14 0.14 0.14 0.14 0.14 0.14
          0.14 0.14 0.14 0.14 0.14 0.14 0.14 0.14 0.14 0.14 0.14 0.14
          0.14 0.14 0.14 0.14 0.14 0.14 0.14 0.14 0.14 0.14 0.14 0.14
          0.14 0.14 0.14 0.14 0.14 0.14 0.14 0.14 0.14 0.14 0.14 0.14
          0.14 0.14 0.14 0.14 0.14 0.14 0.14 0.14 0.14 0.14 0.14 0.14
          0.14 0.14 0.14 0.14 0.14 0.14 0.14 0.14 0.14 0.14 0.14 0.14
          0.14 0.14 0.14 0.14 0.14 0.14 0.14 0.14 0.14 0.14 0.14 0.14
          0.14 0.14 0.14 0.14 0.14 0.14 0.14 0.14 0.14 0.14 0.14 0.14
          0.14 0.14 0.14 0.14 0.14 0.14 0.14 0.14 0.14 0.14 0.14 0.14
          0.14 0.14 0.14 0.14 0.14 0.14 0.14 0.14 0.14 0.14 0.14 0.14
          0.14 0.14 0.14 0.14 0.14 0.14 0.14 0.14 0.14 0.14 0.14 0.14
          0.14 0.14 0.14 0.14 0.14 0.14 0.14 0.14 0.14 0.14 0.14 0.14
          0.14 0.14 0.14 0.14 0.14 0.14 0.14 0.14 0.14 0.14 0.14 0.14
          0.14 0.14 0.14 0.14 0.14 0.14 0.14 0.14 0.14 0.14 0.14 0.14
          0.14 0.14 0.14 0.14 0.14 0.14 0.14 0.14 0.14 0.14 0.14 0.14
          0.14 0.14 0.14 0.14 0.14 0.14 0.14 0.14 0.14 0.14 0.14 0.14
          0.14 0.14 0.14 0.14 0.14 0.14 0.14 0.14 0.14 0.14 0.14 0.14
          0.14 0.14 0.14 0.14 0.14 0.14 0.14 0.14 0.14 0.14 0.14 0.14
          0.14 0.14 0.14 0.14 0.14 0.14 0.14 0.14 0.14 0.14 0.14 0.14
          0.14 0.14 0.14 0.14 0.14 0.14 0.14 0.14 0.14 0.14 0.14 0.14
          0.14 0.14 0.14 0.14 0.14 0.14 0.14 0.14 0.14 0.14 0.14 0.14
          0.14 0.14 0.14 0.14 0.14 0.14 0.14 0.14 0.14 0.14 0.14 0.14
          0.14 0.14 0.14 0.14 0.14 0.14 0.14 0.14 0.14 0.14 0.14 0.14
          0.14 0.14 0.14 0.14 0.14 0.14 0.14 0.14 0.14 0.14 0.14 0.14
          0.14 0.14 0.14 0.14 0.14 0.14 0.14 0.14 0.14 0.14 0.14 0.14
          0.14 0.14 0.14 0.14 0.14 0.14 0.14 0.14 0.14 0.14 0.14 0.14
          0.14 0.14 0.14 0.14 0.14 0.14 0.14 0.14 0.14 0.14 0.14 0.14
          0.14 0.14 0.14 0.14 0.14 0.14 0.14 0.14 0.14 0.14 0.14 0.14
          0.14 0.14 0.14 0.14 0.14 0.14 0.14 0.14 0.14 0.14 0.14 0.14
          0.14 0.14 0.14 0.14 0.14 0.14 0.14 0.14 0.14 0.14 0.14 0.14
          0.14 0.14 0.14 0.14 0.14 0.14 0.14 0.14 0.14 0.14 0.14 0.14
          0.14 0.14 0.14 0.14 0.14 0.14 0.14 0.14 0.14 0.14 0.14 0.14
          0.14 0.14 0.14 0.14 0.14 0.14 0.14 0.14 0.14 0.14 0.14 0.14
          0.14 0.14 0.14 0.14 0.14 0.14 0.14 0.14 0.14 0.14 0.14 0.14
          0.14 0.14 0.14 0.14 0.14 0.14 0.14 0.14 0.14 0.14 0.14 0.14
          0.14 0.14 0.14 0.14 0.14 0.14 0.14 0.14 0.14 0.14 0.14 0.14
          0.14 0.14 0.14 0.14 0.14 0.14 0.14 0.14 0.14 0.14 0.14 0.14
          0.14 0.14 0.14 0.14 0.14 0.14 0.14 0.14 0.14 0.14 0.14 0.14
          0.14 0.14 0.14 0.14 0.14 0.14 0.14 0.14 0.14 0.14 0.14 0.14
          0.14 0.14 0.14 0.14 0.14 0.14 0.14 0.14 0.14 0.14 0.14 0.14
          0.14 0.14 0.14 0.14 0.14 0.14 0.14 0.14 0.14 0.14 0.14 0.14
          0.14 0.14 0.14 0.14 0.14 0.14 0.14 0.14 0.14 0.14 0.14 0.14
          0.14 0.14 0.14 0.14 0.14 0.14 0.14 0.14 0.14 0.14 0.14 0.14
          0.14 0.14 0.14 0.14 0.14 0.14 0.14 0.14 0.14 0.14 0.14 0.14
          0.14 0.14 0.14 0.14 0.14 0.14 0.14 0.14 0.14 0.14 0.14 0.14
          0.14 0.14 0.14 0.14 0.14 0.14 0.14 0.14 0.14 0.14 0.14 0.14
          0.14 0.14 0.14 0.14 0.14 0.14 0.14 0.14 0.14 0.14 0.14 0.14
          0.14 0.14 0.14 0.14 0.14 0.14 0.14 0.14 0.14 0.14 0.14 0.14
          0.14 0.14 0.14 0.14 0.14 0.14 0.14 0.14 0.14 0.14 0.14 0.14
          0.14 0.14 0.14 0.14 0.14 0.14 0.14 0.14 0.14 0.14 0.14 0.14
          0.14 0.14 0.14 0.14 0.14 0.14 0.14 0.14 0.14 0.14 0.14 0.14
          0.14 0.14 0.14 0.14 0.14 0.14 0.14 0.14 0.14 0.14 0.14 0.14
          0.14 0.14 0.14 0.14 0.14 0.14 0.14 0.14 0.14 0.14 0.14 0.14
          0.14 0.14 0.14 0.14 0.14 0.14 0.14 0.14 0.14 0.14 0.14 0.14
          0.14 0.14 0.14 0.14 0.14 0.14 0.14 0.14 0.14 0.14 0.14 0.14
          0.14 0.14 0.14 0.14 0.14 0.14 0.14 0.14 0.14 0.14 0.14 0.14
          0.14 0.14 0.14 0.14 0.14 0.14 0.14 0.14 0.14 0.14 0.14 0.14
          0.14 0.14 0.14 0.14 0.14 0.14 0.14 0.14 0.14 0.14 0.14 0.14
          0.14 0.14 0.14 0.14 0.14 0.14 0.14 0.14 0.14 0.14 0.14 0.14
          0.14 0.14 0.14 0.14 0.14 0.14 0.14 0.14 0.14 0.14 0.14 0.14
          0.14 0.14 0.14 0.14 0.14 0.14 0.14 0.14 0.14 0.14 0.14 0.14
          0.14 0.14 0.14 0.14 0.14 0.14 0.14 0.14 0.14 0.14 0.14 0.14
          0.14 0.14 0.14 0.14 0.14 0.14 0.14 0.14 0.14 0.14 0.14 0.14
          0.14 0.14 0.14 0.14 0.14 0.14 0.14 0.14 0.14 0.14 0.14 0.14
          0.14 0.14 0.14 0.14 0.14 0.14 0.14 0.14 0.14 0.14 0.14 0.14
          0.14 0.14 0.14 0.14 0.14 0.14 0.14 0.14 0.14 0.14 0.14 0.14
          0.14 0.14 0.14 0.14 0.14 0.14 0.14 0.14 0.14 0.14 0.14 0.14
          0.14 0.14 0.14 0.14 0.14 0.14 0.14 0.14 0.14 0.14 0.14 0.14
          0.14 0.14 0.14 0.14 0.14 0.14 0.14 0.14 0.14 0.14 0.14 0.14
          0.14 0.14 0.14 0.14 0.14 0.14 0.14 0.14 0.14 0.14 0.14 0.14
          0.14 0.14 0.14 0.14 0.14 0.14 0.14 0.14 0.14 0.14 0.14 0.14
          0.14 0.14 0.14 0.14 0.14 0.14 0.14 0.14 0.14 0.14 0.14 0.14
          0.14 0.14 0.14 0.14 0.14 0.14 0.14 0.14 0.14 0.14 0.14 0.14
          0.14 0.14 0.14 0.14 0.14 0.14 0.14 0.14 0.14 0.14 0.14 0.14
          0.14 0.14 0.14 0.14 0.14 0.14 0.14 0.14 0.14 0.14 0.14 0.14
          0.14 0.14 0.14 0.14 0.14 0.14 0.14 0.14 0.14 0.14 0.14 0.14
          0.14 0.14 0.14 0.14 0.14 0.14 0.14 0.14 0.14 0.14 0.14 0.14
          0.14 0.14 0.14 0.14 0.14 0.14 0.14 0.14 0.14 0.14 0.14 0.14
          0.14 0.14 0.14 0.14 0.14 0.14 0.14 0.14 0.14 0.14 0.14 0.14
          0.14 0.14 0.14 0.14 0.14 0.14 0.14 0.14 0.14 0.14 0.14 0.14
          0.14 0.14 0.14 0.14 0.14 0.14 0.14 0.14 0.14 0.14 0.14 0.14
          0.14 0.14 0.14 0.14 0.14 0.14 0.14 0.14 0.14 0.14 0.14 0.14
          0.14 0.14 0.14 0.14 0.14 0.14 0.14 0.14 0.14 0.14 0.14 0.14
          0.14 0.14 0.14 0.14 0.14 0.14 0.14 0.14 0.14 0.14 0.14 0.14
          0.14 0.14 0.14 0.14 0.14 0.14 0.14 0.14 0.14 0.14 0.14 0.14
          0.14 0.14 0.14 0.14 0.14 0.14 0.14 0.14 0.14 0.14 0.14 0.14
          0.14 0.14 0.14 0.14 0.14 0.14 0.14 0.14 0.14 0.14 0.14 0.14
          0.14 0.14 0.14 0.14 0.14 0.14 0.14 0.14 0.14 0.14 0.14 0.14
          0.14 0.14 0.14 0.14 0.14 0.14 0.14 0.14 0.14 0.14 0.14 0.14
          0.14 0.14 0.14 0.14 0.14 0.14 0.14 0.14 0.14 0.14 0.14 0.14
          0.14 0.14 0.14 0.14 0.14 0.14 0.14 0.14 0.14 0.14 0.14 0.14
          0.14 0.14 0.14 0.14 0.14 0.14 0.14 0.14 0.14 0.14 0.14 0.14
          0.14 0.14 0.14 0.14 0.14 0.14 0.14 0.14 0.14 0.14 0.14 0.14
          0.14 0.14 0.14 0.14 0.14 0.14 0.14 0.14 0.14 0.14 0.14 0.14
          0.14 0.14 0.14 0.14 0.14 0.14 0.14 0.14 0.14 0.14 0.14 0.14
          0.14 0.14 0.14 0.14 0.14 0.14 0.14 0.14 0.14 0.14 0.14 0.14
          0.14 0.14 0.14 0.14 0.14 0.14 0.14 0.14 0.14 0.14 0.14 0.14
          0.14 0.14 0.14 0.14 0.14 0.14 0.14 0.14 0.14 0.14 0.14 0.14
          0.14 0.14 0.14 0.14 0.14 0.14 0.14 0.14 0.14 0.14 0.14 0.14
          0.14 0.14 0.14 0.14 0.14 0.14 0.14 0.14 0.14 0.14 0.14 0.14
          0.14 0.14 0.14 0.14 0.14 0.14 0.14 0.14 0.14 0.14 0.14 0.14
          0.14 0.14 0.14 0.14 0.14 0.14 0.14 0.14 0.14 0.14 0.14 0.14
          0.14 0.14 0.14 0.14 0.14 0.14 0.14 0.14 0.14 0.14 0.14 0.14
          0.14 0.14 0.14 0.14 0.14 0.14 0.14 0.14 0.14 0.14 0.14 0.14
          0.14 0.14 0.14 0.14 0.14 0.14 0.14 0.14 0.14 0.14 0.14 0.14
          0.14 0.14 0.14 0.14 0.14 0.14 0.14 0.14 0.14 0.14 0.14 0.14
          0.14 0.14 0.14 0.14 0.14 0.14 0.14 0.14 0.14 0.14 0.14 0.14
          0.14 0.14 0.14 0.14 0.14 0.14 0.14 0.14 0.14 0.14 0.14 0.14
          0.14 0.14 0.14 0.14 0.14 0.14 0.14 0.14 0.14 0.14 0.14 0.14
          0.14 0.14 0.14 0.14 0.14 0.14 0.14 0.14 0.14 0.14 0.14 0.14
          0.14 0.14 0.14 0.14 0.14 0.14 0.14 0.14 0.14 0.14 0.14 0.14
          0.14 0.14 0.14 0.14 0.14 0.14 0.14 0.14 0.14 0.14 0.14 0.14
          0.14 0.14 0.14 0.14 0.14 0.14 0.14 0.14 0.14 0.14 0.14 0.14
          0.14 0.14 0.14 0.14 0.14 0.14 0.14 0.14 0.14 0.14 0.14 0.14
          0.14 0.14 0.14 0.14 0.14 0.14 0.14 0.14 0.14 0.14 0.14 0.14
          0.14 0.14 0.14 0.14 0.14 0.14 0.14 0.14 0.14 0.14 0.14 0.14
          0.14 0.14 0.14 0.14 0.14 0.14 0.14 0.14 0.14 0.14 0.14 0.14
          0.14 0.14 0.14 0.14 0.14 0.14 0.14 0.14 0.14 0.14 0.14 0.14
          0.14 0.14 0.14 0.14 0.14 0.14 0.14 0.14 0.14 0.14 0.14 0.14
          0.14 0.14 0.14 0.14 0.14 0.14 0.14 0.14 0.14 0.14 0.14 0.14
          0.14 0.14 0.14 0.14 0.14 0.14 0.14 0.14 0.14 0.14 0.14 0.14
          0.14 0.14 0.14 0.14 0.14 0.14 0.14 0.14 0.14 0.14 0.14 0.14
          0.14 0.14 0.14 0.14 0.14 0.14 0.14 0.14 0.14 0.14 0.14 0.14
          0.14 0.14 0.14 0.14 0.14 0.14 0.14 0.14 0.14 0.14 0.14 0.14
          0.14 0.14 0.14 0.14 0.14 0.14 0.14 0.14 0.14 0.14 0.14 0.14
          0.14 0.14 0.14 0.14 0.14 0.14 0.14 0.14 0.14 0.14 0.14 0.14
          0.14 0.14 0.14 0.14 0.14 0.14 0.14 0.14 0.14 0.14 0.14 0.14
          0.14 0.14 0.14 0.14 0.14 0.14 0.14 0.14 0.14 0.14 0.14 0.14
          0.14 0.14 0.14 0.14 0.14 0.14 0.14 0.14 0.14 0.14 0.14 0.14
          0.14 0.14 0.14 0.14 0.14 0.14 0.14 0.14 0.14 0.14 0.14 0.14
          0.14 0.14 0.14 0.14 0.14 0.14 0.14 0.14 0.14 0.14 0.14 0.14
          0.14 0.14 0.14 0.14 0.14 0.14 0.14 0.14 0.14 0.14 0.14 0.14
          0.14 0.14 0.14 0.14 0.14 0.14 0.14 0.14 0.14 0.14 0.14 0.14
          0.14 0.14 0.14 0.14 0.14 0.14 0.14 0.14 0.14 0.14 0.14 0.14
          0.14 0.14 0.14 0.14 0.14 0.14 0.14 0.14 0.14 0.14 0.14 0.14
          0.14 0.14 0.14 0.14 0.14 0.14 0.14 0.14 0.14 0.14 0.14 0.14
          0.14 0.14 0.14 0.14 0.14 0.14 0.14 0.14 0.14 0.14 0.14 0.14
          0.14 0.14 0.14 0.14 0.14 0.14 0.14 0.14 0.14 0.14 0.14 0.14
          0.14 0.14 0.14 0.14 0.14 0.14 0.14 0.14 0.14 0.14 0.14 0.14
          0.14 0.14 0.14 0.14 0.14 0.14 0.14 0.14 0.14 0.14 0.14 0.14
          0.14 0.14 0.14 0.14 0.14 0.14 0.14 0.14 0.14 0.14 0.14 0.14
          0.14 0.14 0.14 0.14 0.14 0.14 0.14 0.14 0.14 0.14 0.14 0.14
          0.14 0.14 0.14 0.14 0.14 0.14 0.14 0.14 0.14 0.14 0.14 0.14
          0.14 0.14 0.14 0.14 0.14 0.14 0.14 0.14 0.14 0.14 0.14 0.14
          0.14 0.14 0.14 0.14 0.14 0.14 0.14 0.14 0.14 0.14 0.14 0.14
          0.14 0.14 0.14 0.14 0.14 0.14 0.14 0.14 0.14 0.14 0.14 0.14
          0.14 0.14 0.14 0.14 0.14 0.14 0.14 0.14 0.14 0.14 0.14 0.14
          0.14 0.14 0.14 0.14 0.14 0.14 0.14 0.14 0.14 0.14 0.14 0.14
          0.14 0.14 0.14 0.14 0.14 0.14 0.14 0.14 0.14 0.14 0.14 0.14
          0.14 0.14 0.14 0.14 0.14 0.14 0.14 0.14 0.14 0.14 0.14 0.14
          0.14 0.14 0.14 0.14 0.14 0.14 0.14 0.14 0.14 0.14 0.14 0.14
          0.14 0.14 0.14 0.14 0.14 0.14 0.14 0.14 0.14 0.14 0.14 0.14
          0.14 0.14 0.14 0.14 0.14 0.14 0.14 0.14 0.14 0.14 0.14 0.14
          0.14 0.14 0.14 0.14 0.14 0.14 0.14 0.14 0.14 0.14 0.14 0.14
          0.14 0.14 0.14 0.14 0.14 0.14 0.14 0.14 0.14 0.14 0.14 0.14
          0.14 0.14 0.14 0.14 0.14 0.14 0.14 0.14 0.14 0.14 0.14 0.14
          0.14 0.14 0.14 0.14 0.14 0.14 0.14 0.14 0.14 0.14 0.14 0.14
          0.14 0.14 0.14 0.14 0.14 0.14 0.14 0.14 0.14 0.14 0.14 0.14
          0.14 0.14 0.14 0.14 0.14 0.14 0.14 0.14 0.14 0.14 0.14 0.14
          0.14 0.14 0.14 0.14 0.14 0.14 0.14 0.14 0.14 0.14 0.14 0.14
          0.14 0.14 0.14 0.14 0.14 0.14 0.14 0.14 0.14 0.14 0.14 0.14
          0.14 0.14 0.14 0.14 0.14 0.14 0.14 0.14 0.14 0.14 0.14 0.14
          0.14 0.14 0.14 0.14 0.14 0.14 0.14 0.14 0.14 0.14 0.14 0.14
          0.14 0.14 0.14 0.14 0.14 0.14 0.14 0.14 0.14 0.14 0.14 0.14
          0.14 0.14 0.14 0.14 0.14 0.14 0.14 0.14 0.14 0.14 0.14 0.14
          0.14 0.14 0.14 0.14 0.14 0.14 0.14 0.14 0.14 0.14 0.14 0.14
          0.14 0.14 0.14 0.14 0.14 0.14 0.14 0.14 0.14 0.14 0.14 0.14
          0.14 0.14 0.14 0.14 0.14 0.14 0.14 0.14 0.14 0.14 0.14 0.14
          0.14 0.14 0.14 0.14 0.14 0.14 0.14 0.14 0.14 0.14 0.14 0.14
          0.14 0.14 0.14 0.14 0.14 0.14 0.14 0.14 0.14 0.14 0.14 0.14
          0.14 0.14 0.14 0.14 0.14 0.14 0.14 0.14 0.14 0.14 0.14 0.14
          0.14 0.14 0.14 0.14 0.14 0.14 0.14 0.14 0.14 0.14 0.14 0.14
          0.14 0.14 0.14 0.14 0.14 0.14 0.14 0.14 0.14 0.14 0.14 0.14
          0.14 0.14 0.14 0.14 0.14 0.14 0.14 0.14 0.14 0.14 0.14 0.14
          0.14 0.14 0.14 0.14 0.14 0.14 0.14 0.14 0.14 0.14 0.14 0.14
          0.14 0.14 0.14 0.14 0.14 0.14 0.14 0.14 0.14 0.14 0.14 0.14
          0.14 0.14 0.14 0.14 0.14 0.14 0.14 0.14 0.14 0.14 0.14 0.14
          0.14 0.14 0.14 0.14 0.14 0.14 0.14 0.14 0.14 0.14 0.14 0.14
          0.14 0.14 0.14 0.14 0.14 0.14 0.14 0.14 0.14 0.14 0.14 0.14
          0.14 0.14 0.14 0.14 0.14 0.14 0.14 0.14 0.14 0.14 0.14 0.14
          0.14 0.14 0.14 0.14
        </DataArray>
        <DataArray type="Float32" Name="x^SimpleH2O_liq" NumberOfComponents="1" format="ascii">
          0.997532 0.997532 0.997535 0.997535 0.997532 0.997535 0.997532 0.997535 0.997532 0.997535 0.997532 0.997535
          0.997532 0.997535 0.997532 0.997535 0.997532 0.997535 0.997532 0.997535 0.997532 0.997535 0.997532 0.997535
          0.997532 0.997535 0.997532 0.997535 0.997532 0.997535 0.997532 0.997535 0.997532 0.997535 0.997532 0.997535
          0.997532 0.997535 0.997532 0.997535 0.997532 0.997535 0.997532 0.997535 0.997532 0.997535 0.997532 0.997535
          0.997532 0.997535 0.997532 0.997535 0.997532 0.997535 0.997532 0.997535 0.997532 0.997535 0.997532 0.997535
          0.997532 0.997535 0.997532 0.997535 0.997532 0.997535 0.997532 0.997535 0.997532 0.997535 0.997532 0.997535
          0.997532 0.997535 0.997532 0.997535 0.997532 0.997535 0.997532 0.997535 0.997532 0.997535 0.997532 0.997535
          0.997532 0.997535 0.997532 0.997535 0.997532 0.997535 0.997532 0.997535 0.997532 0.997535 0.997532 0.997535
          0.997532 0.997535 0.997532 0.997535 0.997532 0.997535 0.997532 0.997535 0.997532 0.997535 0.997532 0.997535
          0.997532 0.997535 0.997532 0.997535 0.997532 0.997535 0.997532 0.997535 0.997532 0.997535 0.997532 0.997535
          0.997532 0.997535 0.997532 0.997535 0.997532 0.997535 0.997532 0.997535 0.997532 0.997535 0.997532 0.997535
          0.997532 0.997535 0.997532 0.997535 0.997532 0.997535 0.997532 0.997535 0.997532 0.997535 0.997532 0.997535
          0.997532 0.997535 0.997532 0.997535 0.997532 0.997535 0.997532 0.997535 0.997537 0.997537 0.997537 0.997537
          0.997537 0.997537 0.997537 0.997537 0.997537 0.997537 0.997537 0.997537 0.997537 0.997537 0.997537 0.997537
          0.997537 0.997537 0.997537 0.997537 0.997537 0.997537 0.997537 0.997537 0.997537 0.997537 0.997537 0.997537
          0.997537 0.997537 0.997537 0.997537 0.997537 0.997537 0.997537 0.997537 0.997537 0.997537 0.997537 0.997537
          0.997537 0.997537 0.997537 0.997537 0.997537 0.997537 0.997537 0.997537 0.997537 0.997537 0.997537 0.997537
          0.997537 0.997537 0.997537 0.997537 0.997537 0.997537 0.997537 0.997537 0.997537 0.997537 0.997537 0.997537
          0.997537 0.997537 0.997537 0.997537 0.997537 0.997537 0.997537 0.997537 0.997537 0.997537 0.997537 0.997537
          0.997539 0.997539 0.997539 0.997539 0.997539 0.997539 0.997539 0.997539 0.997539 0.997539 0.997539 0.997539
          0.997539 0.997539 0.997539 0.997539 0.997539 0.997539 0.997539 0.997539 0.997539 0.997539 0.997539 0.997539
          0.997539 0.997539 0.997539 0.997539 0.997539 0.997539 0.997539 0.997539 0.997539 0.997539 0.997539 0.997539
          0.997539 0.997539 0.997539 0.997539 0.997539 0.997539 0.997539 0.997539 0.997539 0.997539 0.997539 0.997539
          0.997539 0.997539 0.997539 0.997539 0.997539 0.997539 0.997539 0.997539 0.997539 0.997539 0.997539 0.997539
          0.997539 0.997539 0.997539 0.997539 0.997539 0.997539 0.997539 0.997539 0.997539 0.997539 0.997539 0.997539
          0.997539 0.997539 0.997539 0.997539 0.997542 0.997542 0.997542 0.997542 0.997542 0.997542 0.997542 0.997542
          0.997542 0.997542 0.997542 0.997542 0.997542 0.997542 0.997542 0.997542 0.997542 0.997542 0.997542 0.997542
          0.997542 0.997542 0.997542 0.997542 0.997542 0.997542 0.997542 0.997542 0.997542 0.997542 0.997542 0.997542
          0.997542 0.997542 0.997542 0.997542 0.997542 0.997542 0.997542 0.997542 0.997542 0.997542 0.997542 0.997542
          0.997542 0.997542 0.997542 0.997542 0.997542 0.997542 0.997542 0.997542 0.997542 0.997542 0.997542 0.997542
          0.997542 0.997542 0.997542 0.997542 0.997542 0.997542 0.997542 0.997542 0.997542 0.997542 0.997542 0.997542
          0.997542 0.997542 0.997542 0.997542 0.997542 0.997542 0.997542 0.997542 0.997544 0.997544 0.997544 0.997544
          0.997544 0.997544 0.997544 0.997544 0.997544 0.997544 0.997544 0.997544 0.997544 0.997544 0.997544 0.997544
          0.997544 0.997544 0.997544 0.997544 0.997544 0.997544 0.997544 0.997544 0.997544 0.997544 0.997544 0.997544
          0.997544 0.997544 0.997544 0.997544 0.997544 0.997544 0.997544 0.997544 0.997544 0.997544 0.997544 0.997544
          0.997544 0.997544 0.997544 0.997544 0.997544 0.997544 0.997544 0.997544 0.997544 0.997544 0.997544 0.997544
          0.997544 0.997544 0.997544 0.997544 0.997544 0.997544 0.997544 0.997544 0.997544 0.997544 0.997544 0.997544
          0.997544 0.997544 0.997544 0.997544 0.997544 0.997544 0.997544 0.997544 0.997544 0.997544 0.997544 0.997544
          0.997547 0.997547 0.997547 0.997547 0.997547 0.997547 0.997547 0.997547 0.997547 0.997547 0.997547 0.997547
          0.997547 0.997547 0.997547 0.997547 0.997547 0.997547 0.997547 0.997547 0.997547 0.997547 0.997547 0.997547
          0.997546 0.997546 0.997546 0.997546 0.997546 0.997546 0.997546 0.997546 0.997546 0.997546 0.997546 0.997546
          0.997546 0.997546 0.997546 0.997546 0.997546 0.997546 0.997546 0.997546 0.997546 0.997546 0.997546 0.997546
          0.997546 0.997546 0.997546 0.997546 0.997546 0.997546 0.997546 0.997546 0.997546 0.997546 0.997546 0.997546
          0.997546 0.997546 0.997546 0.997546 0.997546 0.997546 0.997546 0.997546 0.997546 0.997546 0.997546 0.997546
          0.997546 0.997546 0.997546 0.997546 0.997549 0.997549 0.997549 0.997549 0.997549 0.997549 0.997549 0.997549
          0.997549 0.997549 0.997549 0.997549 0.997549 0.997549 0.997549 0.997549 0.997549 0.997549 0.997549 0.997549
          0.997549 0.997549 0.997549 0.997549 0.997549 0.997549 0.997549 0.997549 0.997549 0.997549 0.997549 0.997549
          0.997549 0.997549 0.997549 0.997549 0.997549 0.997549 0.997549 0.997549 0.997549 0.997549 0.997549 0.997549
          0.997549 0.997549 0.997549 0.997549 0.997549 0.997549 0.997549 0.997549 0.997549 0.997549 0.997549 0.997549
          0.997549 0.997549 0.997549 0.997549 0.997549 0.997549 0.997549 0.997549 0.997549 0.997549 0.997549 0.997549
          0.997549 0.997549 0.997549 0.997549 0.997549 0.997549 0.997549 0.997549 0.997552 0.997552 0.997552 0.997552
          0.997552 0.997552 0.997552 0.997552 0.997552 0.997552 0.997552 0.997552 0.997552 0.997551 0.997551 0.997551
          0.997551 0.997551 0.997551 0.997551 0.997551 0.997551 0.997551 0.997551 0.997551 0.997551 0.997551 0.997551
          0.997551 0.997551 0.997551 0.997551 0.997551 0.997551 0.997551 0.997551 0.997551 0.997551 0.997551 0.997551
          0.997551 0.997551 0.997551 0.997551 0.997551 0.997551 0.997551 0.997551 0.997551 0.997551 0.997551 0.997551
          0.997551 0.997551 0.997551 0.997551 0.997551 0.997551 0.997551 0.997551 0.997551 0.997551 0.997551 0.997551
          0.997551 0.997551 0.997551 0.997551 0.997551 0.997551 0.997551 0.997551 0.997551 0.997551 0.997551 0.997551
          0.997554 0.997554 0.997554 0.997554 0.997554 0.997554 0.997554 0.997554 0.997554 0.997554 0.997554 0.997554
          0.997554 0.997554 0.997554 0.997554 0.997554 0.997554 0.997554 0.997554 0.997554 0.997554 0.997554 0.997554
          0.997554 0.997554 0.997554 0.997554 0.997554 0.997554 0.997554 0.997554 0.997554 0.997554 0.997554 0.997554
          0.997554 0.997554 0.997554 0.997554 0.997554 0.997554 0.997554 0.997554 0.997554 0.997554 0.997554 0.997554
          0.997554 0.997553 0.997553 0.997553 0.997553 0.997553 0.997553 0.997553 0.997553 0.997553 0.997553 0.997553
          0.997553 0.997553 0.997553 0.997553 0.997553 0.997553 0.997553 0.997553 0.997553 0.997553 0.997553 0.997553
          0.997553 0.997553 0.997553 0.997553 0.997557 0.997557 0.997557 0.997557 0.997556 0.997556 0.997556 0.997556
          0.997556 0.997556 0.997556 0.997556 0.997556 0.997556 0.997556 0.997556 0.997556 0.997556 0.997556 0.997556
          0.997556 0.997556 0.997556 0.997556 0.997556 0.997556 0.997556 0.997556 0.997556 0.997556 0.997556 0.997556
          0.997556 0.997556 0.997556 0.997556 0.997556 0.997556 0.997556 0.997556 0.997556 0.997556 0.997556 0.997556
          0.997556 0.997556 0.997556 0.997556 0.997556 0.997556 0.997556 0.997556 0.997556 0.997556 0.997556 0.997556
          0.997556 0.997556 0.997556 0.997556 0.997556 0.997556 0.997556 0.997556 0.997556 0.997556 0.997556 0.997556
          0.997556 0.997556 0.997556 0.997556 0.997556 0.997556 0.997556 0.997556 0.997559 0.997559 0.997559 0.997559
          0.997559 0.997559 0.997559 0.997559 0.997559 0.997559 0.997559 0.997559 0.997559 0.997559 0.997559 0.997559
          0.997559 0.997559 0.997559 0.997559 0.997559 0.997559 0.997559 0.997559 0.997559 0.997558 0.997558 0.997558
          0.997558 0.997558 0.997558 0.997558 0.997558 0.997558 0.997558 0.997558 0.997558 0.997558 0.997558 0.997558
          0.997558 0.997558 0.997558 0.997558 0.997558 0.997558 0.997558 0.997558 0.997558 0.997558 0.997558 0.997558
          0.997558 0.997558 0.997558 0.997558 0.997558 0.997558 0.997558 0.997558 0.997558 0.997558 0.997558 0.997558
          0.997558 0.997558 0.997558 0.997558 0.997558 0.997558 0.997558 0.997558 0.997558 0.997558 0.997558 0.997558
          0.997561 0.997561 0.997561 0.997561 0.997561 0.997561 0.997561 0.997561 0.997561 0.997561 0.997561 0.997561
          0.997561 0.997561 0.997561 0.997561 0.997561 0.997561 0.997561 0.997561 0.997561 0.997561 0.997561 0.997561
          0.997561 0.997561 0.997561 0.997561 0.997561 0.997561 0.997561 0.997561 0.997561 0.997561 0.997561 0.997561
          0.997561 0.997561 0.997561 0.997561 0.997561 0.997561 0.997561 0.997561 0.997561 0.997561 0.997561 0.997561
          0.997561 0.997561 0.997561 0.997561 0.997561 0.997561 0.997561 0.997561 0.997561 0.997561 0.997561 0.997561
          0.997561 0.997561 0.997561 0.997561 0.997561 0.997561 0.997561 0.997561 0.997561 0.997561 0.997561 0.997561
          0.997561 0.997561 0.997561 0.997561 0.997564 0.997564 0.997564 0.997564 0.997564 0.997564 0.997564 0.997564
          0.997564 0.997564 0.997564 0.997564 0.997564 0.997564 0.997563 0.997563 0.997563 0.997563 0.997563 0.997563
          0.997563 0.997563 0.997563 0.997563 0.997563 0.997563 0.997563 0.997563 0.997563 0.997563 0.997563 0.997563
          0.997563 0.997563 0.997563 0.997563 0.997563 0.997563 0.997563 0.997563 0.997563 0.997563 0.997563 0.997563
          0.997563 0.997563 0.997563 0.997563 0.997563 0.997563 0.997563 0.997563 0.997563 0.997563 0.997563 0.997563
          0.997563 0.997563 0.997563 0.997563 0.997563 0.997563 0.997563 0.997563 0.997563 0.997563 0.997563 0.997563
          0.997563 0.997563 0.997563 0.997563 0.997563 0.997563 0.997563 0.997563 0.997566 0.997566 0.997566 0.997566
          0.997566 0.997566 0.997566 0.997566 0.997566 0.997566 0.997566 0.997566 0.997566 0.997566 0.997566 0.997566
          0.997566 0.997566 0.997566 0.997566 0.997566 0.997566 0.997566 0.997566 0.997566 0.997566 0.997566 0.997566
          0.997566 0.997566 0.997566 0.997566 0.997566 0.997566 0.997566 0.997566 0.997566 0.997565 0.997565 0.997565
          0.997565 0.997565 0.997565 0.997565 0.997565 0.997565 0.997565 0.997565 0.997565 0.997565 0.997565 0.997565
          0.997565 0.997565 0.997565 0.997565 0.997565 0.997565 0.997565 0.997565 0.997565 0.997565 0.997565 0.997565
          0.997565 0.997565 0.997565 0.997565 0.997565 0.997565 0.997565 0.997565 0.997565 0.997565 0.997565 0.997565
          0.997569 0.997569 0.997569 0.997569 0.997569 0.997569 0.997569 0.997569 0.997568 0.997568 0.997568 0.997568
          0.997568 0.997568 0.997568 0.997568 0.997568 0.997568 0.997568 0.997568 0.997568 0.997568 0.997568 0.997568
          0.997568 0.997568 0.997568 0.997568 0.997568 0.997568 0.997568 0.997568 0.997568 0.997568 0.997568 0.997568
          0.997568 0.997568 0.997568 0.997568 0.997568 0.997568 0.997568 0.997568 0.997568 0.997568 0.997568 0.997568
          0.997568 0.997568 0.997568 0.997568 0.997568 0.997568 0.997568 0.997568 0.997568 0.997568 0.997568 0.997568
          0.997568 0.997568 0.997568 0.997568 0.997568 0.997568 0.997568 0.997568 0.997568 0.997568 0.997568 0.997568
          0.997568 0.997568 0.997568 0.997568 0.997571 0.997571 0.997571 0.997571 0.997571 0.997571 0.997571 0.997571
          0.997571 0.997571 0.997571 0.997571 0.997571 0.997571 0.997571 0.997571 0.997571 0.997571 0.997571 0.997571
          0.997571 0.997571 0.997571 0.997571 0.99757 0.99757 0.99757 0.99757 0.99757 0.99757 0.99757 0.99757
          0.99757 0.99757 0.99757 0.99757 0.99757 0.99757 0.99757 0.99757 0.99757 0.99757 0.99757 0.99757
          0.99757 0.99757 0.99757 0.99757 0.99757 0.99757 0.99757 0.99757 0.99757 0.99757 0.99757 0.99757
          0.99757 0.99757 0.99757 0.99757 0.99757 0.99757 0.99757 0.99757 0.99757 0.99757 0.99757 0.99757
          0.99757 0.99757 0.99757 0.99757 0.99757 0.99757 0.99757 0.99757 0.997574 0.997574 0.997574 0.997573
          0.997573 0.997573 0.997573 0.997573 0.997573 0.997573 0.997573 0.997573 0.997573 0.997573 0.997573 0.997573
          0.997573 0.997573 0.997573 0.997573 0.997573 0.997573 0.997573 0.997573 0.997573 0.997573 0.997573 0.997573
          0.997573 0.997573 0.997573 0.997573 0.997573 0.997573 0.997573 0.997573 0.997573 0.997573 0.997573 0.997573
          0.997573 0.997573 0.997573 0.997573 0.997572 0.997572 0.997572 0.997572 0.997572 0.997572 0.997572 0.997572
          0.997572 0.997572 0.997572 0.997572 0.997572 0.997572 0.997572 0.997572 0.997572 0.997572 0.997572 0.997572
          0.997572 0.997572 0.997572 0.997572 0.997572 0.997572 0.997572 0.997572 0.997572 0.997572 0.997572 0.997572
          0.997576 0.997576 0.997576 0.997576 0.997576 0.997576 0.997576 0.997576 0.997576 0.997576 0.997576 0.997576
          0.997576 0.997576 0.997576 0.997576 0.997575 0.997575 0.997575 0.997575 0.997575 0.997575 0.997575 0.997575
          0.997575 0.997575 0.997575 0.997575 0.997575 0.997575 0.997575 0.997575 0.997575 0.997575 0.997575 0.997575
          0.997575 0.997575 0.997575 0.997575 0.997575 0.997575 0.997575 0.997575 0.997575 0.997575 0.997575 0.997575
          0.997575 0.997575 0.997575 0.997575 0.997575 0.997575 0.997575 0.997575 0.997575 0.997575 0.997575 0.997575
          0.997575 0.997575 0.997575 0.997575 0.997575 0.997575 0.997575 0.997575 0.997575 0.997575 0.997575 0.997575
          0.997575 0.997575 0.997575 0.997575 0.997579 0.997579 0.997578 0.997578 0.997578 0.997578 0.997578 0.997578
          0.997578 0.997578 0.997578 0.997578 0.997578 0.997578 0.997578 0.997578 0.997578 0.997578 0.997578 0.997578
          0.997578 0.997578 0.997578 0.997578 0.997578 0.997578 0.997578 0.997578 0.997577 0.997577 0.997577 0.997577
          0.997577 0.997577 0.997577 0.997577 0.997577 0.997577 0.997577 0.997577 0.997577 0.997577 0.997577 0.997577
          0.997577 0.997577 0.997577 0.997577 0.997577 0.997577 0.997577 0.997577 0.997577 0.997577 0.997577 0.997577
          0.997577 0.997577 0.997577 0.997577 0.997577 0.997577 0.997577 0.997577 0.997577 0.997577 0.997577 0.997577
          0.997577 0.997577 0.997577 0.997577 0.997577 0.997577 0.997577 0.997577 0.997581 0.997581 0.997581 0.997581
          0.997581 0.997581 0.997581 0.997581 0.997581 0.997581 0.997581 0.99758 0.99758 0.99758 0.99758 0.99758
          0.99758 0.99758 0.99758 0.99758 0.99758 0.99758 0.99758 0.99758 0.99758 0.99758 0.99758 0.99758
          0.99758 0.99758 0.99758 0.99758 0.99758 0.99758 0.99758 0.99758 0.99758 0.99758 0.99758 0.99758
          0.99758 0.99758 0.99758 0.99758 0.99758 0.99758 0.99758 0.99758 0.99758 0.99758 0.99758 0.99758
          0.99758 0.99758 0.99758 0.99758 0.99758 0.99758 0.99758 0.99758 0.99758 0.99758 0.99758 0.99758
          0.99758 0.99758 0.99758 0.997579 0.997579 0.997579 0.997579 0.997579 0.997579 0.997579 0.997579 0.997579
          0.997583 0.997583 0.997583 0.997583 0.997583 0.997583 0.997583 0.997583 0.997583 0.997583 0.997583 0.997583
          0.997583 0.997583 0.997583 0.997583 0.997583 0.997583 0.997583 0.997583 0.997582 0.997582 0.997582 0.997582
          0.997582 0.997582 0.997582 0.997582 0.997582 0.997582 0.997582 0.997582 0.997582 0.997582 0.997582 0.997582
          0.997582 0.997582 0.997582 0.997582 0.997582 0.997582 0.997582 0.997582 0.997582 0.997582 0.997582 0.997582
          0.997582 0.997582 0.997582 0.997582 0.997582 0.997582 0.997582 0.997582 0.997582 0.997582 0.997582 0.997582
          0.997582 0.997582 0.997582 0.997582 0.997582 0.997582 0.997582 0.997582 0.997582 0.997582 0.997582 0.997582
          0.997582 0.997582 0.997582 0.997582 0.997586 0.997586 0.997586 0.997586 0.997586 0.997586 0.997586 0.997585
          0.997585 0.997585 0.997585 0.997585 0.997585 0.997585 0.997585 0.997585 0.997585 0.997585 0.997585 0.997585
          0.997585 0.997585 0.997585 0.997585 0.997585 0.997585 0.997585 0.997585 0.997585 0.997585 0.997585 0.997585
          0.997585 0.997585 0.997584 0.997584 0.997584 0.997584 0.997584 0.997584 0.997584 0.997584 0.997584 0.997584
          0.997584 0.997584 0.997584 0.997584 0.997584 0.997584 0.997584 0.997584 0.997584 0.997584 0.997584 0.997584
          0.997584 0.997584 0.997584 0.997584 0.997584 0.997584 0.997584 0.997584 0.997584 0.997584 0.997584 0.997584
          0.997584 0.997584 0.997584 0.997584 0.997584 0.997584 0.997584 0.997584 0.997588 0.997588 0.997588 0.997588
          0.997588 0.997588 0.997588 0.997588 0.997588 0.997588 0.997588 0.997588 0.997588 0.997588 0.997588 0.997588
          0.997587 0.997587 0.997587 0.997587 0.997587 0.997587 0.997587 0.997587 0.997587 0.997587 0.997587 0.997587
          0.997587 0.997587 0.997587 0.997587 0.997587 0.997587 0.997587 0.997587 0.997587 0.997587 0.997587 0.997587
          0.997587 0.997587 0.997587 0.997587 0.997587 0.997587 0.997587 0.997587 0.997587 0.997587 0.997587 0.997587
          0.997587 0.997587 0.997587 0.997587 0.997587 0.997587 0.997587 0.997587 0.997587 0.997587 0.997587 0.997587
          0.997587 0.997587 0.997587 0.997587 0.997587 0.997587 0.997587 0.997587 0.997587 0.997587 0.997587 0.997587
          0.997591 0.99759 0.99759 0.99759 0.99759 0.99759 0.99759 0.99759 0.99759 0.99759 0.99759 0.99759
          0.99759 0.99759 0.99759 0.99759 0.99759 0.99759 0.99759 0.99759 0.99759 0.99759 0.99759 0.99759
          0.997589 0.997589 0.997589 0.997589 0.997589 0.997589 0.997589 0.997589 0.997589 0.997589 0.997589 0.997589
          0.997589 0.997589 0.997589 0.997589 0.997589 0.997589 0.997589 0.997589 0.997589 0.997589 0.997589 0.997589
          0.997589 0.997589 0.997589 0.997589 0.997589 0.997589 0.997589 0.997589 0.997589 0.997589 0.997589 0.997589
          0.997589 0.997589 0.997589 0.997589 0.997589 0.997589 0.997589 0.997589 0.997589 0.997589 0.997589 0.997589
          0.997589 0.997589 0.997589 0.997589 0.997591 0.997592 0.997592 0.997592 0.997592 0.997592 0.997592 0.997592
          0.997592 0.997592 0.997592 0.997592 0.997592 0.997592 0.997592 0.997592 0.997592 0.997592 0.997592 0.997592
          0.997592 0.997592 0.997592 0.997592 0.997592 0.997592 0.997592 0.997592 0.997592 0.997592 0.997592 0.997592
          0.997592 0.997592 0.997592 0.997591 0.997591 0.997591 0.997591 0.997591 0.997591 0.997591 0.997591 0.997591
          0.997591 0.997591 0.997591 0.997591 0.997591 0.997591 0.997591 0.997591 0.997591 0.997591 0.997591 0.997591
          0.997591 0.997591 0.997591 0.997591 0.997591 0.997591 0.997591 0.997591 0.997591 0.997591 0.997591 0.997591
          0.997591 0.997591 0.997591 0.997591 0.997591 0.997591 0.997591 0.997591 0.997561 0.997585 0.997587 0.997588
          0.997589 0.997589 0.99759 0.997591 0.997592 0.997593 0.997593 0.997594 0.997594 0.997594 0.997594 0.997594
          0.997594 0.997594 0.997594 0.997594 0.997594 0.997594 0.997594 0.997594 0.997594 0.997594 0.997594 0.997594
          0.997594 0.997594 0.997594 0.997594 0.997594 0.997594 0.997594 0.997594 0.997594 0.997594 0.997594 0.997594
          0.997594 0.997594 0.997594 0.997594 0.997594 0.997594 0.997594 0.997594 0.997594 0.997594 0.997594 0.997594
          0.997594 0.997594 0.997594 0.997594 0.997594 0.997594 0.997594 0.997594 0.997594 0.997594 0.997594 0.997594
          0.997594 0.997594 0.997594 0.997594 0.997594 0.997594 0.997594 0.997594 0.997594 0.997594 0.997594 0.997594
          0.997561 0.997562 0.997562 0.997562 0.997563 0.997563 0.997564 0.997564 0.997565 0.997565 0.997565 0.997588
          0.99759 0.997591 0.997592 0.997592 0.997593 0.997594 0.997595 0.997595 0.997596 0.997596 0.997596 0.997596
          0.997596 0.997596 0.997596 0.997596 0.997596 0.997596 0.997596 0.997596 0.997596 0.997596 0.997596 0.997596
          0.997596 0.997596 0.997596 0.997596 0.997596 0.997596 0.997596 0.997596 0.997596 0.997596 0.997596 0.997596
          0.997596 0.997596 0.997596 0.997596 0.997596 0.997596 0.997596 0.997596 0.997596 0.997596 0.997596 0.997596
          0.997596 0.997596 0.997596 0.997596 0.997596 0.997596 0.997596 0.997596 0.997596 0.997596 0.997596 0.997596
          0.997596 0.997596 0.997596 0.997596 0.997561 0.997562 0.997562 0.997563 0.997563 0.997563 0.997564 0.997564
          0.997565 0.997565 0.997566 0.997566 0.997566 0.997567 0.997567 0.997568 0.997568 0.997569 0.997569 0.99757
          0.99757 0.997593 0.997595 0.997595 0.997596 0.997597 0.997597 0.997598 0.997598 0.997599 0.997599 0.997599
          0.997599 0.997599 0.997599 0.997599 0.997598 0.997598 0.997598 0.997598 0.997598 0.997598 0.997598 0.997598
          0.997598 0.997598 0.997598 0.997598 0.997598 0.997598 0.997598 0.997598 0.997598 0.997598 0.997598 0.997598
          0.997598 0.997598 0.997598 0.997598 0.997598 0.997598 0.997598 0.997598 0.997598 0.997598 0.997598 0.997598
          0.997598 0.997598 0.997598 0.997598 0.997598 0.997598 0.997598 0.997598 0.997562 0.997562 0.997563 0.997563
          0.997563 0.997564 0.997564 0.997565 0.997565 0.997565 0.997566 0.997566 0.997567 0.997567 0.997568 0.997568
          0.997569 0.997569 0.99757 0.99757 0.99757 0.997571 0.997571 0.997572 0.997572 0.997573 0.997574 0.997574
          0.997575 0.997595 0.997599 0.9976 0.9976 0.997601 0.997601 0.997601 0.997601 0.997601 0.997601 0.997601
          0.997601 0.997601 0.997601 0.997601 0.997601 0.997601 0.997601 0.997601 0.997601 0.997601 0.997601 0.997601
          0.997601 0.997601 0.997601 0.997601 0.997601 0.997601 0.997601 0.997601 0.997601 0.997601 0.997601 0.997601
          0.997601 0.997601 0.997601 0.997601 0.997601 0.997601 0.997601 0.997601 0.997601 0.997601 0.997601 0.997601
          0.997562 0.997562 0.997563 0.997563 0.997564 0.997564 0.997564 0.997565 0.997565 0.997566 0.997566 0.997567
          0.997567 0.997567 0.997568 0.997568 0.997569 0.997569 0.99757 0.99757 0.997571 0.997571 0.997572 0.997572
          0.997573 0.997573 0.997574 0.997574 0.997575 0.997575 0.997576 0.997577 0.997578 0.997579 0.997601 0.997603
          0.997603 0.997603 0.997603 0.997603 0.997603 0.997603 0.997603 0.997603 0.997603 0.997603 0.997603 0.997603
          0.997603 0.997603 0.997603 0.997603 0.997603 0.997603 0.997603 0.997603 0.997603 0.997603 0.997603 0.997603
          0.997603 0.997603 0.997603 0.997603 0.997603 0.997603 0.997603 0.997603 0.997603 0.997603 0.997603 0.997603
          0.997603 0.997603 0.997603 0.997603
        </DataArray>
        <DataArray type="Float32" Name="x^CH4_liq" NumberOfComponents="1" format="ascii">
          0.0024678 0.0024678 0.0024654 0.00246541 0.0024678 0.00246541 0.0024678 0.00246541 0.00246781 0.00246542 0.00246781 0.00246542
          0.00246781 0.00246542 0.00246781 0.00246543 0.00246781 0.00246543 0.00246782 0.00246543 0.00246782 0.00246543 0.00246782 0.00246544
          0.00246782 0.00246544 0.00246782 0.00246544 0.00246782 0.00246545 0.00246783 0.00246545 0.00246783 0.00246545 0.00246783 0.00246545
          0.00246783 0.00246546 0.00246783 0.00246546 0.00246783 0.00246546 0.00246784 0.00246546 0.00246784 0.00246546 0.00246784 0.00246547
          0.00246784 0.00246547 0.00246784 0.00246547 0.00246784 0.00246547 0.00246784 0.00246547 0.00246784 0.00246548 0.00246785 0.00246548
          0.00246785 0.00246548 0.00246785 0.00246548 0.00246785 0.00246548 0.00246785 0.00246548 0.00246785 0.00246549 0.00246785 0.00246549
          0.00246785 0.00246549 0.00246785 0.00246549 0.00246785 0.00246549 0.00246786 0.00246549 0.00246786 0.00246549 0.00246786 0.0024655
          0.00246786 0.0024655 0.00246786 0.0024655 0.00246786 0.0024655 0.00246786 0.0024655 0.00246786 0.0024655 0.00246786 0.0024655
          0.00246786 0.0024655 0.00246786 0.0024655 0.00246786 0.0024655 0.00246786 0.0024655 0.00246786 0.00246551 0.00246786 0.00246551
          0.00246786 0.00246551 0.00246787 0.00246551 0.00246787 0.00246551 0.00246787 0.00246551 0.00246787 0.00246551 0.00246787 0.00246551
          0.00246787 0.00246551 0.00246787 0.00246551 0.00246787 0.00246551 0.00246787 0.00246551 0.00246787 0.00246551 0.00246787 0.00246551
          0.00246787 0.00246551 0.00246787 0.00246551 0.00246787 0.00246551 0.00246787 0.00246551 0.00246787 0.00246551 0.00246787 0.00246551
          0.00246787 0.00246552 0.00246787 0.00246552 0.00246787 0.00246552 0.00246787 0.00246552 0.00246296 0.00246297 0.00246297 0.00246298
          0.00246298 0.00246299 0.00246299 0.002463 0.002463 0.00246301 0.00246301 0.00246302 0.00246302 0.00246303 0.00246303 0.00246304
          0.00246304 0.00246304 0.00246305 0.00246305 0.00246306 0.00246306 0.00246306 0.00246307 0.00246307 0.00246307 0.00246308 0.00246308
          0.00246308 0.00246309 0.00246309 0.00246309 0.00246309 0.0024631 0.0024631 0.0024631 0.0024631 0.00246311 0.00246311 0.00246311
          0.00246311 0.00246311 0.00246312 0.00246312 0.00246312 0.00246312 0.00246312 0.00246313 0.00246313 0.00246313 0.00246313 0.00246313
          0.00246313 0.00246313 0.00246313 0.00246314 0.00246314 0.00246314 0.00246314 0.00246314 0.00246314 0.00246314 0.00246314 0.00246314
          0.00246314 0.00246314 0.00246314 0.00246315 0.00246315 0.00246315 0.00246315 0.00246315 0.00246315 0.00246315 0.00246315 0.00246315
          0.00246052 0.00246053 0.00246054 0.00246054 0.00246055 0.00246056 0.00246057 0.00246057 0.00246058 0.00246059 0.00246059 0.0024606
          0.00246061 0.00246061 0.00246062 0.00246062 0.00246063 0.00246064 0.00246064 0.00246065 0.00246065 0.00246066 0.00246066 0.00246067
          0.00246067 0.00246068 0.00246068 0.00246068 0.00246069 0.00246069 0.0024607 0.0024607 0.00246071 0.00246071 0.00246071 0.00246072
          0.00246072 0.00246072 0.00246073 0.00246073 0.00246073 0.00246073 0.00246074 0.00246074 0.00246074 0.00246074 0.00246075 0.00246075
          0.00246075 0.00246075 0.00246075 0.00246076 0.00246076 0.00246076 0.00246076 0.00246076 0.00246076 0.00246077 0.00246077 0.00246077
          0.00246077 0.00246077 0.00246077 0.00246077 0.00246077 0.00246077 0.00246078 0.00246078 0.00246078 0.00246078 0.00246078 0.00246078
          0.00246078 0.00246078 0.00246078 0.00246078 0.00245808 0.00245809 0.0024581 0.00245811 0.00245812 0.00245813 0.00245814 0.00245815
          0.00245815 0.00245816 0.00245817 0.00245818 0.00245819 0.0024582 0.0024582 0.00245821 0.00245822 0.00245823 0.00245823 0.00245824
          0.00245825 0.00245825 0.00245826 0.00245827 0.00245827 0.00245828 0.00245828 0.00245829 0.0024583 0.0024583 0.00245831 0.00245831
          0.00245832 0.00245832 0.00245833 0.00245833 0.00245833 0.00245834 0.00245834 0.00245835 0.00245835 0.00245835 0.00245836 0.00245836
          0.00245836 0.00245837 0.00245837 0.00245837 0.00245837 0.00245838 0.00245838 0.00245838 0.00245838 0.00245839 0.00245839 0.00245839
          0.00245839 0.00245839 0.0024584 0.0024584 0.0024584 0.0024584 0.0024584 0.0024584 0.0024584 0.00245841 0.00245841 0.00245841
          0.00245841 0.00245841 0.00245841 0.00245841 0.00245841 0.00245841 0.00245841 0.00245841 0.00245564 0.00245565 0.00245566 0.00245567
          0.00245569 0.0024557 0.00245571 0.00245572 0.00245573 0.00245574 0.00245575 0.00245576 0.00245577 0.00245578 0.00245579 0.0024558
          0.00245581 0.00245582 0.00245583 0.00245583 0.00245584 0.00245585 0.00245586 0.00245587 0.00245587 0.00245588 0.00245589 0.0024559
          0.0024559 0.00245591 0.00245592 0.00245592 0.00245593 0.00245593 0.00245594 0.00245594 0.00245595 0.00245595 0.00245596 0.00245596
          0.00245597 0.00245597 0.00245598 0.00245598 0.00245598 0.00245599 0.00245599 0.002456 0.002456 0.002456 0.002456 0.00245601
          0.00245601 0.00245601 0.00245602 0.00245602 0.00245602 0.00245602 0.00245602 0.00245603 0.00245603 0.00245603 0.00245603 0.00245603
          0.00245603 0.00245604 0.00245604 0.00245604 0.00245604 0.00245604 0.00245604 0.00245604 0.00245604 0.00245605 0.00245605 0.00245605
          0.0024532 0.00245321 0.00245323 0.00245324 0.00245325 0.00245327 0.00245328 0.00245329 0.00245331 0.00245332 0.00245333 0.00245334
          0.00245335 0.00245337 0.00245338 0.00245339 0.0024534 0.00245341 0.00245342 0.00245343 0.00245344 0.00245345 0.00245346 0.00245347
          0.00245348 0.00245349 0.00245349 0.0024535 0.00245351 0.00245352 0.00245353 0.00245353 0.00245354 0.00245355 0.00245355 0.00245356
          0.00245357 0.00245357 0.00245358 0.00245358 0.00245359 0.00245359 0.0024536 0.0024536 0.00245361 0.00245361 0.00245362 0.00245362
          0.00245362 0.00245363 0.00245363 0.00245363 0.00245364 0.00245364 0.00245364 0.00245365 0.00245365 0.00245365 0.00245365 0.00245366
          0.00245366 0.00245366 0.00245366 0.00245366 0.00245367 0.00245367 0.00245367 0.00245367 0.00245367 0.00245367 0.00245367 0.00245368
          0.00245368 0.00245368 0.00245368 0.00245368 0.00245076 0.00245077 0.00245079 0.0024508 0.00245082 0.00245084 0.00245085 0.00245087
          0.00245088 0.00245089 0.00245091 0.00245092 0.00245094 0.00245095 0.00245096 0.00245098 0.00245099 0.002451 0.00245101 0.00245102
          0.00245104 0.00245105 0.00245106 0.00245107 0.00245108 0.00245109 0.0024511 0.00245111 0.00245112 0.00245113 0.00245113 0.00245114
          0.00245115 0.00245116 0.00245117 0.00245117 0.00245118 0.00245119 0.00245119 0.0024512 0.00245121 0.00245121 0.00245122 0.00245122
          0.00245123 0.00245123 0.00245124 0.00245124 0.00245125 0.00245125 0.00245126 0.00245126 0.00245126 0.00245127 0.00245127 0.00245127
          0.00245128 0.00245128 0.00245128 0.00245128 0.00245129 0.00245129 0.00245129 0.00245129 0.0024513 0.0024513 0.0024513 0.0024513
          0.0024513 0.0024513 0.00245131 0.00245131 0.00245131 0.00245131 0.00245131 0.00245131 0.00244831 0.00244833 0.00244835 0.00244837
          0.00244839 0.00244841 0.00244842 0.00244844 0.00244846 0.00244847 0.00244849 0.0024485 0.00244852 0.00244854 0.00244855 0.00244856
          0.00244858 0.00244859 0.00244861 0.00244862 0.00244863 0.00244865 0.00244866 0.00244867 0.00244868 0.00244869 0.0024487 0.00244871
          0.00244873 0.00244874 0.00244875 0.00244875 0.00244876 0.00244877 0.00244878 0.00244879 0.0024488 0.00244881 0.00244881 0.00244882
          0.00244883 0.00244883 0.00244884 0.00244885 0.00244885 0.00244886 0.00244886 0.00244887 0.00244887 0.00244888 0.00244888 0.00244889
          0.00244889 0.00244889 0.0024489 0.0024489 0.0024489 0.00244891 0.00244891 0.00244891 0.00244892 0.00244892 0.00244892 0.00244892
          0.00244893 0.00244893 0.00244893 0.00244893 0.00244893 0.00244894 0.00244894 0.00244894 0.00244894 0.00244894 0.00244894 0.00244894
          0.00244587 0.00244589 0.00244592 0.00244594 0.00244596 0.00244598 0.00244599 0.00244601 0.00244603 0.00244605 0.00244607 0.00244609
          0.0024461 0.00244612 0.00244614 0.00244615 0.00244617 0.00244619 0.0024462 0.00244622 0.00244623 0.00244624 0.00244626 0.00244627
          0.00244628 0.0024463 0.00244631 0.00244632 0.00244633 0.00244635 0.00244636 0.00244637 0.00244638 0.00244639 0.0024464 0.00244641
          0.00244641 0.00244642 0.00244643 0.00244644 0.00244645 0.00244645 0.00244646 0.00244647 0.00244647 0.00244648 0.00244649 0.00244649
          0.0024465 0.0024465 0.00244651 0.00244651 0.00244652 0.00244652 0.00244653 0.00244653 0.00244653 0.00244654 0.00244654 0.00244654
          0.00244655 0.00244655 0.00244655 0.00244655 0.00244656 0.00244656 0.00244656 0.00244656 0.00244657 0.00244657 0.00244657 0.00244657
          0.00244657 0.00244657 0.00244658 0.00244658 0.00244343 0.00244346 0.00244348 0.0024435 0.00244352 0.00244355 0.00244357 0.00244359
          0.00244361 0.00244363 0.00244365 0.00244367 0.00244369 0.00244371 0.00244373 0.00244374 0.00244376 0.00244378 0.0024438 0.00244381
          0.00244383 0.00244384 0.00244386 0.00244387 0.00244389 0.0024439 0.00244392 0.00244393 0.00244394 0.00244396 0.00244397 0.00244398
          0.00244399 0.002444 0.00244401 0.00244402 0.00244403 0.00244404 0.00244405 0.00244406 0.00244407 0.00244408 0.00244408 0.00244409
          0.0024441 0.00244411 0.00244411 0.00244412 0.00244412 0.00244413 0.00244413 0.00244414 0.00244414 0.00244415 0.00244415 0.00244416
          0.00244416 0.00244417 0.00244417 0.00244417 0.00244418 0.00244418 0.00244418 0.00244418 0.00244419 0.00244419 0.00244419 0.00244419
          0.0024442 0.0024442 0.0024442 0.0024442 0.0024442 0.00244421 0.00244421 0.00244421 0.00244099 0.00244102 0.00244104 0.00244107
          0.00244109 0.00244112 0.00244114 0.00244116 0.00244119 0.00244121 0.00244123 0.00244125 0.00244127 0.00244129 0.00244131 0.00244133
          0.00244135 0.00244137 0.00244139 0.00244141 0.00244143 0.00244144 0.00244146 0.00244148 0.00244149 0.00244151 0.00244152 0.00244154
          0.00244155 0.00244157 0.00244158 0.00244159 0.00244161 0.00244162 0.00244163 0.00244164 0.00244165 0.00244166 0.00244167 0.00244168
          0.00244169 0.0024417 0.00244171 0.00244172 0.00244172 0.00244173 0.00244174 0.00244174 0.00244175 0.00244176 0.00244176 0.00244177
          0.00244177 0.00244178 0.00244178 0.00244179 0.00244179 0.0024418 0.0024418 0.0024418 0.00244181 0.00244181 0.00244181 0.00244182
          0.00244182 0.00244182 0.00244182 0.00244183 0.00244183 0.00244183 0.00244183 0.00244183 0.00244184 0.00244184 0.00244184 0.00244184
          0.00243855 0.00243858 0.00243861 0.00243863 0.00243866 0.00243869 0.00243871 0.00243874 0.00243876 0.00243879 0.00243881 0.00243884
          0.00243886 0.00243888 0.0024389 0.00243893 0.00243895 0.00243897 0.00243899 0.00243901 0.00243903 0.00243905 0.00243906 0.00243908
          0.0024391 0.00243912 0.00243913 0.00243915 0.00243916 0.00243918 0.00243919 0.00243921 0.00243922 0.00243923 0.00243925 0.00243926
          0.00243927 0.00243928 0.00243929 0.0024393 0.00243931 0.00243932 0.00243933 0.00243934 0.00243935 0.00243936 0.00243936 0.00243937
          0.00243938 0.00243938 0.00243939 0.0024394 0.0024394 0.00243941 0.00243941 0.00243942 0.00243942 0.00243942 0.00243943 0.00243943
          0.00243944 0.00243944 0.00243944 0.00243945 0.00243945 0.00243945 0.00243945 0.00243946 0.00243946 0.00243946 0.00243946 0.00243947
          0.00243947 0.00243947 0.00243947 0.00243947 0.00243611 0.00243614 0.00243617 0.0024362 0.00243623 0.00243626 0.00243629 0.00243631
          0.00243634 0.00243637 0.00243639 0.00243642 0.00243644 0.00243647 0.00243649 0.00243652 0.00243654 0.00243656 0.00243659 0.00243661
          0.00243663 0.00243665 0.00243667 0.00243669 0.00243671 0.00243673 0.00243674 0.00243676 0.00243678 0.00243679 0.00243681 0.00243682
          0.00243684 0.00243685 0.00243687 0.00243688 0.00243689 0.0024369 0.00243691 0.00243693 0.00243694 0.00243695 0.00243696 0.00243697
          0.00243697 0.00243698 0.00243699 0.002437 0.002437 0.00243701 0.00243702 0.00243702 0.00243703 0.00243704 0.00243704 0.00243705
          0.00243705 0.00243706 0.00243706 0.00243706 0.00243707 0.00243707 0.00243707 0.00243708 0.00243708 0.00243708 0.00243709 0.00243709
          0.00243709 0.00243709 0.0024371 0.0024371 0.0024371 0.0024371 0.0024371 0.00243711 0.00243367 0.00243371 0.00243374 0.00243377
          0.0024338 0.00243383 0.00243386 0.00243389 0.00243392 0.00243395 0.00243398 0.002434 0.00243403 0.00243406 0.00243408 0.00243411
          0.00243414 0.00243416 0.00243418 0.00243421 0.00243423 0.00243425 0.00243427 0.00243429 0.00243432 0.00243433 0.00243435 0.00243437
          0.00243439 0.00243441 0.00243442 0.00243444 0.00243446 0.00243447 0.00243449 0.0024345 0.00243451 0.00243453 0.00243454 0.00243455
          0.00243456 0.00243457 0.00243458 0.00243459 0.0024346 0.00243461 0.00243462 0.00243463 0.00243463 0.00243464 0.00243465 0.00243465
          0.00243466 0.00243467 0.00243467 0.00243468 0.00243468 0.00243469 0.00243469 0.00243469 0.0024347 0.0024347 0.00243471 0.00243471
          0.00243471 0.00243472 0.00243472 0.00243472 0.00243472 0.00243473 0.00243473 0.00243473 0.00243473 0.00243473 0.00243474 0.00243474
          0.00243123 0.00243127 0.0024313 0.00243134 0.00243137 0.0024314 0.00243144 0.00243147 0.0024315 0.00243153 0.00243156 0.00243159
          0.00243162 0.00243165 0.00243168 0.0024317 0.00243173 0.00243176 0.00243178 0.00243181 0.00243183 0.00243186 0.00243188 0.0024319
          0.00243192 0.00243195 0.00243197 0.00243199 0.00243201 0.00243202 0.00243204 0.00243206 0.00243208 0.00243209 0.00243211 0.00243212
          0.00243214 0.00243215 0.00243216 0.00243218 0.00243219 0.0024322 0.00243221 0.00243222 0.00243223 0.00243224 0.00243225 0.00243226
          0.00243226 0.00243227 0.00243228 0.00243228 0.00243229 0.0024323 0.0024323 0.00243231 0.00243231 0.00243232 0.00243232 0.00243233
          0.00243233 0.00243233 0.00243234 0.00243234 0.00243234 0.00243235 0.00243235 0.00243235 0.00243236 0.00243236 0.00243236 0.00243236
          0.00243236 0.00243237 0.00243237 0.00243237 0.0024288 0.00242883 0.00242887 0.00242891 0.00242894 0.00242898 0.00242901 0.00242905
          0.00242908 0.00242911 0.00242915 0.00242918 0.00242921 0.00242924 0.00242927 0.0024293 0.00242933 0.00242936 0.00242938 0.00242941
          0.00242944 0.00242946 0.00242949 0.00242951 0.00242954 0.00242956 0.00242958 0.0024296 0.00242962 0.00242964 0.00242966 0.00242968
          0.0024297 0.00242971 0.00242973 0.00242975 0.00242976 0.00242978 0.00242979 0.0024298 0.00242981 0.00242983 0.00242984 0.00242985
          0.00242986 0.00242987 0.00242988 0.00242989 0.00242989 0.0024299 0.00242991 0.00242992 0.00242992 0.00242993 0.00242993 0.00242994
          0.00242994 0.00242995 0.00242995 0.00242996 0.00242996 0.00242997 0.00242997 0.00242997 0.00242998 0.00242998 0.00242998 0.00242998
          0.00242999 0.00242999 0.00242999 0.00242999 0.00243 0.00243 0.00243 0.00243 0.00242636 0.0024264 0.00242644 0.00242648
          0.00242651 0.00242655 0.00242659 0.00242662 0.00242666 0.0024267 0.00242673 0.00242677 0.0024268 0.00242683 0.00242686 0.0024269
          0.00242693 0.00242696 0.00242699 0.00242702 0.00242704 0.00242707 0.0024271 0.00242712 0.00242715 0.00242717 0.0024272 0.00242722
          0.00242724 0.00242726 0.00242728 0.0024273 0.00242732 0.00242734 0.00242736 0.00242737 0.00242739 0.0024274 0.00242742 0.00242743
          0.00242744 0.00242746 0.00242747 0.00242748 0.00242749 0.0024275 0.00242751 0.00242752 0.00242753 0.00242753 0.00242754 0.00242755
          0.00242755 0.00242756 0.00242757 0.00242757 0.00242758 0.00242758 0.00242759 0.00242759 0.00242759 0.0024276 0.0024276 0.00242761
          0.00242761 0.00242761 0.00242761 0.00242762 0.00242762 0.00242762 0.00242762 0.00242763 0.00242763 0.00242763 0.00242763 0.00242763
          0.00242392 0.00242396 0.002424 0.00242405 0.00242409 0.00242413 0.00242417 0.0024242 0.00242424 0.00242428 0.00242432 0.00242435
          0.00242439 0.00242443 0.00242446 0.00242449 0.00242453 0.00242456 0.00242459 0.00242462 0.00242465 0.00242468 0.00242471 0.00242474
          0.00242476 0.00242479 0.00242481 0.00242484 0.00242486 0.00242488 0.00242491 0.00242493 0.00242495 0.00242497 0.00242498 0.002425
          0.00242502 0.00242503 0.00242505 0.00242506 0.00242508 0.00242509 0.0024251 0.00242511 0.00242512 0.00242513 0.00242514 0.00242515
          0.00242516 0.00242517 0.00242517 0.00242518 0.00242519 0.00242519 0.0024252 0.0024252 0.00242521 0.00242521 0.00242522 0.00242522
          0.00242523 0.00242523 0.00242523 0.00242524 0.00242524 0.00242524 0.00242525 0.00242525 0.00242525 0.00242525 0.00242526 0.00242526
          0.00242526 0.00242526 0.00242526 0.00242527 0.00242148 0.00242153 0.00242157 0.00242162 0.00242166 0.0024217 0.00242174 0.00242179
          0.00242183 0.00242187 0.00242191 0.00242194 0.00242198 0.00242202 0.00242206 0.00242209 0.00242213 0.00242216 0.0024222 0.00242223
          0.00242226 0.00242229 0.00242232 0.00242235 0.00242238 0.00242241 0.00242243 0.00242246 0.00242249 0.00242251 0.00242253 0.00242255
          0.00242257 0.00242259 0.00242261 0.00242263 0.00242265 0.00242266 0.00242268 0.00242269 0.00242271 0.00242272 0.00242273 0.00242274
          0.00242276 0.00242277 0.00242277 0.00242278 0.00242279 0.0024228 0.00242281 0.00242281 0.00242282 0.00242283 0.00242283 0.00242284
          0.00242284 0.00242285 0.00242285 0.00242286 0.00242286 0.00242286 0.00242287 0.00242287 0.00242287 0.00242288 0.00242288 0.00242288
          0.00242288 0.00242289 0.00242289 0.00242289 0.00242289 0.0024229 0.0024229 0.0024229 0.00241905 0.00241909 0.00241914 0.00241919
          0.00241923 0.00241928 0.00241932 0.00241937 0.00241941 0.00241945 0.00241949 0.00241954 0.00241958 0.00241962 0.00241965 0.00241969
          0.00241973 0.00241977 0.0024198 0.00241984 0.00241987 0.00241991 0.00241994 0.00241997 0.00242 0.00242003 0.00242006 0.00242008
          0.00242011 0.00242014 0.00242016 0.00242018 0.0024202 0.00242023 0.00242025 0.00242026 0.00242028 0.0024203 0.00242031 0.00242033
          0.00242034 0.00242036 0.00242037 0.00242038 0.00242039 0.0024204 0.00242041 0.00242042 0.00242043 0.00242044 0.00242044 0.00242045
          0.00242046 0.00242046 0.00242047 0.00242047 0.00242048 0.00242048 0.00242049 0.00242049 0.00242049 0.0024205 0.0024205 0.0024205
          0.00242051 0.00242051 0.00242051 0.00242052 0.00242052 0.00242052 0.00242052 0.00242052 0.00242053 0.00242053 0.00242053 0.00242053
          0.00241661 0.00241666 0.00241671 0.00241676 0.00241681 0.00241686 0.0024169 0.00241695 0.00241699 0.00241704 0.00241708 0.00241713
          0.00241717 0.00241721 0.00241725 0.00241729 0.00241733 0.00241737 0.00241741 0.00241745 0.00241749 0.00241752 0.00241756 0.00241759
          0.00241762 0.00241765 0.00241768 0.00241771 0.00241774 0.00241777 0.00241779 0.00241782 0.00241784 0.00241786 0.00241788 0.0024179
          0.00241792 0.00241794 0.00241795 0.00241797 0.00241798 0.00241799 0.00241801 0.00241802 0.00241803 0.00241804 0.00241805 0.00241806
          0.00241806 0.00241807 0.00241808 0.00241809 0.00241809 0.0024181 0.0024181 0.00241811 0.00241811 0.00241812 0.00241812 0.00241813
          0.00241813 0.00241813 0.00241814 0.00241814 0.00241814 0.00241814 0.00241815 0.00241815 0.00241815 0.00241815 0.00241815 0.00241816
          0.00241816 0.00241816 0.00241816 0.00241816 0.00241418 0.00241423 0.00241428 0.00241433 0.00241438 0.00241443 0.00241448 0.00241453
          0.00241458 0.00241463 0.00241467 0.00241472 0.00241477 0.00241481 0.00241486 0.0024149 0.00241494 0.00241498 0.00241502 0.00241506
          0.0024151 0.00241514 0.00241518 0.00241521 0.00241525 0.00241528 0.00241531 0.00241534 0.00241537 0.0024154 0.00241543 0.00241545
          0.00241548 0.0024155 0.00241552 0.00241554 0.00241556 0.00241558 0.00241559 0.00241561 0.00241562 0.00241563 0.00241565 0.00241566
          0.00241567 0.00241568 0.00241569 0.0024157 0.0024157 0.00241571 0.00241572 0.00241572 0.00241573 0.00241573 0.00241574 0.00241574
          0.00241575 0.00241575 0.00241576 0.00241576 0.00241576 0.00241577 0.00241577 0.00241577 0.00241578 0.00241578 0.00241578 0.00241578
          0.00241578 0.00241579 0.00241579 0.00241579 0.00241579 0.00241579 0.00241579 0.0024158 0.00241175 0.00241181 0.00241186 0.00241191
          0.00241196 0.00241201 0.00241206 0.00241212 0.00241217 0.00241222 0.00241227 0.00241232 0.00241236 0.00241241 0.00241246 0.0024125
          0.00241255 0.00241259 0.00241264 0.00241268 0.00241272 0.00241276 0.0024128 0.00241284 0.00241287 0.00241291 0.00241294 0.00241298
          0.00241301 0.00241304 0.00241307 0.00241309 0.00241312 0.00241314 0.00241316 0.00241318 0.0024132 0.00241322 0.00241324 0.00241325
          0.00241326 0.00241328 0.00241329 0.0024133 0.00241331 0.00241332 0.00241333 0.00241334 0.00241334 0.00241335 0.00241336 0.00241336
          0.00241337 0.00241337 0.00241338 0.00241338 0.00241339 0.00241339 0.00241339 0.0024134 0.0024134 0.0024134 0.0024134 0.00241341
          0.00241341 0.00241341 0.00241341 0.00241342 0.00241342 0.00241342 0.00241342 0.00241342 0.00241342 0.00241342 0.00241343 0.00241343
          0.00240948 0.0024095 0.00240952 0.00240956 0.00240959 0.00240963 0.00240967 0.00240972 0.00240977 0.00240982 0.00240987 0.00240992
          0.00240997 0.00241001 0.00241006 0.00241011 0.00241016 0.00241021 0.00241025 0.0024103 0.00241034 0.00241038 0.00241043 0.00241047
          0.00241051 0.00241054 0.00241058 0.00241061 0.00241065 0.00241068 0.00241071 0.00241074 0.00241076 0.00241079 0.00241081 0.00241083
          0.00241085 0.00241087 0.00241088 0.0024109 0.00241091 0.00241092 0.00241094 0.00241095 0.00241095 0.00241096 0.00241097 0.00241098
          0.00241098 0.00241099 0.002411 0.002411 0.00241101 0.00241101 0.00241102 0.00241102 0.00241102 0.00241103 0.00241103 0.00241103
          0.00241103 0.00241104 0.00241104 0.00241104 0.00241104 0.00241105 0.00241105 0.00241105 0.00241105 0.00241105 0.00241105 0.00241105
          0.00241106 0.00241106 0.00241106 0.00241106 0.00240896 0.00240827 0.00240808 0.00240796 0.00240785 0.00240775 0.00240767 0.00240761
          0.00240757 0.00240756 0.00240756 0.00240758 0.00240762 0.00240765 0.00240769 0.00240774 0.00240778 0.00240783 0.00240787 0.00240792
          0.00240797 0.00240801 0.00240806 0.0024081 0.00240814 0.00240818 0.00240822 0.00240826 0.00240829 0.00240833 0.00240836 0.00240839
          0.00240841 0.00240844 0.00240846 0.00240848 0.0024085 0.00240852 0.00240854 0.00240855 0.00240856 0.00240857 0.00240858 0.00240859
          0.0024086 0.00240861 0.00240862 0.00240862 0.00240863 0.00240863 0.00240864 0.00240864 0.00240865 0.00240865 0.00240865 0.00240866
          0.00240866 0.00240866 0.00240867 0.00240867 0.00240867 0.00240867 0.00240867 0.00240868 0.00240868 0.00240868 0.00240868 0.00240868
          0.00240868 0.00240869 0.00240869 0.00240869 0.00240869 0.00240869 0.00240869 0.00240869 0.00243906 0.00241548 0.00241298 0.00241222
          0.00241148 0.00241073 0.0024099 0.00240907 0.00240819 0.0024074 0.00240665 0.00240604 0.00240589 0.00240581 0.00240574 0.00240568
          0.00240563 0.0024056 0.0024056 0.00240561 0.00240563 0.00240566 0.0024057 0.00240574 0.00240578 0.00240582 0.00240587 0.00240591
          0.00240594 0.00240598 0.00240601 0.00240605 0.00240607 0.0024061 0.00240612 0.00240614 0.00240616 0.00240618 0.00240619 0.00240621
          0.00240622 0.00240623 0.00240624 0.00240624 0.00240625 0.00240626 0.00240626 0.00240627 0.00240627 0.00240628 0.00240628 0.00240628
          0.00240629 0.00240629 0.00240629 0.0024063 0.0024063 0.0024063 0.0024063 0.0024063 0.00240631 0.00240631 0.00240631 0.00240631
          0.00240631 0.00240631 0.00240632 0.00240632 0.00240632 0.00240632 0.00240632 0.00240632 0.00240632 0.00240632 0.00240632 0.00240632
          0.00243884 0.00243845 0.00243805 0.00243763 0.0024372 0.00243675 0.00243629 0.00243581 0.00243534 0.00243493 0.0024346 0.00241211
          0.00240954 0.00240885 0.00240821 0.00240753 0.0024068 0.00240604 0.00240531 0.00240466 0.0024041 0.00240369 0.00240362 0.00240359
          0.00240357 0.00240356 0.00240357 0.00240359 0.00240361 0.00240365 0.00240368 0.00240371 0.00240374 0.00240377 0.00240379 0.00240381
          0.00240383 0.00240384 0.00240386 0.00240387 0.00240387 0.00240388 0.00240389 0.0024039 0.0024039 0.00240391 0.00240391 0.00240391
          0.00240392 0.00240392 0.00240392 0.00240393 0.00240393 0.00240393 0.00240393 0.00240394 0.00240394 0.00240394 0.00240394 0.00240394
          0.00240394 0.00240394 0.00240395 0.00240395 0.00240395 0.00240395 0.00240395 0.00240395 0.00240395 0.00240395 0.00240395 0.00240395
          0.00240395 0.00240395 0.00240395 0.00240395 0.00243856 0.00243815 0.00243775 0.00243733 0.00243691 0.00243649 0.00243606 0.00243563
          0.00243521 0.0024348 0.00243439 0.00243398 0.00243356 0.00243311 0.00243264 0.00243216 0.00243166 0.00243114 0.00243063 0.0024302
          0.00242984 0.00240734 0.00240524 0.00240465 0.00240409 0.00240349 0.00240286 0.00240228 0.0024018 0.00240144 0.00240139 0.0024014
          0.00240142 0.00240145 0.00240147 0.00240149 0.00240151 0.00240152 0.00240152 0.00240153 0.00240154 0.00240154 0.00240155 0.00240155
          0.00240155 0.00240156 0.00240156 0.00240156 0.00240156 0.00240157 0.00240157 0.00240157 0.00240157 0.00240157 0.00240157 0.00240157
          0.00240158 0.00240158 0.00240158 0.00240158 0.00240158 0.00240158 0.00240158 0.00240158 0.00240158 0.00240158 0.00240158 0.00240158
          0.00240158 0.00240158 0.00240158 0.00240159 0.00240159 0.00240159 0.00240159 0.00240159 0.00243827 0.00243787 0.00243746 0.00243705
          0.00243663 0.00243622 0.0024358 0.00243538 0.00243496 0.00243454 0.00243412 0.00243369 0.00243326 0.00243281 0.00243237 0.00243191
          0.00243144 0.00243098 0.00243052 0.00243007 0.00242962 0.00242915 0.00242866 0.00242814 0.00242759 0.002427 0.0024264 0.0024258
          0.00242531 0.002405 0.00240081 0.00240016 0.00239966 0.00239928 0.00239919 0.00239919 0.00239919 0.00239919 0.0023992 0.0023992
          0.0023992 0.0023992 0.0023992 0.00239921 0.00239921 0.00239921 0.00239921 0.00239921 0.00239921 0.00239921 0.00239921 0.00239921
          0.00239921 0.00239921 0.00239921 0.00239921 0.00239921 0.00239921 0.00239921 0.00239922 0.00239922 0.00239922 0.00239922 0.00239922
          0.00239922 0.00239922 0.00239922 0.00239922 0.00239922 0.00239922 0.00239922 0.00239922 0.00239922 0.00239922 0.00239922 0.00239922
          0.00243799 0.00243759 0.00243718 0.00243677 0.00243635 0.00243594 0.00243552 0.0024351 0.00243468 0.00243426 0.00243384 0.00243341
          0.00243297 0.00243253 0.00243208 0.00243163 0.00243118 0.00243072 0.00243026 0.0024298 0.00242933 0.00242885 0.00242835 0.00242784
          0.00242731 0.00242676 0.00242621 0.00242568 0.00242516 0.00242461 0.00242396 0.00242318 0.00242217 0.00242129 0.00239946 0.002397
          0.00239686 0.00239686 0.00239686 0.00239686 0.00239686 0.00239686 0.00239686 0.00239686 0.00239686 0.00239686 0.00239686 0.00239686
          0.00239686 0.00239686 0.00239686 0.00239686 0.00239686 0.00239686 0.00239686 0.00239686 0.00239686 0.00239686 0.00239686 0.00239686
          0.00239686 0.00239686 0.00239686 0.00239686 0.00239686 0.00239686 0.00239686 0.00239686 0.00239686 0.00239686 0.00239686 0.00239686
          0.00239686 0.00239686 0.00239686 0.00239686
        </DataArray>
        <DataArray type="Float32" Name="x^H2_liq" NumberOfComponents="1" format="ascii">
          0 0 0 0 0 0 0 0 0 0 0 0
          0 0 0 0 0 0 0 0 0 0 0 0
          0 0 0 0 0 0 0 0 0 0 0 0
          0 0 0 0 0 0 0 0 0 0 0 0
          0 0 0 0 0 0 0 0 0 0 0 0
          0 0 0 0 0 0 0 0 0 0 0 0
          0 0 0 0 0 0 0 0 0 0 0 0
          0 0 0 0 0 0 0 0 0 0 0 0
          0 0 0 0 0 0 0 0 0 0 0 0
          0 0 0 0 0 0 0 0 0 0 0 0
          0 0 0 0 0 0 0 0 0 0 0 0
          0 0 0 0 0 0 0 0 0 0 0 0
          0 0 0 0 0 0 0 0 0 0 0 0
          0 0 0 0 0 0 0 0 0 0 0 0
          0 0 0 0 0 0 0 0 0 0 0 0
          0 0 0 0 0 0 0 0 0 0 0 0
          0 0 0 0 0 0 0 0 0 0 0 0
          0 0 0 0 0 0 0 0 0 0 0 0
          0 0 0 0 0 0 0 0 0 0 0 0
          0 0 0 0 0 0 0 0 0 0 0 0
          0 0 0 0 0 0 0 0 0 0 0 0
          0 0 0 0 0 0 0 0 0 0 0 0
          0 0 0 0 0 0 0 0 0 0 0 0
          0 0 0 0 0 0 0 0 0 0 0 0
          0 0 0 0 0 0 0 0 0 0 0 0
          0 0 0 0 0 0 0 0 0 0 0 0
          0 0 0 0 0 0 0 0 0 0 0 0
          0 0 0 0 0 0 0 0 0 0 0 0
          0 0 0 0 0 0 0 0 0 0 0 0
          0 0 0 0 0 0 0 0 0 0 0 0
          0 0 0 0 0 0 0 0 0 0 0 0
          0 0 0 0 0 0 0 0 0 0 0 0
          0 0 0 0 0 0 0 0 0 0 0 0
          0 0 0 0 0 0 0 0 0 0 0 0
          0 0 0 0 0 0 0 0 0 0 0 0
          0 0 0 0 0 0 0 0 0 0 0 0
          0 0 0 0 0 0 0 0 0 0 0 0
          0 0 0 0 0 0 0 0 0 0 0 0
          0 0 0 0 0 0 0 0 0 0 0 0
          0 0 0 0 0 0 0 0 0 0 0 0
          0 0 0 0 0 0 0 0 0 0 0 0
          0 0 0 0 0 0 0 0 0 0 0 0
          0 0 0 0 0 0 0 0 0 0 0 0
          0 0 0 0 0 0 0 0 0 0 0 0
          0 0 0 0 0 0 0 0 0 0 0 0
          0 0 0 0 0 0 0 0 0 0 0 0
          0 0 0 0 0 0 0 0 0 0 0 0
          0 0 0 0 0 0 0 0 0 0 0 0
          0 0 0 0 0 0 0 0 0 0 0 0
          0 0 0 0 0 0 0 0 0 0 0 0
          0 0 0 0 0 0 0 0 0 0 0 0
          0 0 0 0 0 0 0 0 0 0 0 0
          0 0 0 0 0 0 0 0 0 0 0 0
          0 0 0 0 0 0 0 0 0 0 0 0
          0 0 0 0 0 0 0 0 0 0 0 0
          0 0 0 0 0 0 0 0 0 0 0 0
          0 0 0 0 0 0 0 0 0 0 0 0
          0 0 0 0 0 0 0 0 0 0 0 0
          0 0 0 0 0 0 0 0 0 0 0 0
          0 0 0 0 0 0 0 0 0 0 0 0
          0 0 0 0 0 0 0 0 0 0 0 0
          0 0 0 0 0 0 0 0 0 0 0 0
          0 0 0 0 0 0 0 0 0 0 0 0
          0 0 0 0 0 0 0 0 0 0 0 0
          0 0 0 0 0 0 0 0 0 0 0 0
          0 0 0 0 0 0 0 0 0 0 0 0
          0 0 0 0 0 0 0 0 0 0 0 0
          0 0 0 0 0 0 0 0 0 0 0 0
          0 0 0 0 0 0 0 0 0 0 0 0
          0 0 0 0 0 0 0 0 0 0 0 0
          0 0 0 0 0 0 0 0 0 0 0 0
          0 0 0 0 0 0 0 0 0 0 0 0
          0 0 0 0 0 0 0 0 0 0 0 0
          0 0 0 0 0 0 0 0 0 0 0 0
          0 0 0 0 0 0 0 0 0 0 0 0
          0 0 0 0 0 0 0 0 0 0 0 0
          0 0 0 0 0 0 0 0 0 0 0 0
          0 0 0 0 0 0 0 0 0 0 0 0
          0 0 0 0 0 0 0 0 0 0 0 0
          0 0 0 0 0 0 0 0 0 0 0 0
          0 0 0 0 0 0 0 0 0 0 0 0
          0 0 0 0 0 0 0 0 0 0 0 0
          0 0 0 0 0 0 0 0 0 0 0 0
          0 0 0 0 0 0 0 0 0 0 0 0
          0 0 0 0 0 0 0 0 0 0 0 0
          0 0 0 0 0 0 0 0 0 0 0 0
          0 0 0 0 0 0 0 0 0 0 0 0
          0 0 0 0 0 0 0 0 0 0 0 0
          0 0 0 0 0 0 0 0 0 0 0 0
          0 0 0 0 0 0 0 0 0 0 0 0
          0 0 0 0 0 0 0 0 0 0 0 0
          0 0 0 0 0 0 0 0 0 0 0 0
          0 0 0 0 0 0 0 0 0 0 0 0
          0 0 0 0 0 0 0 0 0 0 0 0
          0 0 0 0 0 0 0 0 0 0 0 0
          0 0 0 0 0 0 0 0 0 0 0 0
          0 0 0 0 0 0 0 0 0 0 0 0
          0 0 0 0 0 0 0 0 0 0 0 0
          0 0 0 0 0 0 0 0 0 0 0 0
          0 0 0 0 0 0 0 0 0 0 0 0
          0 0 0 0 0 0 0 0 0 0 0 0
          0 0 0 0 0 0 0 0 0 0 0 0
          0 0 0 0 0 0 0 0 0 0 0 0
          0 0 0 0 0 0 0 0 0 0 0 0
          0 0 0 0 0 0 0 0 0 0 0 0
          0 0 0 0 0 0 0 0 0 0 0 0
          0 0 0 0 0 0 0 0 0 0 0 0
          0 0 0 0 0 0 0 0 0 0 0 0
          0 0 0 0 0 0 0 0 0 0 0 0
          0 0 0 0 0 0 0 0 0 0 0 0
          0 0 0 0 0 0 0 0 0 0 0 0
          0 0 0 0 0 0 0 0 0 0 0 0
          0 0 0 0 0 0 0 0 0 0 0 0
          0 0 0 0 0 0 0 0 0 0 0 0
          0 0 0 0 0 0 0 0 0 0 0 0
          0 0 0 0 0 0 0 0 0 0 0 0
          0 0 0 0 0 0 0 0 0 0 0 0
          0 0 0 0 0 0 0 0 0 0 0 0
          0 0 0 0 0 0 0 0 0 0 0 0
          0 0 0 0 0 0 0 0 0 0 0 0
          0 0 0 0 0 0 0 0 0 0 0 0
          0 0 0 0 0 0 0 0 0 0 0 0
          0 0 0 0 0 0 0 0 0 0 0 0
          0 0 0 0 0 0 0 0 0 0 0 0
          0 0 0 0 0 0 0 0 0 0 0 0
          0 0 0 0 0 0 0 0 0 0 0 0
          0 0 0 0 0 0 0 0 0 0 0 0
          0 0 0 0 0 0 0 0 0 0 0 0
          0 0 0 0 0 0 0 0 0 0 0 0
          0 0 0 0 0 0 0 0 0 0 0 0
          0 0 0 0 0 0 0 0 0 0 0 0
          0 0 0 0 0 0 0 0 0 0 0 0
          0 0 0 0 0 0 0 0 0 0 0 0
          0 0 0 0 0 0 0 0 0 0 0 0
          0 0 0 0 0 0 0 0 0 0 0 0
          0 0 0 0 0 0 0 0 0 0 0 0
          0 0 0 0 0 0 0 0 0 0 0 0
          0 0 0 0 0 0 0 0 0 0 0 0
          0 0 0 0 0 0 0 0 0 0 0 0
          0 0 0 0 0 0 0 0 0 0 0 0
          0 0 0 0 0 0 0 0 0 0 0 0
          0 0 0 0 0 0 0 0 0 0 0 0
          0 0 0 0 0 0 0 0 0 0 0 0
          0 0 0 0 0 0 0 0 0 0 0 0
          0 0 0 0 0 0 0 0 0 0 0 0
          0 0 0 0 0 0 0 0 0 0 0 0
          0 0 0 0 0 0 0 0 0 0 0 0
          0 0 0 0 0 0 0 0 0 0 0 0
          0 0 0 0 0 0 0 0 0 0 0 0
          0 0 0 0 0 0 0 0 0 0 0 0
          0 0 0 0 0 0 0 0 0 0 0 0
          0 0 0 0 0 0 0 0 0 0 0 0
          0 0 0 0 0 0 0 0 0 0 0 0
          0 0 0 0 0 0 0 0 0 0 0 0
          0 0 0 0 0 0 0 0 0 0 0 0
          0 0 0 0 0 0 0 0 0 0 0 0
          0 0 0 0 0 0 0 0 0 0 0 0
          0 0 0 0 0 0 0 0 0 0 0 0
          0 0 0 0 0 0 0 0 0 0 0 0
          0 0 0 0 0 0 0 0 0 0 0 0
          0 0 0 0 0 0 0 0 0 0 0 0
          0 0 0 0 0 0 0 0 0 0 0 0
          0 0 0 0 0 0 0 0 0 0 0 0
          0 0 0 0 0 0 0 0 0 0 0 0
          0 0 0 0 0 0 0 0 0 0 0 0
          0 0 0 0 0 0 0 0 0 0 0 0
          0 0 0 0 0 0 0 0 0 0 0 0
          0 0 0 0 0 0 0 0 0 0 0 0
          0 0 0 0 0 0 0 0 0 0 0 0
          0 0 0 0 0 0 0 0 0 0 0 0
          0 0 0 0 0 0 0 0 0 0 0 0
          0 0 0 0 0 0 0 0 0 0 0 0
          0 0 0 0 0 0 0 0 0 0 0 0
          0 0 0 0 0 0 0 0 0 0 0 0
          0 0 0 0 0 0 0 0 0 0 0 0
          0 0 0 0 0 0 0 0 0 0 0 0
          0 0 0 0 0 0 0 0 0 0 0 0
          0 0 0 0 0 0 0 0 0 0 0 0
          0 0 0 0 0 0 0 0 0 0 0 0
          0 0 0 0 0 0 0 0 0 0 0 0
          0 0 0 0 0 0 0 0 0 0 0 0
          0 0 0 0 0 0 0 0 0 0 0 0
          0 0 0 0 0 0 0 0 0 0 0 0
          0 0 0 0 0 0 0 0 0 0 0 0
          0 0 0 0 0 0 0 0 0 0 0 0
          0 0 0 0 0 0 0 0 0 0 0 0
          0 0 0 0 0 0 0 0 0 0 0 0
          0 0 0 0 0 0 0 0 0 0 0 0
          0 0 0 0 0 0 0 0 0 0 0 0
          0 0 0 0 0 0 0 0 0 0 0 0
          0 0 0 0 0 0 0 0 0 0 0 0
          0 0 0 0 0 0 0 0 0 0 0 0
          0 0 0 0 0 0 0 0 0 0 0 0
          0 0 0 0 0 0 0 0 0 0 0 0
          0 0 0 0 0 0 0 0 0 0 0 0
          0 0 0 0 0 0 0 0 0 0 0 0
          0 0 0 0
        </DataArray>
        <DataArray type="Float32" Name="x^CO2_liq" NumberOfComponents="1" format="ascii">
          0 0 0 0 0 0 0 0 0 0 0 0
          0 0 0 0 0 0 0 0 0 0 0 0
          0 0 0 0 0 0 0 0 0 0 0 0
          0 0 0 0 0 0 0 0 0 0 0 0
          0 0 0 0 0 0 0 0 0 0 0 0
          0 0 0 0 0 0 0 0 0 0 0 0
          0 0 0 0 0 0 0 0 0 0 0 0
          0 0 0 0 0 0 0 0 0 0 0 0
          0 0 0 0 0 0 0 0 0 0 0 0
          0 0 0 0 0 0 0 0 0 0 0 0
          0 0 0 0 0 0 0 0 0 0 0 0
          0 0 0 0 0 0 0 0 0 0 0 0
          0 0 0 0 0 0 0 0 0 0 0 0
          0 0 0 0 0 0 0 0 0 0 0 0
          0 0 0 0 0 0 0 0 0 0 0 0
          0 0 0 0 0 0 0 0 0 0 0 0
          0 0 0 0 0 0 0 0 0 0 0 0
          0 0 0 0 0 0 0 0 0 0 0 0
          0 0 0 0 0 0 0 0 0 0 0 0
          0 0 0 0 0 0 0 0 0 0 0 0
          0 0 0 0 0 0 0 0 0 0 0 0
          0 0 0 0 0 0 0 0 0 0 0 0
          0 0 0 0 0 0 0 0 0 0 0 0
          0 0 0 0 0 0 0 0 0 0 0 0
          0 0 0 0 0 0 0 0 0 0 0 0
          0 0 0 0 0 0 0 0 0 0 0 0
          0 0 0 0 0 0 0 0 0 0 0 0
          0 0 0 0 0 0 0 0 0 0 0 0
          0 0 0 0 0 0 0 0 0 0 0 0
          0 0 0 0 0 0 0 0 0 0 0 0
          0 0 0 0 0 0 0 0 0 0 0 0
          0 0 0 0 0 0 0 0 0 0 0 0
          0 0 0 0 0 0 0 0 0 0 0 0
          0 0 0 0 0 0 0 0 0 0 0 0
          0 0 0 0 0 0 0 0 0 0 0 0
          0 0 0 0 0 0 0 0 0 0 0 0
          0 0 0 0 0 0 0 0 0 0 0 0
          0 0 0 0 0 0 0 0 0 0 0 0
          0 0 0 0 0 0 0 0 0 0 0 0
          0 0 0 0 0 0 0 0 0 0 0 0
          0 0 0 0 0 0 0 0 0 0 0 0
          0 0 0 0 0 0 0 0 0 0 0 0
          0 0 0 0 0 0 0 0 0 0 0 0
          0 0 0 0 0 0 0 0 0 0 0 0
          0 0 0 0 0 0 0 0 0 0 0 0
          0 0 0 0 0 0 0 0 0 0 0 0
          0 0 0 0 0 0 0 0 0 0 0 0
          0 0 0 0 0 0 0 0 0 0 0 0
          0 0 0 0 0 0 0 0 0 0 0 0
          0 0 0 0 0 0 0 0 0 0 0 0
          0 0 0 0 0 0 0 0 0 0 0 0
          0 0 0 0 0 0 0 0 0 0 0 0
          0 0 0 0 0 0 0 0 0 0 0 0
          0 0 0 0 0 0 0 0 0 0 0 0
          0 0 0 0 0 0 0 0 0 0 0 0
          0 0 0 0 0 0 0 0 0 0 0 0
          0 0 0 0 0 0 0 0 0 0 0 0
          0 0 0 0 0 0 0 0 0 0 0 0
          0 0 0 0 0 0 0 0 0 0 0 0
          0 0 0 0 0 0 0 0 0 0 0 0
          0 0 0 0 0 0 0 0 0 0 0 0
          0 0 0 0 0 0 0 0 0 0 0 0
          0 0 0 0 0 0 0 0 0 0 0 0
          0 0 0 0 0 0 0 0 0 0 0 0
          0 0 0 0 0 0 0 0 0 0 0 0
          0 0 0 0 0 0 0 0 0 0 0 0
          0 0 0 0 0 0 0 0 0 0 0 0
          0 0 0 0 0 0 0 0 0 0 0 0
          0 0 0 0 0 0 0 0 0 0 0 0
          0 0 0 0 0 0 0 0 0 0 0 0
          0 0 0 0 0 0 0 0 0 0 0 0
          0 0 0 0 0 0 0 0 0 0 0 0
          0 0 0 0 0 0 0 0 0 0 0 0
          0 0 0 0 0 0 0 0 0 0 0 0
          0 0 0 0 0 0 0 0 0 0 0 0
          0 0 0 0 0 0 0 0 0 0 0 0
          0 0 0 0 0 0 0 0 0 0 0 0
          0 0 0 0 0 0 0 0 0 0 0 0
          0 0 0 0 0 0 0 0 0 0 0 0
          0 0 0 0 0 0 0 0 0 0 0 0
          0 0 0 0 0 0 0 0 0 0 0 0
          0 0 0 0 0 0 0 0 0 0 0 0
          0 0 0 0 0 0 0 0 0 0 0 0
          0 0 0 0 0 0 0 0 0 0 0 0
          0 0 0 0 0 0 0 0 0 0 0 0
          0 0 0 0 0 0 0 0 0 0 0 0
          0 0 0 0 0 0 0 0 0 0 0 0
          0 0 0 0 0 0 0 0 0 0 0 0
          0 0 0 0 0 0 0 0 0 0 0 0
          0 0 0 0 0 0 0 0 0 0 0 0
          0 0 0 0 0 0 0 0 0 0 0 0
          0 0 0 0 0 0 0 0 0 0 0 0
          0 0 0 0 0 0 0 0 0 0 0 0
          0 0 0 0 0 0 0 0 0 0 0 0
          0 0 0 0 0 0 0 0 0 0 0 0
          0 0 0 0 0 0 0 0 0 0 0 0
          0 0 0 0 0 0 0 0 0 0 0 0
          0 0 0 0 0 0 0 0 0 0 0 0
          0 0 0 0 0 0 0 0 0 0 0 0
          0 0 0 0 0 0 0 0 0 0 0 0
          0 0 0 0 0 0 0 0 0 0 0 0
          0 0 0 0 0 0 0 0 0 0 0 0
          0 0 0 0 0 0 0 0 0 0 0 0
          0 0 0 0 0 0 0 0 0 0 0 0
          0 0 0 0 0 0 0 0 0 0 0 0
          0 0 0 0 0 0 0 0 0 0 0 0
          0 0 0 0 0 0 0 0 0 0 0 0
          0 0 0 0 0 0 0 0 0 0 0 0
          0 0 0 0 0 0 0 0 0 0 0 0
          0 0 0 0 0 0 0 0 0 0 0 0
          0 0 0 0 0 0 0 0 0 0 0 0
          0 0 0 0 0 0 0 0 0 0 0 0
          0 0 0 0 0 0 0 0 0 0 0 0
          0 0 0 0 0 0 0 0 0 0 0 0
          0 0 0 0 0 0 0 0 0 0 0 0
          0 0 0 0 0 0 0 0 0 0 0 0
          0 0 0 0 0 0 0 0 0 0 0 0
          0 0 0 0 0 0 0 0 0 0 0 0
          0 0 0 0 0 0 0 0 0 0 0 0
          0 0 0 0 0 0 0 0 0 0 0 0
          0 0 0 0 0 0 0 0 0 0 0 0
          0 0 0 0 0 0 0 0 0 0 0 0
          0 0 0 0 0 0 0 0 0 0 0 0
          0 0 0 0 0 0 0 0 0 0 0 0
          0 0 0 0 0 0 0 0 0 0 0 0
          0 0 0 0 0 0 0 0 0 0 0 0
          0 0 0 0 0 0 0 0 0 0 0 0
          0 0 0 0 0 0 0 0 0 0 0 0
          0 0 0 0 0 0 0 0 0 0 0 0
          0 0 0 0 0 0 0 0 0 0 0 0
          0 0 0 0 0 0 0 0 0 0 0 0
          0 0 0 0 0 0 0 0 0 0 0 0
          0 0 0 0 0 0 0 0 0 0 0 0
          0 0 0 0 0 0 0 0 0 0 0 0
          0 0 0 0 0 0 0 0 0 0 0 0
          0 0 0 0 0 0 0 0 0 0 0 0
          0 0 0 0 0 0 0 0 0 0 0 0
          0 0 0 0 0 0 0 0 0 0 0 0
          0 0 0 0 0 0 0 0 0 0 0 0
          0 0 0 0 0 0 0 0 0 0 0 0
          0 0 0 0 0 0 0 0 0 0 0 0
          0 0 0 0 0 0 0 0 0 0 0 0
          0 0 0 0 0 0 0 0 0 0 0 0
          0 0 0 0 0 0 0 0 0 0 0 0
          0 0 0 0 0 0 0 0 0 0 0 0
          0 0 0 0 0 0 0 0 0 0 0 0
          0 0 0 0 0 0 0 0 0 0 0 0
          0 0 0 0 0 0 0 0 0 0 0 0
          0 0 0 0 0 0 0 0 0 0 0 0
          0 0 0 0 0 0 0 0 0 0 0 0
          0 0 0 0 0 0 0 0 0 0 0 0
          0 0 0 0 0 0 0 0 0 0 0 0
          0 0 0 0 0 0 0 0 0 0 0 0
          0 0 0 0 0 0 0 0 0 0 0 0
          0 0 0 0 0 0 0 0 0 0 0 0
          0 0 0 0 0 0 0 0 0 0 0 0
          0 0 0 0 0 0 0 0 0 0 0 0
          0 0 0 0 0 0 0 0 0 0 0 0
          0 0 0 0 0 0 0 0 0 0 0 0
          0 0 0 0 0 0 0 0 0 0 0 0
          0 0 0 0 0 0 0 0 0 0 0 0
          0 0 0 0 0 0 0 0 0 0 0 0
          0 0 0 0 0 0 0 0 0 0 0 0
          0 0 0 0 0 0 0 0 0 0 0 0
          0 0 0 0 0 0 0 0 0 0 0 0
          0 0 0 0 0 0 0 0 0 0 0 0
          0 0 0 0 0 0 0 0 0 0 0 0
          0 0 0 0 0 0 0 0 0 0 0 0
          0 0 0 0 0 0 0 0 0 0 0 0
          0 0 0 0 0 0 0 0 0 0 0 0
          0 0 0 0 0 0 0 0 0 0 0 0
          0 0 0 0 0 0 0 0 0 0 0 0
          0 0 0 0 0 0 0 0 0 0 0 0
          0 0 0 0 0 0 0 0 0 0 0 0
          0 0 0 0 0 0 0 0 0 0 0 0
          0 0 0 0 0 0 0 0 0 0 0 0
          0 0 0 0 0 0 0 0 0 0 0 0
          0 0 0 0 0 0 0 0 0 0 0 0
          0 0 0 0 0 0 0 0 0 0 0 0
          0 0 0 0 0 0 0 0 0 0 0 0
          0 0 0 0 0 0 0 0 0 0 0 0
          0 0 0 0 0 0 0 0 0 0 0 0
          0 0 0 0 0 0 0 0 0 0 0 0
          0 0 0 0 0 0 0 0 0 0 0 0
          0 0 0 0 0 0 0 0 0 0 0 0
          0 0 0 0 0 0 0 0 0 0 0 0
          0 0 0 0 0 0 0 0 0 0 0 0
          0 0 0 0 0 0 0 0 0 0 0 0
          0 0 0 0 0 0 0 0 0 0 0 0
          0 0 0 0 0 0 0 0 0 0 0 0
          0 0 0 0 0 0 0 0 0 0 0 0
          0 0 0 0 0 0 0 0 0 0 0 0
          0 0 0 0 0 0 0 0 0 0 0 0
          0 0 0 0 0 0 0 0 0 0 0 0
          0 0 0 0 0 0 0 0 0 0 0 0
          0 0 0 0 0 0 0 0 0 0 0 0
          0 0 0 0
        </DataArray>
        <DataArray type="Float32" Name="x^N2_liq" NumberOfComponents="1" format="ascii">
          0 0 0 0 0 0 0 0 0 0 0 0
          0 0 0 0 0 0 0 0 0 0 0 0
          0 0 0 0 0 0 0 0 0 0 0 0
          0 0 0 0 0 0 0 0 0 0 0 0
          0 0 0 0 0 0 0 0 0 0 0 0
          0 0 0 0 0 0 0 0 0 0 0 0
          0 0 0 0 0 0 0 0 0 0 0 0
          0 0 0 0 0 0 0 0 0 0 0 0
          0 0 0 0 0 0 0 0 0 0 0 0
          0 0 0 0 0 0 0 0 0 0 0 0
          0 0 0 0 0 0 0 0 0 0 0 0
          0 0 0 0 0 0 0 0 0 0 0 0
          0 0 0 0 0 0 0 0 0 0 0 0
          0 0 0 0 0 0 0 0 0 0 0 0
          0 0 0 0 0 0 0 0 0 0 0 0
          0 0 0 0 0 0 0 0 0 0 0 0
          0 0 0 0 0 0 0 0 0 0 0 0
          0 0 0 0 0 0 0 0 0 0 0 0
          0 0 0 0 0 0 0 0 0 0 0 0
          0 0 0 0 0 0 0 0 0 0 0 0
          0 0 0 0 0 0 0 0 0 0 0 0
          0 0 0 0 0 0 0 0 0 0 0 0
          0 0 0 0 0 0 0 0 0 0 0 0
          0 0 0 0 0 0 0 0 0 0 0 0
          0 0 0 0 0 0 0 0 0 0 0 0
          0 0 0 0 0 0 0 0 0 0 0 0
          0 0 0 0 0 0 0 0 0 0 0 0
          0 0 0 0 0 0 0 0 0 0 0 0
          0 0 0 0 0 0 0 0 0 0 0 0
          0 0 0 0 0 0 0 0 0 0 0 0
          0 0 0 0 0 0 0 0 0 0 0 0
          0 0 0 0 0 0 0 0 0 0 0 0
          0 0 0 0 0 0 0 0 0 0 0 0
          0 0 0 0 0 0 0 0 0 0 0 0
          0 0 0 0 0 0 0 0 0 0 0 0
          0 0 0 0 0 0 0 0 0 0 0 0
          0 0 0 0 0 0 0 0 0 0 0 0
          0 0 0 0 0 0 0 0 0 0 0 0
          0 0 0 0 0 0 0 0 0 0 0 0
          0 0 0 0 0 0 0 0 0 0 0 0
          0 0 0 0 0 0 0 0 0 0 0 0
          0 0 0 0 0 0 0 0 0 0 0 0
          0 0 0 0 0 0 0 0 0 0 0 0
          0 0 0 0 0 0 0 0 0 0 0 0
          0 0 0 0 0 0 0 0 0 0 0 0
          0 0 0 0 0 0 0 0 0 0 0 0
          0 0 0 0 0 0 0 0 0 0 0 0
          0 0 0 0 0 0 0 0 0 0 0 0
          0 0 0 0 0 0 0 0 0 0 0 0
          0 0 0 0 0 0 0 0 0 0 0 0
          0 0 0 0 0 0 0 0 0 0 0 0
          0 0 0 0 0 0 0 0 0 0 0 0
          0 0 0 0 0 0 0 0 0 0 0 0
          0 0 0 0 0 0 0 0 0 0 0 0
          0 0 0 0 0 0 0 0 0 0 0 0
          0 0 0 0 0 0 0 0 0 0 0 0
          0 0 0 0 0 0 0 0 0 0 0 0
          0 0 0 0 0 0 0 0 0 0 0 0
          0 0 0 0 0 0 0 0 0 0 0 0
          0 0 0 0 0 0 0 0 0 0 0 0
          0 0 0 0 0 0 0 0 0 0 0 0
          0 0 0 0 0 0 0 0 0 0 0 0
          0 0 0 0 0 0 0 0 0 0 0 0
          0 0 0 0 0 0 0 0 0 0 0 0
          0 0 0 0 0 0 0 0 0 0 0 0
          0 0 0 0 0 0 0 0 0 0 0 0
          0 0 0 0 0 0 0 0 0 0 0 0
          0 0 0 0 0 0 0 0 0 0 0 0
          0 0 0 0 0 0 0 0 0 0 0 0
          0 0 0 0 0 0 0 0 0 0 0 0
          0 0 0 0 0 0 0 0 0 0 0 0
          0 0 0 0 0 0 0 0 0 0 0 0
          0 0 0 0 0 0 0 0 0 0 0 0
          0 0 0 0 0 0 0 0 0 0 0 0
          0 0 0 0 0 0 0 0 0 0 0 0
          0 0 0 0 0 0 0 0 0 0 0 0
          0 0 0 0 0 0 0 0 0 0 0 0
          0 0 0 0 0 0 0 0 0 0 0 0
          0 0 0 0 0 0 0 0 0 0 0 0
          0 0 0 0 0 0 0 0 0 0 0 0
          0 0 0 0 0 0 0 0 0 0 0 0
          0 0 0 0 0 0 0 0 0 0 0 0
          0 0 0 0 0 0 0 0 0 0 0 0
          0 0 0 0 0 0 0 0 0 0 0 0
          0 0 0 0 0 0 0 0 0 0 0 0
          0 0 0 0 0 0 0 0 0 0 0 0
          0 0 0 0 0 0 0 0 0 0 0 0
          0 0 0 0 0 0 0 0 0 0 0 0
          0 0 0 0 0 0 0 0 0 0 0 0
          0 0 0 0 0 0 0 0 0 0 0 0
          0 0 0 0 0 0 0 0 0 0 0 0
          0 0 0 0 0 0 0 0 0 0 0 0
          0 0 0 0 0 0 0 0 0 0 0 0
          0 0 0 0 0 0 0 0 0 0 0 0
          0 0 0 0 0 0 0 0 0 0 0 0
          0 0 0 0 0 0 0 0 0 0 0 0
          0 0 0 0 0 0 0 0 0 0 0 0
          0 0 0 0 0 0 0 0 0 0 0 0
          0 0 0 0 0 0 0 0 0 0 0 0
          0 0 0 0 0 0 0 0 0 0 0 0
          0 0 0 0 0 0 0 0 0 0 0 0
          0 0 0 0 0 0 0 0 0 0 0 0
          0 0 0 0 0 0 0 0 0 0 0 0
          0 0 0 0 0 0 0 0 0 0 0 0
          0 0 0 0 0 0 0 0 0 0 0 0
          0 0 0 0 0 0 0 0 0 0 0 0
          0 0 0 0 0 0 0 0 0 0 0 0
          0 0 0 0 0 0 0 0 0 0 0 0
          0 0 0 0 0 0 0 0 0 0 0 0
          0 0 0 0 0 0 0 0 0 0 0 0
          0 0 0 0 0 0 0 0 0 0 0 0
          0 0 0 0 0 0 0 0 0 0 0 0
          0 0 0 0 0 0 0 0 0 0 0 0
          0 0 0 0 0 0 0 0 0 0 0 0
          0 0 0 0 0 0 0 0 0 0 0 0
          0 0 0 0 0 0 0 0 0 0 0 0
          0 0 0 0 0 0 0 0 0 0 0 0
          0 0 0 0 0 0 0 0 0 0 0 0
          0 0 0 0 0 0 0 0 0 0 0 0
          0 0 0 0 0 0 0 0 0 0 0 0
          0 0 0 0 0 0 0 0 0 0 0 0
          0 0 0 0 0 0 0 0 0 0 0 0
          0 0 0 0 0 0 0 0 0 0 0 0
          0 0 0 0 0 0 0 0 0 0 0 0
          0 0 0 0 0 0 0 0 0 0 0 0
          0 0 0 0 0 0 0 0 0 0 0 0
          0 0 0 0 0 0 0 0 0 0 0 0
          0 0 0 0 0 0 0 0 0 0 0 0
          0 0 0 0 0 0 0 0 0 0 0 0
          0 0 0 0 0 0 0 0 0 0 0 0
          0 0 0 0 0 0 0 0 0 0 0 0
          0 0 0 0 0 0 0 0 0 0 0 0
          0 0 0 0 0 0 0 0 0 0 0 0
          0 0 0 0 0 0 0 0 0 0 0 0
          0 0 0 0 0 0 0 0 0 0 0 0
          0 0 0 0 0 0 0 0 0 0 0 0
          0 0 0 0 0 0 0 0 0 0 0 0
          0 0 0 0 0 0 0 0 0 0 0 0
          0 0 0 0 0 0 0 0 0 0 0 0
          0 0 0 0 0 0 0 0 0 0 0 0
          0 0 0 0 0 0 0 0 0 0 0 0
          0 0 0 0 0 0 0 0 0 0 0 0
          0 0 0 0 0 0 0 0 0 0 0 0
          0 0 0 0 0 0 0 0 0 0 0 0
          0 0 0 0 0 0 0 0 0 0 0 0
          0 0 0 0 0 0 0 0 0 0 0 0
          0 0 0 0 0 0 0 0 0 0 0 0
          0 0 0 0 0 0 0 0 0 0 0 0
          0 0 0 0 0 0 0 0 0 0 0 0
          0 0 0 0 0 0 0 0 0 0 0 0
          0 0 0 0 0 0 0 0 0 0 0 0
          0 0 0 0 0 0 0 0 0 0 0 0
          0 0 0 0 0 0 0 0 0 0 0 0
          0 0 0 0 0 0 0 0 0 0 0 0
          0 0 0 0 0 0 0 0 0 0 0 0
          0 0 0 0 0 0 0 0 0 0 0 0
          0 0 0 0 0 0 0 0 0 0 0 0
          0 0 0 0 0 0 0 0 0 0 0 0
          0 0 0 0 0 0 0 0 0 0 0 0
          0 0 0 0 0 0 0 0 0 0 0 0
          0 0 0 0 0 0 0 0 0 0 0 0
          0 0 0 0 0 0 0 0 0 0 0 0
          0 0 0 0 0 0 0 0 0 0 0 0
          0 0 0 0 0 0 0 0 0 0 0 0
          0 0 0 0 0 0 0 0 0 0 0 0
          0 0 0 0 0 0 0 0 0 0 0 0
          0 0 0 0 0 0 0 0 0 0 0 0
          0 0 0 0 0 0 0 0 0 0 0 0
          0 0 0 0 0 0 0 0 0 0 0 0
          0 0 0 0 0 0 0 0 0 0 0 0
          0 0 0 0 0 0 0 0 0 0 0 0
          0 0 0 0 0 0 0 0 0 0 0 0
          0 0 0 0 0 0 0 0 0 0 0 0
          0 0 0 0 0 0 0 0 0 0 0 0
          0 0 0 0 0 0 0 0 0 0 0 0
          0 0 0 0 0 0 0 0 0 0 0 0
          0 0 0 0 0 0 0 0 0 0 0 0
          0 0 0 0 0 0 0 0 0 0 0 0
          0 0 0 0 0 0 0 0 0 0 0 0
          0 0 0 0 0 0 0 0 0 0 0 0
          0 0 0 0 0 0 0 0 0 0 0 0
          0 0 0 0 0 0 0 0 0 0 0 0
          0 0 0 0 0 0 0 0 0 0 0 0
          0 0 0 0 0 0 0 0 0 0 0 0
          0 0 0 0 0 0 0 0 0 0 0 0
          0 0 0 0 0 0 0 0 0 0 0 0
          0 0 0 0 0 0 0 0 0 0 0 0
          0 0 0 0 0 0 0 0 0 0 0 0
          0 0 0 0 0 0 0 0 0 0 0 0
          0 0 0 0 0 0 0 0 0 0 0 0
          0 0 0 0 0 0 0 0 0 0 0 0
          0 0 0 0 0 0 0 0 0 0 0 0
          0 0 0 0 0 0 0 0 0 0 0 0
          0 0 0 0 0 0 0 0 0 0 0 0
          0 0 0 0 0 0 0 0 0 0 0 0
          0 0 0 0 0 0 0 0 0 0 0 0
          0 0 0 0
        </DataArray>
        <DataArray type="Float32" Name="rhoMolar_liq" NumberOfComponents="1" format="ascii">
          55555.6 55555.6 55555.6 55555.6 55555.6 55555.6 55555.6 55555.6 55555.6 55555.6 55555.6 55555.6
          55555.6 55555.6 55555.6 55555.6 55555.6 55555.6 55555.6 55555.6 55555.6 55555.6 55555.6 55555.6
          55555.6 55555.6 55555.6 55555.6 55555.6 55555.6 55555.6 55555.6 55555.6 55555.6 55555.6 55555.6
          55555.6 55555.6 55555.6 55555.6 55555.6 55555.6 55555.6 55555.6 55555.6 55555.6 55555.6 55555.6
          55555.6 55555.6 55555.6 55555.6 55555.6 55555.6 55555.6 55555.6 55555.6 55555.6 55555.6 55555.6
          55555.6 55555.6 55555.6 55555.6 55555.6 55555.6 55555.6 55555.6 55555.6 55555.6 55555.6 55555.6
          55555.6 55555.6 55555.6 55555.6 55555.6 55555.6 55555.6 55555.6 55555.6 55555.6 55555.6 55555.6
          55555.6 55555.6 55555.6 55555.6 55555.6 55555.6 55555.6 55555.6 55555.6 55555.6 55555.6 55555.6
          55555.6 55555.6 55555.6 55555.6 55555.6 55555.6 55555.6 55555.6 55555.6 55555.6 55555.6 55555.6
          55555.6 55555.6 55555.6 55555.6 55555.6 55555.6 55555.6 55555.6 55555.6 55555.6 55555.6 55555.6
          55555.6 55555.6 55555.6 55555.6 55555.6 55555.6 55555.6 55555.6 55555.6 55555.6 55555.6 55555.6
          55555.6 55555.6 55555.6 55555.6 55555.6 55555.6 55555.6 55555.6 55555.6 55555.6 55555.6 55555.6
          55555.6 55555.6 55555.6 55555.6 55555.6 55555.6 55555.6 55555.6 55555.6 55555.6 55555.6 55555.6
          55555.6 55555.6 55555.6 55555.6 55555.6 55555.6 55555.6 55555.6 55555.6 55555.6 55555.6 55555.6
          55555.6 55555.6 55555.6 55555.6 55555.6 55555.6 55555.6 55555.6 55555.6 55555.6 55555.6 55555.6
          55555.6 55555.6 55555.6 55555.6 55555.6 55555.6 55555.6 55555.6 55555.6 55555.6 55555.6 55555.6
          55555.6 55555.6 55555.6 55555.6 55555.6 55555.6 55555.6 55555.6 55555.6 55555.6 55555.6 55555.6
          55555.6 55555.6 55555.6 55555.6 55555.6 55555.6 55555.6 55555.6 55555.6 55555.6 55555.6 55555.6
          55555.6 55555.6 55555.6 55555.6 55555.6 55555.6 55555.6 55555.6 55555.6 55555.6 55555.6 55555.6
          55555.6 55555.6 55555.6 55555.6 55555.6 55555.6 55555.6 55555.6 55555.6 55555.6 55555.6 55555.6
          55555.6 55555.6 55555.6 55555.6 55555.6 55555.6 55555.6 55555.6 55555.6 55555.6 55555.6 55555.6
          55555.6 55555.6 55555.6 55555.6 55555.6 55555.6 55555.6 55555.6 55555.6 55555.6 55555.6 55555.6
          55555.6 55555.6 55555.6 55555.6 55555.6 55555.6 55555.6 55555.6 55555.6 55555.6 55555.6 55555.6
          55555.6 55555.6 55555.6 55555.6 55555.6 55555.6 55555.6 55555.6 55555.6 55555.6 55555.6 55555.6
          55555.6 55555.6 55555.6 55555.6 55555.6 55555.6 55555.6 55555.6 55555.6 55555.6 55555.6 55555.6
          55555.6 55555.6 55555.6 55555.6 55555.6 55555.6 55555.6 55555.6 55555.6 55555.6 55555.6 55555.6
          55555.6 55555.6 55555.6 55555.6 55555.6 55555.6 55555.6 55555.6 55555.6 55555.6 55555.6 55555.6
          55555.6 55555.6 55555.6 55555.6 55555.6 55555.6 55555.6 55555.6 55555.6 55555.6 55555.6 55555.6
          55555.6 55555.6 55555.6 55555.6 55555.6 55555.6 55555.6 55555.6 55555.6 55555.6 55555.6 55555.6
          55555.6 55555.6 55555.6 55555.6 55555.6 55555.6 55555.6 55555.6 55555.6 55555.6 55555.6 55555.6
          55555.6 55555.6 55555.6 55555.6 55555.6 55555.6 55555.6 55555.6 55555.6 55555.6 55555.6 55555.6
          55555.6 55555.6 55555.6 55555.6 55555.6 55555.6 55555.6 55555.6 55555.6 55555.6 55555.6 55555.6
          55555.6 55555.6 55555.6 55555.6 55555.6 55555.6 55555.6 55555.6 55555.6 55555.6 55555.6 55555.6
          55555.6 55555.6 55555.6 55555.6 55555.6 55555.6 55555.6 55555.6 55555.6 55555.6 55555.6 55555.6
          55555.6 55555.6 55555.6 55555.6 55555.6 55555.6 55555.6 55555.6 55555.6 55555.6 55555.6 55555.6
          55555.6 55555.6 55555.6 55555.6 55555.6 55555.6 55555.6 55555.6 55555.6 55555.6 55555.6 55555.6
          55555.6 55555.6 55555.6 55555.6 55555.6 55555.6 55555.6 55555.6 55555.6 55555.6 55555.6 55555.6
          55555.6 55555.6 55555.6 55555.6 55555.6 55555.6 55555.6 55555.6 55555.6 55555.6 55555.6 55555.6
          55555.6 55555.6 55555.6 55555.6 55555.6 55555.6 55555.6 55555.6 55555.6 55555.6 55555.6 55555.6
          55555.6 55555.6 55555.6 55555.6 55555.6 55555.6 55555.6 55555.6 55555.6 55555.6 55555.6 55555.6
          55555.6 55555.6 55555.6 55555.6 55555.6 55555.6 55555.6 55555.6 55555.6 55555.6 55555.6 55555.6
          55555.6 55555.6 55555.6 55555.6 55555.6 55555.6 55555.6 55555.6 55555.6 55555.6 55555.6 55555.6
          55555.6 55555.6 55555.6 55555.6 55555.6 55555.6 55555.6 55555.6 55555.6 55555.6 55555.6 55555.6
          55555.6 55555.6 55555.6 55555.6 55555.6 55555.6 55555.6 55555.6 55555.6 55555.6 55555.6 55555.6
          55555.6 55555.6 55555.6 55555.6 55555.6 55555.6 55555.6 55555.6 55555.6 55555.6 55555.6 55555.6
          55555.6 55555.6 55555.6 55555.6 55555.6 55555.6 55555.6 55555.6 55555.6 55555.6 55555.6 55555.6
          55555.6 55555.6 55555.6 55555.6 55555.6 55555.6 55555.6 55555.6 55555.6 55555.6 55555.6 55555.6
          55555.6 55555.6 55555.6 55555.6 55555.6 55555.6 55555.6 55555.6 55555.6 55555.6 55555.6 55555.6
          55555.6 55555.6 55555.6 55555.6 55555.6 55555.6 55555.6 55555.6 55555.6 55555.6 55555.6 55555.6
          55555.6 55555.6 55555.6 55555.6 55555.6 55555.6 55555.6 55555.6 55555.6 55555.6 55555.6 55555.6
          55555.6 55555.6 55555.6 55555.6 55555.6 55555.6 55555.6 55555.6 55555.6 55555.6 55555.6 55555.6
          55555.6 55555.6 55555.6 55555.6 55555.6 55555.6 55555.6 55555.6 55555.6 55555.6 55555.6 55555.6
          55555.6 55555.6 55555.6 55555.6 55555.6 55555.6 55555.6 55555.6 55555.6 55555.6 55555.6 55555.6
          55555.6 55555.6 55555.6 55555.6 55555.6 55555.6 55555.6 55555.6 55555.6 55555.6 55555.6 55555.6
          55555.6 55555.6 55555.6 55555.6 55555.6 55555.6 55555.6 55555.6 55555.6 55555.6 55555.6 55555.6
          55555.6 55555.6 55555.6 55555.6 55555.6 55555.6 55555.6 55555.6 55555.6 55555.6 55555.6 55555.6
          55555.6 55555.6 55555.6 55555.6 55555.6 55555.6 55555.6 55555.6 55555.6 55555.6 55555.6 55555.6
          55555.6 55555.6 55555.6 55555.6 55555.6 55555.6 55555.6 55555.6 55555.6 55555.6 55555.6 55555.6
          55555.6 55555.6 55555.6 55555.6 55555.6 55555.6 55555.6 55555.6 55555.6 55555.6 55555.6 55555.6
          55555.6 55555.6 55555.6 55555.6 55555.6 55555.6 55555.6 55555.6 55555.6 55555.6 55555.6 55555.6
          55555.6 55555.6 55555.6 55555.6 55555.6 55555.6 55555.6 55555.6 55555.6 55555.6 55555.6 55555.6
          55555.6 55555.6 55555.6 55555.6 55555.6 55555.6 55555.6 55555.6 55555.6 55555.6 55555.6 55555.6
          55555.6 55555.6 55555.6 55555.6 55555.6 55555.6 55555.6 55555.6 55555.6 55555.6 55555.6 55555.6
          55555.6 55555.6 55555.6 55555.6 55555.6 55555.6 55555.6 55555.6 55555.6 55555.6 55555.6 55555.6
          55555.6 55555.6 55555.6 55555.6 55555.6 55555.6 55555.6 55555.6 55555.6 55555.6 55555.6 55555.6
          55555.6 55555.6 55555.6 55555.6 55555.6 55555.6 55555.6 55555.6 55555.6 55555.6 55555.6 55555.6
          55555.6 55555.6 55555.6 55555.6 55555.6 55555.6 55555.6 55555.6 55555.6 55555.6 55555.6 55555.6
          55555.6 55555.6 55555.6 55555.6 55555.6 55555.6 55555.6 55555.6 55555.6 55555.6 55555.6 55555.6
          55555.6 55555.6 55555.6 55555.6 55555.6 55555.6 55555.6 55555.6 55555.6 55555.6 55555.6 55555.6
          55555.6 55555.6 55555.6 55555.6 55555.6 55555.6 55555.6 55555.6 55555.6 55555.6 55555.6 55555.6
          55555.6 55555.6 55555.6 55555.6 55555.6 55555.6 55555.6 55555.6 55555.6 55555.6 55555.6 55555.6
          55555.6 55555.6 55555.6 55555.6 55555.6 55555.6 55555.6 55555.6 55555.6 55555.6 55555.6 55555.6
          55555.6 55555.6 55555.6 55555.6 55555.6 55555.6 55555.6 55555.6 55555.6 55555.6 55555.6 55555.6
          55555.6 55555.6 55555.6 55555.6 55555.6 55555.6 55555.6 55555.6 55555.6 55555.6 55555.6 55555.6
          55555.6 55555.6 55555.6 55555.6 55555.6 55555.6 55555.6 55555.6 55555.6 55555.6 55555.6 55555.6
          55555.6 55555.6 55555.6 55555.6 55555.6 55555.6 55555.6 55555.6 55555.6 55555.6 55555.6 55555.6
          55555.6 55555.6 55555.6 55555.6 55555.6 55555.6 55555.6 55555.6 55555.6 55555.6 55555.6 55555.6
          55555.6 55555.6 55555.6 55555.6 55555.6 55555.6 55555.6 55555.6 55555.6 55555.6 55555.6 55555.6
          55555.6 55555.6 55555.6 55555.6 55555.6 55555.6 55555.6 55555.6 55555.6 55555.6 55555.6 55555.6
          55555.6 55555.6 55555.6 55555.6 55555.6 55555.6 55555.6 55555.6 55555.6 55555.6 55555.6 55555.6
          55555.6 55555.6 55555.6 55555.6 55555.6 55555.6 55555.6 55555.6 55555.6 55555.6 55555.6 55555.6
          55555.6 55555.6 55555.6 55555.6 55555.6 55555.6 55555.6 55555.6 55555.6 55555.6 55555.6 55555.6
          55555.6 55555.6 55555.6 55555.6 55555.6 55555.6 55555.6 55555.6 55555.6 55555.6 55555.6 55555.6
          55555.6 55555.6 55555.6 55555.6 55555.6 55555.6 55555.6 55555.6 55555.6 55555.6 55555.6 55555.6
          55555.6 55555.6 55555.6 55555.6 55555.6 55555.6 55555.6 55555.6 55555.6 55555.6 55555.6 55555.6
          55555.6 55555.6 55555.6 55555.6 55555.6 55555.6 55555.6 55555.6 55555.6 55555.6 55555.6 55555.6
          55555.6 55555.6 55555.6 55555.6 55555.6 55555.6 55555.6 55555.6 55555.6 55555.6 55555.6 55555.6
          55555.6 55555.6 55555.6 55555.6 55555.6 55555.6 55555.6 55555.6 55555.6 55555.6 55555.6 55555.6
          55555.6 55555.6 55555.6 55555.6 55555.6 55555.6 55555.6 55555.6 55555.6 55555.6 55555.6 55555.6
          55555.6 55555.6 55555.6 55555.6 55555.6 55555.6 55555.6 55555.6 55555.6 55555.6 55555.6 55555.6
          55555.6 55555.6 55555.6 55555.6 55555.6 55555.6 55555.6 55555.6 55555.6 55555.6 55555.6 55555.6
          55555.6 55555.6 55555.6 55555.6 55555.6 55555.6 55555.6 55555.6 55555.6 55555.6 55555.6 55555.6
          55555.6 55555.6 55555.6 55555.6 55555.6 55555.6 55555.6 55555.6 55555.6 55555.6 55555.6 55555.6
          55555.6 55555.6 55555.6 55555.6 55555.6 55555.6 55555.6 55555.6 55555.6 55555.6 55555.6 55555.6
          55555.6 55555.6 55555.6 55555.6 55555.6 55555.6 55555.6 55555.6 55555.6 55555.6 55555.6 55555.6
          55555.6 55555.6 55555.6 55555.6 55555.6 55555.6 55555.6 55555.6 55555.6 55555.6 55555.6 55555.6
          55555.6 55555.6 55555.6 55555.6 55555.6 55555.6 55555.6 55555.6 55555.6 55555.6 55555.6 55555.6
          55555.6 55555.6 55555.6 55555.6 55555.6 55555.6 55555.6 55555.6 55555.6 55555.6 55555.6 55555.6
          55555.6 55555.6 55555.6 55555.6 55555.6 55555.6 55555.6 55555.6 55555.6 55555.6 55555.6 55555.6
          55555.6 55555.6 55555.6 55555.6 55555.6 55555.6 55555.6 55555.6 55555.6 55555.6 55555.6 55555.6
          55555.6 55555.6 55555.6 55555.6 55555.6 55555.6 55555.6 55555.6 55555.6 55555.6 55555.6 55555.6
          55555.6 55555.6 55555.6 55555.6 55555.6 55555.6 55555.6 55555.6 55555.6 55555.6 55555.6 55555.6
          55555.6 55555.6 55555.6 55555.6 55555.6 55555.6 55555.6 55555.6 55555.6 55555.6 55555.6 55555.6
          55555.6 55555.6 55555.6 55555.6 55555.6 55555.6 55555.6 55555.6 55555.6 55555.6 55555.6 55555.6
          55555.6 55555.6 55555.6 55555.6 55555.6 55555.6 55555.6 55555.6 55555.6 55555.6 55555.6 55555.6
          55555.6 55555.6 55555.6 55555.6 55555.6 55555.6 55555.6 55555.6 55555.6 55555.6 55555.6 55555.6
          55555.6 55555.6 55555.6 55555.6 55555.6 55555.6 55555.6 55555.6 55555.6 55555.6 55555.6 55555.6
          55555.6 55555.6 55555.6 55555.6 55555.6 55555.6 55555.6 55555.6 55555.6 55555.6 55555.6 55555.6
          55555.6 55555.6 55555.6 55555.6 55555.6 55555.6 55555.6 55555.6 55555.6 55555.6 55555.6 55555.6
          55555.6 55555.6 55555.6 55555.6 55555.6 55555.6 55555.6 55555.6 55555.6 55555.6 55555.6 55555.6
          55555.6 55555.6 55555.6 55555.6 55555.6 55555.6 55555.6 55555.6 55555.6 55555.6 55555.6 55555.6
          55555.6 55555.6 55555.6 55555.6 55555.6 55555.6 55555.6 55555.6 55555.6 55555.6 55555.6 55555.6
          55555.6 55555.6 55555.6 55555.6 55555.6 55555.6 55555.6 55555.6 55555.6 55555.6 55555.6 55555.6
          55555.6 55555.6 55555.6 55555.6 55555.6 55555.6 55555.6 55555.6 55555.6 55555.6 55555.6 55555.6
          55555.6 55555.6 55555.6 55555.6 55555.6 55555.6 55555.6 55555.6 55555.6 55555.6 55555.6 55555.6
          55555.6 55555.6 55555.6 55555.6 55555.6 55555.6 55555.6 55555.6 55555.6 55555.6 55555.6 55555.6
          55555.6 55555.6 55555.6 55555.6 55555.6 55555.6 55555.6 55555.6 55555.6 55555.6 55555.6 55555.6
          55555.6 55555.6 55555.6 55555.6 55555.6 55555.6 55555.6 55555.6 55555.6 55555.6 55555.6 55555.6
          55555.6 55555.6 55555.6 55555.6 55555.6 55555.6 55555.6 55555.6 55555.6 55555.6 55555.6 55555.6
          55555.6 55555.6 55555.6 55555.6 55555.6 55555.6 55555.6 55555.6 55555.6 55555.6 55555.6 55555.6
          55555.6 55555.6 55555.6 55555.6 55555.6 55555.6 55555.6 55555.6 55555.6 55555.6 55555.6 55555.6
          55555.6 55555.6 55555.6 55555.6 55555.6 55555.6 55555.6 55555.6 55555.6 55555.6 55555.6 55555.6
          55555.6 55555.6 55555.6 55555.6 55555.6 55555.6 55555.6 55555.6 55555.6 55555.6 55555.6 55555.6
          55555.6 55555.6 55555.6 55555.6 55555.6 55555.6 55555.6 55555.6 55555.6 55555.6 55555.6 55555.6
          55555.6 55555.6 55555.6 55555.6 55555.6 55555.6 55555.6 55555.6 55555.6 55555.6 55555.6 55555.6
          55555.6 55555.6 55555.6 55555.6 55555.6 55555.6 55555.6 55555.6 55555.6 55555.6 55555.6 55555.6
          55555.6 55555.6 55555.6 55555.6 55555.6 55555.6 55555.6 55555.6 55555.6 55555.6 55555.6 55555.6
          55555.6 55555.6 55555.6 55555.6 55555.6 55555.6 55555.6 55555.6 55555.6 55555.6 55555.6 55555.6
          55555.6 55555.6 55555.6 55555.6 55555.6 55555.6 55555.6 55555.6 55555.6 55555.6 55555.6 55555.6
          55555.6 55555.6 55555.6 55555.6 55555.6 55555.6 55555.6 55555.6 55555.6 55555.6 55555.6 55555.6
          55555.6 55555.6 55555.6 55555.6 55555.6 55555.6 55555.6 55555.6 55555.6 55555.6 55555.6 55555.6
          55555.6 55555.6 55555.6 55555.6 55555.6 55555.6 55555.6 55555.6 55555.6 55555.6 55555.6 55555.6
          55555.6 55555.6 55555.6 55555.6 55555.6 55555.6 55555.6 55555.6 55555.6 55555.6 55555.6 55555.6
          55555.6 55555.6 55555.6 55555.6 55555.6 55555.6 55555.6 55555.6 55555.6 55555.6 55555.6 55555.6
          55555.6 55555.6 55555.6 55555.6 55555.6 55555.6 55555.6 55555.6 55555.6 55555.6 55555.6 55555.6
          55555.6 55555.6 55555.6 55555.6 55555.6 55555.6 55555.6 55555.6 55555.6 55555.6 55555.6 55555.6
          55555.6 55555.6 55555.6 55555.6 55555.6 55555.6 55555.6 55555.6 55555.6 55555.6 55555.6 55555.6
          55555.6 55555.6 55555.6 55555.6 55555.6 55555.6 55555.6 55555.6 55555.6 55555.6 55555.6 55555.6
          55555.6 55555.6 55555.6 55555.6 55555.6 55555.6 55555.6 55555.6 55555.6 55555.6 55555.6 55555.6
          55555.6 55555.6 55555.6 55555.6 55555.6 55555.6 55555.6 55555.6 55555.6 55555.6 55555.6 55555.6
          55555.6 55555.6 55555.6 55555.6 55555.6 55555.6 55555.6 55555.6 55555.6 55555.6 55555.6 55555.6
          55555.6 55555.6 55555.6 55555.6 55555.6 55555.6 55555.6 55555.6 55555.6 55555.6 55555.6 55555.6
          55555.6 55555.6 55555.6 55555.6 55555.6 55555.6 55555.6 55555.6 55555.6 55555.6 55555.6 55555.6
          55555.6 55555.6 55555.6 55555.6 55555.6 55555.6 55555.6 55555.6 55555.6 55555.6 55555.6 55555.6
          55555.6 55555.6 55555.6 55555.6 55555.6 55555.6 55555.6 55555.6 55555.6 55555.6 55555.6 55555.6
          55555.6 55555.6 55555.6 55555.6 55555.6 55555.6 55555.6 55555.6 55555.6 55555.6 55555.6 55555.6
          55555.6 55555.6 55555.6 55555.6 55555.6 55555.6 55555.6 55555.6 55555.6 55555.6 55555.6 55555.6
          55555.6 55555.6 55555.6 55555.6 55555.6 55555.6 55555.6 55555.6 55555.6 55555.6 55555.6 55555.6
          55555.6 55555.6 55555.6 55555.6 55555.6 55555.6 55555.6 55555.6 55555.6 55555.6 55555.6 55555.6
          55555.6 55555.6 55555.6 55555.6 55555.6 55555.6 55555.6 55555.6 55555.6 55555.6 55555.6 55555.6
          55555.6 55555.6 55555.6 55555.6 55555.6 55555.6 55555.6 55555.6 55555.6 55555.6 55555.6 55555.6
          55555.6 55555.6 55555.6 55555.6 55555.6 55555.6 55555.6 55555.6 55555.6 55555.6 55555.6 55555.6
          55555.6 55555.6 55555.6 55555.6 55555.6 55555.6 55555.6 55555.6 55555.6 55555.6 55555.6 55555.6
          55555.6 55555.6 55555.6 55555.6 55555.6 55555.6 55555.6 55555.6 55555.6 55555.6 55555.6 55555.6
          55555.6 55555.6 55555.6 55555.6 55555.6 55555.6 55555.6 55555.6 55555.6 55555.6 55555.6 55555.6
          55555.6 55555.6 55555.6 55555.6 55555.6 55555.6 55555.6 55555.6 55555.6 55555.6 55555.6 55555.6
          55555.6 55555.6 55555.6 55555.6 55555.6 55555.6 55555.6 55555.6 55555.6 55555.6 55555.6 55555.6
          55555.6 55555.6 55555.6 55555.6 55555.6 55555.6 55555.6 55555.6 55555.6 55555.6 55555.6 55555.6
          55555.6 55555.6 55555.6 55555.6 55555.6 55555.6 55555.6 55555.6 55555.6 55555.6 55555.6 55555.6
          55555.6 55555.6 55555.6 55555.6 55555.6 55555.6 55555.6 55555.6 55555.6 55555.6 55555.6 55555.6
          55555.6 55555.6 55555.6 55555.6 55555.6 55555.6 55555.6 55555.6 55555.6 55555.6 55555.6 55555.6
          55555.6 55555.6 55555.6 55555.6 55555.6 55555.6 55555.6 55555.6 55555.6 55555.6 55555.6 55555.6
          55555.6 55555.6 55555.6 55555.6 55555.6 55555.6 55555.6 55555.6 55555.6 55555.6 55555.6 55555.6
          55555.6 55555.6 55555.6 55555.6 55555.6 55555.6 55555.6 55555.6 55555.6 55555.6 55555.6 55555.6
          55555.6 55555.6 55555.6 55555.6 55555.6 55555.6 55555.6 55555.6 55555.6 55555.6 55555.6 55555.6
          55555.6 55555.6 55555.6 55555.6 55555.6 55555.6 55555.6 55555.6 55555.6 55555.6 55555.6 55555.6
          55555.6 55555.6 55555.6 55555.6 55555.6 55555.6 55555.6 55555.6 55555.6 55555.6 55555.6 55555.6
          55555.6 55555.6 55555.6 55555.6 55555.6 55555.6 55555.6 55555.6 55555.6 55555.6 55555.6 55555.6
          55555.6 55555.6 55555.6 55555.6 55555.6 55555.6 55555.6 55555.6 55555.6 55555.6 55555.6 55555.6
          55555.6 55555.6 55555.6 55555.6 55555.6 55555.6 55555.6 55555.6 55555.6 55555.6 55555.6 55555.6
          55555.6 55555.6 55555.6 55555.6 55555.6 55555.6 55555.6 55555.6 55555.6 55555.6 55555.6 55555.6
          55555.6 55555.6 55555.6 55555.6 55555.6 55555.6 55555.6 55555.6 55555.6 55555.6 55555.6 55555.6
          55555.6 55555.6 55555.6 55555.6 55555.6 55555.6 55555.6 55555.6 55555.6 55555.6 55555.6 55555.6
          55555.6 55555.6 55555.6 55555.6 55555.6 55555.6 55555.6 55555.6 55555.6 55555.6 55555.6 55555.6
          55555.6 55555.6 55555.6 55555.6 55555.6 55555.6 55555.6 55555.6 55555.6 55555.6 55555.6 55555.6
          55555.6 55555.6 55555.6 55555.6 55555.6 55555.6 55555.6 55555.6 55555.6 55555.6 55555.6 55555.6
          55555.6 55555.6 55555.6 55555.6 55555.6 55555.6 55555.6 55555.6 55555.6 55555.6 55555.6 55555.6
          55555.6 55555.6 55555.6 55555.6 55555.6 55555.6 55555.6 55555.6 55555.6 55555.6 55555.6 55555.6
          55555.6 55555.6 55555.6 55555.6 55555.6 55555.6 55555.6 55555.6 55555.6 55555.6 55555.6 55555.6
          55555.6 55555.6 55555.6 55555.6 55555.6 55555.6 55555.6 55555.6 55555.6 55555.6 55555.6 55555.6
          55555.6 55555.6 55555.6 55555.6 55555.6 55555.6 55555.6 55555.6 55555.6 55555.6 55555.6 55555.6
          55555.6 55555.6 55555.6 55555.6 55555.6 55555.6 55555.6 55555.6 55555.6 55555.6 55555.6 55555.6
          55555.6 55555.6 55555.6 55555.6 55555.6 55555.6 55555.6 55555.6 55555.6 55555.6 55555.6 55555.6
          55555.6 55555.6 55555.6 55555.6 55555.6 55555.6 55555.6 55555.6 55555.6 55555.6 55555.6 55555.6
          55555.6 55555.6 55555.6 55555.6 55555.6 55555.6 55555.6 55555.6 55555.6 55555.6 55555.6 55555.6
          55555.6 55555.6 55555.6 55555.6 55555.6 55555.6 55555.6 55555.6 55555.6 55555.6 55555.6 55555.6
          55555.6 55555.6 55555.6 55555.6 55555.6 55555.6 55555.6 55555.6 55555.6 55555.6 55555.6 55555.6
          55555.6 55555.6 55555.6 55555.6 55555.6 55555.6 55555.6 55555.6 55555.6 55555.6 55555.6 55555.6
          55555.6 55555.6 55555.6 55555.6 55555.6 55555.6 55555.6 55555.6 55555.6 55555.6 55555.6 55555.6
          55555.6 55555.6 55555.6 55555.6 55555.6 55555.6 55555.6 55555.6 55555.6 55555.6 55555.6 55555.6
          55555.6 55555.6 55555.6 55555.6 55555.6 55555.6 55555.6 55555.6 55555.6 55555.6 55555.6 55555.6
          55555.6 55555.6 55555.6 55555.6 55555.6 55555.6 55555.6 55555.6 55555.6 55555.6 55555.6 55555.6
          55555.6 55555.6 55555.6 55555.6 55555.6 55555.6 55555.6 55555.6 55555.6 55555.6 55555.6 55555.6
          55555.6 55555.6 55555.6 55555.6 55555.6 55555.6 55555.6 55555.6 55555.6 55555.6 55555.6 55555.6
          55555.6 55555.6 55555.6 55555.6 55555.6 55555.6 55555.6 55555.6 55555.6 55555.6 55555.6 55555.6
          55555.6 55555.6 55555.6 55555.6 55555.6 55555.6 55555.6 55555.6 55555.6 55555.6 55555.6 55555.6
          55555.6 55555.6 55555.6 55555.6
        </DataArray>
        <DataArray type="Float32" Name="x^SimpleH2O_gas" NumberOfComponents="1" format="ascii">
          4.92241e-06 4.92043e-06 4.89964e-06 4.89768e-06 4.91845e-06 4.8957e-06 4.91645e-06 4.89372e-06 4.91445e-06 4.89173e-06 4.91244e-06 4.88973e-06
          4.91043e-06 4.88772e-06 4.9084e-06 4.88571e-06 4.90637e-06 4.88368e-06 4.90433e-06 4.88166e-06 4.90229e-06 4.87962e-06 4.90024e-06 4.87758e-06
          4.89818e-06 4.87553e-06 4.89612e-06 4.87347e-06 4.89405e-06 4.87141e-06 4.89197e-06 4.86935e-06 4.88989e-06 4.86728e-06 4.88781e-06 4.8652e-06
          4.88572e-06 4.86312e-06 4.88362e-06 4.86104e-06 4.88153e-06 4.85895e-06 4.87943e-06 4.85686e-06 4.87732e-06 4.85476e-06 4.87521e-06 4.85267e-06
          4.8731e-06 4.85056e-06 4.87099e-06 4.84846e-06 4.86888e-06 4.84636e-06 4.86676e-06 4.84425e-06 4.86464e-06 4.84214e-06 4.86253e-06 4.84003e-06
          4.86041e-06 4.83792e-06 4.85829e-06 4.83581e-06 4.85617e-06 4.8337e-06 4.85405e-06 4.83159e-06 4.85193e-06 4.82948e-06 4.84981e-06 4.82737e-06
          4.84769e-06 4.82527e-06 4.84558e-06 4.82316e-06 4.84346e-06 4.82106e-06 4.84135e-06 4.81895e-06 4.83924e-06 4.81685e-06 4.83713e-06 4.81475e-06
          4.83503e-06 4.81266e-06 4.83293e-06 4.81057e-06 4.83083e-06 4.80848e-06 4.82873e-06 4.80639e-06 4.82664e-06 4.80431e-06 4.82456e-06 4.80223e-06
          4.82247e-06 4.80016e-06 4.82039e-06 4.79809e-06 4.81832e-06 4.79603e-06 4.81625e-06 4.79397e-06 4.81419e-06 4.79191e-06 4.81213e-06 4.78986e-06
          4.81008e-06 4.78782e-06 4.80803e-06 4.78578e-06 4.80599e-06 4.78375e-06 4.80395e-06 4.78172e-06 4.80192e-06 4.7797e-06 4.7999e-06 4.77769e-06
          4.79788e-06 4.77568e-06 4.79587e-06 4.77368e-06 4.79387e-06 4.77168e-06 4.79187e-06 4.7697e-06 4.78988e-06 4.76771e-06 4.78789e-06 4.76574e-06
          4.78591e-06 4.76377e-06 4.78394e-06 4.76181e-06 4.78198e-06 4.75985e-06 4.78002e-06 4.75791e-06 4.77807e-06 4.75597e-06 4.77613e-06 4.75403e-06
          4.7742e-06 4.75211e-06 4.77227e-06 4.75019e-06 4.77035e-06 4.74828e-06 4.76844e-06 4.74637e-06 4.87707e-06 4.87511e-06 4.87315e-06 4.87117e-06
          4.86919e-06 4.8672e-06 4.8652e-06 4.86319e-06 4.86118e-06 4.85916e-06 4.85713e-06 4.8551e-06 4.85306e-06 4.85101e-06 4.84896e-06 4.8469e-06
          4.84484e-06 4.84277e-06 4.8407e-06 4.83862e-06 4.83654e-06 4.83446e-06 4.83237e-06 4.83028e-06 4.82819e-06 4.82609e-06 4.824e-06 4.8219e-06
          4.8198e-06 4.8177e-06 4.8156e-06 4.81349e-06 4.81139e-06 4.80929e-06 4.80719e-06 4.80509e-06 4.80299e-06 4.80089e-06 4.79879e-06 4.7967e-06
          4.79461e-06 4.79252e-06 4.79043e-06 4.78834e-06 4.78626e-06 4.78419e-06 4.78211e-06 4.78004e-06 4.77798e-06 4.77592e-06 4.77386e-06 4.77181e-06
          4.76977e-06 4.76773e-06 4.76569e-06 4.76366e-06 4.76164e-06 4.75962e-06 4.75761e-06 4.7556e-06 4.7536e-06 4.75161e-06 4.74962e-06 4.74764e-06
          4.74567e-06 4.7437e-06 4.74174e-06 4.73979e-06 4.73784e-06 4.73591e-06 4.73397e-06 4.73205e-06 4.73013e-06 4.72822e-06 4.72632e-06 4.72442e-06
          4.85469e-06 4.85274e-06 4.85078e-06 4.84881e-06 4.84684e-06 4.84485e-06 4.84286e-06 4.84086e-06 4.83885e-06 4.83684e-06 4.83482e-06 4.83279e-06
          4.83076e-06 4.82872e-06 4.82667e-06 4.82462e-06 4.82257e-06 4.82051e-06 4.81844e-06 4.81637e-06 4.8143e-06 4.81222e-06 4.81014e-06 4.80806e-06
          4.80597e-06 4.80389e-06 4.8018e-06 4.7997e-06 4.79761e-06 4.79552e-06 4.79342e-06 4.79133e-06 4.78923e-06 4.78713e-06 4.78504e-06 4.78295e-06
          4.78085e-06 4.77876e-06 4.77667e-06 4.77458e-06 4.7725e-06 4.77042e-06 4.76834e-06 4.76626e-06 4.76419e-06 4.76212e-06 4.76005e-06 4.75799e-06
          4.75593e-06 4.75388e-06 4.75183e-06 4.74979e-06 4.74775e-06 4.74571e-06 4.74369e-06 4.74166e-06 4.73965e-06 4.73764e-06 4.73563e-06 4.73364e-06
          4.73164e-06 4.72966e-06 4.72768e-06 4.72571e-06 4.72374e-06 4.72178e-06 4.71983e-06 4.71789e-06 4.71595e-06 4.71402e-06 4.71209e-06 4.71018e-06
          4.70827e-06 4.70637e-06 4.70447e-06 4.70259e-06 4.8325e-06 4.83055e-06 4.8286e-06 4.82664e-06 4.82467e-06 4.82269e-06 4.8207e-06 4.81871e-06
          4.81671e-06 4.8147e-06 4.81269e-06 4.81067e-06 4.80864e-06 4.8066e-06 4.80456e-06 4.80252e-06 4.80047e-06 4.79841e-06 4.79636e-06 4.79429e-06
          4.79222e-06 4.79015e-06 4.78808e-06 4.786e-06 4.78392e-06 4.78184e-06 4.77975e-06 4.77767e-06 4.77558e-06 4.77349e-06 4.7714e-06 4.76931e-06
          4.76722e-06 4.76513e-06 4.76304e-06 4.76095e-06 4.75886e-06 4.75678e-06 4.75469e-06 4.75261e-06 4.75053e-06 4.74845e-06 4.74638e-06 4.74431e-06
          4.74224e-06 4.74018e-06 4.73812e-06 4.73606e-06 4.73401e-06 4.73196e-06 4.72992e-06 4.72788e-06 4.72585e-06 4.72382e-06 4.7218e-06 4.71979e-06
          4.71778e-06 4.71578e-06 4.71378e-06 4.71179e-06 4.7098e-06 4.70782e-06 4.70585e-06 4.70389e-06 4.70193e-06 4.69998e-06 4.69803e-06 4.6961e-06
          4.69417e-06 4.69224e-06 4.69033e-06 4.68842e-06 4.68652e-06 4.68462e-06 4.68274e-06 4.68086e-06 4.81049e-06 4.80855e-06 4.8066e-06 4.80464e-06
          4.80268e-06 4.80071e-06 4.79873e-06 4.79674e-06 4.79474e-06 4.79274e-06 4.79073e-06 4.78871e-06 4.78669e-06 4.78466e-06 4.78263e-06 4.78059e-06
          4.77854e-06 4.77649e-06 4.77444e-06 4.77238e-06 4.77031e-06 4.76825e-06 4.76617e-06 4.7641e-06 4.76202e-06 4.75995e-06 4.75786e-06 4.75578e-06
          4.7537e-06 4.75161e-06 4.74953e-06 4.74744e-06 4.74535e-06 4.74327e-06 4.74118e-06 4.7391e-06 4.73702e-06 4.73493e-06 4.73285e-06 4.73078e-06
          4.7287e-06 4.72663e-06 4.72456e-06 4.72249e-06 4.72043e-06 4.71837e-06 4.71631e-06 4.71426e-06 4.71222e-06 4.71018e-06 4.70814e-06 4.70611e-06
          4.70408e-06 4.70206e-06 4.70004e-06 4.69804e-06 4.69603e-06 4.69403e-06 4.69204e-06 4.69006e-06 4.68808e-06 4.68611e-06 4.68414e-06 4.68219e-06
          4.68023e-06 4.67829e-06 4.67635e-06 4.67442e-06 4.6725e-06 4.67058e-06 4.66867e-06 4.66677e-06 4.66488e-06 4.66299e-06 4.66111e-06 4.65924e-06
          4.78866e-06 4.78673e-06 4.78479e-06 4.78283e-06 4.78087e-06 4.77891e-06 4.77693e-06 4.77495e-06 4.77295e-06 4.77096e-06 4.76895e-06 4.76694e-06
          4.76492e-06 4.76289e-06 4.76086e-06 4.75882e-06 4.75678e-06 4.75473e-06 4.75268e-06 4.75063e-06 4.74857e-06 4.7465e-06 4.74443e-06 4.74236e-06
          4.74029e-06 4.73821e-06 4.73613e-06 4.73405e-06 4.73197e-06 4.72989e-06 4.72781e-06 4.72572e-06 4.72364e-06 4.72155e-06 4.71947e-06 4.71739e-06
          4.71531e-06 4.71323e-06 4.71115e-06 4.70908e-06 4.70701e-06 4.70494e-06 4.70287e-06 4.70081e-06 4.69875e-06 4.69669e-06 4.69464e-06 4.69259e-06
          4.69055e-06 4.68851e-06 4.68648e-06 4.68446e-06 4.68243e-06 4.68042e-06 4.67841e-06 4.6764e-06 4.6744e-06 4.67241e-06 4.67043e-06 4.66845e-06
          4.66647e-06 4.66451e-06 4.66255e-06 4.6606e-06 4.65865e-06 4.65671e-06 4.65478e-06 4.65286e-06 4.65094e-06 4.64903e-06 4.64713e-06 4.64524e-06
          4.64335e-06 4.64147e-06 4.6396e-06 4.63773e-06 4.76702e-06 4.76509e-06 4.76315e-06 4.76121e-06 4.75925e-06 4.75729e-06 4.75531e-06 4.75333e-06
          4.75134e-06 4.74935e-06 4.74734e-06 4.74533e-06 4.74332e-06 4.74129e-06 4.73927e-06 4.73723e-06 4.73519e-06 4.73314e-06 4.73109e-06 4.72904e-06
          4.72698e-06 4.72492e-06 4.72285e-06 4.72078e-06 4.71871e-06 4.71663e-06 4.71456e-06 4.71248e-06 4.7104e-06 4.70832e-06 4.70623e-06 4.70415e-06
          4.70207e-06 4.69999e-06 4.6979e-06 4.69582e-06 4.69374e-06 4.69167e-06 4.68959e-06 4.68752e-06 4.68545e-06 4.68338e-06 4.68132e-06 4.67926e-06
          4.6772e-06 4.67515e-06 4.6731e-06 4.67105e-06 4.66901e-06 4.66698e-06 4.66495e-06 4.66293e-06 4.66091e-06 4.6589e-06 4.65689e-06 4.65489e-06
          4.65289e-06 4.65091e-06 4.64893e-06 4.64695e-06 4.64498e-06 4.64302e-06 4.64107e-06 4.63912e-06 4.63718e-06 4.63525e-06 4.63332e-06 4.63141e-06
          4.6295e-06 4.62759e-06 4.6257e-06 4.62381e-06 4.62193e-06 4.62005e-06 4.61819e-06 4.61633e-06 4.74557e-06 4.74364e-06 4.7417e-06 4.73976e-06
          4.73781e-06 4.73584e-06 4.73387e-06 4.73189e-06 4.72991e-06 4.72791e-06 4.72591e-06 4.7239e-06 4.72189e-06 4.71987e-06 4.71784e-06 4.71581e-06
          4.71377e-06 4.71172e-06 4.70967e-06 4.70762e-06 4.70556e-06 4.70349e-06 4.70143e-06 4.69936e-06 4.69729e-06 4.69521e-06 4.69313e-06 4.69105e-06
          4.68897e-06 4.68689e-06 4.68481e-06 4.68273e-06 4.68064e-06 4.67856e-06 4.67648e-06 4.6744e-06 4.67232e-06 4.67024e-06 4.66817e-06 4.66609e-06
          4.66402e-06 4.66196e-06 4.65989e-06 4.65783e-06 4.65578e-06 4.65373e-06 4.65168e-06 4.64964e-06 4.6476e-06 4.64557e-06 4.64354e-06 4.64152e-06
          4.6395e-06 4.63749e-06 4.63549e-06 4.63349e-06 4.6315e-06 4.62952e-06 4.62754e-06 4.62557e-06 4.62361e-06 4.62165e-06 4.6197e-06 4.61776e-06
          4.61583e-06 4.6139e-06 4.61198e-06 4.61006e-06 4.60816e-06 4.60626e-06 4.60437e-06 4.60249e-06 4.60061e-06 4.59875e-06 4.59689e-06 4.59504e-06
          4.72429e-06 4.72237e-06 4.72043e-06 4.71849e-06 4.71654e-06 4.71458e-06 4.71261e-06 4.71063e-06 4.70865e-06 4.70665e-06 4.70465e-06 4.70265e-06
          4.70063e-06 4.69861e-06 4.69658e-06 4.69455e-06 4.69251e-06 4.69046e-06 4.68841e-06 4.68636e-06 4.6843e-06 4.68223e-06 4.68016e-06 4.67809e-06
          4.67602e-06 4.67394e-06 4.67186e-06 4.66978e-06 4.6677e-06 4.66562e-06 4.66353e-06 4.66145e-06 4.65936e-06 4.65728e-06 4.65519e-06 4.65311e-06
          4.65103e-06 4.64895e-06 4.64688e-06 4.6448e-06 4.64273e-06 4.64066e-06 4.6386e-06 4.63654e-06 4.63448e-06 4.63243e-06 4.63038e-06 4.62834e-06
          4.62631e-06 4.62427e-06 4.62225e-06 4.62023e-06 4.61822e-06 4.61621e-06 4.61421e-06 4.61221e-06 4.61023e-06 4.60825e-06 4.60627e-06 4.6043e-06
          4.60234e-06 4.60039e-06 4.59845e-06 4.59651e-06 4.59458e-06 4.59266e-06 4.59074e-06 4.58883e-06 4.58693e-06 4.58504e-06 4.58316e-06 4.58128e-06
          4.57941e-06 4.57755e-06 4.57569e-06 4.57385e-06 4.7032e-06 4.70128e-06 4.69934e-06 4.6974e-06 4.69545e-06 4.69349e-06 4.69152e-06 4.68955e-06
          4.68756e-06 4.68557e-06 4.68357e-06 4.68156e-06 4.67954e-06 4.67752e-06 4.67549e-06 4.67346e-06 4.67142e-06 4.66937e-06 4.66732e-06 4.66526e-06
          4.6632e-06 4.66113e-06 4.65906e-06 4.65698e-06 4.65491e-06 4.65283e-06 4.65074e-06 4.64866e-06 4.64657e-06 4.64449e-06 4.6424e-06 4.64031e-06
          4.63822e-06 4.63614e-06 4.63405e-06 4.63196e-06 4.62988e-06 4.6278e-06 4.62572e-06 4.62364e-06 4.62157e-06 4.6195e-06 4.61743e-06 4.61537e-06
          4.61331e-06 4.61126e-06 4.60921e-06 4.60717e-06 4.60514e-06 4.6031e-06 4.60108e-06 4.59906e-06 4.59705e-06 4.59504e-06 4.59304e-06 4.59105e-06
          4.58906e-06 4.58709e-06 4.58511e-06 4.58315e-06 4.58119e-06 4.57924e-06 4.5773e-06 4.57537e-06 4.57344e-06 4.57152e-06 4.56961e-06 4.56771e-06
          4.56581e-06 4.56393e-06 4.56205e-06 4.56017e-06 4.55831e-06 4.55645e-06 4.55461e-06 4.55277e-06 4.68229e-06 4.68036e-06 4.67843e-06 4.67649e-06
          4.67454e-06 4.67258e-06 4.67061e-06 4.66864e-06 4.66665e-06 4.66466e-06 4.66266e-06 4.66065e-06 4.65863e-06 4.6566e-06 4.65457e-06 4.65253e-06
          4.65049e-06 4.64844e-06 4.64638e-06 4.64432e-06 4.64226e-06 4.64018e-06 4.63811e-06 4.63603e-06 4.63395e-06 4.63186e-06 4.62978e-06 4.62769e-06
          4.6256e-06 4.6235e-06 4.62141e-06 4.61932e-06 4.61723e-06 4.61513e-06 4.61304e-06 4.61095e-06 4.60886e-06 4.60678e-06 4.60469e-06 4.60261e-06
          4.60054e-06 4.59846e-06 4.5964e-06 4.59433e-06 4.59227e-06 4.59022e-06 4.58817e-06 4.58612e-06 4.58408e-06 4.58205e-06 4.58003e-06 4.57801e-06
          4.57599e-06 4.57399e-06 4.57199e-06 4.57e-06 4.56801e-06 4.56604e-06 4.56407e-06 4.56211e-06 4.56015e-06 4.5582e-06 4.55627e-06 4.55434e-06
          4.55241e-06 4.5505e-06 4.54859e-06 4.54669e-06 4.5448e-06 4.54292e-06 4.54104e-06 4.53918e-06 4.53732e-06 4.53547e-06 4.53362e-06 4.53179e-06
          4.66155e-06 4.65963e-06 4.6577e-06 4.65576e-06 4.65381e-06 4.65185e-06 4.64988e-06 4.6479e-06 4.64592e-06 4.64392e-06 4.64192e-06 4.6399e-06
          4.63788e-06 4.63586e-06 4.63382e-06 4.63178e-06 4.62973e-06 4.62767e-06 4.62561e-06 4.62355e-06 4.62148e-06 4.6194e-06 4.61732e-06 4.61523e-06
          4.61315e-06 4.61105e-06 4.60896e-06 4.60687e-06 4.60477e-06 4.60267e-06 4.60057e-06 4.59847e-06 4.59637e-06 4.59427e-06 4.59217e-06 4.59008e-06
          4.58798e-06 4.58589e-06 4.5838e-06 4.58172e-06 4.57963e-06 4.57756e-06 4.57548e-06 4.57341e-06 4.57135e-06 4.56929e-06 4.56724e-06 4.56519e-06
          4.56315e-06 4.56112e-06 4.55909e-06 4.55707e-06 4.55506e-06 4.55305e-06 4.55105e-06 4.54906e-06 4.54708e-06 4.5451e-06 4.54313e-06 4.54117e-06
          4.53922e-06 4.53727e-06 4.53534e-06 4.53341e-06 4.53149e-06 4.52958e-06 4.52767e-06 4.52578e-06 4.52389e-06 4.52201e-06 4.52014e-06 4.51828e-06
          4.51643e-06 4.51458e-06 4.51274e-06 4.51091e-06 4.641e-06 4.63908e-06 4.63715e-06 4.63521e-06 4.63326e-06 4.63129e-06 4.62932e-06 4.62734e-06
          4.62535e-06 4.62335e-06 4.62135e-06 4.61933e-06 4.61731e-06 4.61528e-06 4.61324e-06 4.61119e-06 4.60913e-06 4.60707e-06 4.60501e-06 4.60293e-06
          4.60086e-06 4.59877e-06 4.59668e-06 4.59459e-06 4.5925e-06 4.5904e-06 4.5883e-06 4.58619e-06 4.58409e-06 4.58198e-06 4.57987e-06 4.57776e-06
          4.57565e-06 4.57355e-06 4.57144e-06 4.56934e-06 4.56723e-06 4.56513e-06 4.56304e-06 4.56095e-06 4.55886e-06 4.55677e-06 4.55469e-06 4.55262e-06
          4.55055e-06 4.54849e-06 4.54643e-06 4.54438e-06 4.54233e-06 4.5403e-06 4.53827e-06 4.53624e-06 4.53423e-06 4.53222e-06 4.53022e-06 4.52823e-06
          4.52625e-06 4.52427e-06 4.5223e-06 4.52034e-06 4.51839e-06 4.51645e-06 4.51451e-06 4.51259e-06 4.51067e-06 4.50876e-06 4.50686e-06 4.50497e-06
          4.50309e-06 4.50121e-06 4.49935e-06 4.49749e-06 4.49564e-06 4.4938e-06 4.49197e-06 4.49014e-06 4.62063e-06 4.61871e-06 4.61678e-06 4.61483e-06
          4.61288e-06 4.61092e-06 4.60894e-06 4.60696e-06 4.60497e-06 4.60296e-06 4.60095e-06 4.59893e-06 4.5969e-06 4.59487e-06 4.59282e-06 4.59077e-06
          4.58871e-06 4.58664e-06 4.58456e-06 4.58248e-06 4.5804e-06 4.57831e-06 4.57621e-06 4.57411e-06 4.572e-06 4.56989e-06 4.56778e-06 4.56567e-06
          4.56355e-06 4.56143e-06 4.55931e-06 4.5572e-06 4.55508e-06 4.55296e-06 4.55084e-06 4.54873e-06 4.54662e-06 4.54451e-06 4.5424e-06 4.5403e-06
          4.5382e-06 4.53611e-06 4.53402e-06 4.53194e-06 4.52987e-06 4.5278e-06 4.52573e-06 4.52368e-06 4.52163e-06 4.51959e-06 4.51756e-06 4.51553e-06
          4.51351e-06 4.5115e-06 4.5095e-06 4.50751e-06 4.50552e-06 4.50355e-06 4.50158e-06 4.49962e-06 4.49767e-06 4.49573e-06 4.4938e-06 4.49187e-06
          4.48996e-06 4.48805e-06 4.48615e-06 4.48427e-06 4.48239e-06 4.48051e-06 4.47865e-06 4.4768e-06 4.47495e-06 4.47312e-06 4.47129e-06 4.46947e-06
          4.60044e-06 4.59851e-06 4.59658e-06 4.59464e-06 4.59268e-06 4.59071e-06 4.58874e-06 4.58675e-06 4.58476e-06 4.58275e-06 4.58073e-06 4.57871e-06
          4.57667e-06 4.57463e-06 4.57257e-06 4.57051e-06 4.56845e-06 4.56637e-06 4.56429e-06 4.5622e-06 4.5601e-06 4.558e-06 4.55589e-06 4.55378e-06
          4.55166e-06 4.54954e-06 4.54742e-06 4.54529e-06 4.54316e-06 4.54103e-06 4.5389e-06 4.53677e-06 4.53464e-06 4.53251e-06 4.53038e-06 4.52825e-06
          4.52613e-06 4.52401e-06 4.52189e-06 4.51978e-06 4.51767e-06 4.51557e-06 4.51347e-06 4.51138e-06 4.5093e-06 4.50722e-06 4.50515e-06 4.50309e-06
          4.50104e-06 4.49899e-06 4.49695e-06 4.49492e-06 4.4929e-06 4.49089e-06 4.48889e-06 4.48689e-06 4.4849e-06 4.48293e-06 4.48096e-06 4.479e-06
          4.47705e-06 4.47511e-06 4.47318e-06 4.47126e-06 4.46935e-06 4.46744e-06 4.46555e-06 4.46366e-06 4.46178e-06 4.45992e-06 4.45806e-06 4.45621e-06
          4.45437e-06 4.45254e-06 4.45071e-06 4.4489e-06 4.58043e-06 4.5785e-06 4.57657e-06 4.57462e-06 4.57266e-06 4.57069e-06 4.56871e-06 4.56672e-06
          4.56472e-06 4.56271e-06 4.56068e-06 4.55865e-06 4.55661e-06 4.55456e-06 4.5525e-06 4.55043e-06 4.54835e-06 4.54627e-06 4.54417e-06 4.54207e-06
          4.53996e-06 4.53785e-06 4.53573e-06 4.5336e-06 4.53147e-06 4.52934e-06 4.5272e-06 4.52506e-06 4.52292e-06 4.52077e-06 4.51863e-06 4.51648e-06
          4.51434e-06 4.51219e-06 4.51005e-06 4.50791e-06 4.50577e-06 4.50364e-06 4.50151e-06 4.49938e-06 4.49726e-06 4.49515e-06 4.49304e-06 4.49094e-06
          4.48885e-06 4.48676e-06 4.48469e-06 4.48262e-06 4.48055e-06 4.4785e-06 4.47646e-06 4.47442e-06 4.4724e-06 4.47038e-06 4.46838e-06 4.46638e-06
          4.46439e-06 4.46241e-06 4.46044e-06 4.45848e-06 4.45653e-06 4.45459e-06 4.45266e-06 4.45074e-06 4.44883e-06 4.44693e-06 4.44504e-06 4.44316e-06
          4.44128e-06 4.43942e-06 4.43756e-06 4.43572e-06 4.43388e-06 4.43205e-06 4.43023e-06 4.42842e-06 4.56059e-06 4.55867e-06 4.55673e-06 4.55478e-06
          4.55282e-06 4.55085e-06 4.54886e-06 4.54687e-06 4.54486e-06 4.54284e-06 4.54081e-06 4.53877e-06 4.53672e-06 4.53466e-06 4.5326e-06 4.53052e-06
          4.52843e-06 4.52633e-06 4.52423e-06 4.52211e-06 4.51999e-06 4.51786e-06 4.51573e-06 4.51359e-06 4.51144e-06 4.50929e-06 4.50714e-06 4.50498e-06
          4.50282e-06 4.50066e-06 4.4985e-06 4.49633e-06 4.49417e-06 4.49201e-06 4.48985e-06 4.48769e-06 4.48554e-06 4.48339e-06 4.48124e-06 4.4791e-06
          4.47697e-06 4.47484e-06 4.47272e-06 4.47061e-06 4.46851e-06 4.46641e-06 4.46432e-06 4.46225e-06 4.46018e-06 4.45812e-06 4.45607e-06 4.45403e-06
          4.452e-06 4.44998e-06 4.44797e-06 4.44597e-06 4.44398e-06 4.442e-06 4.44003e-06 4.43807e-06 4.43612e-06 4.43418e-06 4.43225e-06 4.43033e-06
          4.42842e-06 4.42652e-06 4.42463e-06 4.42275e-06 4.42088e-06 4.41902e-06 4.41717e-06 4.41532e-06 4.41349e-06 4.41167e-06 4.40985e-06 4.40805e-06
          4.54094e-06 4.53901e-06 4.53707e-06 4.53512e-06 4.53316e-06 4.53118e-06 4.52919e-06 4.52719e-06 4.52518e-06 4.52315e-06 4.52112e-06 4.51907e-06
          4.51701e-06 4.51494e-06 4.51286e-06 4.51077e-06 4.50867e-06 4.50656e-06 4.50445e-06 4.50232e-06 4.50018e-06 4.49804e-06 4.49589e-06 4.49373e-06
          4.49157e-06 4.4894e-06 4.48723e-06 4.48505e-06 4.48287e-06 4.48069e-06 4.47851e-06 4.47632e-06 4.47414e-06 4.47196e-06 4.46978e-06 4.4676e-06
          4.46543e-06 4.46326e-06 4.4611e-06 4.45894e-06 4.45679e-06 4.45465e-06 4.45252e-06 4.45039e-06 4.44827e-06 4.44617e-06 4.44407e-06 4.44198e-06
          4.4399e-06 4.43783e-06 4.43578e-06 4.43373e-06 4.43169e-06 4.42967e-06 4.42766e-06 4.42565e-06 4.42366e-06 4.42168e-06 4.4197e-06 4.41774e-06
          4.41579e-06 4.41386e-06 4.41193e-06 4.41001e-06 4.4081e-06 4.4062e-06 4.40431e-06 4.40244e-06 4.40057e-06 4.39871e-06 4.39686e-06 4.39503e-06
          4.3932e-06 4.39138e-06 4.38957e-06 4.38777e-06 4.52147e-06 4.51954e-06 4.5176e-06 4.51564e-06 4.51367e-06 4.51169e-06 4.5097e-06 4.50769e-06
          4.50567e-06 4.50364e-06 4.5016e-06 4.49954e-06 4.49748e-06 4.4954e-06 4.49331e-06 4.49121e-06 4.48909e-06 4.48697e-06 4.48484e-06 4.48269e-06
          4.48054e-06 4.47838e-06 4.47621e-06 4.47403e-06 4.47185e-06 4.46966e-06 4.46747e-06 4.46527e-06 4.46307e-06 4.46086e-06 4.45865e-06 4.45645e-06
          4.45424e-06 4.45204e-06 4.44984e-06 4.44764e-06 4.44544e-06 4.44325e-06 4.44107e-06 4.4389e-06 4.43673e-06 4.43457e-06 4.43242e-06 4.43028e-06
          4.42815e-06 4.42603e-06 4.42391e-06 4.42182e-06 4.41973e-06 4.41765e-06 4.41559e-06 4.41353e-06 4.41149e-06 4.40946e-06 4.40744e-06 4.40543e-06
          4.40344e-06 4.40145e-06 4.39948e-06 4.39752e-06 4.39557e-06 4.39363e-06 4.3917e-06 4.38978e-06 4.38788e-06 4.38598e-06 4.3841e-06 4.38222e-06
          4.38036e-06 4.3785e-06 4.37666e-06 4.37482e-06 4.373e-06 4.37118e-06 4.36938e-06 4.36758e-06 4.50218e-06 4.50025e-06 4.4983e-06 4.49634e-06
          4.49437e-06 4.49239e-06 4.49039e-06 4.48838e-06 4.48635e-06 4.48431e-06 4.48226e-06 4.4802e-06 4.47812e-06 4.47603e-06 4.47393e-06 4.47181e-06
          4.46969e-06 4.46755e-06 4.4654e-06 4.46324e-06 4.46107e-06 4.45889e-06 4.4567e-06 4.4545e-06 4.45229e-06 4.45008e-06 4.44786e-06 4.44564e-06
          4.44341e-06 4.44118e-06 4.43895e-06 4.43671e-06 4.43448e-06 4.43225e-06 4.43002e-06 4.42779e-06 4.42558e-06 4.42336e-06 4.42116e-06 4.41896e-06
          4.41677e-06 4.41459e-06 4.41242e-06 4.41026e-06 4.40812e-06 4.40598e-06 4.40386e-06 4.40175e-06 4.39965e-06 4.39756e-06 4.39549e-06 4.39343e-06
          4.39138e-06 4.38934e-06 4.38732e-06 4.38531e-06 4.38331e-06 4.38132e-06 4.37935e-06 4.37738e-06 4.37543e-06 4.37349e-06 4.37157e-06 4.36965e-06
          4.36775e-06 4.36585e-06 4.36397e-06 4.3621e-06 4.36023e-06 4.35838e-06 4.35654e-06 4.35471e-06 4.35289e-06 4.35108e-06 4.34928e-06 4.34749e-06
          4.48307e-06 4.48114e-06 4.47919e-06 4.47723e-06 4.47525e-06 4.47326e-06 4.47126e-06 4.46924e-06 4.46721e-06 4.46516e-06 4.46311e-06 4.46103e-06
          4.45894e-06 4.45684e-06 4.45473e-06 4.4526e-06 4.45046e-06 4.4483e-06 4.44614e-06 4.44396e-06 4.44177e-06 4.43957e-06 4.43735e-06 4.43513e-06
          4.4329e-06 4.43066e-06 4.42841e-06 4.42616e-06 4.4239e-06 4.42164e-06 4.41938e-06 4.41711e-06 4.41485e-06 4.41259e-06 4.41033e-06 4.40807e-06
          4.40583e-06 4.40358e-06 4.40135e-06 4.39913e-06 4.39692e-06 4.39471e-06 4.39252e-06 4.39035e-06 4.38818e-06 4.38603e-06 4.38389e-06 4.38177e-06
          4.37966e-06 4.37756e-06 4.37548e-06 4.37341e-06 4.37135e-06 4.36931e-06 4.36728e-06 4.36527e-06 4.36327e-06 4.36128e-06 4.3593e-06 4.35734e-06
          4.35539e-06 4.35345e-06 4.35152e-06 4.34961e-06 4.3477e-06 4.34581e-06 4.34393e-06 4.34206e-06 4.34021e-06 4.33836e-06 4.33652e-06 4.33469e-06
          4.33288e-06 4.33107e-06 4.32928e-06 4.32749e-06 4.46415e-06 4.46221e-06 4.46026e-06 4.45829e-06 4.45631e-06 4.45432e-06 4.45231e-06 4.45029e-06
          4.44825e-06 4.4462e-06 4.44413e-06 4.44205e-06 4.43995e-06 4.43784e-06 4.43571e-06 4.43357e-06 4.43141e-06 4.42924e-06 4.42706e-06 4.42486e-06
          4.42265e-06 4.42042e-06 4.41818e-06 4.41593e-06 4.41367e-06 4.4114e-06 4.40912e-06 4.40684e-06 4.40455e-06 4.40225e-06 4.39995e-06 4.39765e-06
          4.39535e-06 4.39305e-06 4.39076e-06 4.38847e-06 4.38619e-06 4.38391e-06 4.38165e-06 4.3794e-06 4.37716e-06 4.37493e-06 4.37272e-06 4.37052e-06
          4.36834e-06 4.36617e-06 4.36402e-06 4.36188e-06 4.35976e-06 4.35765e-06 4.35556e-06 4.35348e-06 4.35142e-06 4.34937e-06 4.34734e-06 4.34532e-06
          4.34331e-06 4.34132e-06 4.33935e-06 4.33738e-06 4.33543e-06 4.33349e-06 4.33157e-06 4.32965e-06 4.32775e-06 4.32586e-06 4.32399e-06 4.32212e-06
          4.32027e-06 4.31842e-06 4.31659e-06 4.31477e-06 4.31296e-06 4.31115e-06 4.30936e-06 4.30758e-06 4.44541e-06 4.44347e-06 4.44151e-06 4.43954e-06
          4.43756e-06 4.43556e-06 4.43355e-06 4.43153e-06 4.42949e-06 4.42743e-06 4.42535e-06 4.42326e-06 4.42115e-06 4.41902e-06 4.41688e-06 4.41473e-06
          4.41255e-06 4.41037e-06 4.40816e-06 4.40594e-06 4.40371e-06 4.40145e-06 4.39919e-06 4.39691e-06 4.39462e-06 4.39231e-06 4.39e-06 4.38768e-06
          4.38535e-06 4.38301e-06 4.38067e-06 4.37832e-06 4.37598e-06 4.37364e-06 4.37131e-06 4.36898e-06 4.36666e-06 4.36435e-06 4.36205e-06 4.35976e-06
          4.35749e-06 4.35524e-06 4.353e-06 4.35078e-06 4.34858e-06 4.34639e-06 4.34422e-06 4.34207e-06 4.33993e-06 4.33782e-06 4.33571e-06 4.33363e-06
          4.33156e-06 4.32951e-06 4.32747e-06 4.32545e-06 4.32344e-06 4.32145e-06 4.31947e-06 4.31751e-06 4.31556e-06 4.31362e-06 4.3117e-06 4.30979e-06
          4.30789e-06 4.306e-06 4.30413e-06 4.30226e-06 4.30041e-06 4.29857e-06 4.29675e-06 4.29493e-06 4.29312e-06 4.29133e-06 4.28954e-06 4.28776e-06
          4.42686e-06 4.4249e-06 4.42293e-06 4.42095e-06 4.41897e-06 4.41699e-06 4.41498e-06 4.41296e-06 4.41092e-06 4.40885e-06 4.40676e-06 4.40465e-06
          4.40253e-06 4.40039e-06 4.39824e-06 4.39607e-06 4.39389e-06 4.39168e-06 4.38946e-06 4.38722e-06 4.38496e-06 4.38268e-06 4.38038e-06 4.37807e-06
          4.37574e-06 4.3734e-06 4.37105e-06 4.36868e-06 4.3663e-06 4.36392e-06 4.36153e-06 4.35914e-06 4.35674e-06 4.35435e-06 4.35197e-06 4.34959e-06
          4.34723e-06 4.34487e-06 4.34253e-06 4.34021e-06 4.33791e-06 4.33563e-06 4.33336e-06 4.33111e-06 4.32889e-06 4.32668e-06 4.3245e-06 4.32233e-06
          4.32019e-06 4.31806e-06 4.31595e-06 4.31386e-06 4.31178e-06 4.30972e-06 4.30768e-06 4.30566e-06 4.30365e-06 4.30166e-06 4.29968e-06 4.29772e-06
          4.29577e-06 4.29383e-06 4.29191e-06 4.29e-06 4.28811e-06 4.28622e-06 4.28435e-06 4.2825e-06 4.28065e-06 4.27881e-06 4.27699e-06 4.27518e-06
          4.27338e-06 4.27159e-06 4.26981e-06 4.26804e-06 4.40849e-06 4.40646e-06 4.40446e-06 4.4025e-06 4.40054e-06 4.39859e-06 4.39662e-06 4.39461e-06
          4.39257e-06 4.39049e-06 4.38837e-06 4.38623e-06 4.38409e-06 4.38194e-06 4.37978e-06 4.37761e-06 4.37542e-06 4.37321e-06 4.37097e-06 4.3687e-06
          4.36641e-06 4.36409e-06 4.36176e-06 4.35941e-06 4.35705e-06 4.35467e-06 4.35227e-06 4.34986e-06 4.34743e-06 4.34499e-06 4.34254e-06 4.34009e-06
          4.33764e-06 4.33519e-06 4.33274e-06 4.33031e-06 4.32789e-06 4.32548e-06 4.3231e-06 4.32074e-06 4.3184e-06 4.31608e-06 4.31379e-06 4.31151e-06
          4.30927e-06 4.30704e-06 4.30484e-06 4.30266e-06 4.30051e-06 4.29837e-06 4.29625e-06 4.29415e-06 4.29208e-06 4.29001e-06 4.28797e-06 4.28595e-06
          4.28394e-06 4.28194e-06 4.27997e-06 4.27801e-06 4.27606e-06 4.27413e-06 4.27221e-06 4.2703e-06 4.26841e-06 4.26653e-06 4.26467e-06 4.26281e-06
          4.26097e-06 4.25914e-06 4.25732e-06 4.25551e-06 4.25372e-06 4.25193e-06 4.25016e-06 4.2484e-06 4.38996e-06 4.38793e-06 4.38599e-06 4.3841e-06
          4.38223e-06 4.38037e-06 4.37848e-06 4.37654e-06 4.37451e-06 4.37237e-06 4.37016e-06 4.36796e-06 4.36578e-06 4.36364e-06 4.3615e-06 4.35935e-06
          4.35718e-06 4.35497e-06 4.35271e-06 4.35041e-06 4.34807e-06 4.34571e-06 4.34333e-06 4.34095e-06 4.33855e-06 4.33614e-06 4.3337e-06 4.33123e-06
          4.32874e-06 4.32623e-06 4.32371e-06 4.32119e-06 4.31866e-06 4.31613e-06 4.31362e-06 4.31111e-06 4.30863e-06 4.30617e-06 4.30373e-06 4.30132e-06
          4.29894e-06 4.29659e-06 4.29426e-06 4.29197e-06 4.2897e-06 4.28746e-06 4.28525e-06 4.28305e-06 4.28089e-06 4.27874e-06 4.27662e-06 4.27452e-06
          4.27244e-06 4.27037e-06 4.26833e-06 4.2663e-06 4.2643e-06 4.26231e-06 4.26033e-06 4.25837e-06 4.25643e-06 4.2545e-06 4.25258e-06 4.25068e-06
          4.24879e-06 4.24692e-06 4.24506e-06 4.24321e-06 4.24137e-06 4.23955e-06 4.23774e-06 4.23594e-06 4.23415e-06 4.23237e-06 4.2306e-06 4.22884e-06
          4.38753e-06 4.38425e-06 4.38085e-06 4.37733e-06 4.37368e-06 4.3699e-06 4.366e-06 4.36198e-06 4.35806e-06 4.35465e-06 4.35184e-06 4.34959e-06
          4.34748e-06 4.34541e-06 4.34336e-06 4.3413e-06 4.3392e-06 4.33703e-06 4.33476e-06 4.33237e-06 4.32992e-06 4.32748e-06 4.32507e-06 4.32267e-06
          4.32026e-06 4.31783e-06 4.31536e-06 4.31283e-06 4.31026e-06 4.30766e-06 4.30504e-06 4.30242e-06 4.29981e-06 4.2972e-06 4.29459e-06 4.292e-06
          4.28943e-06 4.2869e-06 4.2844e-06 4.28194e-06 4.27951e-06 4.27713e-06 4.27478e-06 4.27246e-06 4.27018e-06 4.26792e-06 4.2657e-06 4.2635e-06
          4.26132e-06 4.25917e-06 4.25705e-06 4.25494e-06 4.25286e-06 4.2508e-06 4.24876e-06 4.24673e-06 4.24473e-06 4.24274e-06 4.24077e-06 4.23881e-06
          4.23687e-06 4.23495e-06 4.23304e-06 4.23114e-06 4.22926e-06 4.22739e-06 4.22554e-06 4.22369e-06 4.22186e-06 4.22004e-06 4.21824e-06 4.21644e-06
          4.21466e-06 4.21289e-06 4.21113e-06 4.20938e-06 4.38484e-06 4.3814e-06 4.37793e-06 4.37441e-06 4.37086e-06 4.36726e-06 4.36362e-06 4.36e-06
          4.35643e-06 4.35296e-06 4.34955e-06 4.34612e-06 4.34253e-06 4.3388e-06 4.33492e-06 4.3309e-06 4.32673e-06 4.32241e-06 4.31821e-06 4.31459e-06
          4.3116e-06 4.30921e-06 4.30686e-06 4.30454e-06 4.30221e-06 4.29983e-06 4.29736e-06 4.29476e-06 4.29202e-06 4.28923e-06 4.2865e-06 4.28381e-06
          4.28111e-06 4.27839e-06 4.27566e-06 4.27293e-06 4.27025e-06 4.26763e-06 4.26507e-06 4.26256e-06 4.2601e-06 4.25769e-06 4.25531e-06 4.25298e-06
          4.25068e-06 4.24842e-06 4.24619e-06 4.24398e-06 4.24181e-06 4.23966e-06 4.23753e-06 4.23543e-06 4.23335e-06 4.23129e-06 4.22925e-06 4.22723e-06
          4.22523e-06 4.22324e-06 4.22128e-06 4.21933e-06 4.21739e-06 4.21547e-06 4.21357e-06 4.21168e-06 4.2098e-06 4.20794e-06 4.20609e-06 4.20426e-06
          4.20243e-06 4.20062e-06 4.19882e-06 4.19704e-06 4.19526e-06 4.19349e-06 4.19174e-06 4.19e-06 4.38216e-06 4.37871e-06 4.37523e-06 4.37173e-06
          4.36821e-06 4.36467e-06 4.36112e-06 4.35756e-06 4.35401e-06 4.35046e-06 4.34689e-06 4.34328e-06 4.33962e-06 4.33591e-06 4.33214e-06 4.32829e-06
          4.32441e-06 4.32052e-06 4.31669e-06 4.31291e-06 4.30918e-06 4.30531e-06 4.30123e-06 4.29692e-06 4.29235e-06 4.28756e-06 4.28257e-06 4.2777e-06
          4.27365e-06 4.27057e-06 4.26792e-06 4.26532e-06 4.26279e-06 4.25992e-06 4.25673e-06 4.25378e-06 4.25099e-06 4.2483e-06 4.24569e-06 4.24315e-06
          4.24067e-06 4.23824e-06 4.23585e-06 4.23351e-06 4.23121e-06 4.22894e-06 4.22671e-06 4.22451e-06 4.22233e-06 4.22019e-06 4.21806e-06 4.21596e-06
          4.21389e-06 4.21183e-06 4.2098e-06 4.20779e-06 4.20579e-06 4.20381e-06 4.20185e-06 4.19991e-06 4.19798e-06 4.19607e-06 4.19418e-06 4.19229e-06
          4.19042e-06 4.18857e-06 4.18673e-06 4.1849e-06 4.18308e-06 4.18128e-06 4.17949e-06 4.17771e-06 4.17594e-06 4.17418e-06 4.17244e-06 4.1707e-06
          4.37927e-06 4.37582e-06 4.37234e-06 4.36885e-06 4.36535e-06 4.36182e-06 4.35829e-06 4.35474e-06 4.35119e-06 4.34762e-06 4.34403e-06 4.3404e-06
          4.33674e-06 4.33303e-06 4.32928e-06 4.32549e-06 4.32166e-06 4.31783e-06 4.31399e-06 4.31014e-06 4.30622e-06 4.30221e-06 4.29808e-06 4.29382e-06
          4.28943e-06 4.2849e-06 4.28036e-06 4.27596e-06 4.27168e-06 4.26721e-06 4.26193e-06 4.25555e-06 4.24743e-06 4.24028e-06 4.23721e-06 4.23433e-06
          4.23154e-06 4.22884e-06 4.22622e-06 4.22367e-06 4.22119e-06 4.21876e-06 4.21638e-06 4.21405e-06 4.21175e-06 4.20949e-06 4.20726e-06 4.20507e-06
          4.2029e-06 4.20076e-06 4.19865e-06 4.19656e-06 4.19449e-06 4.19244e-06 4.19042e-06 4.18841e-06 4.18642e-06 4.18446e-06 4.1825e-06 4.18057e-06
          4.17865e-06 4.17675e-06 4.17486e-06 4.17298e-06 4.17112e-06 4.16928e-06 4.16744e-06 4.16562e-06 4.16382e-06 4.16202e-06 4.16024e-06 4.15847e-06
          4.15671e-06 4.15496e-06 4.15322e-06 4.15149e-06
        </DataArray>
        <DataArray type="Float32" Name="x^CH4_gas" NumberOfComponents="1" format="ascii">
          0.988137 0.988219 0.988111 0.988193 0.988301 0.988276 0.988383 0.988359 0.988466 0.988442 0.988549 0.988525
          0.988632 0.988609 0.988716 0.988694 0.9888 0.988778 0.988884 0.988863 0.988969 0.988948 0.989054 0.989034
          0.989139 0.98912 0.989225 0.989206 0.989311 0.989292 0.989397 0.989379 0.989483 0.989465 0.98957 0.989552
          0.989657 0.98964 0.989744 0.989727 0.989831 0.989815 0.989919 0.989903 0.990006 0.989991 0.990094 0.990079
          0.990182 0.990167 0.99027 0.990256 0.990358 0.990344 0.990447 0.990433 0.990535 0.990522 0.990624 0.990611
          0.990712 0.9907 0.990801 0.990789 0.99089 0.990878 0.990978 0.990967 0.991067 0.991056 0.991156 0.991145
          0.991244 0.991234 0.991333 0.991323 0.991422 0.991412 0.991511 0.991501 0.991599 0.99159 0.991688 0.991679
          0.991776 0.991768 0.991865 0.991856 0.991953 0.991945 0.992041 0.992033 0.992129 0.992122 0.992217 0.99221
          0.992305 0.992298 0.992393 0.992386 0.99248 0.992474 0.992568 0.992561 0.992655 0.992649 0.992742 0.992736
          0.992829 0.992823 0.992916 0.99291 0.993002 0.992997 0.993088 0.993083 0.993174 0.993169 0.99326 0.993255
          0.993346 0.993341 0.993431 0.993427 0.993517 0.993512 0.993602 0.993597 0.993686 0.993682 0.993771 0.993767
          0.993855 0.993851 0.993939 0.993935 0.994023 0.994019 0.994106 0.994103 0.994189 0.994186 0.994272 0.994269
          0.994355 0.994352 0.994437 0.994434 0.994519 0.994517 0.994601 0.994599 0.988062 0.988146 0.988229 0.988313
          0.988397 0.988482 0.988566 0.988652 0.988737 0.988823 0.988909 0.988995 0.989082 0.989169 0.989256 0.989344
          0.989431 0.989519 0.989607 0.989696 0.989784 0.989873 0.989962 0.99005 0.990139 0.990229 0.990318 0.990407
          0.990497 0.990586 0.990676 0.990766 0.990855 0.990945 0.991035 0.991124 0.991214 0.991303 0.991393 0.991482
          0.991572 0.991661 0.99175 0.99184 0.991929 0.992017 0.992106 0.992195 0.992283 0.992372 0.99246 0.992548
          0.992636 0.992723 0.992811 0.992898 0.992985 0.993071 0.993158 0.993244 0.99333 0.993416 0.993502 0.993587
          0.993672 0.993757 0.993842 0.993926 0.99401 0.994094 0.994178 0.994261 0.994344 0.994427 0.994509 0.994591
          0.98801 0.988094 0.988179 0.988264 0.988349 0.988434 0.98852 0.988606 0.988693 0.98878 0.988867 0.988954
          0.989042 0.98913 0.989218 0.989306 0.989395 0.989483 0.989572 0.989661 0.989751 0.98984 0.98993 0.990019
          0.990109 0.990199 0.990289 0.990379 0.99047 0.99056 0.99065 0.99074 0.990831 0.990921 0.991011 0.991102
          0.991192 0.991282 0.991372 0.991462 0.991552 0.991642 0.991732 0.991821 0.991911 0.992 0.99209 0.992179
          0.992268 0.992356 0.992445 0.992533 0.992621 0.992709 0.992797 0.992885 0.992972 0.993059 0.993146 0.993233
          0.993319 0.993405 0.993491 0.993577 0.993662 0.993747 0.993832 0.993917 0.994001 0.994085 0.994169 0.994252
          0.994335 0.994418 0.994501 0.994583 0.987955 0.98804 0.988125 0.988211 0.988298 0.988384 0.988471 0.988558
          0.988646 0.988733 0.988822 0.98891 0.988998 0.989087 0.989176 0.989266 0.989355 0.989445 0.989535 0.989625
          0.989715 0.989805 0.989896 0.989986 0.990077 0.990168 0.990258 0.990349 0.99044 0.990531 0.990622 0.990713
          0.990804 0.990896 0.990986 0.991077 0.991168 0.991259 0.99135 0.991441 0.991531 0.991622 0.991712 0.991802
          0.991892 0.991982 0.992072 0.992162 0.992251 0.99234 0.992429 0.992518 0.992607 0.992695 0.992783 0.992871
          0.992959 0.993046 0.993133 0.99322 0.993307 0.993394 0.99348 0.993566 0.993651 0.993737 0.993822 0.993907
          0.993991 0.994076 0.99416 0.994243 0.994327 0.99441 0.994493 0.994575 0.987895 0.987982 0.988069 0.988156
          0.988243 0.988331 0.988419 0.988507 0.988595 0.988684 0.988773 0.988863 0.988952 0.989042 0.989132 0.989222
          0.989313 0.989403 0.989494 0.989585 0.989676 0.989768 0.989859 0.989951 0.990042 0.990134 0.990226 0.990317
          0.990409 0.990501 0.990593 0.990685 0.990776 0.990868 0.99096 0.991052 0.991143 0.991235 0.991326 0.991418
          0.991509 0.9916 0.991691 0.991782 0.991872 0.991963 0.992053 0.992143 0.992233 0.992323 0.992413 0.992502
          0.992591 0.99268 0.992768 0.992857 0.992945 0.993033 0.99312 0.993208 0.993295 0.993382 0.993468 0.993554
          0.99364 0.993726 0.993811 0.993896 0.993981 0.994066 0.99415 0.994234 0.994318 0.994401 0.994484 0.994567
          0.987833 0.98792 0.988008 0.988096 0.988185 0.988274 0.988363 0.988452 0.988542 0.988632 0.988722 0.988812
          0.988903 0.988994 0.989085 0.989176 0.989268 0.98936 0.989452 0.989543 0.989636 0.989728 0.98982 0.989913
          0.990005 0.990098 0.990191 0.990283 0.990376 0.990469 0.990561 0.990654 0.990747 0.990839 0.990932 0.991024
          0.991117 0.991209 0.991301 0.991393 0.991485 0.991577 0.991669 0.99176 0.991852 0.991943 0.992034 0.992124
          0.992215 0.992305 0.992395 0.992485 0.992574 0.992664 0.992753 0.992842 0.99293 0.993019 0.993107 0.993194
          0.993282 0.993369 0.993456 0.993542 0.993629 0.993715 0.9938 0.993886 0.993971 0.994056 0.99414 0.994225
          0.994308 0.994392 0.994475 0.994558 0.987767 0.987856 0.987945 0.988034 0.988124 0.988214 0.988304 0.988394
          0.988485 0.988576 0.988668 0.988759 0.988851 0.988943 0.989035 0.989128 0.98922 0.989313 0.989406 0.989499
          0.989592 0.989686 0.989779 0.989873 0.989966 0.99006 0.990153 0.990247 0.990341 0.990434 0.990528 0.990622
          0.990715 0.990809 0.990902 0.990996 0.991089 0.991182 0.991275 0.991368 0.991461 0.991553 0.991645 0.991738
          0.99183 0.991921 0.992013 0.992104 0.992195 0.992286 0.992377 0.992467 0.992557 0.992647 0.992737 0.992826
          0.992915 0.993004 0.993092 0.99318 0.993268 0.993356 0.993443 0.99353 0.993617 0.993703 0.993789 0.993875
          0.99396 0.994045 0.99413 0.994215 0.994299 0.994383 0.994466 0.99455 0.987698 0.987788 0.987878 0.987968
          0.988059 0.98815 0.988242 0.988334 0.988426 0.988518 0.988611 0.988703 0.988796 0.988889 0.988983 0.989076
          0.98917 0.989264 0.989358 0.989452 0.989547 0.989641 0.989736 0.98983 0.989925 0.99002 0.990114 0.990209
          0.990304 0.990399 0.990493 0.990588 0.990682 0.990777 0.990871 0.990965 0.99106 0.991154 0.991247 0.991341
          0.991435 0.991528 0.991621 0.991714 0.991807 0.991899 0.991992 0.992083 0.992175 0.992267 0.992358 0.992449
          0.99254 0.99263 0.99272 0.99281 0.992899 0.992989 0.993078 0.993166 0.993254 0.993343 0.99343 0.993518
          0.993605 0.993691 0.993778 0.993864 0.993949 0.994035 0.99412 0.994205 0.994289 0.994373 0.994457 0.994541
          0.987625 0.987716 0.987807 0.987899 0.987991 0.988084 0.988177 0.98827 0.988363 0.988456 0.98855 0.988644
          0.988738 0.988833 0.988928 0.989022 0.989117 0.989212 0.989308 0.989403 0.989499 0.989594 0.98969 0.989786
          0.989882 0.989977 0.990073 0.990169 0.990265 0.990361 0.990456 0.990552 0.990648 0.990743 0.990839 0.990934
          0.991029 0.991124 0.991219 0.991313 0.991408 0.991502 0.991596 0.99169 0.991783 0.991876 0.991969 0.992062
          0.992154 0.992247 0.992338 0.99243 0.992521 0.992612 0.992703 0.992793 0.992883 0.992973 0.993062 0.993152
          0.99324 0.993329 0.993417 0.993505 0.993592 0.993679 0.993766 0.993852 0.993938 0.994024 0.99411 0.994195
          0.994279 0.994364 0.994448 0.994532 0.987548 0.987641 0.987734 0.987827 0.98792 0.988014 0.988108 0.988202
          0.988297 0.988392 0.988487 0.988582 0.988678 0.988773 0.988869 0.988965 0.989062 0.989158 0.989255 0.989351
          0.989448 0.989545 0.989642 0.989739 0.989836 0.989933 0.99003 0.990127 0.990224 0.990321 0.990418 0.990515
          0.990611 0.990708 0.990804 0.990901 0.990997 0.991093 0.991189 0.991284 0.991379 0.991475 0.991569 0.991664
          0.991758 0.991852 0.991946 0.99204 0.992133 0.992226 0.992318 0.992411 0.992503 0.992594 0.992685 0.992776
          0.992867 0.992957 0.993047 0.993137 0.993226 0.993315 0.993403 0.993491 0.993579 0.993667 0.993754 0.993841
          0.993927 0.994013 0.994099 0.994184 0.994269 0.994354 0.994438 0.994522 0.987468 0.987562 0.987656 0.987751
          0.987846 0.987941 0.988036 0.988132 0.988228 0.988324 0.98842 0.988517 0.988614 0.988711 0.988808 0.988906
          0.989003 0.989101 0.989199 0.989297 0.989395 0.989493 0.989592 0.98969 0.989788 0.989887 0.989985 0.990083
          0.990182 0.99028 0.990378 0.990476 0.990574 0.990672 0.990769 0.990867 0.990964 0.991061 0.991158 0.991254
          0.99135 0.991447 0.991542 0.991638 0.991733 0.991828 0.991923 0.992017 0.992111 0.992204 0.992298 0.992391
          0.992483 0.992576 0.992667 0.992759 0.99285 0.992941 0.993031 0.993121 0.993211 0.9933 0.993389 0.993478
          0.993566 0.993654 0.993742 0.993829 0.993916 0.994002 0.994088 0.994174 0.994259 0.994344 0.994429 0.994513
          0.987385 0.98748 0.987576 0.987671 0.987768 0.987864 0.987961 0.988058 0.988155 0.988253 0.988351 0.988449
          0.988547 0.988646 0.988744 0.988843 0.988942 0.989042 0.989141 0.98924 0.98934 0.989439 0.989539 0.989639
          0.989739 0.989838 0.989938 0.990038 0.990137 0.990237 0.990336 0.990435 0.990535 0.990634 0.990732 0.990831
          0.990929 0.991028 0.991125 0.991223 0.99132 0.991418 0.991514 0.991611 0.991707 0.991803 0.991898 0.991993
          0.992088 0.992183 0.992277 0.99237 0.992464 0.992557 0.992649 0.992741 0.992833 0.992924 0.993015 0.993106
          0.993196 0.993286 0.993375 0.993465 0.993553 0.993641 0.993729 0.993817 0.993904 0.993991 0.994077 0.994163
          0.994249 0.994334 0.994419 0.994504 0.987297 0.987394 0.987491 0.987588 0.987686 0.987784 0.987882 0.987981
          0.98808 0.988179 0.988278 0.988378 0.988477 0.988577 0.988678 0.988778 0.988879 0.988979 0.98908 0.989181
          0.989282 0.989383 0.989484 0.989586 0.989687 0.989788 0.989889 0.98999 0.990091 0.990192 0.990293 0.990394
          0.990494 0.990594 0.990694 0.990794 0.990894 0.990993 0.991092 0.991191 0.99129 0.991388 0.991486 0.991583
          0.99168 0.991777 0.991874 0.99197 0.992065 0.99216 0.992255 0.99235 0.992444 0.992537 0.992631 0.992723
          0.992816 0.992908 0.992999 0.99309 0.993181 0.993272 0.993361 0.993451 0.99354 0.993629 0.993717 0.993805
          0.993892 0.99398 0.994066 0.994153 0.994239 0.994324 0.99441 0.994494 0.987207 0.987305 0.987403 0.987502
          0.987601 0.987701 0.9878 0.9879 0.988001 0.988101 0.988202 0.988303 0.988405 0.988506 0.988608 0.98871
          0.988812 0.988914 0.989017 0.989119 0.989222 0.989324 0.989427 0.98953 0.989633 0.989735 0.989838 0.989941
          0.990043 0.990146 0.990248 0.99035 0.990452 0.990554 0.990655 0.990757 0.990858 0.990958 0.991059 0.991159
          0.991258 0.991358 0.991457 0.991555 0.991653 0.991751 0.991848 0.991945 0.992042 0.992138 0.992234 0.992329
          0.992424 0.992518 0.992612 0.992705 0.992798 0.992891 0.992983 0.993075 0.993166 0.993257 0.993347 0.993437
          0.993527 0.993616 0.993705 0.993793 0.993881 0.993968 0.994055 0.994142 0.994228 0.994314 0.9944 0.994485
          0.987112 0.987211 0.987311 0.987412 0.987512 0.987613 0.987715 0.987816 0.987918 0.98802 0.988123 0.988225
          0.988328 0.988432 0.988535 0.988639 0.988742 0.988846 0.98895 0.989055 0.989159 0.989263 0.989368 0.989472
          0.989577 0.989681 0.989785 0.98989 0.989994 0.990098 0.990202 0.990305 0.990409 0.990512 0.990615 0.990718
          0.99082 0.990922 0.991024 0.991125 0.991226 0.991327 0.991427 0.991527 0.991626 0.991725 0.991823 0.991921
          0.992018 0.992115 0.992212 0.992308 0.992404 0.992499 0.992593 0.992687 0.992781 0.992874 0.992967 0.993059
          0.993151 0.993242 0.993333 0.993424 0.993514 0.993603 0.993692 0.993781 0.993869 0.993957 0.994045 0.994132
          0.994218 0.994304 0.99439 0.994476 0.987013 0.987114 0.987216 0.987318 0.98742 0.987523 0.987625 0.987729
          0.987832 0.987936 0.98804 0.988144 0.988249 0.988354 0.988459 0.988564 0.98867 0.988776 0.988881 0.988987
          0.989093 0.9892 0.989306 0.989412 0.989518 0.989625 0.989731 0.989837 0.989943 0.990048 0.990154 0.990259
          0.990364 0.990469 0.990574 0.990678 0.990782 0.990886 0.990989 0.991091 0.991194 0.991296 0.991397 0.991498
          0.991598 0.991698 0.991798 0.991896 0.991995 0.992093 0.99219 0.992287 0.992383 0.992479 0.992575 0.992669
          0.992764 0.992858 0.992951 0.993044 0.993136 0.993228 0.993319 0.99341 0.993501 0.993591 0.99368 0.993769
          0.993858 0.993946 0.994034 0.994121 0.994208 0.994295 0.994381 0.994466 0.986911 0.987013 0.987117 0.98722
          0.987324 0.987428 0.987532 0.987637 0.987743 0.987848 0.987954 0.98806 0.988166 0.988273 0.98838 0.988487
          0.988594 0.988702 0.98881 0.988917 0.989025 0.989133 0.989242 0.98935 0.989458 0.989566 0.989674 0.989782
          0.98989 0.989997 0.990105 0.990212 0.990319 0.990425 0.990532 0.990638 0.990743 0.990848 0.990953 0.991057
          0.991161 0.991264 0.991367 0.991469 0.99157 0.991672 0.991772 0.991872 0.991971 0.99207 0.992169 0.992266
          0.992363 0.99246 0.992556 0.992652 0.992747 0.992841 0.992935 0.993028 0.993121 0.993214 0.993306 0.993397
          0.993488 0.993578 0.993668 0.993758 0.993847 0.993935 0.994023 0.994111 0.994198 0.994285 0.994371 0.994457
          0.986804 0.986908 0.987013 0.987118 0.987224 0.98733 0.987436 0.987542 0.987649 0.987756 0.987864 0.987972
          0.98808 0.988189 0.988297 0.988406 0.988516 0.988625 0.988735 0.988845 0.988955 0.989065 0.989175 0.989285
          0.989395 0.989505 0.989615 0.989725 0.989835 0.989945 0.990054 0.990163 0.990272 0.990381 0.990489 0.990596
          0.990704 0.990811 0.990917 0.991023 0.991128 0.991232 0.991336 0.99144 0.991543 0.991645 0.991747 0.991848
          0.991948 0.992048 0.992147 0.992246 0.992344 0.992441 0.992538 0.992634 0.99273 0.992825 0.992919 0.993013
          0.993107 0.9932 0.993292 0.993384 0.993475 0.993566 0.993656 0.993746 0.993835 0.993924 0.994013 0.994101
          0.994188 0.994275 0.994362 0.994448 0.986693 0.986799 0.986906 0.987013 0.98712 0.987227 0.987335 0.987443
          0.987552 0.987661 0.987771 0.98788 0.98799 0.988101 0.988212 0.988322 0.988434 0.988545 0.988657 0.988769
          0.988881 0.988993 0.989106 0.989218 0.98933 0.989443 0.989555 0.989667 0.989779 0.989891 0.990002 0.990114
          0.990225 0.990335 0.990445 0.990555 0.990664 0.990772 0.99088 0.990988 0.991095 0.991201 0.991306 0.991411
          0.991515 0.991619 0.991722 0.991824 0.991925 0.992026 0.992126 0.992226 0.992324 0.992423 0.99252 0.992617
          0.992713 0.992809 0.992904 0.992999 0.993093 0.993186 0.993279 0.993371 0.993463 0.993554 0.993645 0.993735
          0.993825 0.993914 0.994003 0.994091 0.994179 0.994266 0.994353 0.994439 0.986579 0.986686 0.986794 0.986903
          0.987011 0.987121 0.98723 0.98734 0.987451 0.987562 0.987673 0.987785 0.987897 0.988009 0.988122 0.988235
          0.988348 0.988462 0.988576 0.98869 0.988804 0.988919 0.989034 0.989148 0.989263 0.989378 0.989492 0.989607
          0.989721 0.989836 0.989949 0.990063 0.990176 0.990289 0.990401 0.990513 0.990624 0.990734 0.990844 0.990954
          0.991062 0.99117 0.991277 0.991383 0.991489 0.991593 0.991697 0.991801 0.991903 0.992005 0.992106 0.992206
          0.992306 0.992405 0.992503 0.992601 0.992697 0.992794 0.992889 0.992984 0.993079 0.993173 0.993266 0.993359
          0.993451 0.993542 0.993634 0.993724 0.993814 0.993904 0.993993 0.994081 0.994169 0.994257 0.994344 0.994431
          0.986459 0.986569 0.986678 0.986788 0.986899 0.98701 0.987121 0.987233 0.987346 0.987458 0.987572 0.987685
          0.987799 0.987914 0.988029 0.988144 0.988259 0.988375 0.988491 0.988608 0.988725 0.988842 0.988959 0.989076
          0.989193 0.989311 0.989428 0.989545 0.989662 0.989779 0.989895 0.990011 0.990127 0.990242 0.990357 0.990471
          0.990584 0.990697 0.990808 0.99092 0.99103 0.991139 0.991248 0.991356 0.991462 0.991568 0.991674 0.991778
          0.991882 0.991984 0.992086 0.992188 0.992288 0.992388 0.992486 0.992585 0.992682 0.992779 0.992875 0.992971
          0.993066 0.99316 0.993254 0.993347 0.993439 0.993531 0.993623 0.993714 0.993804 0.993894 0.993983 0.994072
          0.99416 0.994248 0.994335 0.994422 0.986336 0.986447 0.986558 0.98667 0.986782 0.986895 0.987008 0.987122
          0.987236 0.987351 0.987466 0.987581 0.987698 0.987814 0.987931 0.988049 0.988166 0.988285 0.988403 0.988522
          0.988642 0.988761 0.988881 0.989001 0.989121 0.989241 0.989361 0.989481 0.989601 0.989721 0.98984 0.989959
          0.990077 0.990195 0.990312 0.990429 0.990545 0.990659 0.990773 0.990886 0.990999 0.99111 0.99122 0.991329
          0.991437 0.991545 0.991651 0.991757 0.991861 0.991965 0.992068 0.99217 0.992271 0.992371 0.992471 0.99257
          0.992668 0.992765 0.992862 0.992958 0.993053 0.993148 0.993242 0.993335 0.993428 0.993521 0.993612 0.993703
          0.993794 0.993884 0.993974 0.994063 0.994151 0.994239 0.994327 0.994414 0.986213 0.986324 0.986437 0.986549
          0.986662 0.986776 0.98689 0.987006 0.987122 0.987238 0.987356 0.987473 0.987592 0.98771 0.98783 0.987949
          0.988069 0.98819 0.988311 0.988433 0.988555 0.988677 0.9888 0.988923 0.989046 0.989169 0.989292 0.989416
          0.989539 0.989662 0.989784 0.989906 0.990027 0.990148 0.990268 0.990387 0.990506 0.990623 0.990739 0.990855
          0.990969 0.991082 0.991193 0.991304 0.991414 0.991522 0.99163 0.991737 0.991842 0.991947 0.99205 0.992153
          0.992255 0.992356 0.992456 0.992556 0.992654 0.992752 0.992849 0.992946 0.993041 0.993137 0.993231 0.993325
          0.993418 0.99351 0.993602 0.993694 0.993785 0.993875 0.993965 0.994054 0.994143 0.994231 0.994319 0.994406
          0.986147 0.986244 0.986347 0.986452 0.986559 0.986667 0.986778 0.986892 0.987007 0.987125 0.987243 0.987362
          0.987482 0.987603 0.987724 0.987845 0.987968 0.988091 0.988215 0.988339 0.988464 0.98859 0.988715 0.988842
          0.988968 0.989094 0.989221 0.989348 0.989474 0.989601 0.989727 0.989853 0.989978 0.990102 0.990225 0.990347
          0.990468 0.990588 0.990707 0.990824 0.990941 0.991055 0.991169 0.991281 0.991392 0.991502 0.991611 0.991718
          0.991825 0.99193 0.992035 0.992138 0.99224 0.992342 0.992443 0.992543 0.992642 0.99274 0.992838 0.992934
          0.99303 0.993126 0.993221 0.993315 0.993408 0.993501 0.993593 0.993685 0.993776 0.993867 0.993957 0.994046
          0.994135 0.994223 0.994311 0.994399 0.98679 0.986603 0.986621 0.986662 0.986707 0.98676 0.986819 0.986889
          0.98697 0.987062 0.987164 0.987274 0.987389 0.987506 0.987624 0.987744 0.987865 0.987989 0.988115 0.988242
          0.98837 0.988498 0.988627 0.988757 0.988886 0.989017 0.989147 0.989278 0.989408 0.989539 0.989669 0.989799
          0.989928 0.990056 0.990183 0.990309 0.990433 0.990556 0.990677 0.990797 0.990915 0.991032 0.991147 0.991261
          0.991373 0.991484 0.991593 0.991702 0.991809 0.991915 0.99202 0.992124 0.992227 0.992329 0.992431 0.992531
          0.99263 0.992729 0.992827 0.992924 0.99302 0.993116 0.993211 0.993305 0.993399 0.993492 0.993585 0.993676
          0.993768 0.993858 0.993949 0.994038 0.994127 0.994216 0.994304 0.994392 0.999996 0.990432 0.989497 0.989273
          0.989062 0.98884 0.98859 0.98834 0.988076 0.987854 0.987653 0.987505 0.987549 0.987616 0.987689 0.987766
          0.987851 0.987945 0.988049 0.988163 0.988284 0.988411 0.988541 0.988671 0.988803 0.988936 0.98907 0.989205
          0.98934 0.989476 0.989611 0.989745 0.989879 0.990012 0.990143 0.990273 0.9904 0.990526 0.990651 0.990773
          0.990893 0.991011 0.991128 0.991243 0.991356 0.991468 0.991579 0.991688 0.991796 0.991902 0.992008 0.992112
          0.992216 0.992318 0.99242 0.99252 0.99262 0.992719 0.992817 0.992915 0.993011 0.993107 0.993202 0.993297
          0.993391 0.993484 0.993576 0.993668 0.99376 0.993851 0.993941 0.994031 0.99412 0.994209 0.994297 0.994385
          0.999996 0.999996 0.999996 0.999996 0.999996 0.999996 0.999996 0.999996 0.999996 0.999996 0.999996 0.990872
          0.989918 0.989733 0.989569 0.989388 0.989189 0.988982 0.988792 0.98864 0.988527 0.988476 0.988563 0.988665
          0.988773 0.988887 0.989008 0.989137 0.989273 0.989412 0.989552 0.989692 0.989831 0.989969 0.990106 0.990241
          0.990373 0.990502 0.990629 0.990753 0.990875 0.990995 0.991113 0.991229 0.991343 0.991456 0.991567 0.991676
          0.991785 0.991892 0.991998 0.992102 0.992206 0.992309 0.992411 0.992511 0.992611 0.99271 0.992809 0.992906
          0.993003 0.993099 0.993194 0.993289 0.993383 0.993476 0.993569 0.993661 0.993753 0.993844 0.993934 0.994024
          0.994113 0.994202 0.994291 0.994378 0.999996 0.999996 0.999996 0.999996 0.999996 0.999996 0.999996 0.999996
          0.999996 0.999996 0.999996 0.999996 0.999996 0.999996 0.999996 0.999996 0.999996 0.999996 0.999996 0.999996
          0.999996 0.990857 0.990107 0.989977 0.989859 0.989726 0.98959 0.989474 0.98941 0.989397 0.989512 0.989647
          0.989786 0.989931 0.990075 0.990215 0.990352 0.990485 0.990614 0.99074 0.990863 0.990984 0.991102 0.991219
          0.991333 0.991446 0.991558 0.991668 0.991776 0.991884 0.99199 0.992094 0.992198 0.992301 0.992403 0.992504
          0.992604 0.992703 0.992801 0.992899 0.992996 0.993092 0.993187 0.993282 0.993376 0.993469 0.993562 0.993654
          0.993746 0.993837 0.993928 0.994018 0.994107 0.994196 0.994284 0.994372 0.999996 0.999996 0.999996 0.999996
          0.999996 0.999996 0.999996 0.999996 0.999996 0.999996 0.999996 0.999996 0.999996 0.999996 0.999996 0.999996
          0.999996 0.999996 0.999996 0.999996 0.999996 0.999996 0.999996 0.999996 0.999996 0.999996 0.999996 0.999996
          0.999996 0.991777 0.990178 0.990041 0.989956 0.98994 0.990061 0.990204 0.990343 0.990477 0.990607 0.990734
          0.990857 0.990978 0.991097 0.991213 0.991328 0.991441 0.991552 0.991662 0.991771 0.991878 0.991984 0.992089
          0.992192 0.992295 0.992397 0.992498 0.992598 0.992697 0.992795 0.992893 0.99299 0.993086 0.993181 0.993276
          0.99337 0.993463 0.993556 0.993648 0.99374 0.993831 0.993922 0.994012 0.994101 0.99419 0.994279 0.994367
          0.999996 0.999996 0.999996 0.999996 0.999996 0.999996 0.999996 0.999996 0.999996 0.999996 0.999996 0.999996
          0.999996 0.999996 0.999996 0.999996 0.999996 0.999996 0.999996 0.999996 0.999996 0.999996 0.999996 0.999996
          0.999996 0.999996 0.999996 0.999996 0.999996 0.999996 0.999996 0.999996 0.999996 0.999996 0.991137 0.990261
          0.990345 0.990476 0.990606 0.990732 0.990855 0.990976 0.991095 0.991211 0.991326 0.991439 0.99155 0.99166
          0.991768 0.991875 0.991981 0.992086 0.99219 0.992292 0.992394 0.992495 0.992595 0.992694 0.992793 0.99289
          0.992987 0.993083 0.993179 0.993273 0.993367 0.993461 0.993554 0.993646 0.993738 0.993829 0.99392 0.99401
          0.994099 0.994188 0.994277 0.994365
        </DataArray>
        <DataArray type="Float32" Name="x^H2_gas" NumberOfComponents="1" format="ascii">
          0 0 0 0 0 0 0 0 0 0 0 0
          0 0 0 0 0 0 0 0 0 0 0 0
          0 0 0 0 0 0 0 0 0 0 0 0
          0 0 0 0 0 0 0 0 0 0 0 0
          0 0 0 0 0 0 0 0 0 0 0 0
          0 0 0 0 0 0 0 0 0 0 0 0
          0 0 0 0 0 0 0 0 0 0 0 0
          0 0 0 0 0 0 0 0 0 0 0 0
          0 0 0 0 0 0 0 0 0 0 0 0
          0 0 0 0 0 0 0 0 0 0 0 0
          0 0 0 0 0 0 0 0 0 0 0 0
          0 0 0 0 0 0 0 0 0 0 0 0
          0 0 0 0 0 0 0 0 0 0 0 0
          0 0 0 0 0 0 0 0 0 0 0 0
          0 0 0 0 0 0 0 0 0 0 0 0
          0 0 0 0 0 0 0 0 0 0 0 0
          0 0 0 0 0 0 0 0 0 0 0 0
          0 0 0 0 0 0 0 0 0 0 0 0
          0 0 0 0 0 0 0 0 0 0 0 0
          0 0 0 0 0 0 0 0 0 0 0 0
          0 0 0 0 0 0 0 0 0 0 0 0
          0 0 0 0 0 0 0 0 0 0 0 0
          0 0 0 0 0 0 0 0 0 0 0 0
          0 0 0 0 0 0 0 0 0 0 0 0
          0 0 0 0 0 0 0 0 0 0 0 0
          0 0 0 0 0 0 0 0 0 0 0 0
          0 0 0 0 0 0 0 0 0 0 0 0
          0 0 0 0 0 0 0 0 0 0 0 0
          0 0 0 0 0 0 0 0 0 0 0 0
          0 0 0 0 0 0 0 0 0 0 0 0
          0 0 0 0 0 0 0 0 0 0 0 0
          0 0 0 0 0 0 0 0 0 0 0 0
          0 0 0 0 0 0 0 0 0 0 0 0
          0 0 0 0 0 0 0 0 0 0 0 0
          0 0 0 0 0 0 0 0 0 0 0 0
          0 0 0 0 0 0 0 0 0 0 0 0
          0 0 0 0 0 0 0 0 0 0 0 0
          0 0 0 0 0 0 0 0 0 0 0 0
          0 0 0 0 0 0 0 0 0 0 0 0
          0 0 0 0 0 0 0 0 0 0 0 0
          0 0 0 0 0 0 0 0 0 0 0 0
          0 0 0 0 0 0 0 0 0 0 0 0
          0 0 0 0 0 0 0 0 0 0 0 0
          0 0 0 0 0 0 0 0 0 0 0 0
          0 0 0 0 0 0 0 0 0 0 0 0
          0 0 0 0 0 0 0 0 0 0 0 0
          0 0 0 0 0 0 0 0 0 0 0 0
          0 0 0 0 0 0 0 0 0 0 0 0
          0 0 0 0 0 0 0 0 0 0 0 0
          0 0 0 0 0 0 0 0 0 0 0 0
          0 0 0 0 0 0 0 0 0 0 0 0
          0 0 0 0 0 0 0 0 0 0 0 0
          0 0 0 0 0 0 0 0 0 0 0 0
          0 0 0 0 0 0 0 0 0 0 0 0
          0 0 0 0 0 0 0 0 0 0 0 0
          0 0 0 0 0 0 0 0 0 0 0 0
          0 0 0 0 0 0 0 0 0 0 0 0
          0 0 0 0 0 0 0 0 0 0 0 0
          0 0 0 0 0 0 0 0 0 0 0 0
          0 0 0 0 0 0 0 0 0 0 0 0
          0 0 0 0 0 0 0 0 0 0 0 0
          0 0 0 0 0 0 0 0 0 0 0 0
          0 0 0 0 0 0 0 0 0 0 0 0
          0 0 0 0 0 0 0 0 0 0 0 0
          0 0 0 0 0 0 0 0 0 0 0 0
          0 0 0 0 0 0 0 0 0 0 0 0
          0 0 0 0 0 0 0 0 0 0 0 0
          0 0 0 0 0 0 0 0 0 0 0 0
          0 0 0 0 0 0 0 0 0 0 0 0
          0 0 0 0 0 0 0 0 0 0 0 0
          0 0 0 0 0 0 0 0 0 0 0 0
          0 0 0 0 0 0 0 0 0 0 0 0
          0 0 0 0 0 0 0 0 0 0 0 0
          0 0 0 0 0 0 0 0 0 0 0 0
          0 0 0 0 0 0 0 0 0 0 0 0
          0 0 0 0 0 0 0 0 0 0 0 0
          0 0 0 0 0 0 0 0 0 0 0 0
          0 0 0 0 0 0 0 0 0 0 0 0
          0 0 0 0 0 0 0 0 0 0 0 0
          0 0 0 0 0 0 0 0 0 0 0 0
          0 0 0 0 0 0 0 0 0 0 0 0
          0 0 0 0 0 0 0 0 0 0 0 0
          0 0 0 0 0 0 0 0 0 0 0 0
          0 0 0 0 0 0 0 0 0 0 0 0
          0 0 0 0 0 0 0 0 0 0 0 0
          0 0 0 0 0 0 0 0 0 0 0 0
          0 0 0 0 0 0 0 0 0 0 0 0
          0 0 0 0 0 0 0 0 0 0 0 0
          0 0 0 0 0 0 0 0 0 0 0 0
          0 0 0 0 0 0 0 0 0 0 0 0
          0 0 0 0 0 0 0 0 0 0 0 0
          0 0 0 0 0 0 0 0 0 0 0 0
          0 0 0 0 0 0 0 0 0 0 0 0
          0 0 0 0 0 0 0 0 0 0 0 0
          0 0 0 0 0 0 0 0 0 0 0 0
          0 0 0 0 0 0 0 0 0 0 0 0
          0 0 0 0 0 0 0 0 0 0 0 0
          0 0 0 0 0 0 0 0 0 0 0 0
          0 0 0 0 0 0 0 0 0 0 0 0
          0 0 0 0 0 0 0 0 0 0 0 0
          0 0 0 0 0 0 0 0 0 0 0 0
          0 0 0 0 0 0 0 0 0 0 0 0
          0 0 0 0 0 0 0 0 0 0 0 0
          0 0 0 0 0 0 0 0 0 0 0 0
          0 0 0 0 0 0 0 0 0 0 0 0
          0 0 0 0 0 0 0 0 0 0 0 0
          0 0 0 0 0 0 0 0 0 0 0 0
          0 0 0 0 0 0 0 0 0 0 0 0
          0 0 0 0 0 0 0 0 0 0 0 0
          0 0 0 0 0 0 0 0 0 0 0 0
          0 0 0 0 0 0 0 0 0 0 0 0
          0 0 0 0 0 0 0 0 0 0 0 0
          0 0 0 0 0 0 0 0 0 0 0 0
          0 0 0 0 0 0 0 0 0 0 0 0
          0 0 0 0 0 0 0 0 0 0 0 0
          0 0 0 0 0 0 0 0 0 0 0 0
          0 0 0 0 0 0 0 0 0 0 0 0
          0 0 0 0 0 0 0 0 0 0 0 0
          0 0 0 0 0 0 0 0 0 0 0 0
          0 0 0 0 0 0 0 0 0 0 0 0
          0 0 0 0 0 0 0 0 0 0 0 0
          0 0 0 0 0 0 0 0 0 0 0 0
          0 0 0 0 0 0 0 0 0 0 0 0
          0 0 0 0 0 0 0 0 0 0 0 0
          0 0 0 0 0 0 0 0 0 0 0 0
          0 0 0 0 0 0 0 0 0 0 0 0
          0 0 0 0 0 0 0 0 0 0 0 0
          0 0 0 0 0 0 0 0 0 0 0 0
          0 0 0 0 0 0 0 0 0 0 0 0
          0 0 0 0 0 0 0 0 0 0 0 0
          0 0 0 0 0 0 0 0 0 0 0 0
          0 0 0 0 0 0 0 0 0 0 0 0
          0 0 0 0 0 0 0 0 0 0 0 0
          0 0 0 0 0 0 0 0 0 0 0 0
          0 0 0 0 0 0 0 0 0 0 0 0
          0 0 0 0 0 0 0 0 0 0 0 0
          0 0 0 0 0 0 0 0 0 0 0 0
          0 0 0 0 0 0 0 0 0 0 0 0
          0 0 0 0 0 0 0 0 0 0 0 0
          0 0 0 0 0 0 0 0 0 0 0 0
          0 0 0 0 0 0 0 0 0 0 0 0
          0 0 0 0 0 0 0 0 0 0 0 0
          0 0 0 0 0 0 0 0 0 0 0 0
          0 0 0 0 0 0 0 0 0 0 0 0
          0 0 0 0 0 0 0 0 0 0 0 0
          0 0 0 0 0 0 0 0 0 0 0 0
          0 0 0 0 0 0 0 0 0 0 0 0
          0 0 0 0 0 0 0 0 0 0 0 0
          0 0 0 0 0 0 0 0 0 0 0 0
          0 0 0 0 0 0 0 0 0 0 0 0
          0 0 0 0 0 0 0 0 0 0 0 0
          0 0 0 0 0 0 0 0 0 0 0 0
          0 0 0 0 0 0 0 0 0 0 0 0
          0 0 0 0 0 0 0 0 0 0 0 0
          0 0 0 0 0 0 0 0 0 0 0 0
          0 0 0 0 0 0 0 0 0 0 0 0
          0 0 0 0 0 0 0 0 0 0 0 0
          0 0 0 0 0 0 0 0 0 0 0 0
          0 0 0 0 0 0 0 0 0 0 0 0
          0 0 0 0 0 0 0 0 0 0 0 0
          0 0 0 0 0 0 0 0 0 0 0 0
          0 0 0 0 0 0 0 0 0 0 0 0
          0 0 0 0 0 0 0 0 0 0 0 0
          0 0 0 0 0 0 0 0 0 0 0 0
          0 0 0 0 0 0 0 0 0 0 0 0
          0 0 0 0 0 0 0 0 0 0 0 0
          0 0 0 0 0 0 0 0 0 0 0 0
          0 0 0 0 0 0 0 0 0 0 0 0
          0 0 0 0 0 0 0 0 0 0 0 0
          0 0 0 0 0 0 0 0 0 0 0 0
          0 0 0 0 0 0 0 0 0 0 0 0
          0 0 0 0 0 0 0 0 0 0 0 0
          0 0 0 0 0 0 0 0 0 0 0 0
          0 0 0 0 0 0 0 0 0 0 0 0
          0 0 0 0 0 0 0 0 0 0 0 0
          0 0 0 0 0 0 0 0 0 0 0 0
          0 0 0 0 0 0 0 0 0 0 0 0
          0 0 0 0 0 0 0 0 0 0 0 0
          0 0 0 0 0 0 0 0 0 0 0 0
          0 0 0 0 0 0 0 0 0 0 0 0
          0 0 0 0 0 0 0 0 0 0 0 0
          0 0 0 0 0 0 0 0 0 0 0 0
          0 0 0 0 0 0 0 0 0 0 0 0
          0 0 0 0 0 0 0 0 0 0 0 0
          0 0 0 0 0 0 0 0 0 0 0 0
          0 0 0 0 0 0 0 0 0 0 0 0
          0 0 0 0 0 0 0 0 0 0 0 0
          0 0 0 0 0 0 0 0 0 0 0 0
          0 0 0 0 0 0 0 0 0 0 0 0
          0 0 0 0 0 0 0 0 0 0 0 0
          0 0 0 0 0 0 0 0 0 0 0 0
          0 0 0 0 0 0 0 0 0 0 0 0
          0 0 0 0 0 0 0 0 0 0 0 0
          0 0 0 0 0 0 0 0 0 0 0 0
          0 0 0 0 0 0 0 0 0 0 0 0
          0 0 0 0 0 0 0 0 0 0 0 0
          0 0 0 0
        </DataArray>
        <DataArray type="Float32" Name="x^CO2_gas" NumberOfComponents="1" format="ascii">
          0 0 0 0 0 0 0 0 0 0 0 0
          0 0 0 0 0 0 0 0 0 0 0 0
          0 0 0 0 0 0 0 0 0 0 0 0
          0 0 0 0 0 0 0 0 0 0 0 0
          0 0 0 0 0 0 0 0 0 0 0 0
          0 0 0 0 0 0 0 0 0 0 0 0
          0 0 0 0 0 0 0 0 0 0 0 0
          0 0 0 0 0 0 0 0 0 0 0 0
          0 0 0 0 0 0 0 0 0 0 0 0
          0 0 0 0 0 0 0 0 0 0 0 0
          0 0 0 0 0 0 0 0 0 0 0 0
          0 0 0 0 0 0 0 0 0 0 0 0
          0 0 0 0 0 0 0 0 0 0 0 0
          0 0 0 0 0 0 0 0 0 0 0 0
          0 0 0 0 0 0 0 0 0 0 0 0
          0 0 0 0 0 0 0 0 0 0 0 0
          0 0 0 0 0 0 0 0 0 0 0 0
          0 0 0 0 0 0 0 0 0 0 0 0
          0 0 0 0 0 0 0 0 0 0 0 0
          0 0 0 0 0 0 0 0 0 0 0 0
          0 0 0 0 0 0 0 0 0 0 0 0
          0 0 0 0 0 0 0 0 0 0 0 0
          0 0 0 0 0 0 0 0 0 0 0 0
          0 0 0 0 0 0 0 0 0 0 0 0
          0 0 0 0 0 0 0 0 0 0 0 0
          0 0 0 0 0 0 0 0 0 0 0 0
          0 0 0 0 0 0 0 0 0 0 0 0
          0 0 0 0 0 0 0 0 0 0 0 0
          0 0 0 0 0 0 0 0 0 0 0 0
          0 0 0 0 0 0 0 0 0 0 0 0
          0 0 0 0 0 0 0 0 0 0 0 0
          0 0 0 0 0 0 0 0 0 0 0 0
          0 0 0 0 0 0 0 0 0 0 0 0
          0 0 0 0 0 0 0 0 0 0 0 0
          0 0 0 0 0 0 0 0 0 0 0 0
          0 0 0 0 0 0 0 0 0 0 0 0
          0 0 0 0 0 0 0 0 0 0 0 0
          0 0 0 0 0 0 0 0 0 0 0 0
          0 0 0 0 0 0 0 0 0 0 0 0
          0 0 0 0 0 0 0 0 0 0 0 0
          0 0 0 0 0 0 0 0 0 0 0 0
          0 0 0 0 0 0 0 0 0 0 0 0
          0 0 0 0 0 0 0 0 0 0 0 0
          0 0 0 0 0 0 0 0 0 0 0 0
          0 0 0 0 0 0 0 0 0 0 0 0
          0 0 0 0 0 0 0 0 0 0 0 0
          0 0 0 0 0 0 0 0 0 0 0 0
          0 0 0 0 0 0 0 0 0 0 0 0
          0 0 0 0 0 0 0 0 0 0 0 0
          0 0 0 0 0 0 0 0 0 0 0 0
          0 0 0 0 0 0 0 0 0 0 0 0
          0 0 0 0 0 0 0 0 0 0 0 0
          0 0 0 0 0 0 0 0 0 0 0 0
          0 0 0 0 0 0 0 0 0 0 0 0
          0 0 0 0 0 0 0 0 0 0 0 0
          0 0 0 0 0 0 0 0 0 0 0 0
          0 0 0 0 0 0 0 0 0 0 0 0
          0 0 0 0 0 0 0 0 0 0 0 0
          0 0 0 0 0 0 0 0 0 0 0 0
          0 0 0 0 0 0 0 0 0 0 0 0
          0 0 0 0 0 0 0 0 0 0 0 0
          0 0 0 0 0 0 0 0 0 0 0 0
          0 0 0 0 0 0 0 0 0 0 0 0
          0 0 0 0 0 0 0 0 0 0 0 0
          0 0 0 0 0 0 0 0 0 0 0 0
          0 0 0 0 0 0 0 0 0 0 0 0
          0 0 0 0 0 0 0 0 0 0 0 0
          0 0 0 0 0 0 0 0 0 0 0 0
          0 0 0 0 0 0 0 0 0 0 0 0
          0 0 0 0 0 0 0 0 0 0 0 0
          0 0 0 0 0 0 0 0 0 0 0 0
          0 0 0 0 0 0 0 0 0 0 0 0
          0 0 0 0 0 0 0 0 0 0 0 0
          0 0 0 0 0 0 0 0 0 0 0 0
          0 0 0 0 0 0 0 0 0 0 0 0
          0 0 0 0 0 0 0 0 0 0 0 0
          0 0 0 0 0 0 0 0 0 0 0 0
          0 0 0 0 0 0 0 0 0 0 0 0
          0 0 0 0 0 0 0 0 0 0 0 0
          0 0 0 0 0 0 0 0 0 0 0 0
          0 0 0 0 0 0 0 0 0 0 0 0
          0 0 0 0 0 0 0 0 0 0 0 0
          0 0 0 0 0 0 0 0 0 0 0 0
          0 0 0 0 0 0 0 0 0 0 0 0
          0 0 0 0 0 0 0 0 0 0 0 0
          0 0 0 0 0 0 0 0 0 0 0 0
          0 0 0 0 0 0 0 0 0 0 0 0
          0 0 0 0 0 0 0 0 0 0 0 0
          0 0 0 0 0 0 0 0 0 0 0 0
          0 0 0 0 0 0 0 0 0 0 0 0
          0 0 0 0 0 0 0 0 0 0 0 0
          0 0 0 0 0 0 0 0 0 0 0 0
          0 0 0 0 0 0 0 0 0 0 0 0
          0 0 0 0 0 0 0 0 0 0 0 0
          0 0 0 0 0 0 0 0 0 0 0 0
          0 0 0 0 0 0 0 0 0 0 0 0
          0 0 0 0 0 0 0 0 0 0 0 0
          0 0 0 0 0 0 0 0 0 0 0 0
          0 0 0 0 0 0 0 0 0 0 0 0
          0 0 0 0 0 0 0 0 0 0 0 0
          0 0 0 0 0 0 0 0 0 0 0 0
          0 0 0 0 0 0 0 0 0 0 0 0
          0 0 0 0 0 0 0 0 0 0 0 0
          0 0 0 0 0 0 0 0 0 0 0 0
          0 0 0 0 0 0 0 0 0 0 0 0
          0 0 0 0 0 0 0 0 0 0 0 0
          0 0 0 0 0 0 0 0 0 0 0 0
          0 0 0 0 0 0 0 0 0 0 0 0
          0 0 0 0 0 0 0 0 0 0 0 0
          0 0 0 0 0 0 0 0 0 0 0 0
          0 0 0 0 0 0 0 0 0 0 0 0
          0 0 0 0 0 0 0 0 0 0 0 0
          0 0 0 0 0 0 0 0 0 0 0 0
          0 0 0 0 0 0 0 0 0 0 0 0
          0 0 0 0 0 0 0 0 0 0 0 0
          0 0 0 0 0 0 0 0 0 0 0 0
          0 0 0 0 0 0 0 0 0 0 0 0
          0 0 0 0 0 0 0 0 0 0 0 0
          0 0 0 0 0 0 0 0 0 0 0 0
          0 0 0 0 0 0 0 0 0 0 0 0
          0 0 0 0 0 0 0 0 0 0 0 0
          0 0 0 0 0 0 0 0 0 0 0 0
          0 0 0 0 0 0 0 0 0 0 0 0
          0 0 0 0 0 0 0 0 0 0 0 0
          0 0 0 0 0 0 0 0 0 0 0 0
          0 0 0 0 0 0 0 0 0 0 0 0
          0 0 0 0 0 0 0 0 0 0 0 0
          0 0 0 0 0 0 0 0 0 0 0 0
          0 0 0 0 0 0 0 0 0 0 0 0
          0 0 0 0 0 0 0 0 0 0 0 0
          0 0 0 0 0 0 0 0 0 0 0 0
          0 0 0 0 0 0 0 0 0 0 0 0
          0 0 0 0 0 0 0 0 0 0 0 0
          0 0 0 0 0 0 0 0 0 0 0 0
          0 0 0 0 0 0 0 0 0 0 0 0
          0 0 0 0 0 0 0 0 0 0 0 0
          0 0 0 0 0 0 0 0 0 0 0 0
          0 0 0 0 0 0 0 0 0 0 0 0
          0 0 0 0 0 0 0 0 0 0 0 0
          0 0 0 0 0 0 0 0 0 0 0 0
          0 0 0 0 0 0 0 0 0 0 0 0
          0 0 0 0 0 0 0 0 0 0 0 0
          0 0 0 0 0 0 0 0 0 0 0 0
          0 0 0 0 0 0 0 0 0 0 0 0
          0 0 0 0 0 0 0 0 0 0 0 0
          0 0 0 0 0 0 0 0 0 0 0 0
          0 0 0 0 0 0 0 0 0 0 0 0
          0 0 0 0 0 0 0 0 0 0 0 0
          0 0 0 0 0 0 0 0 0 0 0 0
          0 0 0 0 0 0 0 0 0 0 0 0
          0 0 0 0 0 0 0 0 0 0 0 0
          0 0 0 0 0 0 0 0 0 0 0 0
          0 0 0 0 0 0 0 0 0 0 0 0
          0 0 0 0 0 0 0 0 0 0 0 0
          0 0 0 0 0 0 0 0 0 0 0 0
          0 0 0 0 0 0 0 0 0 0 0 0
          0 0 0 0 0 0 0 0 0 0 0 0
          0 0 0 0 0 0 0 0 0 0 0 0
          0 0 0 0 0 0 0 0 0 0 0 0
          0 0 0 0 0 0 0 0 0 0 0 0
          0 0 0 0 0 0 0 0 0 0 0 0
          0 0 0 0 0 0 0 0 0 0 0 0
          0 0 0 0 0 0 0 0 0 0 0 0
          0 0 0 0 0 0 0 0 0 0 0 0
          0 0 0 0 0 0 0 0 0 0 0 0
          0 0 0 0 0 0 0 0 0 0 0 0
          0 0 0 0 0 0 0 0 0 0 0 0
          0 0 0 0 0 0 0 0 0 0 0 0
          0 0 0 0 0 0 0 0 0 0 0 0
          0 0 0 0 0 0 0 0 0 0 0 0
          0 0 0 0 0 0 0 0 0 0 0 0
          0 0 0 0 0 0 0 0 0 0 0 0
          0 0 0 0 0 0 0 0 0 0 0 0
          0 0 0 0 0 0 0 0 0 0 0 0
          0 0 0 0 0 0 0 0 0 0 0 0
          0 0 0 0 0 0 0 0 0 0 0 0
          0 0 0 0 0 0 0 0 0 0 0 0
          0 0 0 0 0 0 0 0 0 0 0 0
          0 0 0 0 0 0 0 0 0 0 0 0
          0 0 0 0 0 0 0 0 0 0 0 0
          0 0 0 0 0 0 0 0 0 0 0 0
          0 0 0 0 0 0 0 0 0 0 0 0
          0 0 0 0 0 0 0 0 0 0 0 0
          0 0 0 0 0 0 0 0 0 0 0 0
          0 0 0 0 0 0 0 0 0 0 0 0
          0 0 0 0 0 0 0 0 0 0 0 0
          0 0 0 0 0 0 0 0 0 0 0 0
          0 0 0 0 0 0 0 0 0 0 0 0
          0 0 0 0 0 0 0 0 0 0 0 0
          0 0 0 0 0 0 0 0 0 0 0 0
          0 0 0 0 0 0 0 0 0 0 0 0
          0 0 0 0 0 0 0 0 0 0 0 0
          0 0 0 0 0 0 0 0 0 0 0 0
          0 0 0 0 0 0 0 0 0 0 0 0
          0 0 0 0 0 0 0 0 0 0 0 0
          0 0 0 0 0 0 0 0 0 0 0 0
          0 0 0 0
        </DataArray>
        <DataArray type="Float32" Name="x^N2_gas" NumberOfComponents="1" format="ascii">
          0 0 0 0 0 0 0 0 0 0 0 0
          0 0 0 0 0 0 0 0 0 0 0 0
          0 0 0 0 0 0 0 0 0 0 0 0
          0 0 0 0 0 0 0 0 0 0 0 0
          0 0 0 0 0 0 0 0 0 0 0 0
          0 0 0 0 0 0 0 0 0 0 0 0
          0 0 0 0 0 0 0 0 0 0 0 0
          0 0 0 0 0 0 0 0 0 0 0 0
          0 0 0 0 0 0 0 0 0 0 0 0
          0 0 0 0 0 0 0 0 0 0 0 0
          0 0 0 0 0 0 0 0 0 0 0 0
          0 0 0 0 0 0 0 0 0 0 0 0
          0 0 0 0 0 0 0 0 0 0 0 0
          0 0 0 0 0 0 0 0 0 0 0 0
          0 0 0 0 0 0 0 0 0 0 0 0
          0 0 0 0 0 0 0 0 0 0 0 0
          0 0 0 0 0 0 0 0 0 0 0 0
          0 0 0 0 0 0 0 0 0 0 0 0
          0 0 0 0 0 0 0 0 0 0 0 0
          0 0 0 0 0 0 0 0 0 0 0 0
          0 0 0 0 0 0 0 0 0 0 0 0
          0 0 0 0 0 0 0 0 0 0 0 0
          0 0 0 0 0 0 0 0 0 0 0 0
          0 0 0 0 0 0 0 0 0 0 0 0
          0 0 0 0 0 0 0 0 0 0 0 0
          0 0 0 0 0 0 0 0 0 0 0 0
          0 0 0 0 0 0 0 0 0 0 0 0
          0 0 0 0 0 0 0 0 0 0 0 0
          0 0 0 0 0 0 0 0 0 0 0 0
          0 0 0 0 0 0 0 0 0 0 0 0
          0 0 0 0 0 0 0 0 0 0 0 0
          0 0 0 0 0 0 0 0 0 0 0 0
          0 0 0 0 0 0 0 0 0 0 0 0
          0 0 0 0 0 0 0 0 0 0 0 0
          0 0 0 0 0 0 0 0 0 0 0 0
          0 0 0 0 0 0 0 0 0 0 0 0
          0 0 0 0 0 0 0 0 0 0 0 0
          0 0 0 0 0 0 0 0 0 0 0 0
          0 0 0 0 0 0 0 0 0 0 0 0
          0 0 0 0 0 0 0 0 0 0 0 0
          0 0 0 0 0 0 0 0 0 0 0 0
          0 0 0 0 0 0 0 0 0 0 0 0
          0 0 0 0 0 0 0 0 0 0 0 0
          0 0 0 0 0 0 0 0 0 0 0 0
          0 0 0 0 0 0 0 0 0 0 0 0
          0 0 0 0 0 0 0 0 0 0 0 0
          0 0 0 0 0 0 0 0 0 0 0 0
          0 0 0 0 0 0 0 0 0 0 0 0
          0 0 0 0 0 0 0 0 0 0 0 0
          0 0 0 0 0 0 0 0 0 0 0 0
          0 0 0 0 0 0 0 0 0 0 0 0
          0 0 0 0 0 0 0 0 0 0 0 0
          0 0 0 0 0 0 0 0 0 0 0 0
          0 0 0 0 0 0 0 0 0 0 0 0
          0 0 0 0 0 0 0 0 0 0 0 0
          0 0 0 0 0 0 0 0 0 0 0 0
          0 0 0 0 0 0 0 0 0 0 0 0
          0 0 0 0 0 0 0 0 0 0 0 0
          0 0 0 0 0 0 0 0 0 0 0 0
          0 0 0 0 0 0 0 0 0 0 0 0
          0 0 0 0 0 0 0 0 0 0 0 0
          0 0 0 0 0 0 0 0 0 0 0 0
          0 0 0 0 0 0 0 0 0 0 0 0
          0 0 0 0 0 0 0 0 0 0 0 0
          0 0 0 0 0 0 0 0 0 0 0 0
          0 0 0 0 0 0 0 0 0 0 0 0
          0 0 0 0 0 0 0 0 0 0 0 0
          0 0 0 0 0 0 0 0 0 0 0 0
          0 0 0 0 0 0 0 0 0 0 0 0
          0 0 0 0 0 0 0 0 0 0 0 0
          0 0 0 0 0 0 0 0 0 0 0 0
          0 0 0 0 0 0 0 0 0 0 0 0
          0 0 0 0 0 0 0 0 0 0 0 0
          0 0 0 0 0 0 0 0 0 0 0 0
          0 0 0 0 0 0 0 0 0 0 0 0
          0 0 0 0 0 0 0 0 0 0 0 0
          0 0 0 0 0 0 0 0 0 0 0 0
          0 0 0 0 0 0 0 0 0 0 0 0
          0 0 0 0 0 0 0 0 0 0 0 0
          0 0 0 0 0 0 0 0 0 0 0 0
          0 0 0 0 0 0 0 0 0 0 0 0
          0 0 0 0 0 0 0 0 0 0 0 0
          0 0 0 0 0 0 0 0 0 0 0 0
          0 0 0 0 0 0 0 0 0 0 0 0
          0 0 0 0 0 0 0 0 0 0 0 0
          0 0 0 0 0 0 0 0 0 0 0 0
          0 0 0 0 0 0 0 0 0 0 0 0
          0 0 0 0 0 0 0 0 0 0 0 0
          0 0 0 0 0 0 0 0 0 0 0 0
          0 0 0 0 0 0 0 0 0 0 0 0
          0 0 0 0 0 0 0 0 0 0 0 0
          0 0 0 0 0 0 0 0 0 0 0 0
          0 0 0 0 0 0 0 0 0 0 0 0
          0 0 0 0 0 0 0 0 0 0 0 0
          0 0 0 0 0 0 0 0 0 0 0 0
          0 0 0 0 0 0 0 0 0 0 0 0
          0 0 0 0 0 0 0 0 0 0 0 0
          0 0 0 0 0 0 0 0 0 0 0 0
          0 0 0 0 0 0 0 0 0 0 0 0
          0 0 0 0 0 0 0 0 0 0 0 0
          0 0 0 0 0 0 0 0 0 0 0 0
          0 0 0 0 0 0 0 0 0 0 0 0
          0 0 0 0 0 0 0 0 0 0 0 0
          0 0 0 0 0 0 0 0 0 0 0 0
          0 0 0 0 0 0 0 0 0 0 0 0
          0 0 0 0 0 0 0 0 0 0 0 0
          0 0 0 0 0 0 0 0 0 0 0 0
          0 0 0 0 0 0 0 0 0 0 0 0
          0 0 0 0 0 0 0 0 0 0 0 0
          0 0 0 0 0 0 0 0 0 0 0 0
          0 0 0 0 0 0 0 0 0 0 0 0
          0 0 0 0 0 0 0 0 0 0 0 0
          0 0 0 0 0 0 0 0 0 0 0 0
          0 0 0 0 0 0 0 0 0 0 0 0
          0 0 0 0 0 0 0 0 0 0 0 0
          0 0 0 0 0 0 0 0 0 0 0 0
          0 0 0 0 0 0 0 0 0 0 0 0
          0 0 0 0 0 0 0 0 0 0 0 0
          0 0 0 0 0 0 0 0 0 0 0 0
          0 0 0 0 0 0 0 0 0 0 0 0
          0 0 0 0 0 0 0 0 0 0 0 0
          0 0 0 0 0 0 0 0 0 0 0 0
          0 0 0 0 0 0 0 0 0 0 0 0
          0 0 0 0 0 0 0 0 0 0 0 0
          0 0 0 0 0 0 0 0 0 0 0 0
          0 0 0 0 0 0 0 0 0 0 0 0
          0 0 0 0 0 0 0 0 0 0 0 0
          0 0 0 0 0 0 0 0 0 0 0 0
          0 0 0 0 0 0 0 0 0 0 0 0
          0 0 0 0 0 0 0 0 0 0 0 0
          0 0 0 0 0 0 0 0 0 0 0 0
          0 0 0 0 0 0 0 0 0 0 0 0
          0 0 0 0 0 0 0 0 0 0 0 0
          0 0 0 0 0 0 0 0 0 0 0 0
          0 0 0 0 0 0 0 0 0 0 0 0
          0 0 0 0 0 0 0 0 0 0 0 0
          0 0 0 0 0 0 0 0 0 0 0 0
          0 0 0 0 0 0 0 0 0 0 0 0
          0 0 0 0 0 0 0 0 0 0 0 0
          0 0 0 0 0 0 0 0 0 0 0 0
          0 0 0 0 0 0 0 0 0 0 0 0
          0 0 0 0 0 0 0 0 0 0 0 0
          0 0 0 0 0 0 0 0 0 0 0 0
          0 0 0 0 0 0 0 0 0 0 0 0
          0 0 0 0 0 0 0 0 0 0 0 0
          0 0 0 0 0 0 0 0 0 0 0 0
          0 0 0 0 0 0 0 0 0 0 0 0
          0 0 0 0 0 0 0 0 0 0 0 0
          0 0 0 0 0 0 0 0 0 0 0 0
          0 0 0 0 0 0 0 0 0 0 0 0
          0 0 0 0 0 0 0 0 0 0 0 0
          0 0 0 0 0 0 0 0 0 0 0 0
          0 0 0 0 0 0 0 0 0 0 0 0
          0 0 0 0 0 0 0 0 0 0 0 0
          0 0 0 0 0 0 0 0 0 0 0 0
          0 0 0 0 0 0 0 0 0 0 0 0
          0 0 0 0 0 0 0 0 0 0 0 0
          0 0 0 0 0 0 0 0 0 0 0 0
          0 0 0 0 0 0 0 0 0 0 0 0
          0 0 0 0 0 0 0 0 0 0 0 0
          0 0 0 0 0 0 0 0 0 0 0 0
          0 0 0 0 0 0 0 0 0 0 0 0
          0 0 0 0 0 0 0 0 0 0 0 0
          0 0 0 0 0 0 0 0 0 0 0 0
          0 0 0 0 0 0 0 0 0 0 0 0
          0 0 0 0 0 0 0 0 0 0 0 0
          0 0 0 0 0 0 0 0 0 0 0 0
          0 0 0 0 0 0 0 0 0 0 0 0
          0 0 0 0 0 0 0 0 0 0 0 0
          0 0 0 0 0 0 0 0 0 0 0 0
          0 0 0 0 0 0 0 0 0 0 0 0
          0 0 0 0 0 0 0 0 0 0 0 0
          0 0 0 0 0 0 0 0 0 0 0 0
          0 0 0 0 0 0 0 0 0 0 0 0
          0 0 0 0 0 0 0 0 0 0 0 0
          0 0 0 0 0 0 0 0 0 0 0 0
          0 0 0 0 0 0 0 0 0 0 0 0
          0 0 0 0 0 0 0 0 0 0 0 0
          0 0 0 0 0 0 0 0 0 0 0 0
          0 0 0 0 0 0 0 0 0 0 0 0
          0 0 0 0 0 0 0 0 0 0 0 0
          0 0 0 0 0 0 0 0 0 0 0 0
          0 0 0 0 0 0 0 0 0 0 0 0
          0 0 0 0 0 0 0 0 0 0 0 0
          0 0 0 0 0 0 0 0 0 0 0 0
          0 0 0 0 0 0 0 0 0 0 0 0
          0 0 0 0 0 0 0 0 0 0 0 0
          0 0 0 0 0 0 0 0 0 0 0 0
          0 0 0 0 0 0 0 0 0 0 0 0
          0 0 0 0 0 0 0 0 0 0 0 0
          0 0 0 0 0 0 0 0 0 0 0 0
          0 0 0 0 0 0 0 0 0 0 0 0
          0 0 0 0 0 0 0 0 0 0 0 0
          0 0 0 0 0 0 0 0 0 0 0 0
          0 0 0 0 0 0 0 0 0 0 0 0
          0 0 0 0 0 0 0 0 0 0 0 0
          0 0 0 0
        </DataArray>
        <DataArray type="Float32" Name="rhoMolar_gas" NumberOfComponents="1" format="ascii">
          7449.75 7449.3 7441.84 7441.4 7448.86 7440.95 7448.41 7440.51 7447.96 7440.06 7447.51 7439.61
          7447.05 7439.16 7446.6 7438.7 7446.14 7438.25 7445.68 7437.79 7445.22 7437.33 7444.76 7436.87
          7444.29 7436.4 7443.83 7435.94 7443.36 7435.47 7442.89 7435 7442.42 7434.53 7441.95 7434.06
          7441.48 7433.59 7441 7433.12 7440.53 7432.64 7440.05 7432.17 7439.58 7431.69 7439.1 7431.21
          7438.62 7430.73 7438.14 7430.25 7437.66 7429.77 7437.18 7429.29 7436.7 7428.81 7436.22 7428.33
          7435.73 7427.85 7435.25 7427.37 7434.77 7426.89 7434.28 7426.4 7433.8 7425.92 7433.32 7425.44
          7432.83 7424.95 7432.35 7424.47 7431.87 7423.99 7431.39 7423.5 7430.9 7423.02 7430.42 7422.54
          7429.94 7422.06 7429.46 7421.58 7428.98 7421.1 7428.5 7420.62 7428.02 7420.14 7427.54 7419.66
          7427.06 7419.18 7426.58 7418.7 7426.11 7418.23 7425.63 7417.75 7425.16 7417.28 7424.68 7416.8
          7424.21 7416.33 7423.74 7415.86 7423.27 7415.39 7422.8 7414.92 7422.33 7414.45 7421.87 7413.99
          7421.4 7413.52 7420.94 7413.06 7420.47 7412.59 7420.01 7412.13 7419.55 7411.67 7419.09 7411.21
          7418.64 7410.75 7418.18 7410.3 7417.73 7409.84 7417.27 7409.39 7416.82 7408.94 7416.37 7408.49
          7415.92 7408.04 7415.47 7407.59 7415.03 7407.15 7414.58 7406.7 7433.9 7433.46 7433.02 7432.57
          7432.12 7431.68 7431.22 7430.77 7430.32 7429.86 7429.4 7428.94 7428.48 7428.02 7427.55 7427.08
          7426.62 7426.15 7425.68 7425.2 7424.73 7424.26 7423.78 7423.3 7422.83 7422.35 7421.87 7421.39
          7420.91 7420.43 7419.95 7419.47 7418.98 7418.5 7418.02 7417.54 7417.05 7416.57 7416.09 7415.61
          7415.12 7414.64 7414.16 7413.68 7413.2 7412.72 7412.24 7411.76 7411.29 7410.81 7410.33 7409.86
          7409.38 7408.91 7408.44 7407.97 7407.49 7407.03 7406.56 7406.09 7405.63 7405.16 7404.7 7404.24
          7403.78 7403.32 7402.86 7402.4 7401.95 7401.5 7401.04 7400.59 7400.14 7399.7 7399.25 7398.81
          7425.97 7425.53 7425.09 7424.65 7424.2 7423.76 7423.31 7422.86 7422.4 7421.95 7421.49 7421.03
          7420.57 7420.11 7419.65 7419.18 7418.71 7418.24 7417.77 7417.3 7416.83 7416.36 7415.88 7415.41
          7414.93 7414.45 7413.97 7413.49 7413.01 7412.53 7412.05 7411.57 7411.09 7410.61 7410.13 7409.64
          7409.16 7408.68 7408.2 7407.71 7407.23 7406.75 7406.27 7405.79 7405.31 7404.83 7404.35 7403.87
          7403.39 7402.92 7402.44 7401.96 7401.49 7401.02 7400.54 7400.07 7399.6 7399.13 7398.66 7398.2
          7397.73 7397.27 7396.8 7396.34 7395.88 7395.42 7394.96 7394.51 7394.05 7393.6 7393.15 7392.7
          7392.25 7391.8 7391.35 7390.91 7418.06 7417.62 7417.18 7416.74 7416.3 7415.85 7415.41 7414.96
          7414.5 7414.05 7413.59 7413.14 7412.68 7412.21 7411.75 7411.29 7410.82 7410.35 7409.88 7409.41
          7408.94 7408.47 7407.99 7407.52 7407.04 7406.56 7406.09 7405.61 7405.13 7404.65 7404.17 7403.69
          7403.2 7402.72 7402.24 7401.76 7401.27 7400.79 7400.31 7399.83 7399.35 7398.86 7398.38 7397.9
          7397.42 7396.94 7396.46 7395.98 7395.5 7395.03 7394.55 7394.07 7393.6 7393.12 7392.65 7392.18
          7391.71 7391.24 7390.77 7390.3 7389.84 7389.37 7388.91 7388.45 7387.99 7387.53 7387.07 7386.61
          7386.16 7385.7 7385.25 7384.8 7384.35 7383.9 7383.46 7383.01 7410.16 7409.73 7409.29 7408.85
          7408.41 7407.97 7407.52 7407.07 7406.62 7406.17 7405.71 7405.25 7404.8 7404.33 7403.87 7403.41
          7402.94 7402.48 7402.01 7401.54 7401.06 7400.59 7400.12 7399.64 7399.17 7398.69 7398.21 7397.73
          7397.25 7396.77 7396.29 7395.81 7395.33 7394.84 7394.36 7393.88 7393.4 7392.91 7392.43 7391.95
          7391.46 7390.98 7390.5 7390.02 7389.54 7389.06 7388.58 7388.1 7387.62 7387.14 7386.66 7386.19
          7385.71 7385.23 7384.76 7384.29 7383.82 7383.35 7382.88 7382.41 7381.94 7381.48 7381.01 7380.55
          7380.09 7379.63 7379.17 7378.71 7378.26 7377.8 7377.35 7376.9 7376.45 7376 7375.56 7375.11
          7402.29 7401.85 7401.42 7400.98 7400.54 7400.09 7399.65 7399.2 7398.75 7398.3 7397.84 7397.39
          7396.93 7396.47 7396.01 7395.54 7395.08 7394.61 7394.14 7393.67 7393.2 7392.73 7392.25 7391.78
          7391.3 7390.82 7390.34 7389.86 7389.38 7388.9 7388.42 7387.94 7387.46 7386.97 7386.49 7386.01
          7385.52 7385.04 7384.56 7384.07 7383.59 7383.1 7382.62 7382.14 7381.66 7381.17 7380.69 7380.21
          7379.73 7379.25 7378.78 7378.3 7377.82 7377.35 7376.87 7376.4 7375.93 7375.46 7374.99 7374.52
          7374.05 7373.58 7373.12 7372.66 7372.19 7371.73 7371.27 7370.82 7370.36 7369.91 7369.45 7369
          7368.55 7368.1 7367.65 7367.21 7394.42 7393.99 7393.56 7393.12 7392.68 7392.24 7391.79 7391.34
          7390.9 7390.44 7389.99 7389.53 7389.08 7388.62 7388.15 7387.69 7387.22 7386.76 7386.29 7385.82
          7385.35 7384.87 7384.4 7383.92 7383.44 7382.97 7382.49 7382.01 7381.53 7381.04 7380.56 7380.08
          7379.59 7379.11 7378.63 7378.14 7377.66 7377.17 7376.69 7376.2 7375.72 7375.23 7374.75 7374.26
          7373.78 7373.3 7372.82 7372.33 7371.85 7371.37 7370.89 7370.42 7369.94 7369.46 7368.99 7368.51
          7368.04 7367.57 7367.1 7366.63 7366.16 7365.69 7365.23 7364.76 7364.3 7363.84 7363.38 7362.92
          7362.46 7362.01 7361.55 7361.1 7360.65 7360.2 7359.75 7359.31 7386.58 7386.15 7385.71 7385.28
          7384.84 7384.4 7383.95 7383.5 7383.06 7382.6 7382.15 7381.7 7381.24 7380.78 7380.32 7379.85
          7379.39 7378.92 7378.45 7377.98 7377.51 7377.03 7376.56 7376.08 7375.6 7375.12 7374.64 7374.16
          7373.68 7373.19 7372.71 7372.23 7371.74 7371.26 7370.77 7370.28 7369.8 7369.31 7368.82 7368.34
          7367.85 7367.37 7366.88 7366.4 7365.91 7365.43 7364.94 7364.46 7363.98 7363.5 7363.01 7362.54
          7362.06 7361.58 7361.1 7360.63 7360.15 7359.68 7359.21 7358.74 7358.27 7357.8 7357.33 7356.87
          7356.4 7355.94 7355.48 7355.02 7354.56 7354.11 7353.65 7353.2 7352.75 7352.3 7351.85 7351.4
          7378.75 7378.32 7377.89 7377.45 7377.01 7376.57 7376.13 7375.68 7375.23 7374.78 7374.33 7373.87
          7373.41 7372.95 7372.49 7372.03 7371.56 7371.09 7370.62 7370.15 7369.68 7369.2 7368.73 7368.25
          7367.77 7367.29 7366.81 7366.32 7365.84 7365.35 7364.87 7364.38 7363.9 7363.41 7362.92 7362.43
          7361.95 7361.46 7360.97 7360.48 7359.99 7359.5 7359.02 7358.53 7358.04 7357.56 7357.07 7356.59
          7356.1 7355.62 7355.14 7354.66 7354.18 7353.7 7353.22 7352.74 7352.27 7351.79 7351.32 7350.85
          7350.38 7349.91 7349.44 7348.97 7348.51 7348.04 7347.58 7347.12 7346.66 7346.21 7345.75 7345.3
          7344.84 7344.39 7343.94 7343.5 7370.94 7370.51 7370.08 7369.64 7369.21 7368.76 7368.32 7367.87
          7367.43 7366.97 7366.52 7366.06 7365.61 7365.15 7364.68 7364.22 7363.75 7363.28 7362.81 7362.34
          7361.86 7361.39 7360.91 7360.43 7359.95 7359.47 7358.98 7358.5 7358.01 7357.53 7357.04 7356.55
          7356.06 7355.57 7355.08 7354.59 7354.1 7353.61 7353.12 7352.63 7352.14 7351.65 7351.16 7350.67
          7350.18 7349.69 7349.21 7348.72 7348.23 7347.75 7347.26 7346.78 7346.3 7345.82 7345.34 7344.86
          7344.38 7343.91 7343.43 7342.96 7342.48 7342.01 7341.55 7341.08 7340.61 7340.15 7339.68 7339.22
          7338.76 7338.31 7337.85 7337.39 7336.94 7336.49 7336.04 7335.59 7363.15 7362.72 7362.29 7361.85
          7361.41 7360.97 7360.53 7360.08 7359.64 7359.18 7358.73 7358.27 7357.81 7357.35 7356.89 7356.42
          7355.95 7355.48 7355.01 7354.54 7354.06 7353.58 7353.1 7352.62 7352.14 7351.65 7351.17 7350.68
          7350.19 7349.71 7349.22 7348.73 7348.23 7347.74 7347.25 7346.76 7346.26 7345.77 7345.28 7344.78
          7344.29 7343.8 7343.31 7342.81 7342.32 7341.83 7341.34 7340.85 7340.37 7339.88 7339.39 7338.91
          7338.42 7337.94 7337.46 7336.98 7336.5 7336.02 7335.54 7335.07 7334.59 7334.12 7333.65 7333.18
          7332.72 7332.25 7331.79 7331.32 7330.86 7330.4 7329.94 7329.49 7329.03 7328.58 7328.13 7327.68
          7355.37 7354.95 7354.51 7354.08 7353.64 7353.2 7352.76 7352.31 7351.86 7351.41 7350.96 7350.5
          7350.04 7349.58 7349.11 7348.64 7348.17 7347.7 7347.23 7346.75 7346.27 7345.79 7345.31 7344.83
          7344.34 7343.86 7343.37 7342.88 7342.39 7341.9 7341.4 7340.91 7340.42 7339.92 7339.43 7338.93
          7338.43 7337.94 7337.44 7336.95 7336.45 7335.95 7335.46 7334.96 7334.47 7333.98 7333.48 7332.99
          7332.5 7332.01 7331.52 7331.03 7330.55 7330.06 7329.58 7329.1 7328.61 7328.13 7327.66 7327.18
          7326.7 7326.23 7325.76 7325.29 7324.82 7324.35 7323.89 7323.42 7322.96 7322.5 7322.04 7321.58
          7321.13 7320.67 7320.22 7319.77 7347.62 7347.19 7346.76 7346.32 7345.89 7345.45 7345 7344.56
          7344.11 7343.65 7343.2 7342.74 7342.28 7341.82 7341.35 7340.88 7340.41 7339.94 7339.46 7338.98
          7338.5 7338.02 7337.53 7337.05 7336.56 7336.07 7335.58 7335.09 7334.59 7334.1 7333.6 7333.1
          7332.61 7332.11 7331.61 7331.11 7330.61 7330.11 7329.61 7329.11 7328.61 7328.11 7327.62 7327.12
          7326.62 7326.12 7325.63 7325.13 7324.64 7324.15 7323.65 7323.16 7322.67 7322.19 7321.7 7321.21
          7320.73 7320.25 7319.77 7319.29 7318.81 7318.34 7317.86 7317.39 7316.92 7316.45 7315.98 7315.52
          7315.06 7314.59 7314.13 7313.67 7313.22 7312.76 7312.31 7311.86 7339.88 7339.46 7339.02 7338.59
          7338.15 7337.71 7337.27 7336.82 7336.37 7335.92 7335.46 7335 7334.54 7334.07 7333.6 7333.13
          7332.66 7332.18 7331.71 7331.23 7330.74 7330.26 7329.77 7329.28 7328.79 7328.3 7327.8 7327.31
          7326.81 7326.31 7325.81 7325.31 7324.81 7324.31 7323.8 7323.3 7322.8 7322.29 7321.79 7321.29
          7320.78 7320.28 7319.78 7319.27 7318.77 7318.27 7317.77 7317.28 7316.78 7316.28 7315.79 7315.29
          7314.8 7314.31 7313.82 7313.33 7312.85 7312.36 7311.88 7311.4 7310.92 7310.44 7309.97 7309.49
          7309.02 7308.55 7308.08 7307.61 7307.15 7306.69 7306.23 7305.77 7305.31 7304.85 7304.4 7303.95
          7332.17 7331.74 7331.31 7330.87 7330.43 7329.99 7329.55 7329.1 7328.65 7328.19 7327.74 7327.28
          7326.81 7326.35 7325.88 7325.4 7324.93 7324.45 7323.97 7323.49 7323 7322.51 7322.02 7321.53
          7321.03 7320.54 7320.04 7319.54 7319.04 7318.53 7318.03 7317.52 7317.02 7316.51 7316 7315.5
          7314.99 7314.48 7313.97 7313.46 7312.96 7312.45 7311.94 7311.44 7310.93 7310.43 7309.92 7309.42
          7308.92 7308.42 7307.92 7307.43 7306.93 7306.44 7305.95 7305.45 7304.97 7304.48 7303.99 7303.51
          7303.03 7302.55 7302.07 7301.59 7301.12 7300.65 7300.18 7299.71 7299.24 7298.78 7298.32 7297.85
          7297.4 7296.94 7296.48 7296.03 7324.47 7324.04 7323.61 7323.18 7322.74 7322.3 7321.85 7321.4
          7320.95 7320.49 7320.04 7319.57 7319.11 7318.64 7318.17 7317.69 7317.21 7316.73 7316.25 7315.76
          7315.27 7314.78 7314.29 7313.79 7313.29 7312.79 7312.29 7311.78 7311.28 7310.77 7310.26 7309.75
          7309.24 7308.73 7308.21 7307.7 7307.19 7306.67 7306.16 7305.65 7305.14 7304.62 7304.11 7303.6
          7303.09 7302.58 7302.08 7301.57 7301.06 7300.56 7300.06 7299.56 7299.06 7298.56 7298.07 7297.57
          7297.08 7296.59 7296.11 7295.62 7295.14 7294.65 7294.17 7293.69 7293.22 7292.74 7292.27 7291.8
          7291.33 7290.87 7290.4 7289.94 7289.48 7289.02 7288.57 7288.11 7316.79 7316.37 7315.93 7315.5
          7315.06 7314.62 7314.17 7313.72 7313.27 7312.81 7312.35 7311.89 7311.42 7310.95 7310.48 7310
          7309.52 7309.03 7308.55 7308.06 7307.56 7307.07 7306.57 7306.07 7305.57 7305.06 7304.55 7304.04
          7303.53 7303.02 7302.5 7301.99 7301.47 7300.95 7300.43 7299.92 7299.4 7298.88 7298.36 7297.84
          7297.32 7296.8 7296.29 7295.77 7295.26 7294.74 7294.23 7293.72 7293.21 7292.7 7292.2 7291.69
          7291.19 7290.69 7290.19 7289.69 7289.2 7288.71 7288.22 7287.73 7287.24 7286.76 7286.27 7285.79
          7285.31 7284.84 7284.36 7283.89 7283.42 7282.96 7282.49 7282.03 7281.56 7281.1 7280.65 7280.19
          7309.14 7308.71 7308.28 7307.84 7307.41 7306.96 7306.52 7306.06 7305.61 7305.15 7304.69 7304.22
          7303.75 7303.28 7302.81 7302.33 7301.84 7301.35 7300.86 7300.37 7299.87 7299.37 7298.87 7298.36
          7297.86 7297.34 7296.83 7296.32 7295.8 7295.28 7294.76 7294.24 7293.71 7293.19 7292.66 7292.14
          7291.61 7291.09 7290.56 7290.04 7289.51 7288.99 7288.46 7287.94 7287.42 7286.9 7286.39 7285.87
          7285.36 7284.84 7284.33 7283.83 7283.32 7282.81 7282.31 7281.81 7281.31 7280.82 7280.32 7279.83
          7279.34 7278.86 7278.37 7277.89 7277.41 7276.93 7276.45 7275.98 7275.51 7275.04 7274.57 7274.11
          7273.64 7273.18 7272.72 7272.27 7301.5 7301.08 7300.65 7300.21 7299.77 7299.33 7298.88 7298.43
          7297.97 7297.51 7297.05 7296.58 7296.11 7295.63 7295.16 7294.67 7294.19 7293.69 7293.2 7292.7
          7292.2 7291.7 7291.19 7290.68 7290.16 7289.65 7289.13 7288.6 7288.08 7287.55 7287.02 7286.5
          7285.96 7285.43 7284.9 7284.37 7283.83 7283.3 7282.77 7282.24 7281.71 7281.17 7280.65 7280.12
          7279.59 7279.07 7278.54 7278.02 7277.5 7276.99 7276.47 7275.96 7275.45 7274.94 7274.43 7273.93
          7273.43 7272.93 7272.43 7271.94 7271.45 7270.96 7270.47 7269.98 7269.5 7269.02 7268.54 7268.07
          7267.59 7267.12 7266.65 7266.19 7265.72 7265.26 7264.8 7264.34 7293.89 7293.47 7293.03 7292.6
          7292.16 7291.71 7291.27 7290.81 7290.36 7289.9 7289.43 7288.96 7288.49 7288.01 7287.53 7287.04
          7286.55 7286.06 7285.56 7285.06 7284.55 7284.04 7283.52 7283.01 7282.49 7281.96 7281.44 7280.91
          7280.38 7279.84 7279.31 7278.77 7278.23 7277.69 7277.15 7276.61 7276.06 7275.52 7274.98 7274.44
          7273.9 7273.37 7272.83 7272.29 7271.76 7271.23 7270.7 7270.17 7269.65 7269.13 7268.61 7268.09
          7267.57 7267.06 7266.55 7266.04 7265.54 7265.04 7264.54 7264.04 7263.54 7263.05 7262.56 7262.07
          7261.59 7261.11 7260.63 7260.15 7259.67 7259.2 7258.73 7258.26 7257.8 7257.33 7256.87 7256.41
          7286.31 7285.88 7285.45 7285.01 7284.57 7284.12 7283.68 7283.22 7282.76 7282.3 7281.83 7281.36
          7280.89 7280.41 7279.92 7279.43 7278.94 7278.44 7277.94 7277.43 7276.92 7276.4 7275.88 7275.36
          7274.83 7274.3 7273.77 7273.23 7272.69 7272.15 7271.6 7271.05 7270.5 7269.96 7269.4 7268.85
          7268.3 7267.75 7267.2 7266.65 7266.1 7265.56 7265.01 7264.47 7263.93 7263.39 7262.86 7262.32
          7261.79 7261.26 7260.74 7260.22 7259.7 7259.18 7258.67 7258.15 7257.65 7257.14 7256.64 7256.14
          7255.64 7255.14 7254.65 7254.16 7253.67 7253.19 7252.71 7252.23 7251.75 7251.28 7250.8 7250.33
          7249.87 7249.4 7248.94 7248.48 7278.74 7278.31 7277.88 7277.44 7277 7276.56 7276.11 7275.65
          7275.2 7274.73 7274.26 7273.79 7273.31 7272.83 7272.34 7271.85 7271.35 7270.85 7270.34 7269.83
          7269.31 7268.79 7268.26 7267.73 7267.2 7266.66 7266.12 7265.57 7265.02 7264.47 7263.91 7263.35
          7262.79 7262.23 7261.67 7261.11 7260.55 7259.99 7259.43 7258.87 7258.31 7257.75 7257.2 7256.65
          7256.1 7255.55 7255.01 7254.47 7253.93 7253.4 7252.87 7252.34 7251.82 7251.3 7250.78 7250.26
          7249.75 7249.24 7248.73 7248.23 7247.73 7247.23 7246.74 7246.25 7245.76 7245.27 7244.79 7244.3
          7243.83 7243.35 7242.88 7242.4 7241.94 7241.47 7241 7240.54 7271.22 7270.78 7270.35 7269.91
          7269.46 7269.02 7268.57 7268.11 7267.65 7267.19 7266.72 7266.24 7265.76 7265.28 7264.79 7264.29
          7263.79 7263.28 7262.77 7262.25 7261.73 7261.2 7260.67 7260.13 7259.59 7259.04 7258.49 7257.93
          7257.37 7256.81 7256.24 7255.67 7255.1 7254.52 7253.95 7253.37 7252.8 7252.23 7251.65 7251.08
          7250.51 7249.95 7249.38 7248.82 7248.27 7247.71 7247.16 7246.62 7246.07 7245.53 7245 7244.46
          7243.93 7243.41 7242.88 7242.36 7241.85 7241.34 7240.83 7240.32 7239.82 7239.32 7238.82 7238.32
          7237.83 7237.34 7236.86 7236.38 7235.9 7235.42 7234.94 7234.47 7234 7233.53 7233.07 7232.6
          7263.89 7263.41 7262.94 7262.47 7262.01 7261.54 7261.08 7260.62 7260.16 7259.69 7259.21 7258.73
          7258.24 7257.75 7257.26 7256.76 7256.26 7255.75 7255.23 7254.71 7254.18 7253.64 7253.1 7252.56
          7252 7251.45 7250.88 7250.31 7249.74 7249.16 7248.58 7248 7247.41 7246.82 7246.23 7245.65
          7245.06 7244.47 7243.88 7243.3 7242.72 7242.14 7241.57 7241 7240.43 7239.87 7239.31 7238.75
          7238.2 7237.66 7237.12 7236.58 7236.04 7235.51 7234.99 7234.46 7233.94 7233.43 7232.91 7232.4
          7231.9 7231.4 7230.9 7230.4 7229.91 7229.42 7228.93 7228.44 7227.96 7227.48 7227 7226.53
          7226.06 7225.59 7225.12 7224.66 7258.6 7257.29 7256.56 7255.92 7255.29 7254.68 7254.08 7253.49
          7252.93 7252.38 7251.84 7251.32 7250.81 7250.3 7249.79 7249.28 7248.76 7248.25 7247.73 7247.2
          7246.66 7246.12 7245.57 7245.01 7244.45 7243.88 7243.31 7242.73 7242.14 7241.55 7240.95 7240.35
          7239.74 7239.14 7238.53 7237.92 7237.32 7236.71 7236.11 7235.51 7234.92 7234.33 7233.74 7233.16
          7232.58 7232.01 7231.45 7230.89 7230.33 7229.78 7229.23 7228.69 7228.15 7227.61 7227.08 7226.55
          7226.03 7225.51 7225 7224.48 7223.98 7223.47 7222.97 7222.47 7221.97 7221.48 7220.99 7220.51
          7220.02 7219.54 7219.06 7218.59 7218.12 7217.65 7217.18 7216.71 7289.02 7260.91 7257.5 7256.13
          7254.81 7253.45 7252 7250.54 7249 7247.54 7246.11 7244.83 7244.1 7243.45 7242.81 7242.19
          7241.58 7240.97 7240.38 7239.79 7239.22 7238.64 7238.07 7237.5 7236.93 7236.35 7235.76 7235.17
          7234.57 7233.96 7233.34 7232.72 7232.09 7231.47 7230.84 7230.21 7229.58 7228.96 7228.34 7227.72
          7227.11 7226.51 7225.91 7225.32 7224.73 7224.15 7223.58 7223.01 7222.45 7221.89 7221.33 7220.79
          7220.24 7219.7 7219.17 7218.64 7218.11 7217.59 7217.07 7216.56 7216.05 7215.54 7215.03 7214.53
          7214.04 7213.54 7213.05 7212.56 7212.08 7211.6 7211.12 7210.64 7210.17 7209.7 7209.23 7208.76
          7288.29 7287 7285.65 7284.25 7282.79 7281.28 7279.72 7278.11 7276.54 7275.17 7274.05 7247.13
          7243.6 7242.26 7240.99 7239.66 7238.27 7236.83 7235.4 7234.03 7232.74 7231.63 7230.92 7230.26
          7229.61 7228.97 7228.32 7227.68 7227.04 7226.4 7225.76 7225.11 7224.46 7223.81 7223.15 7222.5
          7221.84 7221.19 7220.55 7219.92 7219.29 7218.67 7218.06 7217.46 7216.87 7216.28 7215.69 7215.12
          7214.55 7213.99 7213.43 7212.88 7212.33 7211.79 7211.25 7210.71 7210.18 7209.66 7209.14 7208.62
          7208.11 7207.6 7207.09 7206.59 7206.09 7205.6 7205.1 7204.62 7204.13 7203.65 7203.17 7202.69
          7202.21 7201.74 7201.27 7200.81 7287.34 7285.99 7284.62 7283.24 7281.83 7280.41 7278.97 7277.53
          7276.12 7274.73 7273.38 7272 7270.56 7269.06 7267.5 7265.89 7264.2 7262.45 7260.75 7259.29
          7258.09 7231.1 7228.05 7226.76 7225.49 7224.17 7222.8 7221.44 7220.16 7219.01 7218.24 7217.55
          7216.86 7216.17 7215.49 7214.79 7214.1 7213.42 7212.75 7212.1 7211.45 7210.82 7210.2 7209.59
          7208.98 7208.39 7207.8 7207.22 7206.64 7206.07 7205.51 7204.95 7204.4 7203.86 7203.32 7202.78
          7202.25 7201.72 7201.2 7200.68 7200.17 7199.65 7199.15 7198.64 7198.14 7197.65 7197.15 7196.66
          7196.18 7195.69 7195.21 7194.73 7194.26 7193.78 7193.31 7192.85 7286.39 7285.03 7283.66 7282.28
          7280.89 7279.49 7278.09 7276.68 7275.27 7273.86 7272.45 7271.01 7269.56 7268.08 7266.57 7265.03
          7263.48 7261.92 7260.38 7258.86 7257.35 7255.79 7254.13 7252.38 7250.52 7248.57 7246.53 7244.54
          7242.89 7218.25 7212.67 7211.24 7209.98 7208.78 7207.83 7207.05 7206.31 7205.6 7204.91 7204.24
          7203.59 7202.94 7202.31 7201.69 7201.08 7200.48 7199.88 7199.3 7198.72 7198.15 7197.58 7197.02
          7196.47 7195.92 7195.38 7194.84 7194.3 7193.77 7193.25 7192.73 7192.21 7191.7 7191.19 7190.69
          7190.19 7189.69 7189.19 7188.7 7188.22 7187.73 7187.25 7186.77 7186.29 7185.82 7185.35 7184.88
          7285.45 7284.08 7282.72 7281.34 7279.95 7278.56 7277.16 7275.76 7274.35 7272.93 7271.5 7270.06
          7268.6 7267.13 7265.63 7264.11 7262.58 7261.05 7259.51 7257.96 7256.38 7254.77 7253.1 7251.38
          7249.6 7247.76 7245.92 7244.12 7242.37 7240.53 7238.36 7235.72 7232.35 7229.39 7202.97 7199.34
          7198.44 7197.71 7197.01 7196.33 7195.67 7195.02 7194.39 7193.76 7193.15 7192.54 7191.95 7191.36
          7190.78 7190.21 7189.64 7189.08 7188.52 7187.97 7187.43 7186.89 7186.36 7185.83 7185.3 7184.78
          7184.26 7183.75 7183.24 7182.73 7182.23 7181.73 7181.24 7180.75 7180.26 7179.77 7179.29 7178.81
          7178.33 7177.86 7177.39 7176.92
        </DataArray>
        <DataArray type="Float32" Name="phase presence" NumberOfComponents="1" format="ascii">
          1 1 1 1 1 1 1 1 1 1 1 1
          1 1 1 1 1 1 1 1 1 1 1 1
          1 1 1 1 1 1 1 1 1 1 1 1
          1 1 1 1 1 1 1 1 1 1 1 1
          1 1 1 1 1 1 1 1 1 1 1 1
          1 1 1 1 1 1 1 1 1 1 1 1
          1 1 1 1 1 1 1 1 1 1 1 1
          1 1 1 1 1 1 1 1 1 1 1 1
          1 1 1 1 1 1 1 1 1 1 1 1
          1 1 1 1 1 1 1 1 1 1 1 1
          1 1 1 1 1 1 1 1 1 1 1 1
          1 1 1 1 1 1 1 1 1 1 1 1
          1 1 1 1 1 1 1 1 1 1 1 1
          1 1 1 1 1 1 1 1 1 1 1 1
          1 1 1 1 1 1 1 1 1 1 1 1
          1 1 1 1 1 1 1 1 1 1 1 1
          1 1 1 1 1 1 1 1 1 1 1 1
          1 1 1 1 1 1 1 1 1 1 1 1
          1 1 1 1 1 1 1 1 1 1 1 1
          1 1 1 1 1 1 1 1 1 1 1 1
          1 1 1 1 1 1 1 1 1 1 1 1
          1 1 1 1 1 1 1 1 1 1 1 1
          1 1 1 1 1 1 1 1 1 1 1 1
          1 1 1 1 1 1 1 1 1 1 1 1
          1 1 1 1 1 1 1 1 1 1 1 1
          1 1 1 1 1 1 1 1 1 1 1 1
          1 1 1 1 1 1 1 1 1 1 1 1
          1 1 1 1 1 1 1 1 1 1 1 1
          1 1 1 1 1 1 1 1 1 1 1 1
          1 1 1 1 1 1 1 1 1 1 1 1
          1 1 1 1 1 1 1 1 1 1 1 1
          1 1 1 1 1 1 1 1 1 1 1 1
          1 1 1 1 1 1 1 1 1 1 1 1
          1 1 1 1 1 1 1 1 1 1 1 1
          1 1 1 1 1 1 1 1 1 1 1 1
          1 1 1 1 1 1 1 1 1 1 1 1
          1 1 1 1 1 1 1 1 1 1 1 1
          1 1 1 1 1 1 1 1 1 1 1 1
          1 1 1 1 1 1 1 1 1 1 1 1
          1 1 1 1 1 1 1 1 1 1 1 1
          1 1 1 1 1 1 1 1 1 1 1 1
          1 1 1 1 1 1 1 1 1 1 1 1
          1 1 1 1 1 1 1 1 1 1 1 1
          1 1 1 1 1 1 1 1 1 1 1 1
          1 1 1 1 1 1 1 1 1 1 1 1
          1 1 1 1 1 1 1 1 1 1 1 1
          1 1 1 1 1 1 1 1 1 1 1 1
          1 1 1 1 1 1 1 1 1 1 1 1
          1 1 1 1 1 1 1 1 1 1 1 1
          1 1 1 1 1 1 1 1 1 1 1 1
          1 1 1 1 1 1 1 1 1 1 1 1
          1 1 1 1 1 1 1 1 1 1 1 1
          1 1 1 1 1 1 1 1 1 1 1 1
          1 1 1 1 1 1 1 1 1 1 1 1
          1 1 1 1 1 1 1 1 1 1 1 1
          1 1 1 1 1 1 1 1 1 1 1 1
          1 1 1 1 1 1 1 1 1 1 1 1
          1 1 1 1 1 1 1 1 1 1 1 1
          1 1 1 1 1 1 1 1 1 1 1 1
          1 1 1 1 1 1 1 1 1 1 1 1
          1 1 1 1 1 1 1 1 1 1 1 1
          1 1 1 1 1 1 1 1 1 1 1 1
          1 1 1 1 1 1 1 1 1 1 1 1
          1 1 1 1 1 1 1 1 1 1 1 1
          1 1 1 1 1 1 1 1 1 1 1 1
          1 1 1 1 1 1 1 1 1 1 1 1
          1 1 1 1 1 1 1 1 1 1 1 1
          1 1 1 1 1 1 1 1 1 1 1 1
          1 1 1 1 1 1 1 1 1 1 1 1
          1 1 1 1 1 1 1 1 1 1 1 1
          1 1 1 1 1 1 1 1 1 1 1 1
          1 1 1 1 1 1 1 1 1 1 1 1
          1 1 1 1 1 1 1 1 1 1 1 1
          1 1 1 1 1 1 1 1 1 1 1 1
          1 1 1 1 1 1 1 1 1 1 1 1
          1 1 1 1 1 1 1 1 1 1 1 1
          1 1 1 1 1 1 1 1 1 1 1 1
          1 1 1 1 1 1 1 1 1 1 1 1
          1 1 1 1 1 1 1 1 1 1 1 1
          1 1 1 1 1 1 1 1 1 1 1 1
          1 1 1 1 1 1 1 1 1 1 1 1
          1 1 1 1 1 1 1 1 1 1 1 1
          1 1 1 1 1 1 1 1 1 1 1 1
          1 1 1 1 1 1 1 1 1 1 1 1
          1 1 1 1 1 1 1 1 1 1 1 1
          1 1 1 1 1 1 1 1 1 1 1 1
          1 1 1 1 1 1 1 1 1 1 1 1
          1 1 1 1 1 1 1 1 1 1 1 1
          1 1 1 1 1 1 1 1 1 1 1 1
          1 1 1 1 1 1 1 1 1 1 1 1
          1 1 1 1 1 1 1 1 1 1 1 1
          1 1 1 1 1 1 1 1 1 1 1 1
          1 1 1 1 1 1 1 1 1 1 1 1
          1 1 1 1 1 1 1 1 1 1 1 1
          1 1 1 1 1 1 1 1 1 1 1 1
          1 1 1 1 1 1 1 1 1 1 1 1
          1 1 1 1 1 1 1 1 1 1 1 1
          1 1 1 1 1 1 1 1 1 1 1 1
          1 1 1 1 1 1 1 1 1 1 1 1
          1 1 1 1 1 1 1 1 1 1 1 1
          1 1 1 1 1 1 1 1 1 1 1 1
          1 1 1 1 1 1 1 1 1 1 1 1
          1 1 1 1 1 1 1 1 1 1 1 1
          1 1 1 1 1 1 1 1 1 1 1 1
          1 1 1 1 1 1 1 1 1 1 1 1
          1 1 1 1 1 1 1 1 1 1 1 1
          1 1 1 1 1 1 1 1 1 1 1 1
          1 1 1 1 1 1 1 1 1 1 1 1
          1 1 1 1 1 1 1 1 1 1 1 1
          1 1 1 1 1 1 1 1 1 1 1 1
          1 1 1 1 1 1 1 1 1 1 1 1
          1 1 1 1 1 1 1 1 1 1 1 1
          1 1 1 1 1 1 1 1 1 1 1 1
          1 1 1 1 1 1 1 1 1 1 1 1
          1 1 1 1 1 1 1 1 1 1 1 1
          1 1 1 1 1 1 1 1 1 1 1 1
          1 1 1 1 1 1 1 1 1 1 1 1
          1 1 1 1 1 1 1 1 1 1 1 1
          1 1 1 1 1 1 1 1 1 1 1 1
          1 1 1 1 1 1 1 1 1 1 1 1
          1 1 1 1 1 1 1 1 1 1 1 1
          1 1 1 1 1 1 1 1 1 1 1 1
          1 1 1 1 1 1 1 1 1 1 1 1
          1 1 1 1 1 1 1 1 1 1 1 1
          1 1 1 1 1 1 1 1 1 1 1 1
          1 1 1 1 1 1 1 1 1 1 1 1
          1 1 1 1 1 1 1 1 1 1 1 1
          1 1 1 1 1 1 1 1 1 1 1 1
          1 1 1 1 1 1 1 1 1 1 1 1
          1 1 1 1 1 1 1 1 1 1 1 1
          1 1 1 1 1 1 1 1 1 1 1 1
          1 1 1 1 1 1 1 1 1 1 1 1
          1 1 1 1 1 1 1 1 1 1 1 1
          1 1 1 1 1 1 1 1 1 1 1 1
          1 1 1 1 1 1 1 1 1 1 1 1
          1 1 1 1 1 1 1 1 1 1 1 1
          1 1 1 1 1 1 1 1 1 1 1 1
          1 1 1 1 1 1 1 1 1 1 1 1
          1 1 1 1 1 1 1 1 1 1 1 1
          1 1 1 1 1 1 1 1 1 1 1 1
          1 1 1 1 1 1 1 1 1 1 1 1
          1 1 1 1 1 1 1 1 1 1 1 1
          1 1 1 1 1 1 1 1 1 1 1 1
          1 1 1 1 1 1 1 1 1 1 1 1
          1 1 1 1 1 1 1 1 1 1 1 1
          1 1 1 1 1 1 1 1 1 1 1 1
          1 1 1 1 1 1 1 1 1 1 1 1
          1 1 1 1 1 1 1 1 1 1 1 1
          1 1 1 1 1 1 1 1 1 1 1 1
          1 1 1 1 1 1 1 1 1 1 1 1
          1 1 1 1 1 1 1 1 1 1 1 1
          1 1 1 1 1 1 1 1 1 1 1 1
          1 1 1 1 1 1 1 1 1 1 1 1
          1 1 1 1 1 1 1 1 1 1 1 1
          1 1 1 1 1 1 1 1 1 1 1 1
          1 1 1 1 1 1 1 1 1 1 1 1
          1 1 1 1 1 1 1 1 1 1 1 1
          1 1 1 1 1 1 1 1 1 1 1 1
          1 1 1 1 1 1 1 1 1 1 1 1
          1 1 1 1 1 1 1 1 1 1 1 1
          1 1 1 1 1 1 1 1 1 1 1 1
          1 1 1 1 1 1 1 1 1 1 1 1
          1 1 1 1 1 1 1 1 1 1 1 1
          1 1 1 1 1 1 1 1 1 1 1 1
          1 1 1 1 1 1 1 1 3 1 1 1
          1 1 1 1 1 1 1 1 1 1 1 1
          1 1 1 1 1 1 1 1 1 1 1 1
          1 1 1 1 1 1 1 1 1 1 1 1
          1 1 1 1 1 1 1 1 1 1 1 1
          1 1 1 1 1 1 1 1 1 1 1 1
          1 1 1 1 1 1 1 1 1 1 1 1
          3 3 3 3 3 3 3 3 3 3 3 1
          1 1 1 1 1 1 1 1 1 1 1 1
          1 1 1 1 1 1 1 1 1 1 1 1
          1 1 1 1 1 1 1 1 1 1 1 1
          1 1 1 1 1 1 1 1 1 1 1 1
          1 1 1 1 1 1 1 1 1 1 1 1
          1 1 1 1 3 3 3 3 3 3 3 3
          3 3 3 3 3 3 3 3 3 3 3 3
          3 1 1 1 1 1 1 1 1 1 1 1
          1 1 1 1 1 1 1 1 1 1 1 1
          1 1 1 1 1 1 1 1 1 1 1 1
          1 1 1 1 1 1 1 1 1 1 1 1
          1 1 1 1 1 1 1 1 3 3 3 3
          3 3 3 3 3 3 3 3 3 3 3 3
          3 3 3 3 3 3 3 3 3 3 3 3
          3 1 1 1 1 1 1 1 1 1 1 1
          1 1 1 1 1 1 1 1 1 1 1 1
          1 1 1 1 1 1 1 1 1 1 1 1
          1 1 1 1 1 1 1 1 1 1 1 1
          3 3 3 3 3 3 3 3 3 3 3 3
          3 3 3 3 3 3 3 3 3 3 3 3
          3 3 3 3 3 3 3 3 3 3 1 1
          1 1 1 1 1 1 1 1 1 1 1 1
          1 1 1 1 1 1 1 1 1 1 1 1
          1 1 1 1 1 1 1 1 1 1 1 1
          1 1 1 1
        </DataArray>
        <DataArray type="Float32" Name="velocity_liq (m/s)" NumberOfComponents="3" format="ascii">
          8.2785e-08 -2.86662e-10 0 1.65969e-07 -5.69055e-10 0 8.28019e-08 -5.73517e-10 0 1.66003e-07 -1.1385e-09 0
          1.66758e-07 -5.63214e-10 0 1.66794e-07 -1.12682e-09 0 1.6753e-07 -5.57193e-10 0 1.67567e-07 -1.11479e-09 0
          1.68284e-07 -5.5099e-10 0 1.68321e-07 -1.10238e-09 0 1.69018e-07 -5.44604e-10 0 1.69057e-07 -1.08961e-09 0
          1.69734e-07 -5.38035e-10 0 1.69774e-07 -1.07648e-09 0 1.7043e-07 -5.31283e-10 0 1.70471e-07 -1.06297e-09 0
          1.71105e-07 -5.24348e-10 0 1.71148e-07 -1.0491e-09 0 1.7176e-07 -5.17233e-10 0 1.71803e-07 -1.03487e-09 0
          1.72394e-07 -5.09939e-10 0 1.72438e-07 -1.02028e-09 0 1.73005e-07 -5.02468e-10 0 1.73051e-07 -1.00533e-09 0
          1.73595e-07 -4.94823e-10 0 1.73641e-07 -9.90038e-10 0 1.74162e-07 -4.87009e-10 0 1.74209e-07 -9.74402e-10 0
          1.74705e-07 -4.79029e-10 0 1.74754e-07 -9.58435e-10 0 1.75225e-07 -4.7089e-10 0 1.75274e-07 -9.42148e-10 0
          1.75721e-07 -4.62597e-10 0 1.75771e-07 -9.25551e-10 0 1.76193e-07 -4.54158e-10 0 1.76244e-07 -9.08659e-10 0
          1.76639e-07 -4.45578e-10 0 1.76691e-07 -8.91486e-10 0 1.77061e-07 -4.36867e-10 0 1.77113e-07 -8.7405e-10 0
          1.77457e-07 -4.28034e-10 0 1.7751e-07 -8.56367e-10 0 1.77827e-07 -4.19088e-10 0 1.77881e-07 -8.38457e-10 0
          1.78172e-07 -4.10039e-10 0 1.78226e-07 -8.2034e-10 0 1.7849e-07 -4.00898e-10 0 1.78545e-07 -8.02038e-10 0
          1.78781e-07 -3.91677e-10 0 1.78837e-07 -7.83574e-10 0 1.79046e-07 -3.82387e-10 0 1.79102e-07 -7.64971e-10 0
          1.79285e-07 -3.7304e-10 0 1.79341e-07 -7.46255e-10 0 1.79497e-07 -3.6365e-10 0 1.79553e-07 -7.27451e-10 0
          1.79682e-07 -3.54228e-10 0 1.79738e-07 -7.08584e-10 0 1.7984e-07 -3.4479e-10 0 1.79897e-07 -6.89682e-10 0
          1.79972e-07 -3.35347e-10 0 1.80028e-07 -6.70771e-10 0 1.80077e-07 -3.25914e-10 0 1.80133e-07 -6.5188e-10 0
          1.80155e-07 -3.16503e-10 0 1.80212e-07 -6.33034e-10 0 1.80208e-07 -3.0713e-10 0 1.80264e-07 -6.14261e-10 0
          1.80234e-07 -2.97806e-10 0 1.8029e-07 -5.95589e-10 0 1.80235e-07 -2.88545e-10 0 1.8029e-07 -5.77042e-10 0
          1.8021e-07 -2.79359e-10 0 1.80265e-07 -5.58648e-10 0 1.8016e-07 -2.70262e-10 0 1.80215e-07 -5.40431e-10 0
          1.80086e-07 -2.61266e-10 0 1.80139e-07 -5.22415e-10 0 1.79987e-07 -2.52381e-10 0 1.8004e-07 -5.04624e-10 0
          1.79865e-07 -2.43619e-10 0 1.79917e-07 -4.8708e-10 0 1.79719e-07 -2.3499e-10 0 1.7977e-07 -4.69803e-10 0
          1.7955e-07 -2.26504e-10 0 1.79601e-07 -4.52812e-10 0 1.79359e-07 -2.18169e-10 0 1.79409e-07 -4.36127e-10 0
          1.79147e-07 -2.09995e-10 0 1.79195e-07 -4.19763e-10 0 1.78913e-07 -2.01989e-10 0 1.78961e-07 -4.03736e-10 0
          1.78659e-07 -1.94157e-10 0 1.78706e-07 -3.88059e-10 0 1.78385e-07 -1.86505e-10 0 1.78431e-07 -3.72745e-10 0
          1.78092e-07 -1.7904e-10 0 1.78137e-07 -3.57803e-10 0 1.77781e-07 -1.71764e-10 0 1.77824e-07 -3.43243e-10 0
          1.77452e-07 -1.64682e-10 0 1.77494e-07 -3.29072e-10 0 1.77105e-07 -1.57797e-10 0 1.77146e-07 -3.15296e-10 0
          1.76742e-07 -1.51111e-10 0 1.76782e-07 -3.01919e-10 0 1.76363e-07 -1.44626e-10 0 1.76402e-07 -2.88945e-10 0
          1.7597e-07 -1.38341e-10 0 1.76007e-07 -2.76374e-10 0 1.75561e-07 -1.32259e-10 0 1.75597e-07 -2.64207e-10 0
          1.75139e-07 -1.26377e-10 0 1.75174e-07 -2.52444e-10 0 1.74704e-07 -1.20695e-10 0 1.74738e-07 -2.41081e-10 0
          1.74257e-07 -1.15213e-10 0 1.74289e-07 -2.30117e-10 0 1.73798e-07 -1.09926e-10 0 1.73829e-07 -2.19547e-10 0
          1.73327e-07 -1.04834e-10 0 1.73357e-07 -2.09366e-10 0 1.72847e-07 -9.99333e-11 0 1.72875e-07 -1.99569e-10 0
          1.72356e-07 -9.52205e-11 0 1.72384e-07 -1.90148e-10 0 1.71856e-07 -9.06922e-11 0 1.71883e-07 -1.81096e-10 0
          1.71348e-07 -8.63447e-11 0 1.71373e-07 -1.72407e-10 0 1.70831e-07 -8.21738e-11 0 1.70856e-07 -1.64071e-10 0
          1.70307e-07 -7.81752e-11 0 1.70331e-07 -1.56081e-10 0 1.69776e-07 -7.43444e-11 0 1.69799e-07 -1.48426e-10 0
          1.69239e-07 -7.06769e-11 0 1.6926e-07 -1.41098e-10 0 1.68695e-07 -6.71679e-11 0 1.68716e-07 -1.34087e-10 0
          1.68146e-07 -6.38126e-11 0 1.68166e-07 -1.27384e-10 0 1.67593e-07 -6.06061e-11 0 1.67612e-07 -1.20979e-10 0
          1.67034e-07 -5.75436e-11 0 1.67052e-07 -1.14861e-10 0 1.66472e-07 -5.462e-11 0 1.66489e-07 -1.09022e-10 0
          1.65906e-07 -5.18305e-11 0 1.65923e-07 -1.0345e-10 0 8.28112e-08 -2.49098e-11 0 8.28191e-08 -4.97171e-11 0
          8.28528e-08 -1.14781e-09 0 1.66107e-07 -2.27857e-09 0 1.66901e-07 -2.25523e-09 0 1.67677e-07 -2.23117e-09 0
          1.68435e-07 -2.20638e-09 0 1.69174e-07 -2.18085e-09 0 1.69894e-07 -2.15458e-09 0 1.70594e-07 -2.12758e-09 0
          1.71274e-07 -2.09984e-09 0 1.71933e-07 -2.07137e-09 0 1.72571e-07 -2.04217e-09 0 1.73187e-07 -2.01226e-09 0
          1.73781e-07 -1.98165e-09 0 1.74351e-07 -1.95035e-09 0 1.74899e-07 -1.91838e-09 0 1.75423e-07 -1.88577e-09 0
          1.75922e-07 -1.85253e-09 0 1.76397e-07 -1.8187e-09 0 1.76847e-07 -1.7843e-09 0 1.77272e-07 -1.74936e-09 0
          1.77671e-07 -1.71393e-09 0 1.78044e-07 -1.67804e-09 0 1.7839e-07 -1.64173e-09 0 1.7871e-07 -1.60505e-09 0
          1.79004e-07 -1.56803e-09 0 1.79271e-07 -1.53074e-09 0 1.7951e-07 -1.49321e-09 0 1.79723e-07 -1.45551e-09 0
          1.79909e-07 -1.41768e-09 0 1.80067e-07 -1.37978e-09 0 1.80199e-07 -1.34185e-09 0 1.80303e-07 -1.30397e-09 0
          1.80381e-07 -1.26618e-09 0 1.80433e-07 -1.22853e-09 0 1.80458e-07 -1.19109e-09 0 1.80457e-07 -1.1539e-09 0
          1.8043e-07 -1.11701e-09 0 1.80378e-07 -1.08048e-09 0 1.80301e-07 -1.04436e-09 0 1.80199e-07 -1.0087e-09 0
          1.80074e-07 -9.73524e-10 0 1.79924e-07 -9.38893e-10 0 1.79752e-07 -9.04839e-10 0 1.79558e-07 -8.71401e-10 0
          1.79341e-07 -8.38611e-10 0 1.79104e-07 -8.065e-10 0 1.78845e-07 -7.75096e-10 0 1.78567e-07 -7.44421e-10 0
          1.78269e-07 -7.14497e-10 0 1.77953e-07 -6.85343e-10 0 1.77619e-07 -6.56972e-10 0 1.77268e-07 -6.29395e-10 0
          1.769e-07 -6.02623e-10 0 1.76517e-07 -5.76659e-10 0 1.76118e-07 -5.51508e-10 0 1.75705e-07 -5.2717e-10 0
          1.75278e-07 -5.03643e-10 0 1.74838e-07 -4.80922e-10 0 1.74386e-07 -4.59e-10 0 1.73922e-07 -4.37871e-10 0
          1.73447e-07 -4.17522e-10 0 1.72962e-07 -3.97943e-10 0 1.72467e-07 -3.7912e-10 0 1.71963e-07 -3.61039e-10 0
          1.7145e-07 -3.43683e-10 0 1.70929e-07 -3.27036e-10 0 1.70401e-07 -3.11081e-10 0 1.69866e-07 -2.95799e-10 0
          1.69325e-07 -2.81172e-10 0 1.68778e-07 -2.6718e-10 0 1.68225e-07 -2.53803e-10 0 1.67668e-07 -2.41023e-10 0
          1.67106e-07 -2.28818e-10 0 1.66541e-07 -2.1717e-10 0 1.65971e-07 -2.06058e-10 0 8.2843e-08 -9.90243e-11 0
          8.29376e-08 -1.72365e-09 0 1.66279e-07 -3.42177e-09 0 1.67078e-07 -3.38682e-09 0 1.6786e-07 -3.35077e-09 0
          1.68623e-07 -3.31362e-09 0 1.69368e-07 -3.27535e-09 0 1.70094e-07 -3.23597e-09 0 1.70799e-07 -3.19546e-09 0
          1.71485e-07 -3.15385e-09 0 1.72149e-07 -3.11112e-09 0 1.72793e-07 -3.0673e-09 0 1.73414e-07 -3.0224e-09 0
          1.74013e-07 -2.97642e-09 0 1.74589e-07 -2.92941e-09 0 1.75141e-07 -2.88138e-09 0 1.7567e-07 -2.83236e-09 0
          1.76174e-07 -2.78239e-09 0 1.76653e-07 -2.73152e-09 0 1.77107e-07 -2.67978e-09 0 1.77536e-07 -2.62722e-09 0
          1.77938e-07 -2.57391e-09 0 1.78315e-07 -2.51989e-09 0 1.78664e-07 -2.46524e-09 0 1.78987e-07 -2.41001e-09 0
          1.79283e-07 -2.35427e-09 0 1.79552e-07 -2.29811e-09 0 1.79793e-07 -2.24159e-09 0 1.80007e-07 -2.18479e-09 0
          1.80193e-07 -2.1278e-09 0 1.80352e-07 -2.0707e-09 0 1.80484e-07 -2.01356e-09 0 1.80588e-07 -1.95648e-09 0
          1.80665e-07 -1.89954e-09 0 1.80715e-07 -1.84281e-09 0 1.80738e-07 -1.7864e-09 0 1.80735e-07 -1.73036e-09 0
          1.80706e-07 -1.6748e-09 0 1.80651e-07 -1.61977e-09 0 1.80571e-07 -1.56536e-09 0 1.80465e-07 -1.51165e-09 0
          1.80336e-07 -1.45868e-09 0 1.80182e-07 -1.40654e-09 0 1.80006e-07 -1.35528e-09 0 1.79806e-07 -1.30495e-09 0
          1.79585e-07 -1.25561e-09 0 1.79342e-07 -1.2073e-09 0 1.79078e-07 -1.16007e-09 0 1.78794e-07 -1.11394e-09 0
          1.78491e-07 -1.06895e-09 0 1.78169e-07 -1.02514e-09 0 1.77829e-07 -9.82506e-10 0 1.77472e-07 -9.41082e-10 0
          1.77098e-07 -9.00876e-10 0 1.76709e-07 -8.61897e-10 0 1.76304e-07 -8.24148e-10 0 1.75884e-07 -7.8763e-10 0
          1.75452e-07 -7.52338e-10 0 1.75006e-07 -7.18266e-10 0 1.74547e-07 -6.85403e-10 0 1.74078e-07 -6.53735e-10 0
          1.73597e-07 -6.23247e-10 0 1.73106e-07 -5.9392e-10 0 1.72605e-07 -5.65734e-10 0 1.72095e-07 -5.38665e-10 0
          1.71577e-07 -5.1269e-10 0 1.71051e-07 -4.87783e-10 0 1.70518e-07 -4.63917e-10 0 1.69978e-07 -4.41063e-10 0
          1.69432e-07 -4.19194e-10 0 1.6888e-07 -3.9828e-10 0 1.68323e-07 -3.7829e-10 0 1.67761e-07 -3.59196e-10 0
          1.67195e-07 -3.40966e-10 0 1.66626e-07 -3.23571e-10 0 1.66053e-07 -3.0698e-10 0 8.28827e-08 -1.47512e-10 0
          8.3056e-08 -2.30184e-09 0 1.6652e-07 -4.56971e-09 0 1.67327e-07 -4.52321e-09 0 1.68116e-07 -4.47522e-09 0
          1.68887e-07 -4.42575e-09 0 1.6964e-07 -4.37478e-09 0 1.70373e-07 -4.3223e-09 0 1.71087e-07 -4.26831e-09 0
          1.7178e-07 -4.21282e-09 0 1.72452e-07 -4.15582e-09 0 1.73103e-07 -4.09734e-09 0 1.73732e-07 -4.03739e-09 0
          1.74339e-07 -3.976e-09 0 1.74922e-07 -3.91319e-09 0 1.75481e-07 -3.84899e-09 0 1.76017e-07 -3.78346e-09 0
          1.76527e-07 -3.71663e-09 0 1.77013e-07 -3.64856e-09 0 1.77473e-07 -3.57932e-09 0 1.77907e-07 -3.50896e-09 0
          1.78315e-07 -3.43756e-09 0 1.78696e-07 -3.36521e-09 0 1.7905e-07 -3.29197e-09 0 1.79377e-07 -3.21795e-09 0
          1.79676e-07 -3.14323e-09 0 1.79947e-07 -3.06792e-09 0 1.80191e-07 -2.99213e-09 0 1.80406e-07 -2.91595e-09 0
          1.80594e-07 -2.83949e-09 0 1.80753e-07 -2.76288e-09 0 1.80885e-07 -2.68622e-09 0 1.80988e-07 -2.60963e-09 0
          1.81064e-07 -2.53322e-09 0 1.81112e-07 -2.45711e-09 0 1.81133e-07 -2.38141e-09 0 1.81127e-07 -2.30624e-09 0
          1.81094e-07 -2.23169e-09 0 1.81035e-07 -2.15789e-09 0 1.8095e-07 -2.08492e-09 0 1.8084e-07 -2.01288e-09 0
          1.80705e-07 -1.94188e-09 0 1.80545e-07 -1.87199e-09 0 1.80362e-07 -1.8033e-09 0 1.80156e-07 -1.73588e-09 0
          1.79927e-07 -1.66979e-09 0 1.79677e-07 -1.60511e-09 0 1.79406e-07 -1.54189e-09 0 1.79114e-07 -1.48018e-09 0
          1.78803e-07 -1.42001e-09 0 1.78472e-07 -1.36142e-09 0 1.78124e-07 -1.30445e-09 0 1.77758e-07 -1.2491e-09 0
          1.77376e-07 -1.19541e-09 0 1.76977e-07 -1.14338e-09 0 1.76564e-07 -1.09301e-09 0 1.76136e-07 -1.0443e-09 0
          1.75694e-07 -9.97243e-10 0 1.7524e-07 -9.51833e-10 0 1.74773e-07 -9.08053e-10 0 1.74295e-07 -8.65883e-10 0
          1.73806e-07 -8.253e-10 0 1.73307e-07 -7.86278e-10 0 1.72798e-07 -7.48789e-10 0 1.72281e-07 -7.128e-10 0
          1.71755e-07 -6.78278e-10 0 1.71222e-07 -6.45188e-10 0 1.70681e-07 -6.13493e-10 0 1.70134e-07 -5.83153e-10 0
          1.69581e-07 -5.54131e-10 0 1.69023e-07 -5.26385e-10 0 1.68459e-07 -4.99875e-10 0 1.67892e-07 -4.7456e-10 0
          1.6732e-07 -4.50399e-10 0 1.66744e-07 -4.27351e-10 0 1.66166e-07 -4.05375e-10 0 8.29378e-08 -1.94771e-10 0
          8.32078e-08 -2.88316e-09 0 1.66828e-07 -5.724e-09 0 1.67645e-07 -5.66603e-09 0 1.68445e-07 -5.60619e-09 0
          1.69226e-07 -5.54446e-09 0 1.69989e-07 -5.48084e-09 0 1.70732e-07 -5.4153e-09 0 1.71456e-07 -5.34784e-09 0
          1.7216e-07 -5.27847e-09 0 1.72842e-07 -5.20719e-09 0 1.73503e-07 -5.13402e-09 0 1.74142e-07 -5.05897e-09 0
          1.74758e-07 -4.98207e-09 0 1.75351e-07 -4.90336e-09 0 1.7592e-07 -4.82287e-09 0 1.76464e-07 -4.74067e-09 0
          1.76984e-07 -4.65681e-09 0 1.77478e-07 -4.57135e-09 0 1.77945e-07 -4.48437e-09 0 1.78387e-07 -4.39596e-09 0
          1.78802e-07 -4.30621e-09 0 1.79189e-07 -4.21522e-09 0 1.79549e-07 -4.12309e-09 0 1.7988e-07 -4.02994e-09 0
          1.80184e-07 -3.93589e-09 0 1.80459e-07 -3.84107e-09 0 1.80706e-07 -3.7456e-09 0 1.80923e-07 -3.64964e-09 0
          1.81112e-07 -3.55332e-09 0 1.81272e-07 -3.45678e-09 0 1.81404e-07 -3.36017e-09 0 1.81507e-07 -3.26364e-09 0
          1.81581e-07 -3.16735e-09 0 1.81626e-07 -3.07142e-09 0 1.81644e-07 -2.97602e-09 0 1.81634e-07 -2.88129e-09 0
          1.81597e-07 -2.78737e-09 0 1.81532e-07 -2.69438e-09 0 1.81441e-07 -2.60248e-09 0 1.81324e-07 -2.51177e-09 0
          1.81182e-07 -2.42238e-09 0 1.81015e-07 -2.33442e-09 0 1.80823e-07 -2.248e-09 0 1.80608e-07 -2.16321e-09 0
          1.8037e-07 -2.08013e-09 0 1.8011e-07 -1.99885e-09 0 1.79828e-07 -1.91943e-09 0 1.79526e-07 -1.84194e-09 0
          1.79204e-07 -1.76643e-09 0 1.78863e-07 -1.69294e-09 0 1.78503e-07 -1.62151e-09 0 1.78126e-07 -1.55216e-09 0
          1.77733e-07 -1.48491e-09 0 1.77323e-07 -1.41977e-09 0 1.76898e-07 -1.35675e-09 0 1.76459e-07 -1.29583e-09 0
          1.76006e-07 -1.23703e-09 0 1.75541e-07 -1.1803e-09 0 1.75063e-07 -1.12564e-09 0 1.74574e-07 -1.07302e-09 0
          1.74074e-07 -1.02241e-09 0 1.73565e-07 -9.73767e-10 0 1.73046e-07 -9.27059e-10 0 1.72518e-07 -8.82244e-10 0
          1.71983e-07 -8.39277e-10 0 1.7144e-07 -7.98112e-10 0 1.7089e-07 -7.58701e-10 0 1.70334e-07 -7.20993e-10 0
          1.69772e-07 -6.84938e-10 0 1.69205e-07 -6.50484e-10 0 1.68634e-07 -6.1758e-10 0 1.68058e-07 -5.86171e-10 0
          1.67478e-07 -5.56207e-10 0 1.66896e-07 -5.27634e-10 0 1.6631e-07 -5.004e-10 0 8.30082e-08 -2.40392e-10 0
          8.33926e-08 -3.46844e-09 0 1.67204e-07 -6.88629e-09 0 1.68033e-07 -6.81697e-09 0 1.68845e-07 -6.74538e-09 0
          1.69639e-07 -6.67149e-09 0 1.70415e-07 -6.59529e-09 0 1.71171e-07 -6.51674e-09 0 1.71908e-07 -6.43585e-09 0
          1.72624e-07 -6.35262e-09 0 1.73319e-07 -6.26704e-09 0 1.73993e-07 -6.17913e-09 0 1.74644e-07 -6.08891e-09 0
          1.75272e-07 -5.99641e-09 0 1.75877e-07 -5.90167e-09 0 1.76458e-07 -5.80475e-09 0 1.77013e-07 -5.70569e-09 0
          1.77544e-07 -5.60457e-09 0 1.78048e-07 -5.50148e-09 0 1.78526e-07 -5.39649e-09 0 1.78977e-07 -5.28972e-09 0
          1.794e-07 -5.18127e-09 0 1.79795e-07 -5.07126e-09 0 1.80162e-07 -4.95984e-09 0 1.80501e-07 -4.84713e-09 0
          1.8081e-07 -4.73329e-09 0 1.8109e-07 -4.61848e-09 0 1.8134e-07 -4.50285e-09 0 1.81561e-07 -4.38659e-09 0
          1.81752e-07 -4.26987e-09 0 1.81913e-07 -4.15287e-09 0 1.82044e-07 -4.03577e-09 0 1.82146e-07 -3.91875e-09 0
          1.82218e-07 -3.80201e-09 0 1.82261e-07 -3.68573e-09 0 1.82275e-07 -3.57009e-09 0 1.8226e-07 -3.45527e-09 0
          1.82216e-07 -3.34144e-09 0 1.82145e-07 -3.22878e-09 0 1.82047e-07 -3.11746e-09 0 1.81921e-07 -3.00761e-09 0
          1.8177e-07 -2.8994e-09 0 1.81592e-07 -2.79297e-09 0 1.8139e-07 -2.68843e-09 0 1.81164e-07 -2.5859e-09 0
          1.80914e-07 -2.48551e-09 0 1.80642e-07 -2.38733e-09 0 1.80348e-07 -2.29146e-09 0 1.80032e-07 -2.19796e-09 0
          1.79697e-07 -2.10691e-09 0 1.79342e-07 -2.01835e-09 0 1.78969e-07 -1.93232e-09 0 1.78578e-07 -1.84885e-09 0
          1.7817e-07 -1.76796e-09 0 1.77746e-07 -1.68967e-09 0 1.77307e-07 -1.61396e-09 0 1.76854e-07 -1.54084e-09 0
          1.76387e-07 -1.4703e-09 0 1.75908e-07 -1.4023e-09 0 1.75417e-07 -1.33681e-09 0 1.74914e-07 -1.27381e-09 0
          1.74401e-07 -1.21326e-09 0 1.73879e-07 -1.1551e-09 0 1.73347e-07 -1.09929e-09 0 1.72807e-07 -1.04577e-09 0
          1.72259e-07 -9.94492e-10 0 1.71705e-07 -9.45393e-10 0 1.71143e-07 -8.98414e-10 0 1.70576e-07 -8.53491e-10 0
          1.70004e-07 -8.10561e-10 0 1.69427e-07 -7.6956e-10 0 1.68845e-07 -7.30423e-10 0 1.68259e-07 -6.93084e-10 0
          1.67671e-07 -6.5748e-10 0 1.67079e-07 -6.23545e-10 0 1.66484e-07 -5.91216e-10 0 8.30933e-08 -2.8397e-10 0
          8.36101e-08 -4.0585e-09 0 1.67646e-07 -8.05827e-09 0 1.6849e-07 -7.97777e-09 0 1.69317e-07 -7.89457e-09 0
          1.70126e-07 -7.80864e-09 0 1.70917e-07 -7.71995e-09 0 1.71689e-07 -7.62848e-09 0 1.72441e-07 -7.53421e-09 0
          1.73173e-07 -7.43714e-09 0 1.73883e-07 -7.33725e-09 0 1.74572e-07 -7.23457e-09 0 1.75239e-07 -7.12912e-09 0
          1.75882e-07 -7.02092e-09 0 1.76501e-07 -6.91001e-09 0 1.77096e-07 -6.79647e-09 0 1.77666e-07 -6.68034e-09 0
          1.78209e-07 -6.56171e-09 0 1.78727e-07 -6.44067e-09 0 1.79217e-07 -6.31733e-09 0 1.79679e-07 -6.19182e-09 0
          1.80113e-07 -6.06425e-09 0 1.80518e-07 -5.93478e-09 0 1.80894e-07 -5.80356e-09 0 1.81241e-07 -5.67077e-09 0
          1.81557e-07 -5.53658e-09 0 1.81843e-07 -5.40119e-09 0 1.82098e-07 -5.26479e-09 0 1.82322e-07 -5.12759e-09 0
          1.82516e-07 -4.98981e-09 0 1.82678e-07 -4.85167e-09 0 1.8281e-07 -4.7134e-09 0 1.8291e-07 -4.57521e-09 0
          1.8298e-07 -4.43733e-09 0 1.83019e-07 -4.30001e-09 0 1.83028e-07 -4.16344e-09 0 1.83007e-07 -4.02787e-09 0
          1.82957e-07 -3.8935e-09 0 1.82877e-07 -3.76054e-09 0 1.82769e-07 -3.62919e-09 0 1.82634e-07 -3.49964e-09 0
          1.82471e-07 -3.37206e-09 0 1.82281e-07 -3.24664e-09 0 1.82066e-07 -3.12351e-09 0 1.81826e-07 -3.00283e-09 0
          1.81562e-07 -2.88471e-09 0 1.81275e-07 -2.76928e-09 0 1.80965e-07 -2.65664e-09 0 1.80634e-07 -2.54686e-09 0
          1.80282e-07 -2.44003e-09 0 1.79911e-07 -2.3362e-09 0 1.79521e-07 -2.23541e-09 0 1.79113e-07 -2.1377e-09 0
          1.78688e-07 -2.04309e-09 0 1.78247e-07 -1.95158e-09 0 1.77791e-07 -1.86317e-09 0 1.77321e-07 -1.77785e-09 0
          1.76837e-07 -1.69559e-09 0 1.76341e-07 -1.61637e-09 0 1.75834e-07 -1.54015e-09 0 1.75315e-07 -1.46687e-09 0
          1.74786e-07 -1.39649e-09 0 1.74248e-07 -1.32894e-09 0 1.73701e-07 -1.26417e-09 0 1.73147e-07 -1.20212e-09 0
          1.72585e-07 -1.1427e-09 0 1.72016e-07 -1.08585e-09 0 1.71441e-07 -1.03149e-09 0 1.70861e-07 -9.7954e-10 0
          1.70275e-07 -9.29932e-10 0 1.69686e-07 -8.82583e-10 0 1.69092e-07 -8.37415e-10 0 1.68495e-07 -7.94349e-10 0
          1.67895e-07 -7.53306e-10 0 1.67293e-07 -7.14211e-10 0 1.66688e-07 -6.76986e-10 0 8.31927e-08 -3.25098e-10 0
          8.38596e-08 -4.65419e-09 0 1.68154e-07 -9.24169e-09 0 1.69015e-07 -9.1502e-09 0 1.6986e-07 -9.05558e-09 0
          1.70687e-07 -8.95777e-09 0 1.71495e-07 -8.85674e-09 0 1.72285e-07 -8.75246e-09 0 1.73056e-07 -8.64489e-09 0
          1.73806e-07 -8.53402e-09 0 1.74535e-07 -8.41985e-09 0 1.75242e-07 -8.30238e-09 0 1.75926e-07 -8.18162e-09 0
          1.76587e-07 -8.05761e-09 0 1.77224e-07 -7.93039e-09 0 1.77836e-07 -7.80002e-09 0 1.78423e-07 -7.66657e-09 0
          1.78982e-07 -7.53013e-09 0 1.79515e-07 -7.39081e-09 0 1.8002e-07 -7.24873e-09 0 1.80496e-07 -7.10402e-09 0
          1.80943e-07 -6.95684e-09 0 1.81361e-07 -6.80735e-09 0 1.81748e-07 -6.65575e-09 0 1.82104e-07 -6.50224e-09 0
          1.82429e-07 -6.34702e-09 0 1.82722e-07 -6.19033e-09 0 1.82983e-07 -6.03241e-09 0 1.83212e-07 -5.8735e-09 0
          1.83409e-07 -5.71386e-09 0 1.83573e-07 -5.55376e-09 0 1.83705e-07 -5.39347e-09 0 1.83804e-07 -5.23327e-09 0
          1.83871e-07 -5.07342e-09 0 1.83906e-07 -4.91421e-09 0 1.83909e-07 -4.7559e-09 0 1.83881e-07 -4.59876e-09 0
          1.83822e-07 -4.44305e-09 0 1.83732e-07 -4.28903e-09 0 1.83613e-07 -4.13692e-09 0 1.83465e-07 -3.98696e-09 0
          1.83289e-07 -3.83937e-09 0 1.83085e-07 -3.69434e-09 0 1.82854e-07 -3.55206e-09 0 1.82598e-07 -3.41269e-09 0
          1.82316e-07 -3.27639e-09 0 1.82011e-07 -3.14329e-09 0 1.81683e-07 -3.0135e-09 0 1.81332e-07 -2.88712e-09 0
          1.80961e-07 -2.76424e-09 0 1.8057e-07 -2.64491e-09 0 1.8016e-07 -2.52919e-09 0 1.79732e-07 -2.41711e-09 0
          1.79287e-07 -2.30867e-09 0 1.78826e-07 -2.2039e-09 0 1.7835e-07 -2.10277e-09 0 1.77859e-07 -2.00527e-09 0
          1.77356e-07 -1.91136e-09 0 1.76841e-07 -1.821e-09 0 1.76313e-07 -1.73414e-09 0 1.75776e-07 -1.65072e-09 0
          1.75229e-07 -1.57067e-09 0 1.74672e-07 -1.49391e-09 0 1.74108e-07 -1.42038e-09 0 1.73536e-07 -1.34998e-09 0
          1.72957e-07 -1.28264e-09 0 1.72372e-07 -1.21825e-09 0 1.71781e-07 -1.15674e-09 0 1.71185e-07 -1.09801e-09 0
          1.70585e-07 -1.04197e-09 0 1.69981e-07 -9.88515e-10 0 1.69374e-07 -9.37561e-10 0 1.68764e-07 -8.89012e-10 0
          1.68151e-07 -8.42775e-10 0 1.67536e-07 -7.98761e-10 0 1.6692e-07 -7.56878e-10 0 8.33057e-08 -3.63376e-10 0
          8.41403e-08 -5.2564e-09 0 1.68725e-07 -1.04383e-08 0 1.69607e-07 -1.03361e-08 0 1.70471e-07 -1.02303e-08 0
          1.71319e-07 -1.01208e-08 0 1.72149e-07 -1.00077e-08 0 1.7296e-07 -9.89072e-09 0 1.73751e-07 -9.76997e-09 0
          1.74523e-07 -9.6454e-09 0 1.75273e-07 -9.51698e-09 0 1.76002e-07 -9.38471e-09 0 1.76707e-07 -9.2486e-09 0
          1.7739e-07 -9.10868e-09 0 1.78047e-07 -8.96498e-09 0 1.7868e-07 -8.81758e-09 0 1.79286e-07 -8.66654e-09 0
          1.79865e-07 -8.51196e-09 0 1.80416e-07 -8.35396e-09 0 1.80938e-07 -8.19268e-09 0 1.81431e-07 -8.02826e-09 0
          1.81894e-07 -7.86088e-09 0 1.82326e-07 -7.69075e-09 0 1.82726e-07 -7.51807e-09 0 1.83095e-07 -7.34308e-09 0
          1.8343e-07 -7.16603e-09 0 1.83732e-07 -6.98719e-09 0 1.84001e-07 -6.80684e-09 0 1.84236e-07 -6.62528e-09 0
          1.84436e-07 -6.44281e-09 0 1.84603e-07 -6.25977e-09 0 1.84735e-07 -6.07646e-09 0 1.84833e-07 -5.89322e-09 0
          1.84896e-07 -5.71038e-09 0 1.84926e-07 -5.52827e-09 0 1.84923e-07 -5.34722e-09 0 1.84886e-07 -5.16753e-09 0
          1.84817e-07 -4.98954e-09 0 1.84716e-07 -4.81352e-09 0 1.84583e-07 -4.63979e-09 0 1.8442e-07 -4.46859e-09 0
          1.84228e-07 -4.30019e-09 0 1.84006e-07 -4.13483e-09 0 1.83757e-07 -3.97272e-09 0 1.83481e-07 -3.81406e-09 0
          1.83179e-07 -3.65902e-09 0 1.82853e-07 -3.50776e-09 0 1.82503e-07 -3.3604e-09 0 1.8213e-07 -3.21705e-09 0
          1.81736e-07 -3.07781e-09 0 1.81321e-07 -2.94274e-09 0 1.80888e-07 -2.8119e-09 0 1.80436e-07 -2.6853e-09 0
          1.79967e-07 -2.56297e-09 0 1.79482e-07 -2.44489e-09 0 1.78983e-07 -2.33105e-09 0 1.78469e-07 -2.22142e-09 0
          1.77943e-07 -2.11594e-09 0 1.77405e-07 -2.01456e-09 0 1.76855e-07 -1.91722e-09 0 1.76296e-07 -1.82382e-09 0
          1.75727e-07 -1.7343e-09 0 1.75149e-07 -1.64856e-09 0 1.74564e-07 -1.5665e-09 0 1.73973e-07 -1.48802e-09 0
          1.73374e-07 -1.41301e-09 0 1.72771e-07 -1.34137e-09 0 1.72162e-07 -1.273e-09 0 1.71549e-07 -1.20777e-09 0
          1.70932e-07 -1.14558e-09 0 1.70312e-07 -1.08631e-09 0 1.69689e-07 -1.02986e-09 0 1.69063e-07 -9.76121e-10 0
          1.68436e-07 -9.24979e-10 0 1.67808e-07 -8.76331e-10 0 1.67178e-07 -8.30071e-10 0 8.34315e-08 -3.98408e-10 0
          8.44515e-08 -5.86602e-09 0 1.69359e-07 -1.16501e-08 0 1.70263e-07 -1.15375e-08 0 1.71151e-07 -1.14208e-08 0
          1.72022e-07 -1.12999e-08 0 1.72876e-07 -1.11748e-08 0 1.73711e-07 -1.10454e-08 0 1.74527e-07 -1.09117e-08 0
          1.75324e-07 -1.07735e-08 0 1.76099e-07 -1.06309e-08 0 1.76852e-07 -1.04839e-08 0 1.77583e-07 -1.03324e-08 0
          1.78289e-07 -1.01765e-08 0 1.78971e-07 -1.00162e-08 0 1.79627e-07 -9.85154e-09 0 1.80257e-07 -9.68263e-09 0
          1.80859e-07 -9.50955e-09 0 1.81432e-07 -9.33244e-09 0 1.81975e-07 -9.15144e-09 0 1.82488e-07 -8.96672e-09 0
          1.8297e-07 -8.77849e-09 0 1.83419e-07 -8.58696e-09 0 1.83835e-07 -8.39238e-09 0 1.84218e-07 -8.19503e-09 0
          1.84566e-07 -7.9952e-09 0 1.84879e-07 -7.79319e-09 0 1.85157e-07 -7.58935e-09 0 1.85399e-07 -7.38403e-09 0
          1.85604e-07 -7.17759e-09 0 1.85774e-07 -6.97041e-09 0 1.85906e-07 -6.76288e-09 0 1.86003e-07 -6.55539e-09 0
          1.86063e-07 -6.34833e-09 0 1.86087e-07 -6.14211e-09 0 1.86076e-07 -5.9371e-09 0 1.86029e-07 -5.7337e-09 0
          1.85948e-07 -5.53227e-09 0 1.85833e-07 -5.33318e-09 0 1.85685e-07 -5.13676e-09 0 1.85505e-07 -4.94334e-09 0
          1.85293e-07 -4.75322e-09 0 1.85051e-07 -4.56667e-09 0 1.8478e-07 -4.38394e-09 0 1.84481e-07 -4.20527e-09 0
          1.84155e-07 -4.03086e-09 0 1.83804e-07 -3.86087e-09 0 1.83428e-07 -3.69546e-09 0 1.83029e-07 -3.53474e-09 0
          1.82608e-07 -3.37882e-09 0 1.82166e-07 -3.22775e-09 0 1.81705e-07 -3.08158e-09 0 1.81226e-07 -2.94035e-09 0
          1.80729e-07 -2.80404e-09 0 1.80217e-07 -2.67265e-09 0 1.7969e-07 -2.54614e-09 0 1.7915e-07 -2.42446e-09 0
          1.78597e-07 -2.30754e-09 0 1.78032e-07 -2.19532e-09 0 1.77457e-07 -2.08769e-09 0 1.76873e-07 -1.98456e-09 0
          1.7628e-07 -1.88583e-09 0 1.75678e-07 -1.79137e-09 0 1.7507e-07 -1.70108e-09 0 1.74456e-07 -1.61483e-09 0
          1.73836e-07 -1.53249e-09 0 1.73211e-07 -1.45393e-09 0 1.72582e-07 -1.37902e-09 0 1.71949e-07 -1.30764e-09 0
          1.71313e-07 -1.23965e-09 0 1.70675e-07 -1.17492e-09 0 1.70034e-07 -1.11332e-09 0 1.69392e-07 -1.05473e-09 0
          1.68749e-07 -9.99018e-10 0 1.68105e-07 -9.46068e-10 0 1.67461e-07 -8.95758e-10 0 8.35692e-08 -4.29807e-10 0
          8.47918e-08 -6.48398e-09 0 1.70052e-07 -1.28788e-08 0 1.70982e-07 -1.27562e-08 0 1.71896e-07 -1.2629e-08 0
          1.72794e-07 -1.24971e-08 0 1.73675e-07 -1.23604e-08 0 1.74538e-07 -1.22189e-08 0 1.75382e-07 -1.20724e-08 0
          1.76207e-07 -1.19208e-08 0 1.77011e-07 -1.17642e-08 0 1.77793e-07 -1.16025e-08 0 1.78552e-07 -1.14357e-08 0
          1.79287e-07 -1.12637e-08 0 1.79997e-07 -1.10867e-08 0 1.80681e-07 -1.09046e-08 0 1.81338e-07 -1.07175e-08 0
          1.81967e-07 -1.05255e-08 0 1.82566e-07 -1.03288e-08 0 1.83134e-07 -1.01275e-08 0 1.83671e-07 -9.92187e-09 0
          1.84174e-07 -9.71203e-09 0 1.84644e-07 -9.49826e-09 0 1.8508e-07 -9.28085e-09 0 1.8548e-07 -9.06011e-09 0
          1.85843e-07 -8.83638e-09 0 1.8617e-07 -8.61002e-09 0 1.86458e-07 -8.38143e-09 0 1.86709e-07 -8.15103e-09 0
          1.86921e-07 -7.91924e-09 0 1.87094e-07 -7.68651e-09 0 1.87228e-07 -7.45332e-09 0 1.87323e-07 -7.22011e-09 0
          1.87379e-07 -6.98738e-09 0 1.87396e-07 -6.75558e-09 0 1.87376e-07 -6.52519e-09 0 1.87318e-07 -6.29667e-09 0
          1.87223e-07 -6.07046e-09 0 1.87091e-07 -5.84698e-09 0 1.86925e-07 -5.62664e-09 0 1.86724e-07 -5.40983e-09 0
          1.8649e-07 -5.19689e-09 0 1.86224e-07 -4.98815e-09 0 1.85927e-07 -4.7839e-09 0 1.85601e-07 -4.58441e-09 0
          1.85247e-07 -4.3899e-09 0 1.84866e-07 -4.20057e-09 0 1.8446e-07 -4.01657e-09 0 1.84031e-07 -3.83804e-09 0
          1.83578e-07 -3.66507e-09 0 1.83105e-07 -3.49773e-09 0 1.82612e-07 -3.33607e-09 0 1.82101e-07 -3.18008e-09 0
          1.81573e-07 -3.02977e-09 0 1.8103e-07 -2.88509e-09 0 1.80472e-07 -2.746e-09 0 1.79901e-07 -2.61241e-09 0
          1.79317e-07 -2.48425e-09 0 1.78723e-07 -2.36141e-09 0 1.78119e-07 -2.24376e-09 0 1.77506e-07 -2.1312e-09 0
          1.76885e-07 -2.02358e-09 0 1.76257e-07 -1.92077e-09 0 1.75623e-07 -1.82262e-09 0 1.74983e-07 -1.72897e-09 0
          1.74339e-07 -1.63969e-09 0 1.73691e-07 -1.55461e-09 0 1.73039e-07 -1.47359e-09 0 1.72384e-07 -1.39646e-09 0
          1.71727e-07 -1.32307e-09 0 1.71069e-07 -1.25328e-09 0 1.70409e-07 -1.18694e-09 0 1.69748e-07 -1.12389e-09 0
          1.69087e-07 -1.06401e-09 0 1.68426e-07 -1.00714e-09 0 1.67766e-07 -9.53152e-10 0 8.37178e-08 -4.57197e-10 0
          8.51599e-08 -7.11121e-09 0 1.70802e-07 -1.41265e-08 0 1.71761e-07 -1.39944e-08 0 1.72704e-07 -1.38571e-08 0
          1.73633e-07 -1.37147e-08 0 1.74544e-07 -1.35668e-08 0 1.75439e-07 -1.34135e-08 0 1.76315e-07 -1.32546e-08 0
          1.77172e-07 -1.309e-08 0 1.78008e-07 -1.29196e-08 0 1.78823e-07 -1.27433e-08 0 1.79615e-07 -1.25612e-08 0
          1.80383e-07 -1.23732e-08 0 1.81126e-07 -1.21793e-08 0 1.81843e-07 -1.19796e-08 0 1.82532e-07 -1.17741e-08 0
          1.83191e-07 -1.15628e-08 0 1.83821e-07 -1.13461e-08 0 1.84418e-07 -1.11239e-08 0 1.84983e-07 -1.08965e-08 0
          1.85513e-07 -1.06642e-08 0 1.86008e-07 -1.04273e-08 0 1.86466e-07 -1.0186e-08 0 1.86887e-07 -9.94064e-09 0
          1.87269e-07 -9.69172e-09 0 1.87612e-07 -9.43962e-09 0 1.87914e-07 -9.1848e-09 0 1.88175e-07 -8.92775e-09 0
          1.88394e-07 -8.66899e-09 0 1.88572e-07 -8.40904e-09 0 1.88708e-07 -8.14845e-09 0 1.88802e-07 -7.88779e-09 0
          1.88854e-07 -7.62763e-09 0 1.88864e-07 -7.36852e-09 0 1.88832e-07 -7.11104e-09 0 1.88761e-07 -6.85572e-09 0
          1.88649e-07 -6.60311e-09 0 1.88499e-07 -6.3537e-09 0 1.8831e-07 -6.10798e-09 0 1.88086e-07 -5.8664e-09 0
          1.87825e-07 -5.62938e-09 0 1.87531e-07 -5.39729e-09 0 1.87204e-07 -5.17047e-09 0 1.86847e-07 -4.94922e-09 0
          1.8646e-07 -4.73381e-09 0 1.86045e-07 -4.52443e-09 0 1.85604e-07 -4.32127e-09 0 1.85138e-07 -4.12446e-09 0
          1.8465e-07 -3.93409e-09 0 1.8414e-07 -3.75023e-09 0 1.83611e-07 -3.5729e-09 0 1.83063e-07 -3.4021e-09 0
          1.82499e-07 -3.23779e-09 0 1.8192e-07 -3.07992e-09 0 1.81326e-07 -2.92839e-09 0 1.8072e-07 -2.78312e-09 0
          1.80102e-07 -2.64398e-09 0 1.79475e-07 -2.51083e-09 0 1.78838e-07 -2.38353e-09 0 1.78193e-07 -2.26192e-09 0
          1.77541e-07 -2.14583e-09 0 1.76883e-07 -2.03509e-09 0 1.7622e-07 -1.92953e-09 0 1.75552e-07 -1.82897e-09 0
          1.74881e-07 -1.73322e-09 0 1.74207e-07 -1.6421e-09 0 1.7353e-07 -1.55544e-09 0 1.72851e-07 -1.47304e-09 0
          1.72171e-07 -1.39474e-09 0 1.71491e-07 -1.32037e-09 0 1.7081e-07 -1.24974e-09 0 1.70129e-07 -1.1827e-09 0
          1.69449e-07 -1.11908e-09 0 1.68769e-07 -1.05873e-09 0 1.68091e-07 -1.00149e-09 0 8.38762e-08 -4.80215e-10 0
          8.55541e-08 -7.7487e-09 0 1.71606e-07 -1.53951e-08 0 1.72597e-07 -1.52541e-08 0 1.73573e-07 -1.51075e-08 0
          1.74535e-07 -1.4955e-08 0 1.75481e-07 -1.47965e-08 0 1.76411e-07 -1.46319e-08 0 1.77323e-07 -1.4461e-08 0
          1.78216e-07 -1.42837e-08 0 1.7909e-07 -1.40999e-08 0 1.79942e-07 -1.39094e-08 0 1.80772e-07 -1.37122e-08 0
          1.81578e-07 -1.35082e-08 0 1.82359e-07 -1.32975e-08 0 1.83113e-07 -1.308e-08 0 1.83839e-07 -1.28557e-08 0
          1.84535e-07 -1.26249e-08 0 1.852e-07 -1.23875e-08 0 1.85832e-07 -1.21438e-08 0 1.8643e-07 -1.1894e-08 0
          1.86992e-07 -1.16383e-08 0 1.87516e-07 -1.13771e-08 0 1.88002e-07 -1.11106e-08 0 1.88448e-07 -1.08394e-08 0
          1.88852e-07 -1.05638e-08 0 1.89214e-07 -1.02843e-08 0 1.89533e-07 -1.00015e-08 0 1.89807e-07 -9.71596e-09 0
          1.90037e-07 -9.42829e-09 0 1.90221e-07 -9.13911e-09 0 1.90359e-07 -8.84908e-09 0 1.90452e-07 -8.55888e-09 0
          1.90498e-07 -8.2692e-09 0 1.905e-07 -7.9807e-09 0 1.90457e-07 -7.69407e-09 0 1.90369e-07 -7.40996e-09 0
          1.90238e-07 -7.12902e-09 0 1.90065e-07 -6.85184e-09 0 1.89852e-07 -6.57901e-09 0 1.89598e-07 -6.31106e-09 0
          1.89307e-07 -6.04847e-09 0 1.8898e-07 -5.79168e-09 0 1.88618e-07 -5.5411e-09 0 1.88223e-07 -5.29705e-09 0
          1.87797e-07 -5.05982e-09 0 1.87343e-07 -4.82964e-09 0 1.86861e-07 -4.6067e-09 0 1.86354e-07 -4.39113e-09 0
          1.85824e-07 -4.18302e-09 0 1.85273e-07 -3.98241e-09 0 1.84701e-07 -3.78931e-09 0 1.84112e-07 -3.60368e-09 0
          1.83506e-07 -3.42547e-09 0 1.82886e-07 -3.25457e-09 0 1.82252e-07 -3.09087e-09 0 1.81606e-07 -2.93422e-09 0
          1.8095e-07 -2.78447e-09 0 1.80285e-07 -2.64144e-09 0 1.79612e-07 -2.50494e-09 0 1.78931e-07 -2.37478e-09 0
          1.78245e-07 -2.25074e-09 0 1.77554e-07 -2.13262e-09 0 1.76859e-07 -2.02021e-09 0 1.7616e-07 -1.91329e-09 0
          1.75459e-07 -1.81164e-09 0 1.74756e-07 -1.71505e-09 0 1.74052e-07 -1.62331e-09 0 1.73347e-07 -1.53622e-09 0
          1.72642e-07 -1.45356e-09 0 1.71938e-07 -1.37514e-09 0 1.71234e-07 -1.30077e-09 0 1.70531e-07 -1.23026e-09 0
          1.6983e-07 -1.16342e-09 0 1.69131e-07 -1.10007e-09 0 1.68434e-07 -1.04006e-09 0 8.4043e-08 -4.98521e-10 0
          8.59722e-08 -8.3974e-09 0 1.7246e-07 -1.66867e-08 0 1.73485e-07 -1.65376e-08 0 1.74498e-07 -1.63823e-08 0
          1.75497e-07 -1.62206e-08 0 1.76481e-07 -1.60522e-08 0 1.77451e-07 -1.58769e-08 0 1.78403e-07 -1.56947e-08 0
          1.79338e-07 -1.55052e-08 0 1.80254e-07 -1.53083e-08 0 1.81149e-07 -1.5104e-08 0 1.82022e-07 -1.4892e-08 0
          1.82871e-07 -1.46722e-08 0 1.83696e-07 -1.44447e-08 0 1.84494e-07 -1.42094e-08 0 1.85263e-07 -1.39663e-08 0
          1.86001e-07 -1.37155e-08 0 1.86708e-07 -1.34571e-08 0 1.87381e-07 -1.31912e-08 0 1.88018e-07 -1.29181e-08 0
          1.88617e-07 -1.2638e-08 0 1.89177e-07 -1.23513e-08 0 1.89696e-07 -1.20583e-08 0 1.90171e-07 -1.17596e-08 0
          1.90603e-07 -1.14555e-08 0 1.90989e-07 -1.11468e-08 0 1.91328e-07 -1.0834e-08 0 1.91618e-07 -1.05178e-08 0
          1.9186e-07 -1.01989e-08 0 1.92052e-07 -9.87809e-09 0 1.92194e-07 -9.55616e-09 0 1.92286e-07 -9.23392e-09 0
          1.92327e-07 -8.9122e-09 0 1.92319e-07 -8.5918e-09 0 1.92262e-07 -8.27356e-09 0 1.92155e-07 -7.95827e-09 0
          1.92002e-07 -7.64669e-09 0 1.91803e-07 -7.33957e-09 0 1.91559e-07 -7.03758e-09 0 1.91272e-07 -6.74136e-09 0
          1.90945e-07 -6.45148e-09 0 1.90578e-07 -6.16846e-09 0 1.90175e-07 -5.89274e-09 0 1.89736e-07 -5.6247e-09 0
          1.89266e-07 -5.36467e-09 0 1.88765e-07 -5.11288e-09 0 1.88236e-07 -4.86953e-09 0 1.87681e-07 -4.63473e-09 0
          1.87103e-07 -4.40857e-09 0 1.86503e-07 -4.19105e-09 0 1.85883e-07 -3.98215e-09 0 1.85246e-07 -3.78179e-09 0
          1.84593e-07 -3.58986e-09 0 1.83926e-07 -3.40623e-09 0 1.83247e-07 -3.23073e-09 0 1.82557e-07 -3.06316e-09 0
          1.81858e-07 -2.9033e-09 0 1.81151e-07 -2.75094e-09 0 1.80437e-07 -2.60584e-09 0 1.79717e-07 -2.46775e-09 0
          1.78993e-07 -2.33641e-09 0 1.78265e-07 -2.21157e-09 0 1.77535e-07 -2.09298e-09 0 1.76803e-07 -1.98037e-09 0
          1.76069e-07 -1.8735e-09 0 1.75335e-07 -1.77212e-09 0 1.74601e-07 -1.67598e-09 0 1.73868e-07 -1.58483e-09 0
          1.73136e-07 -1.49846e-09 0 1.72406e-07 -1.41662e-09 0 1.71678e-07 -1.33911e-09 0 1.70952e-07 -1.26571e-09 0
          1.70229e-07 -1.19622e-09 0 1.69508e-07 -1.13044e-09 0 1.68791e-07 -1.06818e-09 0 8.42168e-08 -5.11798e-10 0
          8.64119e-08 -9.05829e-09 0 1.73358e-07 -1.80034e-08 0 1.74421e-07 -1.78471e-08 0 1.75474e-07 -1.7684e-08 0
          1.76514e-07 -1.75139e-08 0 1.77541e-07 -1.73364e-08 0 1.78554e-07 -1.71514e-08 0 1.79552e-07 -1.69585e-08 0
          1.80533e-07 -1.67576e-08 0 1.81496e-07 -1.65484e-08 0 1.8244e-07 -1.63308e-08 0 1.83362e-07 -1.61045e-08 0
          1.84261e-07 -1.58693e-08 0 1.85136e-07 -1.56253e-08 0 1.85984e-07 -1.53723e-08 0 1.86803e-07 -1.51102e-08 0
          1.87592e-07 -1.48392e-08 0 1.88347e-07 -1.45592e-08 0 1.89068e-07 -1.42705e-08 0 1.89751e-07 -1.39733e-08 0
          1.90395e-07 -1.36677e-08 0 1.90997e-07 -1.33542e-08 0 1.91556e-07 -1.30332e-08 0 1.92068e-07 -1.27051e-08 0
          1.92533e-07 -1.23707e-08 0 1.92948e-07 -1.20305e-08 0 1.93312e-07 -1.16852e-08 0 1.93623e-07 -1.13358e-08 0
          1.9388e-07 -1.09829e-08 0 1.94083e-07 -1.06276e-08 0 1.9423e-07 -1.02709e-08 0 1.94321e-07 -9.91355e-09 0
          1.94357e-07 -9.55674e-09 0 1.94337e-07 -9.20142e-09 0 1.94263e-07 -8.84859e-09 0 1.94136e-07 -8.49922e-09 0
          1.93956e-07 -8.15426e-09 0 1.93725e-07 -7.81457e-09 0 1.93445e-07 -7.48099e-09 0 1.93119e-07 -7.15428e-09 0
          1.92748e-07 -6.8351e-09 0 1.92335e-07 -6.52406e-09 0 1.91883e-07 -6.22167e-09 0 1.91394e-07 -5.92836e-09 0
          1.9087e-07 -5.64445e-09 0 1.90315e-07 -5.37021e-09 0 1.89731e-07 -5.10582e-09 0 1.89121e-07 -4.85138e-09 0
          1.88487e-07 -4.60693e-09 0 1.87831e-07 -4.37244e-09 0 1.87156e-07 -4.14783e-09 0 1.86465e-07 -3.93297e-09 0
          1.85759e-07 -3.72769e-09 0 1.85039e-07 -3.53178e-09 0 1.84309e-07 -3.34502e-09 0 1.8357e-07 -3.16713e-09 0
          1.82822e-07 -2.99786e-09 0 1.82068e-07 -2.83689e-09 0 1.81309e-07 -2.68394e-09 0 1.80546e-07 -2.5387e-09 0
          1.79781e-07 -2.40086e-09 0 1.79013e-07 -2.27011e-09 0 1.78244e-07 -2.14615e-09 0 1.77475e-07 -2.02867e-09 0
          1.76707e-07 -1.91738e-09 0 1.7594e-07 -1.81199e-09 0 1.75174e-07 -1.7122e-09 0 1.74411e-07 -1.61776e-09 0
          1.7365e-07 -1.5284e-09 0 1.72892e-07 -1.44386e-09 0 1.72138e-07 -1.3639e-09 0 1.71387e-07 -1.28827e-09 0
          1.70641e-07 -1.21677e-09 0 1.69898e-07 -1.14916e-09 0 1.6916e-07 -1.08525e-09 0 8.43959e-08 -5.19762e-10 0
          8.687e-08 -9.73233e-09 0 1.74295e-07 -1.93473e-08 0 1.754e-07 -1.91848e-08 0 1.76495e-07 -1.9015e-08 0
          1.7758e-07 -1.88376e-08 0 1.78654e-07 -1.86521e-08 0 1.79716e-07 -1.84583e-08 0 1.80764e-07 -1.82559e-08 0
          1.81797e-07 -1.80446e-08 0 1.82813e-07 -1.7824e-08 0 1.83811e-07 -1.75938e-08 0 1.84789e-07 -1.73539e-08 0
          1.85746e-07 -1.71039e-08 0 1.86678e-07 -1.68438e-08 0 1.87584e-07 -1.65733e-08 0 1.88461e-07 -1.62924e-08 0
          1.89308e-07 -1.6001e-08 0 1.90121e-07 -1.56993e-08 0 1.90898e-07 -1.53871e-08 0 1.91637e-07 -1.50649e-08 0
          1.92334e-07 -1.47327e-08 0 1.92987e-07 -1.4391e-08 0 1.93593e-07 -1.40402e-08 0 1.9415e-07 -1.36809e-08 0
          1.94656e-07 -1.33138e-08 0 1.95107e-07 -1.29395e-08 0 1.95502e-07 -1.2559e-08 0 1.95838e-07 -1.21732e-08 0
          1.96115e-07 -1.17831e-08 0 1.96331e-07 -1.13898e-08 0 1.96486e-07 -1.09946e-08 0 1.96578e-07 -1.05985e-08 0
          1.96607e-07 -1.02029e-08 0 1.96575e-07 -9.80899e-09 0 1.96481e-07 -9.41796e-09 0 1.96328e-07 -9.03101e-09 0
          1.96116e-07 -8.64931e-09 0 1.95848e-07 -8.27394e-09 0 1.95526e-07 -7.90588e-09 0 1.95152e-07 -7.54605e-09 0
          1.9473e-07 -7.19524e-09 0 1.94262e-07 -6.85415e-09 0 1.93752e-07 -6.52336e-09 0 1.93202e-07 -6.20334e-09 0
          1.92616e-07 -5.89444e-09 0 1.91998e-07 -5.59691e-09 0 1.9135e-07 -5.31091e-09 0 1.90675e-07 -5.0365e-09 0
          1.89976e-07 -4.77366e-09 0 1.89257e-07 -4.5223e-09 0 1.88519e-07 -4.28227e-09 0 1.87766e-07 -4.05334e-09 0
          1.86999e-07 -3.83527e-09 0 1.86221e-07 -3.62777e-09 0 1.85434e-07 -3.43051e-09 0 1.84639e-07 -3.24315e-09 0
          1.83838e-07 -3.06534e-09 0 1.83032e-07 -2.8967e-09 0 1.82224e-07 -2.73686e-09 0 1.81414e-07 -2.58545e-09 0
          1.80603e-07 -2.44209e-09 0 1.79792e-07 -2.3064e-09 0 1.78982e-07 -2.17804e-09 0 1.78173e-07 -2.05664e-09 0
          1.77367e-07 -1.94186e-09 0 1.76565e-07 -1.83337e-09 0 1.75765e-07 -1.73084e-09 0 1.7497e-07 -1.63396e-09 0
          1.74178e-07 -1.54244e-09 0 1.73392e-07 -1.45599e-09 0 1.7261e-07 -1.37434e-09 0 1.71833e-07 -1.29723e-09 0
          1.71062e-07 -1.22442e-09 0 1.70296e-07 -1.15566e-09 0 1.69536e-07 -1.09074e-09 0 8.45787e-08 -5.22168e-10 0
          8.7343e-08 -1.04205e-08 0 1.75263e-07 -2.07202e-08 0 1.76412e-07 -2.0553e-08 0 1.77555e-07 -2.03778e-08 0
          1.78689e-07 -2.01943e-08 0 1.79814e-07 -2.00022e-08 0 1.80929e-07 -1.9801e-08 0 1.82032e-07 -1.95903e-08 0
          1.83123e-07 -1.93698e-08 0 1.84199e-07 -1.9139e-08 0 1.85258e-07 -1.88975e-08 0 1.863e-07 -1.86449e-08 0
          1.8732e-07 -1.8381e-08 0 1.88319e-07 -1.81054e-08 0 1.89291e-07 -1.7818e-08 0 1.90236e-07 -1.75186e-08 0
          1.91151e-07 -1.7207e-08 0 1.92031e-07 -1.68832e-08 0 1.92876e-07 -1.65473e-08 0 1.9368e-07 -1.61992e-08 0
          1.94441e-07 -1.58393e-08 0 1.95155e-07 -1.5468e-08 0 1.9582e-07 -1.50856e-08 0 1.96432e-07 -1.46928e-08 0
          1.96987e-07 -1.42903e-08 0 1.97483e-07 -1.3879e-08 0 1.97917e-07 -1.34598e-08 0 1.98286e-07 -1.3034e-08 0
          1.98588e-07 -1.26027e-08 0 1.98822e-07 -1.21673e-08 0 1.98986e-07 -1.17292e-08 0 1.9908e-07 -1.12899e-08 0
          1.99103e-07 -1.08509e-08 0 1.99056e-07 -1.04138e-08 0 1.9894e-07 -9.9801e-09 0 1.98755e-07 -9.55129e-09 0
          1.98505e-07 -9.12879e-09 0 1.98192e-07 -8.71392e-09 0 1.97819e-07 -8.30792e-09 0 1.97388e-07 -7.91187e-09 0
          1.96904e-07 -7.52672e-09 0 1.9637e-07 -7.15327e-09 0 1.95791e-07 -6.79217e-09 0 1.9517e-07 -6.44393e-09 0
          1.9451e-07 -6.1089e-09 0 1.93817e-07 -5.7873e-09 0 1.93094e-07 -5.47925e-09 0 1.92344e-07 -5.18472e-09 0
          1.91571e-07 -4.90362e-09 0 1.90778e-07 -4.63574e-09 0 1.89969e-07 -4.38082e-09 0 1.89145e-07 -4.13855e-09 0
          1.8831e-07 -3.90854e-09 0 1.87466e-07 -3.6904e-09 0 1.86615e-07 -3.4837e-09 0 1.85758e-07 -3.28798e-09 0
          1.84898e-07 -3.10279e-09 0 1.84037e-07 -2.92766e-09 0 1.83174e-07 -2.76214e-09 0 1.82313e-07 -2.60575e-09 0
          1.81452e-07 -2.45806e-09 0 1.80595e-07 -2.31861e-09 0 1.79741e-07 -2.187e-09 0 1.7889e-07 -2.0628e-09 0
          1.78045e-07 -1.94561e-09 0 1.77204e-07 -1.83507e-09 0 1.76369e-07 -1.7308e-09 0 1.75539e-07 -1.63245e-09 0
          1.74716e-07 -1.53971e-09 0 1.73899e-07 -1.45224e-09 0 1.73089e-07 -1.36976e-09 0 1.72285e-07 -1.29198e-09 0
          1.71489e-07 -1.21863e-09 0 1.70699e-07 -1.14945e-09 0 1.69916e-07 -1.08422e-09 0 8.47631e-08 -5.18819e-10 0
          8.7827e-08 -1.11237e-08 0 1.76254e-07 -2.21244e-08 0 1.77452e-07 -2.19536e-08 0 1.78644e-07 -2.17744e-08 0
          1.79831e-07 -2.15864e-08 0 1.81011e-07 -2.13893e-08 0 1.82184e-07 -2.11824e-08 0 1.83348e-07 -2.09653e-08 0
          1.84502e-07 -2.07373e-08 0 1.85644e-07 -2.04979e-08 0 1.86773e-07 -2.02465e-08 0 1.87886e-07 -1.99827e-08 0
          1.8898e-07 -1.9706e-08 0 1.90054e-07 -1.94161e-08 0 1.91103e-07 -1.91127e-08 0 1.92126e-07 -1.87954e-08 0
          1.9312e-07 -1.8464e-08 0 1.9408e-07 -1.81184e-08 0 1.95003e-07 -1.77583e-08 0 1.95886e-07 -1.7384e-08 0
          1.96724e-07 -1.69954e-08 0 1.97513e-07 -1.65929e-08 0 1.98249e-07 -1.61769e-08 0 1.98928e-07 -1.57481e-08 0
          1.99545e-07 -1.53073e-08 0 2.00097e-07 -1.48554e-08 0 2.0058e-07 -1.43937e-08 0 2.0099e-07 -1.39234e-08 0
          2.01325e-07 -1.34461e-08 0 2.01583e-07 -1.29634e-08 0 2.01761e-07 -1.2477e-08 0 2.01858e-07 -1.19889e-08 0
          2.01875e-07 -1.15008e-08 0 2.01811e-07 -1.10149e-08 0 2.01667e-07 -1.0533e-08 0 2.01446e-07 -1.0057e-08 0
          2.0115e-07 -9.58864e-09 0 2.00782e-07 -9.12967e-09 0 2.00346e-07 -8.68155e-09 0 1.99846e-07 -8.2456e-09 0
          1.99287e-07 -7.82296e-09 0 1.98674e-07 -7.41454e-09 0 1.98011e-07 -7.02106e-09 0 1.97304e-07 -6.64304e-09 0
          1.96558e-07 -6.28081e-09 0 1.95776e-07 -5.93453e-09 0 1.94965e-07 -5.60421e-09 0 1.94128e-07 -5.28971e-09 0
          1.93269e-07 -4.99079e-09 0 1.92392e-07 -4.70711e-09 0 1.915e-07 -4.43825e-09 0 1.90597e-07 -4.18373e-09 0
          1.89685e-07 -3.94303e-09 0 1.88767e-07 -3.7156e-09 0 1.87845e-07 -3.50087e-09 0 1.86921e-07 -3.29825e-09 0
          1.85997e-07 -3.10716e-09 0 1.85073e-07 -2.92704e-09 0 1.84153e-07 -2.7573e-09 0 1.83235e-07 -2.5974e-09 0
          1.82323e-07 -2.44679e-09 0 1.81415e-07 -2.30498e-09 0 1.80514e-07 -2.17146e-09 0 1.79619e-07 -2.04575e-09 0
          1.78731e-07 -1.92741e-09 0 1.77851e-07 -1.81601e-09 0 1.76979e-07 -1.71114e-09 0 1.76114e-07 -1.61241e-09 0
          1.75258e-07 -1.51947e-09 0 1.7441e-07 -1.43197e-09 0 1.7357e-07 -1.34959e-09 0 1.72738e-07 -1.27202e-09 0
          1.71916e-07 -1.19897e-09 0 1.71101e-07 -1.13017e-09 0 1.70295e-07 -1.06538e-09 0 8.49471e-08 -5.09576e-10 0
          8.83179e-08 -1.1843e-08 0 1.77261e-07 -2.35617e-08 0 1.7851e-07 -2.33885e-08 0 1.79755e-07 -2.32067e-08 0
          1.80996e-07 -2.3016e-08 0 1.82234e-07 -2.28159e-08 0 1.83468e-07 -2.26056e-08 0 1.84698e-07 -2.23844e-08 0
          1.85923e-07 -2.21513e-08 0 1.8714e-07 -2.19055e-08 0 1.88346e-07 -2.16462e-08 0 1.89539e-07 -2.13728e-08 0
          1.90717e-07 -2.10849e-08 0 1.91876e-07 -2.07821e-08 0 1.93013e-07 -2.0464e-08 0 1.94126e-07 -2.013e-08 0
          1.95211e-07 -1.97799e-08 0 1.96265e-07 -1.94131e-08 0 1.97282e-07 -1.90293e-08 0 1.98259e-07 -1.86284e-08 0
          1.9919e-07 -1.82103e-08 0 2.0007e-07 -1.77752e-08 0 2.00893e-07 -1.73236e-08 0 2.01655e-07 -1.68561e-08 0
          2.0235e-07 -1.63736e-08 0 2.02973e-07 -1.58772e-08 0 2.03518e-07 -1.53682e-08 0 2.03982e-07 -1.48482e-08 0
          2.0436e-07 -1.4319e-08 0 2.04649e-07 -1.37826e-08 0 2.04846e-07 -1.32412e-08 0 2.04951e-07 -1.26971e-08 0
          2.0496e-07 -1.21529e-08 0 2.04877e-07 -1.16109e-08 0 2.047e-07 -1.10738e-08 0 2.04434e-07 -1.05439e-08 0
          2.04081e-07 -1.00235e-08 0 2.03645e-07 -9.51471e-09 0 2.03132e-07 -9.01942e-09 0 2.02547e-07 -8.53922e-09 0
          2.01897e-07 -8.07546e-09 0 2.01187e-07 -7.62917e-09 0 2.00423e-07 -7.20114e-09 0 1.99613e-07 -6.79185e-09 0
          1.98762e-07 -6.40156e-09 0 1.97877e-07 -6.03029e-09 0 1.96962e-07 -5.67788e-09 0 1.96023e-07 -5.34402e-09 0
          1.95065e-07 -5.02824e-09 0 1.94091e-07 -4.73e-09 0 1.93106e-07 -4.44865e-09 0 1.92113e-07 -4.18352e-09 0
          1.91115e-07 -3.93387e-09 0 1.90115e-07 -3.69898e-09 0 1.89115e-07 -3.47808e-09 0 1.88117e-07 -3.27045e-09 0
          1.87122e-07 -3.07535e-09 0 1.86132e-07 -2.89207e-09 0 1.85149e-07 -2.71992e-09 0 1.84172e-07 -2.55826e-09 0
          1.83204e-07 -2.40645e-09 0 1.82244e-07 -2.26389e-09 0 1.81293e-07 -2.13001e-09 0 1.80352e-07 -2.00428e-09 0
          1.7942e-07 -1.8862e-09 0 1.78499e-07 -1.77528e-09 0 1.77588e-07 -1.67108e-09 0 1.76687e-07 -1.57318e-09 0
          1.75797e-07 -1.48118e-09 0 1.74917e-07 -1.39472e-09 0 1.74047e-07 -1.31344e-09 0 1.73187e-07 -1.23703e-09 0
          1.72338e-07 -1.16518e-09 0 1.71499e-07 -1.0976e-09 0 1.70669e-07 -1.03403e-09 0 8.51286e-08 -4.94364e-10 0
          8.88138e-08 -1.25801e-08 0 1.7828e-07 -2.50341e-08 0 1.79581e-07 -2.48586e-08 0 1.80877e-07 -2.46749e-08 0
          1.82172e-07 -2.44833e-08 0 1.83467e-07 -2.42832e-08 0 1.84765e-07 -2.40733e-08 0 1.86067e-07 -2.38518e-08 0
          1.8737e-07 -2.3617e-08 0 1.8867e-07 -2.33676e-08 0 1.89965e-07 -2.31026e-08 0 1.9125e-07 -2.28216e-08 0
          1.92521e-07 -2.25242e-08 0 1.93776e-07 -2.22102e-08 0 1.95012e-07 -2.18792e-08 0 1.96227e-07 -2.15306e-08 0
          1.97418e-07 -2.11635e-08 0 1.98581e-07 -2.07772e-08 0 1.9971e-07 -2.03708e-08 0 2.008e-07 -1.99437e-08 0
          2.01844e-07 -1.94958e-08 0 2.02836e-07 -1.9027e-08 0 2.03768e-07 -1.85377e-08 0 2.04634e-07 -1.80286e-08 0
          2.05427e-07 -1.75006e-08 0 2.06139e-07 -1.69551e-08 0 2.06765e-07 -1.63933e-08 0 2.07298e-07 -1.58173e-08 0
          2.07733e-07 -1.5229e-08 0 2.08065e-07 -1.4631e-08 0 2.0829e-07 -1.4026e-08 0 2.08405e-07 -1.34171e-08 0
          2.08409e-07 -1.28074e-08 0 2.08302e-07 -1.22002e-08 0 2.08086e-07 -1.15988e-08 0 2.07763e-07 -1.10065e-08 0
          2.07339e-07 -1.04261e-08 0 2.06819e-07 -9.86035e-09 0 2.06209e-07 -9.3117e-09 0 2.05518e-07 -8.78207e-09 0
          2.04754e-07 -8.27306e-09 0 2.03925e-07 -7.7858e-09 0 2.03038e-07 -7.32107e-09 0 2.02103e-07 -6.87928e-09 0
          2.01127e-07 -6.46048e-09 0 2.00117e-07 -6.06448e-09 0 1.9908e-07 -5.69083e-09 0 1.98023e-07 -5.33892e-09 0
          1.96949e-07 -5.00799e-09 0 1.95865e-07 -4.69716e-09 0 1.94775e-07 -4.40552e-09 0 1.93681e-07 -4.1321e-09 0
          1.92588e-07 -3.87591e-09 0 1.91497e-07 -3.63599e-09 0 1.90412e-07 -3.41136e-09 0 1.89333e-07 -3.2011e-09 0
          1.88262e-07 -3.00431e-09 0 1.87202e-07 -2.82014e-09 0 1.86151e-07 -2.64776e-09 0 1.85112e-07 -2.48641e-09 0
          1.84085e-07 -2.33537e-09 0 1.8307e-07 -2.19393e-09 0 1.82068e-07 -2.06148e-09 0 1.81079e-07 -1.93741e-09 0
          1.80102e-07 -1.82116e-09 0 1.79139e-07 -1.71221e-09 0 1.78189e-07 -1.61008e-09 0 1.77251e-07 -1.51431e-09 0
          1.76326e-07 -1.42448e-09 0 1.75414e-07 -1.34021e-09 0 1.74514e-07 -1.26112e-09 0 1.73626e-07 -1.18687e-09 0
          1.7275e-07 -1.11716e-09 0 1.71886e-07 -1.05168e-09 0 1.71034e-07 -9.90166e-10 0 8.53052e-08 -4.73185e-10 0
          8.93218e-08 -1.33374e-08 0 1.79322e-07 -2.65427e-08 0 1.8067e-07 -2.63603e-08 0 1.82005e-07 -2.61736e-08 0
          1.83338e-07 -2.59841e-08 0 1.84682e-07 -2.579e-08 0 1.86043e-07 -2.55878e-08 0 1.87424e-07 -2.5373e-08 0
          1.8882e-07 -2.5142e-08 0 1.90221e-07 -2.48924e-08 0 1.91619e-07 -2.46235e-08 0 1.93008e-07 -2.43356e-08 0
          1.94383e-07 -2.40297e-08 0 1.95742e-07 -2.37062e-08 0 1.97085e-07 -2.3365e-08 0 1.98414e-07 -2.30052e-08 0
          1.99725e-07 -2.2625e-08 0 2.01016e-07 -2.22225e-08 0 2.02279e-07 -2.17961e-08 0 2.03507e-07 -2.13444e-08 0
          2.04691e-07 -2.08667e-08 0 2.05821e-07 -2.03631e-08 0 2.06889e-07 -1.9834e-08 0 2.07884e-07 -1.92803e-08 0
          2.088e-07 -1.87029e-08 0 2.09627e-07 -1.81031e-08 0 2.10358e-07 -1.74825e-08 0 2.10983e-07 -1.68429e-08 0
          2.11495e-07 -1.61869e-08 0 2.11887e-07 -1.55173e-08 0 2.12152e-07 -1.48378e-08 0 2.12285e-07 -1.41522e-08 0
          2.12285e-07 -1.34649e-08 0 2.12151e-07 -1.27802e-08 0 2.11885e-07 -1.21028e-08 0 2.11491e-07 -1.14368e-08 0
          2.10975e-07 -1.07862e-08 0 2.10347e-07 -1.01546e-08 0 2.09615e-07 -9.54495e-09 0 2.08789e-07 -8.9598e-09 0
          2.07882e-07 -8.40092e-09 0 2.06903e-07 -7.86953e-09 0 2.05865e-07 -7.36628e-09 0 2.04777e-07 -6.89134e-09 0
          2.0365e-07 -6.44441e-09 0 2.02492e-07 -6.0249e-09 0 2.01311e-07 -5.6319e-09 0 2.00115e-07 -5.26435e-09 0
          1.98909e-07 -4.92102e-09 0 1.977e-07 -4.60062e-09 0 1.9649e-07 -4.30185e-09 0 1.95285e-07 -4.02336e-09 0
          1.94086e-07 -3.76385e-09 0 1.92896e-07 -3.52207e-09 0 1.91718e-07 -3.2968e-09 0 1.90553e-07 -3.0869e-09 0
          1.89402e-07 -2.89128e-09 0 1.88266e-07 -2.70892e-09 0 1.87146e-07 -2.53887e-09 0 1.86042e-07 -2.38026e-09 0
          1.84954e-07 -2.23224e-09 0 1.83883e-07 -2.09407e-09 0 1.82828e-07 -1.96503e-09 0 1.8179e-07 -1.84448e-09 0
          1.80768e-07 -1.7318e-09 0 1.79762e-07 -1.62644e-09 0 1.78772e-07 -1.52788e-09 0 1.77798e-07 -1.43564e-09 0
          1.76839e-07 -1.34929e-09 0 1.75894e-07 -1.26842e-09 0 1.74965e-07 -1.19264e-09 0 1.74049e-07 -1.12161e-09 0
          1.73147e-07 -1.05502e-09 0 1.72259e-07 -9.92552e-10 0 1.71384e-07 -9.33941e-10 0 8.54746e-08 -4.46126e-10 0
          8.98829e-08 -1.41194e-08 0 1.8046e-07 -2.80813e-08 0 1.81817e-07 -2.78739e-08 0 1.8313e-07 -2.76797e-08 0
          1.84449e-07 -2.75007e-08 0 1.8581e-07 -2.73297e-08 0 1.87235e-07 -2.71541e-08 0 1.88718e-07 -2.69616e-08 0
          1.90243e-07 -2.67432e-08 0 1.91782e-07 -2.64955e-08 0 1.93313e-07 -2.62198e-08 0 1.9482e-07 -2.59206e-08 0
          1.963e-07 -2.56031e-08 0 1.97759e-07 -2.52708e-08 0 1.99207e-07 -2.4924e-08 0 2.00653e-07 -2.45604e-08 0
          2.02099e-07 -2.41755e-08 0 2.03542e-07 -2.37646e-08 0 2.04972e-07 -2.33234e-08 0 2.06374e-07 -2.28496e-08 0
          2.07733e-07 -2.23424e-08 0 2.09036e-07 -2.18025e-08 0 2.10271e-07 -2.1231e-08 0 2.11428e-07 -2.06293e-08 0
          2.12498e-07 -1.99985e-08 0 2.13472e-07 -1.93396e-08 0 2.1434e-07 -1.86537e-08 0 2.1509e-07 -1.79423e-08 0
          2.15709e-07 -1.7208e-08 0 2.16186e-07 -1.64543e-08 0 2.1651e-07 -1.56857e-08 0 2.16674e-07 -1.49077e-08 0
          2.16673e-07 -1.41263e-08 0 2.16506e-07 -1.33477e-08 0 2.16177e-07 -1.25781e-08 0 2.1569e-07 -1.18234e-08 0
          2.15056e-07 -1.10893e-08 0 2.14286e-07 -1.03803e-08 0 2.13393e-07 -9.70037e-09 0 2.12394e-07 -9.05259e-09 0
          2.11303e-07 -8.43897e-09 0 2.10136e-07 -7.86063e-09 0 2.08907e-07 -7.31789e-09 0 2.07632e-07 -6.81037e-09 0
          2.06321e-07 -6.33716e-09 0 2.04986e-07 -5.89694e-09 0 2.03636e-07 -5.48809e-09 0 2.0228e-07 -5.10887e-09 0
          2.00923e-07 -4.75741e-09 0 1.99572e-07 -4.43185e-09 0 1.9823e-07 -4.13036e-09 0 1.96901e-07 -3.85115e-09 0
          1.95588e-07 -3.59255e-09 0 1.94292e-07 -3.35296e-09 0 1.93015e-07 -3.13089e-09 0 1.91759e-07 -2.92497e-09 0
          1.90524e-07 -2.73391e-09 0 1.8931e-07 -2.55655e-09 0 1.88118e-07 -2.3918e-09 0 1.86947e-07 -2.23867e-09 0
          1.85797e-07 -2.09624e-09 0 1.84669e-07 -1.9637e-09 0 1.83562e-07 -1.84026e-09 0 1.82474e-07 -1.72525e-09 0
          1.81407e-07 -1.61801e-09 0 1.80359e-07 -1.51796e-09 0 1.7933e-07 -1.42457e-09 0 1.7832e-07 -1.33734e-09 0
          1.77327e-07 -1.25582e-09 0 1.76351e-07 -1.1796e-09 0 1.75392e-07 -1.10831e-09 0 1.7445e-07 -1.04158e-09 0
          1.73523e-07 -9.79096e-10 0 1.72611e-07 -9.20565e-10 0 1.71714e-07 -8.65711e-10 0 8.56345e-08 -4.13366e-10 0
          9.0657e-08 -1.49266e-08 0 1.81953e-07 -2.96014e-08 0 1.83133e-07 -2.93149e-08 0 1.84207e-07 -2.91118e-08 0
          1.85346e-07 -2.89828e-08 0 1.86656e-07 -2.88913e-08 0 1.88167e-07 -2.87956e-08 0 1.89844e-07 -2.86613e-08 0
          1.91614e-07 -2.84681e-08 0 1.93393e-07 -2.82127e-08 0 1.95113e-07 -2.79078e-08 0 1.96746e-07 -2.75735e-08 0
          1.98297e-07 -2.72293e-08 0 1.99806e-07 -2.6887e-08 0 2.01317e-07 -2.65468e-08 0 2.02865e-07 -2.61995e-08 0
          2.04464e-07 -2.58313e-08 0 2.06103e-07 -2.54286e-08 0 2.07758e-07 -2.49822e-08 0 2.09394e-07 -2.44884e-08 0
          2.10982e-07 -2.39485e-08 0 2.125e-07 -2.33668e-08 0 2.13936e-07 -2.2748e-08 0 2.15285e-07 -2.2095e-08 0
          2.16542e-07 -2.14089e-08 0 2.17703e-07 -2.06886e-08 0 2.18754e-07 -1.99329e-08 0 2.19677e-07 -1.91415e-08 0
          2.20452e-07 -1.83164e-08 0 2.21056e-07 -1.74619e-08 0 2.21471e-07 -1.65843e-08 0 2.21685e-07 -1.56918e-08 0
          2.2169e-07 -1.47932e-08 0 2.21484e-07 -1.38974e-08 0 2.21071e-07 -1.30134e-08 0 2.2046e-07 -1.21497e-08 0
          2.19666e-07 -1.13139e-08 0 2.18705e-07 -1.05126e-08 0 2.17599e-07 -9.75089e-09 0 2.16369e-07 -9.03252e-09 0
          2.15039e-07 -8.35956e-09 0 2.1363e-07 -7.73269e-09 0 2.12162e-07 -7.15139e-09 0 2.10654e-07 -6.61421e-09 0
          2.09121e-07 -6.11906e-09 0 2.07575e-07 -5.66346e-09 0 2.06028e-07 -5.24471e-09 0 2.04487e-07 -4.86005e-09 0
          2.02959e-07 -4.50676e-09 0 2.0145e-07 -4.18224e-09 0 1.99963e-07 -3.884e-09 0 1.98501e-07 -3.60977e-09 0
          1.97065e-07 -3.35743e-09 0 1.95657e-07 -3.12503e-09 0 1.94278e-07 -2.91082e-09 0 1.92927e-07 -2.71317e-09 0
          1.91606e-07 -2.53065e-09 0 1.90312e-07 -2.36192e-09 0 1.89047e-07 -2.2058e-09 0 1.8781e-07 -2.06121e-09 0
          1.86599e-07 -1.92718e-09 0 1.85414e-07 -1.80282e-09 0 1.84255e-07 -1.68733e-09 0 1.8312e-07 -1.57999e-09 0
          1.82008e-07 -1.48016e-09 0 1.8092e-07 -1.38722e-09 0 1.79853e-07 -1.30064e-09 0 1.78808e-07 -1.21993e-09 0
          1.77783e-07 -1.14464e-09 0 1.76777e-07 -1.07435e-09 0 1.75791e-07 -1.00871e-09 0 1.74822e-07 -9.4735e-10 0
          1.73871e-07 -8.89975e-10 0 1.72938e-07 -8.36293e-10 0 1.7202e-07 -7.86041e-10 0 8.57825e-08 -3.75182e-10 0
          9.22202e-08 -1.56921e-08 0 1.84593e-07 -3.08049e-08 0 1.84737e-07 -3.03588e-08 0 1.84874e-07 -3.02443e-08 0
          1.85454e-07 -3.03267e-08 0 1.86633e-07 -3.04846e-08 0 1.88396e-07 -3.06128e-08 0 1.90597e-07 -3.06213e-08 0
          1.92985e-07 -3.04599e-08 0 1.95296e-07 -3.01381e-08 0 1.97331e-07 -2.97048e-08 0 1.99024e-07 -2.92442e-08 0
          2.00458e-07 -2.8826e-08 0 2.01803e-07 -2.84798e-08 0 2.03227e-07 -2.81931e-08 0 2.04831e-07 -2.79251e-08 0
          2.06634e-07 -2.76306e-08 0 2.08589e-07 -2.72736e-08 0 2.1061e-07 -2.68343e-08 0 2.12606e-07 -2.63109e-08 0
          2.14504e-07 -2.57172e-08 0 2.16272e-07 -2.50725e-08 0 2.17914e-07 -2.43941e-08 0 2.19456e-07 -2.36895e-08 0
          2.20921e-07 -2.29558e-08 0 2.22316e-07 -2.21834e-08 0 2.23625e-07 -2.13617e-08 0 2.2481e-07 -2.04846e-08 0
          2.25826e-07 -1.95527e-08 0 2.2663e-07 -1.85728e-08 0 2.2719e-07 -1.75563e-08 0 2.27484e-07 -1.65165e-08 0
          2.27503e-07 -1.54671e-08 0 2.27246e-07 -1.44212e-08 0 2.2672e-07 -1.33914e-08 0 2.25938e-07 -1.23898e-08 0
          2.24921e-07 -1.14274e-08 0 2.23696e-07 -1.05139e-08 0 2.22295e-07 -9.65632e-09 0 2.20752e-07 -8.85915e-09 0
          2.19103e-07 -8.12402e-09 0 2.17378e-07 -7.45019e-09 0 2.15606e-07 -6.83521e-09 0 2.1381e-07 -6.27553e-09 0
          2.12008e-07 -5.76699e-09 0 2.10214e-07 -5.30527e-09 0 2.08439e-07 -4.88605e-09 0 2.0669e-07 -4.50523e-09 0
          2.04973e-07 -4.15901e-09 0 2.03293e-07 -3.8439e-09 0 2.0165e-07 -3.55673e-09 0 2.00047e-07 -3.29465e-09 0
          1.98484e-07 -3.05514e-09 0 1.9696e-07 -2.83593e-09 0 1.95477e-07 -2.635e-09 0 1.94031e-07 -2.45056e-09 0
          1.92623e-07 -2.28101e-09 0 1.91252e-07 -2.12494e-09 0 1.89915e-07 -1.98109e-09 0 1.88612e-07 -1.84833e-09 0
          1.87342e-07 -1.72566e-09 0 1.86103e-07 -1.61217e-09 0 1.84894e-07 -1.50706e-09 0 1.83713e-07 -1.40962e-09 0
          1.8256e-07 -1.31919e-09 0 1.81433e-07 -1.23518e-09 0 1.80331e-07 -1.15707e-09 0 1.79253e-07 -1.08438e-09 0
          1.78198e-07 -1.01669e-09 0 1.77165e-07 -9.53592e-10 0 1.76152e-07 -8.9474e-10 0 1.7516e-07 -8.39809e-10 0
          1.74187e-07 -7.88503e-10 0 1.73233e-07 -7.40553e-10 0 1.72296e-07 -6.95714e-10 0 8.59162e-08 -3.31953e-10 0
          9.56765e-08 -1.53859e-08 0 1.89131e-07 -3.03057e-08 0 1.85501e-07 -3.02385e-08 0 1.83517e-07 -3.07088e-08 0
          1.83144e-07 -3.14257e-08 0 1.84269e-07 -3.22019e-08 0 1.86758e-07 -3.28855e-08 0 1.9043e-07 -3.33207e-08 0
          1.94759e-07 -3.32544e-08 0 1.98657e-07 -3.25485e-08 0 2.01214e-07 -3.15403e-08 0 2.024e-07 -3.06303e-08 0
          2.02845e-07 -3.00623e-08 0 2.03319e-07 -2.98268e-08 0 2.04294e-07 -2.97751e-08 0 2.05918e-07 -2.97717e-08 0
          2.08151e-07 -2.97014e-08 0 2.10806e-07 -2.94712e-08 0 2.13601e-07 -2.90366e-08 0 2.16256e-07 -2.84173e-08 0
          2.18583e-07 -2.76707e-08 0 2.20541e-07 -2.68852e-08 0 2.22238e-07 -2.61188e-08 0 2.23841e-07 -2.5387e-08 0
          2.2548e-07 -2.46587e-08 0 2.27193e-07 -2.38848e-08 0 2.28923e-07 -2.3025e-08 0 2.30564e-07 -2.20595e-08 0
          2.31997e-07 -2.09903e-08 0 2.33128e-07 -1.98386e-08 0 2.33906e-07 -1.86315e-08 0 2.34312e-07 -1.7395e-08 0
          2.34349e-07 -1.61484e-08 0 2.34023e-07 -1.49075e-08 0 2.33343e-07 -1.36874e-08 0 2.32321e-07 -1.25045e-08 0
          2.30984e-07 -1.13782e-08 0 2.29375e-07 -1.03242e-08 0 2.27549e-07 -9.3539e-09 0 2.25566e-07 -8.472e-09 0
          2.23481e-07 -7.67756e-09 0 2.21341e-07 -6.96579e-09 0 2.19184e-07 -6.32988e-09 0 2.17034e-07 -5.7623e-09 0
          2.14913e-07 -5.25554e-09 0 2.12832e-07 -4.80258e-09 0 2.10801e-07 -4.39702e-09 0 2.08825e-07 -4.03314e-09 0
          2.06905e-07 -3.70594e-09 0 2.05044e-07 -3.41103e-09 0 2.03241e-07 -3.1446e-09 0 2.01494e-07 -2.90333e-09 0
          1.99803e-07 -2.68435e-09 0 1.98165e-07 -2.48516e-09 0 1.96579e-07 -2.30359e-09 0 1.95041e-07 -2.13775e-09 0
          1.9355e-07 -1.98599e-09 0 1.92104e-07 -1.84685e-09 0 1.907e-07 -1.71908e-09 0 1.89336e-07 -1.60154e-09 0
          1.8801e-07 -1.49326e-09 0 1.86721e-07 -1.39337e-09 0 1.85466e-07 -1.30108e-09 0 1.84243e-07 -1.21571e-09 0
          1.83051e-07 -1.13665e-09 0 1.81889e-07 -1.06335e-09 0 1.80755e-07 -9.95318e-10 0 1.79647e-07 -9.32108e-10 0
          1.78565e-07 -8.73327e-10 0 1.77507e-07 -8.18614e-10 0 1.76471e-07 -7.67646e-10 0 1.75458e-07 -7.20129e-10 0
          1.74465e-07 -6.75796e-10 0 1.73493e-07 -6.34404e-10 0 1.72539e-07 -5.95734e-10 0 8.60335e-08 -2.84161e-10 0
          1.02906e-07 -1.34205e-08 0 2.0286e-07 -2.79799e-08 0 1.98444e-07 -2.92732e-08 0 1.96666e-07 -3.09208e-08 0
          1.97089e-07 -3.27315e-08 0 1.9955e-07 -3.45328e-08 0 2.03869e-07 -3.61372e-08 0 2.09327e-07 -3.70659e-08 0
          2.13795e-07 -3.63317e-08 0 2.14742e-07 -3.3938e-08 0 2.11983e-07 -3.15871e-08 0 2.0767e-07 -3.02461e-08 0
          2.0416e-07 -3.01249e-08 0 2.02527e-07 -3.05679e-08 0 2.0272e-07 -3.12251e-08 0 2.04553e-07 -3.18863e-08 0
          2.07834e-07 -3.2392e-08 0 2.12305e-07 -3.25672e-08 0 2.17303e-07 -3.21451e-08 0 2.2162e-07 -3.10385e-08 0
          2.24408e-07 -2.96771e-08 0 2.25829e-07 -2.8471e-08 0 2.267e-07 -2.764e-08 0 2.27827e-07 -2.70689e-08 0
          2.29555e-07 -2.65643e-08 0 2.3187e-07 -2.59666e-08 0 2.34525e-07 -2.51512e-08 0 2.37141e-07 -2.40694e-08 0
          2.39368e-07 -2.27635e-08 0 2.41002e-07 -2.13135e-08 0 2.42009e-07 -1.98144e-08 0 2.42476e-07 -1.83189e-08 0
          2.42506e-07 -1.68406e-08 0 2.42126e-07 -1.53583e-08 0 2.4128e-07 -1.38752e-08 0 2.39933e-07 -1.24347e-08 0
          2.38111e-07 -1.10745e-08 0 2.35897e-07 -9.83634e-09 0 2.33415e-07 -8.73852e-09 0 2.30784e-07 -7.77864e-09 0
          2.28096e-07 -6.94429e-09 0 2.25413e-07 -6.21993e-09 0 2.22776e-07 -5.59017e-09 0 2.20207e-07 -5.0411e-09 0
          2.17721e-07 -4.56066e-09 0 2.15325e-07 -4.1386e-09 0 2.1302e-07 -3.7663e-09 0 2.10805e-07 -3.43657e-09 0
          2.08679e-07 -3.14337e-09 0 2.06637e-07 -2.88169e-09 0 2.04676e-07 -2.64728e-09 0 2.02791e-07 -2.4366e-09 0
          2.00977e-07 -2.24664e-09 0 1.99232e-07 -2.07486e-09 0 1.97549e-07 -1.91908e-09 0 1.95927e-07 -1.77746e-09 0
          1.9436e-07 -1.64838e-09 0 1.92845e-07 -1.53048e-09 0 1.9138e-07 -1.42257e-09 0 1.89961e-07 -1.32359e-09 0
          1.88586e-07 -1.23266e-09 0 1.87252e-07 -1.14897e-09 0 1.85956e-07 -1.07183e-09 0 1.84696e-07 -1.00061e-09 0
          1.83471e-07 -9.34779e-10 0 1.82278e-07 -8.73843e-10 0 1.81116e-07 -8.17372e-10 0 1.79982e-07 -7.64979e-10 0
          1.78877e-07 -7.16319e-10 0 1.77797e-07 -6.71081e-10 0 1.76741e-07 -6.28985e-10 0 1.7571e-07 -5.89778e-10 0
          1.747e-07 -5.53233e-10 0 1.73712e-07 -5.19142e-10 0 1.72744e-07 -4.87318e-10 0 8.61325e-08 -2.32387e-10 0
          1.39933e-08 -8.91195e-09 0 3.05412e-08 -1.92558e-08 0 3.66329e-08 -2.06172e-08 0 4.50925e-08 -2.21204e-08 0
          5.686e-08 -2.37612e-08 0 7.36023e-08 -2.54822e-08 0 9.84814e-08 -2.72112e-08 0 1.33813e-07 -2.86149e-08 0
          1.73635e-07 -2.89042e-08 0 2.05576e-07 -2.81104e-08 0 2.21011e-07 -2.76002e-08 0 2.21184e-07 -2.80398e-08 0
          2.17246e-07 -2.94417e-08 0 2.16218e-07 -3.1206e-08 0 2.17617e-07 -3.30835e-08 0 2.21307e-07 -3.4887e-08 0
          2.27057e-07 -3.6373e-08 0 2.33837e-07 -3.69282e-08 0 2.38932e-07 -3.54606e-08 0 2.3957e-07 -3.2333e-08 0
          2.36112e-07 -2.9614e-08 0 2.31778e-07 -2.84019e-08 0 2.2923e-07 -2.83004e-08 0 2.29072e-07 -2.85758e-08 0
          2.3108e-07 -2.88845e-08 0 2.34919e-07 -2.89322e-08 0 2.40072e-07 -2.84787e-08 0 2.45526e-07 -2.72103e-08 0
          2.49652e-07 -2.50768e-08 0 2.51522e-07 -2.27524e-08 0 2.51823e-07 -2.08083e-08 0 2.51843e-07 -1.92592e-08 0
          2.52037e-07 -1.7669e-08 0 2.51999e-07 -1.59043e-08 0 2.51288e-07 -1.40077e-08 0 2.49535e-07 -1.2039e-08 0
          2.46759e-07 -1.02868e-08 0 2.43396e-07 -8.82857e-09 0 2.39815e-07 -7.63187e-09 0 2.36223e-07 -6.6474e-09 0
          2.32723e-07 -5.83162e-09 0 2.29366e-07 -5.14978e-09 0 2.26169e-07 -4.57491e-09 0 2.23137e-07 -4.08612e-09 0
          2.20265e-07 -3.66721e-09 0 2.17546e-07 -3.30552e-09 0 2.1497e-07 -2.99109e-09 0 2.12526e-07 -2.71602e-09 0
          2.10204e-07 -2.47398e-09 0 2.07995e-07 -2.25989e-09 0 2.0589e-07 -2.06961e-09 0 2.0388e-07 -1.89972e-09 0
          2.01958e-07 -1.74745e-09 0 2.00118e-07 -1.61044e-09 0 1.98352e-07 -1.48676e-09 0 1.96656e-07 -1.37476e-09 0
          1.95024e-07 -1.27305e-09 0 1.93452e-07 -1.18043e-09 0 1.91935e-07 -1.09589e-09 0 1.9047e-07 -1.01855e-09 0
          1.89053e-07 -9.47657e-10 0 1.87681e-07 -8.8254e-10 0 1.86352e-07 -8.22627e-10 0 1.85062e-07 -7.67409e-10 0
          1.83809e-07 -7.16441e-10 0 1.82591e-07 -6.6933e-10 0 1.81406e-07 -6.25725e-10 0 1.80251e-07 -5.85316e-10 0
          1.79126e-07 -5.47825e-10 0 1.78029e-07 -5.13004e-10 0 1.76958e-07 -4.80631e-10 0 1.75911e-07 -4.50504e-10 0
          1.74888e-07 -4.22443e-10 0 1.73887e-07 -3.96285e-10 0 1.72907e-07 -3.71882e-10 0 8.62114e-08 -1.77302e-10 0
          6.87699e-09 -4.34173e-09 0 1.42102e-08 -9.03786e-09 0 1.51884e-08 -9.43235e-09 0 1.6301e-08 -9.90483e-09 0
          1.75756e-08 -1.0477e-08 0 1.90224e-08 -1.11718e-08 0 2.05826e-08 -1.20263e-08 0 2.21367e-08 -1.30901e-08 0
          2.36032e-08 -1.43362e-08 0 2.52262e-08 -1.5637e-08 0 2.77804e-08 -1.69555e-08 0 3.23021e-08 -1.83436e-08 0
          3.91902e-08 -1.9829e-08 0 4.87759e-08 -2.1451e-08 0 6.21055e-08 -2.31936e-08 0 8.1281e-08 -2.49986e-08 0
          1.10128e-07 -2.67532e-08 0 1.51082e-07 -2.80161e-08 0 1.96596e-07 -2.79139e-08 0 2.3201e-07 -2.67908e-08 0
          2.46994e-07 -2.6294e-08 0 2.47001e-07 -2.71764e-08 0 2.45717e-07 -2.88951e-08 0 2.47856e-07 -3.0826e-08 0
          2.53087e-07 -3.26412e-08 0 2.60945e-07 -3.38816e-08 0 2.69836e-07 -3.36786e-08 0 2.75455e-07 -3.04118e-08 0
          2.73683e-07 -2.50572e-08 0 2.66504e-07 -2.13376e-08 0 2.60181e-07 -2.03308e-08 0 2.58187e-07 -2.02499e-08 0
          2.6119e-07 -2.0286e-08 0 2.66277e-07 -1.80124e-08 0 2.67086e-07 -1.36536e-08 0 2.62852e-07 -1.04778e-08 0
          2.57127e-07 -8.39066e-09 0 2.51455e-07 -6.91005e-09 0 2.46175e-07 -5.8021e-09 0 2.41325e-07 -4.94506e-09 0
          2.3688e-07 -4.26618e-09 0 2.32798e-07 -3.71814e-09 0 2.29037e-07 -3.26862e-09 0 2.25559e-07 -2.89479e-09 0
          2.22331e-07 -2.58014e-09 0 2.19323e-07 -2.31246e-09 0 2.1651e-07 -2.0826e-09 0 2.13871e-07 -1.88357e-09 0
          2.11385e-07 -1.70995e-09 0 2.09039e-07 -1.5575e-09 0 2.06817e-07 -1.42284e-09 0 2.04707e-07 -1.30326e-09 0
          2.02699e-07 -1.19656e-09 0 2.00784e-07 -1.10096e-09 0 1.98953e-07 -1.01495e-09 0 1.972e-07 -9.37306e-10 0
          1.95518e-07 -8.66981e-10 0 1.93902e-07 -8.031e-10 0 1.92346e-07 -7.44915e-10 0 1.90846e-07 -6.91787e-10 0
          1.89398e-07 -6.43168e-10 0 1.87998e-07 -5.9858e-10 0 1.86643e-07 -5.57611e-10 0 1.8533e-07 -5.199e-10 0
          1.84057e-07 -4.85131e-10 0 1.8282e-07 -4.53025e-10 0 1.81618e-07 -4.23337e-10 0 1.80448e-07 -3.95848e-10 0
          1.79309e-07 -3.70364e-10 0 1.78198e-07 -3.46711e-10 0 1.77115e-07 -3.24736e-10 0 1.76058e-07 -3.04298e-10 0
          1.75025e-07 -2.85272e-10 0 1.74014e-07 -2.67545e-10 0 1.73026e-07 -2.51015e-10 0 8.62688e-08 -1.19658e-10 0
          3.61541e-09 -1.92261e-09 0 7.39357e-09 -3.98522e-09 0 7.73573e-09 -4.13742e-09 0 8.11117e-09 -4.30632e-09 0
          8.5202e-09 -4.49459e-09 0 8.95816e-09 -4.7063e-09 0 9.41233e-09 -4.94206e-09 0 9.87959e-09 -5.19691e-09 0
          1.03797e-08 -5.46245e-09 0 1.09572e-08 -5.73229e-09 0 1.16834e-08 -6.00646e-09 0 1.25951e-08 -6.30785e-09 0
          1.36787e-08 -6.67263e-09 0 1.49356e-08 -7.11662e-09 0 1.6401e-08 -7.66118e-09 0 1.80806e-08 -8.33022e-09 0
          1.99379e-08 -9.17598e-09 0 2.18966e-08 -1.02625e-08 0 2.39308e-08 -1.1571e-08 0 2.63844e-08 -1.29748e-08 0
          3.03525e-08 -1.44361e-08 0 3.70549e-08 -1.59687e-08 0 4.72744e-08 -1.76236e-08 0 6.24266e-08 -1.94083e-08 0
          8.50393e-08 -2.1208e-08 0 1.19952e-07 -2.27845e-08 0 1.71954e-07 -2.35192e-08 0 2.31258e-07 -2.21616e-08 0
          2.73797e-07 -1.97777e-08 0 2.87342e-07 -1.95675e-08 0 2.90692e-07 -2.21597e-08 0 3.01825e-07 -2.57529e-08 0
          3.16911e-07 -2.75247e-08 0 3.1434e-07 -1.41979e-08 0 2.93895e-07 -7.55628e-09 0 2.77313e-07 -5.87518e-09 0
          2.66364e-07 -4.70809e-09 0 2.57989e-07 -3.82501e-09 0 2.51045e-07 -3.16229e-09 0 2.45076e-07 -2.65831e-09 0
          2.39838e-07 -2.2675e-09 0 2.35178e-07 -1.95831e-09 0 2.30984e-07 -1.70909e-09 0 2.27176e-07 -1.50483e-09 0
          2.23691e-07 -1.33497e-09 0 2.2048e-07 -1.19189e-09 0 2.17503e-07 -1.07004e-09 0 2.1473e-07 -9.65237e-10 0
          2.12136e-07 -8.74338e-10 0 2.09698e-07 -7.94901e-10 0 2.07399e-07 -7.25019e-10 0 2.05224e-07 -6.63179e-10 0
          2.03161e-07 -6.08167e-10 0 2.01198e-07 -5.58997e-10 0 1.99326e-07 -5.14863e-10 0 1.97537e-07 -4.75096e-10 0
          1.95824e-07 -4.39141e-10 0 1.94179e-07 -4.06529e-10 0 1.92599e-07 -3.76865e-10 0 1.91077e-07 -3.49812e-10 0
          1.89609e-07 -3.2508e-10 0 1.88192e-07 -3.0242e-10 0 1.86822e-07 -2.81618e-10 0 1.85495e-07 -2.62485e-10 0
          1.84208e-07 -2.44856e-10 0 1.8296e-07 -2.28588e-10 0 1.81747e-07 -2.13554e-10 0 1.80568e-07 -1.9964e-10 0
          1.7942e-07 -1.86748e-10 0 1.78302e-07 -1.74787e-10 0 1.77211e-07 -1.63679e-10 0 1.76147e-07 -1.53352e-10 0
          1.75108e-07 -1.43742e-10 0 1.74092e-07 -1.3479e-10 0 1.73099e-07 -1.26446e-10 0 8.63037e-08 -6.02705e-11 0
          1.12253e-09 -8.68312e-10 0 2.28863e-09 -1.79479e-09 0 2.37932e-09 -1.85741e-09 0 2.47701e-09 -1.92514e-09 0
          2.58136e-09 -1.99867e-09 0 2.69196e-09 -2.07858e-09 0 2.80861e-09 -2.16503e-09 0 2.93225e-09 -2.25773e-09 0
          3.06745e-09 -2.35671e-09 0 3.22175e-09 -2.46229e-09 0 3.40071e-09 -2.57663e-09 0 3.60665e-09 -2.70366e-09 0
          3.8412e-09 -2.84553e-09 0 4.10555e-09 -3.00565e-09 0 4.40008e-09 -3.18783e-09 0 4.72099e-09 -3.39787e-09 0
          5.05615e-09 -3.63715e-09 0 5.4028e-09 -3.90525e-09 0 5.78823e-09 -4.19902e-09 0 6.27766e-09 -4.51528e-09 0
          6.94649e-09 -4.85295e-09 0 7.82735e-09 -5.25466e-09 0 8.93325e-09 -5.76599e-09 0 1.03068e-08 -6.43299e-09 0
          1.20193e-08 -7.32548e-09 0 1.40273e-08 -8.53461e-09 0 1.61244e-08 -1.02661e-08 0 1.8275e-08 -1.27014e-08 0
          2.16743e-08 -1.5839e-08 0 3.00107e-08 -1.98557e-08 0 4.93185e-08 -2.48445e-08 0 9.76043e-08 -3.0736e-08 0
          2.04722e-07 -3.26248e-08 0 2.84077e-07 -8.60275e-09 0 2.87425e-07 -1.88165e-09 0 2.78544e-07 -2.52787e-09 0
          2.68916e-07 -2.36422e-09 0 2.60246e-07 -1.98672e-09 0 2.52821e-07 -1.64818e-09 0 2.4645e-07 -1.37987e-09 0
          2.40914e-07 -1.17085e-09 0 2.36033e-07 -1.00642e-09 0 2.31677e-07 -8.74897e-10 0 2.27746e-07 -7.67897e-10 0
          2.24167e-07 -6.79478e-10 0 2.20882e-07 -6.05397e-10 0 2.17847e-07 -5.42581e-10 0 2.15027e-07 -4.88755e-10 0
          2.12393e-07 -4.4221e-10 0 2.09924e-07 -4.01638e-10 0 2.07598e-07 -3.66023e-10 0 2.05401e-07 -3.34564e-10 0
          2.03318e-07 -3.06622e-10 0 2.01339e-07 -2.81681e-10 0 1.99453e-07 -2.5932e-10 0 1.97651e-07 -2.39192e-10 0
          1.95927e-07 -2.2101e-10 0 1.94273e-07 -2.04532e-10 0 1.92684e-07 -1.89553e-10 0 1.91155e-07 -1.759e-10 0
          1.89681e-07 -1.63426e-10 0 1.88258e-07 -1.52003e-10 0 1.86882e-07 -1.41521e-10 0 1.8555e-07 -1.31883e-10 0
          1.84259e-07 -1.23007e-10 0 1.83007e-07 -1.14818e-10 0 1.81791e-07 -1.07253e-10 0 1.80608e-07 -1.00253e-10 0
          1.79457e-07 -9.37689e-11 0 1.78336e-07 -8.77547e-11 0 1.77243e-07 -8.21701e-11 0 1.76177e-07 -7.69791e-11 0
          1.75136e-07 -7.21493e-11 0 1.74118e-07 -6.76514e-11 0 1.73123e-07 -6.3459e-11 0 8.63154e-08 -3.02464e-11 0
        </DataArray>
        <DataArray type="Float32" Name="velocity_gas (m/s)" NumberOfComponents="3" format="ascii">
          0 0 0 0 0 0 0 0 0 0 0 0
          0 0 0 0 0 0 0 0 0 0 0 0
          0 0 0 0 0 0 0 0 0 0 0 0
          0 0 0 0 0 0 0 0 0 0 0 0
          0 0 0 0 0 0 0 0 0 0 0 0
          0 0 0 0 0 0 0 0 0 0 0 0
          0 0 0 0 0 0 0 0 0 0 0 0
          0 0 0 0 0 0 0 0 0 0 0 0
          0 0 0 0 0 0 0 0 0 0 0 0
          0 0 0 0 0 0 0 0 0 0 0 0
          0 0 0 0 0 0 0 0 0 0 0 0
          0 0 0 0 0 0 0 0 0 0 0 0
          0 0 0 0 0 0 0 0 0 0 0 0
          0 0 0 0 0 0 0 0 0 0 0 0
          0 0 0 0 0 0 0 0 0 0 0 0
          0 0 0 0 0 0 0 0 0 0 0 0
          0 0 0 0 0 0 0 0 0 0 0 0
          0 0 0 0 0 0 0 0 0 0 0 0
          0 0 0 0 0 0 0 0 0 0 0 0
          0 0 0 0 0 0 0 0 0 0 0 0
          0 0 0 0 0 0 0 0 0 0 0 0
          0 0 0 0 0 0 0 0 0 0 0 0
          0 0 0 0 0 0 0 0 0 0 0 0
          0 0 0 0 0 0 0 0 0 0 0 0
          0 0 0 0 0 0 0 0 0 0 0 0
          0 0 0 0 0 0 0 0 0 0 0 0
          0 0 0 0 0 0 0 0 0 0 0 0
          0 0 0 0 0 0 0 0 0 0 0 0
          0 0 0 0 0 0 0 0 0 0 0 0
          0 0 0 0 0 0 0 0 0 0 0 0
          0 0 0 0 0 0 0 0 0 0 0 0
          0 0 0 0 0 0 0 0 0 0 0 0
          0 0 0 0 0 0 0 0 0 0 0 0
          0 0 0 0 0 0 0 0 0 0 0 0
          0 0 0 0 0 0 0 0 0 0 0 0
          0 0 0 0 0 0 0 0 0 0 0 0
          0 0 0 0 0 0 0 0 0 0 0 0
          0 0 0 0 0 0 0 0 0 0 0 0
          0 0 0 0 0 0 0 0 0 0 0 0
          0 0 0 0 0 0 0 0 0 0 0 0
          0 0 0 0 0 0 0 0 0 0 0 0
          0 0 0 0 0 0 0 0 0 0 0 0
          0 0 0 0 0 0 0 0 0 0 0 0
          0 0 0 0 0 0 0 0 0 0 0 0
          0 0 0 0 0 0 0 0 0 0 0 0
          0 0 0 0 0 0 0 0 0 0 0 0
          0 0 0 0 0 0 0 0 0 0 0 0
          0 0 0 0 0 0 0 0 0 0 0 0
          0 0 0 0 0 0 0 0 0 0 0 0
          0 0 0 0 0 0 0 0 0 0 0 0
          0 0 0 0 0 0 0 0 0 0 0 0
          0 0 0 0 0 0 0 0 0 0 0 0
          0 0 0 0 0 0 0 0 0 0 0 0
          0 0 0 0 0 0 0 0 0 0 0 0
          0 0 0 0 0 0 0 0 0 0 0 0
          0 0 0 0 0 0 0 0 0 0 0 0
          0 0 0 0 0 0 0 0 0 0 0 0
          0 0 0 0 0 0 0 0 0 0 0 0
          0 0 0 0 0 0 0 0 0 0 0 0
          0 0 0 0 0 0 0 0 0 0 0 0
          0 0 0 0 0 0 0 0 0 0 0 0
          0 0 0 0 0 0 0 0 0 0 0 0
          0 0 0 0 0 0 0 0 0 0 0 0
          0 0 0 0 0 0 0 0 0 0 0 0
          0 0 0 0 0 0 0 0 0 0 0 0
          0 0 0 0 0 0 0 0 0 0 0 0
          0 0 0 0 0 0 0 0 0 0 0 0
          0 0 0 0 0 0 0 0 0 0 0 0
          0 0 0 0 0 0 0 0 0 0 0 0
          0 0 0 0 0 0 0 0 0 0 0 0
          0 0 0 0 0 0 0 0 0 0 0 0
          0 0 0 0 0 0 0 0 0 0 0 0
          0 0 0 0 0 0 0 0 0 0 0 0
          0 0 0 0 0 0 0 0 0 0 0 0
          0 0 0 0 0 0 0 0 0 0 0 0
          0 0 0 0 0 0 0 0 0 0 0 0
          0 0 0 0 0 0 0 0 0 0 0 0
          0 0 0 0 0 0 0 0 0 0 0 0
          0 0 0 0 0 0 0 0 0 0 0 0
          0 0 0 0 0 0 0 0 0 0 0 0
          0 0 0 0 0 0 0 0 0 0 0 0
          0 0 0 0 0 0 0 0 0 0 0 0
          0 0 0 0 0 0 0 0 0 0 0 0
          0 0 0 0 0 0 0 0 0 0 0 0
          0 0 0 0 0 0 0 0 0 0 0 0
          0 0 0 0 0 0 0 0 0 0 0 0
          0 0 0 0 0 0 0 0 0 0 0 0
          0 0 0 0 0 0 0 0 0 0 0 0
          0 0 0 0 0 0 0 0 0 0 0 0
          0 0 0 0 0 0 0 0 0 0 0 0
          0 0 0 0 0 0 0 0 0 0 0 0
          0 0 0 0 0 0 0 0 0 0 0 0
          0 0 0 0 0 0 0 0 0 0 0 0
          0 0 0 0 0 0 0 0 0 0 0 0
          0 0 0 0 0 0 0 0 0 0 0 0
          0 0 0 0 0 0 0 0 0 0 0 0
          0 0 0 0 0 0 0 0 0 0 0 0
          0 0 0 0 0 0 0 0 0 0 0 0
          0 0 0 0 0 0 0 0 0 0 0 0
          0 0 0 0 0 0 0 0 0 0 0 0
          0 0 0 0 0 0 0 0 0 0 0 0
          0 0 0 0 0 0 0 0 0 0 0 0
          0 0 0 0 0 0 0 0 0 0 0 0
          0 0 0 0 0 0 0 0 0 0 0 0
          0 0 0 0 0 0 0 0 0 0 0 0
          0 0 0 0 0 0 0 0 0 0 0 0
          0 0 0 0 0 0 0 0 0 0 0 0
          0 0 0 0 0 0 0 0 0 0 0 0
          0 0 0 0 0 0 0 0 0 0 0 0
          0 0 0 0 0 0 0 0 0 0 0 0
          0 0 0 0 0 0 0 0 0 0 0 0
          0 0 0 0 0 0 0 0 0 0 0 0
          0 0 0 0 0 0 0 0 0 0 0 0
          0 0 0 0 0 0 0 0 0 0 0 0
          0 0 0 0 0 0 0 0 0 0 0 0
          0 0 0 0 0 0 0 0 0 0 0 0
          0 0 0 0 0 0 0 0 0 0 0 0
          0 0 0 0 0 0 0 0 0 0 0 0
          0 0 0 0 0 0 0 0 0 0 0 0
          0 0 0 0 0 0 0 0 0 0 0 0
          0 0 0 0 0 0 0 0 0 0 0 0
          0 0 0 0 0 0 0 0 0 0 0 0
          0 0 0 0 0 0 0 0 0 0 0 0
          0 0 0 0 0 0 0 0 0 0 0 0
          0 0 0 0 0 0 0 0 0 0 0 0
          0 0 0 0 0 0 0 0 0 0 0 0
          0 0 0 0 0 0 0 0 0 0 0 0
          0 0 0 0 0 0 0 0 0 0 0 0
          0 0 0 0 0 0 0 0 0 0 0 0
          0 0 0 0 0 0 0 0 0 0 0 0
          0 0 0 0 0 0 0 0 0 0 0 0
          0 0 0 0 0 0 0 0 0 0 0 0
          0 0 0 0 0 0 0 0 0 0 0 0
          0 0 0 0 0 0 0 0 0 0 0 0
          0 0 0 0 0 0 0 0 0 0 0 0
          0 0 0 0 0 0 0 0 0 0 0 0
          0 0 0 0 0 0 0 0 0 0 0 0
          0 0 0 0 0 0 0 0 0 0 0 0
          0 0 0 0 0 0 0 0 0 0 0 0
          0 0 0 0 0 0 0 0 0 0 0 0
          0 0 0 0 0 0 0 0 0 0 0 0
          0 0 0 0 0 0 0 0 0 0 0 0
          0 0 0 0 0 0 0 0 0 0 0 0
          0 0 0 0 0 0 0 0 0 0 0 0
          0 0 0 0 0 0 0 0 0 0 0 0
          0 0 0 0 0 0 0 0 0 0 0 0
          0 0 0 0 0 0 0 0 0 0 0 0
          0 0 0 0 0 0 0 0 0 0 0 0
          0 0 0 0 0 0 0 0 0 0 0 0
          0 0 0 0 0 0 0 0 0 0 0 0
          0 0 0 0 0 0 0 0 0 0 0 0
          0 0 0 0 0 0 0 0 0 0 0 0
          0 0 0 0 0 0 0 0 0 0 0 0
          0 0 0 0 0 0 0 0 0 0 0 0
          0 0 0 0 0 0 0 0 0 0 0 0
          0 0 0 0 0 0 0 0 0 0 0 0
          0 0 0 0 0 0 0 0 0 0 0 0
          0 0 0 0 0 0 0 0 0 0 0 0
          0 0 0 0 0 0 0 0 0 0 0 0
          0 0 0 0 0 0 0 0 0 0 0 0
          0 0 0 0 0 0 0 0 0 0 0 0
          0 0 0 0 0 0 0 0 0 0 0 0
          0 0 0 0 0 0 0 0 0 0 0 0
          0 0 0 0 0 0 0 0 0 0 0 0
          0 0 0 0 0 0 0 0 0 0 0 0
          0 0 0 0 0 0 0 0 0 0 0 0
          0 0 0 0 0 0 0 0 0 0 0 0
          0 0 0 0 0 0 0 0 0 0 0 0
          0 0 0 0 0 0 0 0 0 0 0 0
          0 0 0 0 0 0 0 0 0 0 0 0
          0 0 0 0 0 0 0 0 0 0 0 0
          0 0 0 0 0 0 0 0 0 0 0 0
          0 0 0 0 0 0 0 0 0 0 0 0
          0 0 0 0 0 0 0 0 0 0 0 0
          0 0 0 0 0 0 0 0 0 0 0 0
          0 0 0 0 0 0 0 0 0 0 0 0
          0 0 0 0 0 0 0 0 0 0 0 0
          0 0 0 0 0 0 0 0 0 0 0 0
          0 0 0 0 0 0 0 0 0 0 0 0
          0 0 0 0 0 0 0 0 0 0 0 0
          0 0 0 0 0 0 0 0 0 0 0 0
          0 0 0 0 0 0 0 0 0 0 0 0
          0 0 0 0 0 0 0 0 0 0 0 0
          0 0 0 0 0 0 0 0 0 0 0 0
          0 0 0 0 0 0 0 0 0 0 0 0
          0 0 0 0 0 0 0 0 0 0 0 0
          0 0 0 0 0 0 0 0 0 0 0 0
          0 0 0 0 0 0 0 0 0 0 0 0
          0 0 0 0 0 0 0 0 0 0 0 0
          0 0 0 0 0 0 0 0 0 0 0 0
          0 0 0 0 0 0 0 0 0 0 0 0
          0 0 0 0 0 0 0 0 0 0 0 0
          0 0 0 0 0 0 0 0 0 0 0 0
          0 0 0 0 0 0 0 0 0 0 0 0
          0 0 0 0 0 0 0 0 0 0 0 0
          0 0 0 0 0 0 0 0 0 0 0 0
          0 0 0 0 0 0 0 0 0 0 0 0
          0 0 0 0 0 0 0 0 0 0 0 0
          0 0 0 0 0 0 0 0 0 0 0 0
          0 0 0 0 0 0 0 0 0 0 0 0
          0 0 0 0 0 0 0 0 0 0 0 0
          0 0 0 0 0 0 0 0 0 0 0 0
          0 0 0 0 0 0 0 0 0 0 0 0
          0 0 0 0 0 0 0 0 0 0 0 0
          0 0 0 0 0 0 0 0 0 0 0 0
          0 0 0 0 0 0 0 0 0 0 0 0
          0 0 0 0 0 0 0 0 0 0 0 0
          0 0 0 0 0 0 0 0 0 0 0 0
          0 0 0 0 0 0 0 0 0 0 0 0
          0 0 0 0 0 0 0 0 0 0 0 0
          0 0 0 0 0 0 0 0 0 0 0 0
          0 0 0 0 0 0 0 0 0 0 0 0
          0 0 0 0 0 0 0 0 0 0 0 0
          0 0 0 0 0 0 0 0 0 0 0 0
          0 0 0 0 0 0 0 0 0 0 0 0
          0 0 0 0 0 0 0 0 0 0 0 0
          0 0 0 0 0 0 0 0 0 0 0 0
          0 0 0 0 0 0 0 0 0 0 0 0
          0 0 0 0 0 0 0 0 0 0 0 0
          0 0 0 0 0 0 0 0 0 0 0 0
          0 0 0 0 0 0 0 0 0 0 0 0
          0 0 0 0 0 0 0 0 0 0 0 0
          0 0 0 0 0 0 0 0 0 0 0 0
          0 0 0 0 0 0 0 0 0 0 0 0
          0 0 0 0 0 0 0 0 0 0 0 0
          0 0 0 0 0 0 0 0 0 0 0 0
          0 0 0 0 0 0 0 0 0 0 0 0
          0 0 0 0 0 0 0 0 0 0 0 0
          0 0 0 0 0 0 0 0 0 0 0 0
          0 0 0 0 0 0 0 0 0 0 0 0
          0 0 0 0 0 0 0 0 0 0 0 0
          0 0 0 0 0 0 0 0 0 0 0 0
          0 0 0 0 0 0 0 0 0 0 0 0
          0 0 0 0 0 0 0 0 0 0 0 0
          0 0 0 0 0 0 0 0 0 0 0 0
          0 0 0 0 0 0 0 0 0 0 0 0
          0 0 0 0 0 0 0 0 0 0 0 0
          0 0 0 0 0 0 0 0 0 0 0 0
          0 0 0 0 0 0 0 0 0 0 0 0
          0 0 0 0 0 0 0 0 0 0 0 0
          0 0 0 0 0 0 0 0 0 0 0 0
          0 0 0 0 0 0 0 0 0 0 0 0
          0 0 0 0 0 0 0 0 0 0 0 0
          0 0 0 0 0 0 0 0 0 0 0 0
          0 0 0 0 0 0 0 0 0 0 0 0
          0 0 0 0 0 0 0 0 0 0 0 0
          0 0 0 0 0 0 0 0 0 0 0 0
          0 0 0 0 0 0 0 0 0 0 0 0
          0 0 0 0 0 0 0 0 0 0 0 0
          0 0 0 0 0 0 0 0 0 0 0 0
          0 0 0 0 0 0 0 0 0 0 0 0
          0 0 0 0 0 0 0 0 0 0 0 0
          0 0 0 0 0 0 0 0 0 0 0 0
          0 0 0 0 0 0 0 0 0 0 0 0
          0 0 0 0 0 0 0 0 0 0 0 0
          0 0 0 0 0 0 0 0 0 0 0 0
          0 0 0 0 0 0 0 0 0 0 0 0
          0 0 0 0 0 0 0 0 0 0 0 0
          0 0 0 0 0 0 0 0 0 0 0 0
          0 0 0 0 0 0 0 0 0 0 0 0
          0 0 0 0 0 0 0 0 0 0 0 0
          0 0 0 0 0 0 0 0 0 0 0 0
          0 0 0 0 0 0 0 0 0 0 0 0
          0 0 0 0 0 0 0 0 0 0 0 0
          0 0 0 0 0 0 0 0 0 0 0 0
          0 0 0 0 0 0 0 0 0 0 0 0
          0 0 0 0 0 0 0 0 0 0 0 0
          0 0 0 0 0 0 0 0 0 0 0 0
          0 0 0 0 0 0 0 0 0 0 0 0
          0 0 0 0 0 0 0 0 0 0 0 0
          0 0 0 0 0 0 0 0 0 0 0 0
          0 0 0 0 0 0 0 0 0 0 0 0
          0 0 0 0 0 0 0 0 0 0 0 0
          0 0 0 0 0 0 0 0 0 0 0 0
          0 0 0 0 0 0 0 0 0 0 0 0
          0 0 0 0 0 0 0 0 0 0 0 0
          0 0 0 0 0 0 0 0 0 0 0 0
          0 0 0 0 0 0 0 0 0 0 0 0
          0 0 0 0 0 0 0 0 0 0 0 0
          0 0 0 0 0 0 0 0 0 0 0 0
          0 0 0 0 0 0 0 0 0 0 0 0
          0 0 0 0 0 0 0 0 0 0 0 0
          0 0 0 0 0 0 0 0 0 0 0 0
          0 0 0 0 0 0 0 0 0 0 0 0
          0 0 0 0 0 0 0 0 0 0 0 0
          0 0 0 0 0 0 0 0 0 0 0 0
          0 0 0 0 0 0 0 0 0 0 0 0
          0 0 0 0 0 0 0 0 0 0 0 0
          0 0 0 0 0 0 0 0 0 0 0 0
          0 0 0 0 0 0 0 0 0 0 0 0
          0 0 0 0 0 0 0 0 0 0 0 0
          0 0 0 0 0 0 0 0 0 0 0 0
          0 0 0 0 0 0 0 0 0 0 0 0
          0 0 0 0 0 0 0 0 0 0 0 0
          0 0 0 0 0 0 0 0 0 0 0 0
          0 0 0 0 0 0 0 0 0 0 0 0
          0 0 0 0 0 0 0 0 0 0 0 0
          0 0 0 0 0 0 0 0 0 0 0 0
          0 0 0 0 0 0 0 0 0 0 0 0
          0 0 0 0 0 0 0 0 0 0 0 0
          0 0 0 0 0 0 0 0 0 0 0 0
          0 0 0 0 0 0 0 0 0 0 0 0
          0 0 0 0 0 0 0 0 0 0 0 0
          0 0 0 0 0 0 0 0 0 0 0 0
          0 0 0 0 0 0 0 0 0 0 0 0
          0 0 0 0 0 0 0 0 0 0 0 0
          0 0 0 0 0 0 0 0 0 0 0 0
          0 0 0 0 0 0 0 0 0 0 0 0
          0 0 0 0 0 0 0 0 0 0 0 0
          0 0 0 0 0 0 0 0 0 0 0 0
          0 0 0 0 0 0 0 0 0 0 0 0
          0 0 0 0 0 0 0 0 0 0 0 0
          0 0 0 0 0 0 0 0 0 0 0 0
          0 0 0 0 0 0 0 0 0 0 0 0
          0 0 0 0 0 0 0 0 0 0 0 0
          0 0 0 0 0 0 0 0 0 0 0 0
          0 0 0 0 0 0 0 0 0 0 0 0
          0 0 0 0 0 0 0 0 0 0 0 0
          0 0 0 0 0 0 0 0 0 0 0 0
          0 0 0 0 0 0 0 0 0 0 0 0
          0 0 0 0 0 0 0 0 0 0 0 0
          0 0 0 0 0 0 0 0 0 0 0 0
          0 0 0 0 0 0 0 0 0 0 0 0
          0 0 0 0 0 0 0 0 0 0 0 0
          0 0 0 0 0 0 0 0 0 0 0 0
          0 0 0 0 0 0 0 0 0 0 0 0
          0 0 0 0 0 0 0 0 0 0 0 0
          0 0 0 0 0 0 0 0 0 0 0 0
          0 0 0 0 0 0 0 0 0 0 0 0
          0 0 0 0 0 0 0 0 0 0 0 0
          0 0 0 0 0 0 0 0 0 0 0 0
          0 0 0 0 0 0 0 0 0 0 0 0
          0 0 0 0 0 0 0 0 0 0 0 0
          0 0 0 0 0 0 0 0 0 0 0 0
          0 0 0 0 0 0 0 0 0 0 0 0
          0 0 0 0 0 0 0 0 0 0 0 0
          0 0 0 0 0 0 0 0 0 0 0 0
          0 0 0 0 0 0 0 0 0 0 0 0
          0 0 0 0 0 0 0 0 0 0 0 0
          0 0 0 0 0 0 0 0 0 0 0 0
          0 0 0 0 0 0 0 0 0 0 0 0
          0 0 0 0 0 0 0 0 0 0 0 0
          0 0 0 0 0 0 0 0 0 0 0 0
          0 0 0 0 0 0 0 0 0 0 0 0
          0 0 0 0 0 0 0 0 0 0 0 0
          0 0 0 0 0 0 0 0 0 0 0 0
          0 0 0 0 0 0 0 0 0 0 0 0
          0 0 0 0 0 0 0 0 0 0 0 0
          0 0 0 0 0 0 0 0 0 0 0 0
          0 0 0 0 0 0 0 0 0 0 0 0
          0 0 0 0 0 0 0 0 0 0 0 0
          0 0 0 0 0 0 0 0 0 0 0 0
          0 0 0 0 0 0 0 0 0 0 0 0
          0 0 0 0 0 0 0 0 0 0 0 0
          0 0 0 0 0 0 0 0 0 0 0 0
          0 0 0 0 0 0 0 0 0 0 0 0
          0 0 0 0 0 0 0 0 0 0 0 0
          0 0 0 0 0 0 0 0 0 0 0 0
          0 0 0 0 0 0 0 0 0 0 0 0
          0 0 0 0 0 0 0 0 0 0 0 0
          0 0 0 0 0 0 0 0 0 0 0 0
          0 0 0 0 0 0 0 0 0 0 0 0
          0 0 0 0 0 0 0 0 0 0 0 0
          0 0 0 0 0 0 0 0 0 0 0 0
          0 0 0 0 0 0 0 0 0 0 0 0
          0 0 0 0 0 0 0 0 0 0 0 0
          0 0 0 0 0 0 0 0 0 0 0 0
          0 0 0 0 0 0 0 0 0 0 0 0
          0 0 0 0 0 0 0 0 0 0 0 0
          0 0 0 0 0 0 0 0 0 0 0 0
          0 0 0 0 0 0 0 0 0 0 0 0
          0 0 0 0 0 0 0 0 0 0 0 0
          0 0 0 0 0 0 0 0 0 0 0 0
          0 0 0 0 0 0 0 0 0 0 0 0
          0 0 0 0 0 0 0 0 0 0 0 0
          0 0 0 0 0 0 0 0 0 0 0 0
          0 0 0 0 0 0 0 0 0 0 0 0
          0 0 0 0 0 0 0 0 0 0 0 0
          0 0 0 0 0 0 0 0 0 0 0 0
          0 0 0 0 0 0 0 0 0 0 0 0
          0 0 0 0 0 0 0 0 0 0 0 0
          0 0 0 0 0 0 0 0 0 0 0 0
          0 0 0 0 0 0 0 0 0 0 0 0
          0 0 0 0 0 0 0 0 0 0 0 0
          0 0 0 0 0 0 0 0 0 0 0 0
          0 0 0 0 0 0 0 0 0 0 0 0
          0 0 0 0 0 0 0 0 0 0 0 0
          0 0 0 0 0 0 0 0 0 0 0 0
          0 0 0 0 0 0 0 0 0 0 0 0
          0 0 0 0 0 0 0 0 0 0 0 0
          0 0 0 0 0 0 0 0 0 0 0 0
          0 0 0 0 0 0 0 0 0 0 0 0
          0 0 0 0 0 0 0 0 0 0 0 0
          0 0 0 0 0 0 0 0 0 0 0 0
          0 0 0 0 0 0 0 0 0 0 0 0
          0 0 0 0 0 0 0 0 0 0 0 0
          0 0 0 0 0 0 0 0 0 0 0 0
          0 0 0 0 0 0 0 0 0 0 0 0
          0 0 0 0 0 0 0 0 0 0 0 0
          0 0 0 0 0 0 0 0 0 0 0 0
          0 0 0 0 0 0 0 0 0 0 0 0
          0 0 0 0 0 0 0 0 0 0 0 0
          0 0 0 0 0 0 0 0 0 0 0 0
          0 0 0 0 0 0 0 0 0 0 0 0
          0 0 0 0 0 0 0 0 0 0 0 0
          0 0 0 0 0 0 0 0 0 0 0 0
          0 0 0 0 0 0 0 0 0 0 0 0
          0 0 0 0 0 0 0 0 0 0 0 0
          0 0 0 0 0 0 0 0 0 0 0 0
          0 0 0 0 0 0 0 0 0 0 0 0
          0 0 0 0 0 0 0 0 0 0 0 0
          0 0 0 0 0 0 0 0 0 0 0 0
          0 0 0 0 0 0 0 0 0 0 0 0
          0 0 0 0 0 0 0 0 0 0 0 0
          0 0 0 0 0 0 0 0 0 0 0 0
          0 0 0 0 0 0 0 0 0 0 0 0
          0 0 0 0 0 0 0 0 0 0 0 0
          0 0 0 0 0 0 0 0 0 0 0 0
          0 0 0 0 0 0 0 0 0 0 0 0
          0 0 0 0 0 0 0 0 0 0 0 0
          0 0 0 0 0 0 0 0 0 0 0 0
          0 0 0 0 0 0 0 0 0 0 0 0
          0 0 0 0 0 0 0 0 0 0 0 0
          0 0 0 0 0 0 0 0 0 0 0 0
          0 0 0 0 0 0 0 0 0 0 0 0
          0 0 0 0 0 0 0 0 0 0 0 0
          0 0 0 0 0 0 0 0 0 0 0 0
          0 0 0 0 0 0 0 0 0 0 0 0
          0 0 0 0 0 0 0 0 0 0 0 0
          0 0 0 0 0 0 0 0 0 0 0 0
          0 0 0 0 0 0 0 0 0 0 0 0
          0 0 0 0 0 0 0 0 0 0 0 0
          0 0 0 0 0 0 0 0 0 0 0 0
          0 0 0 0 0 0 0 0 0 0 0 0
          0 0 0 0 0 0 0 0 0 0 0 0
          0 0 0 0 0 0 0 0 0 0 0 0
          0 0 0 0 0 0 0 0 0 0 0 0
          0 0 0 0 0 0 0 0 0 0 0 0
          0 0 0 0 0 0 0 0 0 0 0 0
          0 0 0 0 0 0 0 0 0 0 0 0
          0 0 0 0 0 0 0 0 0 0 0 0
          0 0 0 0 0 0 0 0 0 0 0 0
          0 0 0 0 0 0 0 0 0 0 0 0
          0 0 0 0 0 0 0 0 0 0 0 0
          0 0 0 0 0 0 0 0 0 0 0 0
          0 0 0 0 0 0 0 0 0 0 0 0
          0 0 0 0 0 0 0 0 0 0 0 0
          0 0 0 0 0 0 0 0 0 0 0 0
          0 0 0 0 0 0 0 0 0 0 0 0
          0 0 0 0 0 0 0 0 0 0 0 0
          0 0 0 0 0 0 0 0 0 0 0 0
          0 0 0 0 0 0 0 0 0 0 0 0
          0 0 0 0 0 0 0 0 0 0 0 0
          0 0 0 0 0 0 0 0 0 0 0 0
          0 0 0 0 0 0 0 0 0 0 0 0
          0 0 0 0 0 0 0 0 0 0 0 0
          0 0 0 0 0 0 0 0 0 0 0 0
          0 0 0 0 0 0 0 0 0 0 0 0
          0 0 0 0 0 0 0 0 0 0 0 0
          0 0 0 0 0 0 0 0 0 0 0 0
          0 0 0 0 0 0 0 0 0 0 0 0
          0 0 0 0 0 0 0 0 0 0 0 0
          0 0 0 0 0 0 0 0 0 0 0 0
          0 0 0 0 0 0 0 0 0 0 0 0
          0 0 0 0 0 0 0 0 0 0 0 0
          0 0 0 0 0 0 0 0 0 0 0 0
          0 0 0 0 0 0 0 0 0 0 0 0
          0 0 0 0 0 0 0 0 0 0 0 0
          0 0 0 0 0 0 0 0 0 0 0 0
          0 0 0 0 0 0 0 0 0 0 0 0
          0 0 0 0 0 0 0 0 0 0 0 0
          0 0 0 0 0 0 0 0 0 0 0 0
          0 0 0 0 0 0 0 0 0 0 0 0
          0 0 0 0 0 0 0 0 0 0 0 0
          0 0 0 0 0 0 0 0 0 0 0 0
          0 0 0 0 0 0 0 0 0 0 0 0
          0 0 0 0 0 0 0 0 0 0 0 0
          0 0 0 0 0 0 0 0 0 0 0 0
          0 0 0 0 0 0 0 0 0 0 0 0
          0 0 0 0 0 0 0 0 0 0 0 0
          0 0 0 0 0 0 0 0 0 0 0 0
          0 0 0 0 0 0 0 0 0 0 0 0
          0 0 0 0 0 0 0 0 0 0 0 0
          0 0 0 0 0 0 0 0 0 0 0 0
          0 0 0 0 0 0 0 0 0 0 0 0
          0 0 0 0 0 0 0 0 0 0 0 0
          0 0 0 0 0 0 0 0 0 0 0 0
          0 0 0 0 0 0 0 0 0 0 0 0
          0 0 0 0 0 0 0 0 0 0 0 0
          0 0 0 0 0 0 0 0 0 0 0 0
          0 0 0 0 0 0 0 0 0 0 0 0
          0 0 0 0 0 0 0 0 0 0 0 0
          0 0 0 0 0 0 0 0 0 0 0 0
          0 0 0 0 0 0 0 0 0 0 0 0
          1.74554e-12 -9.56594e-10 0 1.74554e-12 0 0 0 0 0 0 0 0
          0 0 0 0 0 0 0 0 0 0 0 0
          0 0 0 0 0 0 0 0 0 0 0 0
          0 0 0 0 0 0 0 0 0 0 0 0
          0 0 0 0 0 0 0 0 0 0 0 0
          0 0 0 0 0 0 0 0 0 0 0 0
          0 0 0 0 0 0 0 0 0 0 0 0
          0 0 0 0 0 0 0 0 0 0 0 0
          0 0 0 0 0 0 0 0 0 0 0 0
          0 0 0 0 0 0 0 0 0 0 0 0
          0 0 0 0 0 0 0 0 0 0 0 0
          0 0 0 0 0 0 0 0 0 0 0 0
          0 0 0 0 0 0 0 0 0 0 0 0
          0 0 0 0 0 0 0 0 0 0 0 0
          0 0 0 0 0 0 0 0 0 0 0 0
          0 0 0 0 0 0 0 0 0 0 0 0
          0 0 0 0 0 0 0 0 0 0 0 0
          0 0 0 0 0 0 0 0 0 0 0 0
          0 0 0 0 0 0 0 0 0 0 0 0
          1.70598e-07 -5.24484e-10 0 3.22754e-07 1.48869e-09 0 2.83547e-07 1.54791e-09 0 2.4024e-07 1.0244e-09 0
          1.93315e-07 2.45947e-10 0 1.44293e-07 -2.04202e-09 0 9.58292e-08 -5.94006e-09 0 5.12274e-08 -1.06636e-08 0
          1.86611e-08 -1.37722e-08 0 3.7636e-09 -1.18495e-08 0 3.3172e-10 -5.12894e-09 0 4.11776e-12 0 0
          0 0 0 0 0 0 0 0 0 0 0 0
          0 0 0 0 0 0 0 0 0 0 0 0
          0 0 0 0 0 0 0 0 0 0 0 0
          0 0 0 0 0 0 0 0 0 0 0 0
          0 0 0 0 0 0 0 0 0 0 0 0
          0 0 0 0 0 0 0 0 0 0 0 0
          0 0 0 0 0 0 0 0 0 0 0 0
          0 0 0 0 0 0 0 0 0 0 0 0
          0 0 0 0 0 0 0 0 0 0 0 0
          0 0 0 0 0 0 0 0 0 0 0 0
          0 0 0 0 0 0 0 0 0 0 0 0
          0 0 0 0 0 0 0 0 0 0 0 0
          0 0 0 0 0 0 0 0 0 0 0 0
          0 0 0 0 0 0 0 0 0 0 0 0
          0 0 0 0 0 0 0 0 0 0 0 0
          0 0 0 0 0 0 0 0 0 0 0 0
          3.44998e-07 1.01971e-09 0 6.82802e-07 2.80574e-09 0 6.68244e-07 2.8698e-09 0 6.52771e-07 2.06031e-09 0
          6.35728e-07 7.12758e-10 0 6.15395e-07 -2.74145e-09 0 5.88289e-07 -8.3863e-09 0 5.50359e-07 -1.44733e-08 0
          4.99897e-07 -1.77666e-08 0 4.42869e-07 -1.44725e-08 0 3.90242e-07 -5.22328e-09 0 3.46382e-07 1.15918e-09 0
          3.03658e-07 1.26412e-09 0 2.56147e-07 7.61855e-10 0 2.04617e-07 -1.5759e-10 0 1.51227e-07 -3.00786e-09 0
          9.87952e-08 -7.40779e-09 0 5.10249e-08 -1.26713e-08 0 1.73864e-08 -1.55617e-08 0 3.08279e-09 -1.22306e-08 0
          2.06623e-10 -3.52316e-09 0 8.60477e-13 0 0 0 0 0 0 0 0
          0 0 0 0 0 0 0 0 0 0 0 0
          0 0 0 0 0 0 0 0 0 0 0 0
          0 0 0 0 0 0 0 0 0 0 0 0
          0 0 0 0 0 0 0 0 0 0 0 0
          0 0 0 0 0 0 0 0 0 0 0 0
          0 0 0 0 0 0 0 0 0 0 0 0
          0 0 0 0 0 0 0 0 0 0 0 0
          0 0 0 0 0 0 0 0 0 0 0 0
          0 0 0 0 0 0 0 0 0 0 0 0
          0 0 0 0 0 0 0 0 0 0 0 0
          0 0 0 0 0 0 0 0 0 0 0 0
          0 0 0 0 0 0 0 0 0 0 0 0
          0 0 0 0 0 0 0 0 0 0 0 0
          5.09472e-07 1.04208e-09 0 1.01245e-06 2.2649e-09 0 9.99402e-07 2.25378e-09 0 9.85883e-07 1.84804e-09 0
          9.71278e-07 1.03538e-09 0 9.5445e-07 -4.7052e-10 0 9.33691e-07 -2.63108e-09 0 9.08593e-07 -4.29969e-09 0
          8.80802e-07 -4.34102e-09 0 8.53438e-07 -2.43882e-09 0 8.30371e-07 5.77555e-10 0 8.11705e-07 2.13157e-09 0
          7.93908e-07 2.35261e-09 0 7.74604e-07 1.71034e-09 0 7.52721e-07 3.70735e-10 0 7.25577e-07 -3.52466e-09 0
          6.89377e-07 -9.7475e-09 0 6.4012e-07 -1.63458e-08 0 5.76612e-07 -1.9178e-08 0 5.06719e-07 -1.37495e-08 0
          4.44445e-07 -2.5618e-09 0 3.90868e-07 1.78535e-09 0 3.35047e-07 1.6077e-09 0 2.72393e-07 8.29254e-10 0
          2.03123e-07 -7.58001e-10 0 1.31261e-07 -6.1234e-09 0 6.50639e-08 -1.36902e-08 0 1.96327e-08 -1.81708e-08 0
          2.43602e-09 -1.13255e-08 0 5.27247e-11 0 0 0 0 0 0 0 0
          0 0 0 0 0 0 0 0 0 0 0 0
          0 0 0 0 0 0 0 0 0 0 0 0
          0 0 0 0 0 0 0 0 0 0 0 0
          0 0 0 0 0 0 0 0 0 0 0 0
          0 0 0 0 0 0 0 0 0 0 0 0
          0 0 0 0 0 0 0 0 0 0 0 0
          0 0 0 0 0 0 0 0 0 0 0 0
          0 0 0 0 0 0 0 0 0 0 0 0
          0 0 0 0 0 0 0 0 0 0 0 0
          0 0 0 0 0 0 0 0 0 0 0 0
          0 0 0 0 0 0 0 0 0 0 0 0
          8.45657e-07 9.08955e-10 0 1.68599e-06 1.89571e-09 0 1.67526e-06 1.86379e-09 0 1.66399e-06 1.62425e-09 0
          1.65142e-06 1.13713e-09 0 1.63679e-06 4.57819e-10 0 1.61953e-06 -3.69679e-10 0 1.59976e-06 -9.79992e-10 0
          1.5793e-06 -6.93276e-10 0 1.56091e-06 3.6835e-10 0 1.54569e-06 1.34378e-09 0 1.5328e-06 1.94477e-09 0
          1.52097e-06 2.17697e-09 0 1.50864e-06 1.89698e-09 0 1.49399e-06 1.05665e-09 0 1.47393e-06 -1.03361e-09 0
          1.44374e-06 -4.67943e-09 0 1.40243e-06 -7.34895e-09 0 1.35619e-06 -7.23265e-09 0 1.31632e-06 -3.0378e-09 0
          1.29066e-06 1.92272e-09 0 1.27473e-06 3.57071e-09 0 1.25934e-06 3.21539e-09 0 1.23866e-06 1.65851e-09 0
          1.20733e-06 -1.516e-09 0 1.14931e-06 -1.22468e-08 0 1.04367e-06 -2.73803e-08 0 8.91617e-07 -3.63417e-08 0
          7.37768e-07 -2.2651e-08 0 6.28318e-07 0 0 5.31124e-07 0 0 3.87317e-07 0 0
          1.72311e-07 0 0 2.24506e-08 0 0 1.89256e-11 0 0 0 0 0
          0 0 0 0 0 0 0 0 0 0 0 0
          0 0 0 0 0 0 0 0 0 0 0 0
          0 0 0 0 0 0 0 0 0 0 0 0
          0 0 0 0 0 0 0 0 0 0 0 0
          0 0 0 0 0 0 0 0 0 0 0 0
          0 0 0 0 0 0 0 0 0 0 0 0
          0 0 0 0 0 0 0 0 0 0 0 0
          0 0 0 0 0 0 0 0 0 0 0 0
          0 0 0 0 0 0 0 0 0 0 0 0
          0 0 0 0 0 0 0 0 0 0 0 0
        </DataArray>
      </PointData>
      <CellData Scalars="process rank">
        <DataArray type="Float32" Name="process rank" NumberOfComponents="1" format="ascii">
          2 2 2 2 2 2 2 2 2 2 2 2
          2 2 2 2 2 2 2 2 2 2 2 2
          2 2 2 2 2 2 2 2 2 2 2 2
          2 2 2 2 2 2 2 2 2 2 2 2
          2 2 2 2 2 2 2 2 2 2 2 2
          2 2 2 2 2 2 2 2 2 2 2 2
          2 2 2 2 2 2 2 2 2 2 2 2
          2 2 2 2 2 2 2 2 2 2 2 2
          2 2 2 2 2 2 2 2 2 2 2 2
          2 2 2 2 2 2 2 2 2 2 2 2
          2 2 2 2 2 2 2 2 2 2 2 2
          2 2 2 2 2 2 2 2 2 2 2 2
          2 2 2 2 2 2 2 2 2 2 2 2
          2 2 2 2 2 2 2 2 2 2 2 2
          2 2 2 2 2 2 2 2 2 2 2 2
          2 2 2 2 2 2 2 2 2 2 2 2
          2 2 2 2 2 2 2 2 2 2 2 2
          2 2 2 2 2 2 2 2 2 2 2 2
          2 2 2 2 2 2 2 2 2 2 2 2
          2 2 2 2 2 2 2 2 2 2 2 2
          2 2 2 2 2 2 2 2 2 2 2 2
          2 2 2 2 2 2 2 2 2 2 2 2
          2 2 2 2 2 2 2 2 2 2 2 2
          2 2 2 2 2 2 2 2 2 2 2 2
          2 2 2 2 2 2 2 2 2 2 2 2
          2 2 2 2 2 2 2 2 2 2 2 2
          2 2 2 2 2 2 2 2 2 2 2 2
          2 2 2 2 2 2 2 2 2 2 2 2
          2 2 2 2 2 2 2 2 2 2 2 2
          2 2 2 2 2 2 2 2 2 2 2 2
          2 2 2 2 2 2 2 2 2 2 2 2
          2 2 2 2 2 2 2 2 2 2 2 2
          2 2 2 2 2 2 2 2 2 2 2 2
          2 2 2 2 2 2 2 2 2 2 2 2
          2 2 2 2 2 2 2 2 2 2 2 2
          2 2 2 2 2 2 2 2 2 2 2 2
          2 2 2 2 2 2 2 2 2 2 2 2
          2 2 2 2 2 2 2 2 2 2 2 2
          2 2 2 2 2 2 2 2 2 2 2 2
          2 2 2 2 2 2 2 2 2 2 2 2
          2 2 2 2 2 2 2 2 2 2 2 2
          2 2 2 2 2 2 2 2 2 2 2 2
          2 2 2 2 2 2 2 2 2 2 2 2
          2 2 2 2 2 2 2 2 2 2 2 2
          2 2 2 2 2 2 2 2 2 2 2 2
          2 2 2 2 2 2 2 2 2 2 2 2
          2 2 2 2 2 2 2 2 2 2 2 2
          2 2 2 2 2 2 2 2 2 2 2 2
          2 2 2 2 2 2 2 2 2 2 2 2
          2 2 2 2 2 2 2 2 2 2 2 2
          2 2 2 2 2 2 2 2 2 2 2 2
          2 2 2 2 2 2 2 2 2 2 2 2
          2 2 2 2 2 2 2 2 2 2 2 2
          2 2 2 2 2 2 2 2 2 2 2 2
          2 2 2 2 2 2 2 2 2 2 2 2
          2 2 2 2 2 2 2 2 2 2 2 2
          2 2 2 2 2 2 2 2 2 2 2 2
          2 2 2 2 2 2 2 2 2 2 2 2
          2 2 2 2 2 2 2 2 2 2 2 2
          2 2 2 2 2 2 2 2 2 2 2 2
          2 2 2 2 2 2 2 2 2 2 2 2
          2 2 2 2 2 2 2 2 2 2 2 2
          2 2 2 2 2 2 2 2 2 2 2 2
          2 2 2 2 2 2 2 2 2 2 2 2
          2 2 2 2 2 2 2 2 2 2 2 2
          2 2 2 2 2 2 2 2 2 2 2 2
          2 2 2 2 2 2 2 2 2 2 2 2
          2 2 2 2 2 2 2 2 2 2 2 2
          2 2 2 2 2 2 2 2 2 2 2 2
          2 2 2 2 2 2 2 2 2 2 2 2
          2 2 2 2 2 2 2 2 2 2 2 2
          2 2 2 2 2 2 2 2 2 2 2 2
          2 2 2 2 2 2 2 2 2 2 2 2
          2 2 2 2 2 2 2 2 2 2 2 2
          2 2 2 2 2 2 2 2 2 2 2 2
          2 2 2 2 2 2 2 2 2 2 2 2
          2 2 2 2 2 2 2 2 2 2 2 2
          2 2 2 2 2 2 2 2 2 2 2 2
          2 2 2 2 2 2 2 2 2 2 2 2
          2 2 2 2 2 2 2 2 2 2 2 2
          2 2 2 2 2 2 2 2 2 2 2 2
          2 2 2 2 2 2 2 2 2 2 2 2
          2 2 2 2 2 2 2 2 2 2 2 2
          2 2 2 2 2 2 2 2 2 2 2 2
          2 2 2 2 2 2 2 2 2 2 2 2
          2 2 2 2 2 2 2 2 2 2 2 2
          2 2 2 2 2 2 2 2 2 2 2 2
          2 2 2 2 2 2 2 2 2 2 2 2
          2 2 2 2 2 2 2 2 2 2 2 2
          2 2 2 2 2 2 2 2 2 2 2 2
          2 2 2 2 2 2 2 2 2 2 2 2
          2 2 2 2 2 2 2 2 2 2 2 2
          2 2 2 2 2 2 2 2 2 2 2 2
          2 2 2 2 2 2 2 2 2 2 2 2
          2 2 2 2 2 2 2 2 2 2 2 2
          2 2 2 2 2 2 2 2 2 2 2 2
          2 2 2 2 2 2 2 2 2 2 2 2
          2 2 2 2 2 2 2 2 2 2 2 2
          2 2 2 2 2 2 2 2 2 2 2 2
          2 2 2 2 2 2 2 2 2 2 2 2
          2 2 2 2 2 2 2 2 2 2 2 2
          2 2 2 2 2 2 2 2 2 2 2 2
          2 2 2 2 2 2 2 2 2 2 2 2
          2 2 2 2 2 2 2 2 2 2 2 2
          2 2 2 2 2 2 2 2 2 2 2 2
          2 2 2 2 2 2 2 2 2 2 2 2
          2 2 2 2 2 2 2 2 2 2 2 2
          2 2 2 2 2 2 2 2 2 2 2 2
          2 2 2 2 2 2 2 2 2 2 2 2
          2 2 2 2 2 2 2 2 2 2 2 2
          2 2 2 2 2 2 2 2 2 2 2 2
          2 2 2 2 2 2 2 2 2 2 2 2
          2 2 2 2 2 2 2 2 2 2 2 2
          2 2 2 2 2 2 2 2 2 2 2 2
          2 2 2 2 2 2 2 2 2 2 2 2
          2 2 2 2 2 2 2 2 2 2 2 2
          2 2 2 2 2 2 2 2 2 2 2 2
          2 2 2 2 2 2 2 2 2 2 2 2
          2 2 2 2 2 2 2 2 2 2 2 2
          2 2 2 2 2 2 2 2 2 2 2 2
          2 2 2 2 2 2 2 2 2 2 2 2
          2 2 2 2 2 2 2 2 2 2 2 2
          2 2 2 2 2 2 2 2 2 2 2 2
          2 2 2 2 2 2 2 2 2 2 2 2
          2 2 2 2 2 2 2 2 2 2 2 2
          2 2 2 2 2 2 2 2 2 2 2 2
          2 2 2 2 2 2 2 2 2 2 2 2
          2 2 2 2 2 2 2 2 2 2 2 2
          2 2 2 2 2 2 2 2 2 2 2 2
          2 2 2 2 2 2 2 2 2 2 2 2
          2 2 2 2 2 2 2 2 2 2 2 2
          2 2 2 2 2 2 2 2 2 2 2 2
          2 2 2 2 2 2 2 2 2 2 2 2
          2 2 2 2 2 2 2 2 2 2 2 2
          2 2 2 2 2 2 2 2 2 2 2 2
          2 2 2 2 2 2 2 2 2 2 2 2
          2 2 2 2 2 2 2 2 2 2 2 2
          2 2 2 2 2 2 2 2 2 2 2 2
          2 2 2 2 2 2 2 2 2 2 2 2
          2 2 2 2 2 2 2 2 2 2 2 2
          2 2 2 2 2 2 2 2 2 2 2 2
          2 2 2 2 2 2 2 2 2 2 2 2
          2 2 2 2 2 2 2 2 2 2 2 2
          2 2 2 2 2 2 2 2 2 2 2 2
          2 2 2 2 2 2 2 2 2 2 2 2
          2 2 2 2 2 2 2 2 2 2 2 2
          2 2 2 2 2 2 2 2 2 2 2 2
          2 2 2 2 2 2 2 2 2 2 2 2
          2 2 2 2 2 2 2 2 2 2 2 2
          2 2 2 2 2 2 2 2 2 2 2 2
          2 2 2 2 2 2 2 2 2 2 2 2
          2 2 2 2 2 2 2 2 2 2 2 2
          2 2 2 2 2 2 2 2 2 2 2 2
          2 2 2 2 2 2 2 2 2 2 2 2
          2 2 2 2 2 2 2 2 2 2 2 2
          2 2 2 2 2 2 2 2 2 2 2 2
          2 2 2 2 2 2 2 2 2 2 2 2
          2 2 2 2 2 2 2 2 2 2 2 2
          2 2 2 2 2 2 2 2 2 2 2 2
          2 2 2 2 2 2 2 2 2 2 2 2
          2 2 2 2 2 2 2 2 2 2 2 2
          2 2 2 2 2 2 2 2 2 2 2 2
          2 2 2 2 2 2 2 2 2 2 2 2
          2 2 2 2 2 2 2 2 2 2 2 2
          2 2 2 2 2 2 2 2 2 2 2 2
          2 2 2 2 2 2 2 2 2 2 2 2
          2 2 2 2 2 2 2 2 2 2 2 2
          2 2 2 2 2 2 2 2 2 2 2 2
          2 2 2 2 2 2 2 2 2 2 2 2
          2 2 2 2 2 2 2 2 2 2 2 2
          2 2 2 2 2 2 2 2 2 2 2 2
          2 2 2 2 2 2 2 2 2 2 2 2
          2 2 2 2 2 2 2 2 2 2 2 2
          2 2 2 2 2 2 2 2 2 2 2 2
          2 2 2 2 2 2 2 2 2 2 2 2
          2 2 2 2 2 2 2 2 2 2 2 2
          2 2 2 2 2 2 2 2 2 2 2 2
          2 2 2 2 2 2 2 2 2 2 2 2
          2 2 2 2 2 2 2 2 2 2 2 2
          2 2 2 2 2 2 2 2 2 2 2 2
          2 2 2 2 2 2 2 2 2 2 2 2
          2 2 2 2 2 2 2 2 2 2 2 2
          2 2 2 2 2 2 2 2 2 2 2 2
          2 2 2 2 2 2 2 2 2 2 2 2
          2 2 2 2 2 2 2 2 2 2 2 2
          2 2 2 2 2 2 2 2 2 2 2 2
          2 2 2 2 2 2 2 2 2 2 2 2
          2 2 2 2 2 2
        </DataArray>
      </CellData>
      <Points>
        <DataArray type="Float32" Name="Coordinates" NumberOfComponents="3" format="ascii">
          500.2 0 0 503.533 0 0 500.2 2 0 503.533 2 0
          506.867 0 0 506.867 2 0 510.2 0 0 510.2 2 0
          513.533 0 0 513.533 2 0 516.867 0 0 516.867 2 0
          520.2 0 0 520.2 2 0 523.533 0 0 523.533 2 0
          526.867 0 0 526.867 2 0 530.2 0 0 530.2 2 0
          533.533 0 0 533.533 2 0 536.867 0 0 536.867 2 0
          540.2 0 0 540.2 2 0 543.533 0 0 543.533 2 0
          546.867 0 0 546.867 2 0 550.2 0 0 550.2 2 0
          553.533 0 0 553.533 2 0 556.867 0 0 556.867 2 0
          560.2 0 0 560.2 2 0 563.533 0 0 563.533 2 0
          566.867 0 0 566.867 2 0 570.2 0 0 570.2 2 0
          573.533 0 0 573.533 2 0 576.867 0 0 576.867 2 0
          580.2 0 0 580.2 2 0 583.533 0 0 583.533 2 0
          586.867 0 0 586.867 2 0 590.2 0 0 590.2 2 0
          593.533 0 0 593.533 2 0 596.867 0 0 596.867 2 0
          600.2 0 0 600.2 2 0 603.533 0 0 603.533 2 0
          606.867 0 0 606.867 2 0 610.2 0 0 610.2 2 0
          613.533 0 0 613.533 2 0 616.867 0 0 616.867 2 0
          620.2 0 0 620.2 2 0 623.533 0 0 623.533 2 0
          626.867 0 0 626.867 2 0 630.2 0 0 630.2 2 0
          633.533 0 0 633.533 2 0 636.867 0 0 636.867 2 0
          640.2 0 0 640.2 2 0 643.533 0 0 643.533 2 0
          646.867 0 0 646.867 2 0 650.2 0 0 650.2 2 0
          653.533 0 0 653.533 2 0 656.867 0 0 656.867 2 0
          660.2 0 0 660.2 2 0 663.533 0 0 663.533 2 0
          666.867 0 0 666.867 2 0 670.2 0 0 670.2 2 0
          673.533 0 0 673.533 2 0 676.867 0 0 676.867 2 0
          680.2 0 0 680.2 2 0 683.533 0 0 683.533 2 0
          686.867 0 0 686.867 2 0 690.2 0 0 690.2 2 0
          693.533 0 0 693.533 2 0 696.867 0 0 696.867 2 0
          700.2 0 0 700.2 2 0 703.533 0 0 703.533 2 0
          706.867 0 0 706.867 2 0 710.2 0 0 710.2 2 0
          713.533 0 0 713.533 2 0 716.867 0 0 716.867 2 0
          720.2 0 0 720.2 2 0 723.533 0 0 723.533 2 0
          726.867 0 0 726.867 2 0 730.2 0 0 730.2 2 0
          733.533 0 0 733.533 2 0 736.867 0 0 736.867 2 0
          740.2 0 0 740.2 2 0 743.533 0 0 743.533 2 0
          746.867 0 0 746.867 2 0 750.2 0 0 750.2 2 0
          500.2 4 0 503.533 4 0 506.867 4 0 510.2 4 0
          513.533 4 0 516.867 4 0 520.2 4 0 523.533 4 0
          526.867 4 0 530.2 4 0 533.533 4 0 536.867 4 0
          540.2 4 0 543.533 4 0 546.867 4 0 550.2 4 0
          553.533 4 0 556.867 4 0 560.2 4 0 563.533 4 0
          566.867 4 0 570.2 4 0 573.533 4 0 576.867 4 0
          580.2 4 0 583.533 4 0 586.867 4 0 590.2 4 0
          593.533 4 0 596.867 4 0 600.2 4 0 603.533 4 0
          606.867 4 0 610.2 4 0 613.533 4 0 616.867 4 0
          620.2 4 0 623.533 4 0 626.867 4 0 630.2 4 0
          633.533 4 0 636.867 4 0 640.2 4 0 643.533 4 0
          646.867 4 0 650.2 4 0 653.533 4 0 656.867 4 0
          660.2 4 0 663.533 4 0 666.867 4 0 670.2 4 0
          673.533 4 0 676.867 4 0 680.2 4 0 683.533 4 0
          686.867 4 0 690.2 4 0 693.533 4 0 696.867 4 0
          700.2 4 0 703.533 4 0 706.867 4 0 710.2 4 0
          713.533 4 0 716.867 4 0 720.2 4 0 723.533 4 0
          726.867 4 0 730.2 4 0 733.533 4 0 736.867 4 0
          740.2 4 0 743.533 4 0 746.867 4 0 750.2 4 0
          500.2 6 0 503.533 6 0 506.867 6 0 510.2 6 0
          513.533 6 0 516.867 6 0 520.2 6 0 523.533 6 0
          526.867 6 0 530.2 6 0 533.533 6 0 536.867 6 0
          540.2 6 0 543.533 6 0 546.867 6 0 550.2 6 0
          553.533 6 0 556.867 6 0 560.2 6 0 563.533 6 0
          566.867 6 0 570.2 6 0 573.533 6 0 576.867 6 0
          580.2 6 0 583.533 6 0 586.867 6 0 590.2 6 0
          593.533 6 0 596.867 6 0 600.2 6 0 603.533 6 0
          606.867 6 0 610.2 6 0 613.533 6 0 616.867 6 0
          620.2 6 0 623.533 6 0 626.867 6 0 630.2 6 0
          633.533 6 0 636.867 6 0 640.2 6 0 643.533 6 0
          646.867 6 0 650.2 6 0 653.533 6 0 656.867 6 0
          660.2 6 0 663.533 6 0 666.867 6 0 670.2 6 0
          673.533 6 0 676.867 6 0 680.2 6 0 683.533 6 0
          686.867 6 0 690.2 6 0 693.533 6 0 696.867 6 0
          700.2 6 0 703.533 6 0 706.867 6 0 710.2 6 0
          713.533 6 0 716.867 6 0 720.2 6 0 723.533 6 0
          726.867 6 0 730.2 6 0 733.533 6 0 736.867 6 0
          740.2 6 0 743.533 6 0 746.867 6 0 750.2 6 0
          500.2 8 0 503.533 8 0 506.867 8 0 510.2 8 0
          513.533 8 0 516.867 8 0 520.2 8 0 523.533 8 0
          526.867 8 0 530.2 8 0 533.533 8 0 536.867 8 0
          540.2 8 0 543.533 8 0 546.867 8 0 550.2 8 0
          553.533 8 0 556.867 8 0 560.2 8 0 563.533 8 0
          566.867 8 0 570.2 8 0 573.533 8 0 576.867 8 0
          580.2 8 0 583.533 8 0 586.867 8 0 590.2 8 0
          593.533 8 0 596.867 8 0 600.2 8 0 603.533 8 0
          606.867 8 0 610.2 8 0 613.533 8 0 616.867 8 0
          620.2 8 0 623.533 8 0 626.867 8 0 630.2 8 0
          633.533 8 0 636.867 8 0 640.2 8 0 643.533 8 0
          646.867 8 0 650.2 8 0 653.533 8 0 656.867 8 0
          660.2 8 0 663.533 8 0 666.867 8 0 670.2 8 0
          673.533 8 0 676.867 8 0 680.2 8 0 683.533 8 0
          686.867 8 0 690.2 8 0 693.533 8 0 696.867 8 0
          700.2 8 0 703.533 8 0 706.867 8 0 710.2 8 0
          713.533 8 0 716.867 8 0 720.2 8 0 723.533 8 0
          726.867 8 0 730.2 8 0 733.533 8 0 736.867 8 0
          740.2 8 0 743.533 8 0 746.867 8 0 750.2 8 0
          500.2 10 0 503.533 10 0 506.867 10 0 510.2 10 0
          513.533 10 0 516.867 10 0 520.2 10 0 523.533 10 0
          526.867 10 0 530.2 10 0 533.533 10 0 536.867 10 0
          540.2 10 0 543.533 10 0 546.867 10 0 550.2 10 0
          553.533 10 0 556.867 10 0 560.2 10 0 563.533 10 0
          566.867 10 0 570.2 10 0 573.533 10 0 576.867 10 0
          580.2 10 0 583.533 10 0 586.867 10 0 590.2 10 0
          593.533 10 0 596.867 10 0 600.2 10 0 603.533 10 0
          606.867 10 0 610.2 10 0 613.533 10 0 616.867 10 0
          620.2 10 0 623.533 10 0 626.867 10 0 630.2 10 0
          633.533 10 0 636.867 10 0 640.2 10 0 643.533 10 0
          646.867 10 0 650.2 10 0 653.533 10 0 656.867 10 0
          660.2 10 0 663.533 10 0 666.867 10 0 670.2 10 0
          673.533 10 0 676.867 10 0 680.2 10 0 683.533 10 0
          686.867 10 0 690.2 10 0 693.533 10 0 696.867 10 0
          700.2 10 0 703.533 10 0 706.867 10 0 710.2 10 0
          713.533 10 0 716.867 10 0 720.2 10 0 723.533 10 0
          726.867 10 0 730.2 10 0 733.533 10 0 736.867 10 0
          740.2 10 0 743.533 10 0 746.867 10 0 750.2 10 0
          500.2 12 0 503.533 12 0 506.867 12 0 510.2 12 0
          513.533 12 0 516.867 12 0 520.2 12 0 523.533 12 0
          526.867 12 0 530.2 12 0 533.533 12 0 536.867 12 0
          540.2 12 0 543.533 12 0 546.867 12 0 550.2 12 0
          553.533 12 0 556.867 12 0 560.2 12 0 563.533 12 0
          566.867 12 0 570.2 12 0 573.533 12 0 576.867 12 0
          580.2 12 0 583.533 12 0 586.867 12 0 590.2 12 0
          593.533 12 0 596.867 12 0 600.2 12 0 603.533 12 0
          606.867 12 0 610.2 12 0 613.533 12 0 616.867 12 0
          620.2 12 0 623.533 12 0 626.867 12 0 630.2 12 0
          633.533 12 0 636.867 12 0 640.2 12 0 643.533 12 0
          646.867 12 0 650.2 12 0 653.533 12 0 656.867 12 0
          660.2 12 0 663.533 12 0 666.867 12 0 670.2 12 0
          673.533 12 0 676.867 12 0 680.2 12 0 683.533 12 0
          686.867 12 0 690.2 12 0 693.533 12 0 696.867 12 0
          700.2 12 0 703.533 12 0 706.867 12 0 710.2 12 0
          713.533 12 0 716.867 12 0 720.2 12 0 723.533 12 0
          726.867 12 0 730.2 12 0 733.533 12 0 736.867 12 0
          740.2 12 0 743.533 12 0 746.867 12 0 750.2 12 0
          500.2 14 0 503.533 14 0 506.867 14 0 510.2 14 0
          513.533 14 0 516.867 14 0 520.2 14 0 523.533 14 0
          526.867 14 0 530.2 14 0 533.533 14 0 536.867 14 0
          540.2 14 0 543.533 14 0 546.867 14 0 550.2 14 0
          553.533 14 0 556.867 14 0 560.2 14 0 563.533 14 0
          566.867 14 0 570.2 14 0 573.533 14 0 576.867 14 0
          580.2 14 0 583.533 14 0 586.867 14 0 590.2 14 0
          593.533 14 0 596.867 14 0 600.2 14 0 603.533 14 0
          606.867 14 0 610.2 14 0 613.533 14 0 616.867 14 0
          620.2 14 0 623.533 14 0 626.867 14 0 630.2 14 0
          633.533 14 0 636.867 14 0 640.2 14 0 643.533 14 0
          646.867 14 0 650.2 14 0 653.533 14 0 656.867 14 0
          660.2 14 0 663.533 14 0 666.867 14 0 670.2 14 0
          673.533 14 0 676.867 14 0 680.2 14 0 683.533 14 0
          686.867 14 0 690.2 14 0 693.533 14 0 696.867 14 0
          700.2 14 0 703.533 14 0 706.867 14 0 710.2 14 0
          713.533 14 0 716.867 14 0 720.2 14 0 723.533 14 0
          726.867 14 0 730.2 14 0 733.533 14 0 736.867 14 0
          740.2 14 0 743.533 14 0 746.867 14 0 750.2 14 0
          500.2 16 0 503.533 16 0 506.867 16 0 510.2 16 0
          513.533 16 0 516.867 16 0 520.2 16 0 523.533 16 0
          526.867 16 0 530.2 16 0 533.533 16 0 536.867 16 0
          540.2 16 0 543.533 16 0 546.867 16 0 550.2 16 0
          553.533 16 0 556.867 16 0 560.2 16 0 563.533 16 0
          566.867 16 0 570.2 16 0 573.533 16 0 576.867 16 0
          580.2 16 0 583.533 16 0 586.867 16 0 590.2 16 0
          593.533 16 0 596.867 16 0 600.2 16 0 603.533 16 0
          606.867 16 0 610.2 16 0 613.533 16 0 616.867 16 0
          620.2 16 0 623.533 16 0 626.867 16 0 630.2 16 0
          633.533 16 0 636.867 16 0 640.2 16 0 643.533 16 0
          646.867 16 0 650.2 16 0 653.533 16 0 656.867 16 0
          660.2 16 0 663.533 16 0 666.867 16 0 670.2 16 0
          673.533 16 0 676.867 16 0 680.2 16 0 683.533 16 0
          686.867 16 0 690.2 16 0 693.533 16 0 696.867 16 0
          700.2 16 0 703.533 16 0 706.867 16 0 710.2 16 0
          713.533 16 0 716.867 16 0 720.2 16 0 723.533 16 0
          726.867 16 0 730.2 16 0 733.533 16 0 736.867 16 0
          740.2 16 0 743.533 16 0 746.867 16 0 750.2 16 0
          500.2 18 0 503.533 18 0 506.867 18 0 510.2 18 0
          513.533 18 0 516.867 18 0 520.2 18 0 523.533 18 0
          526.867 18 0 530.2 18 0 533.533 18 0 536.867 18 0
          540.2 18 0 543.533 18 0 546.867 18 0 550.2 18 0
          553.533 18 0 556.867 18 0 560.2 18 0 563.533 18 0
          566.867 18 0 570.2 18 0 573.533 18 0 576.867 18 0
          580.2 18 0 583.533 18 0 586.867 18 0 590.2 18 0
          593.533 18 0 596.867 18 0 600.2 18 0 603.533 18 0
          606.867 18 0 610.2 18 0 613.533 18 0 616.867 18 0
          620.2 18 0 623.533 18 0 626.867 18 0 630.2 18 0
          633.533 18 0 636.867 18 0 640.2 18 0 643.533 18 0
          646.867 18 0 650.2 18 0 653.533 18 0 656.867 18 0
          660.2 18 0 663.533 18 0 666.867 18 0 670.2 18 0
          673.533 18 0 676.867 18 0 680.2 18 0 683.533 18 0
          686.867 18 0 690.2 18 0 693.533 18 0 696.867 18 0
          700.2 18 0 703.533 18 0 706.867 18 0 710.2 18 0
          713.533 18 0 716.867 18 0 720.2 18 0 723.533 18 0
          726.867 18 0 730.2 18 0 733.533 18 0 736.867 18 0
          740.2 18 0 743.533 18 0 746.867 18 0 750.2 18 0
          500.2 20 0 503.533 20 0 506.867 20 0 510.2 20 0
          513.533 20 0 516.867 20 0 520.2 20 0 523.533 20 0
          526.867 20 0 530.2 20 0 533.533 20 0 536.867 20 0
          540.2 20 0 543.533 20 0 546.867 20 0 550.2 20 0
          553.533 20 0 556.867 20 0 560.2 20 0 563.533 20 0
          566.867 20 0 570.2 20 0 573.533 20 0 576.867 20 0
          580.2 20 0 583.533 20 0 586.867 20 0 590.2 20 0
          593.533 20 0 596.867 20 0 600.2 20 0 603.533 20 0
          606.867 20 0 610.2 20 0 613.533 20 0 616.867 20 0
          620.2 20 0 623.533 20 0 626.867 20 0 630.2 20 0
          633.533 20 0 636.867 20 0 640.2 20 0 643.533 20 0
          646.867 20 0 650.2 20 0 653.533 20 0 656.867 20 0
          660.2 20 0 663.533 20 0 666.867 20 0 670.2 20 0
          673.533 20 0 676.867 20 0 680.2 20 0 683.533 20 0
          686.867 20 0 690.2 20 0 693.533 20 0 696.867 20 0
          700.2 20 0 703.533 20 0 706.867 20 0 710.2 20 0
          713.533 20 0 716.867 20 0 720.2 20 0 723.533 20 0
          726.867 20 0 730.2 20 0 733.533 20 0 736.867 20 0
          740.2 20 0 743.533 20 0 746.867 20 0 750.2 20 0
          500.2 22 0 503.533 22 0 506.867 22 0 510.2 22 0
          513.533 22 0 516.867 22 0 520.2 22 0 523.533 22 0
          526.867 22 0 530.2 22 0 533.533 22 0 536.867 22 0
          540.2 22 0 543.533 22 0 546.867 22 0 550.2 22 0
          553.533 22 0 556.867 22 0 560.2 22 0 563.533 22 0
          566.867 22 0 570.2 22 0 573.533 22 0 576.867 22 0
          580.2 22 0 583.533 22 0 586.867 22 0 590.2 22 0
          593.533 22 0 596.867 22 0 600.2 22 0 603.533 22 0
          606.867 22 0 610.2 22 0 613.533 22 0 616.867 22 0
          620.2 22 0 623.533 22 0 626.867 22 0 630.2 22 0
          633.533 22 0 636.867 22 0 640.2 22 0 643.533 22 0
          646.867 22 0 650.2 22 0 653.533 22 0 656.867 22 0
          660.2 22 0 663.533 22 0 666.867 22 0 670.2 22 0
          673.533 22 0 676.867 22 0 680.2 22 0 683.533 22 0
          686.867 22 0 690.2 22 0 693.533 22 0 696.867 22 0
          700.2 22 0 703.533 22 0 706.867 22 0 710.2 22 0
          713.533 22 0 716.867 22 0 720.2 22 0 723.533 22 0
          726.867 22 0 730.2 22 0 733.533 22 0 736.867 22 0
          740.2 22 0 743.533 22 0 746.867 22 0 750.2 22 0
          500.2 24 0 503.533 24 0 506.867 24 0 510.2 24 0
          513.533 24 0 516.867 24 0 520.2 24 0 523.533 24 0
          526.867 24 0 530.2 24 0 533.533 24 0 536.867 24 0
          540.2 24 0 543.533 24 0 546.867 24 0 550.2 24 0
          553.533 24 0 556.867 24 0 560.2 24 0 563.533 24 0
          566.867 24 0 570.2 24 0 573.533 24 0 576.867 24 0
          580.2 24 0 583.533 24 0 586.867 24 0 590.2 24 0
          593.533 24 0 596.867 24 0 600.2 24 0 603.533 24 0
          606.867 24 0 610.2 24 0 613.533 24 0 616.867 24 0
          620.2 24 0 623.533 24 0 626.867 24 0 630.2 24 0
          633.533 24 0 636.867 24 0 640.2 24 0 643.533 24 0
          646.867 24 0 650.2 24 0 653.533 24 0 656.867 24 0
          660.2 24 0 663.533 24 0 666.867 24 0 670.2 24 0
          673.533 24 0 676.867 24 0 680.2 24 0 683.533 24 0
          686.867 24 0 690.2 24 0 693.533 24 0 696.867 24 0
          700.2 24 0 703.533 24 0 706.867 24 0 710.2 24 0
          713.533 24 0 716.867 24 0 720.2 24 0 723.533 24 0
          726.867 24 0 730.2 24 0 733.533 24 0 736.867 24 0
          740.2 24 0 743.533 24 0 746.867 24 0 750.2 24 0
          500.2 26 0 503.533 26 0 506.867 26 0 510.2 26 0
          513.533 26 0 516.867 26 0 520.2 26 0 523.533 26 0
          526.867 26 0 530.2 26 0 533.533 26 0 536.867 26 0
          540.2 26 0 543.533 26 0 546.867 26 0 550.2 26 0
          553.533 26 0 556.867 26 0 560.2 26 0 563.533 26 0
          566.867 26 0 570.2 26 0 573.533 26 0 576.867 26 0
          580.2 26 0 583.533 26 0 586.867 26 0 590.2 26 0
          593.533 26 0 596.867 26 0 600.2 26 0 603.533 26 0
          606.867 26 0 610.2 26 0 613.533 26 0 616.867 26 0
          620.2 26 0 623.533 26 0 626.867 26 0 630.2 26 0
          633.533 26 0 636.867 26 0 640.2 26 0 643.533 26 0
          646.867 26 0 650.2 26 0 653.533 26 0 656.867 26 0
          660.2 26 0 663.533 26 0 666.867 26 0 670.2 26 0
          673.533 26 0 676.867 26 0 680.2 26 0 683.533 26 0
          686.867 26 0 690.2 26 0 693.533 26 0 696.867 26 0
          700.2 26 0 703.533 26 0 706.867 26 0 710.2 26 0
          713.533 26 0 716.867 26 0 720.2 26 0 723.533 26 0
          726.867 26 0 730.2 26 0 733.533 26 0 736.867 26 0
          740.2 26 0 743.533 26 0 746.867 26 0 750.2 26 0
          500.2 28 0 503.533 28 0 506.867 28 0 510.2 28 0
          513.533 28 0 516.867 28 0 520.2 28 0 523.533 28 0
          526.867 28 0 530.2 28 0 533.533 28 0 536.867 28 0
          540.2 28 0 543.533 28 0 546.867 28 0 550.2 28 0
          553.533 28 0 556.867 28 0 560.2 28 0 563.533 28 0
          566.867 28 0 570.2 28 0 573.533 28 0 576.867 28 0
          580.2 28 0 583.533 28 0 586.867 28 0 590.2 28 0
          593.533 28 0 596.867 28 0 600.2 28 0 603.533 28 0
          606.867 28 0 610.2 28 0 613.533 28 0 616.867 28 0
          620.2 28 0 623.533 28 0 626.867 28 0 630.2 28 0
          633.533 28 0 636.867 28 0 640.2 28 0 643.533 28 0
          646.867 28 0 650.2 28 0 653.533 28 0 656.867 28 0
          660.2 28 0 663.533 28 0 666.867 28 0 670.2 28 0
          673.533 28 0 676.867 28 0 680.2 28 0 683.533 28 0
          686.867 28 0 690.2 28 0 693.533 28 0 696.867 28 0
          700.2 28 0 703.533 28 0 706.867 28 0 710.2 28 0
          713.533 28 0 716.867 28 0 720.2 28 0 723.533 28 0
          726.867 28 0 730.2 28 0 733.533 28 0 736.867 28 0
          740.2 28 0 743.533 28 0 746.867 28 0 750.2 28 0
          500.2 30 0 503.533 30 0 506.867 30 0 510.2 30 0
          513.533 30 0 516.867 30 0 520.2 30 0 523.533 30 0
          526.867 30 0 530.2 30 0 533.533 30 0 536.867 30 0
          540.2 30 0 543.533 30 0 546.867 30 0 550.2 30 0
          553.533 30 0 556.867 30 0 560.2 30 0 563.533 30 0
          566.867 30 0 570.2 30 0 573.533 30 0 576.867 30 0
          580.2 30 0 583.533 30 0 586.867 30 0 590.2 30 0
          593.533 30 0 596.867 30 0 600.2 30 0 603.533 30 0
          606.867 30 0 610.2 30 0 613.533 30 0 616.867 30 0
          620.2 30 0 623.533 30 0 626.867 30 0 630.2 30 0
          633.533 30 0 636.867 30 0 640.2 30 0 643.533 30 0
          646.867 30 0 650.2 30 0 653.533 30 0 656.867 30 0
          660.2 30 0 663.533 30 0 666.867 30 0 670.2 30 0
          673.533 30 0 676.867 30 0 680.2 30 0 683.533 30 0
          686.867 30 0 690.2 30 0 693.533 30 0 696.867 30 0
          700.2 30 0 703.533 30 0 706.867 30 0 710.2 30 0
          713.533 30 0 716.867 30 0 720.2 30 0 723.533 30 0
          726.867 30 0 730.2 30 0 733.533 30 0 736.867 30 0
          740.2 30 0 743.533 30 0 746.867 30 0 750.2 30 0
          500.2 32 0 503.533 32 0 506.867 32 0 510.2 32 0
          513.533 32 0 516.867 32 0 520.2 32 0 523.533 32 0
          526.867 32 0 530.2 32 0 533.533 32 0 536.867 32 0
          540.2 32 0 543.533 32 0 546.867 32 0 550.2 32 0
          553.533 32 0 556.867 32 0 560.2 32 0 563.533 32 0
          566.867 32 0 570.2 32 0 573.533 32 0 576.867 32 0
          580.2 32 0 583.533 32 0 586.867 32 0 590.2 32 0
          593.533 32 0 596.867 32 0 600.2 32 0 603.533 32 0
          606.867 32 0 610.2 32 0 613.533 32 0 616.867 32 0
          620.2 32 0 623.533 32 0 626.867 32 0 630.2 32 0
          633.533 32 0 636.867 32 0 640.2 32 0 643.533 32 0
          646.867 32 0 650.2 32 0 653.533 32 0 656.867 32 0
          660.2 32 0 663.533 32 0 666.867 32 0 670.2 32 0
          673.533 32 0 676.867 32 0 680.2 32 0 683.533 32 0
          686.867 32 0 690.2 32 0 693.533 32 0 696.867 32 0
          700.2 32 0 703.533 32 0 706.867 32 0 710.2 32 0
          713.533 32 0 716.867 32 0 720.2 32 0 723.533 32 0
          726.867 32 0 730.2 32 0 733.533 32 0 736.867 32 0
          740.2 32 0 743.533 32 0 746.867 32 0 750.2 32 0
          500.2 34 0 503.533 34 0 506.867 34 0 510.2 34 0
          513.533 34 0 516.867 34 0 520.2 34 0 523.533 34 0
          526.867 34 0 530.2 34 0 533.533 34 0 536.867 34 0
          540.2 34 0 543.533 34 0 546.867 34 0 550.2 34 0
          553.533 34 0 556.867 34 0 560.2 34 0 563.533 34 0
          566.867 34 0 570.2 34 0 573.533 34 0 576.867 34 0
          580.2 34 0 583.533 34 0 586.867 34 0 590.2 34 0
          593.533 34 0 596.867 34 0 600.2 34 0 603.533 34 0
          606.867 34 0 610.2 34 0 613.533 34 0 616.867 34 0
          620.2 34 0 623.533 34 0 626.867 34 0 630.2 34 0
          633.533 34 0 636.867 34 0 640.2 34 0 643.533 34 0
          646.867 34 0 650.2 34 0 653.533 34 0 656.867 34 0
          660.2 34 0 663.533 34 0 666.867 34 0 670.2 34 0
          673.533 34 0 676.867 34 0 680.2 34 0 683.533 34 0
          686.867 34 0 690.2 34 0 693.533 34 0 696.867 34 0
          700.2 34 0 703.533 34 0 706.867 34 0 710.2 34 0
          713.533 34 0 716.867 34 0 720.2 34 0 723.533 34 0
          726.867 34 0 730.2 34 0 733.533 34 0 736.867 34 0
          740.2 34 0 743.533 34 0 746.867 34 0 750.2 34 0
          500.2 36 0 503.533 36 0 506.867 36 0 510.2 36 0
          513.533 36 0 516.867 36 0 520.2 36 0 523.533 36 0
          526.867 36 0 530.2 36 0 533.533 36 0 536.867 36 0
          540.2 36 0 543.533 36 0 546.867 36 0 550.2 36 0
          553.533 36 0 556.867 36 0 560.2 36 0 563.533 36 0
          566.867 36 0 570.2 36 0 573.533 36 0 576.867 36 0
          580.2 36 0 583.533 36 0 586.867 36 0 590.2 36 0
          593.533 36 0 596.867 36 0 600.2 36 0 603.533 36 0
          606.867 36 0 610.2 36 0 613.533 36 0 616.867 36 0
          620.2 36 0 623.533 36 0 626.867 36 0 630.2 36 0
          633.533 36 0 636.867 36 0 640.2 36 0 643.533 36 0
          646.867 36 0 650.2 36 0 653.533 36 0 656.867 36 0
          660.2 36 0 663.533 36 0 666.867 36 0 670.2 36 0
          673.533 36 0 676.867 36 0 680.2 36 0 683.533 36 0
          686.867 36 0 690.2 36 0 693.533 36 0 696.867 36 0
          700.2 36 0 703.533 36 0 706.867 36 0 710.2 36 0
          713.533 36 0 716.867 36 0 720.2 36 0 723.533 36 0
          726.867 36 0 730.2 36 0 733.533 36 0 736.867 36 0
          740.2 36 0 743.533 36 0 746.867 36 0 750.2 36 0
          500.2 38 0 503.533 38 0 506.867 38 0 510.2 38 0
          513.533 38 0 516.867 38 0 520.2 38 0 523.533 38 0
          526.867 38 0 530.2 38 0 533.533 38 0 536.867 38 0
          540.2 38 0 543.533 38 0 546.867 38 0 550.2 38 0
          553.533 38 0 556.867 38 0 560.2 38 0 563.533 38 0
          566.867 38 0 570.2 38 0 573.533 38 0 576.867 38 0
          580.2 38 0 583.533 38 0 586.867 38 0 590.2 38 0
          593.533 38 0 596.867 38 0 600.2 38 0 603.533 38 0
          606.867 38 0 610.2 38 0 613.533 38 0 616.867 38 0
          620.2 38 0 623.533 38 0 626.867 38 0 630.2 38 0
          633.533 38 0 636.867 38 0 640.2 38 0 643.533 38 0
          646.867 38 0 650.2 38 0 653.533 38 0 656.867 38 0
          660.2 38 0 663.533 38 0 666.867 38 0 670.2 38 0
          673.533 38 0 676.867 38 0 680.2 38 0 683.533 38 0
          686.867 38 0 690.2 38 0 693.533 38 0 696.867 38 0
          700.2 38 0 703.533 38 0 706.867 38 0 710.2 38 0
          713.533 38 0 716.867 38 0 720.2 38 0 723.533 38 0
          726.867 38 0 730.2 38 0 733.533 38 0 736.867 38 0
          740.2 38 0 743.533 38 0 746.867 38 0 750.2 38 0
          500.2 40 0 503.533 40 0 506.867 40 0 510.2 40 0
          513.533 40 0 516.867 40 0 520.2 40 0 523.533 40 0
          526.867 40 0 530.2 40 0 533.533 40 0 536.867 40 0
          540.2 40 0 543.533 40 0 546.867 40 0 550.2 40 0
          553.533 40 0 556.867 40 0 560.2 40 0 563.533 40 0
          566.867 40 0 570.2 40 0 573.533 40 0 576.867 40 0
          580.2 40 0 583.533 40 0 586.867 40 0 590.2 40 0
          593.533 40 0 596.867 40 0 600.2 40 0 603.533 40 0
          606.867 40 0 610.2 40 0 613.533 40 0 616.867 40 0
          620.2 40 0 623.533 40 0 626.867 40 0 630.2 40 0
          633.533 40 0 636.867 40 0 640.2 40 0 643.533 40 0
          646.867 40 0 650.2 40 0 653.533 40 0 656.867 40 0
          660.2 40 0 663.533 40 0 666.867 40 0 670.2 40 0
          673.533 40 0 676.867 40 0 680.2 40 0 683.533 40 0
          686.867 40 0 690.2 40 0 693.533 40 0 696.867 40 0
          700.2 40 0 703.533 40 0 706.867 40 0 710.2 40 0
          713.533 40 0 716.867 40 0 720.2 40 0 723.533 40 0
          726.867 40 0 730.2 40 0 733.533 40 0 736.867 40 0
          740.2 40 0 743.533 40 0 746.867 40 0 750.2 40 0
          500.2 42 0 503.533 42 0 506.867 42 0 510.2 42 0
          513.533 42 0 516.867 42 0 520.2 42 0 523.533 42 0
          526.867 42 0 530.2 42 0 533.533 42 0 536.867 42 0
          540.2 42 0 543.533 42 0 546.867 42 0 550.2 42 0
          553.533 42 0 556.867 42 0 560.2 42 0 563.533 42 0
          566.867 42 0 570.2 42 0 573.533 42 0 576.867 42 0
          580.2 42 0 583.533 42 0 586.867 42 0 590.2 42 0
          593.533 42 0 596.867 42 0 600.2 42 0 603.533 42 0
          606.867 42 0 610.2 42 0 613.533 42 0 616.867 42 0
          620.2 42 0 623.533 42 0 626.867 42 0 630.2 42 0
          633.533 42 0 636.867 42 0 640.2 42 0 643.533 42 0
          646.867 42 0 650.2 42 0 653.533 42 0 656.867 42 0
          660.2 42 0 663.533 42 0 666.867 42 0 670.2 42 0
          673.533 42 0 676.867 42 0 680.2 42 0 683.533 42 0
          686.867 42 0 690.2 42 0 693.533 42 0 696.867 42 0
          700.2 42 0 703.533 42 0 706.867 42 0 710.2 42 0
          713.533 42 0 716.867 42 0 720.2 42 0 723.533 42 0
          726.867 42 0 730.2 42 0 733.533 42 0 736.867 42 0
          740.2 42 0 743.533 42 0 746.867 42 0 750.2 42 0
          500.2 44 0 503.533 44 0 506.867 44 0 510.2 44 0
          513.533 44 0 516.867 44 0 520.2 44 0 523.533 44 0
          526.867 44 0 530.2 44 0 533.533 44 0 536.867 44 0
          540.2 44 0 543.533 44 0 546.867 44 0 550.2 44 0
          553.533 44 0 556.867 44 0 560.2 44 0 563.533 44 0
          566.867 44 0 570.2 44 0 573.533 44 0 576.867 44 0
          580.2 44 0 583.533 44 0 586.867 44 0 590.2 44 0
          593.533 44 0 596.867 44 0 600.2 44 0 603.533 44 0
          606.867 44 0 610.2 44 0 613.533 44 0 616.867 44 0
          620.2 44 0 623.533 44 0 626.867 44 0 630.2 44 0
          633.533 44 0 636.867 44 0 640.2 44 0 643.533 44 0
          646.867 44 0 650.2 44 0 653.533 44 0 656.867 44 0
          660.2 44 0 663.533 44 0 666.867 44 0 670.2 44 0
          673.533 44 0 676.867 44 0 680.2 44 0 683.533 44 0
          686.867 44 0 690.2 44 0 693.533 44 0 696.867 44 0
          700.2 44 0 703.533 44 0 706.867 44 0 710.2 44 0
          713.533 44 0 716.867 44 0 720.2 44 0 723.533 44 0
          726.867 44 0 730.2 44 0 733.533 44 0 736.867 44 0
          740.2 44 0 743.533 44 0 746.867 44 0 750.2 44 0
          500.2 46 0 503.533 46 0 506.867 46 0 510.2 46 0
          513.533 46 0 516.867 46 0 520.2 46 0 523.533 46 0
          526.867 46 0 530.2 46 0 533.533 46 0 536.867 46 0
          540.2 46 0 543.533 46 0 546.867 46 0 550.2 46 0
          553.533 46 0 556.867 46 0 560.2 46 0 563.533 46 0
          566.867 46 0 570.2 46 0 573.533 46 0 576.867 46 0
          580.2 46 0 583.533 46 0 586.867 46 0 590.2 46 0
          593.533 46 0 596.867 46 0 600.2 46 0 603.533 46 0
          606.867 46 0 610.2 46 0 613.533 46 0 616.867 46 0
          620.2 46 0 623.533 46 0 626.867 46 0 630.2 46 0
          633.533 46 0 636.867 46 0 640.2 46 0 643.533 46 0
          646.867 46 0 650.2 46 0 653.533 46 0 656.867 46 0
          660.2 46 0 663.533 46 0 666.867 46 0 670.2 46 0
          673.533 46 0 676.867 46 0 680.2 46 0 683.533 46 0
          686.867 46 0 690.2 46 0 693.533 46 0 696.867 46 0
          700.2 46 0 703.533 46 0 706.867 46 0 710.2 46 0
          713.533 46 0 716.867 46 0 720.2 46 0 723.533 46 0
          726.867 46 0 730.2 46 0 733.533 46 0 736.867 46 0
          740.2 46 0 743.533 46 0 746.867 46 0 750.2 46 0
          500.2 48 0 503.533 48 0 506.867 48 0 510.2 48 0
          513.533 48 0 516.867 48 0 520.2 48 0 523.533 48 0
          526.867 48 0 530.2 48 0 533.533 48 0 536.867 48 0
          540.2 48 0 543.533 48 0 546.867 48 0 550.2 48 0
          553.533 48 0 556.867 48 0 560.2 48 0 563.533 48 0
          566.867 48 0 570.2 48 0 573.533 48 0 576.867 48 0
          580.2 48 0 583.533 48 0 586.867 48 0 590.2 48 0
          593.533 48 0 596.867 48 0 600.2 48 0 603.533 48 0
          606.867 48 0 610.2 48 0 613.533 48 0 616.867 48 0
          620.2 48 0 623.533 48 0 626.867 48 0 630.2 48 0
          633.533 48 0 636.867 48 0 640.2 48 0 643.533 48 0
          646.867 48 0 650.2 48 0 653.533 48 0 656.867 48 0
          660.2 48 0 663.533 48 0 666.867 48 0 670.2 48 0
          673.533 48 0 676.867 48 0 680.2 48 0 683.533 48 0
          686.867 48 0 690.2 48 0 693.533 48 0 696.867 48 0
          700.2 48 0 703.533 48 0 706.867 48 0 710.2 48 0
          713.533 48 0 716.867 48 0 720.2 48 0 723.533 48 0
          726.867 48 0 730.2 48 0 733.533 48 0 736.867 48 0
          740.2 48 0 743.533 48 0 746.867 48 0 750.2 48 0
          500.2 50 0 503.533 50 0 506.867 50 0 510.2 50 0
          513.533 50 0 516.867 50 0 520.2 50 0 523.533 50 0
          526.867 50 0 530.2 50 0 533.533 50 0 536.867 50 0
          540.2 50 0 543.533 50 0 546.867 50 0 550.2 50 0
          553.533 50 0 556.867 50 0 560.2 50 0 563.533 50 0
          566.867 50 0 570.2 50 0 573.533 50 0 576.867 50 0
          580.2 50 0 583.533 50 0 586.867 50 0 590.2 50 0
          593.533 50 0 596.867 50 0 600.2 50 0 603.533 50 0
          606.867 50 0 610.2 50 0 613.533 50 0 616.867 50 0
          620.2 50 0 623.533 50 0 626.867 50 0 630.2 50 0
          633.533 50 0 636.867 50 0 640.2 50 0 643.533 50 0
          646.867 50 0 650.2 50 0 653.533 50 0 656.867 50 0
          660.2 50 0 663.533 50 0 666.867 50 0 670.2 50 0
          673.533 50 0 676.867 50 0 680.2 50 0 683.533 50 0
          686.867 50 0 690.2 50 0 693.533 50 0 696.867 50 0
          700.2 50 0 703.533 50 0 706.867 50 0 710.2 50 0
          713.533 50 0 716.867 50 0 720.2 50 0 723.533 50 0
          726.867 50 0 730.2 50 0 733.533 50 0 736.867 50 0
          740.2 50 0 743.533 50 0 746.867 50 0 750.2 50 0
          500.2 52 0 503.533 52 0 506.867 52 0 510.2 52 0
          513.533 52 0 516.867 52 0 520.2 52 0 523.533 52 0
          526.867 52 0 530.2 52 0 533.533 52 0 536.867 52 0
          540.2 52 0 543.533 52 0 546.867 52 0 550.2 52 0
          553.533 52 0 556.867 52 0 560.2 52 0 563.533 52 0
          566.867 52 0 570.2 52 0 573.533 52 0 576.867 52 0
          580.2 52 0 583.533 52 0 586.867 52 0 590.2 52 0
          593.533 52 0 596.867 52 0 600.2 52 0 603.533 52 0
          606.867 52 0 610.2 52 0 613.533 52 0 616.867 52 0
          620.2 52 0 623.533 52 0 626.867 52 0 630.2 52 0
          633.533 52 0 636.867 52 0 640.2 52 0 643.533 52 0
          646.867 52 0 650.2 52 0 653.533 52 0 656.867 52 0
          660.2 52 0 663.533 52 0 666.867 52 0 670.2 52 0
          673.533 52 0 676.867 52 0 680.2 52 0 683.533 52 0
          686.867 52 0 690.2 52 0 693.533 52 0 696.867 52 0
          700.2 52 0 703.533 52 0 706.867 52 0 710.2 52 0
          713.533 52 0 716.867 52 0 720.2 52 0 723.533 52 0
          726.867 52 0 730.2 52 0 733.533 52 0 736.867 52 0
          740.2 52 0 743.533 52 0 746.867 52 0 750.2 52 0
          500.2 54 0 503.533 54 0 506.867 54 0 510.2 54 0
          513.533 54 0 516.867 54 0 520.2 54 0 523.533 54 0
          526.867 54 0 530.2 54 0 533.533 54 0 536.867 54 0
          540.2 54 0 543.533 54 0 546.867 54 0 550.2 54 0
          553.533 54 0 556.867 54 0 560.2 54 0 563.533 54 0
          566.867 54 0 570.2 54 0 573.533 54 0 576.867 54 0
          580.2 54 0 583.533 54 0 586.867 54 0 590.2 54 0
          593.533 54 0 596.867 54 0 600.2 54 0 603.533 54 0
          606.867 54 0 610.2 54 0 613.533 54 0 616.867 54 0
          620.2 54 0 623.533 54 0 626.867 54 0 630.2 54 0
          633.533 54 0 636.867 54 0 640.2 54 0 643.533 54 0
          646.867 54 0 650.2 54 0 653.533 54 0 656.867 54 0
          660.2 54 0 663.533 54 0 666.867 54 0 670.2 54 0
          673.533 54 0 676.867 54 0 680.2 54 0 683.533 54 0
          686.867 54 0 690.2 54 0 693.533 54 0 696.867 54 0
          700.2 54 0 703.533 54 0 706.867 54 0 710.2 54 0
          713.533 54 0 716.867 54 0 720.2 54 0 723.533 54 0
          726.867 54 0 730.2 54 0 733.533 54 0 736.867 54 0
          740.2 54 0 743.533 54 0 746.867 54 0 750.2 54 0
          500.2 56 0 503.533 56 0 506.867 56 0 510.2 56 0
          513.533 56 0 516.867 56 0 520.2 56 0 523.533 56 0
          526.867 56 0 530.2 56 0 533.533 56 0 536.867 56 0
          540.2 56 0 543.533 56 0 546.867 56 0 550.2 56 0
          553.533 56 0 556.867 56 0 560.2 56 0 563.533 56 0
          566.867 56 0 570.2 56 0 573.533 56 0 576.867 56 0
          580.2 56 0 583.533 56 0 586.867 56 0 590.2 56 0
          593.533 56 0 596.867 56 0 600.2 56 0 603.533 56 0
          606.867 56 0 610.2 56 0 613.533 56 0 616.867 56 0
          620.2 56 0 623.533 56 0 626.867 56 0 630.2 56 0
          633.533 56 0 636.867 56 0 640.2 56 0 643.533 56 0
          646.867 56 0 650.2 56 0 653.533 56 0 656.867 56 0
          660.2 56 0 663.533 56 0 666.867 56 0 670.2 56 0
          673.533 56 0 676.867 56 0 680.2 56 0 683.533 56 0
          686.867 56 0 690.2 56 0 693.533 56 0 696.867 56 0
          700.2 56 0 703.533 56 0 706.867 56 0 710.2 56 0
          713.533 56 0 716.867 56 0 720.2 56 0 723.533 56 0
          726.867 56 0 730.2 56 0 733.533 56 0 736.867 56 0
          740.2 56 0 743.533 56 0 746.867 56 0 750.2 56 0
          500.2 58 0 503.533 58 0 506.867 58 0 510.2 58 0
          513.533 58 0 516.867 58 0 520.2 58 0 523.533 58 0
          526.867 58 0 530.2 58 0 533.533 58 0 536.867 58 0
          540.2 58 0 543.533 58 0 546.867 58 0 550.2 58 0
          553.533 58 0 556.867 58 0 560.2 58 0 563.533 58 0
          566.867 58 0 570.2 58 0 573.533 58 0 576.867 58 0
          580.2 58 0 583.533 58 0 586.867 58 0 590.2 58 0
          593.533 58 0 596.867 58 0 600.2 58 0 603.533 58 0
          606.867 58 0 610.2 58 0 613.533 58 0 616.867 58 0
          620.2 58 0 623.533 58 0 626.867 58 0 630.2 58 0
          633.533 58 0 636.867 58 0 640.2 58 0 643.533 58 0
          646.867 58 0 650.2 58 0 653.533 58 0 656.867 58 0
          660.2 58 0 663.533 58 0 666.867 58 0 670.2 58 0
          673.533 58 0 676.867 58 0 680.2 58 0 683.533 58 0
          686.867 58 0 690.2 58 0 693.533 58 0 696.867 58 0
          700.2 58 0 703.533 58 0 706.867 58 0 710.2 58 0
          713.533 58 0 716.867 58 0 720.2 58 0 723.533 58 0
          726.867 58 0 730.2 58 0 733.533 58 0 736.867 58 0
          740.2 58 0 743.533 58 0 746.867 58 0 750.2 58 0
          500.2 60 0 503.533 60 0 506.867 60 0 510.2 60 0
          513.533 60 0 516.867 60 0 520.2 60 0 523.533 60 0
          526.867 60 0 530.2 60 0 533.533 60 0 536.867 60 0
          540.2 60 0 543.533 60 0 546.867 60 0 550.2 60 0
          553.533 60 0 556.867 60 0 560.2 60 0 563.533 60 0
          566.867 60 0 570.2 60 0 573.533 60 0 576.867 60 0
          580.2 60 0 583.533 60 0 586.867 60 0 590.2 60 0
          593.533 60 0 596.867 60 0 600.2 60 0 603.533 60 0
          606.867 60 0 610.2 60 0 613.533 60 0 616.867 60 0
          620.2 60 0 623.533 60 0 626.867 60 0 630.2 60 0
          633.533 60 0 636.867 60 0 640.2 60 0 643.533 60 0
          646.867 60 0 650.2 60 0 653.533 60 0 656.867 60 0
          660.2 60 0 663.533 60 0 666.867 60 0 670.2 60 0
          673.533 60 0 676.867 60 0 680.2 60 0 683.533 60 0
          686.867 60 0 690.2 60 0 693.533 60 0 696.867 60 0
          700.2 60 0 703.533 60 0 706.867 60 0 710.2 60 0
          713.533 60 0 716.867 60 0 720.2 60 0 723.533 60 0
          726.867 60 0 730.2 60 0 733.533 60 0 736.867 60 0
          740.2 60 0 743.533 60 0 746.867 60 0 750.2 60 0
        </DataArray>
      </Points>
      <Cells>
        <DataArray type="Int32" Name="connectivity" NumberOfComponents="1" format="ascii">
          0 1 3 2 1 4 5 3 4 6 7 5
          6 8 9 7 8 10 11 9 10 12 13 11
          12 14 15 13 14 16 17 15 16 18 19 17
          18 20 21 19 20 22 23 21 22 24 25 23
          24 26 27 25 26 28 29 27 28 30 31 29
          30 32 33 31 32 34 35 33 34 36 37 35
          36 38 39 37 38 40 41 39 40 42 43 41
          42 44 45 43 44 46 47 45 46 48 49 47
          48 50 51 49 50 52 53 51 52 54 55 53
          54 56 57 55 56 58 59 57 58 60 61 59
          60 62 63 61 62 64 65 63 64 66 67 65
          66 68 69 67 68 70 71 69 70 72 73 71
          72 74 75 73 74 76 77 75 76 78 79 77
          78 80 81 79 80 82 83 81 82 84 85 83
          84 86 87 85 86 88 89 87 88 90 91 89
          90 92 93 91 92 94 95 93 94 96 97 95
          96 98 99 97 98 100 101 99 100 102 103 101
          102 104 105 103 104 106 107 105 106 108 109 107
          108 110 111 109 110 112 113 111 112 114 115 113
          114 116 117 115 116 118 119 117 118 120 121 119
          120 122 123 121 122 124 125 123 124 126 127 125
          126 128 129 127 128 130 131 129 130 132 133 131
          132 134 135 133 134 136 137 135 136 138 139 137
          138 140 141 139 140 142 143 141 142 144 145 143
          144 146 147 145 146 148 149 147 148 150 151 149
          2 3 153 152 3 5 154 153 5 7 155 154
          7 9 156 155 9 11 157 156 11 13 158 157
          13 15 159 158 15 17 160 159 17 19 161 160
          19 21 162 161 21 23 163 162 23 25 164 163
          25 27 165 164 27 29 166 165 29 31 167 166
          31 33 168 167 33 35 169 168 35 37 170 169
          37 39 171 170 39 41 172 171 41 43 173 172
          43 45 174 173 45 47 175 174 47 49 176 175
          49 51 177 176 51 53 178 177 53 55 179 178
          55 57 180 179 57 59 181 180 59 61 182 181
          61 63 183 182 63 65 184 183 65 67 185 184
          67 69 186 185 69 71 187 186 71 73 188 187
          73 75 189 188 75 77 190 189 77 79 191 190
          79 81 192 191 81 83 193 192 83 85 194 193
          85 87 195 194 87 89 196 195 89 91 197 196
          91 93 198 197 93 95 199 198 95 97 200 199
          97 99 201 200 99 101 202 201 101 103 203 202
          103 105 204 203 105 107 205 204 107 109 206 205
          109 111 207 206 111 113 208 207 113 115 209 208
          115 117 210 209 117 119 211 210 119 121 212 211
          121 123 213 212 123 125 214 213 125 127 215 214
          127 129 216 215 129 131 217 216 131 133 218 217
          133 135 219 218 135 137 220 219 137 139 221 220
          139 141 222 221 141 143 223 222 143 145 224 223
          145 147 225 224 147 149 226 225 149 151 227 226
          152 153 229 228 153 154 230 229 154 155 231 230
          155 156 232 231 156 157 233 232 157 158 234 233
          158 159 235 234 159 160 236 235 160 161 237 236
          161 162 238 237 162 163 239 238 163 164 240 239
          164 165 241 240 165 166 242 241 166 167 243 242
          167 168 244 243 168 169 245 244 169 170 246 245
          170 171 247 246 171 172 248 247 172 173 249 248
          173 174 250 249 174 175 251 250 175 176 252 251
          176 177 253 252 177 178 254 253 178 179 255 254
          179 180 256 255 180 181 257 256 181 182 258 257
          182 183 259 258 183 184 260 259 184 185 261 260
          185 186 262 261 186 187 263 262 187 188 264 263
          188 189 265 264 189 190 266 265 190 191 267 266
          191 192 268 267 192 193 269 268 193 194 270 269
          194 195 271 270 195 196 272 271 196 197 273 272
          197 198 274 273 198 199 275 274 199 200 276 275
          200 201 277 276 201 202 278 277 202 203 279 278
          203 204 280 279 204 205 281 280 205 206 282 281
          206 207 283 282 207 208 284 283 208 209 285 284
          209 210 286 285 210 211 287 286 211 212 288 287
          212 213 289 288 213 214 290 289 214 215 291 290
          215 216 292 291 216 217 293 292 217 218 294 293
          218 219 295 294 219 220 296 295 220 221 297 296
          221 222 298 297 222 223 299 298 223 224 300 299
          224 225 301 300 225 226 302 301 226 227 303 302
          228 229 305 304 229 230 306 305 230 231 307 306
          231 232 308 307 232 233 309 308 233 234 310 309
          234 235 311 310 235 236 312 311 236 237 313 312
          237 238 314 313 238 239 315 314 239 240 316 315
          240 241 317 316 241 242 318 317 242 243 319 318
          243 244 320 319 244 245 321 320 245 246 322 321
          246 247 323 322 247 248 324 323 248 249 325 324
          249 250 326 325 250 251 327 326 251 252 328 327
          252 253 329 328 253 254 330 329 254 255 331 330
          255 256 332 331 256 257 333 332 257 258 334 333
          258 259 335 334 259 260 336 335 260 261 337 336
          261 262 338 337 262 263 339 338 263 264 340 339
          264 265 341 340 265 266 342 341 266 267 343 342
          267 268 344 343 268 269 345 344 269 270 346 345
          270 271 347 346 271 272 348 347 272 273 349 348
          273 274 350 349 274 275 351 350 275 276 352 351
          276 277 353 352 277 278 354 353 278 279 355 354
          279 280 356 355 280 281 357 356 281 282 358 357
          282 283 359 358 283 284 360 359 284 285 361 360
          285 286 362 361 286 287 363 362 287 288 364 363
          288 289 365 364 289 290 366 365 290 291 367 366
          291 292 368 367 292 293 369 368 293 294 370 369
          294 295 371 370 295 296 372 371 296 297 373 372
          297 298 374 373 298 299 375 374 299 300 376 375
          300 301 377 376 301 302 378 377 302 303 379 378
          304 305 381 380 305 306 382 381 306 307 383 382
          307 308 384 383 308 309 385 384 309 310 386 385
          310 311 387 386 311 312 388 387 312 313 389 388
          313 314 390 389 314 315 391 390 315 316 392 391
          316 317 393 392 317 318 394 393 318 319 395 394
          319 320 396 395 320 321 397 396 321 322 398 397
          322 323 399 398 323 324 400 399 324 325 401 400
          325 326 402 401 326 327 403 402 327 328 404 403
          328 329 405 404 329 330 406 405 330 331 407 406
          331 332 408 407 332 333 409 408 333 334 410 409
          334 335 411 410 335 336 412 411 336 337 413 412
          337 338 414 413 338 339 415 414 339 340 416 415
          340 341 417 416 341 342 418 417 342 343 419 418
          343 344 420 419 344 345 421 420 345 346 422 421
          346 347 423 422 347 348 424 423 348 349 425 424
          349 350 426 425 350 351 427 426 351 352 428 427
          352 353 429 428 353 354 430 429 354 355 431 430
          355 356 432 431 356 357 433 432 357 358 434 433
          358 359 435 434 359 360 436 435 360 361 437 436
          361 362 438 437 362 363 439 438 363 364 440 439
          364 365 441 440 365 366 442 441 366 367 443 442
          367 368 444 443 368 369 445 444 369 370 446 445
          370 371 447 446 371 372 448 447 372 373 449 448
          373 374 450 449 374 375 451 450 375 376 452 451
          376 377 453 452 377 378 454 453 378 379 455 454
          380 381 457 456 381 382 458 457 382 383 459 458
          383 384 460 459 384 385 461 460 385 386 462 461
          386 387 463 462 387 388 464 463 388 389 465 464
          389 390 466 465 390 391 467 466 391 392 468 467
          392 393 469 468 393 394 470 469 394 395 471 470
          395 396 472 471 396 397 473 472 397 398 474 473
          398 399 475 474 399 400 476 475 400 401 477 476
          401 402 478 477 402 403 479 478 403 404 480 479
          404 405 481 480 405 406 482 481 406 407 483 482
          407 408 484 483 408 409 485 484 409 410 486 485
          410 411 487 486 411 412 488 487 412 413 489 488
          413 414 490 489 414 415 491 490 415 416 492 491
          416 417 493 492 417 418 494 493 418 419 495 494
          419 420 496 495 420 421 497 496 421 422 498 497
          422 423 499 498 423 424 500 499 424 425 501 500
          425 426 502 501 426 427 503 502 427 428 504 503
          428 429 505 504 429 430 506 505 430 431 507 506
          431 432 508 507 432 433 509 508 433 434 510 509
          434 435 511 510 435 436 512 511 436 437 513 512
          437 438 514 513 438 439 515 514 439 440 516 515
          440 441 517 516 441 442 518 517 442 443 519 518
          443 444 520 519 444 445 521 520 445 446 522 521
          446 447 523 522 447 448 524 523 448 449 525 524
          449 450 526 525 450 451 527 526 451 452 528 527
          452 453 529 528 453 454 530 529 454 455 531 530
          456 457 533 532 457 458 534 533 458 459 535 534
          459 460 536 535 460 461 537 536 461 462 538 537
          462 463 539 538 463 464 540 539 464 465 541 540
          465 466 542 541 466 467 543 542 467 468 544 543
          468 469 545 544 469 470 546 545 470 471 547 546
          471 472 548 547 472 473 549 548 473 474 550 549
          474 475 551 550 475 476 552 551 476 477 553 552
          477 478 554 553 478 479 555 554 479 480 556 555
          480 481 557 556 481 482 558 557 482 483 559 558
          483 484 560 559 484 485 561 560 485 486 562 561
          486 487 563 562 487 488 564 563 488 489 565 564
          489 490 566 565 490 491 567 566 491 492 568 567
          492 493 569 568 493 494 570 569 494 495 571 570
          495 496 572 571 496 497 573 572 497 498 574 573
          498 499 575 574 499 500 576 575 500 501 577 576
          501 502 578 577 502 503 579 578 503 504 580 579
          504 505 581 580 505 506 582 581 506 507 583 582
          507 508 584 583 508 509 585 584 509 510 586 585
          510 511 587 586 511 512 588 587 512 513 589 588
          513 514 590 589 514 515 591 590 515 516 592 591
          516 517 593 592 517 518 594 593 518 519 595 594
          519 520 596 595 520 521 597 596 521 522 598 597
          522 523 599 598 523 524 600 599 524 525 601 600
          525 526 602 601 526 527 603 602 527 528 604 603
          528 529 605 604 529 530 606 605 530 531 607 606
          532 533 609 608 533 534 610 609 534 535 611 610
          535 536 612 611 536 537 613 612 537 538 614 613
          538 539 615 614 539 540 616 615 540 541 617 616
          541 542 618 617 542 543 619 618 543 544 620 619
          544 545 621 620 545 546 622 621 546 547 623 622
          547 548 624 623 548 549 625 624 549 550 626 625
          550 551 627 626 551 552 628 627 552 553 629 628
          553 554 630 629 554 555 631 630 555 556 632 631
          556 557 633 632 557 558 634 633 558 559 635 634
          559 560 636 635 560 561 637 636 561 562 638 637
          562 563 639 638 563 564 640 639 564 565 641 640
          565 566 642 641 566 567 643 642 567 568 644 643
          568 569 645 644 569 570 646 645 570 571 647 646
          571 572 648 647 572 573 649 648 573 574 650 649
          574 575 651 650 575 576 652 651 576 577 653 652
          577 578 654 653 578 579 655 654 579 580 656 655
          580 581 657 656 581 582 658 657 582 583 659 658
          583 584 660 659 584 585 661 660 585 586 662 661
          586 587 663 662 587 588 664 663 588 589 665 664
          589 590 666 665 590 591 667 666 591 592 668 667
          592 593 669 668 593 594 670 669 594 595 671 670
          595 596 672 671 596 597 673 672 597 598 674 673
          598 599 675 674 599 600 676 675 600 601 677 676
          601 602 678 677 602 603 679 678 603 604 680 679
          604 605 681 680 605 606 682 681 606 607 683 682
          608 609 685 684 609 610 686 685 610 611 687 686
          611 612 688 687 612 613 689 688 613 614 690 689
          614 615 691 690 615 616 692 691 616 617 693 692
          617 618 694 693 618 619 695 694 619 620 696 695
          620 621 697 696 621 622 698 697 622 623 699 698
          623 624 700 699 624 625 701 700 625 626 702 701
          626 627 703 702 627 628 704 703 628 629 705 704
          629 630 706 705 630 631 707 706 631 632 708 707
          632 633 709 708 633 634 710 709 634 635 711 710
          635 636 712 711 636 637 713 712 637 638 714 713
          638 639 715 714 639 640 716 715 640 641 717 716
          641 642 718 717 642 643 719 718 643 644 720 719
          644 645 721 720 645 646 722 721 646 647 723 722
          647 648 724 723 648 649 725 724 649 650 726 725
          650 651 727 726 651 652 728 727 652 653 729 728
          653 654 730 729 654 655 731 730 655 656 732 731
          656 657 733 732 657 658 734 733 658 659 735 734
          659 660 736 735 660 661 737 736 661 662 738 737
          662 663 739 738 663 664 740 739 664 665 741 740
          665 666 742 741 666 667 743 742 667 668 744 743
          668 669 745 744 669 670 746 745 670 671 747 746
          671 672 748 747 672 673 749 748 673 674 750 749
          674 675 751 750 675 676 752 751 676 677 753 752
          677 678 754 753 678 679 755 754 679 680 756 755
          680 681 757 756 681 682 758 757 682 683 759 758
          684 685 761 760 685 686 762 761 686 687 763 762
          687 688 764 763 688 689 765 764 689 690 766 765
          690 691 767 766 691 692 768 767 692 693 769 768
          693 694 770 769 694 695 771 770 695 696 772 771
          696 697 773 772 697 698 774 773 698 699 775 774
          699 700 776 775 700 701 777 776 701 702 778 777
          702 703 779 778 703 704 780 779 704 705 781 780
          705 706 782 781 706 707 783 782 707 708 784 783
          708 709 785 784 709 710 786 785 710 711 787 786
          711 712 788 787 712 713 789 788 713 714 790 789
          714 715 791 790 715 716 792 791 716 717 793 792
          717 718 794 793 718 719 795 794 719 720 796 795
          720 721 797 796 721 722 798 797 722 723 799 798
          723 724 800 799 724 725 801 800 725 726 802 801
          726 727 803 802 727 728 804 803 728 729 805 804
          729 730 806 805 730 731 807 806 731 732 808 807
          732 733 809 808 733 734 810 809 734 735 811 810
          735 736 812 811 736 737 813 812 737 738 814 813
          738 739 815 814 739 740 816 815 740 741 817 816
          741 742 818 817 742 743 819 818 743 744 820 819
          744 745 821 820 745 746 822 821 746 747 823 822
          747 748 824 823 748 749 825 824 749 750 826 825
          750 751 827 826 751 752 828 827 752 753 829 828
          753 754 830 829 754 755 831 830 755 756 832 831
          756 757 833 832 757 758 834 833 758 759 835 834
          760 761 837 836 761 762 838 837 762 763 839 838
          763 764 840 839 764 765 841 840 765 766 842 841
          766 767 843 842 767 768 844 843 768 769 845 844
          769 770 846 845 770 771 847 846 771 772 848 847
          772 773 849 848 773 774 850 849 774 775 851 850
          775 776 852 851 776 777 853 852 777 778 854 853
          778 779 855 854 779 780 856 855 780 781 857 856
          781 782 858 857 782 783 859 858 783 784 860 859
          784 785 861 860 785 786 862 861 786 787 863 862
          787 788 864 863 788 789 865 864 789 790 866 865
          790 791 867 866 791 792 868 867 792 793 869 868
          793 794 870 869 794 795 871 870 795 796 872 871
          796 797 873 872 797 798 874 873 798 799 875 874
          799 800 876 875 800 801 877 876 801 802 878 877
          802 803 879 878 803 804 880 879 804 805 881 880
          805 806 882 881 806 807 883 882 807 808 884 883
          808 809 885 884 809 810 886 885 810 811 887 886
          811 812 888 887 812 813 889 888 813 814 890 889
          814 815 891 890 815 816 892 891 816 817 893 892
          817 818 894 893 818 819 895 894 819 820 896 895
          820 821 897 896 821 822 898 897 822 823 899 898
          823 824 900 899 824 825 901 900 825 826 902 901
          826 827 903 902 827 828 904 903 828 829 905 904
          829 830 906 905 830 831 907 906 831 832 908 907
          832 833 909 908 833 834 910 909 834 835 911 910
          836 837 913 912 837 838 914 913 838 839 915 914
          839 840 916 915 840 841 917 916 841 842 918 917
          842 843 919 918 843 844 920 919 844 845 921 920
          845 846 922 921 846 847 923 922 847 848 924 923
          848 849 925 924 849 850 926 925 850 851 927 926
          851 852 928 927 852 853 929 928 853 854 930 929
          854 855 931 930 855 856 932 931 856 857 933 932
          857 858 934 933 858 859 935 934 859 860 936 935
          860 861 937 936 861 862 938 937 862 863 939 938
          863 864 940 939 864 865 941 940 865 866 942 941
          866 867 943 942 867 868 944 943 868 869 945 944
          869 870 946 945 870 871 947 946 871 872 948 947
          872 873 949 948 873 874 950 949 874 875 951 950
          875 876 952 951 876 877 953 952 877 878 954 953
          878 879 955 954 879 880 956 955 880 881 957 956
          881 882 958 957 882 883 959 958 883 884 960 959
          884 885 961 960 885 886 962 961 886 887 963 962
          887 888 964 963 888 889 965 964 889 890 966 965
          890 891 967 966 891 892 968 967 892 893 969 968
          893 894 970 969 894 895 971 970 895 896 972 971
          896 897 973 972 897 898 974 973 898 899 975 974
          899 900 976 975 900 901 977 976 901 902 978 977
          902 903 979 978 903 904 980 979 904 905 981 980
          905 906 982 981 906 907 983 982 907 908 984 983
          908 909 985 984 909 910 986 985 910 911 987 986
          912 913 989 988 913 914 990 989 914 915 991 990
          915 916 992 991 916 917 993 992 917 918 994 993
          918 919 995 994 919 920 996 995 920 921 997 996
          921 922 998 997 922 923 999 998 923 924 1000 999
          924 925 1001 1000 925 926 1002 1001 926 927 1003 1002
          927 928 1004 1003 928 929 1005 1004 929 930 1006 1005
          930 931 1007 1006 931 932 1008 1007 932 933 1009 1008
          933 934 1010 1009 934 935 1011 1010 935 936 1012 1011
          936 937 1013 1012 937 938 1014 1013 938 939 1015 1014
          939 940 1016 1015 940 941 1017 1016 941 942 1018 1017
          942 943 1019 1018 943 944 1020 1019 944 945 1021 1020
          945 946 1022 1021 946 947 1023 1022 947 948 1024 1023
          948 949 1025 1024 949 950 1026 1025 950 951 1027 1026
          951 952 1028 1027 952 953 1029 1028 953 954 1030 1029
          954 955 1031 1030 955 956 1032 1031 956 957 1033 1032
          957 958 1034 1033 958 959 1035 1034 959 960 1036 1035
          960 961 1037 1036 961 962 1038 1037 962 963 1039 1038
          963 964 1040 1039 964 965 1041 1040 965 966 1042 1041
          966 967 1043 1042 967 968 1044 1043 968 969 1045 1044
          969 970 1046 1045 970 971 1047 1046 971 972 1048 1047
          972 973 1049 1048 973 974 1050 1049 974 975 1051 1050
          975 976 1052 1051 976 977 1053 1052 977 978 1054 1053
          978 979 1055 1054 979 980 1056 1055 980 981 1057 1056
          981 982 1058 1057 982 983 1059 1058 983 984 1060 1059
          984 985 1061 1060 985 986 1062 1061 986 987 1063 1062
          988 989 1065 1064 989 990 1066 1065 990 991 1067 1066
          991 992 1068 1067 992 993 1069 1068 993 994 1070 1069
          994 995 1071 1070 995 996 1072 1071 996 997 1073 1072
          997 998 1074 1073 998 999 1075 1074 999 1000 1076 1075
          1000 1001 1077 1076 1001 1002 1078 1077 1002 1003 1079 1078
          1003 1004 1080 1079 1004 1005 1081 1080 1005 1006 1082 1081
          1006 1007 1083 1082 1007 1008 1084 1083 1008 1009 1085 1084
          1009 1010 1086 1085 1010 1011 1087 1086 1011 1012 1088 1087
          1012 1013 1089 1088 1013 1014 1090 1089 1014 1015 1091 1090
          1015 1016 1092 1091 1016 1017 1093 1092 1017 1018 1094 1093
          1018 1019 1095 1094 1019 1020 1096 1095 1020 1021 1097 1096
          1021 1022 1098 1097 1022 1023 1099 1098 1023 1024 1100 1099
          1024 1025 1101 1100 1025 1026 1102 1101 1026 1027 1103 1102
          1027 1028 1104 1103 1028 1029 1105 1104 1029 1030 1106 1105
          1030 1031 1107 1106 1031 1032 1108 1107 1032 1033 1109 1108
          1033 1034 1110 1109 1034 1035 1111 1110 1035 1036 1112 1111
          1036 1037 1113 1112 1037 1038 1114 1113 1038 1039 1115 1114
          1039 1040 1116 1115 1040 1041 1117 1116 1041 1042 1118 1117
          1042 1043 1119 1118 1043 1044 1120 1119 1044 1045 1121 1120
          1045 1046 1122 1121 1046 1047 1123 1122 1047 1048 1124 1123
          1048 1049 1125 1124 1049 1050 1126 1125 1050 1051 1127 1126
          1051 1052 1128 1127 1052 1053 1129 1128 1053 1054 1130 1129
          1054 1055 1131 1130 1055 1056 1132 1131 1056 1057 1133 1132
          1057 1058 1134 1133 1058 1059 1135 1134 1059 1060 1136 1135
          1060 1061 1137 1136 1061 1062 1138 1137 1062 1063 1139 1138
          1064 1065 1141 1140 1065 1066 1142 1141 1066 1067 1143 1142
          1067 1068 1144 1143 1068 1069 1145 1144 1069 1070 1146 1145
          1070 1071 1147 1146 1071 1072 1148 1147 1072 1073 1149 1148
          1073 1074 1150 1149 1074 1075 1151 1150 1075 1076 1152 1151
          1076 1077 1153 1152 1077 1078 1154 1153 1078 1079 1155 1154
          1079 1080 1156 1155 1080 1081 1157 1156 1081 1082 1158 1157
          1082 1083 1159 1158 1083 1084 1160 1159 1084 1085 1161 1160
          1085 1086 1162 1161 1086 1087 1163 1162 1087 1088 1164 1163
          1088 1089 1165 1164 1089 1090 1166 1165 1090 1091 1167 1166
          1091 1092 1168 1167 1092 1093 1169 1168 1093 1094 1170 1169
          1094 1095 1171 1170 1095 1096 1172 1171 1096 1097 1173 1172
          1097 1098 1174 1173 1098 1099 1175 1174 1099 1100 1176 1175
          1100 1101 1177 1176 1101 1102 1178 1177 1102 1103 1179 1178
          1103 1104 1180 1179 1104 1105 1181 1180 1105 1106 1182 1181
          1106 1107 1183 1182 1107 1108 1184 1183 1108 1109 1185 1184
          1109 1110 1186 1185 1110 1111 1187 1186 1111 1112 1188 1187
          1112 1113 1189 1188 1113 1114 1190 1189 1114 1115 1191 1190
          1115 1116 1192 1191 1116 1117 1193 1192 1117 1118 1194 1193
          1118 1119 1195 1194 1119 1120 1196 1195 1120 1121 1197 1196
          1121 1122 1198 1197 1122 1123 1199 1198 1123 1124 1200 1199
          1124 1125 1201 1200 1125 1126 1202 1201 1126 1127 1203 1202
          1127 1128 1204 1203 1128 1129 1205 1204 1129 1130 1206 1205
          1130 1131 1207 1206 1131 1132 1208 1207 1132 1133 1209 1208
          1133 1134 1210 1209 1134 1135 1211 1210 1135 1136 1212 1211
          1136 1137 1213 1212 1137 1138 1214 1213 1138 1139 1215 1214
          1140 1141 1217 1216 1141 1142 1218 1217 1142 1143 1219 1218
          1143 1144 1220 1219 1144 1145 1221 1220 1145 1146 1222 1221
          1146 1147 1223 1222 1147 1148 1224 1223 1148 1149 1225 1224
          1149 1150 1226 1225 1150 1151 1227 1226 1151 1152 1228 1227
          1152 1153 1229 1228 1153 1154 1230 1229 1154 1155 1231 1230
          1155 1156 1232 1231 1156 1157 1233 1232 1157 1158 1234 1233
          1158 1159 1235 1234 1159 1160 1236 1235 1160 1161 1237 1236
          1161 1162 1238 1237 1162 1163 1239 1238 1163 1164 1240 1239
          1164 1165 1241 1240 1165 1166 1242 1241 1166 1167 1243 1242
          1167 1168 1244 1243 1168 1169 1245 1244 1169 1170 1246 1245
          1170 1171 1247 1246 1171 1172 1248 1247 1172 1173 1249 1248
          1173 1174 1250 1249 1174 1175 1251 1250 1175 1176 1252 1251
          1176 1177 1253 1252 1177 1178 1254 1253 1178 1179 1255 1254
          1179 1180 1256 1255 1180 1181 1257 1256 1181 1182 1258 1257
          1182 1183 1259 1258 1183 1184 1260 1259 1184 1185 1261 1260
          1185 1186 1262 1261 1186 1187 1263 1262 1187 1188 1264 1263
          1188 1189 1265 1264 1189 1190 1266 1265 1190 1191 1267 1266
          1191 1192 1268 1267 1192 1193 1269 1268 1193 1194 1270 1269
          1194 1195 1271 1270 1195 1196 1272 1271 1196 1197 1273 1272
          1197 1198 1274 1273 1198 1199 1275 1274 1199 1200 1276 1275
          1200 1201 1277 1276 1201 1202 1278 1277 1202 1203 1279 1278
          1203 1204 1280 1279 1204 1205 1281 1280 1205 1206 1282 1281
          1206 1207 1283 1282 1207 1208 1284 1283 1208 1209 1285 1284
          1209 1210 1286 1285 1210 1211 1287 1286 1211 1212 1288 1287
          1212 1213 1289 1288 1213 1214 1290 1289 1214 1215 1291 1290
          1216 1217 1293 1292 1217 1218 1294 1293 1218 1219 1295 1294
          1219 1220 1296 1295 1220 1221 1297 1296 1221 1222 1298 1297
          1222 1223 1299 1298 1223 1224 1300 1299 1224 1225 1301 1300
          1225 1226 1302 1301 1226 1227 1303 1302 1227 1228 1304 1303
          1228 1229 1305 1304 1229 1230 1306 1305 1230 1231 1307 1306
          1231 1232 1308 1307 1232 1233 1309 1308 1233 1234 1310 1309
          1234 1235 1311 1310 1235 1236 1312 1311 1236 1237 1313 1312
          1237 1238 1314 1313 1238 1239 1315 1314 1239 1240 1316 1315
          1240 1241 1317 1316 1241 1242 1318 1317 1242 1243 1319 1318
          1243 1244 1320 1319 1244 1245 1321 1320 1245 1246 1322 1321
          1246 1247 1323 1322 1247 1248 1324 1323 1248 1249 1325 1324
          1249 1250 1326 1325 1250 1251 1327 1326 1251 1252 1328 1327
          1252 1253 1329 1328 1253 1254 1330 1329 1254 1255 1331 1330
          1255 1256 1332 1331 1256 1257 1333 1332 1257 1258 1334 1333
          1258 1259 1335 1334 1259 1260 1336 1335 1260 1261 1337 1336
          1261 1262 1338 1337 1262 1263 1339 1338 1263 1264 1340 1339
          1264 1265 1341 1340 1265 1266 1342 1341 1266 1267 1343 1342
          1267 1268 1344 1343 1268 1269 1345 1344 1269 1270 1346 1345
          1270 1271 1347 1346 1271 1272 1348 1347 1272 1273 1349 1348
          1273 1274 1350 1349 1274 1275 1351 1350 1275 1276 1352 1351
          1276 1277 1353 1352 1277 1278 1354 1353 1278 1279 1355 1354
          1279 1280 1356 1355 1280 1281 1357 1356 1281 1282 1358 1357
          1282 1283 1359 1358 1283 1284 1360 1359 1284 1285 1361 1360
          1285 1286 1362 1361 1286 1287 1363 1362 1287 1288 1364 1363
          1288 1289 1365 1364 1289 1290 1366 1365 1290 1291 1367 1366
          1292 1293 1369 1368 1293 1294 1370 1369 1294 1295 1371 1370
          1295 1296 1372 1371 1296 1297 1373 1372 1297 1298 1374 1373
          1298 1299 1375 1374 1299 1300 1376 1375 1300 1301 1377 1376
          1301 1302 1378 1377 1302 1303 1379 1378 1303 1304 1380 1379
          1304 1305 1381 1380 1305 1306 1382 1381 1306 1307 1383 1382
          1307 1308 1384 1383 1308 1309 1385 1384 1309 1310 1386 1385
          1310 1311 1387 1386 1311 1312 1388 1387 1312 1313 1389 1388
          1313 1314 1390 1389 1314 1315 1391 1390 1315 1316 1392 1391
          1316 1317 1393 1392 1317 1318 1394 1393 1318 1319 1395 1394
          1319 1320 1396 1395 1320 1321 1397 1396 1321 1322 1398 1397
          1322 1323 1399 1398 1323 1324 1400 1399 1324 1325 1401 1400
          1325 1326 1402 1401 1326 1327 1403 1402 1327 1328 1404 1403
          1328 1329 1405 1404 1329 1330 1406 1405 1330 1331 1407 1406
          1331 1332 1408 1407 1332 1333 1409 1408 1333 1334 1410 1409
          1334 1335 1411 1410 1335 1336 1412 1411 1336 1337 1413 1412
          1337 1338 1414 1413 1338 1339 1415 1414 1339 1340 1416 1415
          1340 1341 1417 1416 1341 1342 1418 1417 1342 1343 1419 1418
          1343 1344 1420 1419 1344 1345 1421 1420 1345 1346 1422 1421
          1346 1347 1423 1422 1347 1348 1424 1423 1348 1349 1425 1424
          1349 1350 1426 1425 1350 1351 1427 1426 1351 1352 1428 1427
          1352 1353 1429 1428 1353 1354 1430 1429 1354 1355 1431 1430
          1355 1356 1432 1431 1356 1357 1433 1432 1357 1358 1434 1433
          1358 1359 1435 1434 1359 1360 1436 1435 1360 1361 1437 1436
          1361 1362 1438 1437 1362 1363 1439 1438 1363 1364 1440 1439
          1364 1365 1441 1440 1365 1366 1442 1441 1366 1367 1443 1442
          1368 1369 1445 1444 1369 1370 1446 1445 1370 1371 1447 1446
          1371 1372 1448 1447 1372 1373 1449 1448 1373 1374 1450 1449
          1374 1375 1451 1450 1375 1376 1452 1451 1376 1377 1453 1452
          1377 1378 1454 1453 1378 1379 1455 1454 1379 1380 1456 1455
          1380 1381 1457 1456 1381 1382 1458 1457 1382 1383 1459 1458
          1383 1384 1460 1459 1384 1385 1461 1460 1385 1386 1462 1461
          1386 1387 1463 1462 1387 1388 1464 1463 1388 1389 1465 1464
          1389 1390 1466 1465 1390 1391 1467 1466 1391 1392 1468 1467
          1392 1393 1469 1468 1393 1394 1470 1469 1394 1395 1471 1470
          1395 1396 1472 1471 1396 1397 1473 1472 1397 1398 1474 1473
          1398 1399 1475 1474 1399 1400 1476 1475 1400 1401 1477 1476
          1401 1402 1478 1477 1402 1403 1479 1478 1403 1404 1480 1479
          1404 1405 1481 1480 1405 1406 1482 1481 1406 1407 1483 1482
          1407 1408 1484 1483 1408 1409 1485 1484 1409 1410 1486 1485
          1410 1411 1487 1486 1411 1412 1488 1487 1412 1413 1489 1488
          1413 1414 1490 1489 1414 1415 1491 1490 1415 1416 1492 1491
          1416 1417 1493 1492 1417 1418 1494 1493 1418 1419 1495 1494
          1419 1420 1496 1495 1420 1421 1497 1496 1421 1422 1498 1497
          1422 1423 1499 1498 1423 1424 1500 1499 1424 1425 1501 1500
          1425 1426 1502 1501 1426 1427 1503 1502 1427 1428 1504 1503
          1428 1429 1505 1504 1429 1430 1506 1505 1430 1431 1507 1506
          1431 1432 1508 1507 1432 1433 1509 1508 1433 1434 1510 1509
          1434 1435 1511 1510 1435 1436 1512 1511 1436 1437 1513 1512
          1437 1438 1514 1513 1438 1439 1515 1514 1439 1440 1516 1515
          1440 1441 1517 1516 1441 1442 1518 1517 1442 1443 1519 1518
          1444 1445 1521 1520 1445 1446 1522 1521 1446 1447 1523 1522
          1447 1448 1524 1523 1448 1449 1525 1524 1449 1450 1526 1525
          1450 1451 1527 1526 1451 1452 1528 1527 1452 1453 1529 1528
          1453 1454 1530 1529 1454 1455 1531 1530 1455 1456 1532 1531
          1456 1457 1533 1532 1457 1458 1534 1533 1458 1459 1535 1534
          1459 1460 1536 1535 1460 1461 1537 1536 1461 1462 1538 1537
          1462 1463 1539 1538 1463 1464 1540 1539 1464 1465 1541 1540
          1465 1466 1542 1541 1466 1467 1543 1542 1467 1468 1544 1543
          1468 1469 1545 1544 1469 1470 1546 1545 1470 1471 1547 1546
          1471 1472 1548 1547 1472 1473 1549 1548 1473 1474 1550 1549
          1474 1475 1551 1550 1475 1476 1552 1551 1476 1477 1553 1552
          1477 1478 1554 1553 1478 1479 1555 1554 1479 1480 1556 1555
          1480 1481 1557 1556 1481 1482 1558 1557 1482 1483 1559 1558
          1483 1484 1560 1559 1484 1485 1561 1560 1485 1486 1562 1561
          1486 1487 1563 1562 1487 1488 1564 1563 1488 1489 1565 1564
          1489 1490 1566 1565 1490 1491 1567 1566 1491 1492 1568 1567
          1492 1493 1569 1568 1493 1494 1570 1569 1494 1495 1571 1570
          1495 1496 1572 1571 1496 1497 1573 1572 1497 1498 1574 1573
          1498 1499 1575 1574 1499 1500 1576 1575 1500 1501 1577 1576
          1501 1502 1578 1577 1502 1503 1579 1578 1503 1504 1580 1579
          1504 1505 1581 1580 1505 1506 1582 1581 1506 1507 1583 1582
          1507 1508 1584 1583 1508 1509 1585 1584 1509 1510 1586 1585
          1510 1511 1587 1586 1511 1512 1588 1587 1512 1513 1589 1588
          1513 1514 1590 1589 1514 1515 1591 1590 1515 1516 1592 1591
          1516 1517 1593 1592 1517 1518 1594 1593 1518 1519 1595 1594
          1520 1521 1597 1596 1521 1522 1598 1597 1522 1523 1599 1598
          1523 1524 1600 1599 1524 1525 1601 1600 1525 1526 1602 1601
          1526 1527 1603 1602 1527 1528 1604 1603 1528 1529 1605 1604
          1529 1530 1606 1605 1530 1531 1607 1606 1531 1532 1608 1607
          1532 1533 1609 1608 1533 1534 1610 1609 1534 1535 1611 1610
          1535 1536 1612 1611 1536 1537 1613 1612 1537 1538 1614 1613
          1538 1539 1615 1614 1539 1540 1616 1615 1540 1541 1617 1616
          1541 1542 1618 1617 1542 1543 1619 1618 1543 1544 1620 1619
          1544 1545 1621 1620 1545 1546 1622 1621 1546 1547 1623 1622
          1547 1548 1624 1623 1548 1549 1625 1624 1549 1550 1626 1625
          1550 1551 1627 1626 1551 1552 1628 1627 1552 1553 1629 1628
          1553 1554 1630 1629 1554 1555 1631 1630 1555 1556 1632 1631
          1556 1557 1633 1632 1557 1558 1634 1633 1558 1559 1635 1634
          1559 1560 1636 1635 1560 1561 1637 1636 1561 1562 1638 1637
          1562 1563 1639 1638 1563 1564 1640 1639 1564 1565 1641 1640
          1565 1566 1642 1641 1566 1567 1643 1642 1567 1568 1644 1643
          1568 1569 1645 1644 1569 1570 1646 1645 1570 1571 1647 1646
          1571 1572 1648 1647 1572 1573 1649 1648 1573 1574 1650 1649
          1574 1575 1651 1650 1575 1576 1652 1651 1576 1577 1653 1652
          1577 1578 1654 1653 1578 1579 1655 1654 1579 1580 1656 1655
          1580 1581 1657 1656 1581 1582 1658 1657 1582 1583 1659 1658
          1583 1584 1660 1659 1584 1585 1661 1660 1585 1586 1662 1661
          1586 1587 1663 1662 1587 1588 1664 1663 1588 1589 1665 1664
          1589 1590 1666 1665 1590 1591 1667 1666 1591 1592 1668 1667
          1592 1593 1669 1668 1593 1594 1670 1669 1594 1595 1671 1670
          1596 1597 1673 1672 1597 1598 1674 1673 1598 1599 1675 1674
          1599 1600 1676 1675 1600 1601 1677 1676 1601 1602 1678 1677
          1602 1603 1679 1678 1603 1604 1680 1679 1604 1605 1681 1680
          1605 1606 1682 1681 1606 1607 1683 1682 1607 1608 1684 1683
          1608 1609 1685 1684 1609 1610 1686 1685 1610 1611 1687 1686
          1611 1612 1688 1687 1612 1613 1689 1688 1613 1614 1690 1689
          1614 1615 1691 1690 1615 1616 1692 1691 1616 1617 1693 1692
          1617 1618 1694 1693 1618 1619 1695 1694 1619 1620 1696 1695
          1620 1621 1697 1696 1621 1622 1698 1697 1622 1623 1699 1698
          1623 1624 1700 1699 1624 1625 1701 1700 1625 1626 1702 1701
          1626 1627 1703 1702 1627 1628 1704 1703 1628 1629 1705 1704
          1629 1630 1706 1705 1630 1631 1707 1706 1631 1632 1708 1707
          1632 1633 1709 1708 1633 1634 1710 1709 1634 1635 1711 1710
          1635 1636 1712 1711 1636 1637 1713 1712 1637 1638 1714 1713
          1638 1639 1715 1714 1639 1640 1716 1715 1640 1641 1717 1716
          1641 1642 1718 1717 1642 1643 1719 1718 1643 1644 1720 1719
          1644 1645 1721 1720 1645 1646 1722 1721 1646 1647 1723 1722
          1647 1648 1724 1723 1648 1649 1725 1724 1649 1650 1726 1725
          1650 1651 1727 1726 1651 1652 1728 1727 1652 1653 1729 1728
          1653 1654 1730 1729 1654 1655 1731 1730 1655 1656 1732 1731
          1656 1657 1733 1732 1657 1658 1734 1733 1658 1659 1735 1734
          1659 1660 1736 1735 1660 1661 1737 1736 1661 1662 1738 1737
          1662 1663 1739 1738 1663 1664 1740 1739 1664 1665 1741 1740
          1665 1666 1742 1741 1666 1667 1743 1742 1667 1668 1744 1743
          1668 1669 1745 1744 1669 1670 1746 1745 1670 1671 1747 1746
          1672 1673 1749 1748 1673 1674 1750 1749 1674 1675 1751 1750
          1675 1676 1752 1751 1676 1677 1753 1752 1677 1678 1754 1753
          1678 1679 1755 1754 1679 1680 1756 1755 1680 1681 1757 1756
          1681 1682 1758 1757 1682 1683 1759 1758 1683 1684 1760 1759
          1684 1685 1761 1760 1685 1686 1762 1761 1686 1687 1763 1762
          1687 1688 1764 1763 1688 1689 1765 1764 1689 1690 1766 1765
          1690 1691 1767 1766 1691 1692 1768 1767 1692 1693 1769 1768
          1693 1694 1770 1769 1694 1695 1771 1770 1695 1696 1772 1771
          1696 1697 1773 1772 1697 1698 1774 1773 1698 1699 1775 1774
          1699 1700 1776 1775 1700 1701 1777 1776 1701 1702 1778 1777
          1702 1703 1779 1778 1703 1704 1780 1779 1704 1705 1781 1780
          1705 1706 1782 1781 1706 1707 1783 1782 1707 1708 1784 1783
          1708 1709 1785 1784 1709 1710 1786 1785 1710 1711 1787 1786
          1711 1712 1788 1787 1712 1713 1789 1788 1713 1714 1790 1789
          1714 1715 1791 1790 1715 1716 1792 1791 1716 1717 1793 1792
          1717 1718 1794 1793 1718 1719 1795 1794 1719 1720 1796 1795
          1720 1721 1797 1796 1721 1722 1798 1797 1722 1723 1799 1798
          1723 1724 1800 1799 1724 1725 1801 1800 1725 1726 1802 1801
          1726 1727 1803 1802 1727 1728 1804 1803 1728 1729 1805 1804
          1729 1730 1806 1805 1730 1731 1807 1806 1731 1732 1808 1807
          1732 1733 1809 1808 1733 1734 1810 1809 1734 1735 1811 1810
          1735 1736 1812 1811 1736 1737 1813 1812 1737 1738 1814 1813
          1738 1739 1815 1814 1739 1740 1816 1815 1740 1741 1817 1816
          1741 1742 1818 1817 1742 1743 1819 1818 1743 1744 1820 1819
          1744 1745 1821 1820 1745 1746 1822 1821 1746 1747 1823 1822
          1748 1749 1825 1824 1749 1750 1826 1825 1750 1751 1827 1826
          1751 1752 1828 1827 1752 1753 1829 1828 1753 1754 1830 1829
          1754 1755 1831 1830 1755 1756 1832 1831 1756 1757 1833 1832
          1757 1758 1834 1833 1758 1759 1835 1834 1759 1760 1836 1835
          1760 1761 1837 1836 1761 1762 1838 1837 1762 1763 1839 1838
          1763 1764 1840 1839 1764 1765 1841 1840 1765 1766 1842 1841
          1766 1767 1843 1842 1767 1768 1844 1843 1768 1769 1845 1844
          1769 1770 1846 1845 1770 1771 1847 1846 1771 1772 1848 1847
          1772 1773 1849 1848 1773 1774 1850 1849 1774 1775 1851 1850
          1775 1776 1852 1851 1776 1777 1853 1852 1777 1778 1854 1853
          1778 1779 1855 1854 1779 1780 1856 1855 1780 1781 1857 1856
          1781 1782 1858 1857 1782 1783 1859 1858 1783 1784 1860 1859
          1784 1785 1861 1860 1785 1786 1862 1861 1786 1787 1863 1862
          1787 1788 1864 1863 1788 1789 1865 1864 1789 1790 1866 1865
          1790 1791 1867 1866 1791 1792 1868 1867 1792 1793 1869 1868
          1793 1794 1870 1869 1794 1795 1871 1870 1795 1796 1872 1871
          1796 1797 1873 1872 1797 1798 1874 1873 1798 1799 1875 1874
          1799 1800 1876 1875 1800 1801 1877 1876 1801 1802 1878 1877
          1802 1803 1879 1878 1803 1804 1880 1879 1804 1805 1881 1880
          1805 1806 1882 1881 1806 1807 1883 1882 1807 1808 1884 1883
          1808 1809 1885 1884 1809 1810 1886 1885 1810 1811 1887 1886
          1811 1812 1888 1887 1812 1813 1889 1888 1813 1814 1890 1889
          1814 1815 1891 1890 1815 1816 1892 1891 1816 1817 1893 1892
          1817 1818 1894 1893 1818 1819 1895 1894 1819 1820 1896 1895
          1820 1821 1897 1896 1821 1822 1898 1897 1822 1823 1899 1898
          1824 1825 1901 1900 1825 1826 1902 1901 1826 1827 1903 1902
          1827 1828 1904 1903 1828 1829 1905 1904 1829 1830 1906 1905
          1830 1831 1907 1906 1831 1832 1908 1907 1832 1833 1909 1908
          1833 1834 1910 1909 1834 1835 1911 1910 1835 1836 1912 1911
          1836 1837 1913 1912 1837 1838 1914 1913 1838 1839 1915 1914
          1839 1840 1916 1915 1840 1841 1917 1916 1841 1842 1918 1917
          1842 1843 1919 1918 1843 1844 1920 1919 1844 1845 1921 1920
          1845 1846 1922 1921 1846 1847 1923 1922 1847 1848 1924 1923
          1848 1849 1925 1924 1849 1850 1926 1925 1850 1851 1927 1926
          1851 1852 1928 1927 1852 1853 1929 1928 1853 1854 1930 1929
          1854 1855 1931 1930 1855 1856 1932 1931 1856 1857 1933 1932
          1857 1858 1934 1933 1858 1859 1935 1934 1859 1860 1936 1935
          1860 1861 1937 1936 1861 1862 1938 1937 1862 1863 1939 1938
          1863 1864 1940 1939 1864 1865 1941 1940 1865 1866 1942 1941
          1866 1867 1943 1942 1867 1868 1944 1943 1868 1869 1945 1944
          1869 1870 1946 1945 1870 1871 1947 1946 1871 1872 1948 1947
          1872 1873 1949 1948 1873 1874 1950 1949 1874 1875 1951 1950
          1875 1876 1952 1951 1876 1877 1953 1952 1877 1878 1954 1953
          1878 1879 1955 1954 1879 1880 1956 1955 1880 1881 1957 1956
          1881 1882 1958 1957 1882 1883 1959 1958 1883 1884 1960 1959
          1884 1885 1961 1960 1885 1886 1962 1961 1886 1887 1963 1962
          1887 1888 1964 1963 1888 1889 1965 1964 1889 1890 1966 1965
          1890 1891 1967 1966 1891 1892 1968 1967 1892 1893 1969 1968
          1893 1894 1970 1969 1894 1895 1971 1970 1895 1896 1972 1971
          1896 1897 1973 1972 1897 1898 1974 1973 1898 1899 1975 1974
          1900 1901 1977 1976 1901 1902 1978 1977 1902 1903 1979 1978
          1903 1904 1980 1979 1904 1905 1981 1980 1905 1906 1982 1981
          1906 1907 1983 1982 1907 1908 1984 1983 1908 1909 1985 1984
          1909 1910 1986 1985 1910 1911 1987 1986 1911 1912 1988 1987
          1912 1913 1989 1988 1913 1914 1990 1989 1914 1915 1991 1990
          1915 1916 1992 1991 1916 1917 1993 1992 1917 1918 1994 1993
          1918 1919 1995 1994 1919 1920 1996 1995 1920 1921 1997 1996
          1921 1922 1998 1997 1922 1923 1999 1998 1923 1924 2000 1999
          1924 1925 2001 2000 1925 1926 2002 2001 1926 1927 2003 2002
          1927 1928 2004 2003 1928 1929 2005 2004 1929 1930 2006 2005
          1930 1931 2007 2006 1931 1932 2008 2007 1932 1933 2009 2008
          1933 1934 2010 2009 1934 1935 2011 2010 1935 1936 2012 2011
          1936 1937 2013 2012 1937 1938 2014 2013 1938 1939 2015 2014
          1939 1940 2016 2015 1940 1941 2017 2016 1941 1942 2018 2017
          1942 1943 2019 2018 1943 1944 2020 2019 1944 1945 2021 2020
          1945 1946 2022 2021 1946 1947 2023 2022 1947 1948 2024 2023
          1948 1949 2025 2024 1949 1950 2026 2025 1950 1951 2027 2026
          1951 1952 2028 2027 1952 1953 2029 2028 1953 1954 2030 2029
          1954 1955 2031 2030 1955 1956 2032 2031 1956 1957 2033 2032
          1957 1958 2034 2033 1958 1959 2035 2034 1959 1960 2036 2035
          1960 1961 2037 2036 1961 1962 2038 2037 1962 1963 2039 2038
          1963 1964 2040 2039 1964 1965 2041 2040 1965 1966 2042 2041
          1966 1967 2043 2042 1967 1968 2044 2043 1968 1969 2045 2044
          1969 1970 2046 2045 1970 1971 2047 2046 1971 1972 2048 2047
          1972 1973 2049 2048 1973 1974 2050 2049 1974 1975 2051 2050
          1976 1977 2053 2052 1977 1978 2054 2053 1978 1979 2055 2054
          1979 1980 2056 2055 1980 1981 2057 2056 1981 1982 2058 2057
          1982 1983 2059 2058 1983 1984 2060 2059 1984 1985 2061 2060
          1985 1986 2062 2061 1986 1987 2063 2062 1987 1988 2064 2063
          1988 1989 2065 2064 1989 1990 2066 2065 1990 1991 2067 2066
          1991 1992 2068 2067 1992 1993 2069 2068 1993 1994 2070 2069
          1994 1995 2071 2070 1995 1996 2072 2071 1996 1997 2073 2072
          1997 1998 2074 2073 1998 1999 2075 2074 1999 2000 2076 2075
          2000 2001 2077 2076 2001 2002 2078 2077 2002 2003 2079 2078
          2003 2004 2080 2079 2004 2005 2081 2080 2005 2006 2082 2081
          2006 2007 2083 2082 2007 2008 2084 2083 2008 2009 2085 2084
          2009 2010 2086 2085 2010 2011 2087 2086 2011 2012 2088 2087
          2012 2013 2089 2088 2013 2014 2090 2089 2014 2015 2091 2090
          2015 2016 2092 2091 2016 2017 2093 2092 2017 2018 2094 2093
          2018 2019 2095 2094 2019 2020 2096 2095 2020 2021 2097 2096
          2021 2022 2098 2097 2022 2023 2099 2098 2023 2024 2100 2099
          2024 2025 2101 2100 2025 2026 2102 2101 2026 2027 2103 2102
          2027 2028 2104 2103 2028 2029 2105 2104 2029 2030 2106 2105
          2030 2031 2107 2106 2031 2032 2108 2107 2032 2033 2109 2108
          2033 2034 2110 2109 2034 2035 2111 2110 2035 2036 2112 2111
          2036 2037 2113 2112 2037 2038 2114 2113 2038 2039 2115 2114
          2039 2040 2116 2115 2040 2041 2117 2116 2041 2042 2118 2117
          2042 2043 2119 2118 2043 2044 2120 2119 2044 2045 2121 2120
          2045 2046 2122 2121 2046 2047 2123 2122 2047 2048 2124 2123
          2048 2049 2125 2124 2049 2050 2126 2125 2050 2051 2127 2126
          2052 2053 2129 2128 2053 2054 2130 2129 2054 2055 2131 2130
          2055 2056 2132 2131 2056 2057 2133 2132 2057 2058 2134 2133
          2058 2059 2135 2134 2059 2060 2136 2135 2060 2061 2137 2136
          2061 2062 2138 2137 2062 2063 2139 2138 2063 2064 2140 2139
          2064 2065 2141 2140 2065 2066 2142 2141 2066 2067 2143 2142
          2067 2068 2144 2143 2068 2069 2145 2144 2069 2070 2146 2145
          2070 2071 2147 2146 2071 2072 2148 2147 2072 2073 2149 2148
          2073 2074 2150 2149 2074 2075 2151 2150 2075 2076 2152 2151
          2076 2077 2153 2152 2077 2078 2154 2153 2078 2079 2155 2154
          2079 2080 2156 2155 2080 2081 2157 2156 2081 2082 2158 2157
          2082 2083 2159 2158 2083 2084 2160 2159 2084 2085 2161 2160
          2085 2086 2162 2161 2086 2087 2163 2162 2087 2088 2164 2163
          2088 2089 2165 2164 2089 2090 2166 2165 2090 2091 2167 2166
          2091 2092 2168 2167 2092 2093 2169 2168 2093 2094 2170 2169
          2094 2095 2171 2170 2095 2096 2172 2171 2096 2097 2173 2172
          2097 2098 2174 2173 2098 2099 2175 2174 2099 2100 2176 2175
          2100 2101 2177 2176 2101 2102 2178 2177 2102 2103 2179 2178
          2103 2104 2180 2179 2104 2105 2181 2180 2105 2106 2182 2181
          2106 2107 2183 2182 2107 2108 2184 2183 2108 2109 2185 2184
          2109 2110 2186 2185 2110 2111 2187 2186 2111 2112 2188 2187
          2112 2113 2189 2188 2113 2114 2190 2189 2114 2115 2191 2190
          2115 2116 2192 2191 2116 2117 2193 2192 2117 2118 2194 2193
          2118 2119 2195 2194 2119 2120 2196 2195 2120 2121 2197 2196
          2121 2122 2198 2197 2122 2123 2199 2198 2123 2124 2200 2199
          2124 2125 2201 2200 2125 2126 2202 2201 2126 2127 2203 2202
          2128 2129 2205 2204 2129 2130 2206 2205 2130 2131 2207 2206
          2131 2132 2208 2207 2132 2133 2209 2208 2133 2134 2210 2209
          2134 2135 2211 2210 2135 2136 2212 2211 2136 2137 2213 2212
          2137 2138 2214 2213 2138 2139 2215 2214 2139 2140 2216 2215
          2140 2141 2217 2216 2141 2142 2218 2217 2142 2143 2219 2218
          2143 2144 2220 2219 2144 2145 2221 2220 2145 2146 2222 2221
          2146 2147 2223 2222 2147 2148 2224 2223 2148 2149 2225 2224
          2149 2150 2226 2225 2150 2151 2227 2226 2151 2152 2228 2227
          2152 2153 2229 2228 2153 2154 2230 2229 2154 2155 2231 2230
          2155 2156 2232 2231 2156 2157 2233 2232 2157 2158 2234 2233
          2158 2159 2235 2234 2159 2160 2236 2235 2160 2161 2237 2236
          2161 2162 2238 2237 2162 2163 2239 2238 2163 2164 2240 2239
          2164 2165 2241 2240 2165 2166 2242 2241 2166 2167 2243 2242
          2167 2168 2244 2243 2168 2169 2245 2244 2169 2170 2246 2245
          2170 2171 2247 2246 2171 2172 2248 2247 2172 2173 2249 2248
          2173 2174 2250 2249 2174 2175 2251 2250 2175 2176 2252 2251
          2176 2177 2253 2252 2177 2178 2254 2253 2178 2179 2255 2254
          2179 2180 2256 2255 2180 2181 2257 2256 2181 2182 2258 2257
          2182 2183 2259 2258 2183 2184 2260 2259 2184 2185 2261 2260
          2185 2186 2262 2261 2186 2187 2263 2262 2187 2188 2264 2263
          2188 2189 2265 2264 2189 2190 2266 2265 2190 2191 2267 2266
          2191 2192 2268 2267 2192 2193 2269 2268 2193 2194 2270 2269
          2194 2195 2271 2270 2195 2196 2272 2271 2196 2197 2273 2272
          2197 2198 2274 2273 2198 2199 2275 2274 2199 2200 2276 2275
          2200 2201 2277 2276 2201 2202 2278 2277 2202 2203 2279 2278
          2204 2205 2281 2280 2205 2206 2282 2281 2206 2207 2283 2282
          2207 2208 2284 2283 2208 2209 2285 2284 2209 2210 2286 2285
          2210 2211 2287 2286 2211 2212 2288 2287 2212 2213 2289 2288
          2213 2214 2290 2289 2214 2215 2291 2290 2215 2216 2292 2291
          2216 2217 2293 2292 2217 2218 2294 2293 2218 2219 2295 2294
          2219 2220 2296 2295 2220 2221 2297 2296 2221 2222 2298 2297
          2222 2223 2299 2298 2223 2224 2300 2299 2224 2225 2301 2300
          2225 2226 2302 2301 2226 2227 2303 2302 2227 2228 2304 2303
          2228 2229 2305 2304 2229 2230 2306 2305 2230 2231 2307 2306
          2231 2232 2308 2307 2232 2233 2309 2308 2233 2234 2310 2309
          2234 2235 2311 2310 2235 2236 2312 2311 2236 2237 2313 2312
          2237 2238 2314 2313 2238 2239 2315 2314 2239 2240 2316 2315
          2240 2241 2317 2316 2241 2242 2318 2317 2242 2243 2319 2318
          2243 2244 2320 2319 2244 2245 2321 2320 2245 2246 2322 2321
          2246 2247 2323 2322 2247 2248 2324 2323 2248 2249 2325 2324
          2249 2250 2326 2325 2250 2251 2327 2326 2251 2252 2328 2327
          2252 2253 2329 2328 2253 2254 2330 2329 2254 2255 2331 2330
          2255 2256 2332 2331 2256 2257 2333 2332 2257 2258 2334 2333
          2258 2259 2335 2334 2259 2260 2336 2335 2260 2261 2337 2336
          2261 2262 2338 2337 2262 2263 2339 2338 2263 2264 2340 2339
          2264 2265 2341 2340 2265 2266 2342 2341 2266 2267 2343 2342
          2267 2268 2344 2343 2268 2269 2345 2344 2269 2270 2346 2345
          2270 2271 2347 2346 2271 2272 2348 2347 2272 2273 2349 2348
          2273 2274 2350 2349 2274 2275 2351 2350 2275 2276 2352 2351
          2276 2277 2353 2352 2277 2278 2354 2353 2278 2279 2355 2354
        </DataArray>
        <DataArray type="Int32" Name="offsets" NumberOfComponents="1" format="ascii">
          4 8 12 16 20 24 28 32 36 40 44 48
          52 56 60 64 68 72 76 80 84 88 92 96
          100 104 108 112 116 120 124 128 132 136 140 144
          148 152 156 160 164 168 172 176 180 184 188 192
          196 200 204 208 212 216 220 224 228 232 236 240
          244 248 252 256 260 264 268 272 276 280 284 288
          292 296 300 304 308 312 316 320 324 328 332 336
          340 344 348 352 356 360 364 368 372 376 380 384
          388 392 396 400 404 408 412 416 420 424 428 432
          436 440 444 448 452 456 460 464 468 472 476 480
          484 488 492 496 500 504 508 512 516 520 524 528
          532 536 540 544 548 552 556 560 564 568 572 576
          580 584 588 592 596 600 604 608 612 616 620 624
          628 632 636 640 644 648 652 656 660 664 668 672
          676 680 684 688 692 696 700 704 708 712 716 720
          724 728 732 736 740 744 748 752 756 760 764 768
          772 776 780 784 788 792 796 800 804 808 812 816
          820 824 828 832 836 840 844 848 852 856 860 864
          868 872 876 880 884 888 892 896 900 904 908 912
          916 920 924 928 932 936 940 944 948 952 956 960
          964 968 972 976 980 984 988 992 996 1000 1004 1008
          1012 1016 1020 1024 1028 1032 1036 1040 1044 1048 1052 1056
          1060 1064 1068 1072 1076 1080 1084 1088 1092 1096 1100 1104
          1108 1112 1116 1120 1124 1128 1132 1136 1140 1144 1148 1152
          1156 1160 1164 1168 1172 1176 1180 1184 1188 1192 1196 1200
          1204 1208 1212 1216 1220 1224 1228 1232 1236 1240 1244 1248
          1252 1256 1260 1264 1268 1272 1276 1280 1284 1288 1292 1296
          1300 1304 1308 1312 1316 1320 1324 1328 1332 1336 1340 1344
          1348 1352 1356 1360 1364 1368 1372 1376 1380 1384 1388 1392
          1396 1400 1404 1408 1412 1416 1420 1424 1428 1432 1436 1440
          1444 1448 1452 1456 1460 1464 1468 1472 1476 1480 1484 1488
          1492 1496 1500 1504 1508 1512 1516 1520 1524 1528 1532 1536
          1540 1544 1548 1552 1556 1560 1564 1568 1572 1576 1580 1584
          1588 1592 1596 1600 1604 1608 1612 1616 1620 1624 1628 1632
          1636 1640 1644 1648 1652 1656 1660 1664 1668 1672 1676 1680
          1684 1688 1692 1696 1700 1704 1708 1712 1716 1720 1724 1728
          1732 1736 1740 1744 1748 1752 1756 1760 1764 1768 1772 1776
          1780 1784 1788 1792 1796 1800 1804 1808 1812 1816 1820 1824
          1828 1832 1836 1840 1844 1848 1852 1856 1860 1864 1868 1872
          1876 1880 1884 1888 1892 1896 1900 1904 1908 1912 1916 1920
          1924 1928 1932 1936 1940 1944 1948 1952 1956 1960 1964 1968
          1972 1976 1980 1984 1988 1992 1996 2000 2004 2008 2012 2016
          2020 2024 2028 2032 2036 2040 2044 2048 2052 2056 2060 2064
          2068 2072 2076 2080 2084 2088 2092 2096 2100 2104 2108 2112
          2116 2120 2124 2128 2132 2136 2140 2144 2148 2152 2156 2160
          2164 2168 2172 2176 2180 2184 2188 2192 2196 2200 2204 2208
          2212 2216 2220 2224 2228 2232 2236 2240 2244 2248 2252 2256
          2260 2264 2268 2272 2276 2280 2284 2288 2292 2296 2300 2304
          2308 2312 2316 2320 2324 2328 2332 2336 2340 2344 2348 2352
          2356 2360 2364 2368 2372 2376 2380 2384 2388 2392 2396 2400
          2404 2408 2412 2416 2420 2424 2428 2432 2436 2440 2444 2448
          2452 2456 2460 2464 2468 2472 2476 2480 2484 2488 2492 2496
          2500 2504 2508 2512 2516 2520 2524 2528 2532 2536 2540 2544
          2548 2552 2556 2560 2564 2568 2572 2576 2580 2584 2588 2592
          2596 2600 2604 2608 2612 2616 2620 2624 2628 2632 2636 2640
          2644 2648 2652 2656 2660 2664 2668 2672 2676 2680 2684 2688
          2692 2696 2700 2704 2708 2712 2716 2720 2724 2728 2732 2736
          2740 2744 2748 2752 2756 2760 2764 2768 2772 2776 2780 2784
          2788 2792 2796 2800 2804 2808 2812 2816 2820 2824 2828 2832
          2836 2840 2844 2848 2852 2856 2860 2864 2868 2872 2876 2880
          2884 2888 2892 2896 2900 2904 2908 2912 2916 2920 2924 2928
          2932 2936 2940 2944 2948 2952 2956 2960 2964 2968 2972 2976
          2980 2984 2988 2992 2996 3000 3004 3008 3012 3016 3020 3024
          3028 3032 3036 3040 3044 3048 3052 3056 3060 3064 3068 3072
          3076 3080 3084 3088 3092 3096 3100 3104 3108 3112 3116 3120
          3124 3128 3132 3136 3140 3144 3148 3152 3156 3160 3164 3168
          3172 3176 3180 3184 3188 3192 3196 3200 3204 3208 3212 3216
          3220 3224 3228 3232 3236 3240 3244 3248 3252 3256 3260 3264
          3268 3272 3276 3280 3284 3288 3292 3296 3300 3304 3308 3312
          3316 3320 3324 3328 3332 3336 3340 3344 3348 3352 3356 3360
          3364 3368 3372 3376 3380 3384 3388 3392 3396 3400 3404 3408
          3412 3416 3420 3424 3428 3432 3436 3440 3444 3448 3452 3456
          3460 3464 3468 3472 3476 3480 3484 3488 3492 3496 3500 3504
          3508 3512 3516 3520 3524 3528 3532 3536 3540 3544 3548 3552
          3556 3560 3564 3568 3572 3576 3580 3584 3588 3592 3596 3600
          3604 3608 3612 3616 3620 3624 3628 3632 3636 3640 3644 3648
          3652 3656 3660 3664 3668 3672 3676 3680 3684 3688 3692 3696
          3700 3704 3708 3712 3716 3720 3724 3728 3732 3736 3740 3744
          3748 3752 3756 3760 3764 3768 3772 3776 3780 3784 3788 3792
          3796 3800 3804 3808 3812 3816 3820 3824 3828 3832 3836 3840
          3844 3848 3852 3856 3860 3864 3868 3872 3876 3880 3884 3888
          3892 3896 3900 3904 3908 3912 3916 3920 3924 3928 3932 3936
          3940 3944 3948 3952 3956 3960 3964 3968 3972 3976 3980 3984
          3988 3992 3996 4000 4004 4008 4012 4016 4020 4024 4028 4032
          4036 4040 4044 4048 4052 4056 4060 4064 4068 4072 4076 4080
          4084 4088 4092 4096 4100 4104 4108 4112 4116 4120 4124 4128
          4132 4136 4140 4144 4148 4152 4156 4160 4164 4168 4172 4176
          4180 4184 4188 4192 4196 4200 4204 4208 4212 4216 4220 4224
          4228 4232 4236 4240 4244 4248 4252 4256 4260 4264 4268 4272
          4276 4280 4284 4288 4292 4296 4300 4304 4308 4312 4316 4320
          4324 4328 4332 4336 4340 4344 4348 4352 4356 4360 4364 4368
          4372 4376 4380 4384 4388 4392 4396 4400 4404 4408 4412 4416
          4420 4424 4428 4432 4436 4440 4444 4448 4452 4456 4460 4464
          4468 4472 4476 4480 4484 4488 4492 4496 4500 4504 4508 4512
          4516 4520 4524 4528 4532 4536 4540 4544 4548 4552 4556 4560
          4564 4568 4572 4576 4580 4584 4588 4592 4596 4600 4604 4608
          4612 4616 4620 4624 4628 4632 4636 4640 4644 4648 4652 4656
          4660 4664 4668 4672 4676 4680 4684 4688 4692 4696 4700 4704
          4708 4712 4716 4720 4724 4728 4732 4736 4740 4744 4748 4752
          4756 4760 4764 4768 4772 4776 4780 4784 4788 4792 4796 4800
          4804 4808 4812 4816 4820 4824 4828 4832 4836 4840 4844 4848
          4852 4856 4860 4864 4868 4872 4876 4880 4884 4888 4892 4896
          4900 4904 4908 4912 4916 4920 4924 4928 4932 4936 4940 4944
          4948 4952 4956 4960 4964 4968 4972 4976 4980 4984 4988 4992
          4996 5000 5004 5008 5012 5016 5020 5024 5028 5032 5036 5040
          5044 5048 5052 5056 5060 5064 5068 5072 5076 5080 5084 5088
          5092 5096 5100 5104 5108 5112 5116 5120 5124 5128 5132 5136
          5140 5144 5148 5152 5156 5160 5164 5168 5172 5176 5180 5184
          5188 5192 5196 5200 5204 5208 5212 5216 5220 5224 5228 5232
          5236 5240 5244 5248 5252 5256 5260 5264 5268 5272 5276 5280
          5284 5288 5292 5296 5300 5304 5308 5312 5316 5320 5324 5328
          5332 5336 5340 5344 5348 5352 5356 5360 5364 5368 5372 5376
          5380 5384 5388 5392 5396 5400 5404 5408 5412 5416 5420 5424
          5428 5432 5436 5440 5444 5448 5452 5456 5460 5464 5468 5472
          5476 5480 5484 5488 5492 5496 5500 5504 5508 5512 5516 5520
          5524 5528 5532 5536 5540 5544 5548 5552 5556 5560 5564 5568
          5572 5576 5580 5584 5588 5592 5596 5600 5604 5608 5612 5616
          5620 5624 5628 5632 5636 5640 5644 5648 5652 5656 5660 5664
          5668 5672 5676 5680 5684 5688 5692 5696 5700 5704 5708 5712
          5716 5720 5724 5728 5732 5736 5740 5744 5748 5752 5756 5760
          5764 5768 5772 5776 5780 5784 5788 5792 5796 5800 5804 5808
          5812 5816 5820 5824 5828 5832 5836 5840 5844 5848 5852 5856
          5860 5864 5868 5872 5876 5880 5884 5888 5892 5896 5900 5904
          5908 5912 5916 5920 5924 5928 5932 5936 5940 5944 5948 5952
          5956 5960 5964 5968 5972 5976 5980 5984 5988 5992 5996 6000
          6004 6008 6012 6016 6020 6024 6028 6032 6036 6040 6044 6048
          6052 6056 6060 6064 6068 6072 6076 6080 6084 6088 6092 6096
          6100 6104 6108 6112 6116 6120 6124 6128 6132 6136 6140 6144
          6148 6152 6156 6160 6164 6168 6172 6176 6180 6184 6188 6192
          6196 6200 6204 6208 6212 6216 6220 6224 6228 6232 6236 6240
          6244 6248 6252 6256 6260 6264 6268 6272 6276 6280 6284 6288
          6292 6296 6300 6304 6308 6312 6316 6320 6324 6328 6332 6336
          6340 6344 6348 6352 6356 6360 6364 6368 6372 6376 6380 6384
          6388 6392 6396 6400 6404 6408 6412 6416 6420 6424 6428 6432
          6436 6440 6444 6448 6452 6456 6460 6464 6468 6472 6476 6480
          6484 6488 6492 6496 6500 6504 6508 6512 6516 6520 6524 6528
          6532 6536 6540 6544 6548 6552 6556 6560 6564 6568 6572 6576
          6580 6584 6588 6592 6596 6600 6604 6608 6612 6616 6620 6624
          6628 6632 6636 6640 6644 6648 6652 6656 6660 6664 6668 6672
          6676 6680 6684 6688 6692 6696 6700 6704 6708 6712 6716 6720
          6724 6728 6732 6736 6740 6744 6748 6752 6756 6760 6764 6768
          6772 6776 6780 6784 6788 6792 6796 6800 6804 6808 6812 6816
          6820 6824 6828 6832 6836 6840 6844 6848 6852 6856 6860 6864
          6868 6872 6876 6880 6884 6888 6892 6896 6900 6904 6908 6912
          6916 6920 6924 6928 6932 6936 6940 6944 6948 6952 6956 6960
          6964 6968 6972 6976 6980 6984 6988 6992 6996 7000 7004 7008
          7012 7016 7020 7024 7028 7032 7036 7040 7044 7048 7052 7056
          7060 7064 7068 7072 7076 7080 7084 7088 7092 7096 7100 7104
          7108 7112 7116 7120 7124 7128 7132 7136 7140 7144 7148 7152
          7156 7160 7164 7168 7172 7176 7180 7184 7188 7192 7196 7200
          7204 7208 7212 7216 7220 7224 7228 7232 7236 7240 7244 7248
          7252 7256 7260 7264 7268 7272 7276 7280 7284 7288 7292 7296
          7300 7304 7308 7312 7316 7320 7324 7328 7332 7336 7340 7344
          7348 7352 7356 7360 7364 7368 7372 7376 7380 7384 7388 7392
          7396 7400 7404 7408 7412 7416 7420 7424 7428 7432 7436 7440
          7444 7448 7452 7456 7460 7464 7468 7472 7476 7480 7484 7488
          7492 7496 7500 7504 7508 7512 7516 7520 7524 7528 7532 7536
          7540 7544 7548 7552 7556 7560 7564 7568 7572 7576 7580 7584
          7588 7592 7596 7600 7604 7608 7612 7616 7620 7624 7628 7632
          7636 7640 7644 7648 7652 7656 7660 7664 7668 7672 7676 7680
          7684 7688 7692 7696 7700 7704 7708 7712 7716 7720 7724 7728
          7732 7736 7740 7744 7748 7752 7756 7760 7764 7768 7772 7776
          7780 7784 7788 7792 7796 7800 7804 7808 7812 7816 7820 7824
          7828 7832 7836 7840 7844 7848 7852 7856 7860 7864 7868 7872
          7876 7880 7884 7888 7892 7896 7900 7904 7908 7912 7916 7920
          7924 7928 7932 7936 7940 7944 7948 7952 7956 7960 7964 7968
          7972 7976 7980 7984 7988 7992 7996 8000 8004 8008 8012 8016
          8020 8024 8028 8032 8036 8040 8044 8048 8052 8056 8060 8064
          8068 8072 8076 8080 8084 8088 8092 8096 8100 8104 8108 8112
          8116 8120 8124 8128 8132 8136 8140 8144 8148 8152 8156 8160
          8164 8168 8172 8176 8180 8184 8188 8192 8196 8200 8204 8208
          8212 8216 8220 8224 8228 8232 8236 8240 8244 8248 8252 8256
          8260 8264 8268 8272 8276 8280 8284 8288 8292 8296 8300 8304
          8308 8312 8316 8320 8324 8328 8332 8336 8340 8344 8348 8352
          8356 8360 8364 8368 8372 8376 8380 8384 8388 8392 8396 8400
          8404 8408 8412 8416 8420 8424 8428 8432 8436 8440 8444 8448
          8452 8456 8460 8464 8468 8472 8476 8480 8484 8488 8492 8496
          8500 8504 8508 8512 8516 8520 8524 8528 8532 8536 8540 8544
          8548 8552 8556 8560 8564 8568 8572 8576 8580 8584 8588 8592
          8596 8600 8604 8608 8612 8616 8620 8624 8628 8632 8636 8640
          8644 8648 8652 8656 8660 8664 8668 8672 8676 8680 8684 8688
          8692 8696 8700 8704 8708 8712 8716 8720 8724 8728 8732 8736
          8740 8744 8748 8752 8756 8760 8764 8768 8772 8776 8780 8784
          8788 8792 8796 8800 8804 8808 8812 8816 8820 8824 8828 8832
          8836 8840 8844 8848 8852 8856 8860 8864 8868 8872 8876 8880
          8884 8888 8892 8896 8900 8904 8908 8912 8916 8920 8924 8928
          8932 8936 8940 8944 8948 8952 8956 8960 8964 8968 8972 8976
          8980 8984 8988 8992 8996 9000
        </DataArray>
        <DataArray type="UInt8" Name="types" NumberOfComponents="1" format="ascii">
          9 9 9 9 9 9 9 9 9 9 9 9
          9 9 9 9 9 9 9 9 9 9 9 9
          9 9 9 9 9 9 9 9 9 9 9 9
          9 9 9 9 9 9 9 9 9 9 9 9
          9 9 9 9 9 9 9 9 9 9 9 9
          9 9 9 9 9 9 9 9 9 9 9 9
          9 9 9 9 9 9 9 9 9 9 9 9
          9 9 9 9 9 9 9 9 9 9 9 9
          9 9 9 9 9 9 9 9 9 9 9 9
          9 9 9 9 9 9 9 9 9 9 9 9
          9 9 9 9 9 9 9 9 9 9 9 9
          9 9 9 9 9 9 9 9 9 9 9 9
          9 9 9 9 9 9 9 9 9 9 9 9
          9 9 9 9 9 9 9 9 9 9 9 9
          9 9 9 9 9 9 9 9 9 9 9 9
          9 9 9 9 9 9 9 9 9 9 9 9
          9 9 9 9 9 9 9 9 9 9 9 9
          9 9 9 9 9 9 9 9 9 9 9 9
          9 9 9 9 9 9 9 9 9 9 9 9
          9 9 9 9 9 9 9 9 9 9 9 9
          9 9 9 9 9 9 9 9 9 9 9 9
          9 9 9 9 9 9 9 9 9 9 9 9
          9 9 9 9 9 9 9 9 9 9 9 9
          9 9 9 9 9 9 9 9 9 9 9 9
          9 9 9 9 9 9 9 9 9 9 9 9
          9 9 9 9 9 9 9 9 9 9 9 9
          9 9 9 9 9 9 9 9 9 9 9 9
          9 9 9 9 9 9 9 9 9 9 9 9
          9 9 9 9 9 9 9 9 9 9 9 9
          9 9 9 9 9 9 9 9 9 9 9 9
          9 9 9 9 9 9 9 9 9 9 9 9
          9 9 9 9 9 9 9 9 9 9 9 9
          9 9 9 9 9 9 9 9 9 9 9 9
          9 9 9 9 9 9 9 9 9 9 9 9
          9 9 9 9 9 9 9 9 9 9 9 9
          9 9 9 9 9 9 9 9 9 9 9 9
          9 9 9 9 9 9 9 9 9 9 9 9
          9 9 9 9 9 9 9 9 9 9 9 9
          9 9 9 9 9 9 9 9 9 9 9 9
          9 9 9 9 9 9 9 9 9 9 9 9
          9 9 9 9 9 9 9 9 9 9 9 9
          9 9 9 9 9 9 9 9 9 9 9 9
          9 9 9 9 9 9 9 9 9 9 9 9
          9 9 9 9 9 9 9 9 9 9 9 9
          9 9 9 9 9 9 9 9 9 9 9 9
          9 9 9 9 9 9 9 9 9 9 9 9
          9 9 9 9 9 9 9 9 9 9 9 9
          9 9 9 9 9 9 9 9 9 9 9 9
          9 9 9 9 9 9 9 9 9 9 9 9
          9 9 9 9 9 9 9 9 9 9 9 9
          9 9 9 9 9 9 9 9 9 9 9 9
          9 9 9 9 9 9 9 9 9 9 9 9
          9 9 9 9 9 9 9 9 9 9 9 9
          9 9 9 9 9 9 9 9 9 9 9 9
          9 9 9 9 9 9 9 9 9 9 9 9
          9 9 9 9 9 9 9 9 9 9 9 9
          9 9 9 9 9 9 9 9 9 9 9 9
          9 9 9 9 9 9 9 9 9 9 9 9
          9 9 9 9 9 9 9 9 9 9 9 9
          9 9 9 9 9 9 9 9 9 9 9 9
          9 9 9 9 9 9 9 9 9 9 9 9
          9 9 9 9 9 9 9 9 9 9 9 9
          9 9 9 9 9 9 9 9 9 9 9 9
          9 9 9 9 9 9 9 9 9 9 9 9
          9 9 9 9 9 9 9 9 9 9 9 9
          9 9 9 9 9 9 9 9 9 9 9 9
          9 9 9 9 9 9 9 9 9 9 9 9
          9 9 9 9 9 9 9 9 9 9 9 9
          9 9 9 9 9 9 9 9 9 9 9 9
          9 9 9 9 9 9 9 9 9 9 9 9
          9 9 9 9 9 9 9 9 9 9 9 9
          9 9 9 9 9 9 9 9 9 9 9 9
          9 9 9 9 9 9 9 9 9 9 9 9
          9 9 9 9 9 9 9 9 9 9 9 9
          9 9 9 9 9 9 9 9 9 9 9 9
          9 9 9 9 9 9 9 9 9 9 9 9
          9 9 9 9 9 9 9 9 9 9 9 9
          9 9 9 9 9 9 9 9 9 9 9 9
          9 9 9 9 9 9 9 9 9 9 9 9
          9 9 9 9 9 9 9 9 9 9 9 9
          9 9 9 9 9 9 9 9 9 9 9 9
          9 9 9 9 9 9 9 9 9 9 9 9
          9 9 9 9 9 9 9 9 9 9 9 9
          9 9 9 9 9 9 9 9 9 9 9 9
          9 9 9 9 9 9 9 9 9 9 9 9
          9 9 9 9 9 9 9 9 9 9 9 9
          9 9 9 9 9 9 9 9 9 9 9 9
          9 9 9 9 9 9 9 9 9 9 9 9
          9 9 9 9 9 9 9 9 9 9 9 9
          9 9 9 9 9 9 9 9 9 9 9 9
          9 9 9 9 9 9 9 9 9 9 9 9
          9 9 9 9 9 9 9 9 9 9 9 9
          9 9 9 9 9 9 9 9 9 9 9 9
          9 9 9 9 9 9 9 9 9 9 9 9
          9 9 9 9 9 9 9 9 9 9 9 9
          9 9 9 9 9 9 9 9 9 9 9 9
          9 9 9 9 9 9 9 9 9 9 9 9
          9 9 9 9 9 9 9 9 9 9 9 9
          9 9 9 9 9 9 9 9 9 9 9 9
          9 9 9 9 9 9 9 9 9 9 9 9
          9 9 9 9 9 9 9 9 9 9 9 9
          9 9 9 9 9 9 9 9 9 9 9 9
          9 9 9 9 9 9 9 9 9 9 9 9
          9 9 9 9 9 9 9 9 9 9 9 9
          9 9 9 9 9 9 9 9 9 9 9 9
          9 9 9 9 9 9 9 9 9 9 9 9
          9 9 9 9 9 9 9 9 9 9 9 9
          9 9 9 9 9 9 9 9 9 9 9 9
          9 9 9 9 9 9 9 9 9 9 9 9
          9 9 9 9 9 9 9 9 9 9 9 9
          9 9 9 9 9 9 9 9 9 9 9 9
          9 9 9 9 9 9 9 9 9 9 9 9
          9 9 9 9 9 9 9 9 9 9 9 9
          9 9 9 9 9 9 9 9 9 9 9 9
          9 9 9 9 9 9 9 9 9 9 9 9
          9 9 9 9 9 9 9 9 9 9 9 9
          9 9 9 9 9 9 9 9 9 9 9 9
          9 9 9 9 9 9 9 9 9 9 9 9
          9 9 9 9 9 9 9 9 9 9 9 9
          9 9 9 9 9 9 9 9 9 9 9 9
          9 9 9 9 9 9 9 9 9 9 9 9
          9 9 9 9 9 9 9 9 9 9 9 9
          9 9 9 9 9 9 9 9 9 9 9 9
          9 9 9 9 9 9 9 9 9 9 9 9
          9 9 9 9 9 9 9 9 9 9 9 9
          9 9 9 9 9 9 9 9 9 9 9 9
          9 9 9 9 9 9 9 9 9 9 9 9
          9 9 9 9 9 9 9 9 9 9 9 9
          9 9 9 9 9 9 9 9 9 9 9 9
          9 9 9 9 9 9 9 9 9 9 9 9
          9 9 9 9 9 9 9 9 9 9 9 9
          9 9 9 9 9 9 9 9 9 9 9 9
          9 9 9 9 9 9 9 9 9 9 9 9
          9 9 9 9 9 9 9 9 9 9 9 9
          9 9 9 9 9 9 9 9 9 9 9 9
          9 9 9 9 9 9 9 9 9 9 9 9
          9 9 9 9 9 9 9 9 9 9 9 9
          9 9 9 9 9 9 9 9 9 9 9 9
          9 9 9 9 9 9 9 9 9 9 9 9
          9 9 9 9 9 9 9 9 9 9 9 9
          9 9 9 9 9 9 9 9 9 9 9 9
          9 9 9 9 9 9 9 9 9 9 9 9
          9 9 9 9 9 9 9 9 9 9 9 9
          9 9 9 9 9 9 9 9 9 9 9 9
          9 9 9 9 9 9 9 9 9 9 9 9
          9 9 9 9 9 9 9 9 9 9 9 9
          9 9 9 9 9 9 9 9 9 9 9 9
          9 9 9 9 9 9 9 9 9 9 9 9
          9 9 9 9 9 9 9 9 9 9 9 9
          9 9 9 9 9 9 9 9 9 9 9 9
          9 9 9 9 9 9 9 9 9 9 9 9
          9 9 9 9 9 9 9 9 9 9 9 9
          9 9 9 9 9 9 9 9 9 9 9 9
          9 9 9 9 9 9 9 9 9 9 9 9
          9 9 9 9 9 9 9 9 9 9 9 9
          9 9 9 9 9 9 9 9 9 9 9 9
          9 9 9 9 9 9 9 9 9 9 9 9
          9 9 9 9 9 9 9 9 9 9 9 9
          9 9 9 9 9 9 9 9 9 9 9 9
          9 9 9 9 9 9 9 9 9 9 9 9
          9 9 9 9 9 9 9 9 9 9 9 9
          9 9 9 9 9 9 9 9 9 9 9 9
          9 9 9 9 9 9 9 9 9 9 9 9
          9 9 9 9 9 9 9 9 9 9 9 9
          9 9 9 9 9 9 9 9 9 9 9 9
          9 9 9 9 9 9 9 9 9 9 9 9
          9 9 9 9 9 9 9 9 9 9 9 9
          9 9 9 9 9 9 9 9 9 9 9 9
          9 9 9 9 9 9 9 9 9 9 9 9
          9 9 9 9 9 9 9 9 9 9 9 9
          9 9 9 9 9 9 9 9 9 9 9 9
          9 9 9 9 9 9 9 9 9 9 9 9
          9 9 9 9 9 9 9 9 9 9 9 9
          9 9 9 9 9 9 9 9 9 9 9 9
          9 9 9 9 9 9 9 9 9 9 9 9
          9 9 9 9 9 9 9 9 9 9 9 9
          9 9 9 9 9 9 9 9 9 9 9 9
          9 9 9 9 9 9 9 9 9 9 9 9
          9 9 9 9 9 9 9 9 9 9 9 9
          9 9 9 9 9 9 9 9 9 9 9 9
          9 9 9 9 9 9 9 9 9 9 9 9
          9 9 9 9 9 9 9 9 9 9 9 9
          9 9 9 9 9 9 9 9 9 9 9 9
          9 9 9 9 9 9 9 9 9 9 9 9
          9 9 9 9 9 9 9 9 9 9 9 9
          9 9 9 9 9 9 9 9 9 9 9 9
          9 9 9 9 9 9 9 9 9 9 9 9
          9 9 9 9 9 9
        </DataArray>
      </Cells>
    </Piece>
  </UnstructuredGrid>
</VTKFile>
