<?xml version="1.0"?>
<VTKFile type="UnstructuredGrid" version="0.1" byte_order="LittleEndian">
  <UnstructuredGrid>
    <Piece NumberOfCells="2250" NumberOfPoints="2356">
      <PointData Scalars="S_liq" Vectors="velocity_liq (m/s)">
        <DataArray type="Float32" Name="S_liq" NumberOfComponents="1" format="ascii">
          1 1 1 1 1 1 1 1 1 1 1 1
          1 1 1 1 1 1 1 1 1 1 1 1
          1 1 1 1 1 1 1 1 1 1 1 1
          1 1 1 1 1 1 1 1 1 1 1 1
          1 1 1 1 1 1 1 1 1 1 1 1
          1 1 1 1 1 1 1 1 1 1 1 1
          1 1 1 1 1 1 1 1 1 1 1 1
          1 1 1 1 1 1 1 1 1 1 1 1
          1 1 1 1 1 1 1 1 1 1 1 1
          1 1 1 1 1 1 1 1 1 1 1 1
          1 1 1 1 1 1 1 1 1 1 1 1
          1 1 1 1 1 1 1 1 1 1 1 1
          1 1 1 1 1 1 1 1 1 1 1 1
          1 1 1 1 1 1 1 1 1 1 1 1
          1 1 1 1 1 1 1 1 1 1 1 1
          1 1 1 1 1 1 1 1 1 1 1 1
          1 1 1 1 1 1 1 1 1 1 1 1
          1 1 1 1 1 1 1 1 1 1 1 1
          1 1 1 1 1 1 1 1 1 1 1 1
          1 1 1 1 1 1 1 1 1 1 1 1
          1 1 1 1 1 1 1 1 1 1 1 1
          1 1 1 1 1 1 1 1 1 1 1 1
          1 1 1 1 1 1 1 1 1 1 1 1
          1 1 1 1 1 1 1 1 1 1 1 1
          1 1 1 1 1 1 1 1 1 1 1 1
          1 1 1 1 0.942738 0.943852 0.946804 0.951729 0.959471 0.973627 0.997678 1
          1 1 1 1 1 1 1 1 1 1 1 1
          1 1 1 1 1 1 1 1 1 1 1 1
          1 1 1 1 1 1 1 1 1 1 1 1
          1 1 1 1 1 1 1 1 1 1 1 1
          1 1 1 1 1 1 1 1 1 1 1 1
          1 1 1 1 1 1 1 1 0.729783 0.730085 0.730897 0.732211
          0.734034 0.736295 0.738837 0.742595 0.747016 0.752141 0.758065 0.764908 0.772837 0.782076 0.792665 0.804829
          0.818929 0.835334 0.854324 0.875828 0.899056 0.922453 0.945525 0.97943 0.999641 1 1 1
          1 1 1 1 1 1 1 1 1 1 1 1
          1 1 1 1 1 1 1 1 1 1 1 1
          1 1 1 1 1 1 1 1 1 1 1 1
          1 1 1 1 1 1 1 1 1 1 1 1
          0.7065 0.706619 0.706932 0.707407 0.708019 0.708754 0.709618 0.710589 0.711681 0.712881 0.714188 0.715603
          0.717131 0.718784 0.720681 0.722904 0.725526 0.728682 0.732566 0.737407 0.743486 0.751079 0.760423 0.771278
          0.784361 0.800161 0.818607 0.840042 0.86456 0.891397 0.918452 0.943151 0.969038 0.997466 1 1
          1 1 1 1 1 1 1 1 1 1 1 1
          1 1 1 1 1 1 1 1 1 1 1 1
          1 1 1 1 1 1 1 1 1 1 1 1
          1 1 1 1 0.69806 0.698186 0.698511 0.698997 0.699613 0.700341 0.701167 0.702084
          0.703083 0.704159 0.705307 0.706521 0.707798 0.709136 0.710531 0.711984 0.713497 0.715073 0.716719 0.718467
          0.720336 0.722348 0.724536 0.726975 0.729735 0.732959 0.736853 0.741698 0.747867 0.755794 0.765887 0.778516
          0.793902 0.812135 0.834325 0.860083 0.888498 0.917312 0.943524 0.969891 0.997595 1 1 1
          1 1 1 1 1 1 1 1 1 1 1 1
          1 1 1 1 1 1 1 1 1 1 1 1
          1 1 1 1 1 1 1 1 0.690315 0.690459 0.690828 0.691373
          0.692061 0.692868 0.693781 0.694788 0.695882 0.697054 0.698298 0.699609 0.700981 0.702408 0.703886 0.705408
          0.706972 0.708572 0.710207 0.711873 0.713568 0.715293 0.717048 0.71884 0.720685 0.722585 0.724551 0.726603
          0.728778 0.731125 0.733711 0.736641 0.740079 0.744284 0.749607 0.756542 0.765631 0.777384 0.792252 0.810562
          0.832372 0.858444 0.887519 0.917185 0.94441 0.973453 0.998669 1 1 1 1 1
          1 1 1 1 1 1 1 1 1 1 1 1
          1 1 1 1 1 1 1 1 1 1 1 1
          0.68247 0.682636 0.683058 0.683676 0.684449 0.685353 0.686371 0.68749 0.688701 0.689995 0.691366 0.692805
          0.694307 0.695865 0.697473 0.699126 0.700819 0.702547 0.704305 0.70609 0.707897 0.709724 0.711568 0.713425
          0.715294 0.717173 0.719065 0.720975 0.7229 0.724836 0.726791 0.728776 0.730808 0.732915 0.735135 0.737526
          0.740168 0.743178 0.746734 0.751115 0.75674 0.76416 0.774025 0.786933 0.803395 0.82372 0.847904 0.876122
          0.906243 0.935294 0.964208 0.996241 1 1 1 1 1 1 1 1
          1 1 1 1 1 1 1 1 1 1 1 1
          1 1 1 1 0.67442 0.674612 0.675097 0.6758 0.676674 0.67769 0.678829 0.680077
          0.681423 0.682857 0.684371 0.685957 0.687607 0.689314 0.691071 0.692873 0.694713 0.696586 0.698488 0.700414
          0.702359 0.70432 0.706293 0.708275 0.710263 0.712255 0.714247 0.716239 0.718229 0.720223 0.722219 0.724208
          0.726192 0.728171 0.730149 0.732132 0.734129 0.736154 0.738232 0.740396 0.742702 0.745229 0.74809 0.75145
          0.755563 0.760814 0.767756 0.777069 0.789461 0.805528 0.8257 0.849766 0.87795 0.908155 0.937674 0.971148
          0.998688 1 1 1 1 1 1 1 1 1 1 1
          1 1 1 1 1 1 1 1 0.666094 0.666321 0.666881 0.667685
          0.668677 0.669823 0.671102 0.6725 0.674001 0.675596 0.677274 0.679026 0.680844 0.682719 0.684643 0.68661
          0.688614 0.690649 0.692709 0.694789 0.696885 0.698992 0.701108 0.703228 0.70535 0.70747 0.709587 0.711697
          0.7138 0.715893 0.717975 0.720052 0.722122 0.724175 0.726213 0.728234 0.73024 0.732231 0.73421 0.73618
          0.738148 0.740124 0.742124 0.74417 0.746302 0.748575 0.751076 0.75393 0.757317 0.761512 0.766925 0.774145
          0.783896 0.796928 0.813887 0.835107 0.86031 0.889275 0.919624 0.950734 0.990731 1 1 1
          1 1 1 1 1 1 1 1 1 1 1 1
          0.657423 0.657691 0.658345 0.659269 0.6604 0.661701 0.663145 0.664716 0.666398 0.668178 0.670045 0.671987
          0.673995 0.676058 0.67817 0.680323 0.682508 0.68472 0.686954 0.689203 0.691463 0.693729 0.695999 0.698267
          0.700532 0.70279 0.705039 0.707277 0.709501 0.711711 0.713903 0.716079 0.718237 0.720382 0.722509 0.724613
          0.726694 0.728752 0.730787 0.732798 0.734787 0.736755 0.738703 0.740635 0.742556 0.744473 0.746398 0.748351
          0.75036 0.75247 0.754749 0.7573 0.760271 0.763884 0.768465 0.774502 0.782657 0.793707 0.808409 0.827374
          0.850396 0.87764 0.907598 0.939023 0.981934 0.999913 1 1 1 1 1 1
          1 1 1 1 0.648327 0.648649 0.649416 0.650487 0.651786 0.65327 0.65491 0.656685
          0.658578 0.660573 0.662657 0.664816 0.66704 0.669318 0.671641 0.673999 0.676386 0.678794 0.681218 0.683651
          0.686089 0.688528 0.690962 0.69339 0.695807 0.698211 0.7006 0.702971 0.705323 0.707654 0.709963 0.712247
          0.714508 0.716743 0.718957 0.721148 0.723311 0.725445 0.72755 0.729627 0.731674 0.733692 0.735681 0.737643
          0.739577 0.741485 0.743368 0.74523 0.747075 0.74891 0.750746 0.752598 0.754491 0.756464 0.758575 0.760912
          0.763608 0.766856 0.770939 0.776278 0.783469 0.793257 0.80645 0.823783 0.845313 0.871051 0.900294 0.932249
          0.977745 0.999782 1 1 1 1 1 1 0.638712 0.639105 0.640015 0.641266
          0.642769 0.644474 0.646347 0.648365 0.650507 0.652753 0.655088 0.657498 0.659968 0.662488 0.665047 0.667636
          0.670246 0.672871 0.675503 0.678137 0.680767 0.68339 0.686002 0.688598 0.691177 0.693735 0.69627 0.69878
          0.701264 0.70372 0.706147 0.708544 0.710909 0.713243 0.715545 0.717818 0.720061 0.72227 0.724444 0.726583
          0.728688 0.730758 0.732794 0.734795 0.736763 0.738698 0.7406 0.742471 0.74431 0.746119 0.747901 0.749659
          0.751396 0.753119 0.754838 0.756568 0.758333 0.760166 0.762121 0.76428 0.766762 0.769746 0.773491 0.778376
          0.784946 0.793907 0.806071 0.822245 0.842592 0.867146 0.8957 0.928465 0.977845 0.99985 1 1
          0.628467 0.628954 0.630047 0.631523 0.633277 0.635251 0.637407 0.639716 0.642152 0.644693 0.647321 0.650019
          0.652771 0.655566 0.658391 0.661237 0.664095 0.666956 0.669816 0.672667 0.675505 0.678326 0.681125 0.6839
          0.686648 0.689366 0.692053 0.694707 0.697326 0.699908 0.702455 0.704963 0.707433 0.709864 0.712255 0.714608
          0.716925 0.719202 0.721439 0.723634 0.725789 0.727903 0.729977 0.732011 0.734006 0.735962 0.73788 0.739759
          0.741602 0.743408 0.745179 0.746915 0.748618 0.750289 0.751931 0.753546 0.755139 0.756716 0.758288 0.759868
          0.761479 0.763155 0.764945 0.766926 0.769212 0.771968 0.775437 0.779969 0.786064 0.794385 0.80573 0.82094
          0.840133 0.863604 0.89148 0.925475 0.617449 0.618068 0.619397 0.621158 0.623226 0.625534 0.628036 0.630696
          0.633484 0.636374 0.639344 0.642376 0.645451 0.648557 0.651681 0.654813 0.657944 0.661065 0.664171 0.667257
          0.670317 0.673347 0.676344 0.679306 0.68223 0.685113 0.687955 0.690754 0.693508 0.696218 0.698881 0.701498
          0.704068 0.706591 0.709066 0.711495 0.713876 0.716214 0.718502 0.720743 0.722935 0.725081 0.727179 0.729232
          0.731239 0.733201 0.735119 0.736993 0.738825 0.740615 0.742364 0.744073 0.745743 0.747374 0.748969 0.750528
          0.752052 0.753544 0.755006 0.75644 0.757852 0.759248 0.760638 0.762035 0.763463 0.764952 0.766553 0.768336
          0.770408 0.772925 0.776109 0.780279 0.785888 0.793545 0.804017 0.818135 0.605473 0.606279 0.607923 0.610053
          0.612523 0.61525 0.618181 0.62127 0.624481 0.627786 0.631157 0.634574 0.63802 0.641478 0.644937 0.648385
          0.651815 0.655219 0.658592 0.661927 0.665222 0.668473 0.671676 0.674831 0.677934 0.680985 0.683983 0.686925
          0.689812 0.692644 0.695418 0.698137 0.700799 0.703404 0.705953 0.708445 0.710881 0.713263 0.715588 0.717857
          0.72007 0.722229 0.724333 0.726384 0.728383 0.73033 0.732227 0.734075 0.735875 0.737627 0.739333 0.740995
          0.742612 0.744186 0.745719 0.747211 0.748664 0.750078 0.751455 0.752796 0.754102 0.755376 0.756621 0.757838
          0.759033 0.760213 0.761387 0.762569 0.763781 0.765053 0.766431 0.767982 0.769803 0.772032 0.774867 0.778582
          0.59229 0.593373 0.595446 0.598066 0.601058 0.604322 0.607789 0.611407 0.615132 0.61893 0.622773 0.626636
          0.630503 0.634358 0.638189 0.641986 0.645742 0.64945 0.653106 0.656706 0.660246 0.663725 0.66714 0.67049
          0.673773 0.676989 0.680138 0.683219 0.686231 0.689175 0.692051 0.694858 0.697598 0.70027 0.702875 0.705413
          0.707885 0.710291 0.712631 0.714905 0.717115 0.719262 0.721347 0.723371 0.725336 0.727242 0.729093 0.730887
          0.732628 0.734317 0.735954 0.737542 0.739082 0.740575 0.742022 0.743424 0.744784 0.746101 0.747378 0.748615
          0.749814 0.750976 0.752101 0.753192 0.75425 0.755278 0.756276 0.75725 0.758204 0.759144 0.760079 0.761025
          0.762 0.763033 0.764165 0.765455 0.577546 0.579053 0.581732 0.585023 0.58871 0.592671 0.596821 0.601096
          0.605446 0.609832 0.614226 0.618603 0.622947 0.627245 0.631486 0.635662 0.639768 0.643799 0.647753 0.651626
          0.655418 0.659128 0.662754 0.666296 0.669754 0.673128 0.676418 0.679624 0.682747 0.685787 0.688745 0.691622
          0.694418 0.697134 0.69977 0.702329 0.704809 0.707211 0.709536 0.711785 0.713961 0.716065 0.718099 0.720065
          0.721964 0.723799 0.725572 0.727283 0.728936 0.730531 0.732071 0.733558 0.734992 0.736377 0.737712 0.739001
          0.740244 0.741443 0.742599 0.743714 0.744789 0.745824 0.746823 0.747784 0.748711 0.749604 0.750465 0.751294
          0.752095 0.752868 0.753618 0.754347 0.755061 0.755766 0.756473 0.757193 0.560709 0.562904 0.566475 0.570713
          0.575352 0.580237 0.585263 0.590357 0.595466 0.600551 0.605584 0.610547 0.615425 0.62021 0.624894 0.629475
          0.63395 0.638317 0.642575 0.646726 0.650768 0.654704 0.658532 0.662256 0.665874 0.669389 0.672801 0.676112
          0.679322 0.682433 0.685446 0.688362 0.691183 0.69391 0.696544 0.699087 0.701538 0.703898 0.70617 0.708356
          0.71046 0.712484 0.71443 0.716301 0.7181 0.719828 0.721489 0.723084 0.724616 0.726088 0.727502 0.728859
          0.730162 0.731413 0.732614 0.733766 0.734872 0.735934 0.736952 0.737929 0.738866 0.739764 0.740626 0.741452
          0.742244 0.743003 0.743731 0.744429 0.745098 0.745741 0.746358 0.746953 0.747526 0.748082 0.748622 0.749152
          0.540935 0.54431 0.549267 0.554903 0.560878 0.567002 0.573158 0.579271 0.585294 0.591196 0.596961 0.602577
          0.60804 0.613348 0.618502 0.623504 0.628355 0.63306 0.63762 0.642039 0.64632 0.650465 0.654478 0.658359
          0.662113 0.66574 0.669243 0.672624 0.675885 0.679028 0.682056 0.68497 0.687772 0.690466 0.693051 0.695532
          0.697907 0.700177 0.70235 0.704429 0.706417 0.708318 0.710135 0.711872 0.713531 0.715117 0.716632 0.718079
          0.71946 0.72078 0.72204 0.723244 0.724393 0.72549 0.726538 0.727538 0.728493 0.729405 0.730275 0.731106
          0.7319 0.732658 0.733381 0.734073 0.734733 0.735365 0.735968 0.736546 0.7371 0.73763 0.73814 0.738631
          0.739104 0.739562 0.740007 0.740442 0.516689 0.522321 0.529588 0.537379 0.545272 0.553066 0.560665 0.568024
          0.575122 0.581956 0.588531 0.594854 0.600935 0.606785 0.612416 0.617837 0.623056 0.628084 0.632926 0.637589
          0.64208 0.646403 0.650563 0.654563 0.658409 0.662103 0.665649 0.66905 0.672309 0.675431 0.678417 0.681273
          0.684 0.686601 0.689081 0.691441 0.693681 0.695808 0.697831 0.699752 0.701577 0.703311 0.704958 0.706522
          0.708006 0.709416 0.710754 0.712024 0.71323 0.714375 0.715462 0.716495 0.717475 0.718407 0.719292 0.720132
          0.720932 0.721692 0.722414 0.723102 0.723757 0.72438 0.724975 0.725542 0.726084 0.726602 0.727099 0.727575
          0.728033 0.728474 0.728901 0.729315 0.729717 0.730111 0.730497 0.730878 0.485219 0.49535 0.506904 0.518151
          0.528784 0.538774 0.548151 0.556967 0.565272 0.573116 0.580541 0.587587 0.594285 0.600665 0.60675 0.612561
          0.618115 0.623425 0.628505 0.633365 0.638013 0.642458 0.646706 0.650763 0.654636 0.658329 0.661848 0.665198
          0.668384 0.67141 0.674283 0.677007 0.679586 0.682026 0.68433 0.686501 0.688544 0.690472 0.69229 0.694005
          0.695623 0.697149 0.698587 0.699944 0.701224 0.702431 0.70357 0.704645 0.70566 0.706618 0.707522 0.708377
          0.709186 0.709951 0.710674 0.71136 0.71201 0.712627 0.713213 0.71377 0.7143 0.714806 0.71529 0.715753
          0.716197 0.716625 0.717037 0.717437 0.717825 0.718203 0.718573 0.718936 0.719296 0.719653 0.720008 0.720365
          0.433855 0.461522 0.481506 0.498018 0.512291 0.524933 0.536315 0.546686 0.556225 0.565064 0.573303 0.581022
          0.58828 0.595127 0.601601 0.607733 0.613548 0.619067 0.624306 0.62928 0.634001 0.63848 0.642725 0.646746
          0.650551 0.654148 0.657544 0.660747 0.663764 0.666603 0.669272 0.671776 0.674124 0.676322 0.678374 0.680287
          0.682076 0.68375 0.685318 0.686785 0.688158 0.689444 0.690648 0.691776 0.692833 0.693825 0.694755 0.695628
          0.696449 0.69722 0.697946 0.69863 0.699276 0.699885 0.700461 0.701007 0.701525 0.702018 0.702487 0.702935
          0.703365 0.703777 0.704174 0.704558 0.704931 0.705294 0.705649 0.705997 0.706341 0.706682 0.707021 0.70736
          0.7077 0.708043 0.708391 0.708744 0.358443 0.424912 0.456926 0.479709 0.497823 0.513041 0.526256 0.537991
          0.548577 0.558238 0.567134 0.57538 0.583063 0.590248 0.596986 0.603315 0.609268 0.61487 0.620142 0.625102
          0.629766 0.634146 0.638257 0.64211 0.645717 0.649089 0.652238 0.655173 0.657907 0.660449 0.662811 0.665001
          0.667029 0.668905 0.670634 0.672237 0.673725 0.675107 0.67639 0.677582 0.67869 0.679721 0.68068 0.681574
          0.682408 0.683186 0.683914 0.684595 0.685233 0.685833 0.686397 0.686929 0.687432 0.687908 0.68836 0.688791
          0.689202 0.689596 0.689975 0.690342 0.690697 0.691042 0.69138 0.691711 0.692038 0.692362 0.692684 0.693006
          0.693329 0.693654 0.693982 0.694316 0.694655 0.695001 0.695355 0.695718 0.329797 0.408975 0.443741 0.468717
          0.488498 0.504975 0.519155 0.53164 0.542815 0.552942 0.562201 0.570723 0.578604 0.585918 0.592718 0.599049
          0.604946 0.610439 0.615551 0.620306 0.624722 0.628819 0.632615 0.636125 0.639367 0.642356 0.645108 0.647639
          0.649964 0.652096 0.654051 0.655839 0.657473 0.658965 0.660335 0.661596 0.662759 0.66383 0.664818 0.665731
          0.666575 0.667356 0.668081 0.668754 0.669381 0.669966 0.670513 0.671025 0.671507 0.671962 0.672392 0.6728
          0.673188 0.67356 0.673917 0.674262 0.674595 0.674919 0.675236 0.675548 0.675855 0.676159 0.676462 0.676764
          0.677068 0.677374 0.677683 0.677996 0.678315 0.678639 0.678971 0.67931 0.679658 0.680015 0.680382 0.68076
          0.329576 0.407885 0.441173 0.465273 0.484632 0.500954 0.515114 0.527635 0.538854 0.549002 0.558244 0.5667
          0.574459 0.581592 0.588153 0.594189 0.599738 0.604835 0.609508 0.613788 0.6177 0.621269 0.624521 0.627478
          0.630163 0.632598 0.634804 0.636801 0.638607 0.64024 0.641715 0.643047 0.644251 0.645351 0.646356 0.647275
          0.648117 0.648889 0.649599 0.650253 0.650857 0.651416 0.651936 0.65242 0.652872 0.653296 0.653696 0.654074
          0.654433 0.654776 0.655104 0.655421 0.655727 0.656025 0.656317 0.656604 0.656887 0.657168 0.657447 0.657727
          0.658009 0.658292 0.658579 0.65887 0.659166 0.659468 0.659776 0.660092 0.660415 0.660746 0.661086 0.661435
          0.661794 0.662163 0.662543 0.662933 0.329433 0.407824 0.440679 0.464226 0.483064 0.498929 0.512681 0.52481
          0.535628 0.545344 0.554107 0.56203 0.569199 0.575687 0.581552 0.586848 0.591622 0.595918 0.599775 0.603233
          0.606327 0.60909 0.611556 0.613754 0.615711 0.617454 0.619006 0.620389 0.621623 0.622724 0.623709 0.624597
          0.625404 0.626138 0.626807 0.627417 0.627976 0.628489 0.628962 0.6294 0.629807 0.630187 0.630543 0.630879
          0.631198 0.631501 0.631792 0.632072 0.632344 0.632609 0.632868 0.633124 0.633377 0.633629 0.633881 0.634134
          0.634388 0.634645 0.634906 0.635171 0.635442 0.635717 0.635999 0.636288 0.636584 0.636887 0.637199 0.637519
          0.637847 0.638184 0.63853 0.638886 0.639251 0.639625 0.64001 0.640404 0.329366 0.407724 0.440286 0.463345
          0.481522 0.496583 0.509406 0.520499 0.530185 0.538684 0.546161 0.552744 0.558536 0.563628 0.568098 0.572014
          0.57544 0.578432 0.581044 0.58332 0.585304 0.587034 0.588543 0.589861 0.591015 0.592028 0.592918 0.593704
          0.594403 0.595032 0.595601 0.596117 0.596586 0.597013 0.597405 0.597766 0.5981 0.598411 0.598702 0.598977
          0.599236 0.599485 0.599723 0.599954 0.600178 0.600398 0.600615 0.60083 0.601045 0.60126 0.601476 0.601694
          0.601916 0.602141 0.60237 0.602603 0.602842 0.603087 0.603337 0.603594 0.603858 0.604129 0.604407 0.604692
          0.604986 0.605287 0.605596 0.605913 0.606238 0.606572 0.606913 0.607263 0.607622 0.607989 0.608364 0.608748
          0.329078 0.405961 0.436485 0.457063 0.472437 0.484469 0.494122 0.501973 0.508409 0.513705 0.518072 0.521676
          0.524652 0.527111 0.529146 0.530833 0.532235 0.533405 0.534385 0.535209 0.535908 0.536505 0.53702 0.537471
          0.537868 0.538223 0.538541 0.538829 0.539091 0.539331 0.539552 0.539757 0.539948 0.540129 0.5403 0.540464
          0.540623 0.540776 0.540927 0.541076 0.541224 0.541373 0.541523 0.541676 0.541831 0.541991 0.542154 0.542323
          0.542496 0.542675 0.542859 0.543049 0.543245 0.543446 0.543654 0.543867 0.544087 0.544312 0.544544 0.544782
          0.545026 0.545276 0.545533 0.545796 0.546065 0.54634 0.546622 0.54691 0.547204 0.547505 0.547813 0.548127
          0.548448 0.548775 0.549109 0.54945
        </DataArray>
        <DataArray type="Float32" Name="p_liq" NumberOfComponents="1" format="ascii">
          1.82713e+07 1.82713e+07 1.82518e+07 1.82517e+07 1.82713e+07 1.82517e+07 1.82712e+07 1.82517e+07 1.82712e+07 1.82516e+07 1.82711e+07 1.82516e+07
          1.82711e+07 1.82515e+07 1.8271e+07 1.82514e+07 1.82708e+07 1.82513e+07 1.82707e+07 1.82512e+07 1.82706e+07 1.8251e+07 1.82704e+07 1.82509e+07
          1.82702e+07 1.82507e+07 1.827e+07 1.82505e+07 1.82698e+07 1.82503e+07 1.82696e+07 1.82501e+07 1.82694e+07 1.82498e+07 1.82691e+07 1.82496e+07
          1.82689e+07 1.82493e+07 1.82686e+07 1.8249e+07 1.82683e+07 1.82487e+07 1.8268e+07 1.82484e+07 1.82677e+07 1.82481e+07 1.82674e+07 1.82478e+07
          1.8267e+07 1.82475e+07 1.82667e+07 1.82471e+07 1.82663e+07 1.82468e+07 1.82659e+07 1.82464e+07 1.82656e+07 1.8246e+07 1.82652e+07 1.82456e+07
          1.82648e+07 1.82452e+07 1.82643e+07 1.82448e+07 1.82639e+07 1.82443e+07 1.82635e+07 1.82439e+07 1.8263e+07 1.82434e+07 1.82626e+07 1.8243e+07
          1.82621e+07 1.82425e+07 1.82616e+07 1.8242e+07 1.82611e+07 1.82415e+07 1.82606e+07 1.8241e+07 1.82601e+07 1.82405e+07 1.82596e+07 1.824e+07
          1.8259e+07 1.82395e+07 1.82585e+07 1.82389e+07 1.8258e+07 1.82384e+07 1.82574e+07 1.82378e+07 1.82568e+07 1.82372e+07 1.82562e+07 1.82367e+07
          1.82557e+07 1.82361e+07 1.82551e+07 1.82355e+07 1.82545e+07 1.82349e+07 1.82538e+07 1.82343e+07 1.82532e+07 1.82336e+07 1.82526e+07 1.8233e+07
          1.82519e+07 1.82324e+07 1.82513e+07 1.82317e+07 1.82506e+07 1.8231e+07 1.82499e+07 1.82304e+07 1.82492e+07 1.82297e+07 1.82485e+07 1.8229e+07
          1.82478e+07 1.82283e+07 1.82471e+07 1.82275e+07 1.82464e+07 1.82268e+07 1.82456e+07 1.82261e+07 1.82449e+07 1.82253e+07 1.82441e+07 1.82246e+07
          1.82434e+07 1.82238e+07 1.82426e+07 1.8223e+07 1.82418e+07 1.82222e+07 1.8241e+07 1.82214e+07 1.82402e+07 1.82206e+07 1.82393e+07 1.82198e+07
          1.82385e+07 1.82189e+07 1.82377e+07 1.82181e+07 1.82368e+07 1.82172e+07 1.82359e+07 1.82163e+07 1.82323e+07 1.82323e+07 1.82323e+07 1.82322e+07
          1.82322e+07 1.82321e+07 1.8232e+07 1.82319e+07 1.82318e+07 1.82317e+07 1.82316e+07 1.82314e+07 1.82312e+07 1.8231e+07 1.82308e+07 1.82306e+07
          1.82304e+07 1.82301e+07 1.82298e+07 1.82296e+07 1.82293e+07 1.8229e+07 1.82287e+07 1.82283e+07 1.8228e+07 1.82276e+07 1.82273e+07 1.82269e+07
          1.82265e+07 1.82261e+07 1.82257e+07 1.82253e+07 1.82249e+07 1.82244e+07 1.8224e+07 1.82235e+07 1.8223e+07 1.82225e+07 1.8222e+07 1.82215e+07
          1.8221e+07 1.82205e+07 1.822e+07 1.82194e+07 1.82189e+07 1.82183e+07 1.82178e+07 1.82172e+07 1.82166e+07 1.8216e+07 1.82154e+07 1.82148e+07
          1.82141e+07 1.82135e+07 1.82129e+07 1.82122e+07 1.82115e+07 1.82109e+07 1.82102e+07 1.82095e+07 1.82088e+07 1.8208e+07 1.82073e+07 1.82066e+07
          1.82058e+07 1.82051e+07 1.82043e+07 1.82035e+07 1.82027e+07 1.82019e+07 1.82011e+07 1.82003e+07 1.81994e+07 1.81986e+07 1.81977e+07 1.81969e+07
          1.82129e+07 1.82129e+07 1.82129e+07 1.82129e+07 1.82128e+07 1.82128e+07 1.82127e+07 1.82126e+07 1.82125e+07 1.82124e+07 1.82122e+07 1.82121e+07
          1.82119e+07 1.82117e+07 1.82115e+07 1.82113e+07 1.8211e+07 1.82108e+07 1.82105e+07 1.82102e+07 1.82099e+07 1.82096e+07 1.82093e+07 1.82089e+07
          1.82086e+07 1.82083e+07 1.82079e+07 1.82075e+07 1.82071e+07 1.82067e+07 1.82063e+07 1.82059e+07 1.82055e+07 1.8205e+07 1.82046e+07 1.82041e+07
          1.82036e+07 1.82031e+07 1.82026e+07 1.82021e+07 1.82016e+07 1.82011e+07 1.82006e+07 1.82e+07 1.81995e+07 1.81989e+07 1.81983e+07 1.81978e+07
          1.81972e+07 1.81966e+07 1.8196e+07 1.81953e+07 1.81947e+07 1.81941e+07 1.81934e+07 1.81928e+07 1.81921e+07 1.81914e+07 1.81908e+07 1.81901e+07
          1.81894e+07 1.81886e+07 1.81879e+07 1.81872e+07 1.81864e+07 1.81857e+07 1.81849e+07 1.81841e+07 1.81833e+07 1.81825e+07 1.81817e+07 1.81809e+07
          1.818e+07 1.81792e+07 1.81783e+07 1.81775e+07 1.81939e+07 1.81939e+07 1.81939e+07 1.81938e+07 1.81937e+07 1.81936e+07 1.81935e+07 1.81934e+07
          1.81933e+07 1.81932e+07 1.8193e+07 1.81929e+07 1.81927e+07 1.81925e+07 1.81923e+07 1.8192e+07 1.81918e+07 1.81915e+07 1.81912e+07 1.81909e+07
          1.81906e+07 1.81903e+07 1.819e+07 1.81897e+07 1.81893e+07 1.8189e+07 1.81886e+07 1.81882e+07 1.81878e+07 1.81874e+07 1.8187e+07 1.81866e+07
          1.81861e+07 1.81857e+07 1.81852e+07 1.81848e+07 1.81843e+07 1.81838e+07 1.81833e+07 1.81828e+07 1.81823e+07 1.81818e+07 1.81812e+07 1.81807e+07
          1.81801e+07 1.81796e+07 1.8179e+07 1.81784e+07 1.81778e+07 1.81772e+07 1.81766e+07 1.8176e+07 1.81754e+07 1.81747e+07 1.81741e+07 1.81734e+07
          1.81728e+07 1.81721e+07 1.81714e+07 1.81707e+07 1.817e+07 1.81693e+07 1.81686e+07 1.81678e+07 1.81671e+07 1.81663e+07 1.81656e+07 1.81648e+07
          1.8164e+07 1.81632e+07 1.81624e+07 1.81616e+07 1.81607e+07 1.81599e+07 1.8159e+07 1.81581e+07 1.81864e+07 1.81864e+07 1.81862e+07 1.8186e+07
          1.81856e+07 1.81852e+07 1.81847e+07 1.8184e+07 1.81833e+07 1.81825e+07 1.81817e+07 1.81808e+07 1.81798e+07 1.81787e+07 1.81777e+07 1.81766e+07
          1.81755e+07 1.81745e+07 1.81736e+07 1.81727e+07 1.8172e+07 1.81714e+07 1.81709e+07 1.81705e+07 1.81701e+07 1.81698e+07 1.81695e+07 1.81691e+07
          1.81687e+07 1.81682e+07 1.81678e+07 1.81673e+07 1.81669e+07 1.81665e+07 1.8166e+07 1.81655e+07 1.81651e+07 1.81646e+07 1.81641e+07 1.81636e+07
          1.8163e+07 1.81625e+07 1.8162e+07 1.81614e+07 1.81609e+07 1.81603e+07 1.81597e+07 1.81592e+07 1.81586e+07 1.8158e+07 1.81574e+07 1.81567e+07
          1.81561e+07 1.81555e+07 1.81548e+07 1.81542e+07 1.81535e+07 1.81528e+07 1.81522e+07 1.81515e+07 1.81508e+07 1.815e+07 1.81493e+07 1.81486e+07
          1.81478e+07 1.81471e+07 1.81463e+07 1.81455e+07 1.81448e+07 1.8144e+07 1.81431e+07 1.81423e+07 1.81415e+07 1.81406e+07 1.81398e+07 1.81389e+07
          1.81842e+07 1.81841e+07 1.8184e+07 1.81837e+07 1.81833e+07 1.81828e+07 1.81822e+07 1.81815e+07 1.81807e+07 1.81798e+07 1.81788e+07 1.81777e+07
          1.81765e+07 1.81753e+07 1.81739e+07 1.81725e+07 1.8171e+07 1.81694e+07 1.81678e+07 1.81661e+07 1.81643e+07 1.81624e+07 1.81606e+07 1.81588e+07
          1.8157e+07 1.81553e+07 1.81537e+07 1.81522e+07 1.8151e+07 1.81499e+07 1.81491e+07 1.81484e+07 1.81478e+07 1.81473e+07 1.81469e+07 1.81464e+07
          1.81459e+07 1.81454e+07 1.81449e+07 1.81444e+07 1.81439e+07 1.81433e+07 1.81428e+07 1.81423e+07 1.81417e+07 1.81411e+07 1.81406e+07 1.814e+07
          1.81394e+07 1.81388e+07 1.81382e+07 1.81376e+07 1.81369e+07 1.81363e+07 1.81357e+07 1.8135e+07 1.81343e+07 1.81337e+07 1.8133e+07 1.81323e+07
          1.81316e+07 1.81309e+07 1.81302e+07 1.81294e+07 1.81287e+07 1.81279e+07 1.81272e+07 1.81264e+07 1.81256e+07 1.81248e+07 1.8124e+07 1.81232e+07
          1.81223e+07 1.81215e+07 1.81206e+07 1.81198e+07 1.8183e+07 1.81829e+07 1.81827e+07 1.81824e+07 1.8182e+07 1.81815e+07 1.81808e+07 1.81801e+07
          1.81792e+07 1.81782e+07 1.81771e+07 1.8176e+07 1.81747e+07 1.81733e+07 1.81719e+07 1.81703e+07 1.81687e+07 1.81669e+07 1.81651e+07 1.81632e+07
          1.81613e+07 1.81592e+07 1.81571e+07 1.8155e+07 1.81528e+07 1.81506e+07 1.81483e+07 1.8146e+07 1.81436e+07 1.81413e+07 1.81389e+07 1.81366e+07
          1.81345e+07 1.81325e+07 1.81306e+07 1.81291e+07 1.81278e+07 1.81268e+07 1.8126e+07 1.81253e+07 1.81247e+07 1.81242e+07 1.81237e+07 1.81232e+07
          1.81226e+07 1.8122e+07 1.81214e+07 1.81209e+07 1.81203e+07 1.81197e+07 1.81191e+07 1.81184e+07 1.81178e+07 1.81172e+07 1.81165e+07 1.81159e+07
          1.81152e+07 1.81146e+07 1.81139e+07 1.81132e+07 1.81125e+07 1.81118e+07 1.81111e+07 1.81103e+07 1.81096e+07 1.81088e+07 1.81081e+07 1.81073e+07
          1.81065e+07 1.81057e+07 1.81049e+07 1.81041e+07 1.81033e+07 1.81024e+07 1.81016e+07 1.81007e+07 1.81825e+07 1.81824e+07 1.81822e+07 1.81819e+07
          1.81815e+07 1.81809e+07 1.81802e+07 1.81794e+07 1.81784e+07 1.81774e+07 1.81762e+07 1.81749e+07 1.81735e+07 1.81721e+07 1.81705e+07 1.81688e+07
          1.8167e+07 1.81652e+07 1.81632e+07 1.81612e+07 1.81591e+07 1.81569e+07 1.81547e+07 1.81524e+07 1.81501e+07 1.81476e+07 1.81452e+07 1.81427e+07
          1.81401e+07 1.81375e+07 1.81348e+07 1.81321e+07 1.81295e+07 1.81267e+07 1.8124e+07 1.81213e+07 1.81186e+07 1.8116e+07 1.81135e+07 1.81111e+07
          1.81091e+07 1.81073e+07 1.81058e+07 1.81047e+07 1.81038e+07 1.8103e+07 1.81024e+07 1.81018e+07 1.81013e+07 1.81006e+07 1.81e+07 1.80994e+07
          1.80988e+07 1.80982e+07 1.80975e+07 1.80969e+07 1.80962e+07 1.80955e+07 1.80949e+07 1.80942e+07 1.80935e+07 1.80928e+07 1.8092e+07 1.80913e+07
          1.80906e+07 1.80898e+07 1.80891e+07 1.80883e+07 1.80875e+07 1.80867e+07 1.80859e+07 1.80851e+07 1.80843e+07 1.80834e+07 1.80826e+07 1.80817e+07
          1.81828e+07 1.81828e+07 1.81826e+07 1.81822e+07 1.81817e+07 1.81811e+07 1.81803e+07 1.81794e+07 1.81784e+07 1.81772e+07 1.81759e+07 1.81746e+07
          1.8173e+07 1.81714e+07 1.81697e+07 1.81679e+07 1.8166e+07 1.8164e+07 1.81619e+07 1.81597e+07 1.81575e+07 1.81552e+07 1.81528e+07 1.81503e+07
          1.81478e+07 1.81453e+07 1.81426e+07 1.814e+07 1.81372e+07 1.81345e+07 1.81317e+07 1.81288e+07 1.8126e+07 1.81231e+07 1.81201e+07 1.81171e+07
          1.81142e+07 1.81111e+07 1.81081e+07 1.81051e+07 1.81021e+07 1.80992e+07 1.80962e+07 1.80934e+07 1.80908e+07 1.80884e+07 1.80863e+07 1.80845e+07
          1.80831e+07 1.80821e+07 1.80812e+07 1.80804e+07 1.80798e+07 1.80792e+07 1.80786e+07 1.80779e+07 1.80773e+07 1.80766e+07 1.80759e+07 1.80752e+07
          1.80745e+07 1.80738e+07 1.80731e+07 1.80724e+07 1.80717e+07 1.80709e+07 1.80702e+07 1.80694e+07 1.80686e+07 1.80678e+07 1.8067e+07 1.80662e+07
          1.80654e+07 1.80645e+07 1.80637e+07 1.80628e+07 1.8184e+07 1.81839e+07 1.81837e+07 1.81833e+07 1.81827e+07 1.8182e+07 1.81812e+07 1.81802e+07
          1.81791e+07 1.81778e+07 1.81764e+07 1.81749e+07 1.81732e+07 1.81715e+07 1.81696e+07 1.81676e+07 1.81655e+07 1.81634e+07 1.81611e+07 1.81588e+07
          1.81564e+07 1.81539e+07 1.81513e+07 1.81487e+07 1.8146e+07 1.81433e+07 1.81405e+07 1.81377e+07 1.81348e+07 1.81319e+07 1.81289e+07 1.81259e+07
          1.81229e+07 1.81199e+07 1.81168e+07 1.81136e+07 1.81105e+07 1.81073e+07 1.81042e+07 1.81009e+07 1.80977e+07 1.80945e+07 1.80912e+07 1.8088e+07
          1.80848e+07 1.80815e+07 1.80784e+07 1.80752e+07 1.80722e+07 1.80694e+07 1.80668e+07 1.80646e+07 1.80627e+07 1.80612e+07 1.80601e+07 1.80591e+07
          1.80583e+07 1.80577e+07 1.8057e+07 1.80564e+07 1.80557e+07 1.8055e+07 1.80543e+07 1.80535e+07 1.80528e+07 1.80521e+07 1.80513e+07 1.80506e+07
          1.80498e+07 1.8049e+07 1.80482e+07 1.80474e+07 1.80466e+07 1.80457e+07 1.80449e+07 1.8044e+07 1.8186e+07 1.81859e+07 1.81857e+07 1.81852e+07
          1.81846e+07 1.81838e+07 1.81829e+07 1.81818e+07 1.81805e+07 1.81791e+07 1.81776e+07 1.81759e+07 1.81741e+07 1.81722e+07 1.81701e+07 1.81679e+07
          1.81657e+07 1.81633e+07 1.81609e+07 1.81584e+07 1.81558e+07 1.81531e+07 1.81503e+07 1.81475e+07 1.81447e+07 1.81418e+07 1.81388e+07 1.81358e+07
          1.81327e+07 1.81297e+07 1.81265e+07 1.81234e+07 1.81202e+07 1.8117e+07 1.81137e+07 1.81105e+07 1.81072e+07 1.81039e+07 1.81005e+07 1.80972e+07
          1.80938e+07 1.80905e+07 1.80871e+07 1.80837e+07 1.80802e+07 1.80768e+07 1.80734e+07 1.807e+07 1.80665e+07 1.80631e+07 1.80598e+07 1.80564e+07
          1.80532e+07 1.80501e+07 1.80472e+07 1.80446e+07 1.80423e+07 1.80405e+07 1.8039e+07 1.80378e+07 1.80368e+07 1.80362e+07 1.80355e+07 1.80348e+07
          1.8034e+07 1.80333e+07 1.80326e+07 1.80318e+07 1.8031e+07 1.80302e+07 1.80295e+07 1.80286e+07 1.80278e+07 1.8027e+07 1.80262e+07 1.80253e+07
          1.8189e+07 1.81889e+07 1.81886e+07 1.81881e+07 1.81874e+07 1.81865e+07 1.81855e+07 1.81842e+07 1.81828e+07 1.81813e+07 1.81795e+07 1.81777e+07
          1.81757e+07 1.81735e+07 1.81713e+07 1.81689e+07 1.81664e+07 1.81638e+07 1.81612e+07 1.81584e+07 1.81556e+07 1.81527e+07 1.81498e+07 1.81468e+07
          1.81437e+07 1.81406e+07 1.81374e+07 1.81342e+07 1.8131e+07 1.81277e+07 1.81244e+07 1.81211e+07 1.81177e+07 1.81144e+07 1.8111e+07 1.81075e+07
          1.81041e+07 1.81006e+07 1.80972e+07 1.80937e+07 1.80902e+07 1.80867e+07 1.80832e+07 1.80796e+07 1.80761e+07 1.80725e+07 1.8069e+07 1.80654e+07
          1.80618e+07 1.80583e+07 1.80547e+07 1.80511e+07 1.80476e+07 1.8044e+07 1.80405e+07 1.8037e+07 1.80336e+07 1.80303e+07 1.80272e+07 1.80243e+07
          1.80218e+07 1.80197e+07 1.80179e+07 1.80165e+07 1.80154e+07 1.80146e+07 1.80139e+07 1.80131e+07 1.80124e+07 1.80116e+07 1.80108e+07 1.801e+07
          1.80092e+07 1.80084e+07 1.80075e+07 1.80067e+07 1.8193e+07 1.81929e+07 1.81925e+07 1.8192e+07 1.81912e+07 1.81902e+07 1.8189e+07 1.81876e+07
          1.8186e+07 1.81842e+07 1.81823e+07 1.81802e+07 1.8178e+07 1.81756e+07 1.81731e+07 1.81705e+07 1.81678e+07 1.81649e+07 1.8162e+07 1.8159e+07
          1.8156e+07 1.81528e+07 1.81497e+07 1.81464e+07 1.81431e+07 1.81398e+07 1.81364e+07 1.8133e+07 1.81296e+07 1.81261e+07 1.81226e+07 1.81191e+07
          1.81155e+07 1.8112e+07 1.81084e+07 1.81048e+07 1.81012e+07 1.80976e+07 1.8094e+07 1.80904e+07 1.80867e+07 1.80831e+07 1.80794e+07 1.80758e+07
          1.80721e+07 1.80685e+07 1.80648e+07 1.80611e+07 1.80574e+07 1.80537e+07 1.80501e+07 1.80464e+07 1.80427e+07 1.8039e+07 1.80353e+07 1.80316e+07
          1.80279e+07 1.80243e+07 1.80206e+07 1.8017e+07 1.80135e+07 1.80101e+07 1.80068e+07 1.80038e+07 1.8001e+07 1.79987e+07 1.79967e+07 1.79952e+07
          1.79938e+07 1.79929e+07 1.79922e+07 1.79914e+07 1.79906e+07 1.79898e+07 1.7989e+07 1.79881e+07 1.81981e+07 1.8198e+07 1.81976e+07 1.8197e+07
          1.81961e+07 1.81949e+07 1.81935e+07 1.81919e+07 1.81901e+07 1.81881e+07 1.81859e+07 1.81836e+07 1.81811e+07 1.81784e+07 1.81756e+07 1.81727e+07
          1.81697e+07 1.81666e+07 1.81634e+07 1.81601e+07 1.81568e+07 1.81534e+07 1.81499e+07 1.81464e+07 1.81429e+07 1.81393e+07 1.81357e+07 1.81321e+07
          1.81284e+07 1.81247e+07 1.8121e+07 1.81173e+07 1.81136e+07 1.81098e+07 1.81061e+07 1.81023e+07 1.80986e+07 1.80948e+07 1.8091e+07 1.80872e+07
          1.80835e+07 1.80797e+07 1.80759e+07 1.80721e+07 1.80683e+07 1.80645e+07 1.80607e+07 1.8057e+07 1.80532e+07 1.80494e+07 1.80456e+07 1.80418e+07
          1.8038e+07 1.80342e+07 1.80304e+07 1.80267e+07 1.80229e+07 1.80191e+07 1.80153e+07 1.80116e+07 1.80078e+07 1.80041e+07 1.80003e+07 1.79967e+07
          1.79931e+07 1.79896e+07 1.79862e+07 1.7983e+07 1.79801e+07 1.79776e+07 1.79755e+07 1.79737e+07 1.79722e+07 1.79713e+07 1.79705e+07 1.79697e+07
          1.82046e+07 1.82044e+07 1.82039e+07 1.82032e+07 1.82021e+07 1.82008e+07 1.81992e+07 1.81973e+07 1.81953e+07 1.8193e+07 1.81905e+07 1.81878e+07
          1.81849e+07 1.81819e+07 1.81788e+07 1.81756e+07 1.81722e+07 1.81688e+07 1.81653e+07 1.81617e+07 1.8158e+07 1.81543e+07 1.81506e+07 1.81468e+07
          1.8143e+07 1.81391e+07 1.81353e+07 1.81314e+07 1.81275e+07 1.81236e+07 1.81197e+07 1.81157e+07 1.81118e+07 1.81078e+07 1.81039e+07 1.81e+07
          1.8096e+07 1.80921e+07 1.80882e+07 1.80842e+07 1.80803e+07 1.80764e+07 1.80724e+07 1.80685e+07 1.80646e+07 1.80607e+07 1.80568e+07 1.80529e+07
          1.8049e+07 1.80451e+07 1.80412e+07 1.80374e+07 1.80335e+07 1.80296e+07 1.80258e+07 1.80219e+07 1.8018e+07 1.80142e+07 1.80103e+07 1.80065e+07
          1.80026e+07 1.79988e+07 1.7995e+07 1.79911e+07 1.79873e+07 1.79835e+07 1.79798e+07 1.79761e+07 1.79724e+07 1.79688e+07 1.79654e+07 1.79621e+07
          1.79591e+07 1.79565e+07 1.79542e+07 1.79522e+07 1.82125e+07 1.82123e+07 1.82117e+07 1.82108e+07 1.82096e+07 1.8208e+07 1.82061e+07 1.8204e+07
          1.82015e+07 1.81989e+07 1.8196e+07 1.81929e+07 1.81897e+07 1.81863e+07 1.81827e+07 1.81791e+07 1.81754e+07 1.81715e+07 1.81677e+07 1.81637e+07
          1.81597e+07 1.81557e+07 1.81516e+07 1.81475e+07 1.81434e+07 1.81392e+07 1.81351e+07 1.81309e+07 1.81268e+07 1.81226e+07 1.81185e+07 1.81143e+07
          1.81102e+07 1.8106e+07 1.81019e+07 1.80977e+07 1.80936e+07 1.80895e+07 1.80854e+07 1.80813e+07 1.80772e+07 1.80732e+07 1.80691e+07 1.80651e+07
          1.8061e+07 1.8057e+07 1.8053e+07 1.8049e+07 1.8045e+07 1.8041e+07 1.8037e+07 1.8033e+07 1.80291e+07 1.80251e+07 1.80212e+07 1.80172e+07
          1.80133e+07 1.80094e+07 1.80055e+07 1.80016e+07 1.79976e+07 1.79938e+07 1.79899e+07 1.7986e+07 1.79821e+07 1.79782e+07 1.79744e+07 1.79705e+07
          1.79667e+07 1.79629e+07 1.79591e+07 1.79554e+07 1.79517e+07 1.79481e+07 1.79446e+07 1.79413e+07 1.82221e+07 1.82219e+07 1.82212e+07 1.82201e+07
          1.82186e+07 1.82167e+07 1.82145e+07 1.82119e+07 1.8209e+07 1.82059e+07 1.82025e+07 1.8199e+07 1.81952e+07 1.81914e+07 1.81874e+07 1.81833e+07
          1.81791e+07 1.81748e+07 1.81705e+07 1.81661e+07 1.81617e+07 1.81573e+07 1.81529e+07 1.81484e+07 1.8144e+07 1.81395e+07 1.81351e+07 1.81307e+07
          1.81262e+07 1.81218e+07 1.81174e+07 1.8113e+07 1.81086e+07 1.81043e+07 1.80999e+07 1.80956e+07 1.80913e+07 1.8087e+07 1.80828e+07 1.80785e+07
          1.80743e+07 1.807e+07 1.80659e+07 1.80617e+07 1.80575e+07 1.80534e+07 1.80492e+07 1.80451e+07 1.8041e+07 1.80369e+07 1.80328e+07 1.80288e+07
          1.80247e+07 1.80207e+07 1.80167e+07 1.80127e+07 1.80087e+07 1.80047e+07 1.80007e+07 1.79968e+07 1.79928e+07 1.79889e+07 1.79849e+07 1.7981e+07
          1.79771e+07 1.79732e+07 1.79693e+07 1.79654e+07 1.79615e+07 1.79577e+07 1.79538e+07 1.795e+07 1.79462e+07 1.79424e+07 1.79386e+07 1.79349e+07
          1.82339e+07 1.82336e+07 1.82328e+07 1.82314e+07 1.82295e+07 1.82272e+07 1.82245e+07 1.82213e+07 1.82179e+07 1.82142e+07 1.82102e+07 1.82061e+07
          1.82017e+07 1.81973e+07 1.81927e+07 1.8188e+07 1.81833e+07 1.81786e+07 1.81738e+07 1.81689e+07 1.81641e+07 1.81593e+07 1.81544e+07 1.81496e+07
          1.81448e+07 1.814e+07 1.81353e+07 1.81305e+07 1.81258e+07 1.81211e+07 1.81164e+07 1.81118e+07 1.81072e+07 1.81026e+07 1.80981e+07 1.80935e+07
          1.8089e+07 1.80846e+07 1.80801e+07 1.80757e+07 1.80713e+07 1.8067e+07 1.80626e+07 1.80583e+07 1.8054e+07 1.80498e+07 1.80455e+07 1.80413e+07
          1.80371e+07 1.80329e+07 1.80288e+07 1.80246e+07 1.80205e+07 1.80164e+07 1.80123e+07 1.80082e+07 1.80042e+07 1.80001e+07 1.79961e+07 1.79921e+07
          1.79881e+07 1.79841e+07 1.79802e+07 1.79762e+07 1.79723e+07 1.79683e+07 1.79644e+07 1.79605e+07 1.79566e+07 1.79527e+07 1.79489e+07 1.7945e+07
          1.79412e+07 1.79374e+07 1.79335e+07 1.79298e+07 1.82483e+07 1.82479e+07 1.82468e+07 1.82451e+07 1.82427e+07 1.82398e+07 1.82363e+07 1.82325e+07
          1.82283e+07 1.82238e+07 1.82191e+07 1.82142e+07 1.82091e+07 1.82039e+07 1.81987e+07 1.81934e+07 1.81881e+07 1.81827e+07 1.81774e+07 1.8172e+07
          1.81667e+07 1.81614e+07 1.81562e+07 1.81509e+07 1.81458e+07 1.81406e+07 1.81355e+07 1.81304e+07 1.81254e+07 1.81204e+07 1.81155e+07 1.81106e+07
          1.81058e+07 1.8101e+07 1.80962e+07 1.80915e+07 1.80868e+07 1.80821e+07 1.80775e+07 1.8073e+07 1.80684e+07 1.80639e+07 1.80595e+07 1.8055e+07
          1.80506e+07 1.80462e+07 1.80419e+07 1.80376e+07 1.80333e+07 1.8029e+07 1.80248e+07 1.80205e+07 1.80163e+07 1.80122e+07 1.8008e+07 1.80039e+07
          1.79998e+07 1.79957e+07 1.79916e+07 1.79876e+07 1.79836e+07 1.79795e+07 1.79755e+07 1.79716e+07 1.79676e+07 1.79636e+07 1.79597e+07 1.79558e+07
          1.79519e+07 1.7948e+07 1.79441e+07 1.79403e+07 1.79365e+07 1.79326e+07 1.79288e+07 1.7925e+07 1.8266e+07 1.82655e+07 1.82641e+07 1.82617e+07
          1.82586e+07 1.82548e+07 1.82504e+07 1.82455e+07 1.82403e+07 1.82348e+07 1.82291e+07 1.82233e+07 1.82173e+07 1.82113e+07 1.82053e+07 1.81992e+07
          1.81932e+07 1.81872e+07 1.81813e+07 1.81754e+07 1.81695e+07 1.81637e+07 1.8158e+07 1.81523e+07 1.81467e+07 1.81412e+07 1.81358e+07 1.81304e+07
          1.8125e+07 1.81198e+07 1.81146e+07 1.81094e+07 1.81043e+07 1.80993e+07 1.80943e+07 1.80894e+07 1.80845e+07 1.80797e+07 1.80749e+07 1.80702e+07
          1.80655e+07 1.80609e+07 1.80563e+07 1.80517e+07 1.80472e+07 1.80427e+07 1.80383e+07 1.80339e+07 1.80295e+07 1.80251e+07 1.80208e+07 1.80165e+07
          1.80123e+07 1.8008e+07 1.80038e+07 1.79997e+07 1.79955e+07 1.79914e+07 1.79873e+07 1.79832e+07 1.79791e+07 1.79751e+07 1.79711e+07 1.79671e+07
          1.79631e+07 1.79592e+07 1.79552e+07 1.79513e+07 1.79474e+07 1.79435e+07 1.79396e+07 1.79358e+07 1.7932e+07 1.79282e+07 1.79244e+07 1.79206e+07
          1.82884e+07 1.82877e+07 1.82856e+07 1.82823e+07 1.8278e+07 1.82728e+07 1.8267e+07 1.82607e+07 1.82541e+07 1.82473e+07 1.82404e+07 1.82334e+07
          1.82263e+07 1.82193e+07 1.82124e+07 1.82055e+07 1.81986e+07 1.81919e+07 1.81853e+07 1.81788e+07 1.81723e+07 1.8166e+07 1.81598e+07 1.81537e+07
          1.81477e+07 1.81418e+07 1.81359e+07 1.81302e+07 1.81246e+07 1.8119e+07 1.81135e+07 1.81081e+07 1.81028e+07 1.80975e+07 1.80924e+07 1.80872e+07
          1.80822e+07 1.80772e+07 1.80723e+07 1.80674e+07 1.80626e+07 1.80578e+07 1.80531e+07 1.80484e+07 1.80438e+07 1.80392e+07 1.80347e+07 1.80302e+07
          1.80257e+07 1.80213e+07 1.8017e+07 1.80126e+07 1.80083e+07 1.8004e+07 1.79998e+07 1.79956e+07 1.79914e+07 1.79872e+07 1.79831e+07 1.7979e+07
          1.79749e+07 1.79708e+07 1.79668e+07 1.79628e+07 1.79588e+07 1.79549e+07 1.79509e+07 1.7947e+07 1.79431e+07 1.79392e+07 1.79354e+07 1.79315e+07
          1.79277e+07 1.79239e+07 1.79201e+07 1.79164e+07 1.83175e+07 1.83165e+07 1.83132e+07 1.83082e+07 1.83018e+07 1.82944e+07 1.82865e+07 1.82782e+07
          1.82697e+07 1.82612e+07 1.82527e+07 1.82442e+07 1.82359e+07 1.82277e+07 1.82197e+07 1.82119e+07 1.82042e+07 1.81967e+07 1.81893e+07 1.81821e+07
          1.81751e+07 1.81682e+07 1.81615e+07 1.81549e+07 1.81485e+07 1.81422e+07 1.8136e+07 1.81299e+07 1.8124e+07 1.81181e+07 1.81124e+07 1.81067e+07
          1.81012e+07 1.80957e+07 1.80903e+07 1.8085e+07 1.80798e+07 1.80746e+07 1.80696e+07 1.80646e+07 1.80596e+07 1.80547e+07 1.80499e+07 1.80451e+07
          1.80404e+07 1.80358e+07 1.80312e+07 1.80266e+07 1.80221e+07 1.80176e+07 1.80132e+07 1.80088e+07 1.80044e+07 1.80001e+07 1.79958e+07 1.79916e+07
          1.79874e+07 1.79832e+07 1.7979e+07 1.79749e+07 1.79708e+07 1.79668e+07 1.79627e+07 1.79587e+07 1.79547e+07 1.79508e+07 1.79468e+07 1.79429e+07
          1.7939e+07 1.79352e+07 1.79313e+07 1.79275e+07 1.79237e+07 1.79199e+07 1.79161e+07 1.79124e+07 1.83586e+07 1.83557e+07 1.835e+07 1.83414e+07
          1.83312e+07 1.83202e+07 1.8309e+07 1.82978e+07 1.82869e+07 1.82761e+07 1.82657e+07 1.82556e+07 1.82458e+07 1.82363e+07 1.82271e+07 1.82182e+07
          1.82096e+07 1.82012e+07 1.81931e+07 1.81853e+07 1.81776e+07 1.81702e+07 1.81629e+07 1.81559e+07 1.8149e+07 1.81423e+07 1.81358e+07 1.81294e+07
          1.81231e+07 1.8117e+07 1.8111e+07 1.81051e+07 1.80993e+07 1.80937e+07 1.80881e+07 1.80826e+07 1.80773e+07 1.8072e+07 1.80668e+07 1.80617e+07
          1.80566e+07 1.80516e+07 1.80467e+07 1.80419e+07 1.80371e+07 1.80323e+07 1.80277e+07 1.8023e+07 1.80185e+07 1.80139e+07 1.80095e+07 1.8005e+07
          1.80007e+07 1.79963e+07 1.7992e+07 1.79877e+07 1.79835e+07 1.79793e+07 1.79752e+07 1.7971e+07 1.79669e+07 1.79629e+07 1.79588e+07 1.79548e+07
          1.79508e+07 1.79469e+07 1.7943e+07 1.7939e+07 1.79352e+07 1.79313e+07 1.79275e+07 1.79237e+07 1.79199e+07 1.79161e+07 1.79124e+07 1.79086e+07
          1.84164e+07 1.84176e+07 1.84021e+07 1.83843e+07 1.83667e+07 1.83499e+07 1.8334e+07 1.8319e+07 1.83049e+07 1.82915e+07 1.82789e+07 1.82669e+07
          1.82554e+07 1.82445e+07 1.82341e+07 1.82241e+07 1.82146e+07 1.82054e+07 1.81965e+07 1.8188e+07 1.81797e+07 1.81717e+07 1.8164e+07 1.81565e+07
          1.81492e+07 1.81421e+07 1.81353e+07 1.81285e+07 1.8122e+07 1.81156e+07 1.81094e+07 1.81033e+07 1.80973e+07 1.80915e+07 1.80858e+07 1.80802e+07
          1.80746e+07 1.80692e+07 1.80639e+07 1.80587e+07 1.80536e+07 1.80485e+07 1.80435e+07 1.80386e+07 1.80337e+07 1.80289e+07 1.80242e+07 1.80196e+07
          1.80149e+07 1.80104e+07 1.80059e+07 1.80014e+07 1.7997e+07 1.79927e+07 1.79883e+07 1.79841e+07 1.79798e+07 1.79756e+07 1.79714e+07 1.79673e+07
          1.79632e+07 1.79591e+07 1.79551e+07 1.79511e+07 1.79471e+07 1.79432e+07 1.79393e+07 1.79354e+07 1.79315e+07 1.79277e+07 1.79238e+07 1.792e+07
          1.79163e+07 1.79125e+07 1.79088e+07 1.79051e+07 1.86316e+07 1.85231e+07 1.84717e+07 1.84353e+07 1.84061e+07 1.83814e+07 1.83597e+07 1.83403e+07
          1.83226e+07 1.83064e+07 1.82914e+07 1.82775e+07 1.82644e+07 1.8252e+07 1.82404e+07 1.82293e+07 1.82188e+07 1.82088e+07 1.81992e+07 1.819e+07
          1.81812e+07 1.81727e+07 1.81645e+07 1.81566e+07 1.81489e+07 1.81415e+07 1.81343e+07 1.81273e+07 1.81206e+07 1.81139e+07 1.81075e+07 1.81012e+07
          1.80951e+07 1.80891e+07 1.80833e+07 1.80775e+07 1.80719e+07 1.80664e+07 1.8061e+07 1.80557e+07 1.80505e+07 1.80453e+07 1.80403e+07 1.80353e+07
          1.80304e+07 1.80256e+07 1.80208e+07 1.80161e+07 1.80115e+07 1.80069e+07 1.80024e+07 1.79979e+07 1.79935e+07 1.79891e+07 1.79848e+07 1.79805e+07
          1.79763e+07 1.79721e+07 1.79679e+07 1.79638e+07 1.79597e+07 1.79556e+07 1.79516e+07 1.79476e+07 1.79436e+07 1.79397e+07 1.79357e+07 1.79319e+07
          1.7928e+07 1.79242e+07 1.79204e+07 1.79166e+07 1.79128e+07 1.79091e+07 1.79054e+07 1.79017e+07 1.88164e+07 1.86233e+07 1.85376e+07 1.84831e+07
          1.84428e+07 1.84104e+07 1.83831e+07 1.83595e+07 1.83385e+07 1.83196e+07 1.83024e+07 1.82866e+07 1.82719e+07 1.82582e+07 1.82454e+07 1.82334e+07
          1.8222e+07 1.82112e+07 1.8201e+07 1.81912e+07 1.81819e+07 1.81729e+07 1.81643e+07 1.8156e+07 1.81481e+07 1.81404e+07 1.81329e+07 1.81257e+07
          1.81187e+07 1.81119e+07 1.81053e+07 1.80989e+07 1.80926e+07 1.80865e+07 1.80806e+07 1.80748e+07 1.80691e+07 1.80635e+07 1.8058e+07 1.80526e+07
          1.80474e+07 1.80422e+07 1.80371e+07 1.80321e+07 1.80272e+07 1.80223e+07 1.80175e+07 1.80128e+07 1.80081e+07 1.80036e+07 1.7999e+07 1.79945e+07
          1.79901e+07 1.79857e+07 1.79814e+07 1.79771e+07 1.79728e+07 1.79686e+07 1.79645e+07 1.79603e+07 1.79562e+07 1.79522e+07 1.79482e+07 1.79442e+07
          1.79402e+07 1.79363e+07 1.79324e+07 1.79285e+07 1.79246e+07 1.79208e+07 1.7917e+07 1.79132e+07 1.79095e+07 1.79058e+07 1.79021e+07 1.78984e+07
          1.88599e+07 1.86717e+07 1.85788e+07 1.85169e+07 1.84703e+07 1.84328e+07 1.84015e+07 1.83746e+07 1.83509e+07 1.83298e+07 1.83108e+07 1.82934e+07
          1.82774e+07 1.82626e+07 1.82488e+07 1.8236e+07 1.82239e+07 1.82124e+07 1.82016e+07 1.81914e+07 1.81816e+07 1.81723e+07 1.81633e+07 1.81548e+07
          1.81466e+07 1.81386e+07 1.8131e+07 1.81236e+07 1.81165e+07 1.81096e+07 1.81028e+07 1.80963e+07 1.809e+07 1.80838e+07 1.80777e+07 1.80718e+07
          1.80661e+07 1.80604e+07 1.80549e+07 1.80495e+07 1.80442e+07 1.8039e+07 1.80339e+07 1.80289e+07 1.80239e+07 1.8019e+07 1.80142e+07 1.80095e+07
          1.80048e+07 1.80002e+07 1.79957e+07 1.79912e+07 1.79868e+07 1.79824e+07 1.7978e+07 1.79738e+07 1.79695e+07 1.79653e+07 1.79611e+07 1.7957e+07
          1.79529e+07 1.79489e+07 1.79449e+07 1.79409e+07 1.79369e+07 1.7933e+07 1.79291e+07 1.79252e+07 1.79214e+07 1.79176e+07 1.79138e+07 1.791e+07
          1.79063e+07 1.79025e+07 1.78988e+07 1.78952e+07 1.88848e+07 1.86955e+07 1.8601e+07 1.85366e+07 1.84873e+07 1.84472e+07 1.84135e+07 1.83844e+07
          1.83589e+07 1.83363e+07 1.83158e+07 1.82973e+07 1.82803e+07 1.82647e+07 1.82502e+07 1.82367e+07 1.82241e+07 1.82122e+07 1.8201e+07 1.81904e+07
          1.81803e+07 1.81707e+07 1.81616e+07 1.81528e+07 1.81444e+07 1.81363e+07 1.81286e+07 1.81211e+07 1.81138e+07 1.81068e+07 1.81e+07 1.80934e+07
          1.8087e+07 1.80808e+07 1.80747e+07 1.80688e+07 1.8063e+07 1.80573e+07 1.80518e+07 1.80463e+07 1.8041e+07 1.80358e+07 1.80306e+07 1.80256e+07
          1.80206e+07 1.80157e+07 1.80109e+07 1.80062e+07 1.80015e+07 1.79969e+07 1.79924e+07 1.79879e+07 1.79834e+07 1.79791e+07 1.79747e+07 1.79704e+07
          1.79662e+07 1.7962e+07 1.79578e+07 1.79537e+07 1.79496e+07 1.79456e+07 1.79416e+07 1.79376e+07 1.79336e+07 1.79297e+07 1.79258e+07 1.79219e+07
          1.79181e+07 1.79143e+07 1.79105e+07 1.79068e+07 1.7903e+07 1.78993e+07 1.78956e+07 1.78919e+07 1.88954e+07 1.8706e+07 1.86109e+07 1.85456e+07
          1.8495e+07 1.84537e+07 1.84187e+07 1.83885e+07 1.8362e+07 1.83384e+07 1.83172e+07 1.8298e+07 1.82804e+07 1.82643e+07 1.82493e+07 1.82354e+07
          1.82225e+07 1.82103e+07 1.81989e+07 1.81881e+07 1.81778e+07 1.81681e+07 1.81588e+07 1.815e+07 1.81415e+07 1.81333e+07 1.81255e+07 1.81179e+07
          1.81106e+07 1.81036e+07 1.80968e+07 1.80901e+07 1.80837e+07 1.80774e+07 1.80713e+07 1.80654e+07 1.80595e+07 1.80539e+07 1.80483e+07 1.80428e+07
          1.80375e+07 1.80323e+07 1.80271e+07 1.80221e+07 1.80171e+07 1.80122e+07 1.80074e+07 1.80027e+07 1.7998e+07 1.79934e+07 1.79889e+07 1.79844e+07
          1.79799e+07 1.79755e+07 1.79712e+07 1.79669e+07 1.79627e+07 1.79585e+07 1.79543e+07 1.79502e+07 1.79461e+07 1.79421e+07 1.79381e+07 1.79341e+07
          1.79301e+07 1.79262e+07 1.79223e+07 1.79185e+07 1.79146e+07 1.79108e+07 1.7907e+07 1.79033e+07 1.78996e+07 1.78958e+07 1.78922e+07 1.78885e+07
          1.8896e+07 1.87064e+07 1.8611e+07 1.85453e+07 1.84944e+07 1.84526e+07 1.84173e+07 1.83867e+07 1.83598e+07 1.83358e+07 1.83143e+07 1.82948e+07
          1.82771e+07 1.82607e+07 1.82456e+07 1.82316e+07 1.82185e+07 1.82063e+07 1.81947e+07 1.81839e+07 1.81735e+07 1.81638e+07 1.81544e+07 1.81455e+07
          1.8137e+07 1.81288e+07 1.8121e+07 1.81134e+07 1.81061e+07 1.8099e+07 1.80922e+07 1.80855e+07 1.80791e+07 1.80728e+07 1.80667e+07 1.80607e+07
          1.80549e+07 1.80492e+07 1.80436e+07 1.80382e+07 1.80328e+07 1.80276e+07 1.80225e+07 1.80174e+07 1.80124e+07 1.80075e+07 1.80027e+07 1.7998e+07
          1.79933e+07 1.79887e+07 1.79842e+07 1.79797e+07 1.79752e+07 1.79709e+07 1.79665e+07 1.79623e+07 1.7958e+07 1.79538e+07 1.79497e+07 1.79455e+07
          1.79415e+07 1.79374e+07 1.79334e+07 1.79294e+07 1.79255e+07 1.79216e+07 1.79177e+07 1.79138e+07 1.791e+07 1.79062e+07 1.79024e+07 1.78987e+07
          1.7895e+07 1.78912e+07 1.78876e+07 1.78839e+07
        </DataArray>
        <DataArray type="Float32" Name="rho_liq" NumberOfComponents="1" format="ascii">
          999.732 999.732 999.732 999.732 999.732 999.732 999.732 999.732 999.732 999.732 999.732 999.732
          999.732 999.732 999.732 999.732 999.732 999.732 999.732 999.732 999.732 999.732 999.732 999.732
          999.732 999.732 999.732 999.732 999.732 999.732 999.732 999.732 999.732 999.732 999.732 999.732
          999.732 999.732 999.732 999.732 999.732 999.732 999.732 999.732 999.732 999.732 999.732 999.732
          999.732 999.732 999.732 999.732 999.732 999.732 999.732 999.732 999.732 999.732 999.732 999.732
          999.732 999.732 999.732 999.732 999.732 999.732 999.732 999.732 999.732 999.732 999.732 999.732
          999.732 999.732 999.732 999.732 999.732 999.732 999.732 999.732 999.732 999.732 999.732 999.732
          999.732 999.732 999.732 999.732 999.732 999.732 999.732 999.732 999.732 999.732 999.732 999.732
          999.732 999.732 999.732 999.732 999.732 999.732 999.732 999.732 999.732 999.732 999.732 999.732
          999.732 999.732 999.732 999.732 999.732 999.732 999.732 999.732 999.732 999.732 999.732 999.732
          999.732 999.732 999.732 999.732 999.732 999.732 999.732 999.732 999.732 999.732 999.732 999.732
          999.732 999.732 999.732 999.732 999.732 999.732 999.732 999.732 999.732 999.732 999.732 999.732
          999.732 999.732 999.732 999.732 999.732 999.732 999.732 999.732 999.732 999.732 999.732 999.732
          999.732 999.732 999.732 999.732 999.732 999.732 999.732 999.732 999.732 999.732 999.732 999.732
          999.732 999.732 999.732 999.732 999.732 999.732 999.732 999.732 999.732 999.732 999.732 999.732
          999.732 999.732 999.732 999.732 999.732 999.732 999.732 999.732 999.732 999.732 999.732 999.732
          999.732 999.732 999.732 999.732 999.732 999.732 999.732 999.732 999.732 999.732 999.732 999.732
          999.732 999.732 999.732 999.732 999.732 999.732 999.732 999.732 999.732 999.732 999.732 999.732
          999.732 999.732 999.732 999.732 999.732 999.732 999.732 999.732 999.732 999.732 999.732 999.732
          999.73 999.73 999.73 999.73 999.73 999.73 999.731 999.731 999.731 999.731 999.731 999.731
          999.731 999.731 999.732 999.732 999.732 999.732 999.732 999.732 999.732 999.732 999.732 999.732
          999.733 999.733 999.733 999.733 999.733 999.733 999.733 999.733 999.733 999.733 999.733 999.733
          999.733 999.733 999.733 999.733 999.733 999.733 999.733 999.733 999.733 999.733 999.733 999.733
          999.733 999.733 999.733 999.733 999.733 999.733 999.733 999.733 999.733 999.733 999.733 999.733
          999.733 999.733 999.733 999.733 999.733 999.733 999.733 999.733 999.733 999.733 999.733 999.733
          999.733 999.733 999.733 999.733 999.728 999.728 999.728 999.728 999.728 999.728 999.728 999.728
          999.728 999.728 999.729 999.729 999.729 999.729 999.729 999.729 999.729 999.73 999.73 999.73
          999.73 999.731 999.731 999.731 999.732 999.732 999.732 999.732 999.732 999.733 999.733 999.733
          999.733 999.733 999.733 999.733 999.733 999.733 999.733 999.733 999.733 999.733 999.733 999.733
          999.733 999.733 999.733 999.733 999.733 999.733 999.733 999.733 999.733 999.733 999.733 999.733
          999.733 999.733 999.733 999.733 999.733 999.733 999.733 999.733 999.733 999.733 999.733 999.733
          999.733 999.733 999.733 999.733 999.733 999.733 999.733 999.733 999.728 999.728 999.728 999.728
          999.728 999.728 999.728 999.728 999.728 999.728 999.728 999.728 999.728 999.728 999.728 999.728
          999.728 999.728 999.728 999.728 999.728 999.728 999.728 999.728 999.728 999.729 999.73 999.73
          999.73 999.731 999.731 999.732 999.732 999.732 999.732 999.733 999.733 999.733 999.733 999.733
          999.733 999.733 999.733 999.733 999.733 999.733 999.733 999.733 999.733 999.733 999.733 999.733
          999.733 999.733 999.733 999.733 999.733 999.733 999.733 999.733 999.733 999.733 999.733 999.733
          999.733 999.733 999.733 999.733 999.733 999.733 999.733 999.733 999.733 999.733 999.733 999.733
          999.728 999.728 999.728 999.728 999.728 999.728 999.728 999.728 999.728 999.728 999.728 999.728
          999.728 999.728 999.728 999.728 999.728 999.728 999.728 999.728 999.728 999.728 999.728 999.728
          999.728 999.728 999.728 999.728 999.728 999.728 999.728 999.728 999.728 999.728 999.73 999.731
          999.731 999.731 999.732 999.732 999.732 999.733 999.733 999.733 999.733 999.733 999.733 999.734
          999.734 999.734 999.734 999.734 999.734 999.734 999.734 999.734 999.734 999.734 999.734 999.734
          999.734 999.734 999.734 999.734 999.734 999.734 999.734 999.734 999.734 999.734 999.734 999.734
          999.734 999.733 999.733 999.733 999.728 999.728 999.728 999.728 999.728 999.728 999.728 999.728
          999.728 999.728 999.728 999.728 999.728 999.728 999.728 999.728 999.728 999.728 999.728 999.728
          999.728 999.728 999.728 999.728 999.728 999.728 999.728 999.728 999.728 999.728 999.728 999.728
          999.728 999.728 999.729 999.729 999.729 999.729 999.729 999.729 999.729 999.73 999.731 999.732
          999.732 999.732 999.733 999.733 999.733 999.734 999.734 999.734 999.734 999.734 999.734 999.734
          999.734 999.734 999.734 999.734 999.734 999.734 999.734 999.734 999.734 999.734 999.734 999.734
          999.734 999.734 999.734 999.734 999.734 999.734 999.734 999.734 999.728 999.728 999.728 999.728
          999.728 999.728 999.728 999.728 999.728 999.728 999.728 999.728 999.728 999.728 999.728 999.728
          999.728 999.728 999.728 999.728 999.728 999.728 999.728 999.728 999.728 999.728 999.728 999.728
          999.728 999.728 999.728 999.728 999.729 999.729 999.729 999.729 999.729 999.729 999.729 999.729
          999.729 999.729 999.729 999.729 999.729 999.729 999.729 999.731 999.732 999.732 999.733 999.733
          999.733 999.734 999.734 999.734 999.734 999.734 999.734 999.734 999.734 999.734 999.734 999.734
          999.734 999.734 999.734 999.734 999.734 999.734 999.734 999.734 999.734 999.734 999.734 999.734
          999.728 999.728 999.728 999.728 999.728 999.728 999.728 999.728 999.728 999.728 999.728 999.728
          999.728 999.728 999.728 999.728 999.728 999.728 999.728 999.728 999.728 999.728 999.728 999.728
          999.728 999.728 999.728 999.728 999.728 999.728 999.728 999.729 999.729 999.729 999.729 999.729
          999.729 999.729 999.729 999.729 999.729 999.729 999.729 999.729 999.729 999.729 999.729 999.729
          999.729 999.729 999.729 999.729 999.731 999.732 999.733 999.733 999.733 999.734 999.734 999.734
          999.734 999.734 999.734 999.734 999.734 999.734 999.734 999.734 999.734 999.734 999.734 999.734
          999.734 999.734 999.734 999.734 999.728 999.728 999.728 999.728 999.728 999.728 999.728 999.728
          999.728 999.728 999.728 999.728 999.728 999.728 999.728 999.728 999.728 999.728 999.728 999.728
          999.728 999.728 999.728 999.728 999.728 999.728 999.728 999.728 999.728 999.728 999.729 999.729
          999.729 999.729 999.729 999.729 999.729 999.729 999.729 999.729 999.729 999.729 999.729 999.729
          999.729 999.729 999.729 999.729 999.729 999.729 999.729 999.729 999.729 999.729 999.729 999.729
          999.729 999.732 999.733 999.733 999.733 999.734 999.734 999.734 999.734 999.735 999.735 999.735
          999.735 999.735 999.735 999.735 999.735 999.735 999.735 999.735 999.728 999.728 999.728 999.728
          999.728 999.728 999.728 999.728 999.728 999.728 999.728 999.728 999.728 999.728 999.728 999.728
          999.728 999.728 999.728 999.728 999.728 999.728 999.728 999.728 999.728 999.728 999.728 999.728
          999.728 999.729 999.729 999.729 999.729 999.729 999.729 999.729 999.729 999.729 999.729 999.729
          999.729 999.729 999.729 999.729 999.729 999.729 999.729 999.729 999.729 999.729 999.729 999.729
          999.729 999.73 999.73 999.73 999.73 999.73 999.73 999.73 999.73 999.731 999.733 999.733
          999.734 999.734 999.734 999.735 999.735 999.735 999.735 999.735 999.735 999.735 999.735 999.735
          999.728 999.728 999.728 999.728 999.728 999.728 999.728 999.728 999.728 999.728 999.728 999.728
          999.728 999.728 999.728 999.728 999.728 999.728 999.728 999.728 999.728 999.728 999.728 999.728
          999.728 999.728 999.728 999.728 999.728 999.729 999.729 999.729 999.729 999.729 999.729 999.729
          999.729 999.729 999.729 999.729 999.729 999.729 999.729 999.729 999.729 999.729 999.729 999.729
          999.729 999.729 999.729 999.729 999.73 999.73 999.73 999.73 999.73 999.73 999.73 999.73
          999.73 999.73 999.73 999.73 999.73 999.73 999.733 999.734 999.734 999.734 999.735 999.735
          999.735 999.735 999.735 999.735 999.728 999.728 999.728 999.728 999.728 999.728 999.728 999.728
          999.728 999.728 999.728 999.728 999.728 999.728 999.728 999.728 999.728 999.728 999.728 999.728
          999.728 999.728 999.728 999.728 999.728 999.728 999.728 999.728 999.728 999.729 999.729 999.729
          999.729 999.729 999.729 999.729 999.729 999.729 999.729 999.729 999.729 999.729 999.729 999.729
          999.729 999.729 999.729 999.729 999.729 999.729 999.73 999.73 999.73 999.73 999.73 999.73
          999.73 999.73 999.73 999.73 999.73 999.73 999.73 999.73 999.73 999.73 999.73 999.73
          999.73 999.73 999.733 999.734 999.734 999.735 999.735 999.735 999.728 999.728 999.728 999.728
          999.728 999.728 999.728 999.728 999.728 999.728 999.728 999.728 999.728 999.728 999.728 999.728
          999.728 999.728 999.728 999.728 999.728 999.728 999.728 999.728 999.728 999.728 999.728 999.728
          999.729 999.729 999.729 999.729 999.729 999.729 999.729 999.729 999.729 999.729 999.729 999.729
          999.729 999.729 999.729 999.729 999.729 999.729 999.729 999.729 999.729 999.73 999.73 999.73
          999.73 999.73 999.73 999.73 999.73 999.73 999.73 999.73 999.73 999.73 999.73 999.73
          999.73 999.73 999.73 999.73 999.73 999.731 999.731 999.731 999.731 999.731 999.734 999.734
          999.727 999.727 999.727 999.727 999.728 999.728 999.728 999.728 999.728 999.728 999.728 999.728
          999.728 999.728 999.728 999.728 999.728 999.728 999.728 999.728 999.728 999.728 999.728 999.728
          999.728 999.728 999.728 999.728 999.729 999.729 999.729 999.729 999.729 999.729 999.729 999.729
          999.729 999.729 999.729 999.729 999.729 999.729 999.729 999.729 999.729 999.729 999.729 999.729
          999.73 999.73 999.73 999.73 999.73 999.73 999.73 999.73 999.73 999.73 999.73 999.73
          999.73 999.73 999.73 999.73 999.73 999.73 999.73 999.731 999.731 999.731 999.731 999.731
          999.731 999.731 999.731 999.731 999.727 999.727 999.727 999.727 999.727 999.727 999.727 999.727
          999.728 999.728 999.728 999.728 999.728 999.728 999.728 999.728 999.728 999.728 999.728 999.728
          999.728 999.728 999.728 999.728 999.728 999.728 999.728 999.728 999.729 999.729 999.729 999.729
          999.729 999.729 999.729 999.729 999.729 999.729 999.729 999.729 999.729 999.729 999.729 999.729
          999.729 999.729 999.729 999.73 999.73 999.73 999.73 999.73 999.73 999.73 999.73 999.73
          999.73 999.73 999.73 999.73 999.73 999.73 999.73 999.73 999.73 999.73 999.731 999.731
          999.731 999.731 999.731 999.731 999.731 999.731 999.731 999.731 999.727 999.727 999.727 999.727
          999.727 999.727 999.727 999.727 999.727 999.727 999.727 999.728 999.728 999.728 999.728 999.728
          999.728 999.728 999.728 999.728 999.728 999.728 999.728 999.728 999.728 999.728 999.728 999.728
          999.729 999.729 999.729 999.729 999.729 999.729 999.729 999.729 999.729 999.729 999.729 999.729
          999.729 999.729 999.729 999.729 999.729 999.729 999.73 999.73 999.73 999.73 999.73 999.73
          999.73 999.73 999.73 999.73 999.73 999.73 999.73 999.73 999.73 999.73 999.73 999.73
          999.73 999.731 999.731 999.731 999.731 999.731 999.731 999.731 999.731 999.731 999.731 999.731
          999.727 999.727 999.727 999.727 999.727 999.727 999.727 999.727 999.727 999.727 999.727 999.727
          999.728 999.728 999.728 999.728 999.728 999.728 999.728 999.728 999.728 999.728 999.728 999.728
          999.728 999.728 999.728 999.728 999.729 999.729 999.729 999.729 999.729 999.729 999.729 999.729
          999.729 999.729 999.729 999.729 999.729 999.729 999.729 999.729 999.729 999.73 999.73 999.73
          999.73 999.73 999.73 999.73 999.73 999.73 999.73 999.73 999.73 999.73 999.73 999.73
          999.73 999.73 999.73 999.731 999.731 999.731 999.731 999.731 999.731 999.731 999.731 999.731
          999.731 999.731 999.731 999.731 999.727 999.727 999.727 999.727 999.727 999.727 999.727 999.727
          999.727 999.727 999.727 999.727 999.727 999.727 999.728 999.728 999.728 999.728 999.728 999.728
          999.728 999.728 999.728 999.728 999.728 999.728 999.728 999.728 999.729 999.729 999.729 999.729
          999.729 999.729 999.729 999.729 999.729 999.729 999.729 999.729 999.729 999.729 999.729 999.729
          999.729 999.73 999.73 999.73 999.73 999.73 999.73 999.73 999.73 999.73 999.73 999.73
          999.73 999.73 999.73 999.73 999.73 999.73 999.731 999.731 999.731 999.731 999.731 999.731
          999.731 999.731 999.731 999.731 999.731 999.731 999.731 999.731 999.727 999.727 999.727 999.727
          999.727 999.727 999.727 999.727 999.727 999.727 999.727 999.727 999.727 999.727 999.727 999.728
          999.728 999.728 999.728 999.728 999.728 999.728 999.728 999.728 999.728 999.728 999.728 999.728
          999.729 999.729 999.729 999.729 999.729 999.729 999.729 999.729 999.729 999.729 999.729 999.729
          999.729 999.729 999.729 999.729 999.73 999.73 999.73 999.73 999.73 999.73 999.73 999.73
          999.73 999.73 999.73 999.73 999.73 999.73 999.73 999.73 999.73 999.731 999.731 999.731
          999.731 999.731 999.731 999.731 999.731 999.731 999.731 999.731 999.731 999.731 999.731 999.731
          999.726 999.726 999.726 999.726 999.727 999.727 999.727 999.727 999.727 999.727 999.727 999.727
          999.727 999.727 999.727 999.727 999.728 999.728 999.728 999.728 999.728 999.728 999.728 999.728
          999.728 999.728 999.728 999.728 999.729 999.729 999.729 999.729 999.729 999.729 999.729 999.729
          999.729 999.729 999.729 999.729 999.729 999.729 999.729 999.73 999.73 999.73 999.73 999.73
          999.73 999.73 999.73 999.73 999.73 999.73 999.73 999.73 999.73 999.73 999.73 999.73
          999.731 999.731 999.731 999.731 999.731 999.731 999.731 999.731 999.731 999.731 999.731 999.731
          999.731 999.731 999.731 999.731 999.726 999.726 999.726 999.726 999.726 999.726 999.726 999.727
          999.727 999.727 999.727 999.727 999.727 999.727 999.727 999.727 999.727 999.728 999.728 999.728
          999.728 999.728 999.728 999.728 999.728 999.728 999.728 999.728 999.729 999.729 999.729 999.729
          999.729 999.729 999.729 999.729 999.729 999.729 999.729 999.729 999.729 999.729 999.73 999.73
          999.73 999.73 999.73 999.73 999.73 999.73 999.73 999.73 999.73 999.73 999.73 999.73
          999.73 999.73 999.73 999.731 999.731 999.731 999.731 999.731 999.731 999.731 999.731 999.731
          999.731 999.731 999.731 999.731 999.731 999.731 999.731 999.731 999.725 999.725 999.726 999.726
          999.726 999.726 999.726 999.726 999.726 999.727 999.727 999.727 999.727 999.727 999.727 999.727
          999.727 999.728 999.728 999.728 999.728 999.728 999.728 999.728 999.728 999.728 999.728 999.728
          999.729 999.729 999.729 999.729 999.729 999.729 999.729 999.729 999.729 999.729 999.729 999.729
          999.729 999.729 999.73 999.73 999.73 999.73 999.73 999.73 999.73 999.73 999.73 999.73
          999.73 999.73 999.73 999.73 999.73 999.73 999.731 999.731 999.731 999.731 999.731 999.731
          999.731 999.731 999.731 999.731 999.731 999.731 999.731 999.731 999.731 999.731 999.731 999.731
          999.725 999.725 999.725 999.725 999.725 999.726 999.726 999.726 999.726 999.726 999.727 999.727
          999.727 999.727 999.727 999.727 999.727 999.727 999.728 999.728 999.728 999.728 999.728 999.728
          999.728 999.728 999.728 999.728 999.729 999.729 999.729 999.729 999.729 999.729 999.729 999.729
          999.729 999.729 999.729 999.729 999.729 999.73 999.73 999.73 999.73 999.73 999.73 999.73
          999.73 999.73 999.73 999.73 999.73 999.73 999.73 999.73 999.73 999.73 999.731 999.731
          999.731 999.731 999.731 999.731 999.731 999.731 999.731 999.731 999.731 999.731 999.731 999.731
          999.731 999.731 999.731 999.731 999.722 999.723 999.724 999.724 999.725 999.725 999.725 999.726
          999.726 999.726 999.726 999.727 999.727 999.727 999.727 999.727 999.727 999.727 999.728 999.728
          999.728 999.728 999.728 999.728 999.728 999.728 999.728 999.729 999.729 999.729 999.729 999.729
          999.729 999.729 999.729 999.729 999.729 999.729 999.729 999.729 999.729 999.73 999.73 999.73
          999.73 999.73 999.73 999.73 999.73 999.73 999.73 999.73 999.73 999.73 999.73 999.73
          999.73 999.731 999.731 999.731 999.731 999.731 999.731 999.731 999.731 999.731 999.731 999.731
          999.731 999.731 999.731 999.731 999.731 999.731 999.731 999.731 999.719 999.722 999.723 999.724
          999.724 999.725 999.725 999.725 999.726 999.726 999.726 999.726 999.727 999.727 999.727 999.727
          999.727 999.727 999.728 999.728 999.728 999.728 999.728 999.728 999.728 999.728 999.728 999.729
          999.729 999.729 999.729 999.729 999.729 999.729 999.729 999.729 999.729 999.729 999.729 999.729
          999.73 999.73 999.73 999.73 999.73 999.73 999.73 999.73 999.73 999.73 999.73 999.73
          999.73 999.73 999.73 999.73 999.731 999.731 999.731 999.731 999.731 999.731 999.731 999.731
          999.731 999.731 999.731 999.731 999.731 999.731 999.731 999.731 999.731 999.731 999.731 999.732
          999.719 999.721 999.722 999.723 999.724 999.724 999.725 999.725 999.726 999.726 999.726 999.726
          999.727 999.727 999.727 999.727 999.727 999.727 999.728 999.728 999.728 999.728 999.728 999.728
          999.728 999.728 999.728 999.729 999.729 999.729 999.729 999.729 999.729 999.729 999.729 999.729
          999.729 999.729 999.729 999.729 999.73 999.73 999.73 999.73 999.73 999.73 999.73 999.73
          999.73 999.73 999.73 999.73 999.73 999.73 999.73 999.731 999.731 999.731 999.731 999.731
          999.731 999.731 999.731 999.731 999.731 999.731 999.731 999.731 999.731 999.731 999.731 999.731
          999.731 999.731 999.732 999.732 999.718 999.721 999.722 999.723 999.724 999.724 999.725 999.725
          999.725 999.726 999.726 999.726 999.726 999.727 999.727 999.727 999.727 999.727 999.728 999.728
          999.728 999.728 999.728 999.728 999.728 999.728 999.728 999.729 999.729 999.729 999.729 999.729
          999.729 999.729 999.729 999.729 999.729 999.729 999.729 999.73 999.73 999.73 999.73 999.73
          999.73 999.73 999.73 999.73 999.73 999.73 999.73 999.73 999.73 999.73 999.73 999.731
          999.731 999.731 999.731 999.731 999.731 999.731 999.731 999.731 999.731 999.731 999.731 999.731
          999.731 999.731 999.731 999.731 999.731 999.732 999.732 999.732 999.718 999.721 999.722 999.723
          999.724 999.724 999.725 999.725 999.725 999.726 999.726 999.726 999.726 999.727 999.727 999.727
          999.727 999.727 999.728 999.728 999.728 999.728 999.728 999.728 999.728 999.728 999.729 999.729
          999.729 999.729 999.729 999.729 999.729 999.729 999.729 999.729 999.729 999.729 999.729 999.73
          999.73 999.73 999.73 999.73 999.73 999.73 999.73 999.73 999.73 999.73 999.73 999.73
          999.73 999.73 999.731 999.731 999.731 999.731 999.731 999.731 999.731 999.731 999.731 999.731
          999.731 999.731 999.731 999.731 999.731 999.731 999.731 999.731 999.731 999.732 999.732 999.732
          999.718 999.721 999.722 999.723 999.724 999.724 999.725 999.725 999.725 999.726 999.726 999.726
          999.727 999.727 999.727 999.727 999.727 999.727 999.728 999.728 999.728 999.728 999.728 999.728
          999.728 999.728 999.729 999.729 999.729 999.729 999.729 999.729 999.729 999.729 999.729 999.729
          999.729 999.729 999.73 999.73 999.73 999.73 999.73 999.73 999.73 999.73 999.73 999.73
          999.73 999.73 999.73 999.73 999.73 999.73 999.731 999.731 999.731 999.731 999.731 999.731
          999.731 999.731 999.731 999.731 999.731 999.731 999.731 999.731 999.731 999.731 999.731 999.731
          999.732 999.732 999.732 999.732
        </DataArray>
        <DataArray type="Float32" Name="mob_liq" NumberOfComponents="1" format="ascii">
          1000 1000 1000 1000 1000 1000 1000 1000 1000 1000 1000 1000
          1000 1000 1000 1000 1000 1000 1000 1000 1000 1000 1000 1000
          1000 1000 1000 1000 1000 1000 1000 1000 1000 1000 1000 1000
          1000 1000 1000 1000 1000 1000 1000 1000 1000 1000 1000 1000
          1000 1000 1000 1000 1000 1000 1000 1000 1000 1000 1000 1000
          1000 1000 1000 1000 1000 1000 1000 1000 1000 1000 1000 1000
          1000 1000 1000 1000 1000 1000 1000 1000 1000 1000 1000 1000
          1000 1000 1000 1000 1000 1000 1000 1000 1000 1000 1000 1000
          1000 1000 1000 1000 1000 1000 1000 1000 1000 1000 1000 1000
          1000 1000 1000 1000 1000 1000 1000 1000 1000 1000 1000 1000
          1000 1000 1000 1000 1000 1000 1000 1000 1000 1000 1000 1000
          1000 1000 1000 1000 1000 1000 1000 1000 1000 1000 1000 1000
          1000 1000 1000 1000 1000 1000 1000 1000 1000 1000 1000 1000
          1000 1000 1000 1000 1000 1000 1000 1000 1000 1000 1000 1000
          1000 1000 1000 1000 1000 1000 1000 1000 1000 1000 1000 1000
          1000 1000 1000 1000 1000 1000 1000 1000 1000 1000 1000 1000
          1000 1000 1000 1000 1000 1000 1000 1000 1000 1000 1000 1000
          1000 1000 1000 1000 1000 1000 1000 1000 1000 1000 1000 1000
          1000 1000 1000 1000 1000 1000 1000 1000 1000 1000 1000 1000
          1000 1000 1000 1000 1000 1000 1000 1000 1000 1000 1000 1000
          1000 1000 1000 1000 1000 1000 1000 1000 1000 1000 1000 1000
          1000 1000 1000 1000 1000 1000 1000 1000 1000 1000 1000 1000
          1000 1000 1000 1000 1000 1000 1000 1000 1000 1000 1000 1000
          1000 1000 1000 1000 1000 1000 1000 1000 1000 1000 1000 1000
          1000 1000 1000 1000 1000 1000 1000 1000 1000 1000 1000 1000
          1000 1000 1000 1000 572.379 578.85 596.294 626.426 676.489 777.127 978.354 1000
          1000 1000 1000 1000 1000 1000 1000 1000 1000 1000 1000 1000
          1000 1000 1000 1000 1000 1000 1000 1000 1000 1000 1000 1000
          1000 1000 1000 1000 1000 1000 1000 1000 1000 1000 1000 1000
          1000 1000 1000 1000 1000 1000 1000 1000 1000 1000 1000 1000
          1000 1000 1000 1000 1000 1000 1000 1000 1000 1000 1000 1000
          1000 1000 1000 1000 1000 1000 1000 1000 46.857 47.0524 47.582 48.45
          49.6766 51.2362 53.0409 55.8098 59.2294 63.4208 68.5876 75.0114 83.1079 93.498 106.789 124.072
          147.125 178.594 222.243 282.696 363.716 465.186 588.677 822.032 996.625 1000 1000 1000
          1000 1000 1000 1000 1000 1000 1000 1000 1000 1000 1000 1000
          1000 1000 1000 1000 1000 1000 1000 1000 1000 1000 1000 1000
          1000 1000 1000 1000 1000 1000 1000 1000 1000 1000 1000 1000
          1000 1000 1000 1000 1000 1000 1000 1000 1000 1000 1000 1000
          33.7573 33.8153 33.9679 34.2003 34.5018 34.8668 35.3007 35.7938 36.355 36.9812 37.6739 38.4366
          39.2748 40.2003 41.2855 42.5895 44.1744 46.1498 48.6864 52.019 56.4851 62.5314 70.7449 81.4589
          96.2361 117.169 146.56 188.649 249.436 335.008 446.253 574.77 743.157 976.394 1000 1000
          1000 1000 1000 1000 1000 1000 1000 1000 1000 1000 1000 1000
          1000 1000 1000 1000 1000 1000 1000 1000 1000 1000 1000 1000
          1000 1000 1000 1000 1000 1000 1000 1000 1000 1000 1000 1000
          1000 1000 1000 1000 29.8728 29.9276 30.0701 30.2835 30.5564 30.8817 31.2547 31.673
          32.1345 32.6381 33.1828 33.7679 34.3928 35.0578 35.7639 36.5124 37.3062 38.149 39.0473 40.0212
          41.0862 42.26 43.5702 45.0715 46.8259 48.9498 51.628 55.1377 59.9084 66.565 75.9726 89.368
          108.445 135.587 176.501 237.203 324.672 440.984 576.94 749.373 977.589 1000 1000 1000
          1000 1000 1000 1000 1000 1000 1000 1000 1000 1000 1000 1000
          1000 1000 1000 1000 1000 1000 1000 1000 1000 1000 1000 1000
          1000 1000 1000 1000 1000 1000 1000 1000 26.6578 26.7146 26.8609 27.0783
          27.3547 27.6824 28.057 28.4755 28.9358 29.4367 29.9767 30.5549 31.1704 31.8222 32.5094 33.2313
          33.9871 34.7764 35.5988 36.4545 37.344 38.2681 39.2287 40.2318 41.2874 42.4003 43.5791 44.8398
          46.2112 47.7314 49.4576 51.4788 53.9423 57.095 61.3174 67.2261 75.7205 88.0881 106.241 133.032
          172.511 232.859 321.244 440.4 582.112 775.817 987.54 1000 1000 1000 1000 1000
          1000 1000 1000 1000 1000 1000 1000 1000 1000 1000 1000 1000
          1000 1000 1000 1000 1000 1000 1000 1000 1000 1000 1000 1000
          23.7143 23.7735 23.9246 24.1473 24.4287 24.7613 25.1403 25.5631 26.0274 26.532 27.0754 27.6567
          28.2747 28.9287 29.6176 30.3407 31.0971 31.886 32.7068 33.5588 34.4414 35.3542 36.2966 37.2682
          38.2687 39.2981 40.3592 41.4559 42.5872 43.752 44.9566 46.2095 47.5239 48.9204 50.4311 52.1033
          54.0074 56.2508 59.0061 62.5619 67.4013 74.2846 84.3851 99.4022 121.915 155.771 206.545 283.613
          392.588 530.768 708.814 965.166 1000 1000 1000 1000 1000 1000 1000 1000
          1000 1000 1000 1000 1000 1000 1000 1000 1000 1000 1000 1000
          1000 1000 1000 1000 20.9933 21.0551 21.2113 21.4395 21.7262 22.0637 22.4475 22.8748
          23.3437 23.8525 24.4002 24.9854 25.6074 26.2651 26.9577 27.6842 28.4439 29.236 30.0598 30.9145
          31.7994 32.7138 33.6572 34.6286 35.6276 36.6534 37.7056 38.7835 39.8873 41.0211 42.1839 43.3714
          44.5846 45.8247 47.0942 48.3975 49.7416 51.1382 52.606 54.1747 55.8909 57.8259 60.087 62.8415
          66.3623 71.1081 77.8362 87.7352 102.604 125.135 159.471 210.994 289.374 400.603 543.777 758.612
          987.714 1000 1000 1000 1000 1000 1000 1000 1000 1000 1000 1000
          1000 1000 1000 1000 1000 1000 1000 1000 18.4706 18.5355 18.6971 18.931
          19.223 19.5655 19.9542 20.3862 20.8596 21.373 21.9251 22.5148 23.1411 23.803 24.4997 25.2302
          25.9939 26.7899 27.6173 28.4756 29.3639 30.2816 31.2279 32.202 33.2034 34.2312 35.2848 36.3636
          37.4668 38.5941 39.745 40.923 42.1266 43.3515 44.5975 45.8646 47.1529 48.4631 49.7966 51.1562
          52.5466 53.9756 55.456 57.0082 58.6648 60.4782 62.5295 64.9442 67.9163 71.7607 77.0032 84.5148
          95.6733 112.589 138.485 178.122 237.81 327.415 451.729 620.232 916.02 1000 1000 1000
          1000 1000 1000 1000 1000 1000 1000 1000 1000 1000 1000 1000
          16.1291 16.1975 16.3649 16.6046 16.9019 17.2495 17.6429 18.0797 18.5578 19.0758 19.6325 20.2268
          20.8575 21.5239 22.225 22.9599 23.7278 24.528 25.3596 26.2219 27.1141 28.0356 28.9855 29.9631
          30.9678 31.9987 33.0551 34.1364 35.2418 36.3705 37.522 38.6956 39.8916 41.1129 42.3552 43.6165
          44.8964 46.1943 47.5096 48.8421 50.1918 51.5589 52.9444 54.3504 55.7804 57.2405 58.7407 60.2973
          61.9363 63.6993 65.6527 67.9006 70.6046 74.0181 78.5543 84.9022 94.1883 108.182 129.603 162.658
          212.519 288.392 398.255 551.275 842.089 999.177 1000 1000 1000 1000 1000 1000
          1000 1000 1000 1000 13.956 14.0283 14.202 14.4475 14.7502 15.1027 15.501 15.9424
          16.4252 16.9478 17.5091 18.1079 18.7432 19.4141 20.1196 20.8589 21.6313 22.4358 23.2718 24.1384
          25.0348 25.9604 26.9143 27.8959 28.9042 29.9387 30.9984 32.0827 33.1907 34.3217 35.4749 36.6495
          37.8449 39.0604 40.2983 41.5567 42.8323 44.1246 45.4326 46.7557 48.0932 49.4444 50.8089 52.1862
          53.5761 54.9789 56.3952 57.8266 59.2763 60.7495 62.2549 63.8069 65.4286 67.1567 69.0496 71.2
          73.7528 76.934 81.1036 86.8538 95.1588 107.578 126.55 155.886 200.49 268.15 368.553 514.527
          808.761 997.946 1000 1000 1000 1000 1000 1000 11.9419 12.0189 12.199 12.4504
          12.7584 13.1158 13.5187 13.9647 14.452 14.9791 15.5448 16.1481 16.7878 17.463 18.173 18.9167
          19.6934 20.5023 21.3427 22.2136 23.1143 24.0441 25.0022 25.9877 26.9999 28.0379 29.101 30.1882
          31.2988 32.4319 33.5867 34.7622 35.9576 37.1721 38.4049 39.6574 40.928 42.2138 43.5139 44.8273
          46.1532 47.4907 48.839 50.1973 51.5648 52.9408 54.3248 55.7164 57.1152 58.5214 59.9357 61.3596
          62.796 64.2499 65.7298 67.2492 68.83 70.507 72.335 74.4011 76.8408 79.8658 83.8087 89.2087
          96.9485 108.451 125.967 153.062 194.298 256.748 350.881 494.952 809.543 998.588 1000 1000
          10.08 10.1625 10.3495 10.6068 10.9198 11.2818 11.6892 12.1395 12.6311 13.1624 13.7323 14.3396
          14.9835 15.6629 16.377 17.1249 17.9058 18.7189 19.5634 20.4385 21.3434 22.2772 23.2393 24.2286
          25.2443 26.2856 27.3516 28.4413 29.5539 30.6882 31.8435 33.0187 34.2128 35.4247 36.6537 37.8987
          39.1608 40.4372 41.7258 43.0257 44.3358 45.655 46.9824 48.317 49.6579 51.004 52.3547 53.709
          55.0663 56.4257 57.7868 59.1492 60.5126 61.8773 63.2441 64.6145 65.9916 67.3804 68.7894 70.2321
          71.7302 73.3176 75.0476 77.0038 79.316 82.1851 85.9243 91.0336 98.3228 109.097 125.444 150.702
          188.848 246.778 335.308 479.943 8.36604 8.45507 8.64913 8.91209 9.22991 9.59628 10.0077 10.462
          10.9574 11.4925 12.0661 12.6771 13.3247 14.0078 14.7256 15.4772 16.2619 17.0789 17.9272 18.8061
          19.7147 20.6522 21.6177 22.6102 23.6288 24.6726 25.7405 26.8316 27.9446 29.0786 30.2325 31.405
          32.5951 33.8015 35.0231 36.2588 37.5077 38.7695 40.041 41.321 42.6082 43.9015 45.1997 46.5016
          47.8063 49.1127 50.4197 51.7264 53.0319 54.3354 55.6361 56.9333 58.2262 59.5144 60.7973 62.0747
          63.3466 64.6132 65.8756 67.1356 68.3962 69.6629 70.9441 72.2537 73.613 75.0552 76.6319 78.4231
          80.5508 83.2024 86.6659 91.3927 98.1055 107.964 122.846 145.735 6.79754 6.89438 7.09564 7.36401
          7.68621 8.05642 8.47142 8.92904 9.42762 9.96584 10.5425 11.1566 11.8072 12.4934 13.2143 13.9691
          14.757 15.5771 16.4287 17.3107 18.2223 19.1626 20.1307 21.1253 22.1456 23.1904 24.2586 25.3489
          26.4601 27.5909 28.74 29.9062 31.0879 32.2839 33.4927 34.713 35.9432 37.1825 38.4283 39.6791
          40.9333 42.1897 43.4469 44.7038 45.9591 47.2117 48.4606 49.7048 50.9432 52.175 53.3994 54.6155
          55.8227 57.0203 58.2077 59.3843 60.5497 61.7033 62.8451 63.9748 65.0927 66.1992 67.2955 68.3835
          69.4667 70.5506 71.6438 72.7598 73.9193 75.1538 76.5114 78.065 79.9241 82.2531 85.2998 89.4424
          5.37414 5.48026 5.68867 5.96193 6.28789 6.66125 7.07902 7.53916 8.0401 8.58054 9.15939 9.77565
          10.4284 11.1168 11.84 12.5971 13.3873 14.2097 15.0635 15.9476 16.8611 17.803 18.7721 19.7672
          20.7871 21.8305 22.8961 23.9824 25.0879 26.2112 27.3506 28.5046 29.6716 30.8499 32.0378 33.2336
          34.4355 35.6417 36.85 38.0587 39.2663 40.4713 41.6723 42.8681 44.0575 45.2392 46.4122 47.5756
          48.7283 49.8696 50.9987 52.1149 53.2175 54.3058 55.3794 56.4378 57.4805 58.507 59.5171 60.5104
          61.4867 62.4458 63.3876 64.3124 65.2206 66.1129 66.9907 67.8563 68.7134 69.5674 70.427 71.305
          72.2203 73.2012 74.2897 75.5476 4.0974 4.21443 4.42961 4.70698 5.03577 5.41126 5.8307 6.2922
          6.79428 7.33575 7.91556 8.53278 9.18653 9.87597 10.6002 11.3585 12.1498 12.9733 13.8279 14.7127
          15.6263 16.5677 17.5355 18.5283 19.5447 20.5831 21.6417 22.719 23.8132 24.9223 26.0446 27.1781
          28.3209 29.4711 30.6267 31.7855 32.9455 34.1041 35.2592 36.4093 37.5528 38.6884 39.8146 40.9302
          42.034 43.125 44.2022 45.2647 46.3117 47.3426 48.3567 49.3536 50.3326 51.2934 52.2356 53.1589
          54.0631 54.9479 55.8131 56.6586 57.4843 58.2901 59.076 59.8419 60.5882 61.3148 62.0223 62.7111
          63.3821 64.0366 64.6763 65.3041 65.9238 66.5412 67.1644 67.8052 2.97114 3.10059 3.32168 3.60195
          3.9322 4.30832 4.72786 5.18909 5.69069 6.23156 6.81076 7.4274 8.08063 8.76961 9.49346 10.2513
          11.0421 11.8648 12.7183 13.6013 14.5125 15.4504 16.4134 17.3998 18.4077 19.4353 20.4806 21.5414
          22.6157 23.7011 24.7956 25.8967 27.0024 28.1102 29.218 30.3232 31.4234 32.5153 33.5976 34.669
          35.728 36.7732 37.8034 38.8176 39.8148 40.7942 41.7551 42.6967 43.6187 44.5205 45.4019 46.2625
          47.1022 47.9209 48.7184 49.4948 50.25 50.9842 51.6974 52.3897 53.0614 53.7126 54.3436 54.9546
          55.5461 56.1183 56.6717 57.2068 57.7243 58.2248 58.7094 59.1791 59.6354 60.0803 60.5161 60.9462
          2.00209 2.14462 2.37004 2.65127 2.98092 3.35549 3.77287 4.2316 4.73053 5.2687 5.84525 6.45933
          7.1101 7.79667 8.5181 9.27335 10.0613 10.8807 11.7301 12.608 13.5127 14.4425 15.3952 16.3687
          17.3609 18.3694 19.3916 20.425 21.4672 22.5154 23.5671 24.6197 25.6706 26.7173 27.7573 28.7878
          29.8059 30.8085 31.7954 32.7653 33.7172 34.6498 35.5624 36.4541 37.3245 38.173 38.9992 39.803
          40.5842 41.3428 42.0787 42.7921 43.4832 44.1521 44.7992 45.4248 46.0292 46.6128 47.176 47.7192
          48.2431 48.748 49.2345 49.7032 50.1546 50.5895 51.0084 51.4122 51.8015 52.1773 52.5405 52.8922
          53.2334 53.5654 53.8898 54.2084 1.1996 1.35515 1.58178 1.86096 2.18682 2.55657 2.96861 3.4218
          3.91523 4.44803 5.01937 5.6284 6.2742 6.95579 7.67206 8.42176 9.20349 10.0157 10.8566 11.7242
          12.6164 13.5308 14.4649 15.4161 16.3815 17.3582 18.3434 19.3339 20.3269 21.3193 22.3083 23.291
          24.2648 25.2269 26.1747 27.1054 28.0157 28.9049 29.7727 30.6185 31.4413 32.2408 33.0164 33.768
          34.4954 35.1986 35.8778 36.5332 37.1651 37.7739 38.36 38.9239 39.4662 39.9874 40.4881 40.969
          41.4307 41.8738 42.2992 42.7075 43.0994 43.4756 43.8369 44.1842 44.5181 44.8395 45.1492 45.4482
          45.7373 46.0174 46.2896 46.5548 46.8142 47.0689 47.3202 47.5694 0.58516 0.742546 0.966189 1.23838
          1.55519 1.91524 2.31757 2.76135 3.24573 3.76984 4.33278 4.93357 5.57114 6.24426 6.95153 7.69135
          8.46188 9.26105 10.0865 10.9358 11.8059 12.6941 13.597 14.5113 15.4338 16.3609 17.2892 18.2155
          19.1363 20.0487 20.9496 21.8362 22.706 23.5565 24.3851 25.1891 25.9668 26.7197 27.4474 28.1497
          28.8264 29.4775 30.1034 30.7043 31.2806 31.8329 32.3617 32.8678 33.3518 33.8146 34.2569 34.6794
          35.0831 35.4688 35.8372 36.1893 36.5259 36.8478 37.1558 37.4509 37.7338 38.0054 38.2666 38.518
          38.7607 38.9955 39.2232 39.4447 39.6608 39.8726 40.0808 40.2864 40.4905 40.6939 40.8977 41.1029
          0.154674 0.325509 0.535283 0.789708 1.08921 1.43312 1.82047 2.25023 2.72134 3.23272 3.78323 4.37163
          4.99649 5.65618 6.34878 7.07211 7.82365 8.60059 9.39983 10.218 11.0515 11.8965 12.7493 13.6058
          14.4623 15.3148 16.1598 16.9939 17.8139 18.6169 19.4002 20.1615 20.8988 21.6101 22.2936 22.9474
          23.5741 24.1743 24.748 25.2958 25.8182 26.3159 26.7895 27.24 27.6683 28.0751 28.4616 28.8287
          29.1773 29.5084 29.8231 30.1223 30.4068 30.6777 30.9359 31.1821 31.4175 31.6426 31.8585 32.0659
          32.2656 32.4584 32.6452 32.8266 33.0035 33.1765 33.3465 33.5142 33.6804 33.8457 34.0109 34.1769
          34.3442 34.5137 34.6861 34.8622 0.0130782 0.119729 0.289017 0.512507 0.786165 1.10736 1.47408 1.88462
          2.33746 2.8311 3.36397 3.93429 4.54002 5.17878 5.84786 6.54411 7.26407 8.00392 8.75958 9.52676
          10.301 11.078 11.8533 12.6226 13.382 14.1278 14.8567 15.5658 16.2526 16.9149 17.5511 18.1598
          18.74 19.2908 19.8112 20.3044 20.7719 21.2143 21.6326 22.0276 22.4005 22.7522 23.084 23.3969
          23.6921 23.9706 24.2336 24.482 24.7169 24.9393 25.1502 25.3504 25.5409 25.7224 25.8959 26.062
          26.2216 26.3754 26.5241 26.6683 26.8088 26.9461 27.081 27.2139 27.3456 27.4765 27.6074 27.7386
          27.8708 28.0044 28.1401 28.2784 28.4196 28.5645 28.7133 28.8667 0.00400778 0.0742534 0.203406 0.390743
          0.632548 0.92519 1.26567 1.6515 2.08044 2.55027 3.05857 3.60261 4.17929 4.78502 5.41584 6.06735
          6.73487 7.41349 8.09818 8.78397 9.46599 10.1397 10.8007 11.4454 12.0704 12.673 13.251 13.8027
          14.327 14.8233 15.2912 15.7307 16.1419 16.5253 16.8846 17.2214 17.5369 17.8321 18.1083 18.3667
          18.6085 18.8349 19.0471 19.246 19.4328 19.6086 19.7742 19.9305 20.0785 20.2189 20.3525 20.48
          20.6022 20.7196 20.8329 20.9427 21.0495 21.1539 21.2563 21.3573 21.4573 21.5568 21.6563 21.7561
          21.8566 21.9582 22.0613 22.1663 22.2735 22.3832 22.4958 22.6115 22.7307 22.8537 22.9806 23.1119
          0.00396853 0.0717897 0.189609 0.358214 0.577016 0.844594 1.15899 1.51784 1.91841 2.3575 2.83145 3.33606
          3.86664 4.41806 4.98489 5.5615 6.14226 6.72166 7.29451 7.85604 8.40205 8.92896 9.43388 9.91458
          10.3695 10.7978 11.199 11.5734 11.9214 12.2438 12.5418 12.8161 13.0687 13.3031 13.5205 13.7221
          13.909 14.0825 14.2437 14.3935 14.5331 14.6635 14.7854 14.8998 15.0075 15.1091 15.2053 15.2968
          15.3842 15.468 15.5488 15.6269 15.7029 15.7771 15.85 15.9219 15.9932 16.0643 16.1353 16.2066
          16.2786 16.3514 16.4254 16.5008 16.5777 16.6565 16.7373 16.8203 16.9057 16.9937 17.0844 17.1781
          17.2748 17.3746 17.4778 17.5845 0.00394329 0.0716526 0.187048 0.348807 0.555741 0.806399 1.09862 1.42936
          1.79473 2.19003 2.60989 3.04845 3.49956 3.95702 4.41482 4.86734 5.30952 5.73702 6.14629 6.53462
          6.90009 7.24158 7.55864 7.85141 8.12048 8.36681 8.59163 8.7964 8.9827 9.15194 9.30551 9.44602
          9.57534 9.69425 9.80366 9.90449 9.9976 10.0838 10.1639 10.2384 10.3082 10.3737 10.4354 10.4939
          10.5496 10.603 10.6543 10.704 10.7523 10.7997 10.8462 10.8922 10.938 10.9837 11.0295 11.0757
          11.1224 11.1697 11.2179 11.267 11.3173 11.3689 11.4218 11.4762 11.5322 11.5898 11.6493 11.7106
          11.7738 11.8391 11.9064 11.9759 12.0476 12.1216 12.1979 12.2767 0.00393161 0.0714315 0.185037 0.341057
          0.53549 0.764023 1.02173 1.30302 1.60179 1.91171 2.2265 2.54026 2.8477 3.14435 3.42665 3.69199
          3.93869 4.16588 4.37339 4.56163 4.73142 4.88392 5.02047 5.1425 5.25143 5.34865 5.43545 5.51311
          5.58299 5.64646 5.7045 5.75756 5.80615 5.85078 5.89194 5.93006 5.96554 5.99874 6.02997 6.05951
          6.08764 6.11459 6.14058 6.16581 6.19046 6.21471 6.2387 6.26257 6.28646 6.31047 6.3347 6.35926
          6.38423 6.40968 6.43569 6.46234 6.48967 6.51776 6.54665 6.5764 6.60706 6.63866 6.67125 6.70487
          6.73954 6.77531 6.81218 6.85021 6.8894 6.92978 6.97138 7.01423 7.05834 7.10375 7.15048 7.19856
          0.00388143 0.0676151 0.166521 0.290049 0.428755 0.574772 0.721679 0.864425 0.999266 1.12369 1.23627 1.33649
          1.42454 1.50109 1.56713 1.62378 1.67223 1.7136 1.74895 1.7792 1.80518 1.82764 1.84722 1.86448
          1.87985 1.89363 1.90609 1.91743 1.9278 1.93732 1.94613 1.95433 1.96203 1.96931 1.97624 1.9829
          1.98933 1.99561 2.00177 2.00788 2.01398 2.02012 2.02633 2.03265 2.03912 2.04577 2.05261 2.05967
          2.06696 2.0745 2.0823 2.09037 2.09871 2.10733 2.11624 2.12544 2.13493 2.14473 2.15483 2.16525
          2.17598 2.18704 2.19841 2.21013 2.22217 2.23456 2.2473 2.26039 2.27385 2.28767 2.30186 2.31644
          2.33141 2.34678 2.36256 2.37875
        </DataArray>
        <DataArray type="Float32" Name="S_gas" NumberOfComponents="1" format="ascii">
          0 0 0 0 0 0 0 0 0 0 0 0
          0 0 0 0 0 0 0 0 0 0 0 0
          0 0 0 0 0 0 0 0 0 0 0 0
          0 0 0 0 0 0 0 0 0 0 0 0
          0 0 0 0 0 0 0 0 0 0 0 0
          0 0 0 0 0 0 0 0 0 0 0 0
          0 0 0 0 0 0 0 0 0 0 0 0
          0 0 0 0 0 0 0 0 0 0 0 0
          0 0 0 0 0 0 0 0 0 0 0 0
          0 0 0 0 0 0 0 0 0 0 0 0
          0 0 0 0 0 0 0 0 0 0 0 0
          0 0 0 0 0 0 0 0 0 0 0 0
          0 0 0 0 0 0 0 0 0 0 0 0
          0 0 0 0 0 0 0 0 0 0 0 0
          0 0 0 0 0 0 0 0 0 0 0 0
          0 0 0 0 0 0 0 0 0 0 0 0
          0 0 0 0 0 0 0 0 0 0 0 0
          0 0 0 0 0 0 0 0 0 0 0 0
          0 0 0 0 0 0 0 0 0 0 0 0
          0 0 0 0 0 0 0 0 0 0 0 0
          0 0 0 0 0 0 0 0 0 0 0 0
          0 0 0 0 0 0 0 0 0 0 0 0
          0 0 0 0 0 0 0 0 0 0 0 0
          0 0 0 0 0 0 0 0 0 0 0 0
          0 0 0 0 0 0 0 0 0 0 0 0
          0 0 0 0 0.0572625 0.0561478 0.0531961 0.0482709 0.0405286 0.0263733 0.00232192 0
          0 0 0 0 0 0 0 0 0 0 0 0
          0 0 0 0 0 0 0 0 0 0 0 0
          0 0 0 0 0 0 0 0 0 0 0 0
          0 0 0 0 0 0 0 0 0 0 0 0
          0 0 0 0 0 0 0 0 0 0 0 0
          0 0 0 0 0 0 0 0 0.270217 0.269915 0.269103 0.267789
          0.265966 0.263705 0.261163 0.257405 0.252984 0.247859 0.241936 0.235092 0.227163 0.217924 0.207335 0.195171
          0.181071 0.164666 0.145676 0.124172 0.100944 0.0775468 0.0544754 0.0205695 0.00035917 0 0 0
          0 0 0 0 0 0 0 0 0 0 0 0
          0 0 0 0 0 0 0 0 0 0 0 0
          0 0 0 0 0 0 0 0 0 0 0 0
          0 0 0 0 0 0 0 0 0 0 0 0
          0.2935 0.293381 0.293068 0.292593 0.291981 0.291246 0.290382 0.289411 0.288319 0.287119 0.285812 0.284397
          0.282869 0.281216 0.279319 0.277096 0.274474 0.271318 0.267434 0.262593 0.256514 0.248921 0.239577 0.228722
          0.215639 0.199839 0.181393 0.159958 0.13544 0.108603 0.0815482 0.0568494 0.0309621 0.0025344 0 0
          0 0 0 0 0 0 0 0 0 0 0 0
          0 0 0 0 0 0 0 0 0 0 0 0
          0 0 0 0 0 0 0 0 0 0 0 0
          0 0 0 0 0.30194 0.301814 0.301489 0.301003 0.300387 0.299659 0.298833 0.297916
          0.296917 0.295841 0.294693 0.293479 0.292202 0.290864 0.289469 0.288016 0.286503 0.284927 0.283281 0.281533
          0.279664 0.277652 0.275464 0.273025 0.270265 0.267041 0.263147 0.258302 0.252133 0.244206 0.234113 0.221484
          0.206098 0.187865 0.165675 0.139917 0.111502 0.0826885 0.0564756 0.0301088 0.00240481 0 0 0
          0 0 0 0 0 0 0 0 0 0 0 0
          0 0 0 0 0 0 0 0 0 0 0 0
          0 0 0 0 0 0 0 0 0.309685 0.309541 0.309172 0.308627
          0.307939 0.307132 0.306219 0.305212 0.304118 0.302946 0.301702 0.300391 0.299019 0.297592 0.296114 0.294592
          0.293028 0.291428 0.289793 0.288127 0.286432 0.284707 0.282953 0.28116 0.279315 0.277415 0.275449 0.273397
          0.271222 0.268875 0.266289 0.263359 0.259921 0.255716 0.250393 0.243458 0.234369 0.222616 0.207748 0.189438
          0.167628 0.141556 0.112481 0.0828155 0.0555899 0.0265469 0.0013312 0 0 0 0 0
          0 0 0 0 0 0 0 0 0 0 0 0
          0 0 0 0 0 0 0 0 0 0 0 0
          0.31753 0.317364 0.316942 0.316324 0.315551 0.314647 0.313629 0.31251 0.311299 0.310005 0.308634 0.307195
          0.305693 0.304135 0.302527 0.300874 0.299181 0.297453 0.295695 0.29391 0.292103 0.290276 0.288432 0.286575
          0.284706 0.282827 0.280935 0.279025 0.2771 0.275164 0.273209 0.271224 0.269192 0.267085 0.264865 0.262474
          0.259832 0.256822 0.253266 0.248885 0.24326 0.23584 0.225975 0.213067 0.196605 0.17628 0.152096 0.123878
          0.0937575 0.0647064 0.0357919 0.00375878 0 0 0 0 0 0 0 0
          0 0 0 0 0 0 0 0 0 0 0 0
          0 0 0 0 0.32558 0.325388 0.324903 0.3242 0.323326 0.32231 0.321171 0.319923
          0.318577 0.317143 0.315629 0.314043 0.312393 0.310686 0.308929 0.307127 0.305287 0.303414 0.301512 0.299586
          0.297641 0.29568 0.293707 0.291725 0.289737 0.287745 0.285753 0.283761 0.281771 0.279777 0.277781 0.275792
          0.273808 0.271829 0.269851 0.267868 0.265871 0.263845 0.261768 0.259604 0.257298 0.254771 0.25191 0.24855
          0.244437 0.239186 0.232244 0.222931 0.210539 0.194472 0.1743 0.150234 0.12205 0.0918448 0.062326 0.0288522
          0.00131242 0 0 0 0 0 0 0 0 0 0 0
          0 0 0 0 0 0 0 0 0.333906 0.333679 0.333119 0.332315
          0.331323 0.330177 0.328898 0.3275 0.325999 0.324404 0.322726 0.320974 0.319156 0.317281 0.315357 0.31339
          0.311386 0.309351 0.307291 0.305211 0.303115 0.301008 0.298892 0.296772 0.29465 0.29253 0.290413 0.288303
          0.2862 0.284107 0.282025 0.279948 0.277878 0.275825 0.273787 0.271766 0.26976 0.267769 0.26579 0.26382
          0.261852 0.259876 0.257876 0.25583 0.253698 0.251425 0.248924 0.24607 0.242683 0.238488 0.233075 0.225855
          0.216104 0.203072 0.186113 0.164893 0.13969 0.110725 0.0803758 0.0492661 0.00926901 0 0 0
          0 0 0 0 0 0 0 0 0 0 0 0
          0.342577 0.342309 0.341655 0.340731 0.3396 0.338299 0.336855 0.335284 0.333602 0.331822 0.329955 0.328013
          0.326005 0.323942 0.32183 0.319677 0.317492 0.31528 0.313046 0.310797 0.308537 0.306271 0.304001 0.301733
          0.299468 0.29721 0.294961 0.292723 0.290499 0.288289 0.286097 0.283921 0.281763 0.279618 0.277491 0.275387
          0.273306 0.271248 0.269213 0.267202 0.265213 0.263245 0.261297 0.259365 0.257444 0.255527 0.253602 0.251649
          0.24964 0.24753 0.245251 0.2427 0.239729 0.236116 0.231535 0.225498 0.217343 0.206293 0.191591 0.172626
          0.149604 0.12236 0.0924015 0.0609765 0.0180664 8.75294e-05 0 0 0 0 0 0
          0 0 0 0 0.351673 0.351351 0.350584 0.349513 0.348214 0.34673 0.34509 0.343315
          0.341422 0.339427 0.337343 0.335184 0.33296 0.330682 0.328359 0.326001 0.323614 0.321206 0.318782 0.316349
          0.313911 0.311473 0.309038 0.30661 0.304193 0.301789 0.2994 0.297029 0.294677 0.292346 0.290037 0.287753
          0.285492 0.283257 0.281043 0.278852 0.276689 0.274555 0.27245 0.270373 0.268326 0.266308 0.264319 0.262357
          0.260423 0.258515 0.256632 0.25477 0.252925 0.25109 0.249254 0.247402 0.245509 0.243536 0.241425 0.239088
          0.236392 0.233144 0.229061 0.223721 0.216531 0.206743 0.19355 0.176218 0.154687 0.128949 0.0997061 0.0677512
          0.0222552 0.000218405 0 0 0 0 0 0 0.361288 0.360895 0.359985 0.358734
          0.357231 0.355526 0.353653 0.351635 0.349493 0.347247 0.344912 0.342502 0.340032 0.337512 0.334953 0.332364
          0.329754 0.327129 0.324497 0.321863 0.319233 0.31661 0.313998 0.311402 0.308823 0.306265 0.30373 0.30122
          0.298736 0.29628 0.293853 0.291456 0.289091 0.286757 0.284455 0.282182 0.279939 0.27773 0.275556 0.273417
          0.271312 0.269242 0.267206 0.265205 0.263237 0.261302 0.2594 0.257529 0.25569 0.253881 0.252099 0.250341
          0.248604 0.246881 0.245162 0.243432 0.241667 0.239834 0.237879 0.23572 0.233238 0.230254 0.226509 0.221624
          0.215054 0.206093 0.193929 0.177755 0.157408 0.132854 0.1043 0.0715346 0.0221552 0.000150093 0 0
          0.371533 0.371046 0.369953 0.368477 0.366723 0.364749 0.362593 0.360284 0.357848 0.355307 0.352679 0.349981
          0.347229 0.344434 0.341609 0.338763 0.335905 0.333044 0.330184 0.327333 0.324495 0.321674 0.318875 0.3161
          0.313352 0.310634 0.307947 0.305293 0.302675 0.300092 0.297545 0.295037 0.292567 0.290136 0.287745 0.285392
          0.283075 0.280798 0.278561 0.276366 0.274211 0.272097 0.270023 0.267989 0.265994 0.264038 0.26212 0.260241
          0.258398 0.256592 0.254821 0.253085 0.251382 0.249711 0.248069 0.246454 0.244861 0.243284 0.241712 0.240132
          0.238521 0.236845 0.235055 0.233074 0.230788 0.228032 0.224563 0.220031 0.213936 0.205615 0.19427 0.17906
          0.159867 0.136396 0.10852 0.0745254 0.382551 0.381932 0.380603 0.378842 0.376774 0.374466 0.371964 0.369304
          0.366516 0.363626 0.360656 0.357624 0.354549 0.351443 0.348319 0.345187 0.342056 0.338935 0.335829 0.332743
          0.329683 0.326653 0.323656 0.320694 0.31777 0.314887 0.312045 0.309246 0.306492 0.303782 0.301119 0.298502
          0.295932 0.293409 0.290934 0.288505 0.286124 0.283787 0.281498 0.279257 0.277065 0.274919 0.272821 0.270768
          0.268761 0.266799 0.264881 0.263007 0.261175 0.259385 0.257636 0.255927 0.254257 0.252626 0.251031 0.249472
          0.247948 0.246456 0.244994 0.24356 0.242148 0.240752 0.239362 0.237965 0.236537 0.235048 0.233447 0.231664
          0.229592 0.227075 0.223891 0.219721 0.214112 0.206455 0.195983 0.181865 0.394527 0.393721 0.392077 0.389947
          0.387477 0.38475 0.381819 0.37873 0.375519 0.372214 0.368843 0.365425 0.36198 0.358522 0.355063 0.351615
          0.348185 0.344781 0.341408 0.338073 0.334778 0.331527 0.328324 0.325169 0.322066 0.319015 0.316017 0.313075
          0.310188 0.307356 0.304582 0.301863 0.299201 0.296596 0.294047 0.291555 0.289119 0.286737 0.284412 0.282143
          0.27993 0.277771 0.275667 0.273616 0.271617 0.26967 0.267773 0.265925 0.264125 0.262373 0.260667 0.259006
          0.257388 0.255814 0.254281 0.252789 0.251336 0.249922 0.248545 0.247204 0.245898 0.244624 0.243379 0.242162
          0.240967 0.239787 0.238613 0.23743 0.236219 0.234947 0.233569 0.232018 0.230197 0.227968 0.225133 0.221418
          0.40771 0.406627 0.404554 0.401934 0.398942 0.395678 0.392211 0.388593 0.384868 0.38107 0.377227 0.373364
          0.369497 0.365642 0.361811 0.358014 0.354258 0.35055 0.346894 0.343294 0.339754 0.336275 0.33286 0.32951
          0.326227 0.323011 0.319862 0.316781 0.313769 0.310825 0.307949 0.305142 0.302402 0.29973 0.297125 0.294587
          0.292115 0.289709 0.287369 0.285095 0.282885 0.280738 0.278653 0.276629 0.274664 0.272758 0.270907 0.269113
          0.267372 0.265683 0.264046 0.262458 0.260918 0.259425 0.257978 0.256576 0.255216 0.253899 0.252622 0.251385
          0.250186 0.249024 0.247899 0.246808 0.24575 0.244722 0.243724 0.24275 0.241796 0.240856 0.239921 0.238975
          0.238 0.236967 0.235835 0.234545 0.422454 0.420947 0.418268 0.414977 0.41129 0.407329 0.403179 0.398904
          0.394554 0.390168 0.385774 0.381397 0.377053 0.372755 0.368514 0.364338 0.360232 0.356201 0.352247 0.348374
          0.344582 0.340872 0.337246 0.333704 0.330246 0.326872 0.323582 0.320376 0.317253 0.314213 0.311255 0.308378
          0.305582 0.302866 0.30023 0.297671 0.295191 0.292789 0.290464 0.288215 0.286039 0.283935 0.281901 0.279935
          0.278036 0.276201 0.274428 0.272717 0.271064 0.269469 0.267929 0.266442 0.265008 0.263623 0.262288 0.260999
          0.259756 0.258557 0.257401 0.256286 0.255211 0.254176 0.253177 0.252216 0.251289 0.250396 0.249535 0.248706
          0.247905 0.247132 0.246382 0.245653 0.244939 0.244234 0.243527 0.242807 0.439291 0.437096 0.433525 0.429287
          0.424648 0.419763 0.414737 0.409643 0.404534 0.399449 0.394416 0.389453 0.384575 0.37979 0.375106 0.370525
          0.36605 0.361683 0.357425 0.353274 0.349232 0.345296 0.341468 0.337744 0.334126 0.330611 0.327199 0.323888
          0.320678 0.317567 0.314554 0.311638 0.308817 0.30609 0.303456 0.300913 0.298462 0.296102 0.29383 0.291643
          0.28954 0.287516 0.28557 0.283699 0.2819 0.280172 0.278511 0.276916 0.275384 0.273912 0.272498 0.271141
          0.269838 0.268587 0.267386 0.266234 0.265128 0.264066 0.263048 0.262071 0.261134 0.260236 0.259374 0.258548
          0.257756 0.256997 0.256269 0.255571 0.254902 0.254259 0.253642 0.253047 0.252474 0.251918 0.251378 0.250848
          0.459065 0.45569 0.450733 0.445097 0.439122 0.432998 0.426842 0.420729 0.414706 0.408804 0.403039 0.397423
          0.39196 0.386652 0.381498 0.376496 0.371645 0.36694 0.36238 0.357961 0.35368 0.349535 0.345522 0.341641
          0.337887 0.33426 0.330757 0.327376 0.324115 0.320972 0.317944 0.31503 0.312228 0.309534 0.306949 0.304468
          0.302093 0.299823 0.29765 0.295571 0.293583 0.291682 0.289865 0.288128 0.286469 0.284883 0.283368 0.281921
          0.28054 0.27922 0.27796 0.276756 0.275607 0.27451 0.273462 0.272462 0.271507 0.270595 0.269725 0.268894
          0.2681 0.267342 0.266619 0.265927 0.265267 0.264635 0.264032 0.263454 0.2629 0.26237 0.26186 0.261369
          0.260896 0.260438 0.259993 0.259558 0.483311 0.477679 0.470412 0.462621 0.454728 0.446934 0.439335 0.431976
          0.424878 0.418044 0.411469 0.405147 0.399065 0.393215 0.387584 0.382163 0.376943 0.371916 0.367074 0.362411
          0.35792 0.353597 0.349437 0.345437 0.341591 0.337897 0.334351 0.33095 0.327691 0.324569 0.321583 0.318727
          0.316 0.313399 0.310919 0.308559 0.306319 0.304192 0.302169 0.300248 0.298423 0.296689 0.295042 0.293478
          0.291994 0.290584 0.289246 0.287976 0.28677 0.285625 0.284538 0.283505 0.282525 0.281593 0.280708 0.279868
          0.279068 0.278308 0.277586 0.276898 0.276243 0.27562 0.275025 0.274458 0.273916 0.273398 0.272901 0.272425
          0.271967 0.271526 0.271099 0.270685 0.270283 0.269889 0.269503 0.269122 0.514781 0.50465 0.493096 0.481849
          0.471216 0.461226 0.451849 0.443033 0.434728 0.426884 0.419459 0.412413 0.405715 0.399335 0.39325 0.387439
          0.381885 0.376575 0.371495 0.366635 0.361987 0.357542 0.353294 0.349237 0.345364 0.341671 0.338152 0.334802
          0.331616 0.32859 0.325717 0.322993 0.320414 0.317974 0.31567 0.313499 0.311456 0.309528 0.30771 0.305995
          0.304377 0.302851 0.301413 0.300056 0.298776 0.297569 0.29643 0.295355 0.29434 0.293382 0.292478 0.291623
          0.290814 0.290049 0.289326 0.28864 0.28799 0.287373 0.286787 0.28623 0.2857 0.285194 0.28471 0.284247
          0.283803 0.283375 0.282963 0.282563 0.282175 0.281797 0.281427 0.281064 0.280704 0.280347 0.279992 0.279635
          0.566145 0.538478 0.518494 0.501982 0.487709 0.475067 0.463685 0.453314 0.443775 0.434936 0.426697 0.418978
          0.41172 0.404873 0.398399 0.392267 0.386452 0.380933 0.375694 0.37072 0.365999 0.36152 0.357275 0.353254
          0.349449 0.345852 0.342456 0.339253 0.336236 0.333397 0.330728 0.328224 0.325876 0.323678 0.321626 0.319713
          0.317924 0.31625 0.314682 0.313215 0.311842 0.310556 0.309352 0.308224 0.307166 0.306175 0.305245 0.304372
          0.303551 0.30278 0.302054 0.30137 0.300724 0.300115 0.299539 0.298993 0.298475 0.297982 0.297513 0.297065
          0.296635 0.296223 0.295826 0.295442 0.295069 0.294706 0.294351 0.294003 0.293659 0.293318 0.292979 0.29264
          0.2923 0.291957 0.291609 0.291256 0.641557 0.575088 0.543073 0.52029 0.502177 0.486959 0.473744 0.462009
          0.451423 0.441762 0.432866 0.42462 0.416937 0.409752 0.403014 0.396685 0.390732 0.38513 0.379858 0.374898
          0.370234 0.365854 0.361743 0.35789 0.354283 0.350911 0.347762 0.344827 0.342093 0.339551 0.337189 0.334999
          0.332971 0.331095 0.329366 0.327763 0.326275 0.324893 0.32361 0.322418 0.32131 0.320279 0.31932 0.318426
          0.317592 0.316814 0.316086 0.315405 0.314767 0.314167 0.313603 0.313071 0.312568 0.312092 0.31164 0.311209
          0.310798 0.310404 0.310025 0.309658 0.309303 0.308958 0.30862 0.308289 0.307962 0.307638 0.307316 0.306994
          0.306671 0.306346 0.306018 0.305684 0.305345 0.304999 0.304645 0.304282 0.670203 0.591025 0.556259 0.531283
          0.511502 0.495025 0.480845 0.46836 0.457185 0.447058 0.437799 0.429277 0.421396 0.414082 0.407282 0.400951
          0.395054 0.389561 0.384449 0.379694 0.375278 0.371181 0.367385 0.363875 0.360633 0.357644 0.354892 0.352361
          0.350036 0.347904 0.345949 0.344161 0.342527 0.341035 0.339665 0.338404 0.337241 0.33617 0.335182 0.334269
          0.333425 0.332644 0.331919 0.331246 0.330619 0.330034 0.329487 0.328975 0.328493 0.328038 0.327608 0.3272
          0.326812 0.32644 0.326083 0.325738 0.325405 0.325081 0.324764 0.324452 0.324145 0.323841 0.323538 0.323236
          0.322932 0.322626 0.322317 0.322004 0.321686 0.321361 0.321029 0.32069 0.320342 0.319985 0.319618 0.31924
          0.670424 0.592115 0.558827 0.534727 0.515368 0.499046 0.484886 0.472365 0.461146 0.450998 0.441756 0.4333
          0.425541 0.418408 0.411847 0.405811 0.400262 0.395165 0.390492 0.386212 0.3823 0.378731 0.375479 0.372522
          0.369837 0.367402 0.365196 0.363199 0.361393 0.35976 0.358285 0.356953 0.355749 0.354649 0.353644 0.352725
          0.351883 0.351111 0.350401 0.349747 0.349143 0.348584 0.348064 0.34758 0.347128 0.346704 0.346304 0.345926
          0.345567 0.345224 0.344896 0.344579 0.344273 0.343975 0.343683 0.343396 0.343113 0.342832 0.342553 0.342273
          0.341991 0.341708 0.341421 0.34113 0.340834 0.340532 0.340224 0.339908 0.339585 0.339254 0.338914 0.338565
          0.338206 0.337837 0.337457 0.337068 0.670567 0.592176 0.559321 0.535774 0.516936 0.501071 0.487319 0.47519
          0.464372 0.454656 0.445893 0.43797 0.430801 0.424313 0.418448 0.413152 0.408378 0.404082 0.400225 0.396767
          0.393673 0.39091 0.388444 0.386246 0.384289 0.382546 0.380994 0.379611 0.378377 0.377276 0.376291 0.375403
          0.374596 0.373862 0.373193 0.372583 0.372024 0.371511 0.371038 0.3706 0.370193 0.369813 0.369457 0.369121
          0.368802 0.368499 0.368208 0.367928 0.367656 0.367391 0.367132 0.366876 0.366623 0.366371 0.366119 0.365866
          0.365612 0.365355 0.365094 0.364829 0.364558 0.364283 0.364001 0.363712 0.363416 0.363113 0.362801 0.362481
          0.362153 0.361816 0.361469 0.361114 0.360749 0.360375 0.35999 0.359596 0.670634 0.592276 0.559714 0.536655
          0.518478 0.503417 0.490594 0.479501 0.469815 0.461316 0.453839 0.447256 0.441464 0.436372 0.431902 0.427986
          0.42456 0.421568 0.418956 0.41668 0.414696 0.412966 0.411457 0.410139 0.408985 0.407972 0.407082 0.406296
          0.405597 0.404968 0.404399 0.403883 0.403414 0.402986 0.402595 0.402234 0.4019 0.401589 0.401298 0.401023
          0.400763 0.400515 0.400277 0.400046 0.399822 0.399602 0.399385 0.39917 0.398955 0.39874 0.398524 0.398306
          0.398084 0.397859 0.39763 0.397397 0.397158 0.396913 0.396663 0.396406 0.396142 0.395871 0.395593 0.395308
          0.395014 0.394713 0.394404 0.394087 0.393762 0.393428 0.393087 0.392737 0.392378 0.392011 0.391636 0.391252
          0.670922 0.594039 0.563515 0.542937 0.527563 0.515531 0.505878 0.498027 0.491591 0.486295 0.481928 0.478324
          0.475348 0.472889 0.470854 0.469167 0.467765 0.466595 0.465615 0.464791 0.464092 0.463495 0.46298 0.462529
          0.462132 0.461777 0.461459 0.461171 0.460909 0.460669 0.460448 0.460243 0.460052 0.459871 0.4597 0.459536
          0.459377 0.459224 0.459073 0.458924 0.458776 0.458627 0.458477 0.458324 0.458169 0.458009 0.457846 0.457677
          0.457504 0.457325 0.457141 0.456951 0.456755 0.456554 0.456346 0.456133 0.455913 0.455688 0.455456 0.455218
          0.454974 0.454724 0.454467 0.454204 0.453935 0.45366 0.453378 0.45309 0.452796 0.452495 0.452187 0.451873
          0.451552 0.451225 0.450891 0.45055
        </DataArray>
        <DataArray type="Float32" Name="p_gas" NumberOfComponents="1" format="ascii">
          1.82763e+07 1.82763e+07 1.82568e+07 1.82567e+07 1.82763e+07 1.82567e+07 1.82762e+07 1.82567e+07 1.82762e+07 1.82566e+07 1.82761e+07 1.82566e+07
          1.82761e+07 1.82565e+07 1.8276e+07 1.82564e+07 1.82758e+07 1.82563e+07 1.82757e+07 1.82562e+07 1.82756e+07 1.8256e+07 1.82754e+07 1.82559e+07
          1.82752e+07 1.82557e+07 1.8275e+07 1.82555e+07 1.82748e+07 1.82553e+07 1.82746e+07 1.82551e+07 1.82744e+07 1.82548e+07 1.82741e+07 1.82546e+07
          1.82739e+07 1.82543e+07 1.82736e+07 1.8254e+07 1.82733e+07 1.82537e+07 1.8273e+07 1.82534e+07 1.82727e+07 1.82531e+07 1.82724e+07 1.82528e+07
          1.8272e+07 1.82525e+07 1.82717e+07 1.82521e+07 1.82713e+07 1.82518e+07 1.82709e+07 1.82514e+07 1.82706e+07 1.8251e+07 1.82702e+07 1.82506e+07
          1.82698e+07 1.82502e+07 1.82693e+07 1.82498e+07 1.82689e+07 1.82493e+07 1.82685e+07 1.82489e+07 1.8268e+07 1.82484e+07 1.82676e+07 1.8248e+07
          1.82671e+07 1.82475e+07 1.82666e+07 1.8247e+07 1.82661e+07 1.82465e+07 1.82656e+07 1.8246e+07 1.82651e+07 1.82455e+07 1.82646e+07 1.8245e+07
          1.8264e+07 1.82445e+07 1.82635e+07 1.82439e+07 1.8263e+07 1.82434e+07 1.82624e+07 1.82428e+07 1.82618e+07 1.82422e+07 1.82612e+07 1.82417e+07
          1.82607e+07 1.82411e+07 1.82601e+07 1.82405e+07 1.82595e+07 1.82399e+07 1.82588e+07 1.82393e+07 1.82582e+07 1.82386e+07 1.82576e+07 1.8238e+07
          1.82569e+07 1.82374e+07 1.82563e+07 1.82367e+07 1.82556e+07 1.8236e+07 1.82549e+07 1.82354e+07 1.82542e+07 1.82347e+07 1.82535e+07 1.8234e+07
          1.82528e+07 1.82333e+07 1.82521e+07 1.82325e+07 1.82514e+07 1.82318e+07 1.82506e+07 1.82311e+07 1.82499e+07 1.82303e+07 1.82491e+07 1.82296e+07
          1.82484e+07 1.82288e+07 1.82476e+07 1.8228e+07 1.82468e+07 1.82272e+07 1.8246e+07 1.82264e+07 1.82452e+07 1.82256e+07 1.82443e+07 1.82248e+07
          1.82435e+07 1.82239e+07 1.82427e+07 1.82231e+07 1.82418e+07 1.82222e+07 1.82409e+07 1.82213e+07 1.82373e+07 1.82373e+07 1.82373e+07 1.82372e+07
          1.82372e+07 1.82371e+07 1.8237e+07 1.82369e+07 1.82368e+07 1.82367e+07 1.82366e+07 1.82364e+07 1.82362e+07 1.8236e+07 1.82358e+07 1.82356e+07
          1.82354e+07 1.82351e+07 1.82348e+07 1.82346e+07 1.82343e+07 1.8234e+07 1.82337e+07 1.82333e+07 1.8233e+07 1.82326e+07 1.82323e+07 1.82319e+07
          1.82315e+07 1.82311e+07 1.82307e+07 1.82303e+07 1.82299e+07 1.82294e+07 1.8229e+07 1.82285e+07 1.8228e+07 1.82275e+07 1.8227e+07 1.82265e+07
          1.8226e+07 1.82255e+07 1.8225e+07 1.82244e+07 1.82239e+07 1.82233e+07 1.82228e+07 1.82222e+07 1.82216e+07 1.8221e+07 1.82204e+07 1.82198e+07
          1.82191e+07 1.82185e+07 1.82179e+07 1.82172e+07 1.82165e+07 1.82159e+07 1.82152e+07 1.82145e+07 1.82138e+07 1.8213e+07 1.82123e+07 1.82116e+07
          1.82108e+07 1.82101e+07 1.82093e+07 1.82085e+07 1.82077e+07 1.82069e+07 1.82061e+07 1.82053e+07 1.82044e+07 1.82036e+07 1.82027e+07 1.82019e+07
          1.82179e+07 1.82179e+07 1.82179e+07 1.82179e+07 1.82178e+07 1.82178e+07 1.82177e+07 1.82176e+07 1.82175e+07 1.82174e+07 1.82172e+07 1.82171e+07
          1.82169e+07 1.82167e+07 1.82165e+07 1.82163e+07 1.8216e+07 1.82158e+07 1.82155e+07 1.82152e+07 1.82149e+07 1.82146e+07 1.82143e+07 1.82139e+07
          1.82136e+07 1.82133e+07 1.82129e+07 1.82125e+07 1.82121e+07 1.82117e+07 1.82113e+07 1.82109e+07 1.82105e+07 1.821e+07 1.82096e+07 1.82091e+07
          1.82086e+07 1.82081e+07 1.82076e+07 1.82071e+07 1.82066e+07 1.82061e+07 1.82056e+07 1.8205e+07 1.82045e+07 1.82039e+07 1.82033e+07 1.82028e+07
          1.82022e+07 1.82016e+07 1.8201e+07 1.82003e+07 1.81997e+07 1.81991e+07 1.81984e+07 1.81978e+07 1.81971e+07 1.81964e+07 1.81958e+07 1.81951e+07
          1.81944e+07 1.81936e+07 1.81929e+07 1.81922e+07 1.81914e+07 1.81907e+07 1.81899e+07 1.81891e+07 1.81883e+07 1.81875e+07 1.81867e+07 1.81859e+07
          1.8185e+07 1.81842e+07 1.81833e+07 1.81825e+07 1.81994e+07 1.81994e+07 1.81993e+07 1.81992e+07 1.8199e+07 1.81988e+07 1.81985e+07 1.81984e+07
          1.81983e+07 1.81982e+07 1.8198e+07 1.81979e+07 1.81977e+07 1.81975e+07 1.81973e+07 1.8197e+07 1.81968e+07 1.81965e+07 1.81962e+07 1.81959e+07
          1.81956e+07 1.81953e+07 1.8195e+07 1.81947e+07 1.81943e+07 1.8194e+07 1.81936e+07 1.81932e+07 1.81928e+07 1.81924e+07 1.8192e+07 1.81916e+07
          1.81911e+07 1.81907e+07 1.81902e+07 1.81898e+07 1.81893e+07 1.81888e+07 1.81883e+07 1.81878e+07 1.81873e+07 1.81868e+07 1.81862e+07 1.81857e+07
          1.81851e+07 1.81846e+07 1.8184e+07 1.81834e+07 1.81828e+07 1.81822e+07 1.81816e+07 1.8181e+07 1.81804e+07 1.81797e+07 1.81791e+07 1.81784e+07
          1.81778e+07 1.81771e+07 1.81764e+07 1.81757e+07 1.8175e+07 1.81743e+07 1.81736e+07 1.81728e+07 1.81721e+07 1.81713e+07 1.81706e+07 1.81698e+07
          1.8169e+07 1.81682e+07 1.81674e+07 1.81666e+07 1.81657e+07 1.81649e+07 1.8164e+07 1.81631e+07 1.81947e+07 1.81946e+07 1.81944e+07 1.81942e+07
          1.81938e+07 1.81933e+07 1.81927e+07 1.8192e+07 1.81913e+07 1.81904e+07 1.81894e+07 1.81884e+07 1.81873e+07 1.81861e+07 1.81849e+07 1.81836e+07
          1.81824e+07 1.81811e+07 1.818e+07 1.81789e+07 1.81779e+07 1.81771e+07 1.81764e+07 1.81756e+07 1.81751e+07 1.81748e+07 1.81745e+07 1.81741e+07
          1.81737e+07 1.81732e+07 1.81728e+07 1.81723e+07 1.81719e+07 1.81715e+07 1.8171e+07 1.81705e+07 1.81701e+07 1.81696e+07 1.81691e+07 1.81686e+07
          1.8168e+07 1.81675e+07 1.8167e+07 1.81664e+07 1.81659e+07 1.81653e+07 1.81647e+07 1.81642e+07 1.81636e+07 1.8163e+07 1.81624e+07 1.81617e+07
          1.81611e+07 1.81605e+07 1.81598e+07 1.81592e+07 1.81585e+07 1.81578e+07 1.81572e+07 1.81565e+07 1.81558e+07 1.8155e+07 1.81543e+07 1.81536e+07
          1.81528e+07 1.81521e+07 1.81513e+07 1.81505e+07 1.81498e+07 1.8149e+07 1.81481e+07 1.81473e+07 1.81465e+07 1.81456e+07 1.81448e+07 1.81439e+07
          1.81929e+07 1.81928e+07 1.81926e+07 1.81923e+07 1.81919e+07 1.81914e+07 1.81908e+07 1.81901e+07 1.81893e+07 1.81883e+07 1.81873e+07 1.81862e+07
          1.8185e+07 1.81837e+07 1.81824e+07 1.81809e+07 1.81793e+07 1.81777e+07 1.8176e+07 1.81741e+07 1.81723e+07 1.81703e+07 1.81683e+07 1.81663e+07
          1.81643e+07 1.81624e+07 1.81605e+07 1.81588e+07 1.81572e+07 1.81559e+07 1.81548e+07 1.81538e+07 1.8153e+07 1.81523e+07 1.81519e+07 1.81514e+07
          1.81509e+07 1.81504e+07 1.81499e+07 1.81494e+07 1.81489e+07 1.81483e+07 1.81478e+07 1.81473e+07 1.81467e+07 1.81461e+07 1.81456e+07 1.8145e+07
          1.81444e+07 1.81438e+07 1.81432e+07 1.81426e+07 1.81419e+07 1.81413e+07 1.81407e+07 1.814e+07 1.81393e+07 1.81387e+07 1.8138e+07 1.81373e+07
          1.81366e+07 1.81359e+07 1.81352e+07 1.81344e+07 1.81337e+07 1.81329e+07 1.81322e+07 1.81314e+07 1.81306e+07 1.81298e+07 1.8129e+07 1.81282e+07
          1.81273e+07 1.81265e+07 1.81256e+07 1.81248e+07 1.81918e+07 1.81918e+07 1.81916e+07 1.81913e+07 1.81908e+07 1.81903e+07 1.81896e+07 1.81888e+07
          1.8188e+07 1.8187e+07 1.81859e+07 1.81847e+07 1.81834e+07 1.8182e+07 1.81805e+07 1.81789e+07 1.81772e+07 1.81755e+07 1.81736e+07 1.81717e+07
          1.81697e+07 1.81676e+07 1.81655e+07 1.81633e+07 1.8161e+07 1.81587e+07 1.81564e+07 1.8154e+07 1.81515e+07 1.8149e+07 1.81465e+07 1.8144e+07
          1.81416e+07 1.81394e+07 1.81373e+07 1.81354e+07 1.81338e+07 1.81325e+07 1.81315e+07 1.81306e+07 1.81297e+07 1.81292e+07 1.81287e+07 1.81282e+07
          1.81276e+07 1.8127e+07 1.81264e+07 1.81259e+07 1.81253e+07 1.81247e+07 1.81241e+07 1.81234e+07 1.81228e+07 1.81222e+07 1.81215e+07 1.81209e+07
          1.81202e+07 1.81196e+07 1.81189e+07 1.81182e+07 1.81175e+07 1.81168e+07 1.81161e+07 1.81153e+07 1.81146e+07 1.81138e+07 1.81131e+07 1.81123e+07
          1.81115e+07 1.81107e+07 1.81099e+07 1.81091e+07 1.81083e+07 1.81074e+07 1.81066e+07 1.81057e+07 1.81915e+07 1.81915e+07 1.81913e+07 1.81909e+07
          1.81905e+07 1.81899e+07 1.81891e+07 1.81883e+07 1.81873e+07 1.81862e+07 1.81851e+07 1.81838e+07 1.81823e+07 1.81808e+07 1.81792e+07 1.81775e+07
          1.81757e+07 1.81738e+07 1.81718e+07 1.81698e+07 1.81677e+07 1.81654e+07 1.81632e+07 1.81608e+07 1.81585e+07 1.8156e+07 1.81535e+07 1.81509e+07
          1.81483e+07 1.81457e+07 1.8143e+07 1.81403e+07 1.81375e+07 1.81347e+07 1.81319e+07 1.81291e+07 1.81262e+07 1.81234e+07 1.81207e+07 1.81181e+07
          1.81157e+07 1.81136e+07 1.81118e+07 1.81104e+07 1.81092e+07 1.81082e+07 1.81074e+07 1.81068e+07 1.81063e+07 1.81056e+07 1.8105e+07 1.81044e+07
          1.81038e+07 1.81032e+07 1.81025e+07 1.81019e+07 1.81012e+07 1.81005e+07 1.80999e+07 1.80992e+07 1.80985e+07 1.80978e+07 1.8097e+07 1.80963e+07
          1.80956e+07 1.80948e+07 1.80941e+07 1.80933e+07 1.80925e+07 1.80917e+07 1.80909e+07 1.80901e+07 1.80893e+07 1.80884e+07 1.80876e+07 1.80867e+07
          1.8192e+07 1.8192e+07 1.81917e+07 1.81914e+07 1.81909e+07 1.81902e+07 1.81894e+07 1.81885e+07 1.81874e+07 1.81862e+07 1.81849e+07 1.81835e+07
          1.8182e+07 1.81803e+07 1.81786e+07 1.81767e+07 1.81748e+07 1.81728e+07 1.81706e+07 1.81684e+07 1.81661e+07 1.81638e+07 1.81614e+07 1.81589e+07
          1.81563e+07 1.81537e+07 1.81511e+07 1.81484e+07 1.81456e+07 1.81428e+07 1.814e+07 1.81371e+07 1.81342e+07 1.81312e+07 1.81282e+07 1.81252e+07
          1.81222e+07 1.81191e+07 1.81161e+07 1.8113e+07 1.81099e+07 1.81068e+07 1.81037e+07 1.81007e+07 1.80978e+07 1.80951e+07 1.80927e+07 1.80907e+07
          1.8089e+07 1.80876e+07 1.80865e+07 1.80854e+07 1.80848e+07 1.80842e+07 1.80836e+07 1.80829e+07 1.80823e+07 1.80816e+07 1.80809e+07 1.80802e+07
          1.80795e+07 1.80788e+07 1.80781e+07 1.80774e+07 1.80767e+07 1.80759e+07 1.80752e+07 1.80744e+07 1.80736e+07 1.80728e+07 1.8072e+07 1.80712e+07
          1.80704e+07 1.80695e+07 1.80687e+07 1.80678e+07 1.81934e+07 1.81933e+07 1.8193e+07 1.81926e+07 1.81921e+07 1.81913e+07 1.81905e+07 1.81894e+07
          1.81883e+07 1.8187e+07 1.81856e+07 1.8184e+07 1.81823e+07 1.81805e+07 1.81786e+07 1.81766e+07 1.81745e+07 1.81723e+07 1.817e+07 1.81676e+07
          1.81651e+07 1.81626e+07 1.816e+07 1.81574e+07 1.81546e+07 1.81519e+07 1.81491e+07 1.81462e+07 1.81433e+07 1.81403e+07 1.81373e+07 1.81343e+07
          1.81312e+07 1.81281e+07 1.8125e+07 1.81218e+07 1.81187e+07 1.81155e+07 1.81122e+07 1.8109e+07 1.81057e+07 1.81024e+07 1.80991e+07 1.80958e+07
          1.80925e+07 1.80892e+07 1.80859e+07 1.80827e+07 1.80795e+07 1.80764e+07 1.80736e+07 1.8071e+07 1.80688e+07 1.8067e+07 1.80656e+07 1.80643e+07
          1.80633e+07 1.80627e+07 1.8062e+07 1.80614e+07 1.80607e+07 1.806e+07 1.80593e+07 1.80585e+07 1.80578e+07 1.80571e+07 1.80563e+07 1.80556e+07
          1.80548e+07 1.8054e+07 1.80532e+07 1.80524e+07 1.80516e+07 1.80507e+07 1.80499e+07 1.8049e+07 1.81956e+07 1.81955e+07 1.81952e+07 1.81948e+07
          1.81941e+07 1.81933e+07 1.81924e+07 1.81912e+07 1.81899e+07 1.81885e+07 1.81869e+07 1.81852e+07 1.81833e+07 1.81813e+07 1.81792e+07 1.8177e+07
          1.81747e+07 1.81723e+07 1.81699e+07 1.81673e+07 1.81646e+07 1.81619e+07 1.81591e+07 1.81563e+07 1.81534e+07 1.81504e+07 1.81474e+07 1.81444e+07
          1.81413e+07 1.81381e+07 1.8135e+07 1.81318e+07 1.81286e+07 1.81253e+07 1.8122e+07 1.81187e+07 1.81154e+07 1.81121e+07 1.81087e+07 1.81053e+07
          1.81019e+07 1.80985e+07 1.80951e+07 1.80916e+07 1.80882e+07 1.80847e+07 1.80812e+07 1.80778e+07 1.80743e+07 1.80708e+07 1.80674e+07 1.80639e+07
          1.80605e+07 1.80572e+07 1.80541e+07 1.80512e+07 1.80487e+07 1.80465e+07 1.80447e+07 1.80432e+07 1.80419e+07 1.80412e+07 1.80405e+07 1.80398e+07
          1.8039e+07 1.80383e+07 1.80376e+07 1.80368e+07 1.8036e+07 1.80352e+07 1.80345e+07 1.80336e+07 1.80328e+07 1.8032e+07 1.80312e+07 1.80303e+07
          1.81988e+07 1.81987e+07 1.81984e+07 1.81978e+07 1.81971e+07 1.81962e+07 1.81951e+07 1.81939e+07 1.81924e+07 1.81908e+07 1.8189e+07 1.81871e+07
          1.81851e+07 1.81829e+07 1.81806e+07 1.81781e+07 1.81756e+07 1.8173e+07 1.81703e+07 1.81675e+07 1.81646e+07 1.81617e+07 1.81587e+07 1.81556e+07
          1.81525e+07 1.81494e+07 1.81462e+07 1.81429e+07 1.81396e+07 1.81363e+07 1.8133e+07 1.81296e+07 1.81262e+07 1.81228e+07 1.81193e+07 1.81159e+07
          1.81124e+07 1.81089e+07 1.81054e+07 1.81019e+07 1.80983e+07 1.80948e+07 1.80912e+07 1.80877e+07 1.80841e+07 1.80805e+07 1.80769e+07 1.80733e+07
          1.80697e+07 1.80661e+07 1.80625e+07 1.80589e+07 1.80553e+07 1.80516e+07 1.8048e+07 1.80445e+07 1.8041e+07 1.80375e+07 1.80342e+07 1.8031e+07
          1.80282e+07 1.80258e+07 1.80237e+07 1.8022e+07 1.80205e+07 1.80196e+07 1.80189e+07 1.80181e+07 1.80174e+07 1.80166e+07 1.80158e+07 1.8015e+07
          1.80142e+07 1.80134e+07 1.80125e+07 1.80117e+07 1.8203e+07 1.82029e+07 1.82025e+07 1.82019e+07 1.82011e+07 1.82001e+07 1.81988e+07 1.81974e+07
          1.81958e+07 1.8194e+07 1.8192e+07 1.81898e+07 1.81875e+07 1.81851e+07 1.81825e+07 1.81799e+07 1.81771e+07 1.81742e+07 1.81713e+07 1.81682e+07
          1.81651e+07 1.81619e+07 1.81587e+07 1.81554e+07 1.8152e+07 1.81486e+07 1.81452e+07 1.81418e+07 1.81383e+07 1.81348e+07 1.81312e+07 1.81276e+07
          1.81241e+07 1.81205e+07 1.81169e+07 1.81132e+07 1.81096e+07 1.81059e+07 1.81023e+07 1.80986e+07 1.80949e+07 1.80913e+07 1.80876e+07 1.80839e+07
          1.80802e+07 1.80765e+07 1.80728e+07 1.80691e+07 1.80654e+07 1.80616e+07 1.80579e+07 1.80542e+07 1.80505e+07 1.80467e+07 1.8043e+07 1.80393e+07
          1.80356e+07 1.80319e+07 1.80282e+07 1.80245e+07 1.80209e+07 1.80173e+07 1.80138e+07 1.80105e+07 1.80075e+07 1.80049e+07 1.80026e+07 1.80007e+07
          1.7999e+07 1.79979e+07 1.79972e+07 1.79964e+07 1.79956e+07 1.79948e+07 1.7994e+07 1.79931e+07 1.82084e+07 1.82083e+07 1.82079e+07 1.82072e+07
          1.82062e+07 1.8205e+07 1.82036e+07 1.8202e+07 1.82001e+07 1.8198e+07 1.81958e+07 1.81934e+07 1.81908e+07 1.81881e+07 1.81852e+07 1.81823e+07
          1.81792e+07 1.8176e+07 1.81728e+07 1.81694e+07 1.8166e+07 1.81626e+07 1.81591e+07 1.81555e+07 1.81519e+07 1.81483e+07 1.81446e+07 1.81409e+07
          1.81372e+07 1.81335e+07 1.81297e+07 1.81259e+07 1.81222e+07 1.81184e+07 1.81146e+07 1.81108e+07 1.8107e+07 1.81032e+07 1.80993e+07 1.80955e+07
          1.80917e+07 1.80879e+07 1.80841e+07 1.80802e+07 1.80764e+07 1.80726e+07 1.80688e+07 1.8065e+07 1.80611e+07 1.80573e+07 1.80535e+07 1.80497e+07
          1.80459e+07 1.80421e+07 1.80382e+07 1.80344e+07 1.80306e+07 1.80268e+07 1.8023e+07 1.80192e+07 1.80154e+07 1.80116e+07 1.80078e+07 1.80041e+07
          1.80004e+07 1.79967e+07 1.79932e+07 1.79898e+07 1.79866e+07 1.79838e+07 1.79814e+07 1.79793e+07 1.79774e+07 1.79763e+07 1.79755e+07 1.79747e+07
          1.82151e+07 1.8215e+07 1.82145e+07 1.82137e+07 1.82126e+07 1.82112e+07 1.82095e+07 1.82076e+07 1.82055e+07 1.82031e+07 1.82005e+07 1.81978e+07
          1.81949e+07 1.81918e+07 1.81886e+07 1.81853e+07 1.81819e+07 1.81784e+07 1.81748e+07 1.81711e+07 1.81674e+07 1.81636e+07 1.81598e+07 1.8156e+07
          1.81521e+07 1.81482e+07 1.81443e+07 1.81403e+07 1.81364e+07 1.81324e+07 1.81284e+07 1.81244e+07 1.81205e+07 1.81165e+07 1.81125e+07 1.81085e+07
          1.81045e+07 1.81005e+07 1.80965e+07 1.80926e+07 1.80886e+07 1.80846e+07 1.80807e+07 1.80767e+07 1.80728e+07 1.80688e+07 1.80649e+07 1.8061e+07
          1.8057e+07 1.80531e+07 1.80492e+07 1.80453e+07 1.80414e+07 1.80375e+07 1.80336e+07 1.80297e+07 1.80258e+07 1.80219e+07 1.80181e+07 1.80142e+07
          1.80103e+07 1.80064e+07 1.80026e+07 1.79987e+07 1.79949e+07 1.7991e+07 1.79872e+07 1.79834e+07 1.79797e+07 1.7976e+07 1.79724e+07 1.79689e+07
          1.79657e+07 1.79627e+07 1.79601e+07 1.79579e+07 1.82234e+07 1.82232e+07 1.82226e+07 1.82216e+07 1.82203e+07 1.82187e+07 1.82167e+07 1.82145e+07
          1.8212e+07 1.82092e+07 1.82062e+07 1.82031e+07 1.81998e+07 1.81963e+07 1.81927e+07 1.8189e+07 1.81852e+07 1.81813e+07 1.81773e+07 1.81733e+07
          1.81692e+07 1.81651e+07 1.81609e+07 1.81568e+07 1.81526e+07 1.81484e+07 1.81442e+07 1.814e+07 1.81357e+07 1.81315e+07 1.81273e+07 1.81231e+07
          1.81189e+07 1.81147e+07 1.81105e+07 1.81063e+07 1.81022e+07 1.8098e+07 1.80939e+07 1.80897e+07 1.80856e+07 1.80815e+07 1.80774e+07 1.80733e+07
          1.80692e+07 1.80652e+07 1.80611e+07 1.80571e+07 1.8053e+07 1.8049e+07 1.8045e+07 1.8041e+07 1.8037e+07 1.8033e+07 1.80291e+07 1.80251e+07
          1.80211e+07 1.80172e+07 1.80132e+07 1.80093e+07 1.80054e+07 1.80015e+07 1.79976e+07 1.79937e+07 1.79898e+07 1.79859e+07 1.7982e+07 1.79781e+07
          1.79742e+07 1.79704e+07 1.79666e+07 1.79628e+07 1.7959e+07 1.79553e+07 1.79516e+07 1.79481e+07 1.82334e+07 1.82332e+07 1.82324e+07 1.82313e+07
          1.82297e+07 1.82277e+07 1.82254e+07 1.82227e+07 1.82197e+07 1.82165e+07 1.8213e+07 1.82094e+07 1.82056e+07 1.82016e+07 1.81975e+07 1.81933e+07
          1.8189e+07 1.81847e+07 1.81803e+07 1.81758e+07 1.81714e+07 1.81669e+07 1.81623e+07 1.81578e+07 1.81533e+07 1.81488e+07 1.81443e+07 1.81398e+07
          1.81353e+07 1.81308e+07 1.81263e+07 1.81219e+07 1.81174e+07 1.8113e+07 1.81086e+07 1.81043e+07 1.80999e+07 1.80956e+07 1.80913e+07 1.8087e+07
          1.80827e+07 1.80784e+07 1.80742e+07 1.807e+07 1.80658e+07 1.80616e+07 1.80574e+07 1.80533e+07 1.80491e+07 1.8045e+07 1.80409e+07 1.80368e+07
          1.80327e+07 1.80287e+07 1.80246e+07 1.80206e+07 1.80166e+07 1.80126e+07 1.80086e+07 1.80046e+07 1.80006e+07 1.79967e+07 1.79927e+07 1.79888e+07
          1.79848e+07 1.79809e+07 1.7977e+07 1.79731e+07 1.79692e+07 1.79653e+07 1.79614e+07 1.79576e+07 1.79537e+07 1.79499e+07 1.79461e+07 1.79423e+07
          1.82456e+07 1.82453e+07 1.82444e+07 1.82429e+07 1.8241e+07 1.82385e+07 1.82357e+07 1.82324e+07 1.82289e+07 1.8225e+07 1.8221e+07 1.82167e+07
          1.82122e+07 1.82077e+07 1.8203e+07 1.81982e+07 1.81934e+07 1.81886e+07 1.81837e+07 1.81788e+07 1.81738e+07 1.81689e+07 1.8164e+07 1.81591e+07
          1.81542e+07 1.81493e+07 1.81445e+07 1.81397e+07 1.81349e+07 1.81302e+07 1.81254e+07 1.81207e+07 1.81161e+07 1.81114e+07 1.81068e+07 1.81022e+07
          1.80977e+07 1.80932e+07 1.80887e+07 1.80842e+07 1.80798e+07 1.80754e+07 1.8071e+07 1.80667e+07 1.80624e+07 1.80581e+07 1.80538e+07 1.80495e+07
          1.80453e+07 1.80411e+07 1.80369e+07 1.80327e+07 1.80286e+07 1.80244e+07 1.80203e+07 1.80162e+07 1.80121e+07 1.80081e+07 1.8004e+07 1.8e+07
          1.7996e+07 1.7992e+07 1.7988e+07 1.7984e+07 1.79801e+07 1.79761e+07 1.79722e+07 1.79683e+07 1.79644e+07 1.79605e+07 1.79566e+07 1.79527e+07
          1.79489e+07 1.7945e+07 1.79412e+07 1.79374e+07 1.82605e+07 1.82601e+07 1.82589e+07 1.8257e+07 1.82545e+07 1.82515e+07 1.82479e+07 1.82439e+07
          1.82396e+07 1.82349e+07 1.82301e+07 1.8225e+07 1.82198e+07 1.82145e+07 1.82092e+07 1.82038e+07 1.81983e+07 1.81929e+07 1.81874e+07 1.8182e+07
          1.81766e+07 1.81712e+07 1.81658e+07 1.81605e+07 1.81552e+07 1.815e+07 1.81448e+07 1.81397e+07 1.81346e+07 1.81296e+07 1.81246e+07 1.81196e+07
          1.81147e+07 1.81098e+07 1.8105e+07 1.81002e+07 1.80955e+07 1.80908e+07 1.80862e+07 1.80815e+07 1.8077e+07 1.80724e+07 1.80679e+07 1.80634e+07
          1.8059e+07 1.80546e+07 1.80502e+07 1.80458e+07 1.80415e+07 1.80372e+07 1.80329e+07 1.80287e+07 1.80245e+07 1.80203e+07 1.80161e+07 1.8012e+07
          1.80078e+07 1.80037e+07 1.79996e+07 1.79956e+07 1.79915e+07 1.79875e+07 1.79835e+07 1.79795e+07 1.79755e+07 1.79715e+07 1.79676e+07 1.79637e+07
          1.79597e+07 1.79558e+07 1.7952e+07 1.79481e+07 1.79442e+07 1.79404e+07 1.79366e+07 1.79328e+07 1.82789e+07 1.82783e+07 1.82767e+07 1.82742e+07
          1.82709e+07 1.82669e+07 1.82624e+07 1.82573e+07 1.82519e+07 1.82463e+07 1.82404e+07 1.82344e+07 1.82283e+07 1.82221e+07 1.8216e+07 1.82098e+07
          1.82036e+07 1.81975e+07 1.81914e+07 1.81854e+07 1.81795e+07 1.81736e+07 1.81678e+07 1.8162e+07 1.81563e+07 1.81507e+07 1.81452e+07 1.81397e+07
          1.81343e+07 1.8129e+07 1.81237e+07 1.81185e+07 1.81133e+07 1.81082e+07 1.81032e+07 1.80982e+07 1.80933e+07 1.80884e+07 1.80836e+07 1.80788e+07
          1.80741e+07 1.80694e+07 1.80648e+07 1.80602e+07 1.80557e+07 1.80511e+07 1.80467e+07 1.80422e+07 1.80378e+07 1.80334e+07 1.80291e+07 1.80248e+07
          1.80205e+07 1.80162e+07 1.8012e+07 1.80078e+07 1.80037e+07 1.79995e+07 1.79954e+07 1.79913e+07 1.79872e+07 1.79832e+07 1.79791e+07 1.79751e+07
          1.79711e+07 1.79672e+07 1.79632e+07 1.79593e+07 1.79554e+07 1.79515e+07 1.79476e+07 1.79437e+07 1.79399e+07 1.79361e+07 1.79323e+07 1.79285e+07
          1.83022e+07 1.83013e+07 1.8299e+07 1.82955e+07 1.82909e+07 1.82855e+07 1.82794e+07 1.82729e+07 1.82661e+07 1.82591e+07 1.82519e+07 1.82447e+07
          1.82375e+07 1.82303e+07 1.82232e+07 1.82162e+07 1.82092e+07 1.82024e+07 1.81956e+07 1.8189e+07 1.81824e+07 1.8176e+07 1.81697e+07 1.81635e+07
          1.81574e+07 1.81514e+07 1.81454e+07 1.81396e+07 1.81339e+07 1.81283e+07 1.81227e+07 1.81173e+07 1.81119e+07 1.81066e+07 1.81013e+07 1.80962e+07
          1.80911e+07 1.8086e+07 1.8081e+07 1.80761e+07 1.80713e+07 1.80665e+07 1.80617e+07 1.8057e+07 1.80523e+07 1.80477e+07 1.80432e+07 1.80387e+07
          1.80342e+07 1.80297e+07 1.80253e+07 1.8021e+07 1.80166e+07 1.80123e+07 1.80081e+07 1.80038e+07 1.79996e+07 1.79955e+07 1.79913e+07 1.79872e+07
          1.79831e+07 1.7979e+07 1.7975e+07 1.7971e+07 1.7967e+07 1.7963e+07 1.7959e+07 1.79551e+07 1.79512e+07 1.79473e+07 1.79435e+07 1.79396e+07
          1.79358e+07 1.7932e+07 1.79282e+07 1.79244e+07 1.83325e+07 1.83311e+07 1.83275e+07 1.83221e+07 1.83153e+07 1.83077e+07 1.82994e+07 1.82908e+07
          1.82821e+07 1.82733e+07 1.82645e+07 1.82559e+07 1.82473e+07 1.8239e+07 1.82308e+07 1.82227e+07 1.82149e+07 1.82072e+07 1.81998e+07 1.81924e+07
          1.81853e+07 1.81783e+07 1.81715e+07 1.81648e+07 1.81583e+07 1.81519e+07 1.81456e+07 1.81394e+07 1.81334e+07 1.81275e+07 1.81216e+07 1.81159e+07
          1.81103e+07 1.81048e+07 1.80994e+07 1.8094e+07 1.80887e+07 1.80835e+07 1.80784e+07 1.80734e+07 1.80684e+07 1.80635e+07 1.80586e+07 1.80538e+07
          1.80491e+07 1.80444e+07 1.80398e+07 1.80352e+07 1.80306e+07 1.80261e+07 1.80217e+07 1.80173e+07 1.80129e+07 1.80086e+07 1.80043e+07 1.8e+07
          1.79958e+07 1.79916e+07 1.79874e+07 1.79833e+07 1.79792e+07 1.79751e+07 1.7971e+07 1.7967e+07 1.7963e+07 1.79591e+07 1.79551e+07 1.79512e+07
          1.79473e+07 1.79434e+07 1.79396e+07 1.79357e+07 1.79319e+07 1.79281e+07 1.79244e+07 1.79206e+07 1.83754e+07 1.83719e+07 1.83655e+07 1.83563e+07
          1.83455e+07 1.83341e+07 1.83225e+07 1.83109e+07 1.82996e+07 1.82885e+07 1.82778e+07 1.82674e+07 1.82574e+07 1.82477e+07 1.82383e+07 1.82292e+07
          1.82205e+07 1.82119e+07 1.82037e+07 1.81957e+07 1.81879e+07 1.81804e+07 1.8173e+07 1.81659e+07 1.81589e+07 1.81521e+07 1.81455e+07 1.8139e+07
          1.81327e+07 1.81265e+07 1.81204e+07 1.81144e+07 1.81086e+07 1.81029e+07 1.80973e+07 1.80918e+07 1.80863e+07 1.8081e+07 1.80758e+07 1.80706e+07
          1.80655e+07 1.80605e+07 1.80556e+07 1.80507e+07 1.80459e+07 1.80411e+07 1.80364e+07 1.80318e+07 1.80272e+07 1.80226e+07 1.80181e+07 1.80137e+07
          1.80093e+07 1.80049e+07 1.80006e+07 1.79963e+07 1.79921e+07 1.79879e+07 1.79837e+07 1.79796e+07 1.79755e+07 1.79714e+07 1.79673e+07 1.79633e+07
          1.79593e+07 1.79554e+07 1.79514e+07 1.79475e+07 1.79436e+07 1.79398e+07 1.79359e+07 1.79321e+07 1.79283e+07 1.79245e+07 1.79208e+07 1.7917e+07
          1.84373e+07 1.84361e+07 1.84192e+07 1.84003e+07 1.83819e+07 1.83644e+07 1.8348e+07 1.83325e+07 1.8318e+07 1.83043e+07 1.82913e+07 1.8279e+07
          1.82673e+07 1.82562e+07 1.82455e+07 1.82353e+07 1.82256e+07 1.82162e+07 1.82072e+07 1.81985e+07 1.81901e+07 1.8182e+07 1.81742e+07 1.81666e+07
          1.81592e+07 1.8152e+07 1.8145e+07 1.81383e+07 1.81316e+07 1.81252e+07 1.81189e+07 1.81127e+07 1.81067e+07 1.81008e+07 1.80951e+07 1.80894e+07
          1.80839e+07 1.80784e+07 1.80731e+07 1.80678e+07 1.80626e+07 1.80575e+07 1.80525e+07 1.80476e+07 1.80427e+07 1.80379e+07 1.80331e+07 1.80285e+07
          1.80238e+07 1.80193e+07 1.80147e+07 1.80103e+07 1.80059e+07 1.80015e+07 1.79971e+07 1.79929e+07 1.79886e+07 1.79844e+07 1.79802e+07 1.79761e+07
          1.7972e+07 1.79679e+07 1.79638e+07 1.79598e+07 1.79558e+07 1.79519e+07 1.7948e+07 1.79441e+07 1.79402e+07 1.79363e+07 1.79325e+07 1.79287e+07
          1.79249e+07 1.79212e+07 1.79174e+07 1.79137e+07 1.86629e+07 1.85449e+07 1.84906e+07 1.84525e+07 1.84221e+07 1.83965e+07 1.83741e+07 1.83542e+07
          1.8336e+07 1.83194e+07 1.83041e+07 1.82898e+07 1.82764e+07 1.82638e+07 1.8252e+07 1.82407e+07 1.823e+07 1.82198e+07 1.821e+07 1.82007e+07
          1.81917e+07 1.81831e+07 1.81748e+07 1.81668e+07 1.8159e+07 1.81515e+07 1.81442e+07 1.81372e+07 1.81303e+07 1.81237e+07 1.81172e+07 1.81108e+07
          1.81047e+07 1.80986e+07 1.80927e+07 1.8087e+07 1.80813e+07 1.80758e+07 1.80703e+07 1.8065e+07 1.80598e+07 1.80546e+07 1.80495e+07 1.80445e+07
          1.80396e+07 1.80348e+07 1.803e+07 1.80253e+07 1.80206e+07 1.8016e+07 1.80115e+07 1.8007e+07 1.80026e+07 1.79982e+07 1.79939e+07 1.79896e+07
          1.79853e+07 1.79811e+07 1.79769e+07 1.79728e+07 1.79687e+07 1.79646e+07 1.79606e+07 1.79566e+07 1.79526e+07 1.79486e+07 1.79447e+07 1.79408e+07
          1.7937e+07 1.79331e+07 1.79293e+07 1.79255e+07 1.79217e+07 1.7918e+07 1.79143e+07 1.79106e+07 1.88543e+07 1.86468e+07 1.85575e+07 1.85011e+07
          1.84594e+07 1.8426e+07 1.83979e+07 1.83737e+07 1.83522e+07 1.83328e+07 1.83152e+07 1.82991e+07 1.82841e+07 1.82702e+07 1.82572e+07 1.82449e+07
          1.82333e+07 1.82224e+07 1.82119e+07 1.8202e+07 1.81925e+07 1.81835e+07 1.81748e+07 1.81664e+07 1.81583e+07 1.81505e+07 1.8143e+07 1.81358e+07
          1.81287e+07 1.81219e+07 1.81152e+07 1.81087e+07 1.81024e+07 1.80963e+07 1.80903e+07 1.80844e+07 1.80787e+07 1.80731e+07 1.80676e+07 1.80622e+07
          1.80569e+07 1.80517e+07 1.80466e+07 1.80416e+07 1.80367e+07 1.80318e+07 1.8027e+07 1.80223e+07 1.80176e+07 1.8013e+07 1.80084e+07 1.8004e+07
          1.79995e+07 1.79951e+07 1.79908e+07 1.79865e+07 1.79822e+07 1.7978e+07 1.79738e+07 1.79697e+07 1.79656e+07 1.79615e+07 1.79575e+07 1.79535e+07
          1.79495e+07 1.79456e+07 1.79417e+07 1.79378e+07 1.79339e+07 1.79301e+07 1.79263e+07 1.79225e+07 1.79188e+07 1.7915e+07 1.79113e+07 1.79076e+07
          1.88979e+07 1.86954e+07 1.8599e+07 1.85351e+07 1.84871e+07 1.84487e+07 1.84166e+07 1.8389e+07 1.83648e+07 1.83432e+07 1.83238e+07 1.8306e+07
          1.82898e+07 1.82747e+07 1.82607e+07 1.82476e+07 1.82353e+07 1.82237e+07 1.82128e+07 1.82024e+07 1.81925e+07 1.81831e+07 1.8174e+07 1.81654e+07
          1.81571e+07 1.81491e+07 1.81414e+07 1.8134e+07 1.81268e+07 1.81198e+07 1.8113e+07 1.81065e+07 1.81001e+07 1.80939e+07 1.80878e+07 1.80819e+07
          1.80761e+07 1.80705e+07 1.80649e+07 1.80595e+07 1.80542e+07 1.8049e+07 1.80438e+07 1.80388e+07 1.80338e+07 1.80289e+07 1.80241e+07 1.80194e+07
          1.80147e+07 1.80101e+07 1.80055e+07 1.8001e+07 1.79966e+07 1.79922e+07 1.79879e+07 1.79836e+07 1.79793e+07 1.79751e+07 1.79709e+07 1.79668e+07
          1.79627e+07 1.79586e+07 1.79546e+07 1.79506e+07 1.79467e+07 1.79427e+07 1.79388e+07 1.79349e+07 1.79311e+07 1.79273e+07 1.79235e+07 1.79197e+07
          1.79159e+07 1.79122e+07 1.79085e+07 1.79048e+07 1.89227e+07 1.87191e+07 1.86213e+07 1.85549e+07 1.85042e+07 1.84631e+07 1.84286e+07 1.8399e+07
          1.83729e+07 1.83498e+07 1.8329e+07 1.83102e+07 1.82929e+07 1.8277e+07 1.82623e+07 1.82486e+07 1.82358e+07 1.82238e+07 1.82124e+07 1.82017e+07
          1.81915e+07 1.81819e+07 1.81726e+07 1.81638e+07 1.81554e+07 1.81472e+07 1.81394e+07 1.81319e+07 1.81246e+07 1.81176e+07 1.81107e+07 1.81041e+07
          1.80977e+07 1.80914e+07 1.80853e+07 1.80794e+07 1.80736e+07 1.80679e+07 1.80623e+07 1.80569e+07 1.80515e+07 1.80463e+07 1.80411e+07 1.80361e+07
          1.80311e+07 1.80262e+07 1.80214e+07 1.80167e+07 1.8012e+07 1.80074e+07 1.80028e+07 1.79983e+07 1.79939e+07 1.79895e+07 1.79851e+07 1.79808e+07
          1.79766e+07 1.79724e+07 1.79682e+07 1.79641e+07 1.796e+07 1.79559e+07 1.79519e+07 1.79479e+07 1.7944e+07 1.794e+07 1.79361e+07 1.79323e+07
          1.79284e+07 1.79246e+07 1.79208e+07 1.7917e+07 1.79133e+07 1.79096e+07 1.79059e+07 1.79022e+07 1.89334e+07 1.87297e+07 1.86312e+07 1.85639e+07
          1.85121e+07 1.84698e+07 1.84341e+07 1.84033e+07 1.83763e+07 1.83523e+07 1.83307e+07 1.83112e+07 1.82934e+07 1.8277e+07 1.82619e+07 1.82479e+07
          1.82348e+07 1.82225e+07 1.8211e+07 1.82001e+07 1.81898e+07 1.818e+07 1.81707e+07 1.81618e+07 1.81532e+07 1.81451e+07 1.81372e+07 1.81296e+07
          1.81223e+07 1.81152e+07 1.81084e+07 1.81017e+07 1.80953e+07 1.8089e+07 1.80828e+07 1.80769e+07 1.80711e+07 1.80654e+07 1.80598e+07 1.80543e+07
          1.8049e+07 1.80438e+07 1.80386e+07 1.80335e+07 1.80286e+07 1.80237e+07 1.80189e+07 1.80141e+07 1.80094e+07 1.80048e+07 1.80003e+07 1.79958e+07
          1.79913e+07 1.79869e+07 1.79826e+07 1.79783e+07 1.7974e+07 1.79698e+07 1.79657e+07 1.79615e+07 1.79574e+07 1.79534e+07 1.79494e+07 1.79454e+07
          1.79414e+07 1.79375e+07 1.79336e+07 1.79297e+07 1.79259e+07 1.79221e+07 1.79183e+07 1.79145e+07 1.79108e+07 1.7907e+07 1.79033e+07 1.78997e+07
          1.8934e+07 1.87303e+07 1.86317e+07 1.85642e+07 1.85121e+07 1.84695e+07 1.84335e+07 1.84024e+07 1.83752e+07 1.83509e+07 1.83292e+07 1.83095e+07
          1.82916e+07 1.82751e+07 1.82599e+07 1.82458e+07 1.82327e+07 1.82204e+07 1.82088e+07 1.81979e+07 1.81875e+07 1.81777e+07 1.81684e+07 1.81595e+07
          1.81509e+07 1.81427e+07 1.81348e+07 1.81272e+07 1.81199e+07 1.81128e+07 1.8106e+07 1.80993e+07 1.80929e+07 1.80866e+07 1.80804e+07 1.80745e+07
          1.80687e+07 1.8063e+07 1.80574e+07 1.80519e+07 1.80466e+07 1.80413e+07 1.80362e+07 1.80311e+07 1.80262e+07 1.80213e+07 1.80164e+07 1.80117e+07
          1.8007e+07 1.80024e+07 1.79978e+07 1.79933e+07 1.79889e+07 1.79845e+07 1.79802e+07 1.79759e+07 1.79716e+07 1.79674e+07 1.79633e+07 1.79591e+07
          1.7955e+07 1.7951e+07 1.7947e+07 1.7943e+07 1.7939e+07 1.79351e+07 1.79312e+07 1.79273e+07 1.79235e+07 1.79197e+07 1.79159e+07 1.79121e+07
          1.79084e+07 1.79047e+07 1.7901e+07 1.78973e+07
        </DataArray>
        <DataArray type="Float32" Name="rho_gas" NumberOfComponents="1" format="ascii">
          117.823 117.823 117.676 117.676 117.823 117.676 117.823 117.675 117.823 117.674 117.823 117.673
          117.824 117.671 117.824 117.67 117.824 117.669 117.825 117.669 117.826 117.668 117.826 117.668
          117.827 117.667 117.828 117.667 117.829 117.667 117.83 117.668 117.831 117.668 117.833 117.669
          117.834 117.67 117.835 117.671 117.837 117.673 117.839 117.674 117.84 117.676 117.842 117.679
          117.844 117.681 117.845 117.683 117.847 117.686 117.849 117.688 117.851 117.691 117.852 117.693
          117.854 117.696 117.856 117.698 117.858 117.701 117.859 117.703 117.861 117.706 117.863 117.708
          117.865 117.711 117.866 117.713 117.868 117.716 117.87 117.718 117.872 117.721 117.873 117.723
          117.875 117.725 117.877 117.728 117.878 117.73 117.88 117.732 117.882 117.734 117.883 117.736
          117.885 117.738 117.887 117.741 117.888 117.743 117.89 117.745 117.891 117.747 117.893 117.749
          117.895 117.751 117.896 117.753 117.898 117.755 117.899 117.756 117.901 117.758 117.902 117.76
          117.904 117.762 117.906 117.764 117.907 117.766 117.909 117.768 117.91 117.77 117.912 117.771
          117.914 117.773 117.915 117.775 117.917 117.777 117.918 117.779 117.92 117.781 117.922 117.783
          117.923 117.785 117.925 117.786 117.927 117.788 117.928 117.79 117.771 117.769 117.763 117.752
          117.738 117.723 117.698 117.674 117.66 117.649 117.638 117.626 117.614 117.601 117.587 117.574
          117.561 117.548 117.536 117.526 117.518 117.512 117.508 117.505 117.504 117.505 117.505 117.507
          117.509 117.511 117.514 117.517 117.52 117.524 117.527 117.531 117.535 117.538 117.542 117.545
          117.549 117.552 117.555 117.559 117.562 117.565 117.568 117.571 117.574 117.577 117.58 117.582
          117.585 117.588 117.591 117.593 117.596 117.598 117.601 117.603 117.606 117.608 117.61 117.613
          117.615 117.618 117.62 117.622 117.625 117.627 117.629 117.631 117.634 117.636 117.638 117.641
          118.936 118.928 118.904 118.861 118.8 118.733 118.621 118.442 118.373 118.332 118.29 118.245
          118.195 118.14 118.08 118.015 117.946 117.873 117.797 117.723 117.653 117.59 117.537 117.493
          117.458 117.433 117.413 117.396 117.382 117.371 117.364 117.359 117.356 117.356 117.357 117.359
          117.362 117.365 117.369 117.373 117.377 117.381 117.385 117.389 117.394 117.398 117.402 117.405
          117.409 117.413 117.417 117.42 117.424 117.427 117.43 117.434 117.437 117.44 117.443 117.446
          117.449 117.452 117.455 117.458 117.461 117.464 117.466 117.469 117.472 117.475 117.477 117.48
          117.483 117.485 117.488 117.491 120.457 120.457 120.456 120.456 120.455 120.453 120.451 120.264
          120.08 120.01 119.955 119.894 119.824 119.744 119.652 119.547 119.425 119.284 119.122 118.943
          118.752 118.554 118.364 118.193 118.021 117.874 117.772 117.682 117.596 117.515 117.442 117.38
          117.331 117.292 117.263 117.245 117.233 117.224 117.219 117.216 117.216 117.217 117.22 117.223
          117.227 117.232 117.236 117.24 117.245 117.249 117.253 117.258 117.262 117.266 117.27 117.274
          117.278 117.282 117.285 117.289 117.292 117.296 117.299 117.303 117.306 117.309 117.313 117.316
          117.319 117.322 117.325 117.328 117.332 117.335 117.338 117.341 120.427 120.426 120.425 120.423
          120.421 120.418 120.414 120.41 120.405 120.399 120.393 120.386 120.379 120.371 120.363 120.355
          120.347 120.34 120.332 120.325 120.319 120.314 120.309 120.304 120.301 119.507 119.184 118.983
          118.789 118.585 118.374 118.167 117.982 117.802 117.603 117.476 117.385 117.308 117.243 117.191
          117.149 117.118 117.101 117.09 117.084 117.081 117.08 117.082 117.084 117.088 117.092 117.096
          117.101 117.105 117.11 117.114 117.119 117.123 117.127 117.131 117.136 117.14 117.144 117.147
          117.151 117.155 117.159 117.162 117.166 117.17 117.173 117.177 117.18 117.184 117.187 117.191
          120.415 120.415 120.413 120.412 120.409 120.406 120.402 120.397 120.392 120.386 120.379 120.372
          120.365 120.356 120.347 120.338 120.328 120.317 120.306 120.295 120.282 120.27 120.257 120.244
          120.231 120.219 120.207 120.196 120.186 120.177 120.17 120.164 120.159 120.154 119.303 118.75
          118.457 118.227 118.015 117.825 117.634 117.411 117.271 117.18 117.111 117.056 117.011 116.98
          116.963 116.954 116.948 116.946 116.947 116.949 116.952 116.956 116.961 116.965 116.97 116.974
          116.979 116.983 116.988 116.992 116.996 117.001 117.005 117.009 117.013 117.017 117.021 117.025
          117.029 117.033 117.037 117.04 120.408 120.408 120.407 120.405 120.402 120.398 120.394 120.389
          120.383 120.377 120.37 120.362 120.354 120.345 120.335 120.325 120.314 120.303 120.291 120.279
          120.266 120.253 120.239 120.225 120.21 120.196 120.181 120.165 120.149 120.133 120.117 120.101
          120.086 120.071 120.058 120.046 120.035 120.027 120.02 120.014 120.009 119.065 118.433 118.104
          117.871 117.675 117.465 117.23 117.091 117.005 116.941 116.89 116.852 116.832 116.821 116.815
          116.813 116.813 116.816 116.819 116.823 116.828 116.832 116.837 116.842 116.846 116.851 116.855
          116.86 116.864 116.869 116.873 116.877 116.881 116.886 116.89 120.406 120.406 120.405 120.402
          120.399 120.396 120.391 120.386 120.379 120.372 120.365 120.356 120.347 120.338 120.327 120.316
          120.305 120.293 120.28 120.267 120.253 120.239 120.224 120.209 120.194 120.178 120.162 120.145
          120.129 120.112 120.094 120.077 120.059 120.041 120.023 120.005 119.986 119.968 119.951 119.934
          119.919 119.905 119.894 119.885 119.877 119.871 119.865 118.764 118.133 117.815 117.594 117.379
          117.119 116.96 116.867 116.801 116.748 116.713 116.695 116.685 116.681 116.68 116.681 116.684
          116.688 116.692 116.697 116.702 116.707 116.711 116.716 116.721 116.725 116.73 116.735 116.739
          120.41 120.409 120.408 120.405 120.402 120.398 120.393 120.387 120.38 120.372 120.364 120.355
          120.345 120.334 120.323 120.311 120.299 120.286 120.272 120.258 120.243 120.228 120.212 120.196
          120.18 120.163 120.146 120.129 120.111 120.093 120.075 120.056 120.038 120.019 119.999 119.98
          119.961 119.941 119.921 119.901 119.881 119.861 119.842 119.822 119.803 119.786 119.771 119.758
          119.747 119.738 119.73 119.724 118.708 117.999 117.651 117.42 117.178 116.923 116.784 116.701
          116.639 116.593 116.568 116.555 116.549 116.547 116.548 116.551 116.555 116.559 116.564 116.569
          116.574 116.579 116.583 116.588 120.418 120.418 120.416 120.413 120.41 120.405 120.4 120.393
          120.386 120.377 120.368 120.358 120.347 120.336 120.323 120.31 120.297 120.283 120.268 120.253
          120.237 120.221 120.204 120.187 120.169 120.151 120.133 120.115 120.096 120.077 120.058 120.038
          120.019 119.999 119.979 119.958 119.938 119.917 119.896 119.876 119.855 119.833 119.812 119.791
          119.77 119.748 119.727 119.706 119.686 119.666 119.647 119.631 119.617 119.605 119.596 119.588
          119.582 118.317 117.693 117.392 117.152 116.863 116.685 116.586 116.517 116.466 116.438 116.424
          116.417 116.415 116.416 116.419 116.423 116.428 116.432 116.438 120.433 120.432 120.43 120.427
          120.423 120.418 120.412 120.404 120.396 120.387 120.377 120.366 120.354 120.341 120.327 120.313
          120.298 120.283 120.267 120.251 120.234 120.216 120.198 120.18 120.161 120.142 120.123 120.103
          120.083 120.063 120.043 120.022 120.001 119.981 119.959 119.938 119.917 119.895 119.874 119.852
          119.83 119.808 119.786 119.764 119.742 119.719 119.697 119.674 119.652 119.63 119.607 119.585
          119.563 119.542 119.522 119.503 119.487 119.473 119.462 119.452 119.444 118.652 117.681 117.312
          117.059 116.773 116.562 116.455 116.384 116.332 116.304 116.291 116.285 116.283 116.285 116.289
          120.453 120.452 120.45 120.447 120.442 120.437 120.429 120.421 120.412 120.402 120.39 120.378
          120.365 120.351 120.336 120.32 120.304 120.287 120.27 120.252 120.233 120.215 120.195 120.176
          120.156 120.135 120.115 120.094 120.073 120.051 120.03 120.008 119.986 119.964 119.942 119.92
          119.897 119.875 119.852 119.83 119.807 119.784 119.761 119.738 119.715 119.692 119.669 119.646
          119.623 119.599 119.576 119.553 119.53 119.506 119.483 119.46 119.437 119.415 119.394 119.373
          119.355 119.34 119.326 119.315 119.306 119.3 117.635 117.18 116.916 116.629 116.415 116.311
          116.242 116.194 116.169 116.158 120.48 120.479 120.477 120.473 120.468 120.461 120.453 120.444
          120.434 120.422 120.409 120.395 120.381 120.365 120.349 120.331 120.314 120.295 120.276 120.256
          120.236 120.216 120.195 120.174 120.152 120.131 120.109 120.086 120.064 120.041 120.019 119.996
          119.973 119.949 119.926 119.903 119.879 119.856 119.832 119.809 119.785 119.761 119.738 119.714
          119.69 119.666 119.642 119.618 119.595 119.571 119.547 119.523 119.499 119.475 119.451 119.427
          119.403 119.379 119.355 119.331 119.308 119.285 119.262 119.241 119.222 119.205 119.19 119.178
          119.167 119.16 117.468 117.003 116.736 116.448 116.252 116.159 120.515 120.514 120.511 120.507
          120.501 120.493 120.484 120.473 120.461 120.448 120.434 120.418 120.402 120.384 120.366 120.347
          120.327 120.307 120.286 120.264 120.242 120.22 120.198 120.175 120.152 120.128 120.105 120.081
          120.057 120.033 120.009 119.985 119.96 119.936 119.912 119.887 119.863 119.838 119.813 119.789
          119.764 119.74 119.715 119.69 119.666 119.641 119.617 119.592 119.567 119.543 119.518 119.494
          119.469 119.444 119.42 119.395 119.371 119.346 119.322 119.297 119.273 119.248 119.224 119.2
          119.176 119.152 119.129 119.107 119.087 119.069 119.053 119.04 119.028 119.02 117.221 116.795
          120.558 120.557 120.554 120.549 120.542 120.533 120.522 120.51 120.496 120.481 120.464 120.446
          120.428 120.408 120.388 120.366 120.344 120.322 120.299 120.275 120.251 120.227 120.203 120.178
          120.153 120.128 120.103 120.077 120.052 120.026 120.001 119.975 119.949 119.924 119.898 119.872
          119.847 119.821 119.795 119.77 119.744 119.719 119.693 119.668 119.642 119.617 119.592 119.566
          119.541 119.516 119.491 119.465 119.44 119.415 119.39 119.365 119.34 119.315 119.29 119.265
          119.24 119.215 119.19 119.165 119.14 119.116 119.091 119.067 119.042 119.019 118.995 118.973
          118.952 118.933 118.916 118.901 120.611 120.61 120.606 120.6 120.591 120.581 120.568 120.554
          120.538 120.52 120.501 120.481 120.459 120.437 120.414 120.39 120.365 120.34 120.315 120.289
          120.263 120.236 120.21 120.183 120.156 120.129 120.102 120.075 120.048 120.021 119.993 119.966
          119.939 119.912 119.885 119.858 119.832 119.805 119.778 119.752 119.725 119.699 119.672 119.646
          119.62 119.593 119.567 119.541 119.515 119.489 119.464 119.438 119.412 119.386 119.361 119.335
          119.31 119.284 119.259 119.233 119.208 119.183 119.158 119.132 119.107 119.082 119.057 119.032
          119.007 118.982 118.958 118.933 118.909 118.885 118.861 118.839 120.675 120.674 120.669 120.662
          120.651 120.639 120.624 120.607 120.587 120.567 120.545 120.521 120.496 120.471 120.445 120.418
          120.39 120.362 120.334 120.305 120.277 120.248 120.219 120.19 120.161 120.132 120.103 120.074
          120.045 120.016 119.987 119.958 119.93 119.902 119.873 119.845 119.817 119.789 119.761 119.734
          119.706 119.679 119.651 119.624 119.597 119.57 119.543 119.517 119.49 119.464 119.437 119.411
          119.384 119.358 119.332 119.306 119.28 119.254 119.229 119.203 119.177 119.152 119.126 119.101
          119.075 119.05 119.025 119 118.975 118.95 118.925 118.9 118.875 118.85 118.825 118.801
          120.754 120.752 120.746 120.736 120.724 120.708 120.69 120.669 120.646 120.622 120.595 120.568
          120.539 120.51 120.48 120.45 120.419 120.387 120.356 120.324 120.293 120.261 120.229 120.198
          120.166 120.135 120.104 120.073 120.042 120.012 119.981 119.951 119.921 119.891 119.862 119.832
          119.803 119.774 119.745 119.716 119.688 119.659 119.631 119.603 119.575 119.548 119.52 119.493
          119.465 119.438 119.411 119.384 119.358 119.331 119.304 119.278 119.252 119.225 119.199 119.173
          119.147 119.122 119.096 119.07 119.045 119.019 118.994 118.969 118.943 118.918 118.893 118.868
          118.843 118.819 118.794 118.769 120.849 120.847 120.839 120.827 120.811 120.791 120.768 120.743
          120.715 120.685 120.654 120.622 120.588 120.554 120.52 120.485 120.45 120.415 120.38 120.345
          120.31 120.276 120.241 120.207 120.173 120.14 120.106 120.073 120.04 120.008 119.976 119.944
          119.912 119.881 119.85 119.819 119.789 119.759 119.729 119.699 119.669 119.64 119.611 119.582
          119.554 119.525 119.497 119.469 119.441 119.413 119.386 119.358 119.331 119.304 119.277 119.25
          119.224 119.197 119.171 119.145 119.119 119.093 119.067 119.041 119.015 118.99 118.964 118.939
          118.914 118.888 118.863 118.838 118.814 118.789 118.764 118.74 120.967 120.964 120.954 120.937
          120.916 120.891 120.861 120.829 120.794 120.758 120.72 120.682 120.643 120.603 120.563 120.524
          120.484 120.445 120.406 120.367 120.329 120.291 120.254 120.217 120.18 120.144 120.108 120.073
          120.038 120.004 119.97 119.937 119.903 119.871 119.838 119.806 119.775 119.743 119.712 119.681
          119.651 119.621 119.591 119.561 119.532 119.503 119.474 119.446 119.417 119.389 119.361 119.333
          119.306 119.278 119.251 119.224 119.197 119.17 119.144 119.117 119.091 119.065 119.039 119.013
          118.987 118.961 118.936 118.911 118.885 118.86 118.835 118.81 118.785 118.761 118.736 118.712
          121.116 121.111 121.096 121.074 121.044 121.009 120.971 120.929 120.885 120.84 120.794 120.748
          120.702 120.656 120.61 120.565 120.52 120.476 120.433 120.39 120.348 120.307 120.266 120.226
          120.187 120.148 120.11 120.073 120.036 120 119.964 119.929 119.894 119.86 119.826 119.793
          119.76 119.728 119.696 119.664 119.633 119.602 119.571 119.541 119.511 119.481 119.452 119.423
          119.394 119.365 119.337 119.309 119.281 119.253 119.225 119.198 119.171 119.144 119.117 119.091
          119.064 119.038 119.012 118.986 118.96 118.935 118.909 118.884 118.859 118.833 118.808 118.784
          118.759 118.734 118.71 118.686 121.311 121.302 121.279 121.244 121.201 121.152 121.099 121.044
          120.988 120.931 120.875 120.819 120.765 120.711 120.658 120.607 120.557 120.507 120.459 120.412
          120.366 120.321 120.278 120.235 120.192 120.151 120.111 120.071 120.033 119.994 119.957 119.92
          119.884 119.849 119.814 119.779 119.745 119.712 119.679 119.646 119.614 119.582 119.551 119.52
          119.49 119.46 119.43 119.4 119.371 119.342 119.313 119.285 119.256 119.229 119.201 119.173
          119.146 119.119 119.092 119.065 119.039 119.013 118.987 118.961 118.935 118.909 118.884 118.858
          118.833 118.808 118.783 118.759 118.734 118.71 118.685 118.661 121.586 121.564 121.522 121.463
          121.394 121.321 121.247 121.173 121.1 121.029 120.96 120.894 120.829 120.767 120.707 120.649
          120.592 120.538 120.485 120.433 120.383 120.335 120.287 120.241 120.197 120.153 120.11 120.069
          120.028 119.988 119.949 119.911 119.873 119.836 119.8 119.765 119.73 119.695 119.662 119.628
          119.596 119.563 119.531 119.5 119.469 119.438 119.408 119.378 119.349 119.319 119.29 119.262
          119.233 119.205 119.177 119.15 119.122 119.095 119.068 119.042 119.015 118.989 118.963 118.937
          118.911 118.885 118.86 118.835 118.81 118.785 118.76 118.735 118.711 118.686 118.662 118.638
          121.982 121.974 121.866 121.745 121.627 121.515 121.41 121.311 121.218 121.13 121.047 120.968
          120.893 120.821 120.753 120.688 120.625 120.565 120.507 120.451 120.397 120.345 120.295 120.246
          120.198 120.152 120.108 120.064 120.021 119.98 119.939 119.9 119.861 119.823 119.786 119.749
          119.714 119.679 119.644 119.61 119.577 119.544 119.512 119.48 119.449 119.418 119.387 119.357
          119.327 119.298 119.268 119.24 119.211 119.183 119.155 119.127 119.1 119.073 119.046 119.019
          118.992 118.966 118.94 118.914 118.888 118.863 118.838 118.812 118.787 118.763 118.738 118.713
          118.689 118.665 118.64 118.616 123.421 122.669 122.323 122.079 121.885 121.721 121.578 121.45
          121.334 121.227 121.129 121.037 120.951 120.871 120.794 120.722 120.653 120.588 120.525 120.465
          120.408 120.352 120.299 120.247 120.197 120.149 120.102 120.057 120.013 119.97 119.928 119.887
          119.848 119.809 119.771 119.734 119.697 119.662 119.627 119.592 119.559 119.525 119.493 119.46
          119.429 119.398 119.367 119.336 119.306 119.277 119.248 119.219 119.19 119.162 119.134 119.106
          119.079 119.051 119.024 118.998 118.971 118.945 118.919 118.893 118.867 118.842 118.817 118.792
          118.767 118.742 118.717 118.693 118.668 118.644 118.62 118.596 124.638 123.319 122.75 122.389
          122.123 121.91 121.73 121.575 121.437 121.313 121.2 121.097 121.001 120.911 120.828 120.749
          120.675 120.604 120.538 120.474 120.413 120.355 120.299 120.245 120.193 120.143 120.095 120.048
          120.002 119.958 119.916 119.874 119.833 119.794 119.755 119.718 119.681 119.645 119.609 119.574
          119.54 119.507 119.474 119.442 119.41 119.378 119.347 119.317 119.287 119.257 119.228 119.199
          119.17 119.142 119.114 119.086 119.059 119.031 119.005 118.978 118.951 118.925 118.899 118.873
          118.848 118.822 118.797 118.772 118.747 118.722 118.698 118.673 118.649 118.625 118.601 118.577
          124.914 123.628 123.015 122.607 122.3 122.055 121.849 121.673 121.518 121.38 121.255 121.141
          121.037 120.94 120.851 120.767 120.688 120.613 120.543 120.476 120.413 120.352 120.294 120.238
          120.185 120.134 120.084 120.036 119.99 119.945 119.902 119.859 119.818 119.778 119.739 119.701
          119.664 119.628 119.592 119.557 119.523 119.489 119.456 119.423 119.391 119.36 119.329 119.298
          119.268 119.238 119.209 119.18 119.151 119.123 119.095 119.067 119.04 119.013 118.986 118.959
          118.933 118.907 118.881 118.855 118.829 118.804 118.779 118.754 118.729 118.704 118.679 118.655
          118.631 118.607 118.583 118.559 125.071 123.779 123.156 122.733 122.41 122.147 121.927 121.737
          121.57 121.422 121.289 121.168 121.057 120.955 120.861 120.773 120.691 120.614 120.541 120.472
          120.406 120.344 120.285 120.228 120.174 120.122 120.071 120.023 119.976 119.931 119.887 119.844
          119.803 119.762 119.723 119.685 119.647 119.611 119.575 119.54 119.506 119.472 119.439 119.406
          119.374 119.342 119.311 119.281 119.251 119.221 119.192 119.163 119.134 119.106 119.078 119.05
          119.022 118.995 118.968 118.942 118.915 118.889 118.863 118.837 118.812 118.786 118.761 118.736
          118.711 118.687 118.662 118.638 118.614 118.59 118.566 118.542 125.139 123.847 123.22 122.791
          122.46 122.19 121.961 121.764 121.591 121.438 121.3 121.175 121.06 120.955 120.858 120.768
          120.684 120.606 120.531 120.462 120.395 120.332 120.272 120.215 120.16 120.108 120.057 120.008
          119.961 119.916 119.871 119.829 119.787 119.747 119.707 119.669 119.631 119.595 119.559 119.524
          119.489 119.455 119.422 119.39 119.358 119.326 119.295 119.264 119.234 119.204 119.175 119.146
          119.117 119.089 119.061 119.033 119.006 118.979 118.952 118.925 118.899 118.873 118.847 118.821
          118.795 118.77 118.745 118.72 118.695 118.67 118.646 118.622 118.597 118.573 118.549 118.526
          125.143 123.85 123.223 122.792 122.46 122.188 121.958 121.759 121.584 121.429 121.29 121.164
          121.049 120.943 120.846 120.755 120.671 120.592 120.517 120.447 120.381 120.318 120.258 120.2
          120.145 120.093 120.042 119.993 119.946 119.9 119.856 119.813 119.772 119.731 119.692 119.653
          119.616 119.579 119.543 119.508 119.474 119.44 119.407 119.374 119.342 119.31 119.279 119.249
          119.219 119.189 119.159 119.13 119.102 119.073 119.045 119.018 118.99 118.963 118.936 118.91
          118.883 118.857 118.831 118.805 118.78 118.755 118.729 118.704 118.68 118.655 118.63 118.606
          118.582 118.558 118.534 118.51
        </DataArray>
        <DataArray type="Float32" Name="mob_gas" NumberOfComponents="1" format="ascii">
          0 0 0 0 0 0 0 0 0 0 0 0
          0 0 0 0 0 0 0 0 0 0 0 0
          0 0 0 0 0 0 0 0 0 0 0 0
          0 0 0 0 0 0 0 0 0 0 0 0
          0 0 0 0 0 0 0 0 0 0 0 0
          0 0 0 0 0 0 0 0 0 0 0 0
          0 0 0 0 0 0 0 0 0 0 0 0
          0 0 0 0 0 0 0 0 0 0 0 0
          0 0 0 0 0 0 0 0 0 0 0 0
          0 0 0 0 0 0 0 0 0 0 0 0
          0 0 0 0 0 0 0 0 0 0 0 0
          0 0 0 0 0 0 0 0 0 0 0 0
          0 0 0 0 0 0 0 0 0 0 0 0
          0 0 0 0 0 0 0 0 0 0 0 0
          0 0 0 0 0 0 0 0 0 0 0 0
          0 0 0 0 0 0 0 0 0 0 0 0
          0 0 0 0 0 0 0 0 0 0 0 0
          0 0 0 0 0 0 0 0 0 0 0 0
          0 0 0 0 0 0 0 0 0 0 0 0
          0 0 0 0 0 0 0 0 0 0 0 0
          0 0 0 0 0 0 0 0 0 0 0 0
          0 0 0 0 0 0 0 0 0 0 0 0
          0 0 0 0 0 0 0 0 0 0 0 0
          0 0 0 0 0 0 0 0 0 0 0 0
          0 0 0 0 0 0 0 0 0 0 0 0
          0 0 0 0 41.1052 39.134 34.1917 26.8186 17.3233 5.91753 0.0136097 0
          0 0 0 0 0 0 0 0 0 0 0 0
          0 0 0 0 0 0 0 0 0 0 0 0
          0 0 0 0 0 0 0 0 0 0 0 0
          0 0 0 0 0 0 0 0 0 0 0 0
          0 0 0 0 0 0 0 0 0 0 0 0
          0 0 0 0 0 0 0 0 1988.61 1983.07 1968.19 1944.27
          1911.37 1871.03 1826.28 1761.33 1686.69 1602.61 1508.59 1404.21 1288.82 1161.77 1025.77 881.9
          731.172 576.657 424.513 284.767 169.685 87.7726 36.3044 3.18072 0.00012815 0 0 0
          0 0 0 0 0 0 0 0 0 0 0 0
          0 0 0 0 0 0 0 0 0 0 0 0
          0 0 0 0 0 0 0 0 0 0 0 0
          0 0 0 0 0 0 0 0 0 0 0 0
          2445.17 2442.69 2436.18 2426.34 2413.7 2398.58 2380.85 2361.03 2338.89 2314.67 2288.47 2260.31
          2230.15 2197.76 2160.95 2118.3 2068.61 2009.74 1938.67 1852.2 1746.93 1620.6 1472.83 1311.68
          1132.14 936.06 734.806 536.599 354.013 203.831 99.5898 40.4113 8.84653 0.0169587 0 0
          0 0 0 0 0 0 0 0 0 0 0 0
          0 0 0 0 0 0 0 0 0 0 0 0
          0 0 0 0 0 0 0 0 0 0 0 0
          0 0 0 0 2624.82 2622.09 2615.04 2604.55 2591.27 2575.64 2557.95 2538.42
          2517.25 2494.56 2470.5 2445.19 2418.75 2391.26 2362.77 2333.31 2302.88 2271.44 2238.87 2204.6
          2168.28 2129.61 2087.99 2042.2 1991.08 1932.34 1862.76 1778.31 1674.11 1545.72 1391 1210.99
          1011.57 802.514 586.138 384.198 217.82 103.162 39.7713 8.25396 0.0148812 0 0 0
          0 0 0 0 0 0 0 0 0 0 0 0
          0 0 0 0 0 0 0 0 0 0 0 0
          0 0 0 0 0 0 0 0 2796.42 2793.18 2784.88 2772.63
          2757.25 2739.24 2718.98 2696.73 2672.71 2647.1 2620.07 2591.78 2562.37 2532 2500.79 2468.86
          2436.34 2403.31 2369.87 2336.07 2301.97 2267.59 2232.94 2197.86 2162.11 2125.64 2088.3 2049.76
          2009.35 1966.3 1919.47 1867.23 1807 1734.93 1646.14 1534.62 1395.47 1227.13 1032.46 819.831
          603.875 395.75 222.748 103.612 38.2504 6.02825 0.00339446 0 0 0 0 0
          0 0 0 0 0 0 0 0 0 0 0 0
          0 0 0 0 0 0 0 0 0 0 0 0
          2976.86 2972.98 2963.12 2948.73 2930.77 2909.87 2886.45 2860.83 2833.27 2803.99 2773.19 2741.06
          2707.78 2673.52 2638.42 2602.64 2566.31 2529.54 2492.45 2455.14 2417.7 2380.2 2342.72 2305.32
          2268.06 2230.96 2193.97 2157.01 2120.14 2083.44 2046.77 2009.93 1972.62 1934.39 1894.57 1852.24
          1806.11 1754.38 1694.4 1622.2 1532.2 1418.13 1274.54 1100.34 900.012 685.167 473.814 283.675
          141.374 55.9417 12.7303 0.0454995 0 0 0 0 0 0 0 0
          0 0 0 0 0 0 0 0 0 0 0 0
          0 0 0 0 3169.05 3164.36 3152.6 3135.61 3114.57 3090.21 3063.05 3033.46
          3001.73 2968.15 2932.95 2896.36 2858.58 2819.81 2780.23 2740.01 2699.28 2658.2 2616.88 2575.45
          2533.99 2492.61 2451.38 2410.38 2369.67 2329.31 2289.35 2249.82 2210.74 2171.98 2133.61 2095.76
          2058.43 2021.58 1985.14 1949.02 1913.05 1876.96 1840.38 1802.71 1763.08 1720.24 1672.49 1617.39
          1551.44 1469.57 1365.36 1232.66 1068.51 876.244 666.428 459.683 273.467 134.343 50.9644 7.43108
          0.00327946 0 0 0 0 0 0 0 0 0 0 0
          0 0 0 0 0 0 0 0 3375.36 3369.65 3355.53 3335.37
          3310.59 3282.09 3250.46 3216.14 3179.5 3140.86 3100.51 3058.72 3015.74 2971.79 2927.07 2881.79
          2836.09 2790.15 2744.1 2698.06 2652.15 2606.45 2561.06 2516.05 2471.49 2427.44 2383.94 2341.03
          2298.75 2257.12 2216.16 2175.73 2135.91 2096.83 2058.49 2020.86 1983.93 1947.68 1912.05 1876.96
          1842.29 1807.88 1773.45 1738.61 1702.76 1665.01 1624.05 1578.03 1524.41 1459.51 1378.2 1274.04
          1141.05 976.798 785.512 580.422 383.428 214.487 96.2989 28.3265 0.43493 0 0 0
          0 0 0 0 0 0 0 0 0 0 0 0
          3598.51 3591.48 3574.4 3550.31 3520.97 3487.44 3450.42 3410.43 3367.93 3323.31 3276.91 3229.05
          3180.02 3130.09 3079.49 3028.44 2977.12 2925.71 2874.36 2823.2 2772.35 2721.9 2671.94 2622.56
          2573.81 2525.76 2478.43 2431.88 2386.13 2341.21 2297.12 2253.89 2211.48 2169.79 2128.95 2088.99
          2049.92 2011.71 1974.36 1937.85 1902.14 1867.21 1833.01 1799.47 1766.49 1733.94 1701.6 1669.17
          1636.19 1601.97 1565.49 1525.24 1479.1 1424.13 1356.17 1269.6 1158 1016.47 844.991 651.199
          455.34 275.484 136.528 48.2999 2.308 3.77094e-06 0 0 0 0 0 0
          0 0 0 0 3841.78 3833 3812.14 3783.14 3748.17 3708.46 3664.87 3618.04
          3568.51 3516.75 3463.19 3408.21 3352.14 3295.29 3237.93 3180.3 3122.61 3065.05 3007.77 2950.91
          2894.6 2838.93 2783.99 2729.85 2676.58 2624.21 2572.8 2522.36 2472.93 2424.52 2377.14 2330.8
          2285.49 2241.21 2197.85 2155.45 2114.08 2073.73 2034.38 1996.02 1958.62 1922.17 1886.63 1851.99
          1818.2 1785.24 1753.06 1721.58 1690.73 1660.37 1630.34 1600.37 1570.06 1538.84 1505.85 1469.79
          1428.83 1380.39 1320.85 1245.33 1147.77 1022.51 867.172 685.931 495.246 314.237 165.213 62.8855
          3.88915 3.7106e-05 0 0 0 0 0 0 4109.25 4098.1 4072.35 4037.12
          3995.07 3947.69 3896.01 3840.82 3782.78 3722.47 3660.4 3597.01 3532.71 3467.84 3402.71 3337.58
          3272.67 3208.18 3144.28 3081.11 3018.78 2957.4 2897.03 2837.75 2779.6 2722.64 2666.87 2612.33
          2559.04 2506.98 2456.18 2406.62 2358.29 2311.19 2265.29 2220.5 2176.84 2134.35 2093.02 2052.82
          2013.72 1975.71 1938.75 1902.81 1867.87 1833.91 1800.88 1768.75 1737.5 1707.07 1677.42 1648.49
          1620.19 1592.41 1564.97 1537.64 1510.07 1481.73 1451.84 1419.26 1382.31 1338.64 1284.99 1216.93
          1128.84 1014.98 871.851 701.339 517.572 338.744 185 72.0723 3.84758 1.45348e-05 0 0
          4406.1 4391.67 4359.46 4316.2 4265.14 4208.1 4146.34 4080.84 4012.42 3941.78 3869.54 3796.21
          3722.26 3648.08 3574 3500.3 3427.23 3354.98 3283.71 3213.55 3144.63 3077.01 3010.77 2945.97
          2882.62 2820.77 2760.43 2701.59 2644.28 2588.46 2534.15 2481.31 2429.94 2380 2331.47 2284.33
          2238.46 2193.91 2150.69 2108.76 2068.09 2028.65 1990.4 1953.3 1917.34 1882.46 1848.64 1815.84
          1784.04 1753.19 1723.26 1694.21 1666.01 1638.61 1611.96 1586 1560.63 1535.76 1511.22 1486.78
          1462.1 1436.69 1409.82 1380.43 1346.96 1307.22 1258.18 1195.77 1114.77 1009.59 876.122 714.628
          538.285 361.955 204.385 79.8839 4739.14 4720.02 4679.12 4625.3 4562.57 4493.18 4418.71 4340.36
          4259.17 4175.97 4091.5 4006.37 3921.09 3836.1 3751.73 3668.29 3586.01 3505.08 3425.64 3347.82
          3271.7 3197.35 3124.81 3054.11 2985.27 2918.3 2853.18 2789.92 2728.48 2668.85 2610.99 2554.89
          2500.5 2447.79 2396.72 2347.25 2299.33 2252.89 2207.96 2164.5 2122.47 2081.82 2042.51 2004.51
          1967.76 1932.23 1897.87 1864.66 1832.53 1801.47 1771.42 1742.35 1714.23 1687.02 1660.68 1635.17
          1610.46 1586.49 1563.22 1540.58 1518.49 1496.84 1475.47 1454.16 1432.58 1410.26 1386.51 1360.31
          1330.21 1294.17 1249.4 1192.14 1117.61 1020.44 896.004 743.31 5117.57 5091.5 5038.6 4970.59
          4892.46 4807.03 4716.29 4621.76 4524.72 4426.18 4326.98 4227.82 4129.24 4031.7 3935.55 3841.07
          3748.46 3657.88 3569.46 3483.28 3399.39 3317.82 3238.59 3161.7 3087.13 3014.86 2944.85 2877.09
          2811.51 2748.09 2686.76 2627.49 2570.22 2514.9 2461.47 2409.89 2360.11 2312.04 2265.68 2220.99
          2177.91 2136.38 2096.36 2057.79 2020.62 1984.79 1950.26 1916.98 1884.9 1853.97 1824.15 1795.4
          1767.67 1740.93 1715.13 1690.24 1666.23 1643.04 1620.66 1599.04 1578.14 1557.92 1538.33 1519.31
          1500.77 1482.61 1464.66 1446.72 1428.46 1409.44 1388.99 1366.17 1339.65 1307.57 1267.41 1215.88
          5554.25 5517.5 5447.55 5359.96 5261.03 5154.38 5042.53 4927.42 4810.58 4693.21 4576.24 4460.4
          4346.27 4234.25 4124.67 4017.75 3913.65 3812.47 3714.27 3619.08 3526.91 3437.72 3351.5 3268.19
          3187.75 3110.11 3035.22 2963 2893.39 2826.32 2761.71 2699.49 2639.6 2581.96 2526.5 2473.15
          2421.86 2372.55 2325.18 2279.68 2235.99 2194.04 2153.76 2115.08 2077.93 2042.27 2008.01 1975.12
          1943.52 1913.17 1884.02 1856 1829.08 1803.21 1778.35 1754.44 1731.46 1709.37 1688.12 1667.68
          1648.03 1629.12 1610.92 1593.41 1576.53 1560.25 1544.53 1529.29 1514.45 1499.92 1485.53 1471.07
          1456.24 1440.63 1423.61 1404.34 6067.99 6014.05 5918.99 5803.53 5675.81 5540.52 5400.92 5259.39
          5117.71 4977.2 4838.83 4703.28 4571.06 4442.47 4317.74 4196.99 4080.27 3967.58 3858.9 3754.16
          3653.3 3556.23 3462.85 3373.06 3286.76 3203.85 3124.23 3047.78 2974.4 2904 2836.47 2771.71
          2709.63 2650.13 2593.12 2538.52 2486.25 2436.24 2388.43 2342.71 2299 2257.2 2217.22 2179
          2142.45 2107.5 2074.07 2042.09 2011.5 1982.24 1954.23 1927.44 1901.79 1877.23 1853.73 1831.22
          1809.67 1789.04 1769.27 1750.35 1732.22 1714.86 1698.24 1682.31 1667.06 1652.44 1638.43 1625
          1612.11 1599.71 1587.75 1576.17 1564.89 1553.78 1542.71 1531.47 6687.86 6604.71 6470.9 6314.27
          6145.56 5970.91 5794.39 5618.76 5445.91 5277.1 5113.14 4954.52 4801.51 4654.23 4512.69 4376.81
          4246.48 4121.56 4001.88 3887.27 3777.55 3672.53 3572.06 3475.96 3384.05 3296.19 3212.22 3131.99
          3055.35 2982.16 2912.29 2845.61 2781.99 2721.32 2663.46 2608.33 2555.82 2505.89 2458.38 2413.17
          2370.15 2329.21 2290.24 2253.16 2217.86 2184.25 2152.26 2121.79 2092.78 2065.14 2038.81 2013.73
          1989.82 1967.04 1945.32 1924.62 1904.88 1886.05 1868.11 1850.99 1834.67 1819.1 1804.25 1790.09
          1776.58 1763.69 1751.39 1739.66 1728.45 1717.73 1707.48 1697.65 1688.2 1679.08 1670.24 1661.6
          7461.99 7325.74 7128.52 6908.35 6679.56 6449.91 6223.98 6004.45 5792.81 5589.81 5395.75 5210.62
          5034.25 4866.36 4706.59 4554.6 4410.02 4272.47 4141.62 4017.14 3898.71 3786.05 3678.88 3576.95
          3480.02 3387.86 3300.25 3217 3137.91 3062.79 2991.47 2923.77 2859.55 2798.63 2740.88 2686.18
          2634.41 2585.5 2539.21 2495.4 2453.93 2414.68 2377.51 2342.32 2308.99 2277.42 2247.51 2219.16
          2192.3 2166.84 2142.69 2119.8 2098.08 2077.47 2057.91 2039.35 2021.73 2004.99 1989.1 1974.01
          1959.66 1946.03 1933.07 1920.75 1909.03 1897.87 1887.24 1877.1 1867.43 1858.19 1849.35 1840.87
          1832.71 1824.84 1817.22 1809.79 8480.56 8235.92 7926.94 7603.75 7284.74 6977.83 6686.29 6411.13
          6152.27 5909.06 5680.64 5466.04 5264.29 5074.46 4895.69 4727.21 4568.28 4418.28 4276.63 4142.81
          4016.34 3896.81 3783.82 3677.03 3576.1 3480.73 3390.63 3305.54 3225.21 3149.39 3077.86 3010.41
          2946.82 2886.91 2830.51 2777.46 2727.66 2680.88 2636.86 2595.45 2556.48 2519.8 2485.27 2452.75
          2422.13 2393.27 2366.07 2340.43 2316.25 2293.44 2271.92 2251.6 2232.41 2214.29 2197.15 2180.96
          2165.64 2151.14 2137.41 2124.4 2112.07 2100.38 2089.27 2078.71 2068.65 2059.08 2049.93 2041.19
          2032.81 2024.76 2017 2009.5 2002.22 1995.12 1988.16 1981.32 9919.18 9439.09 8909.4 8411.88
          7957.46 7544.45 7168.75 6826.05 6512.36 6224.19 5958.55 5712.89 5485.03 5273.14 5075.67 4891.29
          4718.87 4557.44 4406.15 4264.27 4131.15 4006.22 3888.96 3778.9 3675.61 3578.71 3487.82 3402.6
          3322.73 3247.91 3177.84 3112.26 3050.92 2993.58 2940.03 2890.11 2843.62 2800.18 2759.58 2721.61
          2686.11 2652.89 2621.8 2592.69 2565.42 2539.87 2515.92 2493.45 2472.36 2452.55 2433.95 2416.45
          2399.99 2384.49 2369.88 2356.11 2343.1 2330.81 2319.17 2308.15 2297.69 2287.75 2278.28 2269.25
          2260.6 2252.31 2244.33 2236.63 2229.17 2221.91 2214.83 2207.87 2201.02 2194.23 2187.47 2180.7
          12563.4 11084.5 10088.6 9308.57 8664.71 8117.41 7642.87 7225.28 6853.52 6519.45 6216.96 5941.33
          5688.91 5456.77 5242.56 5044.36 4860.61 4689.97 4531.33 4383.74 4246.35 4118.43 3999.32 3888.44
          3785.23 3689.21 3599.9 3516.88 3439.74 3368.1 3301.6 3239.92 3182.74 3129.8 3080.84 3035.64
          2993.75 2954.86 2918.76 2885.22 2854.04 2825.05 2798.08 2772.96 2749.56 2727.73 2707.36 2688.34
          2670.55 2653.9 2638.3 2623.67 2609.92 2596.99 2584.81 2573.31 2562.43 2552.13 2542.34 2533.02
          2524.13 2515.61 2507.42 2499.53 2491.89 2484.47 2477.22 2470.12 2463.14 2456.22 2449.35 2442.49
          2435.62 2428.69 2421.68 2414.56 17083.2 13032.3 11308 10168.2 9312.85 8628.49 8059.16 7572.89
          7149.6 6775.83 6442.18 6141.8 5869.6 5621.65 5394.91 5186.95 4995.79 4819.81 4657.63 4508.07
          4370.11 4242.84 4125.47 4017.25 3917.51 3825.63 3741.04 3663.2 3591.61 3525.81 3465.36 3409.87
          3358.98 3312.35 3269.72 3230.53 3194.41 3161.12 3130.4 3102.04 3075.84 3051.6 3029.16 3008.36
          2989.06 2971.12 2954.42 2938.86 2924.33 2910.73 2897.99 2886.03 2874.76 2864.12 2854.05 2844.49
          2835.39 2826.69 2818.34 2810.3 2802.52 2794.97 2787.61 2780.39 2773.29 2766.26 2759.28 2752.32
          2745.34 2738.32 2731.23 2724.04 2716.74 2709.28 2701.66 2693.85 18968.9 13920.6 11988.1 10701.6
          9742.69 8983.99 8359.89 7832.25 7377.11 6978.55 6625.56 6310.22 6026.68 5770.49 5538.19 5327
          5134.69 4959.36 4799.42 4653.5 4520.36 4398.93 4288.23 4187.36 4095.5 4011.9 3935.86 3866.72
          3803.89 3746.83 3695.01 3648 3605.38 3566.78 3531.57 3499.35 3469.85 3442.82 3418.02 3395.23
          3374.26 3354.94 3337.1 3320.59 3305.29 3291.07 3277.83 3265.46 3253.87 3242.98 3232.71 3223
          3213.77 3204.97 3196.54 3188.43 3180.6 3172.99 3165.58 3158.3 3151.14 3144.05 3137.01 3129.98
          3122.93 3115.83 3108.66 3101.4 3094.02 3086.5 3078.82 3070.96 3062.91 3054.65 3046.16 3037.43
          18965.2 13968.9 12115.1 10867.2 9921.33 9162.65 8532.89 7997.87 7535.7 7131.55 6774.9 6458.05
          6175.18 5921.76 5694.2 5489.54 5305.34 5139.48 4990.15 4855.74 4734.82 4626.1 4528.41 4440.69
          4361.95 4291.31 4227.95 4171.13 4120.16 4074.46 4033.45 3996.69 3963.66 3933.69 3906.45 3881.66
          3859.06 3838.43 3819.56 3802.24 3786.33 3771.65 3758.07 3745.47 3733.73 3722.76 3712.47 3702.76
          3693.57 3684.82 3676.45 3668.41 3660.64 3653.1 3645.74 3638.51 3631.38 3624.32 3617.28 3610.25
          3603.19 3596.07 3588.86 3581.56 3574.13 3566.55 3558.82 3550.9 3542.79 3534.48 3525.94 3517.18
          3508.17 3498.92 3489.42 3479.65 18964.3 13964.8 12135.5 10915.3 9992.92 9252.7 8637.89 8116.05
          7666.7 7275.92 6933.77 6632.81 6367.28 6132.57 5924.89 5741.05 5578.32 5434.33 5306.98 5194.41
          5094.97 5007.17 4929.65 4861.24 4800.84 4747.5 4700.36 4658.66 4621.69 4588.88 4559.74 4533.59
          4509.94 4488.54 4469.15 4451.53 4435.47 4420.78 4407.29 4394.87 4383.36 4372.67 4362.67 4353.28
          4344.4 4335.97 4327.92 4320.17 4312.68 4305.39 4298.25 4291.23 4284.28 4277.36 4270.46 4263.52
          4256.54 4249.48 4242.32 4235.03 4227.61 4220.02 4212.26 4204.31 4196.15 4187.79 4179.2 4170.38
          4161.32 4152.01 4142.46 4132.65 4122.58 4112.25 4101.66 4090.79 18964.2 13967.2 12154 10958
          10065.7 9359.94 8782.6 8300.54 7892.74 7544.87 7246.53 6989.84 6768.55 6577.59 6412.76 6270.45
          6147.62 6041.6 5950.1 5871.11 5802.88 5743.89 5692.82 5648.51 5609.99 5576.42 5547.07 5521.32
          5498.54 5478.18 5459.84 5443.29 5428.34 5414.76 5402.39 5391.05 5380.61 5370.93 5361.91 5353.44
          5345.44 5337.83 5330.54 5323.51 5316.67 5309.97 5303.37 5296.82 5290.29 5283.74 5277.15 5270.48
          5263.72 5256.83 5249.81 5242.64 5235.29 5227.75 5220.02 5212.08 5203.91 5195.52 5186.9 5178.03
          5168.91 5159.55 5149.93 5140.05 5129.92 5119.53 5108.88 5097.97 5086.79 5075.35 5063.65 5051.68
          18984.3 14071.1 12361.2 11281.3 10512.5 9933.29 9482.86 9125.85 8839.56 8608.31 8420.67 8267.96
          8143.4 8041.6 7958.22 7889.75 7833.36 7786.75 7748.06 7715.78 7688.69 7665.77 7646.17 7629.2
          7614.35 7601.23 7589.54 7579.06 7569.6 7561.03 7553.19 7545.98 7539.28 7533 7527.07 7521.42
          7515.98 7510.7 7505.53 7500.41 7495.3 7490.15 7484.93 7479.6 7474.13 7468.5 7462.68 7456.66
          7450.42 7443.96 7437.27 7430.33 7423.16 7415.74 7408.08 7400.17 7392.01 7383.6 7374.94 7366.03
          7356.88 7347.47 7337.81 7327.9 7317.73 7307.32 7296.65 7285.73 7274.56 7263.13 7251.45 7239.51
          7227.31 7214.85 7202.14 7189.16
        </DataArray>
        <DataArray type="Float32" Name="pc" NumberOfComponents="1" format="ascii">
          5000 5000 5000 5000 5000 5000 5000 5000 5000 5000 5000 5000
          5000 5000 5000 5000 5000 5000 5000 5000 5000 5000 5000 5000
          5000 5000 5000 5000 5000 5000 5000 5000 5000 5000 5000 5000
          5000 5000 5000 5000 5000 5000 5000 5000 5000 5000 5000 5000
          5000 5000 5000 5000 5000 5000 5000 5000 5000 5000 5000 5000
          5000 5000 5000 5000 5000 5000 5000 5000 5000 5000 5000 5000
          5000 5000 5000 5000 5000 5000 5000 5000 5000 5000 5000 5000
          5000 5000 5000 5000 5000 5000 5000 5000 5000 5000 5000 5000
          5000 5000 5000 5000 5000 5000 5000 5000 5000 5000 5000 5000
          5000 5000 5000 5000 5000 5000 5000 5000 5000 5000 5000 5000
          5000 5000 5000 5000 5000 5000 5000 5000 5000 5000 5000 5000
          5000 5000 5000 5000 5000 5000 5000 5000 5000 5000 5000 5000
          5000 5000 5000 5000 5000 5000 5000 5000 5000 5000 5000 5000
          5000 5000 5000 5000 5000 5000 5000 5000 5000 5000 5000 5000
          5000 5000 5000 5000 5000 5000 5000 5000 5000 5000 5000 5000
          5000 5000 5000 5000 5000 5000 5000 5000 5000 5000 5000 5000
          5000 5000 5000 5000 5000 5000 5000 5000 5000 5000 5000 5000
          5000 5000 5000 5000 5000 5000 5000 5000 5000 5000 5000 5000
          5000 5000 5000 5000 5000 5000 5000 5000 5000 5000 5000 5000
          5000 5000 5000 5000 5000 5000 5000 5000 5000 5000 5000 5000
          5000 5000 5000 5000 5000 5000 5000 5000 5000 5000 5000 5000
          5000 5000 5000 5000 5000 5000 5000 5000 5000 5000 5000 5000
          5000 5000 5000 5000 5000 5000 5000 5000 5000 5000 5000 5000
          5000 5000 5000 5000 5000 5000 5000 5000 5000 5000 5000 5000
          5000 5000 5000 5000 5000 5000 5000 5000 5000 5000 5000 5000
          5000 5000 5000 5000 5475.88 5465.86 5439.48 5395.96 5328.78 5209.71 5017.86 5000
          5000 5000 5000 5000 5000 5000 5000 5000 5000 5000 5000 5000
          5000 5000 5000 5000 5000 5000 5000 5000 5000 5000 5000 5000
          5000 5000 5000 5000 5000 5000 5000 5000 5000 5000 5000 5000
          5000 5000 5000 5000 5000 5000 5000 5000 5000 5000 5000 5000
          5000 5000 5000 5000 5000 5000 5000 5000 5000 5000 5000 5000
          5000 5000 5000 5000 5000 5000 5000 5000 8233.03 8227.45 8212.46 8188.3
          8155.01 8114.04 8068.4 8001.78 7924.61 7836.82 7737.44 7625.38 7499.08 7356.51 7198.9 7025.07
          6832.67 6620.24 6388.53 6142.91 5895.78 5664.07 5450.89 5162.24 5002.76 5000 5000 5000
          5000 5000 5000 5000 5000 5000 5000 5000 5000 5000 5000 5000
          5000 5000 5000 5000 5000 5000 5000 5000 5000 5000 5000 5000
          5000 5000 5000 5000 5000 5000 5000 5000 5000 5000 5000 5000
          5000 5000 5000 5000 5000 5000 5000 5000 5000 5000 5000 5000
          8684.89 8682.46 8676.09 8666.46 8654.07 8639.24 8621.85 8602.38 8580.61 8556.76 8530.93 8503.11
          8473.27 8441.18 8404.62 8362.14 8312.5 8253.46 8181.81 8094.02 7986.11 7854.87 7698.49 7523.61
          7321.99 7090.9 6836.96 6561.42 6269.49 5975.3 5702.54 5472.16 5247.79 5019.5 5000 5000
          5000 5000 5000 5000 5000 5000 5000 5000 5000 5000 5000 5000
          5000 5000 5000 5000 5000 5000 5000 5000 5000 5000 5000 5000
          5000 5000 5000 5000 5000 5000 5000 5000 5000 5000 5000 5000
          5000 5000 5000 5000 8859.62 8856.97 8850.12 8839.93 8827.02 8811.8 8794.58 8775.55
          8754.89 8732.73 8709.21 8684.44 8658.54 8631.55 8603.56 8574.57 8544.57 8513.52 8481.3 8447.32
          8411.25 8372.73 8331.18 8285.32 8233.92 8174.62 8103.98 8017.59 7909.91 7775.27 7609.58 7410.87
          7180.88 6924.21 6632.97 6321.07 6005.89 5713.59 5468.8 5240.67 5018.5 5000 5000 5000
          5000 5000 5000 5000 5000 5000 5000 5000 5000 5000 5000 5000
          5000 5000 5000 5000 5000 5000 5000 5000 5000 5000 5000 5000
          5000 5000 5000 5000 5000 5000 5000 5000 9025.54 9022.41 9014.38 9002.55
          8987.67 8970.24 8950.62 8929.05 8905.75 8880.88 8854.61 8827.09 8798.45 8768.83 8738.36 8707.14
          8675.29 8642.9 8610.04 8576.78 8543.16 8509.2 8474.89 8440.1 8404.56 8368.21 8330.9 8292.28
          8251.67 8208.27 8160.89 8107.8 8046.28 7972.15 7880 7762.76 7613.7 7428.31 7204.94 6945.71
          6657.73 6340.14 6016.29 5714.83 5460.86 5211.14 5010.23 5000 5000 5000 5000 5000
          5000 5000 5000 5000 5000 5000 5000 5000 5000 5000 5000 5000
          5000 5000 5000 5000 5000 5000 5000 5000 5000 5000 5000 5000
          9199.26 9195.53 9186.04 9172.18 9154.88 9134.73 9112.14 9087.42 9060.8 9032.5 9002.71 8971.6
          8939.35 8906.1 8872.01 8837.21 8801.83 8765.97 8729.74 8693.24 8656.54 8619.72 8582.86 8545.99
          8509.18 8472.45 8435.75 8398.98 8362.21 8325.53 8288.76 8251.72 8214.1 8175.42 8135.01 8091.88
          8044.69 7991.52 7929.49 7854.25 7759.47 7637.49 7480.47 7283.48 7045.18 6769.4 6465.24 6139.67
          5822.85 5543.64 5288.41 5028.97 5000 5000 5000 5000 5000 5000 5000 5000
          5000 5000 5000 5000 5000 5000 5000 5000 5000 5000 5000 5000
          5000 5000 5000 5000 9383.78 9379.28 9367.99 9351.67 9331.45 9308.04 9281.92 9253.44
          9222.9 9190.55 9156.62 9121.32 9084.85 9047.39 9009.1 8970.15 8930.66 8890.78 8850.62 8810.28
          8769.86 8729.44 8689.09 8648.9 8608.91 8569.18 8529.76 8490.67 8451.93 8413.42 8375.19 8337.39
          8299.99 8262.97 8226.26 8189.75 8153.28 8116.57 8079.23 8040.64 7999.88 7955.64 7906.07 7848.54
          7779.13 7692.07 7579.59 7433.17 7245.95 7015.31 6743.55 6442.82 6119.59 5803.71 5521.81 5230.22
          5010.08 5000 5000 5000 5000 5000 5000 5000 5000 5000 5000 5000
          5000 5000 5000 5000 5000 5000 5000 5000 9581.58 9576.11 9562.57 9543.22
          9519.45 9492.09 9461.72 9428.75 9393.55 9356.4 9317.6 9277.4 9236.01 9193.67 9150.55 9106.84
          9062.7 9018.27 8973.68 8929.04 8884.46 8840.02 8795.81 8751.89 8708.33 8665.18 8622.48 8580.28
          8538.59 8497.45 8456.86 8416.71 8377.04 8338.01 8299.6 8261.8 8224.59 8187.94 8151.81 8116.11
          8080.72 8045.47 8010.07 7974.13 7936.99 7897.72 7854.91 7806.56 7749.85 7680.63 7592.89 7478.6
          7328.99 7137.13 6900.39 6623.1 6318.44 5997.66 5691.22 5404.71 5071.98 5000 5000 5000
          5000 5000 5000 5000 5000 5000 5000 5000 5000 5000 5000 5000
          9795.57 9788.83 9772.43 9749.31 9721.15 9688.97 9653.42 9615.04 9574.23 9531.37 9486.8 9440.82
          9393.7 9345.69 9297 9247.85 9198.41 9148.83 9099.26 9049.82 9000.61 8951.73 8903.26 8855.26
          8807.81 8760.93 8714.68 8669.1 8624.2 8580.01 8536.54 8493.81 8451.78 8410.36 8369.66 8329.73
          8290.57 8252.16 8214.5 8177.56 8141.32 8105.74 8070.79 8036.4 8002.46 7968.84 7935.32 7901.57
          7867.12 7831.22 7792.77 7750.14 7700.98 7641.97 7568.26 7473.03 7347.7 7183.72 6975.32 6721.84
          6435.27 6122.98 5809.27 5509.51 5142.01 5000.67 5000 5000 5000 5000 5000 5000
          5000 5000 5000 5000 10029.3 10020.9 10000.8 9972.9 9939.26 9901.08 9859.18 9814.17
          9766.58 9716.86 9665.41 9612.59 9558.73 9504.12 9449 9393.59 9338.11 9282.71 9227.54 9172.73
          9118.39 9064.61 9011.46 8959.02 8907.33 8856.44 8806.39 8757.19 8708.88 8661.46 8614.94 8569.33
          8524.63 8480.83 8437.83 8395.66 8354.4 8314.03 8274.55 8235.94 8198.17 8161.24 8125.12 8089.79
          8055.21 8021.36 7988.18 7955.62 7923.59 7891.96 7860.54 7829.07 7797.12 7764.07 7728.98 7690.45
          7646.44 7594 7528.97 7445.41 7335.44 7190.27 7002.47 6768.58 6496.66 6196.02 5883.1 5571.79
          5175.95 5001.68 5000 5000 5000 5000 5000 5000 10287.3 10276.5 10251.6 10217.6
          10177 10131.3 10081.5 10028.3 9972.39 9914.35 9854.64 9793.7 9731.89 9669.56 9606.98 9544.39
          9482.02 9420.03 9358.57 9297.78 9237.75 9178.58 9120.33 9063.06 9006.81 8951.61 8897.49 8844.47
          8792.56 8741.75 8692.06 8643.48 8595.99 8549.59 8504.25 8459.9 8416.54 8374.22 8332.93 8292.65
          8253.36 8215.03 8177.64 8141.17 8105.59 8070.88 8037.02 8003.96 7971.69 7940.16 7909.32 7879.12
          7849.47 7820.25 7791.28 7762.33 7732.99 7702.72 7670.66 7635.54 7595.5 7547.87 7488.83 7413.02
          7313.2 7180.8 7007.74 6788.77 6529.95 6240.04 5930.4 5607.11 5175.14 5001.15 5000 5000
          10575.3 10561.3 10530 10487.9 10438.4 10383 10323.2 10259.8 10193.6 10125.4 10055.7 9985.08
          9913.88 9842.5 9771.26 9700.42 9630.19 9560.76 9492.26 9424.82 9358.52 9293.44 9229.64 9167.16
          9106.02 9046.24 8987.83 8930.8 8875.13 8820.83 8767.87 8716.25 8665.94 8616.92 8569.17 8522.66
          8477.29 8433.1 8390.1 8348.27 8307.57 8267.97 8229.45 8191.97 8155.52 8120.05 8085.54 8051.96
          8019.28 7987.48 7956.52 7926.36 7896.99 7868.34 7840.38 7813.04 7786.24 7759.86 7733.74 7707.62
          7681.16 7653.81 7624.78 7592.88 7556.37 7512.74 7458.47 7388.6 7296.44 7173.86 7012.5 6805.98
          6560.29 6280.44 5974.43 5635.32 10901.4 10882.6 10842.5 10789.7 10728.3 10660.4 10587.8 10511.5
          10432.5 10351.8 10269.9 10187.6 10105.2 10023.3 9941.97 9861.64 9782.49 9704.67 9628.32 9553.52
          9480.35 9408.85 9339.07 9271.01 9204.67 9140.07 9077.18 9015.99 8956.47 8898.61 8842.36 8787.71
          8734.61 8683.04 8632.95 8584.31 8537.08 8491.17 8446.64 8403.44 8361.54 8320.9 8281.48 8243.25
          8206.17 8170.2 8135.31 8101.46 8068.62 8036.76 8005.84 7975.83 7946.7 7918.42 7890.95 7864.26
          7838.31 7813.06 7788.47 7764.46 7740.96 7717.85 7694.97 7672.07 7648.8 7624.66 7598.87 7570.32
          7537.37 7497.7 7448.03 7383.86 7299.08 7186.07 7036.45 6843.25 11276.5 11250.6 11198 11130.4
          11053 10968.6 10879.2 10786.4 10691.3 10595 10498.3 10401.9 10306.3 10211.9 10118.9 10027.8
          9938.51 9851.31 9766.24 9683.38 9602.73 9524.33 9448.15 9374.19 9302.42 9232.81 9165.31 9099.89
          9036.49 8975.08 8915.6 8858.01 8802.25 8748.27 8696.03 8645.47 8596.55 8549.2 8503.41 8459.15
          8416.36 8375 8335.02 8296.38 8259.03 8222.92 8188.01 8154.26 8121.63 8090.07 8059.55 8030.03
          8001.48 7973.85 7947.11 7921.24 7896.2 7871.95 7848.47 7825.72 7803.66 7782.25 7761.45 7741.2
          7721.4 7701.94 7682.67 7663.34 7643.63 7623.03 7600.82 7575.97 7546.97 7511.73 7467.34 7409.86
          11716.6 11679.4 11608.6 11520.2 11420.7 11313.8 11202.2 11087.9 10972.3 10856.6 10741.7 10628.3
          10517 10408 10301.6 10198.1 10097.5 9999.9 9905.28 9813.65 9724.98 9639.23 9556.34 9476.24
          9398.88 9324.17 9252.04 9182.43 9115.24 9050.42 8987.88 8927.56 8869.38 8813.28 8759.19 8707.04
          8656.78 8608.36 8561.72 8516.81 8473.57 8431.94 8391.86 8353.26 8316.09 8280.3 8245.84 8212.64
          8180.67 8149.86 8120.19 8091.59 8064.03 8037.48 8011.88 7987.2 7963.41 7940.48 7918.36 7897.03
          7876.46 7856.62 7837.48 7819.01 7801.16 7783.91 7767.2 7750.97 7735.13 7719.58 7704.14 7688.61
          7672.64 7655.8 7637.4 7616.54 12246.1 12190 12091.5 11972.5 11841.5 11703.5 11562 11419.4
          11277.4 11137.4 11000.2 10866.4 10736.5 10610.6 10489 10371.6 10258.4 10149.3 10044.4 9943.39
          9846.25 9752.84 9663.04 9576.71 9493.74 9414 9337.38 9263.75 9193.03 9125.08 9059.83 8997.15
          8936.97 8879.19 8823.72 8770.48 8719.4 8670.44 8623.5 8578.52 8535.4 8494.07 8454.45 8416.46
          8380.05 8345.13 8311.65 8279.54 8248.75 8219.21 8190.88 8163.69 8137.6 8112.57 8088.54 8065.48
          8043.34 8022.1 8001.7 7982.12 7963.33 7945.28 7927.96 7911.34 7895.38 7880.06 7865.34 7851.2
          7837.59 7824.49 7811.82 7799.54 7787.54 7775.72 7763.92 7751.92 12904.5 12815.2 12672.2 12506
          12328.5 12146.4 11963.8 11783.7 11607.9 11437.4 11273 11114.9 10963.3 10818.1 10679.2 10546.4
          10419.4 10298.1 10182.2 10071.5 9965.6 9864.43 9767.72 9675.28 9586.91 9502.42 9421.66 9344.45
          9270.64 9200.09 9132.67 9068.23 9006.67 8947.85 8891.68 8838.04 8786.87 8738.1 8691.6 8647.26
          8604.97 8564.63 8526.16 8489.45 8454.44 8421.03 8389.14 8358.71 8329.67 8301.94 8275.46 8250.18
          8226.03 8202.97 8180.94 8159.89 8139.78 8120.56 8102.2 8084.66 8067.89 8051.87 8036.56 8021.94
          8007.96 7994.59 7981.82 7969.61 7957.92 7946.73 7936.01 7925.71 7915.8 7906.22 7896.91 7887.8
          13761.9 13608.5 13388.7 13146.3 12897.6 12651.3 12411.9 12182 11962.7 11754.5 11557.3 11370.7
          11194.2 11027.4 10869.5 10720.1 10578.6 10444.5 10317.3 10196.7 10082.2 9973.47 9870.19 9772.06
          9678.8 9590.17 9505.91 9425.83 9349.71 9277.36 9208.6 9143.27 9081.2 9022.26 8966.29 8913.19
          8862.86 8815.21 8770.04 8727.2 8686.57 8648.04 8611.48 8576.8 8543.89 8512.65 8483 8454.85
          8428.11 8402.72 8378.6 8355.68 8333.89 8313.19 8293.5 8274.78 8256.98 8240.05 8223.94 8208.61
          8194.02 8180.13 8166.9 8154.3 8142.3 8130.85 8119.93 8109.51 8099.55 8090.01 8080.87 8072.09
          8063.64 8055.47 8047.55 8039.83 14959.8 14665.5 14300.6 13926.8 13565.4 13224.4 12906.3 12611
          12337.2 12083.4 11847.8 11628.7 11424.7 11234.3 11056.3 10889.7 10733.3 10586.4 10448.2 10318.2
          10195.6 10080 9970.94 9868.01 9770.82 9679.05 9592.38 9510.53 9433.23 9360.24 9291.34 9226.3
          9164.93 9107.04 9052.47 9001.08 8952.76 8907.3 8864.47 8824.1 8786.05 8750.18 8716.35 8684.44
          8654.33 8625.92 8599.1 8573.77 8549.85 8527.24 8505.88 8485.67 8466.56 8448.48 8431.37 8415.17
          8399.81 8385.26 8371.46 8358.37 8345.94 8334.13 8322.9 8312.2 8302.01 8292.29 8282.99 8274.09
          8265.54 8257.32 8249.39 8241.72 8234.26 8226.98 8219.84 8212.81 16816.1 16175.9 15496.6 14882.4
          14340.1 13861.7 13437.6 13059.4 12720 12413.5 12135.2 11881.1 11648.1 11433.6 11235.5 11051.8
          10881.2 10722.4 10574.2 10435.9 10306.5 10185.4 10072 9965.74 9866.16 9772.82 9685.33 9603.32
          9526.46 9454.43 9386.96 9323.77 9264.62 9209.28 9157.54 9109.26 9064.24 9022.13 8982.71 8945.81
          8911.25 8878.87 8848.53 8820.08 8793.39 8768.35 8744.84 8722.76 8702 8682.49 8664.12 8646.83
          8630.54 8615.18 8600.69 8587 8574.05 8561.8 8550.2 8539.18 8528.72 8518.75 8509.26 8500.18
          8491.48 8483.13 8475.09 8467.32 8459.78 8452.44 8445.27 8438.23 8431.29 8424.41 8417.55 8410.69
          20887.3 18502.4 17062 16014.4 15196.9 14532.4 13976.8 13502.4 13090.5 12728.3 12406.3 12117.5
          11856.6 11619.4 11402.7 11204 11021.2 10852.4 10696.4 10551.9 10418 10293.7 10178.2 10070.9
          9971.24 9878.61 9792.53 9712.56 9638.27 9569.27 9505.23 9445.79 9390.67 9339.6 9292.33 9248.67
          9208.15 9170.51 9135.53 9102.99 9072.72 9044.54 9018.29 8993.82 8970.99 8949.67 8929.76 8911.13
          8893.7 8877.36 8862.03 8847.62 8834.08 8821.32 8809.29 8797.91 8787.14 8776.92 8767.2 8757.94
          8749.08 8740.59 8732.42 8724.54 8716.91 8709.48 8702.23 8695.12 8688.12 8681.19 8674.3 8667.42
          8660.53 8653.58 8646.56 8639.43 31239.3 21777.4 18864.4 17183.3 16026.1 15156.1 14465.8 13898.2
          13418.9 13006.5 12646.1 12327.4 12043.1 11787.6 11556.5 11346.6 11155.2 10980.3 10820.1 10673.1
          10538 10413.9 10299.8 10194.8 10098.2 10009.3 9927.61 9852.48 9783.41 9719.94 9661.64 9608.11
          9559 9513.99 9472.81 9434.93 9400 9367.77 9338.02 9310.52 9285.09 9261.55 9239.73 9219.48
          9200.66 9183.16 9166.85 9151.63 9137.4 9124.07 9111.56 9099.8 9088.71 9078.22 9068.28 9058.84
          9049.83 9041.21 9032.94 9024.96 9017.23 9009.73 9002.4 8995.22 8988.15 8981.16 8974.21 8967.28
          8960.33 8953.35 8946.3 8939.16 8931.91 8924.51 8916.96 8909.22 37878.8 23540.4 19975.7 17959.8
          16604 15606.5 14829.6 14200.4 13676.1 13229.8 12843.7 12505.6 12206.7 11940.4 11701.9 11487.3
          11293.6 11118.3 10959.4 10815.2 10684.2 10565.2 10457 10358.7 10269.3 10188.1 10114.4 10047.4
          9986.51 9931.26 9881.09 9835.58 9794.31 9756.92 9722.78 9691.54 9662.91 9636.66 9612.56 9590.39
          9569.97 9551.13 9533.72 9517.59 9502.62 9488.69 9475.7 9463.55 9452.15 9441.42 9431.29 9421.7
          9412.57 9403.86 9395.51 9387.46 9379.69 9372.13 9364.76 9357.53 9350.4 9343.36 9336.35 9329.36
          9322.36 9315.31 9308.2 9301.01 9293.7 9286.26 9278.67 9270.92 9262.98 9254.84 9246.49 9237.91
          37939.6 23670.2 20205.6 18216 16854.5 15840 15043.9 14397 13858 13400.3 13006.2 12663.2
          12362.3 12096.7 11861.1 11651.4 11464.4 11297.2 11147.6 11013.7 10893.8 10786.4 10690.1 10603.9
          10526.7 10457.5 10395.5 10339.9 10290.1 10245.5 10205.4 10169.5 10137.2 10107.9 10081.2 10057
          10034.8 10014.6 9996.02 9978.98 9963.3 9948.81 9935.4 9922.93 9911.3 9900.4 9890.17 9880.5
          9871.33 9862.6 9854.24 9846.19 9838.41 9830.85 9823.47 9816.23 9809.08 9802 9794.96 9787.92
          9780.86 9773.74 9766.56 9759.28 9751.88 9744.35 9736.67 9728.83 9720.8 9712.58 9704.16 9695.52
          9686.65 9677.56 9668.22 9658.64 37979.1 23677.5 20250.4 18295.2 16958 15959.9 15175.7 14538.6
          14009.3 13562.1 13180 12850.7 12564.9 12315.9 12098.1 11907.3 11739.8 11592.6 11463.1 11349.3
          11249.1 11160.9 11083.2 11014.8 10954.5 10901.3 10854.3 10812.7 10775.8 10743.1 10714 10687.9
          10664.2 10642.8 10623.4 10605.7 10589.5 10574.7 10561.1 10548.5 10536.9 10526 10515.8 10506.2
          10497.2 10488.5 10480.3 10472.4 10464.7 10457.2 10449.9 10442.6 10435.5 10428.4 10421.4 10414.3
          10407.1 10399.9 10392.6 10385.2 10377.7 10370 10362.2 10354.2 10346 10337.6 10328.9 10320.1
          10311.1 10301.8 10292.3 10282.5 10272.5 10262.3 10251.8 10241 37997.4 23689.5 20286.1 18362.3
          17060.9 16100.9 15356.1 14759.5 14271.3 13865.9 13525.7 13238.2 12994.1 12786 12608.1 12455.8
          12325.2 12213.1 12116.7 12033.8 11962.4 11900.7 11847.3 11801.1 11760.8 11725.7 11695 11668
          11644.1 11622.7 11603.3 11585.8 11570 11555.5 11542.3 11530.2 11519 11508.6 11498.9 11489.7
          11481 11472.8 11464.9 11457.2 11449.8 11442.5 11435.3 11428.2 11421.1 11414 11406.9 11399.7
          11392.4 11385 11377.5 11369.8 11362 11354 11345.9 11337.5 11328.9 11320.1 11311.1 11301.8
          11292.3 11282.6 11272.6 11262.4 11251.9 11241.2 11230.2 11219 11207.6 11195.9 11183.9 11171.7
          38077.1 23902.4 20637.7 18853.4 17690.2 16865.2 16251.2 15780.2 15411.9 15120 14886.5 14698.7
          14546.6 14423.1 14322.3 14239.6 14171.6 14115.3 14068.4 14029.1 13996 13967.8 13943.6 13922.5
          13903.9 13887.3 13872.5 13859.1 13846.9 13835.8 13825.6 13816.1 13807.3 13799 13791.1 13783.5
          13776.2 13769.2 13762.2 13755.4 13748.6 13741.8 13734.9 13728 13720.9 13713.6 13706.1 13698.5
          13690.6 13682.4 13674.1 13665.5 13656.6 13647.5 13638.1 13628.5 13618.6 13608.4 13598 13587.3
          13576.4 13565.2 13553.7 13542 13530 13517.7 13505.2 13492.4 13479.4 13466.1 13452.5 13438.7
          13424.6 13410.2 13395.6 13380.7
        </DataArray>
        <DataArray type="Float32" Name="porosity" NumberOfComponents="1" format="ascii">
          0.14 0.14 0.14 0.14 0.14 0.14 0.14 0.14 0.14 0.14 0.14 0.14
          0.14 0.14 0.14 0.14 0.14 0.14 0.14 0.14 0.14 0.14 0.14 0.14
          0.14 0.14 0.14 0.14 0.14 0.14 0.14 0.14 0.14 0.14 0.14 0.14
          0.14 0.14 0.14 0.14 0.14 0.14 0.14 0.14 0.14 0.14 0.14 0.14
          0.14 0.14 0.14 0.14 0.14 0.14 0.14 0.14 0.14 0.14 0.14 0.14
          0.14 0.14 0.14 0.14 0.14 0.14 0.14 0.14 0.14 0.14 0.14 0.14
          0.14 0.14 0.14 0.14 0.14 0.14 0.14 0.14 0.14 0.14 0.14 0.14
          0.14 0.14 0.14 0.14 0.14 0.14 0.14 0.14 0.14 0.14 0.14 0.14
          0.14 0.14 0.14 0.14 0.14 0.14 0.14 0.14 0.14 0.14 0.14 0.14
          0.14 0.14 0.14 0.14 0.14 0.14 0.14 0.14 0.14 0.14 0.14 0.14
          0.14 0.14 0.14 0.14 0.14 0.14 0.14 0.14 0.14 0.14 0.14 0.14
          0.14 0.14 0.14 0.14 0.14 0.14 0.14 0.14 0.14 0.14 0.14 0.14
          0.14 0.14 0.14 0.14 0.14 0.14 0.14 0.14 0.14 0.14 0.14 0.14
          0.14 0.14 0.14 0.14 0.14 0.14 0.14 0.14 0.14 0.14 0.14 0.14
          0.14 0.14 0.14 0.14 0.14 0.14 0.14 0.14 0.14 0.14 0.14 0.14
          0.14 0.14 0.14 0.14 0.14 0.14 0.14 0.14 0.14 0.14 0.14 0.14
          0.14 0.14 0.14 0.14 0.14 0.14 0.14 0.14 0.14 0.14 0.14 0.14
          0.14 0.14 0.14 0.14 0.14 0.14 0.14 0.14 0.14 0.14 0.14 0.14
          0.14 0.14 0.14 0.14 0.14 0.14 0.14 0.14 0.14 0.14 0.14 0.14
          0.14 0.14 0.14 0.14 0.14 0.14 0.14 0.14 0.14 0.14 0.14 0.14
          0.14 0.14 0.14 0.14 0.14 0.14 0.14 0.14 0.14 0.14 0.14 0.14
          0.14 0.14 0.14 0.14 0.14 0.14 0.14 0.14 0.14 0.14 0.14 0.14
          0.14 0.14 0.14 0.14 0.14 0.14 0.14 0.14 0.14 0.14 0.14 0.14
          0.14 0.14 0.14 0.14 0.14 0.14 0.14 0.14 0.14 0.14 0.14 0.14
          0.14 0.14 0.14 0.14 0.14 0.14 0.14 0.14 0.14 0.14 0.14 0.14
          0.14 0.14 0.14 0.14 0.14 0.14 0.14 0.14 0.14 0.14 0.14 0.14
          0.14 0.14 0.14 0.14 0.14 0.14 0.14 0.14 0.14 0.14 0.14 0.14
          0.14 0.14 0.14 0.14 0.14 0.14 0.14 0.14 0.14 0.14 0.14 0.14
          0.14 0.14 0.14 0.14 0.14 0.14 0.14 0.14 0.14 0.14 0.14 0.14
          0.14 0.14 0.14 0.14 0.14 0.14 0.14 0.14 0.14 0.14 0.14 0.14
          0.14 0.14 0.14 0.14 0.14 0.14 0.14 0.14 0.14 0.14 0.14 0.14
          0.14 0.14 0.14 0.14 0.14 0.14 0.14 0.14 0.14 0.14 0.14 0.14
          0.14 0.14 0.14 0.14 0.14 0.14 0.14 0.14 0.14 0.14 0.14 0.14
          0.14 0.14 0.14 0.14 0.14 0.14 0.14 0.14 0.14 0.14 0.14 0.14
          0.14 0.14 0.14 0.14 0.14 0.14 0.14 0.14 0.14 0.14 0.14 0.14
          0.14 0.14 0.14 0.14 0.14 0.14 0.14 0.14 0.14 0.14 0.14 0.14
          0.14 0.14 0.14 0.14 0.14 0.14 0.14 0.14 0.14 0.14 0.14 0.14
          0.14 0.14 0.14 0.14 0.14 0.14 0.14 0.14 0.14 0.14 0.14 0.14
          0.14 0.14 0.14 0.14 0.14 0.14 0.14 0.14 0.14 0.14 0.14 0.14
          0.14 0.14 0.14 0.14 0.14 0.14 0.14 0.14 0.14 0.14 0.14 0.14
          0.14 0.14 0.14 0.14 0.14 0.14 0.14 0.14 0.14 0.14 0.14 0.14
          0.14 0.14 0.14 0.14 0.14 0.14 0.14 0.14 0.14 0.14 0.14 0.14
          0.14 0.14 0.14 0.14 0.14 0.14 0.14 0.14 0.14 0.14 0.14 0.14
          0.14 0.14 0.14 0.14 0.14 0.14 0.14 0.14 0.14 0.14 0.14 0.14
          0.14 0.14 0.14 0.14 0.14 0.14 0.14 0.14 0.14 0.14 0.14 0.14
          0.14 0.14 0.14 0.14 0.14 0.14 0.14 0.14 0.14 0.14 0.14 0.14
          0.14 0.14 0.14 0.14 0.14 0.14 0.14 0.14 0.14 0.14 0.14 0.14
          0.14 0.14 0.14 0.14 0.14 0.14 0.14 0.14 0.14 0.14 0.14 0.14
          0.14 0.14 0.14 0.14 0.14 0.14 0.14 0.14 0.14 0.14 0.14 0.14
          0.14 0.14 0.14 0.14 0.14 0.14 0.14 0.14 0.14 0.14 0.14 0.14
          0.14 0.14 0.14 0.14 0.14 0.14 0.14 0.14 0.14 0.14 0.14 0.14
          0.14 0.14 0.14 0.14 0.14 0.14 0.14 0.14 0.14 0.14 0.14 0.14
          0.14 0.14 0.14 0.14 0.14 0.14 0.14 0.14 0.14 0.14 0.14 0.14
          0.14 0.14 0.14 0.14 0.14 0.14 0.14 0.14 0.14 0.14 0.14 0.14
          0.14 0.14 0.14 0.14 0.14 0.14 0.14 0.14 0.14 0.14 0.14 0.14
          0.14 0.14 0.14 0.14 0.14 0.14 0.14 0.14 0.14 0.14 0.14 0.14
          0.14 0.14 0.14 0.14 0.14 0.14 0.14 0.14 0.14 0.14 0.14 0.14
          0.14 0.14 0.14 0.14 0.14 0.14 0.14 0.14 0.14 0.14 0.14 0.14
          0.14 0.14 0.14 0.14 0.14 0.14 0.14 0.14 0.14 0.14 0.14 0.14
          0.14 0.14 0.14 0.14 0.14 0.14 0.14 0.14 0.14 0.14 0.14 0.14
          0.14 0.14 0.14 0.14 0.14 0.14 0.14 0.14 0.14 0.14 0.14 0.14
          0.14 0.14 0.14 0.14 0.14 0.14 0.14 0.14 0.14 0.14 0.14 0.14
          0.14 0.14 0.14 0.14 0.14 0.14 0.14 0.14 0.14 0.14 0.14 0.14
          0.14 0.14 0.14 0.14 0.14 0.14 0.14 0.14 0.14 0.14 0.14 0.14
          0.14 0.14 0.14 0.14 0.14 0.14 0.14 0.14 0.14 0.14 0.14 0.14
          0.14 0.14 0.14 0.14 0.14 0.14 0.14 0.14 0.14 0.14 0.14 0.14
          0.14 0.14 0.14 0.14 0.14 0.14 0.14 0.14 0.14 0.14 0.14 0.14
          0.14 0.14 0.14 0.14 0.14 0.14 0.14 0.14 0.14 0.14 0.14 0.14
          0.14 0.14 0.14 0.14 0.14 0.14 0.14 0.14 0.14 0.14 0.14 0.14
          0.14 0.14 0.14 0.14 0.14 0.14 0.14 0.14 0.14 0.14 0.14 0.14
          0.14 0.14 0.14 0.14 0.14 0.14 0.14 0.14 0.14 0.14 0.14 0.14
          0.14 0.14 0.14 0.14 0.14 0.14 0.14 0.14 0.14 0.14 0.14 0.14
          0.14 0.14 0.14 0.14 0.14 0.14 0.14 0.14 0.14 0.14 0.14 0.14
          0.14 0.14 0.14 0.14 0.14 0.14 0.14 0.14 0.14 0.14 0.14 0.14
          0.14 0.14 0.14 0.14 0.14 0.14 0.14 0.14 0.14 0.14 0.14 0.14
          0.14 0.14 0.14 0.14 0.14 0.14 0.14 0.14 0.14 0.14 0.14 0.14
          0.14 0.14 0.14 0.14 0.14 0.14 0.14 0.14 0.14 0.14 0.14 0.14
          0.14 0.14 0.14 0.14 0.14 0.14 0.14 0.14 0.14 0.14 0.14 0.14
          0.14 0.14 0.14 0.14 0.14 0.14 0.14 0.14 0.14 0.14 0.14 0.14
          0.14 0.14 0.14 0.14 0.14 0.14 0.14 0.14 0.14 0.14 0.14 0.14
          0.14 0.14 0.14 0.14 0.14 0.14 0.14 0.14 0.14 0.14 0.14 0.14
          0.14 0.14 0.14 0.14 0.14 0.14 0.14 0.14 0.14 0.14 0.14 0.14
          0.14 0.14 0.14 0.14 0.14 0.14 0.14 0.14 0.14 0.14 0.14 0.14
          0.14 0.14 0.14 0.14 0.14 0.14 0.14 0.14 0.14 0.14 0.14 0.14
          0.14 0.14 0.14 0.14 0.14 0.14 0.14 0.14 0.14 0.14 0.14 0.14
          0.14 0.14 0.14 0.14 0.14 0.14 0.14 0.14 0.14 0.14 0.14 0.14
          0.14 0.14 0.14 0.14 0.14 0.14 0.14 0.14 0.14 0.14 0.14 0.14
          0.14 0.14 0.14 0.14 0.14 0.14 0.14 0.14 0.14 0.14 0.14 0.14
          0.14 0.14 0.14 0.14 0.14 0.14 0.14 0.14 0.14 0.14 0.14 0.14
          0.14 0.14 0.14 0.14 0.14 0.14 0.14 0.14 0.14 0.14 0.14 0.14
          0.14 0.14 0.14 0.14 0.14 0.14 0.14 0.14 0.14 0.14 0.14 0.14
          0.14 0.14 0.14 0.14 0.14 0.14 0.14 0.14 0.14 0.14 0.14 0.14
          0.14 0.14 0.14 0.14 0.14 0.14 0.14 0.14 0.14 0.14 0.14 0.14
          0.14 0.14 0.14 0.14 0.14 0.14 0.14 0.14 0.14 0.14 0.14 0.14
          0.14 0.14 0.14 0.14 0.14 0.14 0.14 0.14 0.14 0.14 0.14 0.14
          0.14 0.14 0.14 0.14 0.14 0.14 0.14 0.14 0.14 0.14 0.14 0.14
          0.14 0.14 0.14 0.14 0.14 0.14 0.14 0.14 0.14 0.14 0.14 0.14
          0.14 0.14 0.14 0.14 0.14 0.14 0.14 0.14 0.14 0.14 0.14 0.14
          0.14 0.14 0.14 0.14 0.14 0.14 0.14 0.14 0.14 0.14 0.14 0.14
          0.14 0.14 0.14 0.14 0.14 0.14 0.14 0.14 0.14 0.14 0.14 0.14
          0.14 0.14 0.14 0.14 0.14 0.14 0.14 0.14 0.14 0.14 0.14 0.14
          0.14 0.14 0.14 0.14 0.14 0.14 0.14 0.14 0.14 0.14 0.14 0.14
          0.14 0.14 0.14 0.14 0.14 0.14 0.14 0.14 0.14 0.14 0.14 0.14
          0.14 0.14 0.14 0.14 0.14 0.14 0.14 0.14 0.14 0.14 0.14 0.14
          0.14 0.14 0.14 0.14 0.14 0.14 0.14 0.14 0.14 0.14 0.14 0.14
          0.14 0.14 0.14 0.14 0.14 0.14 0.14 0.14 0.14 0.14 0.14 0.14
          0.14 0.14 0.14 0.14 0.14 0.14 0.14 0.14 0.14 0.14 0.14 0.14
          0.14 0.14 0.14 0.14 0.14 0.14 0.14 0.14 0.14 0.14 0.14 0.14
          0.14 0.14 0.14 0.14 0.14 0.14 0.14 0.14 0.14 0.14 0.14 0.14
          0.14 0.14 0.14 0.14 0.14 0.14 0.14 0.14 0.14 0.14 0.14 0.14
          0.14 0.14 0.14 0.14 0.14 0.14 0.14 0.14 0.14 0.14 0.14 0.14
          0.14 0.14 0.14 0.14 0.14 0.14 0.14 0.14 0.14 0.14 0.14 0.14
          0.14 0.14 0.14 0.14 0.14 0.14 0.14 0.14 0.14 0.14 0.14 0.14
          0.14 0.14 0.14 0.14 0.14 0.14 0.14 0.14 0.14 0.14 0.14 0.14
          0.14 0.14 0.14 0.14 0.14 0.14 0.14 0.14 0.14 0.14 0.14 0.14
          0.14 0.14 0.14 0.14 0.14 0.14 0.14 0.14 0.14 0.14 0.14 0.14
          0.14 0.14 0.14 0.14 0.14 0.14 0.14 0.14 0.14 0.14 0.14 0.14
          0.14 0.14 0.14 0.14 0.14 0.14 0.14 0.14 0.14 0.14 0.14 0.14
          0.14 0.14 0.14 0.14 0.14 0.14 0.14 0.14 0.14 0.14 0.14 0.14
          0.14 0.14 0.14 0.14 0.14 0.14 0.14 0.14 0.14 0.14 0.14 0.14
          0.14 0.14 0.14 0.14 0.14 0.14 0.14 0.14 0.14 0.14 0.14 0.14
          0.14 0.14 0.14 0.14 0.14 0.14 0.14 0.14 0.14 0.14 0.14 0.14
          0.14 0.14 0.14 0.14 0.14 0.14 0.14 0.14 0.14 0.14 0.14 0.14
          0.14 0.14 0.14 0.14 0.14 0.14 0.14 0.14 0.14 0.14 0.14 0.14
          0.14 0.14 0.14 0.14 0.14 0.14 0.14 0.14 0.14 0.14 0.14 0.14
          0.14 0.14 0.14 0.14 0.14 0.14 0.14 0.14 0.14 0.14 0.14 0.14
          0.14 0.14 0.14 0.14 0.14 0.14 0.14 0.14 0.14 0.14 0.14 0.14
          0.14 0.14 0.14 0.14 0.14 0.14 0.14 0.14 0.14 0.14 0.14 0.14
          0.14 0.14 0.14 0.14 0.14 0.14 0.14 0.14 0.14 0.14 0.14 0.14
          0.14 0.14 0.14 0.14 0.14 0.14 0.14 0.14 0.14 0.14 0.14 0.14
          0.14 0.14 0.14 0.14 0.14 0.14 0.14 0.14 0.14 0.14 0.14 0.14
          0.14 0.14 0.14 0.14 0.14 0.14 0.14 0.14 0.14 0.14 0.14 0.14
          0.14 0.14 0.14 0.14 0.14 0.14 0.14 0.14 0.14 0.14 0.14 0.14
          0.14 0.14 0.14 0.14 0.14 0.14 0.14 0.14 0.14 0.14 0.14 0.14
          0.14 0.14 0.14 0.14 0.14 0.14 0.14 0.14 0.14 0.14 0.14 0.14
          0.14 0.14 0.14 0.14 0.14 0.14 0.14 0.14 0.14 0.14 0.14 0.14
          0.14 0.14 0.14 0.14 0.14 0.14 0.14 0.14 0.14 0.14 0.14 0.14
          0.14 0.14 0.14 0.14 0.14 0.14 0.14 0.14 0.14 0.14 0.14 0.14
          0.14 0.14 0.14 0.14 0.14 0.14 0.14 0.14 0.14 0.14 0.14 0.14
          0.14 0.14 0.14 0.14 0.14 0.14 0.14 0.14 0.14 0.14 0.14 0.14
          0.14 0.14 0.14 0.14 0.14 0.14 0.14 0.14 0.14 0.14 0.14 0.14
          0.14 0.14 0.14 0.14 0.14 0.14 0.14 0.14 0.14 0.14 0.14 0.14
          0.14 0.14 0.14 0.14 0.14 0.14 0.14 0.14 0.14 0.14 0.14 0.14
          0.14 0.14 0.14 0.14 0.14 0.14 0.14 0.14 0.14 0.14 0.14 0.14
          0.14 0.14 0.14 0.14 0.14 0.14 0.14 0.14 0.14 0.14 0.14 0.14
          0.14 0.14 0.14 0.14 0.14 0.14 0.14 0.14 0.14 0.14 0.14 0.14
          0.14 0.14 0.14 0.14 0.14 0.14 0.14 0.14 0.14 0.14 0.14 0.14
          0.14 0.14 0.14 0.14 0.14 0.14 0.14 0.14 0.14 0.14 0.14 0.14
          0.14 0.14 0.14 0.14 0.14 0.14 0.14 0.14 0.14 0.14 0.14 0.14
          0.14 0.14 0.14 0.14 0.14 0.14 0.14 0.14 0.14 0.14 0.14 0.14
          0.14 0.14 0.14 0.14 0.14 0.14 0.14 0.14 0.14 0.14 0.14 0.14
          0.14 0.14 0.14 0.14 0.14 0.14 0.14 0.14 0.14 0.14 0.14 0.14
          0.14 0.14 0.14 0.14 0.14 0.14 0.14 0.14 0.14 0.14 0.14 0.14
          0.14 0.14 0.14 0.14 0.14 0.14 0.14 0.14 0.14 0.14 0.14 0.14
          0.14 0.14 0.14 0.14 0.14 0.14 0.14 0.14 0.14 0.14 0.14 0.14
          0.14 0.14 0.14 0.14 0.14 0.14 0.14 0.14 0.14 0.14 0.14 0.14
          0.14 0.14 0.14 0.14 0.14 0.14 0.14 0.14 0.14 0.14 0.14 0.14
          0.14 0.14 0.14 0.14 0.14 0.14 0.14 0.14 0.14 0.14 0.14 0.14
          0.14 0.14 0.14 0.14 0.14 0.14 0.14 0.14 0.14 0.14 0.14 0.14
          0.14 0.14 0.14 0.14 0.14 0.14 0.14 0.14 0.14 0.14 0.14 0.14
          0.14 0.14 0.14 0.14 0.14 0.14 0.14 0.14 0.14 0.14 0.14 0.14
          0.14 0.14 0.14 0.14 0.14 0.14 0.14 0.14 0.14 0.14 0.14 0.14
          0.14 0.14 0.14 0.14 0.14 0.14 0.14 0.14 0.14 0.14 0.14 0.14
          0.14 0.14 0.14 0.14 0.14 0.14 0.14 0.14 0.14 0.14 0.14 0.14
          0.14 0.14 0.14 0.14 0.14 0.14 0.14 0.14 0.14 0.14 0.14 0.14
          0.14 0.14 0.14 0.14 0.14 0.14 0.14 0.14 0.14 0.14 0.14 0.14
          0.14 0.14 0.14 0.14 0.14 0.14 0.14 0.14 0.14 0.14 0.14 0.14
          0.14 0.14 0.14 0.14 0.14 0.14 0.14 0.14 0.14 0.14 0.14 0.14
          0.14 0.14 0.14 0.14 0.14 0.14 0.14 0.14 0.14 0.14 0.14 0.14
          0.14 0.14 0.14 0.14 0.14 0.14 0.14 0.14 0.14 0.14 0.14 0.14
          0.14 0.14 0.14 0.14 0.14 0.14 0.14 0.14 0.14 0.14 0.14 0.14
          0.14 0.14 0.14 0.14 0.14 0.14 0.14 0.14 0.14 0.14 0.14 0.14
          0.14 0.14 0.14 0.14 0.14 0.14 0.14 0.14 0.14 0.14 0.14 0.14
          0.14 0.14 0.14 0.14 0.14 0.14 0.14 0.14 0.14 0.14 0.14 0.14
          0.14 0.14 0.14 0.14 0.14 0.14 0.14 0.14 0.14 0.14 0.14 0.14
          0.14 0.14 0.14 0.14 0.14 0.14 0.14 0.14 0.14 0.14 0.14 0.14
          0.14 0.14 0.14 0.14 0.14 0.14 0.14 0.14 0.14 0.14 0.14 0.14
          0.14 0.14 0.14 0.14 0.14 0.14 0.14 0.14 0.14 0.14 0.14 0.14
          0.14 0.14 0.14 0.14 0.14 0.14 0.14 0.14 0.14 0.14 0.14 0.14
          0.14 0.14 0.14 0.14 0.14 0.14 0.14 0.14 0.14 0.14 0.14 0.14
          0.14 0.14 0.14 0.14 0.14 0.14 0.14 0.14 0.14 0.14 0.14 0.14
          0.14 0.14 0.14 0.14 0.14 0.14 0.14 0.14 0.14 0.14 0.14 0.14
          0.14 0.14 0.14 0.14 0.14 0.14 0.14 0.14 0.14 0.14 0.14 0.14
          0.14 0.14 0.14 0.14 0.14 0.14 0.14 0.14 0.14 0.14 0.14 0.14
          0.14 0.14 0.14 0.14 0.14 0.14 0.14 0.14 0.14 0.14 0.14 0.14
          0.14 0.14 0.14 0.14 0.14 0.14 0.14 0.14 0.14 0.14 0.14 0.14
          0.14 0.14 0.14 0.14 0.14 0.14 0.14 0.14 0.14 0.14 0.14 0.14
          0.14 0.14 0.14 0.14 0.14 0.14 0.14 0.14 0.14 0.14 0.14 0.14
          0.14 0.14 0.14 0.14 0.14 0.14 0.14 0.14 0.14 0.14 0.14 0.14
          0.14 0.14 0.14 0.14 0.14 0.14 0.14 0.14 0.14 0.14 0.14 0.14
          0.14 0.14 0.14 0.14 0.14 0.14 0.14 0.14 0.14 0.14 0.14 0.14
          0.14 0.14 0.14 0.14 0.14 0.14 0.14 0.14 0.14 0.14 0.14 0.14
          0.14 0.14 0.14 0.14 0.14 0.14 0.14 0.14 0.14 0.14 0.14 0.14
          0.14 0.14 0.14 0.14 0.14 0.14 0.14 0.14 0.14 0.14 0.14 0.14
          0.14 0.14 0.14 0.14 0.14 0.14 0.14 0.14 0.14 0.14 0.14 0.14
          0.14 0.14 0.14 0.14 0.14 0.14 0.14 0.14 0.14 0.14 0.14 0.14
          0.14 0.14 0.14 0.14
        </DataArray>
        <DataArray type="Float32" Name="x^SimpleH2O_liq" NumberOfComponents="1" format="ascii">
          0.997533 0.997533 0.997536 0.997536 0.997533 0.997536 0.997533 0.997536 0.997533 0.997536 0.997533 0.997536
          0.997533 0.997536 0.997533 0.997536 0.997533 0.997536 0.997533 0.997536 0.997533 0.997536 0.997533 0.997536
          0.997533 0.997536 0.997533 0.997536 0.997533 0.997536 0.997533 0.997536 0.997533 0.997536 0.997533 0.997536
          0.997533 0.997536 0.997533 0.997536 0.997533 0.997536 0.997533 0.997536 0.997533 0.997536 0.997533 0.997536
          0.997533 0.997536 0.997533 0.997536 0.997533 0.997536 0.997533 0.997536 0.997533 0.997536 0.997533 0.997536
          0.997533 0.997536 0.997533 0.997536 0.997533 0.997536 0.997533 0.997536 0.997533 0.997536 0.997533 0.997536
          0.997533 0.997536 0.997533 0.997536 0.997533 0.997536 0.997533 0.997536 0.997533 0.997536 0.997533 0.997536
          0.997533 0.997535 0.997533 0.997535 0.997533 0.997535 0.997533 0.997535 0.997533 0.997535 0.997533 0.997535
          0.997533 0.997535 0.997533 0.997535 0.997533 0.997535 0.997533 0.997535 0.997533 0.997535 0.997533 0.997535
          0.997533 0.997535 0.997533 0.997535 0.997533 0.997535 0.997533 0.997535 0.997533 0.997535 0.997533 0.997535
          0.997533 0.997535 0.997533 0.997535 0.997533 0.997535 0.997533 0.997535 0.997533 0.997535 0.997533 0.997535
          0.997533 0.997535 0.997532 0.997535 0.997532 0.997535 0.997532 0.997535 0.997532 0.997535 0.997532 0.997535
          0.997532 0.997535 0.997532 0.997535 0.997532 0.997535 0.997532 0.997535 0.997535 0.997535 0.997535 0.997535
          0.997535 0.997536 0.997536 0.997536 0.997537 0.997537 0.997537 0.997537 0.997537 0.997538 0.997538 0.997538
          0.997538 0.997538 0.997539 0.997539 0.997539 0.997539 0.997539 0.997539 0.997539 0.997539 0.997539 0.997539
          0.997539 0.997539 0.997539 0.997539 0.997539 0.997539 0.997539 0.997539 0.997539 0.997539 0.997539 0.997539
          0.997539 0.997539 0.997539 0.997538 0.997538 0.997538 0.997538 0.997538 0.997538 0.997538 0.997538 0.997538
          0.997538 0.997538 0.997538 0.997538 0.997538 0.997538 0.997538 0.997538 0.997538 0.997538 0.997538 0.997538
          0.997538 0.997538 0.997538 0.997538 0.997538 0.997538 0.997538 0.997538 0.997538 0.997538 0.997538 0.997538
          0.997518 0.997518 0.997518 0.997519 0.99752 0.997521 0.997522 0.997525 0.997526 0.997527 0.997527 0.997528
          0.997529 0.99753 0.997531 0.997532 0.997533 0.997534 0.997535 0.997536 0.997537 0.997538 0.997539 0.99754
          0.99754 0.997541 0.997541 0.997541 0.997541 0.997542 0.997542 0.997542 0.997542 0.997542 0.997542 0.997542
          0.997542 0.997542 0.997542 0.997542 0.997542 0.997542 0.997542 0.997541 0.997541 0.997541 0.997541 0.997541
          0.997541 0.997541 0.997541 0.997541 0.997541 0.997541 0.997541 0.997541 0.997541 0.997541 0.997541 0.997541
          0.997541 0.997541 0.997541 0.997541 0.997541 0.997541 0.997541 0.997541 0.997541 0.997541 0.997541 0.997541
          0.99754 0.99754 0.99754 0.99754 0.997495 0.997495 0.997495 0.997495 0.997495 0.997495 0.997495 0.997498
          0.997501 0.997502 0.997503 0.997504 0.997505 0.997506 0.997507 0.997509 0.997511 0.997513 0.997515 0.997518
          0.997521 0.997524 0.997527 0.99753 0.997532 0.997534 0.997536 0.997537 0.997539 0.99754 0.997541 0.997542
          0.997543 0.997543 0.997544 0.997544 0.997544 0.997544 0.997544 0.997545 0.997545 0.997545 0.997544 0.997544
          0.997544 0.997544 0.997544 0.997544 0.997544 0.997544 0.997544 0.997544 0.997544 0.997544 0.997544 0.997544
          0.997544 0.997544 0.997544 0.997544 0.997544 0.997544 0.997544 0.997544 0.997543 0.997543 0.997543 0.997543
          0.997543 0.997543 0.997543 0.997543 0.997543 0.997543 0.997543 0.997543 0.997496 0.997496 0.997496 0.997496
          0.997496 0.997496 0.997496 0.997496 0.997496 0.997496 0.997496 0.997497 0.997497 0.997497 0.997497 0.997497
          0.997497 0.997497 0.997498 0.997498 0.997498 0.997498 0.997498 0.997498 0.997498 0.99751 0.997515 0.997518
          0.997521 0.997524 0.997527 0.99753 0.997533 0.997536 0.997539 0.997541 0.997542 0.997544 0.997545 0.997545
          0.997546 0.997546 0.997547 0.997547 0.997547 0.997547 0.997547 0.997547 0.997547 0.997547 0.997547 0.997547
          0.997547 0.997547 0.997547 0.997547 0.997547 0.997547 0.997547 0.997546 0.997546 0.997546 0.997546 0.997546
          0.997546 0.997546 0.997546 0.997546 0.997546 0.997546 0.997546 0.997546 0.997546 0.997546 0.997546 0.997546
          0.997496 0.997496 0.997496 0.997496 0.997496 0.997496 0.997496 0.997496 0.997497 0.997497 0.997497 0.997497
          0.997497 0.997497 0.997497 0.997498 0.997498 0.997498 0.997498 0.997498 0.997499 0.997499 0.997499 0.997499
          0.9975 0.9975 0.9975 0.9975 0.9975 0.997501 0.997501 0.997501 0.997501 0.997501 0.997514 0.997522
          0.997527 0.99753 0.997533 0.997536 0.997539 0.997542 0.997545 0.997546 0.997547 0.997548 0.997549 0.997549
          0.997549 0.997549 0.99755 0.99755 0.99755 0.99755 0.99755 0.99755 0.997549 0.997549 0.997549 0.997549
          0.997549 0.997549 0.997549 0.997549 0.997549 0.997549 0.997549 0.997549 0.997549 0.997549 0.997549 0.997549
          0.997549 0.997549 0.997549 0.997549 0.997496 0.997496 0.997496 0.997496 0.997496 0.997496 0.997496 0.997497
          0.997497 0.997497 0.997497 0.997497 0.997497 0.997497 0.997498 0.997498 0.997498 0.997498 0.997498 0.997499
          0.997499 0.997499 0.997499 0.9975 0.9975 0.9975 0.9975 0.997501 0.997501 0.997501 0.997502 0.997502
          0.997502 0.997503 0.997503 0.997503 0.997503 0.997503 0.997503 0.997504 0.997504 0.997518 0.997527 0.997532
          0.997536 0.997539 0.997542 0.997546 0.997548 0.997549 0.99755 0.997551 0.997552 0.997552 0.997552 0.997552
          0.997552 0.997552 0.997552 0.997552 0.997552 0.997552 0.997552 0.997552 0.997552 0.997552 0.997552 0.997552
          0.997552 0.997552 0.997552 0.997552 0.997551 0.997551 0.997551 0.997551 0.997496 0.997496 0.997496 0.997496
          0.997496 0.997496 0.997497 0.997497 0.997497 0.997497 0.997497 0.997497 0.997497 0.997498 0.997498 0.997498
          0.997498 0.997498 0.997499 0.997499 0.997499 0.997499 0.9975 0.9975 0.9975 0.997501 0.997501 0.997501
          0.997501 0.997502 0.997502 0.997502 0.997503 0.997503 0.997503 0.997504 0.997504 0.997504 0.997505 0.997505
          0.997505 0.997506 0.997506 0.997506 0.997506 0.997506 0.997506 0.997523 0.997532 0.997537 0.997541 0.997544
          0.997548 0.99755 0.997552 0.997553 0.997554 0.997554 0.997554 0.997555 0.997555 0.997555 0.997555 0.997555
          0.997555 0.997555 0.997554 0.997554 0.997554 0.997554 0.997554 0.997554 0.997554 0.997554 0.997554 0.997554
          0.997496 0.997496 0.997496 0.997496 0.997496 0.997496 0.997496 0.997497 0.997497 0.997497 0.997497 0.997497
          0.997497 0.997498 0.997498 0.997498 0.997498 0.997499 0.997499 0.997499 0.997499 0.9975 0.9975 0.9975
          0.9975 0.997501 0.997501 0.997501 0.997502 0.997502 0.997502 0.997503 0.997503 0.997504 0.997504 0.997504
          0.997505 0.997505 0.997505 0.997506 0.997506 0.997506 0.997507 0.997507 0.997508 0.997508 0.997508 0.997508
          0.997509 0.997509 0.997509 0.997509 0.997524 0.997535 0.99754 0.997544 0.997547 0.997551 0.997553 0.997555
          0.997556 0.997556 0.997557 0.997557 0.997557 0.997557 0.997557 0.997557 0.997557 0.997557 0.997557 0.997557
          0.997557 0.997557 0.997557 0.997557 0.997496 0.997496 0.997496 0.997496 0.997496 0.997496 0.997496 0.997496
          0.997497 0.997497 0.997497 0.997497 0.997497 0.997498 0.997498 0.997498 0.997498 0.997499 0.997499 0.997499
          0.997499 0.9975 0.9975 0.9975 0.997501 0.997501 0.997501 0.997502 0.997502 0.997502 0.997503 0.997503
          0.997504 0.997504 0.997504 0.997505 0.997505 0.997505 0.997506 0.997506 0.997507 0.997507 0.997507 0.997508
          0.997508 0.997509 0.997509 0.997509 0.99751 0.99751 0.99751 0.997511 0.997511 0.997511 0.997511 0.997512
          0.997512 0.997531 0.99754 0.997545 0.997548 0.997553 0.997555 0.997557 0.997558 0.997559 0.997559 0.99756
          0.99756 0.99756 0.99756 0.99756 0.99756 0.99756 0.99756 0.997559 0.997496 0.997496 0.997496 0.997496
          0.997496 0.997496 0.997496 0.997496 0.997496 0.997497 0.997497 0.997497 0.997497 0.997497 0.997498 0.997498
          0.997498 0.997499 0.997499 0.997499 0.997499 0.9975 0.9975 0.9975 0.997501 0.997501 0.997502 0.997502
          0.997502 0.997503 0.997503 0.997503 0.997504 0.997504 0.997505 0.997505 0.997505 0.997506 0.997506 0.997507
          0.997507 0.997507 0.997508 0.997508 0.997509 0.997509 0.99751 0.99751 0.99751 0.997511 0.997511 0.997512
          0.997512 0.997512 0.997513 0.997513 0.997513 0.997514 0.997514 0.997514 0.997514 0.997526 0.997541 0.997546
          0.99755 0.997555 0.997558 0.997559 0.997561 0.997561 0.997562 0.997562 0.997562 0.997562 0.997562 0.997562
          0.997495 0.997495 0.997495 0.997495 0.997496 0.997496 0.997496 0.997496 0.997496 0.997496 0.997497 0.997497
          0.997497 0.997497 0.997498 0.997498 0.997498 0.997498 0.997499 0.997499 0.997499 0.9975 0.9975 0.997501
          0.997501 0.997501 0.997502 0.997502 0.997503 0.997503 0.997503 0.997504 0.997504 0.997505 0.997505 0.997505
          0.997506 0.997506 0.997507 0.997507 0.997507 0.997508 0.997508 0.997509 0.997509 0.99751 0.99751 0.99751
          0.997511 0.997511 0.997512 0.997512 0.997513 0.997513 0.997514 0.997514 0.997514 0.997515 0.997515 0.997516
          0.997516 0.997516 0.997516 0.997517 0.997517 0.997517 0.997542 0.997549 0.997553 0.997557 0.997561 0.997562
          0.997563 0.997564 0.997564 0.997565 0.997495 0.997495 0.997495 0.997495 0.997495 0.997495 0.997495 0.997496
          0.997496 0.997496 0.997496 0.997496 0.997497 0.997497 0.997497 0.997498 0.997498 0.997498 0.997499 0.997499
          0.997499 0.9975 0.9975 0.997501 0.997501 0.997501 0.997502 0.997502 0.997503 0.997503 0.997504 0.997504
          0.997504 0.997505 0.997505 0.997506 0.997506 0.997507 0.997507 0.997507 0.997508 0.997508 0.997509 0.997509
          0.99751 0.99751 0.997511 0.997511 0.997511 0.997512 0.997512 0.997513 0.997513 0.997514 0.997514 0.997515
          0.997515 0.997515 0.997516 0.997516 0.997517 0.997517 0.997518 0.997518 0.997518 0.997519 0.997519 0.997519
          0.997519 0.99752 0.997545 0.997552 0.997556 0.997561 0.997563 0.997565 0.997494 0.997494 0.997494 0.997494
          0.997494 0.997495 0.997495 0.997495 0.997495 0.997495 0.997496 0.997496 0.997496 0.997497 0.997497 0.997497
          0.997498 0.997498 0.997499 0.997499 0.997499 0.9975 0.9975 0.997501 0.997501 0.997501 0.997502 0.997502
          0.997503 0.997503 0.997504 0.997504 0.997505 0.997505 0.997505 0.997506 0.997506 0.997507 0.997507 0.997508
          0.997508 0.997509 0.997509 0.99751 0.99751 0.997511 0.997511 0.997512 0.997512 0.997512 0.997513 0.997513
          0.997514 0.997514 0.997515 0.997515 0.997516 0.997516 0.997517 0.997517 0.997517 0.997518 0.997518 0.997519
          0.997519 0.99752 0.99752 0.997521 0.997521 0.997521 0.997522 0.997522 0.997522 0.997522 0.997549 0.997556
          0.997493 0.997493 0.997494 0.997494 0.997494 0.997494 0.997494 0.997494 0.997495 0.997495 0.997495 0.997496
          0.997496 0.997496 0.997497 0.997497 0.997497 0.997498 0.997498 0.997499 0.997499 0.9975 0.9975 0.997501
          0.997501 0.997501 0.997502 0.997502 0.997503 0.997503 0.997504 0.997504 0.997505 0.997505 0.997506 0.997506
          0.997507 0.997507 0.997508 0.997508 0.997509 0.997509 0.99751 0.99751 0.997511 0.997511 0.997512 0.997512
          0.997512 0.997513 0.997513 0.997514 0.997514 0.997515 0.997515 0.997516 0.997516 0.997517 0.997517 0.997518
          0.997518 0.997519 0.997519 0.997519 0.99752 0.99752 0.997521 0.997521 0.997522 0.997522 0.997523 0.997523
          0.997523 0.997524 0.997524 0.997524 0.997492 0.997492 0.997492 0.997493 0.997493 0.997493 0.997493 0.997494
          0.997494 0.997494 0.997494 0.997495 0.997495 0.997496 0.997496 0.997497 0.997497 0.997497 0.997498 0.997498
          0.997499 0.997499 0.9975 0.9975 0.997501 0.997501 0.997502 0.997502 0.997503 0.997503 0.997504 0.997504
          0.997505 0.997505 0.997506 0.997506 0.997507 0.997508 0.997508 0.997509 0.997509 0.997509 0.99751 0.99751
          0.997511 0.997511 0.997512 0.997512 0.997513 0.997513 0.997514 0.997514 0.997515 0.997515 0.997516 0.997516
          0.997517 0.997517 0.997518 0.997518 0.997519 0.997519 0.99752 0.99752 0.997521 0.997521 0.997521 0.997522
          0.997522 0.997523 0.997523 0.997524 0.997524 0.997525 0.997525 0.997526 0.997491 0.997491 0.997491 0.997491
          0.997492 0.997492 0.997492 0.997492 0.997493 0.997493 0.997494 0.997494 0.997495 0.997495 0.997496 0.997496
          0.997497 0.997497 0.997498 0.997498 0.997499 0.997499 0.9975 0.9975 0.997501 0.997501 0.997502 0.997503
          0.997503 0.997504 0.997504 0.997505 0.997505 0.997506 0.997506 0.997507 0.997507 0.997508 0.997508 0.997509
          0.997509 0.99751 0.99751 0.997511 0.997511 0.997512 0.997512 0.997513 0.997513 0.997514 0.997514 0.997515
          0.997515 0.997516 0.997516 0.997517 0.997517 0.997518 0.997518 0.997519 0.997519 0.99752 0.99752 0.997521
          0.997521 0.997522 0.997522 0.997523 0.997523 0.997523 0.997524 0.997524 0.997525 0.997525 0.997526 0.997526
          0.99749 0.99749 0.99749 0.99749 0.99749 0.997491 0.997491 0.997491 0.997492 0.997492 0.997493 0.997493
          0.997494 0.997494 0.997495 0.997495 0.997496 0.997497 0.997497 0.997498 0.997498 0.997499 0.9975 0.9975
          0.997501 0.997501 0.997502 0.997503 0.997503 0.997504 0.997504 0.997505 0.997505 0.997506 0.997506 0.997507
          0.997508 0.997508 0.997509 0.997509 0.99751 0.99751 0.997511 0.997511 0.997512 0.997512 0.997513 0.997513
          0.997514 0.997514 0.997515 0.997515 0.997516 0.997516 0.997517 0.997517 0.997518 0.997518 0.997519 0.997519
          0.99752 0.99752 0.997521 0.997521 0.997522 0.997522 0.997523 0.997523 0.997524 0.997524 0.997525 0.997525
          0.997525 0.997526 0.997526 0.997527 0.997488 0.997488 0.997488 0.997488 0.997489 0.997489 0.997489 0.99749
          0.99749 0.997491 0.997492 0.997492 0.997493 0.997494 0.997494 0.997495 0.997495 0.997496 0.997497 0.997497
          0.997498 0.997499 0.997499 0.9975 0.997501 0.997501 0.997502 0.997503 0.997503 0.997504 0.997504 0.997505
          0.997505 0.997506 0.997507 0.997507 0.997508 0.997508 0.997509 0.997509 0.99751 0.997511 0.997511 0.997512
          0.997512 0.997513 0.997513 0.997514 0.997514 0.997515 0.997515 0.997516 0.997516 0.997517 0.997517 0.997518
          0.997518 0.997519 0.997519 0.99752 0.99752 0.997521 0.997521 0.997522 0.997522 0.997523 0.997523 0.997524
          0.997524 0.997525 0.997525 0.997526 0.997526 0.997526 0.997527 0.997527 0.997486 0.997486 0.997486 0.997486
          0.997487 0.997487 0.997488 0.997488 0.997489 0.99749 0.99749 0.997491 0.997492 0.997493 0.997493 0.997494
          0.997495 0.997496 0.997496 0.997497 0.997498 0.997498 0.997499 0.9975 0.9975 0.997501 0.997502 0.997503
          0.997503 0.997504 0.997504 0.997505 0.997506 0.997506 0.997507 0.997507 0.997508 0.997509 0.997509 0.99751
          0.99751 0.997511 0.997512 0.997512 0.997513 0.997513 0.997514 0.997514 0.997515 0.997515 0.997516 0.997516
          0.997517 0.997517 0.997518 0.997518 0.997519 0.997519 0.99752 0.99752 0.997521 0.997521 0.997522 0.997522
          0.997523 0.997523 0.997524 0.997524 0.997525 0.997525 0.997526 0.997526 0.997527 0.997527 0.997527 0.997528
          0.997483 0.997483 0.997483 0.997484 0.997484 0.997485 0.997486 0.997486 0.997487 0.997488 0.997489 0.99749
          0.997491 0.997492 0.997492 0.997493 0.997494 0.997495 0.997496 0.997497 0.997497 0.997498 0.997499 0.9975
          0.9975 0.997501 0.997502 0.997503 0.997503 0.997504 0.997505 0.997505 0.997506 0.997506 0.997507 0.997508
          0.997508 0.997509 0.99751 0.99751 0.997511 0.997511 0.997512 0.997512 0.997513 0.997514 0.997514 0.997515
          0.997515 0.997516 0.997516 0.997517 0.997517 0.997518 0.997518 0.997519 0.997519 0.99752 0.99752 0.997521
          0.997521 0.997522 0.997522 0.997523 0.997523 0.997524 0.997524 0.997525 0.997525 0.997526 0.997526 0.997527
          0.997527 0.997527 0.997528 0.997528 0.997479 0.997479 0.99748 0.997481 0.997481 0.997482 0.997483 0.997484
          0.997485 0.997486 0.997487 0.997488 0.99749 0.997491 0.997492 0.997492 0.997493 0.997494 0.997495 0.997496
          0.997497 0.997498 0.997499 0.997499 0.9975 0.997501 0.997502 0.997503 0.997503 0.997504 0.997505 0.997505
          0.997506 0.997507 0.997507 0.997508 0.997509 0.997509 0.99751 0.99751 0.997511 0.997512 0.997512 0.997513
          0.997513 0.997514 0.997514 0.997515 0.997516 0.997516 0.997517 0.997517 0.997518 0.997518 0.997519 0.997519
          0.99752 0.99752 0.997521 0.997521 0.997522 0.997522 0.997523 0.997523 0.997524 0.997524 0.997525 0.997525
          0.997526 0.997526 0.997527 0.997527 0.997527 0.997528 0.997528 0.997529 0.997474 0.997475 0.997475 0.997476
          0.997478 0.997479 0.997481 0.997482 0.997483 0.997485 0.997486 0.997487 0.997488 0.99749 0.997491 0.997492
          0.997493 0.997494 0.997495 0.997496 0.997497 0.997498 0.997498 0.997499 0.9975 0.997501 0.997502 0.997503
          0.997503 0.997504 0.997505 0.997506 0.997506 0.997507 0.997508 0.997508 0.997509 0.99751 0.99751 0.997511
          0.997511 0.997512 0.997513 0.997513 0.997514 0.997514 0.997515 0.997515 0.997516 0.997517 0.997517 0.997518
          0.997518 0.997519 0.997519 0.99752 0.99752 0.997521 0.997521 0.997522 0.997522 0.997523 0.997523 0.997524
          0.997524 0.997525 0.997525 0.997526 0.997526 0.997527 0.997527 0.997527 0.997528 0.997528 0.997529 0.997529
          0.997467 0.997467 0.997469 0.997471 0.997473 0.997475 0.997477 0.997479 0.997481 0.997483 0.997484 0.997486
          0.997487 0.997488 0.99749 0.997491 0.997492 0.997493 0.997494 0.997495 0.997496 0.997497 0.997498 0.997499
          0.9975 0.997501 0.997502 0.997503 0.997503 0.997504 0.997505 0.997506 0.997506 0.997507 0.997508 0.997509
          0.997509 0.99751 0.99751 0.997511 0.997512 0.997512 0.997513 0.997514 0.997514 0.997515 0.997515 0.997516
          0.997516 0.997517 0.997518 0.997518 0.997519 0.997519 0.99752 0.99752 0.997521 0.997521 0.997522 0.997522
          0.997523 0.997523 0.997524 0.997524 0.997525 0.997525 0.997526 0.997526 0.997527 0.997527 0.997527 0.997528
          0.997528 0.997529 0.997529 0.99753 0.99744 0.997454 0.99746 0.997465 0.997469 0.997472 0.997474 0.997477
          0.997479 0.997481 0.997483 0.997484 0.997486 0.997488 0.997489 0.99749 0.997492 0.997493 0.997494 0.997495
          0.997496 0.997497 0.997498 0.997499 0.9975 0.997501 0.997502 0.997503 0.997504 0.997504 0.997505 0.997506
          0.997507 0.997507 0.997508 0.997509 0.99751 0.99751 0.997511 0.997512 0.997512 0.997513 0.997513 0.997514
          0.997515 0.997515 0.997516 0.997516 0.997517 0.997517 0.997518 0.997518 0.997519 0.997519 0.99752 0.997521
          0.997521 0.997522 0.997522 0.997523 0.997523 0.997524 0.997524 0.997525 0.997525 0.997526 0.997526 0.997526
          0.997527 0.997527 0.997528 0.997528 0.997529 0.997529 0.99753 0.99753 0.997417 0.997442 0.997452 0.997459
          0.997464 0.997468 0.997471 0.997474 0.997477 0.997479 0.997481 0.997483 0.997485 0.997487 0.997488 0.99749
          0.997491 0.997493 0.997494 0.997495 0.997496 0.997497 0.997498 0.997499 0.9975 0.997501 0.997502 0.997503
          0.997504 0.997505 0.997505 0.997506 0.997507 0.997508 0.997508 0.997509 0.99751 0.99751 0.997511 0.997512
          0.997512 0.997513 0.997514 0.997514 0.997515 0.997515 0.997516 0.997517 0.997517 0.997518 0.997518 0.997519
          0.997519 0.99752 0.99752 0.997521 0.997521 0.997522 0.997522 0.997523 0.997523 0.997524 0.997524 0.997525
          0.997525 0.997526 0.997526 0.997527 0.997527 0.997528 0.997528 0.997529 0.997529 0.99753 0.99753 0.99753
          0.997411 0.997436 0.997447 0.997455 0.997461 0.997465 0.997469 0.997473 0.997475 0.997478 0.99748 0.997482
          0.997484 0.997486 0.997488 0.99749 0.997491 0.997492 0.997494 0.997495 0.997496 0.997497 0.997498 0.997499
          0.9975 0.997501 0.997502 0.997503 0.997504 0.997505 0.997506 0.997506 0.997507 0.997508 0.997509 0.997509
          0.99751 0.997511 0.997512 0.997512 0.997513 0.997513 0.997514 0.997515 0.997515 0.997516 0.997516 0.997517
          0.997518 0.997518 0.997519 0.997519 0.99752 0.99752 0.997521 0.997521 0.997522 0.997522 0.997523 0.997523
          0.997524 0.997524 0.997525 0.997525 0.997526 0.997526 0.997527 0.997527 0.997528 0.997528 0.997528 0.997529
          0.997529 0.99753 0.99753 0.997531 0.997408 0.997433 0.997445 0.997453 0.997459 0.997464 0.997468 0.997471
          0.997474 0.997477 0.99748 0.997482 0.997484 0.997486 0.997488 0.997489 0.997491 0.997492 0.997494 0.997495
          0.997496 0.997497 0.997499 0.9975 0.997501 0.997502 0.997503 0.997503 0.997504 0.997505 0.997506 0.997507
          0.997508 0.997508 0.997509 0.99751 0.99751 0.997511 0.997512 0.997512 0.997513 0.997514 0.997514 0.997515
          0.997516 0.997516 0.997517 0.997517 0.997518 0.997518 0.997519 0.997519 0.99752 0.997521 0.997521 0.997522
          0.997522 0.997523 0.997523 0.997524 0.997524 0.997525 0.997525 0.997526 0.997526 0.997527 0.997527 0.997527
          0.997528 0.997528 0.997529 0.997529 0.99753 0.99753 0.997531 0.997531 0.997407 0.997432 0.997443 0.997451
          0.997458 0.997463 0.997467 0.997471 0.997474 0.997477 0.997479 0.997482 0.997484 0.997486 0.997488 0.997489
          0.997491 0.997493 0.997494 0.997495 0.997496 0.997498 0.997499 0.9975 0.997501 0.997502 0.997503 0.997504
          0.997505 0.997505 0.997506 0.997507 0.997508 0.997509 0.997509 0.99751 0.997511 0.997511 0.997512 0.997513
          0.997513 0.997514 0.997515 0.997515 0.997516 0.997516 0.997517 0.997518 0.997518 0.997519 0.997519 0.99752
          0.99752 0.997521 0.997521 0.997522 0.997522 0.997523 0.997523 0.997524 0.997524 0.997525 0.997525 0.997526
          0.997526 0.997527 0.997527 0.997528 0.997528 0.997529 0.997529 0.99753 0.99753 0.997531 0.997531 0.997531
          0.997407 0.997432 0.997443 0.997451 0.997458 0.997463 0.997467 0.997471 0.997474 0.997477 0.99748 0.997482
          0.997484 0.997486 0.997488 0.99749 0.997491 0.997493 0.997494 0.997495 0.997497 0.997498 0.997499 0.9975
          0.997501 0.997502 0.997503 0.997504 0.997505 0.997506 0.997507 0.997507 0.997508 0.997509 0.99751 0.99751
          0.997511 0.997512 0.997512 0.997513 0.997514 0.997514 0.997515 0.997516 0.997516 0.997517 0.997517 0.997518
          0.997518 0.997519 0.99752 0.99752 0.997521 0.997521 0.997522 0.997522 0.997523 0.997523 0.997524 0.997524
          0.997525 0.997525 0.997526 0.997526 0.997527 0.997527 0.997528 0.997528 0.997528 0.997529 0.997529 0.99753
          0.99753 0.997531 0.997531 0.997532
        </DataArray>
        <DataArray type="Float32" Name="x^CH4_liq" NumberOfComponents="1" format="ascii">
          0.00246673 0.00246673 0.00246406 0.00246406 0.00246673 0.00246405 0.00246673 0.00246403 0.00246673 0.00246402 0.00246673 0.002464
          0.00246673 0.00246397 0.00246674 0.00246395 0.00246674 0.00246394 0.00246675 0.00246393 0.00246675 0.00246392 0.00246676 0.00246391
          0.00246677 0.0024639 0.00246678 0.00246389 0.00246679 0.00246389 0.0024668 0.00246389 0.00246682 0.00246389 0.00246683 0.00246389
          0.00246684 0.0024639 0.00246686 0.00246392 0.00246688 0.00246393 0.0024669 0.00246395 0.00246691 0.00246398 0.00246693 0.002464
          0.00246695 0.00246403 0.00246697 0.00246406 0.00246699 0.00246409 0.002467 0.00246412 0.00246702 0.00246414 0.00246704 0.00246417
          0.00246706 0.0024642 0.00246707 0.00246423 0.00246709 0.00246426 0.00246711 0.00246429 0.00246713 0.00246432 0.00246714 0.00246435
          0.00246716 0.00246438 0.00246717 0.0024644 0.00246719 0.00246443 0.00246721 0.00246445 0.00246722 0.00246448 0.00246723 0.0024645
          0.00246725 0.00246453 0.00246726 0.00246455 0.00246727 0.00246457 0.00246729 0.00246459 0.0024673 0.00246461 0.00246731 0.00246463
          0.00246732 0.00246465 0.00246733 0.00246467 0.00246734 0.00246469 0.00246735 0.0024647 0.00246737 0.00246472 0.00246738 0.00246474
          0.00246738 0.00246475 0.00246739 0.00246477 0.0024674 0.00246478 0.00246741 0.00246479 0.00246742 0.00246481 0.00246743 0.00246482
          0.00246744 0.00246483 0.00246744 0.00246485 0.00246745 0.00246486 0.00246746 0.00246487 0.00246747 0.00246488 0.00246747 0.00246489
          0.00246748 0.0024649 0.00246749 0.00246492 0.00246749 0.00246493 0.0024675 0.00246494 0.0024675 0.00246495 0.00246751 0.00246496
          0.00246752 0.00246496 0.00246752 0.00246497 0.00246753 0.00246498 0.00246753 0.00246499 0.00246506 0.00246503 0.00246493 0.00246477
          0.00246456 0.00246433 0.00246395 0.00246357 0.00246337 0.0024632 0.00246302 0.00246284 0.00246264 0.00246244 0.00246223 0.00246202
          0.00246182 0.00246162 0.00246143 0.00246127 0.00246114 0.00246104 0.00246097 0.00246093 0.00246091 0.0024609 0.0024609 0.00246091
          0.00246093 0.00246096 0.002461 0.00246104 0.00246108 0.00246112 0.00246116 0.00246121 0.00246125 0.00246129 0.00246134 0.00246138
          0.00246142 0.00246146 0.0024615 0.00246154 0.00246157 0.00246161 0.00246164 0.00246167 0.00246171 0.00246174 0.00246177 0.0024618
          0.00246182 0.00246185 0.00246188 0.0024619 0.00246192 0.00246195 0.00246197 0.00246199 0.00246201 0.00246203 0.00246206 0.00246207
          0.00246209 0.00246211 0.00246213 0.00246215 0.00246217 0.00246218 0.0024622 0.00246222 0.00246223 0.00246225 0.00246226 0.00246228
          0.00248228 0.00248215 0.00248179 0.00248114 0.00248022 0.00247921 0.00247751 0.00247479 0.00247375 0.00247312 0.00247249 0.0024718
          0.00247104 0.0024702 0.00246929 0.0024683 0.00246724 0.00246612 0.00246497 0.00246383 0.00246276 0.00246179 0.00246098 0.00246031
          0.00245977 0.00245937 0.00245906 0.00245879 0.00245858 0.0024584 0.00245827 0.00245819 0.00245814 0.00245812 0.00245813 0.00245815
          0.00245819 0.00245823 0.00245827 0.00245832 0.00245837 0.00245842 0.00245848 0.00245853 0.00245858 0.00245863 0.00245867 0.00245872
          0.00245876 0.00245881 0.00245885 0.00245889 0.00245893 0.00245896 0.002459 0.00245903 0.00245907 0.0024591 0.00245913 0.00245916
          0.00245919 0.00245922 0.00245925 0.00245928 0.0024593 0.00245933 0.00245936 0.00245938 0.0024594 0.00245943 0.00245945 0.00245947
          0.0024595 0.00245952 0.00245954 0.00245956 0.00250469 0.00250469 0.00250468 0.00250467 0.00250465 0.00250462 0.00250459 0.00250179
          0.00249903 0.00249797 0.00249714 0.00249622 0.00249517 0.00249396 0.00249258 0.00249099 0.00248915 0.00248702 0.00248457 0.00248187
          0.00247897 0.00247598 0.0024731 0.00247049 0.00246789 0.00246564 0.00246409 0.00246271 0.00246139 0.00246015 0.00245903 0.00245808
          0.00245732 0.00245671 0.00245627 0.00245599 0.00245579 0.00245565 0.00245555 0.0024555 0.00245548 0.00245549 0.00245552 0.00245556
          0.00245561 0.00245566 0.00245571 0.00245577 0.00245582 0.00245588 0.00245593 0.00245598 0.00245603 0.00245608 0.00245612 0.00245617
          0.00245621 0.00245626 0.0024563 0.00245634 0.00245637 0.00245641 0.00245645 0.00245648 0.00245652 0.00245655 0.00245658 0.00245661
          0.00245664 0.00245668 0.0024567 0.00245673 0.00245676 0.00245679 0.00245682 0.00245684 0.00250413 0.00250412 0.0025041 0.00250406
          0.00250402 0.00250396 0.00250389 0.00250381 0.00250371 0.00250361 0.00250349 0.00250337 0.00250323 0.00250309 0.00250294 0.00250279
          0.00250264 0.0025025 0.00250236 0.00250222 0.00250211 0.00250201 0.00250192 0.00250184 0.00250177 0.00248987 0.002485 0.00248196
          0.00247903 0.00247593 0.00247273 0.0024696 0.00246678 0.00246404 0.00246101 0.00245907 0.00245767 0.00245648 0.00245549 0.00245468
          0.00245403 0.00245356 0.00245328 0.00245311 0.002453 0.00245294 0.00245291 0.00245292 0.00245295 0.00245299 0.00245304 0.00245309
          0.00245314 0.0024532 0.00245325 0.00245331 0.00245336 0.00245341 0.00245346 0.00245351 0.00245355 0.0024536 0.00245364 0.00245369
          0.00245373 0.00245377 0.00245381 0.00245385 0.00245388 0.00245392 0.00245396 0.00245399 0.00245403 0.00245406 0.0024541 0.00245413
          0.00250391 0.0025039 0.00250388 0.00250384 0.0025038 0.00250374 0.00250366 0.00250357 0.00250348 0.00250336 0.00250324 0.00250311
          0.00250296 0.00250281 0.00250264 0.00250247 0.00250228 0.00250208 0.00250187 0.00250166 0.00250143 0.00250119 0.00250095 0.00250071
          0.00250047 0.00250024 0.00250002 0.00249981 0.00249962 0.00249946 0.00249932 0.00249921 0.00249912 0.00249903 0.00248625 0.00247792
          0.00247348 0.00247 0.00246677 0.00246389 0.00246098 0.00245758 0.00245544 0.00245404 0.00245298 0.00245213 0.00245143 0.00245095
          0.00245067 0.00245051 0.00245042 0.00245037 0.00245037 0.00245039 0.00245043 0.00245047 0.00245052 0.00245058 0.00245063 0.00245068
          0.00245074 0.00245079 0.00245084 0.00245089 0.00245094 0.00245099 0.00245103 0.00245108 0.00245112 0.00245117 0.00245121 0.00245125
          0.00245129 0.00245133 0.00245137 0.00245141 0.00250378 0.00250377 0.00250375 0.00250371 0.00250366 0.0025036 0.00250352 0.00250342
          0.00250332 0.0025032 0.00250306 0.00250292 0.00250276 0.0025026 0.00250242 0.00250223 0.00250203 0.00250181 0.00250159 0.00250136
          0.00250112 0.00250087 0.00250061 0.00250035 0.00250008 0.0024998 0.00249952 0.00249923 0.00249894 0.00249864 0.00249833 0.00249804
          0.00249775 0.00249747 0.00249722 0.002497 0.00249681 0.00249665 0.00249652 0.00249641 0.00249631 0.00248214 0.00247261 0.00246762
          0.00246408 0.0024611 0.00245791 0.00245432 0.0024522 0.00245087 0.00244989 0.00244909 0.0024485 0.00244818 0.002448 0.00244789
          0.00244784 0.00244784 0.00244786 0.0024479 0.00244794 0.00244799 0.00244805 0.0024481 0.00244816 0.00244821 0.00244826 0.00244831
          0.00244836 0.00244841 0.00244846 0.00244851 0.00244856 0.0024486 0.00244865 0.00244869 0.00250375 0.00250374 0.00250371 0.00250367
          0.00250362 0.00250355 0.00250346 0.00250336 0.00250324 0.00250311 0.00250297 0.00250281 0.00250264 0.00250246 0.00250227 0.00250206
          0.00250184 0.00250162 0.00250138 0.00250113 0.00250088 0.00250061 0.00250034 0.00250006 0.00249977 0.00249947 0.00249917 0.00249886
          0.00249855 0.00249823 0.00249791 0.00249758 0.00249725 0.00249691 0.00249658 0.00249623 0.00249589 0.00249555 0.00249522 0.00249491
          0.00249463 0.00249437 0.00249416 0.00249399 0.00249385 0.00249373 0.00249362 0.00247708 0.00246756 0.00246274 0.00245938 0.0024561
          0.00245213 0.0024497 0.00244827 0.00244725 0.00244643 0.00244589 0.00244559 0.00244543 0.00244535 0.00244531 0.00244532 0.00244535
          0.00244539 0.00244544 0.0024455 0.00244555 0.00244561 0.00244566 0.00244572 0.00244577 0.00244582 0.00244587 0.00244593 0.00244598
          0.00250381 0.0025038 0.00250377 0.00250373 0.00250367 0.00250359 0.00250349 0.00250338 0.00250325 0.00250311 0.00250296 0.00250278
          0.0025026 0.0025024 0.00250219 0.00250197 0.00250173 0.00250149 0.00250123 0.00250097 0.00250069 0.00250041 0.00250012 0.00249982
          0.00249951 0.0024992 0.00249888 0.00249855 0.00249822 0.00249789 0.00249754 0.0024972 0.00249685 0.00249649 0.00249613 0.00249577
          0.00249541 0.00249504 0.00249467 0.0024943 0.00249392 0.00249355 0.00249318 0.00249282 0.00249247 0.00249215 0.00249186 0.00249161
          0.00249141 0.00249124 0.00249111 0.00249098 0.00247573 0.00246502 0.00245975 0.00245623 0.00245255 0.00244866 0.00244653 0.00244525
          0.00244428 0.00244356 0.00244317 0.00244297 0.00244285 0.0024428 0.0024428 0.00244283 0.00244287 0.00244292 0.00244298 0.00244303
          0.00244309 0.00244315 0.0024432 0.00244326 0.00250397 0.00250396 0.00250393 0.00250388 0.00250381 0.00250373 0.00250362 0.0025035
          0.00250336 0.0025032 0.00250303 0.00250284 0.00250264 0.00250242 0.00250219 0.00250195 0.0025017 0.00250143 0.00250115 0.00250087
          0.00250057 0.00250027 0.00249996 0.00249964 0.00249931 0.00249898 0.00249864 0.00249829 0.00249794 0.00249759 0.00249722 0.00249686
          0.00249649 0.00249612 0.00249574 0.00249536 0.00249498 0.0024946 0.00249421 0.00249382 0.00249342 0.00249303 0.00249263 0.00249223
          0.00249184 0.00249144 0.00249104 0.00249065 0.00249027 0.0024899 0.00248955 0.00248925 0.00248899 0.00248877 0.00248859 0.00248844
          0.00248832 0.00246932 0.00245989 0.00245531 0.00245167 0.00244725 0.00244453 0.00244302 0.00244195 0.00244115 0.0024407 0.00244047
          0.00244035 0.0024403 0.0024403 0.00244033 0.00244037 0.00244043 0.00244048 0.00244054 0.00250424 0.00250423 0.00250419 0.00250414
          0.00250406 0.00250396 0.00250385 0.00250371 0.00250355 0.00250338 0.00250319 0.00250298 0.00250276 0.00250252 0.00250227 0.00250201
          0.00250173 0.00250144 0.00250114 0.00250083 0.00250051 0.00250019 0.00249985 0.00249951 0.00249916 0.0024988 0.00249844 0.00249807
          0.0024977 0.00249733 0.00249694 0.00249656 0.00249617 0.00249578 0.00249539 0.00249499 0.00249459 0.00249419 0.00249378 0.00249337
          0.00249297 0.00249255 0.00249214 0.00249173 0.00249131 0.0024909 0.00249048 0.00249006 0.00248964 0.00248922 0.00248881 0.00248839
          0.00248798 0.00248759 0.00248721 0.00248686 0.00248656 0.00248629 0.00248608 0.0024859 0.00248574 0.00247386 0.00245922 0.00245361
          0.00244976 0.0024454 0.00244217 0.00244054 0.00243944 0.00243863 0.00243819 0.00243797 0.00243785 0.00243781 0.00243782 0.00243786
          0.00250462 0.00250461 0.00250457 0.00250451 0.00250442 0.00250431 0.00250418 0.00250403 0.00250385 0.00250366 0.00250345 0.00250322
          0.00250297 0.00250271 0.00250243 0.00250214 0.00250183 0.00250152 0.00250119 0.00250086 0.00250051 0.00250016 0.0024998 0.00249943
          0.00249905 0.00249867 0.00249829 0.0024979 0.0024975 0.0024971 0.0024967 0.0024963 0.00249589 0.00249548 0.00249506 0.00249464
          0.00249423 0.00249381 0.00249338 0.00249296 0.00249253 0.00249211 0.00249168 0.00249125 0.00249082 0.00249039 0.00248996 0.00248952
          0.00248909 0.00248866 0.00248822 0.00248779 0.00248735 0.00248692 0.00248648 0.00248605 0.00248563 0.00248521 0.00248481 0.00248443
          0.0024841 0.0024838 0.00248356 0.00248335 0.00248317 0.00248305 0.00245802 0.00245113 0.00244711 0.00244274 0.00243945 0.00243785
          0.00243679 0.00243603 0.00243564 0.00243546 0.00250513 0.00250511 0.00250507 0.002505 0.0025049 0.00250478 0.00250463 0.00250445
          0.00250426 0.00250404 0.0025038 0.00250354 0.00250327 0.00250297 0.00250267 0.00250235 0.00250201 0.00250167 0.00250131 0.00250094
          0.00250057 0.00250018 0.00249979 0.0024994 0.002499 0.00249859 0.00249818 0.00249776 0.00249734 0.00249692 0.00249649 0.00249606
          0.00249563 0.0024952 0.00249476 0.00249433 0.00249389 0.00249345 0.00249301 0.00249257 0.00249213 0.00249168 0.00249124 0.0024908
          0.00249035 0.00248991 0.00248946 0.00248901 0.00248857 0.00248812 0.00248767 0.00248722 0.00248677 0.00248633 0.00248588 0.00248543
          0.00248498 0.00248453 0.00248409 0.00248365 0.00248321 0.00248278 0.00248236 0.00248197 0.00248161 0.00248129 0.00248102 0.00248079
          0.00248058 0.00248045 0.00245499 0.00244794 0.00244388 0.0024395 0.00243649 0.00243505 0.00250578 0.00250576 0.00250571 0.00250563
          0.00250552 0.00250537 0.0025052 0.002505 0.00250478 0.00250453 0.00250426 0.00250397 0.00250366 0.00250333 0.00250299 0.00250263
          0.00250226 0.00250188 0.00250149 0.00250109 0.00250068 0.00250026 0.00249984 0.00249941 0.00249898 0.00249854 0.0024981 0.00249766
          0.00249721 0.00249676 0.00249631 0.00249586 0.0024954 0.00249495 0.00249449 0.00249403 0.00249357 0.00249312 0.00249266 0.0024922
          0.00249174 0.00249128 0.00249082 0.00249036 0.0024899 0.00248944 0.00248898 0.00248852 0.00248806 0.0024876 0.00248714 0.00248668
          0.00248622 0.00248576 0.0024853 0.00248484 0.00248438 0.00248393 0.00248347 0.00248301 0.00248255 0.0024821 0.00248164 0.00248119
          0.00248075 0.00248031 0.00247988 0.00247947 0.00247909 0.00247875 0.00247846 0.00247821 0.00247798 0.00247784 0.00245077 0.00244431
          0.00250659 0.00250657 0.00250651 0.00250641 0.00250628 0.00250611 0.00250591 0.00250568 0.00250542 0.00250514 0.00250483 0.0025045
          0.00250415 0.00250378 0.00250339 0.002503 0.00250258 0.00250216 0.00250173 0.00250129 0.00250084 0.00250039 0.00249993 0.00249947
          0.002499 0.00249853 0.00249806 0.00249759 0.00249711 0.00249663 0.00249616 0.00249568 0.0024952 0.00249472 0.00249424 0.00249376
          0.00249328 0.0024928 0.00249232 0.00249184 0.00249136 0.00249089 0.00249041 0.00248993 0.00248946 0.00248898 0.00248851 0.00248804
          0.00248757 0.00248709 0.00248662 0.00248615 0.00248568 0.00248521 0.00248474 0.00248427 0.00248381 0.00248334 0.00248287 0.00248241
          0.00248194 0.00248147 0.00248101 0.00248055 0.00248008 0.00247962 0.00247916 0.00247871 0.00247825 0.00247781 0.00247737 0.00247696
          0.00247657 0.00247621 0.0024759 0.00247562 0.00250758 0.00250755 0.00250748 0.00250737 0.00250721 0.00250701 0.00250678 0.00250651
          0.0025062 0.00250587 0.00250552 0.00250514 0.00250474 0.00250432 0.00250389 0.00250344 0.00250298 0.00250251 0.00250203 0.00250155
          0.00250106 0.00250057 0.00250007 0.00249957 0.00249906 0.00249856 0.00249805 0.00249754 0.00249704 0.00249653 0.00249602 0.00249551
          0.00249501 0.0024945 0.002494 0.0024935 0.002493 0.0024925 0.002492 0.0024915 0.002491 0.00249051 0.00249002 0.00248952
          0.00248903 0.00248854 0.00248806 0.00248757 0.00248708 0.0024866 0.00248612 0.00248564 0.00248516 0.00248468 0.0024842 0.00248372
          0.00248324 0.00248277 0.00248229 0.00248182 0.00248135 0.00248088 0.0024804 0.00247993 0.00247947 0.002479 0.00247853 0.00247806
          0.0024776 0.00247713 0.00247667 0.00247622 0.00247576 0.00247532 0.00247488 0.00247445 0.00250878 0.00250875 0.00250867 0.00250853
          0.00250833 0.0025081 0.00250782 0.00250749 0.00250714 0.00250675 0.00250633 0.00250589 0.00250543 0.00250496 0.00250446 0.00250396
          0.00250344 0.00250292 0.00250239 0.00250186 0.00250132 0.00250078 0.00250024 0.00249969 0.00249915 0.0024986 0.00249806 0.00249752
          0.00249698 0.00249644 0.0024959 0.00249537 0.00249483 0.0024943 0.00249377 0.00249325 0.00249272 0.0024922 0.00249168 0.00249117
          0.00249065 0.00249014 0.00248963 0.00248912 0.00248862 0.00248811 0.00248761 0.00248711 0.00248661 0.00248612 0.00248562 0.00248513
          0.00248464 0.00248415 0.00248366 0.00248318 0.0024827 0.00248221 0.00248173 0.00248125 0.00248077 0.0024803 0.00247982 0.00247934
          0.00247887 0.0024784 0.00247793 0.00247746 0.00247699 0.00247652 0.00247605 0.00247559 0.00247513 0.00247467 0.00247421 0.00247375
          0.00251025 0.00251021 0.0025101 0.00250993 0.00250969 0.0025094 0.00250905 0.00250867 0.00250824 0.00250778 0.00250729 0.00250677
          0.00250624 0.00250569 0.00250513 0.00250455 0.00250398 0.00250339 0.0025028 0.00250221 0.00250162 0.00250103 0.00250044 0.00249985
          0.00249926 0.00249867 0.00249809 0.00249751 0.00249694 0.00249636 0.00249579 0.00249523 0.00249467 0.00249411 0.00249356 0.00249301
          0.00249246 0.00249192 0.00249138 0.00249084 0.00249031 0.00248978 0.00248925 0.00248873 0.0024882 0.00248769 0.00248717 0.00248666
          0.00248615 0.00248564 0.00248514 0.00248464 0.00248414 0.00248364 0.00248315 0.00248265 0.00248216 0.00248167 0.00248118 0.0024807
          0.00248022 0.00247973 0.00247925 0.00247877 0.0024783 0.00247782 0.00247735 0.00247688 0.00247641 0.00247594 0.00247547 0.002475
          0.00247454 0.00247408 0.00247362 0.00247316 0.00251204 0.00251199 0.00251185 0.00251162 0.00251132 0.00251095 0.00251052 0.00251004
          0.00250952 0.00250897 0.00250838 0.00250778 0.00250715 0.00250652 0.00250587 0.00250522 0.00250457 0.00250391 0.00250325 0.0025026
          0.00250195 0.0025013 0.00250066 0.00250002 0.00249938 0.00249875 0.00249813 0.00249751 0.0024969 0.00249629 0.00249569 0.0024951
          0.0024945 0.00249392 0.00249334 0.00249276 0.00249219 0.00249163 0.00249107 0.00249051 0.00248996 0.00248942 0.00248887 0.00248833
          0.0024878 0.00248727 0.00248674 0.00248622 0.0024857 0.00248518 0.00248467 0.00248415 0.00248365 0.00248314 0.00248264 0.00248214
          0.00248164 0.00248115 0.00248065 0.00248016 0.00247968 0.00247919 0.00247871 0.00247823 0.00247775 0.00247727 0.0024768 0.00247632
          0.00247585 0.00247538 0.00247491 0.00247445 0.00247398 0.00247352 0.00247306 0.0024726 0.00251426 0.00251419 0.00251399 0.00251369
          0.00251329 0.00251281 0.00251226 0.00251166 0.00251101 0.00251033 0.00250962 0.0025089 0.00250817 0.00250743 0.00250669 0.00250594
          0.0025052 0.00250447 0.00250374 0.00250301 0.0025023 0.00250159 0.00250089 0.0025002 0.00249951 0.00249884 0.00249817 0.00249751
          0.00249686 0.00249622 0.00249559 0.00249496 0.00249434 0.00249373 0.00249312 0.00249252 0.00249193 0.00249134 0.00249076 0.00249019
          0.00248962 0.00248906 0.0024885 0.00248795 0.0024874 0.00248685 0.00248632 0.00248578 0.00248525 0.00248472 0.0024842 0.00248368
          0.00248317 0.00248265 0.00248215 0.00248164 0.00248114 0.00248064 0.00248014 0.00247965 0.00247916 0.00247867 0.00247818 0.0024777
          0.00247722 0.00247674 0.00247627 0.00247579 0.00247532 0.00247485 0.00247439 0.00247392 0.00247346 0.002473 0.00247254 0.00247208
          0.00251705 0.00251695 0.00251667 0.00251624 0.00251569 0.00251504 0.00251431 0.00251353 0.00251271 0.00251187 0.00251101 0.00251014
          0.00250928 0.00250841 0.00250756 0.00250671 0.00250587 0.00250505 0.00250424 0.00250344 0.00250265 0.00250188 0.00250112 0.00250037
          0.00249964 0.00249891 0.0024982 0.0024975 0.00249682 0.00249614 0.00249547 0.00249481 0.00249416 0.00249353 0.0024929 0.00249227
          0.00249166 0.00249105 0.00249045 0.00248986 0.00248928 0.0024887 0.00248813 0.00248756 0.002487 0.00248645 0.0024859 0.00248535
          0.00248481 0.00248428 0.00248375 0.00248322 0.0024827 0.00248218 0.00248167 0.00248116 0.00248065 0.00248015 0.00247965 0.00247916
          0.00247866 0.00247817 0.00247769 0.0024772 0.00247672 0.00247624 0.00247577 0.00247529 0.00247482 0.00247435 0.00247389 0.00247343
          0.00247297 0.00247251 0.00247205 0.0024716 0.00252069 0.00252053 0.00252009 0.00251944 0.00251863 0.00251771 0.00251672 0.00251569
          0.00251463 0.00251358 0.00251252 0.00251148 0.00251046 0.00250945 0.00250847 0.0025075 0.00250656 0.00250564 0.00250474 0.00250386
          0.002503 0.00250216 0.00250134 0.00250053 0.00249974 0.00249897 0.00249822 0.00249748 0.00249675 0.00249604 0.00249534 0.00249465
          0.00249398 0.00249331 0.00249266 0.00249201 0.00249138 0.00249076 0.00249014 0.00248953 0.00248893 0.00248834 0.00248776 0.00248718
          0.00248661 0.00248604 0.00248548 0.00248493 0.00248439 0.00248384 0.00248331 0.00248278 0.00248225 0.00248173 0.00248121 0.0024807
          0.00248019 0.00247968 0.00247918 0.00247868 0.00247819 0.0024777 0.00247721 0.00247673 0.00247625 0.00247577 0.00247529 0.00247482
          0.00247435 0.00247389 0.00247342 0.00247296 0.0024725 0.00247204 0.00247159 0.00247114 0.00252585 0.00252543 0.00252466 0.00252355
          0.00252226 0.00252088 0.00251949 0.0025181 0.00251674 0.00251541 0.00251412 0.00251288 0.00251167 0.0025105 0.00250937 0.00250828
          0.00250723 0.0025062 0.00250521 0.00250425 0.00250331 0.0025024 0.00250152 0.00250066 0.00249982 0.002499 0.00249821 0.00249743
          0.00249666 0.00249592 0.00249519 0.00249447 0.00249377 0.00249308 0.00249241 0.00249174 0.00249109 0.00249045 0.00248982 0.0024892
          0.00248858 0.00248798 0.00248739 0.0024868 0.00248622 0.00248565 0.00248508 0.00248452 0.00248397 0.00248342 0.00248288 0.00248235
          0.00248182 0.00248129 0.00248077 0.00248026 0.00247975 0.00247924 0.00247874 0.00247824 0.00247774 0.00247725 0.00247677 0.00247628
          0.0024758 0.00247532 0.00247485 0.00247438 0.00247391 0.00247344 0.00247298 0.00247252 0.00247207 0.00247161 0.00247116 0.00247071
          0.00253329 0.00253315 0.00253111 0.00252885 0.00252663 0.00252453 0.00252256 0.0025207 0.00251895 0.0025173 0.00251574 0.00251426
          0.00251286 0.00251152 0.00251024 0.00250902 0.00250784 0.00250672 0.00250563 0.00250459 0.00250358 0.0025026 0.00250166 0.00250074
          0.00249986 0.00249899 0.00249816 0.00249734 0.00249654 0.00249577 0.00249501 0.00249427 0.00249354 0.00249284 0.00249214 0.00249146
          0.00249079 0.00249014 0.00248949 0.00248886 0.00248824 0.00248762 0.00248702 0.00248643 0.00248584 0.00248526 0.00248469 0.00248413
          0.00248357 0.00248302 0.00248247 0.00248194 0.0024814 0.00248088 0.00248035 0.00247984 0.00247933 0.00247882 0.00247832 0.00247782
          0.00247732 0.00247683 0.00247635 0.00247586 0.00247538 0.00247491 0.00247443 0.00247396 0.0024735 0.00247303 0.00247257 0.00247211
          0.00247166 0.0024712 0.00247075 0.00247031 0.00256037 0.00254621 0.00253969 0.00253511 0.00253147 0.00252839 0.0025257 0.0025233
          0.00252112 0.00251913 0.00251728 0.00251556 0.00251396 0.00251244 0.00251101 0.00250966 0.00250837 0.00250714 0.00250597 0.00250485
          0.00250377 0.00250273 0.00250173 0.00250077 0.00249984 0.00249893 0.00249806 0.00249721 0.00249639 0.00249558 0.0024948 0.00249404
          0.0024933 0.00249257 0.00249186 0.00249117 0.00249049 0.00248982 0.00248917 0.00248852 0.00248789 0.00248727 0.00248666 0.00248606
          0.00248547 0.00248489 0.00248431 0.00248374 0.00248318 0.00248263 0.00248208 0.00248154 0.00248101 0.00248048 0.00247996 0.00247944
          0.00247893 0.00247842 0.00247792 0.00247742 0.00247693 0.00247644 0.00247595 0.00247547 0.00247499 0.00247451 0.00247404 0.00247357
          0.00247311 0.00247264 0.00247219 0.00247173 0.00247127 0.00247082 0.00247037 0.00246993 0.00258333 0.00255845 0.00254773 0.00254095
          0.00253594 0.00253193 0.00252856 0.00252564 0.00252306 0.00252074 0.00251862 0.00251668 0.00251488 0.00251321 0.00251164 0.00251016
          0.00250877 0.00250746 0.0025062 0.00250501 0.00250387 0.00250278 0.00250173 0.00250072 0.00249975 0.00249882 0.00249791 0.00249704
          0.00249619 0.00249537 0.00249457 0.00249379 0.00249303 0.00249229 0.00249157 0.00249086 0.00249017 0.0024895 0.00248884 0.00248819
          0.00248755 0.00248693 0.00248631 0.00248571 0.00248511 0.00248453 0.00248395 0.00248338 0.00248282 0.00248226 0.00248172 0.00248117
          0.00248064 0.00248011 0.00247959 0.00247907 0.00247856 0.00247805 0.00247755 0.00247705 0.00247656 0.00247607 0.00247558 0.0024751
          0.00247462 0.00247415 0.00247368 0.00247321 0.00247274 0.00247228 0.00247182 0.00247137 0.00247091 0.00247046 0.00247002 0.00246957
          0.00258855 0.00256427 0.00255271 0.00254503 0.00253927 0.00253465 0.0025308 0.00252748 0.00252458 0.00252198 0.00251965 0.00251752
          0.00251556 0.00251375 0.00251207 0.00251049 0.00250901 0.00250762 0.0025063 0.00250505 0.00250386 0.00250273 0.00250164 0.0025006
          0.0024996 0.00249864 0.00249772 0.00249682 0.00249596 0.00249512 0.0024943 0.00249352 0.00249275 0.002492 0.00249127 0.00249056
          0.00248986 0.00248918 0.00248851 0.00248786 0.00248722 0.00248659 0.00248597 0.00248537 0.00248477 0.00248418 0.0024836 0.00248303
          0.00248247 0.00248191 0.00248137 0.00248083 0.00248029 0.00247976 0.00247924 0.00247872 0.00247821 0.0024777 0.0024772 0.0024767
          0.00247621 0.00247572 0.00247523 0.00247475 0.00247428 0.0024738 0.00247333 0.00247286 0.0024724 0.00247194 0.00247148 0.00247103
          0.00247058 0.00247013 0.00246968 0.00246923 0.00259153 0.00256712 0.00255538 0.00254742 0.00254133 0.00253639 0.00253225 0.00252868
          0.00252556 0.00252278 0.00252028 0.00251801 0.00251594 0.00251403 0.00251226 0.00251061 0.00250907 0.00250763 0.00250626 0.00250497
          0.00250375 0.00250258 0.00250147 0.00250041 0.0024994 0.00249842 0.00249748 0.00249657 0.0024957 0.00249485 0.00249403 0.00249323
          0.00249246 0.0024917 0.00249097 0.00249025 0.00248955 0.00248887 0.0024882 0.00248754 0.0024869 0.00248627 0.00248565 0.00248504
          0.00248445 0.00248386 0.00248328 0.00248271 0.00248214 0.00248159 0.00248104 0.0024805 0.00247996 0.00247943 0.00247891 0.00247839
          0.00247788 0.00247737 0.00247687 0.00247637 0.00247588 0.00247539 0.00247491 0.00247443 0.00247395 0.00247348 0.00247301 0.00247254
          0.00247208 0.00247162 0.00247116 0.00247071 0.00247026 0.00246981 0.00246936 0.00246892 0.00259281 0.00256839 0.00255657 0.00254849
          0.00254227 0.00253719 0.0025329 0.0025292 0.00252596 0.00252307 0.00252048 0.00251814 0.002516 0.00251403 0.00251221 0.00251053
          0.00250895 0.00250748 0.00250609 0.00250478 0.00250354 0.00250236 0.00250124 0.00250017 0.00249914 0.00249816 0.00249721 0.0024963
          0.00249542 0.00249457 0.00249374 0.00249294 0.00249216 0.00249141 0.00249067 0.00248995 0.00248925 0.00248857 0.0024879 0.00248724
          0.0024866 0.00248597 0.00248535 0.00248474 0.00248414 0.00248355 0.00248297 0.0024824 0.00248183 0.00248128 0.00248073 0.00248019
          0.00247965 0.00247912 0.0024786 0.00247808 0.00247757 0.00247707 0.00247656 0.00247607 0.00247557 0.00247509 0.0024746 0.00247412
          0.00247365 0.00247317 0.0024727 0.00247224 0.00247177 0.00247131 0.00247086 0.0024704 0.00246995 0.0024695 0.00246906 0.00246861
          0.00259289 0.00256846 0.00255663 0.00254853 0.00254227 0.00253716 0.00253283 0.0025291 0.00252582 0.00252291 0.0025203 0.00251794
          0.00251578 0.0025138 0.00251197 0.00251028 0.0025087 0.00250722 0.00250582 0.00250451 0.00250327 0.00250209 0.00250096 0.00249989
          0.00249886 0.00249788 0.00249693 0.00249601 0.00249513 0.00249428 0.00249345 0.00249265 0.00249188 0.00249112 0.00249038 0.00248966
          0.00248896 0.00248828 0.00248761 0.00248695 0.00248631 0.00248568 0.00248506 0.00248445 0.00248385 0.00248326 0.00248268 0.00248211
          0.00248154 0.00248099 0.00248044 0.0024799 0.00247936 0.00247883 0.00247831 0.00247779 0.00247728 0.00247678 0.00247627 0.00247578
          0.00247528 0.0024748 0.00247431 0.00247383 0.00247336 0.00247288 0.00247241 0.00247195 0.00247149 0.00247103 0.00247057 0.00247011
          0.00246966 0.00246922 0.00246877 0.00246833
        </DataArray>
        <DataArray type="Float32" Name="x^H2_liq" NumberOfComponents="1" format="ascii">
          0 0 0 0 0 0 0 0 0 0 0 0
          0 0 0 0 0 0 0 0 0 0 0 0
          0 0 0 0 0 0 0 0 0 0 0 0
          0 0 0 0 0 0 0 0 0 0 0 0
          0 0 0 0 0 0 0 0 0 0 0 0
          0 0 0 0 0 0 0 0 0 0 0 0
          0 0 0 0 0 0 0 0 0 0 0 0
          0 0 0 0 0 0 0 0 0 0 0 0
          0 0 0 0 0 0 0 0 0 0 0 0
          0 0 0 0 0 0 0 0 0 0 0 0
          0 0 0 0 0 0 0 0 0 0 0 0
          0 0 0 0 0 0 0 0 0 0 0 0
          0 0 0 0 0 0 0 0 0 0 0 0
          0 0 0 0 0 0 0 0 0 0 0 0
          0 0 0 0 0 0 0 0 0 0 0 0
          0 0 0 0 0 0 0 0 0 0 0 0
          0 0 0 0 0 0 0 0 0 0 0 0
          0 0 0 0 0 0 0 0 0 0 0 0
          0 0 0 0 0 0 0 0 0 0 0 0
          0 0 0 0 0 0 0 0 0 0 0 0
          0 0 0 0 0 0 0 0 0 0 0 0
          0 0 0 0 0 0 0 0 0 0 0 0
          0 0 0 0 0 0 0 0 0 0 0 0
          0 0 0 0 0 0 0 0 0 0 0 0
          0 0 0 0 0 0 0 0 0 0 0 0
          0 0 0 0 0 0 0 0 0 0 0 0
          0 0 0 0 0 0 0 0 0 0 0 0
          0 0 0 0 0 0 0 0 0 0 0 0
          0 0 0 0 0 0 0 0 0 0 0 0
          0 0 0 0 0 0 0 0 0 0 0 0
          0 0 0 0 0 0 0 0 0 0 0 0
          0 0 0 0 0 0 0 0 0 0 0 0
          0 0 0 0 0 0 0 0 0 0 0 0
          0 0 0 0 0 0 0 0 0 0 0 0
          0 0 0 0 0 0 0 0 0 0 0 0
          0 0 0 0 0 0 0 0 0 0 0 0
          0 0 0 0 0 0 0 0 0 0 0 0
          0 0 0 0 0 0 0 0 0 0 0 0
          0 0 0 0 0 0 0 0 0 0 0 0
          0 0 0 0 0 0 0 0 0 0 0 0
          0 0 0 0 0 0 0 0 0 0 0 0
          0 0 0 0 0 0 0 0 0 0 0 0
          0 0 0 0 0 0 0 0 0 0 0 0
          0 0 0 0 0 0 0 0 0 0 0 0
          0 0 0 0 0 0 0 0 0 0 0 0
          0 0 0 0 0 0 0 0 0 0 0 0
          0 0 0 0 0 0 0 0 0 0 0 0
          0 0 0 0 0 0 0 0 0 0 0 0
          0 0 0 0 0 0 0 0 0 0 0 0
          0 0 0 0 0 0 0 0 0 0 0 0
          0 0 0 0 0 0 0 0 0 0 0 0
          0 0 0 0 0 0 0 0 0 0 0 0
          0 0 0 0 0 0 0 0 0 0 0 0
          0 0 0 0 0 0 0 0 0 0 0 0
          0 0 0 0 0 0 0 0 0 0 0 0
          0 0 0 0 0 0 0 0 0 0 0 0
          0 0 0 0 0 0 0 0 0 0 0 0
          0 0 0 0 0 0 0 0 0 0 0 0
          0 0 0 0 0 0 0 0 0 0 0 0
          0 0 0 0 0 0 0 0 0 0 0 0
          0 0 0 0 0 0 0 0 0 0 0 0
          0 0 0 0 0 0 0 0 0 0 0 0
          0 0 0 0 0 0 0 0 0 0 0 0
          0 0 0 0 0 0 0 0 0 0 0 0
          0 0 0 0 0 0 0 0 0 0 0 0
          0 0 0 0 0 0 0 0 0 0 0 0
          0 0 0 0 0 0 0 0 0 0 0 0
          0 0 0 0 0 0 0 0 0 0 0 0
          0 0 0 0 0 0 0 0 0 0 0 0
          0 0 0 0 0 0 0 0 0 0 0 0
          0 0 0 0 0 0 0 0 0 0 0 0
          0 0 0 0 0 0 0 0 0 0 0 0
          0 0 0 0 0 0 0 0 0 0 0 0
          0 0 0 0 0 0 0 0 0 0 0 0
          0 0 0 0 0 0 0 0 0 0 0 0
          0 0 0 0 0 0 0 0 0 0 0 0
          0 0 0 0 0 0 0 0 0 0 0 0
          0 0 0 0 0 0 0 0 0 0 0 0
          0 0 0 0 0 0 0 0 0 0 0 0
          0 0 0 0 0 0 0 0 0 0 0 0
          0 0 0 0 0 0 0 0 0 0 0 0
          0 0 0 0 0 0 0 0 0 0 0 0
          0 0 0 0 0 0 0 0 0 0 0 0
          0 0 0 0 0 0 0 0 0 0 0 0
          0 0 0 0 0 0 0 0 0 0 0 0
          0 0 0 0 0 0 0 0 0 0 0 0
          0 0 0 0 0 0 0 0 0 0 0 0
          0 0 0 0 0 0 0 0 0 0 0 0
          0 0 0 0 0 0 0 0 0 0 0 0
          0 0 0 0 0 0 0 0 0 0 0 0
          0 0 0 0 0 0 0 0 0 0 0 0
          0 0 0 0 0 0 0 0 0 0 0 0
          0 0 0 0 0 0 0 0 0 0 0 0
          0 0 0 0 0 0 0 0 0 0 0 0
          0 0 0 0 0 0 0 0 0 0 0 0
          0 0 0 0 0 0 0 0 0 0 0 0
          0 0 0 0 0 0 0 0 0 0 0 0
          0 0 0 0 0 0 0 0 0 0 0 0
          0 0 0 0 0 0 0 0 0 0 0 0
          0 0 0 0 0 0 0 0 0 0 0 0
          0 0 0 0 0 0 0 0 0 0 0 0
          0 0 0 0 0 0 0 0 0 0 0 0
          0 0 0 0 0 0 0 0 0 0 0 0
          0 0 0 0 0 0 0 0 0 0 0 0
          0 0 0 0 0 0 0 0 0 0 0 0
          0 0 0 0 0 0 0 0 0 0 0 0
          0 0 0 0 0 0 0 0 0 0 0 0
          0 0 0 0 0 0 0 0 0 0 0 0
          0 0 0 0 0 0 0 0 0 0 0 0
          0 0 0 0 0 0 0 0 0 0 0 0
          0 0 0 0 0 0 0 0 0 0 0 0
          0 0 0 0 0 0 0 0 0 0 0 0
          0 0 0 0 0 0 0 0 0 0 0 0
          0 0 0 0 0 0 0 0 0 0 0 0
          0 0 0 0 0 0 0 0 0 0 0 0
          0 0 0 0 0 0 0 0 0 0 0 0
          0 0 0 0 0 0 0 0 0 0 0 0
          0 0 0 0 0 0 0 0 0 0 0 0
          0 0 0 0 0 0 0 0 0 0 0 0
          0 0 0 0 0 0 0 0 0 0 0 0
          0 0 0 0 0 0 0 0 0 0 0 0
          0 0 0 0 0 0 0 0 0 0 0 0
          0 0 0 0 0 0 0 0 0 0 0 0
          0 0 0 0 0 0 0 0 0 0 0 0
          0 0 0 0 0 0 0 0 0 0 0 0
          0 0 0 0 0 0 0 0 0 0 0 0
          0 0 0 0 0 0 0 0 0 0 0 0
          0 0 0 0 0 0 0 0 0 0 0 0
          0 0 0 0 0 0 0 0 0 0 0 0
          0 0 0 0 0 0 0 0 0 0 0 0
          0 0 0 0 0 0 0 0 0 0 0 0
          0 0 0 0 0 0 0 0 0 0 0 0
          0 0 0 0 0 0 0 0 0 0 0 0
          0 0 0 0 0 0 0 0 0 0 0 0
          0 0 0 0 0 0 0 0 0 0 0 0
          0 0 0 0 0 0 0 0 0 0 0 0
          0 0 0 0 0 0 0 0 0 0 0 0
          0 0 0 0 0 0 0 0 0 0 0 0
          0 0 0 0 0 0 0 0 0 0 0 0
          0 0 0 0 0 0 0 0 0 0 0 0
          0 0 0 0 0 0 0 0 0 0 0 0
          0 0 0 0 0 0 0 0 0 0 0 0
          0 0 0 0 0 0 0 0 0 0 0 0
          0 0 0 0 0 0 0 0 0 0 0 0
          0 0 0 0 0 0 0 0 0 0 0 0
          0 0 0 0 0 0 0 0 0 0 0 0
          0 0 0 0 0 0 0 0 0 0 0 0
          0 0 0 0 0 0 0 0 0 0 0 0
          0 0 0 0 0 0 0 0 0 0 0 0
          0 0 0 0 0 0 0 0 0 0 0 0
          0 0 0 0 0 0 0 0 0 0 0 0
          0 0 0 0 0 0 0 0 0 0 0 0
          0 0 0 0 0 0 0 0 0 0 0 0
          0 0 0 0 0 0 0 0 0 0 0 0
          0 0 0 0 0 0 0 0 0 0 0 0
          0 0 0 0 0 0 0 0 0 0 0 0
          0 0 0 0 0 0 0 0 0 0 0 0
          0 0 0 0 0 0 0 0 0 0 0 0
          0 0 0 0 0 0 0 0 0 0 0 0
          0 0 0 0 0 0 0 0 0 0 0 0
          0 0 0 0 0 0 0 0 0 0 0 0
          0 0 0 0 0 0 0 0 0 0 0 0
          0 0 0 0 0 0 0 0 0 0 0 0
          0 0 0 0 0 0 0 0 0 0 0 0
          0 0 0 0 0 0 0 0 0 0 0 0
          0 0 0 0 0 0 0 0 0 0 0 0
          0 0 0 0 0 0 0 0 0 0 0 0
          0 0 0 0 0 0 0 0 0 0 0 0
          0 0 0 0 0 0 0 0 0 0 0 0
          0 0 0 0 0 0 0 0 0 0 0 0
          0 0 0 0 0 0 0 0 0 0 0 0
          0 0 0 0 0 0 0 0 0 0 0 0
          0 0 0 0 0 0 0 0 0 0 0 0
          0 0 0 0 0 0 0 0 0 0 0 0
          0 0 0 0 0 0 0 0 0 0 0 0
          0 0 0 0 0 0 0 0 0 0 0 0
          0 0 0 0 0 0 0 0 0 0 0 0
          0 0 0 0 0 0 0 0 0 0 0 0
          0 0 0 0 0 0 0 0 0 0 0 0
          0 0 0 0 0 0 0 0 0 0 0 0
          0 0 0 0 0 0 0 0 0 0 0 0
          0 0 0 0 0 0 0 0 0 0 0 0
          0 0 0 0 0 0 0 0 0 0 0 0
          0 0 0 0 0 0 0 0 0 0 0 0
          0 0 0 0 0 0 0 0 0 0 0 0
          0 0 0 0 0 0 0 0 0 0 0 0
          0 0 0 0 0 0 0 0 0 0 0 0
          0 0 0 0 0 0 0 0 0 0 0 0
          0 0 0 0 0 0 0 0 0 0 0 0
          0 0 0 0 0 0 0 0 0 0 0 0
          0 0 0 0 0 0 0 0 0 0 0 0
          0 0 0 0 0 0 0 0 0 0 0 0
          0 0 0 0 0 0 0 0 0 0 0 0
          0 0 0 0 0 0 0 0 0 0 0 0
          0 0 0 0 0 0 0 0 0 0 0 0
          0 0 0 0 0 0 0 0 0 0 0 0
          0 0 0 0
        </DataArray>
        <DataArray type="Float32" Name="x^CO2_liq" NumberOfComponents="1" format="ascii">
          0 0 0 0 0 0 0 0 0 0 0 0
          0 0 0 0 0 0 0 0 0 0 0 0
          0 0 0 0 0 0 0 0 0 0 0 0
          0 0 0 0 0 0 0 0 0 0 0 0
          0 0 0 0 0 0 0 0 0 0 0 0
          0 0 0 0 0 0 0 0 0 0 0 0
          0 0 0 0 0 0 0 0 0 0 0 0
          0 0 0 0 0 0 0 0 0 0 0 0
          0 0 0 0 0 0 0 0 0 0 0 0
          0 0 0 0 0 0 0 0 0 0 0 0
          0 0 0 0 0 0 0 0 0 0 0 0
          0 0 0 0 0 0 0 0 0 0 0 0
          0 0 0 0 0 0 0 0 0 0 0 0
          0 0 0 0 0 0 0 0 0 0 0 0
          0 0 0 0 0 0 0 0 0 0 0 0
          0 0 0 0 0 0 0 0 0 0 0 0
          0 0 0 0 0 0 0 0 0 0 0 0
          0 0 0 0 0 0 0 0 0 0 0 0
          0 0 0 0 0 0 0 0 0 0 0 0
          0 0 0 0 0 0 0 0 0 0 0 0
          0 0 0 0 0 0 0 0 0 0 0 0
          0 0 0 0 0 0 0 0 0 0 0 0
          0 0 0 0 0 0 0 0 0 0 0 0
          0 0 0 0 0 0 0 0 0 0 0 0
          0 0 0 0 0 0 0 0 0 0 0 0
          0 0 0 0 0 0 0 0 0 0 0 0
          0 0 0 0 0 0 0 0 0 0 0 0
          0 0 0 0 0 0 0 0 0 0 0 0
          0 0 0 0 0 0 0 0 0 0 0 0
          0 0 0 0 0 0 0 0 0 0 0 0
          0 0 0 0 0 0 0 0 0 0 0 0
          0 0 0 0 0 0 0 0 0 0 0 0
          0 0 0 0 0 0 0 0 0 0 0 0
          0 0 0 0 0 0 0 0 0 0 0 0
          0 0 0 0 0 0 0 0 0 0 0 0
          0 0 0 0 0 0 0 0 0 0 0 0
          0 0 0 0 0 0 0 0 0 0 0 0
          0 0 0 0 0 0 0 0 0 0 0 0
          0 0 0 0 0 0 0 0 0 0 0 0
          0 0 0 0 0 0 0 0 0 0 0 0
          0 0 0 0 0 0 0 0 0 0 0 0
          0 0 0 0 0 0 0 0 0 0 0 0
          0 0 0 0 0 0 0 0 0 0 0 0
          0 0 0 0 0 0 0 0 0 0 0 0
          0 0 0 0 0 0 0 0 0 0 0 0
          0 0 0 0 0 0 0 0 0 0 0 0
          0 0 0 0 0 0 0 0 0 0 0 0
          0 0 0 0 0 0 0 0 0 0 0 0
          0 0 0 0 0 0 0 0 0 0 0 0
          0 0 0 0 0 0 0 0 0 0 0 0
          0 0 0 0 0 0 0 0 0 0 0 0
          0 0 0 0 0 0 0 0 0 0 0 0
          0 0 0 0 0 0 0 0 0 0 0 0
          0 0 0 0 0 0 0 0 0 0 0 0
          0 0 0 0 0 0 0 0 0 0 0 0
          0 0 0 0 0 0 0 0 0 0 0 0
          0 0 0 0 0 0 0 0 0 0 0 0
          0 0 0 0 0 0 0 0 0 0 0 0
          0 0 0 0 0 0 0 0 0 0 0 0
          0 0 0 0 0 0 0 0 0 0 0 0
          0 0 0 0 0 0 0 0 0 0 0 0
          0 0 0 0 0 0 0 0 0 0 0 0
          0 0 0 0 0 0 0 0 0 0 0 0
          0 0 0 0 0 0 0 0 0 0 0 0
          0 0 0 0 0 0 0 0 0 0 0 0
          0 0 0 0 0 0 0 0 0 0 0 0
          0 0 0 0 0 0 0 0 0 0 0 0
          0 0 0 0 0 0 0 0 0 0 0 0
          0 0 0 0 0 0 0 0 0 0 0 0
          0 0 0 0 0 0 0 0 0 0 0 0
          0 0 0 0 0 0 0 0 0 0 0 0
          0 0 0 0 0 0 0 0 0 0 0 0
          0 0 0 0 0 0 0 0 0 0 0 0
          0 0 0 0 0 0 0 0 0 0 0 0
          0 0 0 0 0 0 0 0 0 0 0 0
          0 0 0 0 0 0 0 0 0 0 0 0
          0 0 0 0 0 0 0 0 0 0 0 0
          0 0 0 0 0 0 0 0 0 0 0 0
          0 0 0 0 0 0 0 0 0 0 0 0
          0 0 0 0 0 0 0 0 0 0 0 0
          0 0 0 0 0 0 0 0 0 0 0 0
          0 0 0 0 0 0 0 0 0 0 0 0
          0 0 0 0 0 0 0 0 0 0 0 0
          0 0 0 0 0 0 0 0 0 0 0 0
          0 0 0 0 0 0 0 0 0 0 0 0
          0 0 0 0 0 0 0 0 0 0 0 0
          0 0 0 0 0 0 0 0 0 0 0 0
          0 0 0 0 0 0 0 0 0 0 0 0
          0 0 0 0 0 0 0 0 0 0 0 0
          0 0 0 0 0 0 0 0 0 0 0 0
          0 0 0 0 0 0 0 0 0 0 0 0
          0 0 0 0 0 0 0 0 0 0 0 0
          0 0 0 0 0 0 0 0 0 0 0 0
          0 0 0 0 0 0 0 0 0 0 0 0
          0 0 0 0 0 0 0 0 0 0 0 0
          0 0 0 0 0 0 0 0 0 0 0 0
          0 0 0 0 0 0 0 0 0 0 0 0
          0 0 0 0 0 0 0 0 0 0 0 0
          0 0 0 0 0 0 0 0 0 0 0 0
          0 0 0 0 0 0 0 0 0 0 0 0
          0 0 0 0 0 0 0 0 0 0 0 0
          0 0 0 0 0 0 0 0 0 0 0 0
          0 0 0 0 0 0 0 0 0 0 0 0
          0 0 0 0 0 0 0 0 0 0 0 0
          0 0 0 0 0 0 0 0 0 0 0 0
          0 0 0 0 0 0 0 0 0 0 0 0
          0 0 0 0 0 0 0 0 0 0 0 0
          0 0 0 0 0 0 0 0 0 0 0 0
          0 0 0 0 0 0 0 0 0 0 0 0
          0 0 0 0 0 0 0 0 0 0 0 0
          0 0 0 0 0 0 0 0 0 0 0 0
          0 0 0 0 0 0 0 0 0 0 0 0
          0 0 0 0 0 0 0 0 0 0 0 0
          0 0 0 0 0 0 0 0 0 0 0 0
          0 0 0 0 0 0 0 0 0 0 0 0
          0 0 0 0 0 0 0 0 0 0 0 0
          0 0 0 0 0 0 0 0 0 0 0 0
          0 0 0 0 0 0 0 0 0 0 0 0
          0 0 0 0 0 0 0 0 0 0 0 0
          0 0 0 0 0 0 0 0 0 0 0 0
          0 0 0 0 0 0 0 0 0 0 0 0
          0 0 0 0 0 0 0 0 0 0 0 0
          0 0 0 0 0 0 0 0 0 0 0 0
          0 0 0 0 0 0 0 0 0 0 0 0
          0 0 0 0 0 0 0 0 0 0 0 0
          0 0 0 0 0 0 0 0 0 0 0 0
          0 0 0 0 0 0 0 0 0 0 0 0
          0 0 0 0 0 0 0 0 0 0 0 0
          0 0 0 0 0 0 0 0 0 0 0 0
          0 0 0 0 0 0 0 0 0 0 0 0
          0 0 0 0 0 0 0 0 0 0 0 0
          0 0 0 0 0 0 0 0 0 0 0 0
          0 0 0 0 0 0 0 0 0 0 0 0
          0 0 0 0 0 0 0 0 0 0 0 0
          0 0 0 0 0 0 0 0 0 0 0 0
          0 0 0 0 0 0 0 0 0 0 0 0
          0 0 0 0 0 0 0 0 0 0 0 0
          0 0 0 0 0 0 0 0 0 0 0 0
          0 0 0 0 0 0 0 0 0 0 0 0
          0 0 0 0 0 0 0 0 0 0 0 0
          0 0 0 0 0 0 0 0 0 0 0 0
          0 0 0 0 0 0 0 0 0 0 0 0
          0 0 0 0 0 0 0 0 0 0 0 0
          0 0 0 0 0 0 0 0 0 0 0 0
          0 0 0 0 0 0 0 0 0 0 0 0
          0 0 0 0 0 0 0 0 0 0 0 0
          0 0 0 0 0 0 0 0 0 0 0 0
          0 0 0 0 0 0 0 0 0 0 0 0
          0 0 0 0 0 0 0 0 0 0 0 0
          0 0 0 0 0 0 0 0 0 0 0 0
          0 0 0 0 0 0 0 0 0 0 0 0
          0 0 0 0 0 0 0 0 0 0 0 0
          0 0 0 0 0 0 0 0 0 0 0 0
          0 0 0 0 0 0 0 0 0 0 0 0
          0 0 0 0 0 0 0 0 0 0 0 0
          0 0 0 0 0 0 0 0 0 0 0 0
          0 0 0 0 0 0 0 0 0 0 0 0
          0 0 0 0 0 0 0 0 0 0 0 0
          0 0 0 0 0 0 0 0 0 0 0 0
          0 0 0 0 0 0 0 0 0 0 0 0
          0 0 0 0 0 0 0 0 0 0 0 0
          0 0 0 0 0 0 0 0 0 0 0 0
          0 0 0 0 0 0 0 0 0 0 0 0
          0 0 0 0 0 0 0 0 0 0 0 0
          0 0 0 0 0 0 0 0 0 0 0 0
          0 0 0 0 0 0 0 0 0 0 0 0
          0 0 0 0 0 0 0 0 0 0 0 0
          0 0 0 0 0 0 0 0 0 0 0 0
          0 0 0 0 0 0 0 0 0 0 0 0
          0 0 0 0 0 0 0 0 0 0 0 0
          0 0 0 0 0 0 0 0 0 0 0 0
          0 0 0 0 0 0 0 0 0 0 0 0
          0 0 0 0 0 0 0 0 0 0 0 0
          0 0 0 0 0 0 0 0 0 0 0 0
          0 0 0 0 0 0 0 0 0 0 0 0
          0 0 0 0 0 0 0 0 0 0 0 0
          0 0 0 0 0 0 0 0 0 0 0 0
          0 0 0 0 0 0 0 0 0 0 0 0
          0 0 0 0 0 0 0 0 0 0 0 0
          0 0 0 0 0 0 0 0 0 0 0 0
          0 0 0 0 0 0 0 0 0 0 0 0
          0 0 0 0 0 0 0 0 0 0 0 0
          0 0 0 0 0 0 0 0 0 0 0 0
          0 0 0 0 0 0 0 0 0 0 0 0
          0 0 0 0 0 0 0 0 0 0 0 0
          0 0 0 0 0 0 0 0 0 0 0 0
          0 0 0 0 0 0 0 0 0 0 0 0
          0 0 0 0 0 0 0 0 0 0 0 0
          0 0 0 0 0 0 0 0 0 0 0 0
          0 0 0 0 0 0 0 0 0 0 0 0
          0 0 0 0 0 0 0 0 0 0 0 0
          0 0 0 0 0 0 0 0 0 0 0 0
          0 0 0 0 0 0 0 0 0 0 0 0
          0 0 0 0 0 0 0 0 0 0 0 0
          0 0 0 0 0 0 0 0 0 0 0 0
          0 0 0 0 0 0 0 0 0 0 0 0
          0 0 0 0
        </DataArray>
        <DataArray type="Float32" Name="x^N2_liq" NumberOfComponents="1" format="ascii">
          0 0 0 0 0 0 0 0 0 0 0 0
          0 0 0 0 0 0 0 0 0 0 0 0
          0 0 0 0 0 0 0 0 0 0 0 0
          0 0 0 0 0 0 0 0 0 0 0 0
          0 0 0 0 0 0 0 0 0 0 0 0
          0 0 0 0 0 0 0 0 0 0 0 0
          0 0 0 0 0 0 0 0 0 0 0 0
          0 0 0 0 0 0 0 0 0 0 0 0
          0 0 0 0 0 0 0 0 0 0 0 0
          0 0 0 0 0 0 0 0 0 0 0 0
          0 0 0 0 0 0 0 0 0 0 0 0
          0 0 0 0 0 0 0 0 0 0 0 0
          0 0 0 0 0 0 0 0 0 0 0 0
          0 0 0 0 0 0 0 0 0 0 0 0
          0 0 0 0 0 0 0 0 0 0 0 0
          0 0 0 0 0 0 0 0 0 0 0 0
          0 0 0 0 0 0 0 0 0 0 0 0
          0 0 0 0 0 0 0 0 0 0 0 0
          0 0 0 0 0 0 0 0 0 0 0 0
          0 0 0 0 0 0 0 0 0 0 0 0
          0 0 0 0 0 0 0 0 0 0 0 0
          0 0 0 0 0 0 0 0 0 0 0 0
          0 0 0 0 0 0 0 0 0 0 0 0
          0 0 0 0 0 0 0 0 0 0 0 0
          0 0 0 0 0 0 0 0 0 0 0 0
          0 0 0 0 0 0 0 0 0 0 0 0
          0 0 0 0 0 0 0 0 0 0 0 0
          0 0 0 0 0 0 0 0 0 0 0 0
          0 0 0 0 0 0 0 0 0 0 0 0
          0 0 0 0 0 0 0 0 0 0 0 0
          0 0 0 0 0 0 0 0 0 0 0 0
          0 0 0 0 0 0 0 0 0 0 0 0
          0 0 0 0 0 0 0 0 0 0 0 0
          0 0 0 0 0 0 0 0 0 0 0 0
          0 0 0 0 0 0 0 0 0 0 0 0
          0 0 0 0 0 0 0 0 0 0 0 0
          0 0 0 0 0 0 0 0 0 0 0 0
          0 0 0 0 0 0 0 0 0 0 0 0
          0 0 0 0 0 0 0 0 0 0 0 0
          0 0 0 0 0 0 0 0 0 0 0 0
          0 0 0 0 0 0 0 0 0 0 0 0
          0 0 0 0 0 0 0 0 0 0 0 0
          0 0 0 0 0 0 0 0 0 0 0 0
          0 0 0 0 0 0 0 0 0 0 0 0
          0 0 0 0 0 0 0 0 0 0 0 0
          0 0 0 0 0 0 0 0 0 0 0 0
          0 0 0 0 0 0 0 0 0 0 0 0
          0 0 0 0 0 0 0 0 0 0 0 0
          0 0 0 0 0 0 0 0 0 0 0 0
          0 0 0 0 0 0 0 0 0 0 0 0
          0 0 0 0 0 0 0 0 0 0 0 0
          0 0 0 0 0 0 0 0 0 0 0 0
          0 0 0 0 0 0 0 0 0 0 0 0
          0 0 0 0 0 0 0 0 0 0 0 0
          0 0 0 0 0 0 0 0 0 0 0 0
          0 0 0 0 0 0 0 0 0 0 0 0
          0 0 0 0 0 0 0 0 0 0 0 0
          0 0 0 0 0 0 0 0 0 0 0 0
          0 0 0 0 0 0 0 0 0 0 0 0
          0 0 0 0 0 0 0 0 0 0 0 0
          0 0 0 0 0 0 0 0 0 0 0 0
          0 0 0 0 0 0 0 0 0 0 0 0
          0 0 0 0 0 0 0 0 0 0 0 0
          0 0 0 0 0 0 0 0 0 0 0 0
          0 0 0 0 0 0 0 0 0 0 0 0
          0 0 0 0 0 0 0 0 0 0 0 0
          0 0 0 0 0 0 0 0 0 0 0 0
          0 0 0 0 0 0 0 0 0 0 0 0
          0 0 0 0 0 0 0 0 0 0 0 0
          0 0 0 0 0 0 0 0 0 0 0 0
          0 0 0 0 0 0 0 0 0 0 0 0
          0 0 0 0 0 0 0 0 0 0 0 0
          0 0 0 0 0 0 0 0 0 0 0 0
          0 0 0 0 0 0 0 0 0 0 0 0
          0 0 0 0 0 0 0 0 0 0 0 0
          0 0 0 0 0 0 0 0 0 0 0 0
          0 0 0 0 0 0 0 0 0 0 0 0
          0 0 0 0 0 0 0 0 0 0 0 0
          0 0 0 0 0 0 0 0 0 0 0 0
          0 0 0 0 0 0 0 0 0 0 0 0
          0 0 0 0 0 0 0 0 0 0 0 0
          0 0 0 0 0 0 0 0 0 0 0 0
          0 0 0 0 0 0 0 0 0 0 0 0
          0 0 0 0 0 0 0 0 0 0 0 0
          0 0 0 0 0 0 0 0 0 0 0 0
          0 0 0 0 0 0 0 0 0 0 0 0
          0 0 0 0 0 0 0 0 0 0 0 0
          0 0 0 0 0 0 0 0 0 0 0 0
          0 0 0 0 0 0 0 0 0 0 0 0
          0 0 0 0 0 0 0 0 0 0 0 0
          0 0 0 0 0 0 0 0 0 0 0 0
          0 0 0 0 0 0 0 0 0 0 0 0
          0 0 0 0 0 0 0 0 0 0 0 0
          0 0 0 0 0 0 0 0 0 0 0 0
          0 0 0 0 0 0 0 0 0 0 0 0
          0 0 0 0 0 0 0 0 0 0 0 0
          0 0 0 0 0 0 0 0 0 0 0 0
          0 0 0 0 0 0 0 0 0 0 0 0
          0 0 0 0 0 0 0 0 0 0 0 0
          0 0 0 0 0 0 0 0 0 0 0 0
          0 0 0 0 0 0 0 0 0 0 0 0
          0 0 0 0 0 0 0 0 0 0 0 0
          0 0 0 0 0 0 0 0 0 0 0 0
          0 0 0 0 0 0 0 0 0 0 0 0
          0 0 0 0 0 0 0 0 0 0 0 0
          0 0 0 0 0 0 0 0 0 0 0 0
          0 0 0 0 0 0 0 0 0 0 0 0
          0 0 0 0 0 0 0 0 0 0 0 0
          0 0 0 0 0 0 0 0 0 0 0 0
          0 0 0 0 0 0 0 0 0 0 0 0
          0 0 0 0 0 0 0 0 0 0 0 0
          0 0 0 0 0 0 0 0 0 0 0 0
          0 0 0 0 0 0 0 0 0 0 0 0
          0 0 0 0 0 0 0 0 0 0 0 0
          0 0 0 0 0 0 0 0 0 0 0 0
          0 0 0 0 0 0 0 0 0 0 0 0
          0 0 0 0 0 0 0 0 0 0 0 0
          0 0 0 0 0 0 0 0 0 0 0 0
          0 0 0 0 0 0 0 0 0 0 0 0
          0 0 0 0 0 0 0 0 0 0 0 0
          0 0 0 0 0 0 0 0 0 0 0 0
          0 0 0 0 0 0 0 0 0 0 0 0
          0 0 0 0 0 0 0 0 0 0 0 0
          0 0 0 0 0 0 0 0 0 0 0 0
          0 0 0 0 0 0 0 0 0 0 0 0
          0 0 0 0 0 0 0 0 0 0 0 0
          0 0 0 0 0 0 0 0 0 0 0 0
          0 0 0 0 0 0 0 0 0 0 0 0
          0 0 0 0 0 0 0 0 0 0 0 0
          0 0 0 0 0 0 0 0 0 0 0 0
          0 0 0 0 0 0 0 0 0 0 0 0
          0 0 0 0 0 0 0 0 0 0 0 0
          0 0 0 0 0 0 0 0 0 0 0 0
          0 0 0 0 0 0 0 0 0 0 0 0
          0 0 0 0 0 0 0 0 0 0 0 0
          0 0 0 0 0 0 0 0 0 0 0 0
          0 0 0 0 0 0 0 0 0 0 0 0
          0 0 0 0 0 0 0 0 0 0 0 0
          0 0 0 0 0 0 0 0 0 0 0 0
          0 0 0 0 0 0 0 0 0 0 0 0
          0 0 0 0 0 0 0 0 0 0 0 0
          0 0 0 0 0 0 0 0 0 0 0 0
          0 0 0 0 0 0 0 0 0 0 0 0
          0 0 0 0 0 0 0 0 0 0 0 0
          0 0 0 0 0 0 0 0 0 0 0 0
          0 0 0 0 0 0 0 0 0 0 0 0
          0 0 0 0 0 0 0 0 0 0 0 0
          0 0 0 0 0 0 0 0 0 0 0 0
          0 0 0 0 0 0 0 0 0 0 0 0
          0 0 0 0 0 0 0 0 0 0 0 0
          0 0 0 0 0 0 0 0 0 0 0 0
          0 0 0 0 0 0 0 0 0 0 0 0
          0 0 0 0 0 0 0 0 0 0 0 0
          0 0 0 0 0 0 0 0 0 0 0 0
          0 0 0 0 0 0 0 0 0 0 0 0
          0 0 0 0 0 0 0 0 0 0 0 0
          0 0 0 0 0 0 0 0 0 0 0 0
          0 0 0 0 0 0 0 0 0 0 0 0
          0 0 0 0 0 0 0 0 0 0 0 0
          0 0 0 0 0 0 0 0 0 0 0 0
          0 0 0 0 0 0 0 0 0 0 0 0
          0 0 0 0 0 0 0 0 0 0 0 0
          0 0 0 0 0 0 0 0 0 0 0 0
          0 0 0 0 0 0 0 0 0 0 0 0
          0 0 0 0 0 0 0 0 0 0 0 0
          0 0 0 0 0 0 0 0 0 0 0 0
          0 0 0 0 0 0 0 0 0 0 0 0
          0 0 0 0 0 0 0 0 0 0 0 0
          0 0 0 0 0 0 0 0 0 0 0 0
          0 0 0 0 0 0 0 0 0 0 0 0
          0 0 0 0 0 0 0 0 0 0 0 0
          0 0 0 0 0 0 0 0 0 0 0 0
          0 0 0 0 0 0 0 0 0 0 0 0
          0 0 0 0 0 0 0 0 0 0 0 0
          0 0 0 0 0 0 0 0 0 0 0 0
          0 0 0 0 0 0 0 0 0 0 0 0
          0 0 0 0 0 0 0 0 0 0 0 0
          0 0 0 0 0 0 0 0 0 0 0 0
          0 0 0 0 0 0 0 0 0 0 0 0
          0 0 0 0 0 0 0 0 0 0 0 0
          0 0 0 0 0 0 0 0 0 0 0 0
          0 0 0 0 0 0 0 0 0 0 0 0
          0 0 0 0 0 0 0 0 0 0 0 0
          0 0 0 0 0 0 0 0 0 0 0 0
          0 0 0 0 0 0 0 0 0 0 0 0
          0 0 0 0 0 0 0 0 0 0 0 0
          0 0 0 0 0 0 0 0 0 0 0 0
          0 0 0 0 0 0 0 0 0 0 0 0
          0 0 0 0 0 0 0 0 0 0 0 0
          0 0 0 0 0 0 0 0 0 0 0 0
          0 0 0 0 0 0 0 0 0 0 0 0
          0 0 0 0 0 0 0 0 0 0 0 0
          0 0 0 0 0 0 0 0 0 0 0 0
          0 0 0 0 0 0 0 0 0 0 0 0
          0 0 0 0 0 0 0 0 0 0 0 0
          0 0 0 0 0 0 0 0 0 0 0 0
          0 0 0 0
        </DataArray>
        <DataArray type="Float32" Name="rhoMolar_liq" NumberOfComponents="1" format="ascii">
          55555.6 55555.6 55555.6 55555.6 55555.6 55555.6 55555.6 55555.6 55555.6 55555.6 55555.6 55555.6
          55555.6 55555.6 55555.6 55555.6 55555.6 55555.6 55555.6 55555.6 55555.6 55555.6 55555.6 55555.6
          55555.6 55555.6 55555.6 55555.6 55555.6 55555.6 55555.6 55555.6 55555.6 55555.6 55555.6 55555.6
          55555.6 55555.6 55555.6 55555.6 55555.6 55555.6 55555.6 55555.6 55555.6 55555.6 55555.6 55555.6
          55555.6 55555.6 55555.6 55555.6 55555.6 55555.6 55555.6 55555.6 55555.6 55555.6 55555.6 55555.6
          55555.6 55555.6 55555.6 55555.6 55555.6 55555.6 55555.6 55555.6 55555.6 55555.6 55555.6 55555.6
          55555.6 55555.6 55555.6 55555.6 55555.6 55555.6 55555.6 55555.6 55555.6 55555.6 55555.6 55555.6
          55555.6 55555.6 55555.6 55555.6 55555.6 55555.6 55555.6 55555.6 55555.6 55555.6 55555.6 55555.6
          55555.6 55555.6 55555.6 55555.6 55555.6 55555.6 55555.6 55555.6 55555.6 55555.6 55555.6 55555.6
          55555.6 55555.6 55555.6 55555.6 55555.6 55555.6 55555.6 55555.6 55555.6 55555.6 55555.6 55555.6
          55555.6 55555.6 55555.6 55555.6 55555.6 55555.6 55555.6 55555.6 55555.6 55555.6 55555.6 55555.6
          55555.6 55555.6 55555.6 55555.6 55555.6 55555.6 55555.6 55555.6 55555.6 55555.6 55555.6 55555.6
          55555.6 55555.6 55555.6 55555.6 55555.6 55555.6 55555.6 55555.6 55555.6 55555.6 55555.6 55555.6
          55555.6 55555.6 55555.6 55555.6 55555.6 55555.6 55555.6 55555.6 55555.6 55555.6 55555.6 55555.6
          55555.6 55555.6 55555.6 55555.6 55555.6 55555.6 55555.6 55555.6 55555.6 55555.6 55555.6 55555.6
          55555.6 55555.6 55555.6 55555.6 55555.6 55555.6 55555.6 55555.6 55555.6 55555.6 55555.6 55555.6
          55555.6 55555.6 55555.6 55555.6 55555.6 55555.6 55555.6 55555.6 55555.6 55555.6 55555.6 55555.6
          55555.6 55555.6 55555.6 55555.6 55555.6 55555.6 55555.6 55555.6 55555.6 55555.6 55555.6 55555.6
          55555.6 55555.6 55555.6 55555.6 55555.6 55555.6 55555.6 55555.6 55555.6 55555.6 55555.6 55555.6
          55555.6 55555.6 55555.6 55555.6 55555.6 55555.6 55555.6 55555.6 55555.6 55555.6 55555.6 55555.6
          55555.6 55555.6 55555.6 55555.6 55555.6 55555.6 55555.6 55555.6 55555.6 55555.6 55555.6 55555.6
          55555.6 55555.6 55555.6 55555.6 55555.6 55555.6 55555.6 55555.6 55555.6 55555.6 55555.6 55555.6
          55555.6 55555.6 55555.6 55555.6 55555.6 55555.6 55555.6 55555.6 55555.6 55555.6 55555.6 55555.6
          55555.6 55555.6 55555.6 55555.6 55555.6 55555.6 55555.6 55555.6 55555.6 55555.6 55555.6 55555.6
          55555.6 55555.6 55555.6 55555.6 55555.6 55555.6 55555.6 55555.6 55555.6 55555.6 55555.6 55555.6
          55555.6 55555.6 55555.6 55555.6 55555.6 55555.6 55555.6 55555.6 55555.6 55555.6 55555.6 55555.6
          55555.6 55555.6 55555.6 55555.6 55555.6 55555.6 55555.6 55555.6 55555.6 55555.6 55555.6 55555.6
          55555.6 55555.6 55555.6 55555.6 55555.6 55555.6 55555.6 55555.6 55555.6 55555.6 55555.6 55555.6
          55555.6 55555.6 55555.6 55555.6 55555.6 55555.6 55555.6 55555.6 55555.6 55555.6 55555.6 55555.6
          55555.6 55555.6 55555.6 55555.6 55555.6 55555.6 55555.6 55555.6 55555.6 55555.6 55555.6 55555.6
          55555.6 55555.6 55555.6 55555.6 55555.6 55555.6 55555.6 55555.6 55555.6 55555.6 55555.6 55555.6
          55555.6 55555.6 55555.6 55555.6 55555.6 55555.6 55555.6 55555.6 55555.6 55555.6 55555.6 55555.6
          55555.6 55555.6 55555.6 55555.6 55555.6 55555.6 55555.6 55555.6 55555.6 55555.6 55555.6 55555.6
          55555.6 55555.6 55555.6 55555.6 55555.6 55555.6 55555.6 55555.6 55555.6 55555.6 55555.6 55555.6
          55555.6 55555.6 55555.6 55555.6 55555.6 55555.6 55555.6 55555.6 55555.6 55555.6 55555.6 55555.6
          55555.6 55555.6 55555.6 55555.6 55555.6 55555.6 55555.6 55555.6 55555.6 55555.6 55555.6 55555.6
          55555.6 55555.6 55555.6 55555.6 55555.6 55555.6 55555.6 55555.6 55555.6 55555.6 55555.6 55555.6
          55555.6 55555.6 55555.6 55555.6 55555.6 55555.6 55555.6 55555.6 55555.6 55555.6 55555.6 55555.6
          55555.6 55555.6 55555.6 55555.6 55555.6 55555.6 55555.6 55555.6 55555.6 55555.6 55555.6 55555.6
          55555.6 55555.6 55555.6 55555.6 55555.6 55555.6 55555.6 55555.6 55555.6 55555.6 55555.6 55555.6
          55555.6 55555.6 55555.6 55555.6 55555.6 55555.6 55555.6 55555.6 55555.6 55555.6 55555.6 55555.6
          55555.6 55555.6 55555.6 55555.6 55555.6 55555.6 55555.6 55555.6 55555.6 55555.6 55555.6 55555.6
          55555.6 55555.6 55555.6 55555.6 55555.6 55555.6 55555.6 55555.6 55555.6 55555.6 55555.6 55555.6
          55555.6 55555.6 55555.6 55555.6 55555.6 55555.6 55555.6 55555.6 55555.6 55555.6 55555.6 55555.6
          55555.6 55555.6 55555.6 55555.6 55555.6 55555.6 55555.6 55555.6 55555.6 55555.6 55555.6 55555.6
          55555.6 55555.6 55555.6 55555.6 55555.6 55555.6 55555.6 55555.6 55555.6 55555.6 55555.6 55555.6
          55555.6 55555.6 55555.6 55555.6 55555.6 55555.6 55555.6 55555.6 55555.6 55555.6 55555.6 55555.6
          55555.6 55555.6 55555.6 55555.6 55555.6 55555.6 55555.6 55555.6 55555.6 55555.6 55555.6 55555.6
          55555.6 55555.6 55555.6 55555.6 55555.6 55555.6 55555.6 55555.6 55555.6 55555.6 55555.6 55555.6
          55555.6 55555.6 55555.6 55555.6 55555.6 55555.6 55555.6 55555.6 55555.6 55555.6 55555.6 55555.6
          55555.6 55555.6 55555.6 55555.6 55555.6 55555.6 55555.6 55555.6 55555.6 55555.6 55555.6 55555.6
          55555.6 55555.6 55555.6 55555.6 55555.6 55555.6 55555.6 55555.6 55555.6 55555.6 55555.6 55555.6
          55555.6 55555.6 55555.6 55555.6 55555.6 55555.6 55555.6 55555.6 55555.6 55555.6 55555.6 55555.6
          55555.6 55555.6 55555.6 55555.6 55555.6 55555.6 55555.6 55555.6 55555.6 55555.6 55555.6 55555.6
          55555.6 55555.6 55555.6 55555.6 55555.6 55555.6 55555.6 55555.6 55555.6 55555.6 55555.6 55555.6
          55555.6 55555.6 55555.6 55555.6 55555.6 55555.6 55555.6 55555.6 55555.6 55555.6 55555.6 55555.6
          55555.6 55555.6 55555.6 55555.6 55555.6 55555.6 55555.6 55555.6 55555.6 55555.6 55555.6 55555.6
          55555.6 55555.6 55555.6 55555.6 55555.6 55555.6 55555.6 55555.6 55555.6 55555.6 55555.6 55555.6
          55555.6 55555.6 55555.6 55555.6 55555.6 55555.6 55555.6 55555.6 55555.6 55555.6 55555.6 55555.6
          55555.6 55555.6 55555.6 55555.6 55555.6 55555.6 55555.6 55555.6 55555.6 55555.6 55555.6 55555.6
          55555.6 55555.6 55555.6 55555.6 55555.6 55555.6 55555.6 55555.6 55555.6 55555.6 55555.6 55555.6
          55555.6 55555.6 55555.6 55555.6 55555.6 55555.6 55555.6 55555.6 55555.6 55555.6 55555.6 55555.6
          55555.6 55555.6 55555.6 55555.6 55555.6 55555.6 55555.6 55555.6 55555.6 55555.6 55555.6 55555.6
          55555.6 55555.6 55555.6 55555.6 55555.6 55555.6 55555.6 55555.6 55555.6 55555.6 55555.6 55555.6
          55555.6 55555.6 55555.6 55555.6 55555.6 55555.6 55555.6 55555.6 55555.6 55555.6 55555.6 55555.6
          55555.6 55555.6 55555.6 55555.6 55555.6 55555.6 55555.6 55555.6 55555.6 55555.6 55555.6 55555.6
          55555.6 55555.6 55555.6 55555.6 55555.6 55555.6 55555.6 55555.6 55555.6 55555.6 55555.6 55555.6
          55555.6 55555.6 55555.6 55555.6 55555.6 55555.6 55555.6 55555.6 55555.6 55555.6 55555.6 55555.6
          55555.6 55555.6 55555.6 55555.6 55555.6 55555.6 55555.6 55555.6 55555.6 55555.6 55555.6 55555.6
          55555.6 55555.6 55555.6 55555.6 55555.6 55555.6 55555.6 55555.6 55555.6 55555.6 55555.6 55555.6
          55555.6 55555.6 55555.6 55555.6 55555.6 55555.6 55555.6 55555.6 55555.6 55555.6 55555.6 55555.6
          55555.6 55555.6 55555.6 55555.6 55555.6 55555.6 55555.6 55555.6 55555.6 55555.6 55555.6 55555.6
          55555.6 55555.6 55555.6 55555.6 55555.6 55555.6 55555.6 55555.6 55555.6 55555.6 55555.6 55555.6
          55555.6 55555.6 55555.6 55555.6 55555.6 55555.6 55555.6 55555.6 55555.6 55555.6 55555.6 55555.6
          55555.6 55555.6 55555.6 55555.6 55555.6 55555.6 55555.6 55555.6 55555.6 55555.6 55555.6 55555.6
          55555.6 55555.6 55555.6 55555.6 55555.6 55555.6 55555.6 55555.6 55555.6 55555.6 55555.6 55555.6
          55555.6 55555.6 55555.6 55555.6 55555.6 55555.6 55555.6 55555.6 55555.6 55555.6 55555.6 55555.6
          55555.6 55555.6 55555.6 55555.6 55555.6 55555.6 55555.6 55555.6 55555.6 55555.6 55555.6 55555.6
          55555.6 55555.6 55555.6 55555.6 55555.6 55555.6 55555.6 55555.6 55555.6 55555.6 55555.6 55555.6
          55555.6 55555.6 55555.6 55555.6 55555.6 55555.6 55555.6 55555.6 55555.6 55555.6 55555.6 55555.6
          55555.6 55555.6 55555.6 55555.6 55555.6 55555.6 55555.6 55555.6 55555.6 55555.6 55555.6 55555.6
          55555.6 55555.6 55555.6 55555.6 55555.6 55555.6 55555.6 55555.6 55555.6 55555.6 55555.6 55555.6
          55555.6 55555.6 55555.6 55555.6 55555.6 55555.6 55555.6 55555.6 55555.6 55555.6 55555.6 55555.6
          55555.6 55555.6 55555.6 55555.6 55555.6 55555.6 55555.6 55555.6 55555.6 55555.6 55555.6 55555.6
          55555.6 55555.6 55555.6 55555.6 55555.6 55555.6 55555.6 55555.6 55555.6 55555.6 55555.6 55555.6
          55555.6 55555.6 55555.6 55555.6 55555.6 55555.6 55555.6 55555.6 55555.6 55555.6 55555.6 55555.6
          55555.6 55555.6 55555.6 55555.6 55555.6 55555.6 55555.6 55555.6 55555.6 55555.6 55555.6 55555.6
          55555.6 55555.6 55555.6 55555.6 55555.6 55555.6 55555.6 55555.6 55555.6 55555.6 55555.6 55555.6
          55555.6 55555.6 55555.6 55555.6 55555.6 55555.6 55555.6 55555.6 55555.6 55555.6 55555.6 55555.6
          55555.6 55555.6 55555.6 55555.6 55555.6 55555.6 55555.6 55555.6 55555.6 55555.6 55555.6 55555.6
          55555.6 55555.6 55555.6 55555.6 55555.6 55555.6 55555.6 55555.6 55555.6 55555.6 55555.6 55555.6
          55555.6 55555.6 55555.6 55555.6 55555.6 55555.6 55555.6 55555.6 55555.6 55555.6 55555.6 55555.6
          55555.6 55555.6 55555.6 55555.6 55555.6 55555.6 55555.6 55555.6 55555.6 55555.6 55555.6 55555.6
          55555.6 55555.6 55555.6 55555.6 55555.6 55555.6 55555.6 55555.6 55555.6 55555.6 55555.6 55555.6
          55555.6 55555.6 55555.6 55555.6 55555.6 55555.6 55555.6 55555.6 55555.6 55555.6 55555.6 55555.6
          55555.6 55555.6 55555.6 55555.6 55555.6 55555.6 55555.6 55555.6 55555.6 55555.6 55555.6 55555.6
          55555.6 55555.6 55555.6 55555.6 55555.6 55555.6 55555.6 55555.6 55555.6 55555.6 55555.6 55555.6
          55555.6 55555.6 55555.6 55555.6 55555.6 55555.6 55555.6 55555.6 55555.6 55555.6 55555.6 55555.6
          55555.6 55555.6 55555.6 55555.6 55555.6 55555.6 55555.6 55555.6 55555.6 55555.6 55555.6 55555.6
          55555.6 55555.6 55555.6 55555.6 55555.6 55555.6 55555.6 55555.6 55555.6 55555.6 55555.6 55555.6
          55555.6 55555.6 55555.6 55555.6 55555.6 55555.6 55555.6 55555.6 55555.6 55555.6 55555.6 55555.6
          55555.6 55555.6 55555.6 55555.6 55555.6 55555.6 55555.6 55555.6 55555.6 55555.6 55555.6 55555.6
          55555.6 55555.6 55555.6 55555.6 55555.6 55555.6 55555.6 55555.6 55555.6 55555.6 55555.6 55555.6
          55555.6 55555.6 55555.6 55555.6 55555.6 55555.6 55555.6 55555.6 55555.6 55555.6 55555.6 55555.6
          55555.6 55555.6 55555.6 55555.6 55555.6 55555.6 55555.6 55555.6 55555.6 55555.6 55555.6 55555.6
          55555.6 55555.6 55555.6 55555.6 55555.6 55555.6 55555.6 55555.6 55555.6 55555.6 55555.6 55555.6
          55555.6 55555.6 55555.6 55555.6 55555.6 55555.6 55555.6 55555.6 55555.6 55555.6 55555.6 55555.6
          55555.6 55555.6 55555.6 55555.6 55555.6 55555.6 55555.6 55555.6 55555.6 55555.6 55555.6 55555.6
          55555.6 55555.6 55555.6 55555.6 55555.6 55555.6 55555.6 55555.6 55555.6 55555.6 55555.6 55555.6
          55555.6 55555.6 55555.6 55555.6 55555.6 55555.6 55555.6 55555.6 55555.6 55555.6 55555.6 55555.6
          55555.6 55555.6 55555.6 55555.6 55555.6 55555.6 55555.6 55555.6 55555.6 55555.6 55555.6 55555.6
          55555.6 55555.6 55555.6 55555.6 55555.6 55555.6 55555.6 55555.6 55555.6 55555.6 55555.6 55555.6
          55555.6 55555.6 55555.6 55555.6 55555.6 55555.6 55555.6 55555.6 55555.6 55555.6 55555.6 55555.6
          55555.6 55555.6 55555.6 55555.6 55555.6 55555.6 55555.6 55555.6 55555.6 55555.6 55555.6 55555.6
          55555.6 55555.6 55555.6 55555.6 55555.6 55555.6 55555.6 55555.6 55555.6 55555.6 55555.6 55555.6
          55555.6 55555.6 55555.6 55555.6 55555.6 55555.6 55555.6 55555.6 55555.6 55555.6 55555.6 55555.6
          55555.6 55555.6 55555.6 55555.6 55555.6 55555.6 55555.6 55555.6 55555.6 55555.6 55555.6 55555.6
          55555.6 55555.6 55555.6 55555.6 55555.6 55555.6 55555.6 55555.6 55555.6 55555.6 55555.6 55555.6
          55555.6 55555.6 55555.6 55555.6 55555.6 55555.6 55555.6 55555.6 55555.6 55555.6 55555.6 55555.6
          55555.6 55555.6 55555.6 55555.6 55555.6 55555.6 55555.6 55555.6 55555.6 55555.6 55555.6 55555.6
          55555.6 55555.6 55555.6 55555.6 55555.6 55555.6 55555.6 55555.6 55555.6 55555.6 55555.6 55555.6
          55555.6 55555.6 55555.6 55555.6 55555.6 55555.6 55555.6 55555.6 55555.6 55555.6 55555.6 55555.6
          55555.6 55555.6 55555.6 55555.6 55555.6 55555.6 55555.6 55555.6 55555.6 55555.6 55555.6 55555.6
          55555.6 55555.6 55555.6 55555.6 55555.6 55555.6 55555.6 55555.6 55555.6 55555.6 55555.6 55555.6
          55555.6 55555.6 55555.6 55555.6 55555.6 55555.6 55555.6 55555.6 55555.6 55555.6 55555.6 55555.6
          55555.6 55555.6 55555.6 55555.6 55555.6 55555.6 55555.6 55555.6 55555.6 55555.6 55555.6 55555.6
          55555.6 55555.6 55555.6 55555.6 55555.6 55555.6 55555.6 55555.6 55555.6 55555.6 55555.6 55555.6
          55555.6 55555.6 55555.6 55555.6 55555.6 55555.6 55555.6 55555.6 55555.6 55555.6 55555.6 55555.6
          55555.6 55555.6 55555.6 55555.6 55555.6 55555.6 55555.6 55555.6 55555.6 55555.6 55555.6 55555.6
          55555.6 55555.6 55555.6 55555.6 55555.6 55555.6 55555.6 55555.6 55555.6 55555.6 55555.6 55555.6
          55555.6 55555.6 55555.6 55555.6 55555.6 55555.6 55555.6 55555.6 55555.6 55555.6 55555.6 55555.6
          55555.6 55555.6 55555.6 55555.6 55555.6 55555.6 55555.6 55555.6 55555.6 55555.6 55555.6 55555.6
          55555.6 55555.6 55555.6 55555.6 55555.6 55555.6 55555.6 55555.6 55555.6 55555.6 55555.6 55555.6
          55555.6 55555.6 55555.6 55555.6 55555.6 55555.6 55555.6 55555.6 55555.6 55555.6 55555.6 55555.6
          55555.6 55555.6 55555.6 55555.6 55555.6 55555.6 55555.6 55555.6 55555.6 55555.6 55555.6 55555.6
          55555.6 55555.6 55555.6 55555.6 55555.6 55555.6 55555.6 55555.6 55555.6 55555.6 55555.6 55555.6
          55555.6 55555.6 55555.6 55555.6 55555.6 55555.6 55555.6 55555.6 55555.6 55555.6 55555.6 55555.6
          55555.6 55555.6 55555.6 55555.6 55555.6 55555.6 55555.6 55555.6 55555.6 55555.6 55555.6 55555.6
          55555.6 55555.6 55555.6 55555.6 55555.6 55555.6 55555.6 55555.6 55555.6 55555.6 55555.6 55555.6
          55555.6 55555.6 55555.6 55555.6 55555.6 55555.6 55555.6 55555.6 55555.6 55555.6 55555.6 55555.6
          55555.6 55555.6 55555.6 55555.6 55555.6 55555.6 55555.6 55555.6 55555.6 55555.6 55555.6 55555.6
          55555.6 55555.6 55555.6 55555.6 55555.6 55555.6 55555.6 55555.6 55555.6 55555.6 55555.6 55555.6
          55555.6 55555.6 55555.6 55555.6 55555.6 55555.6 55555.6 55555.6 55555.6 55555.6 55555.6 55555.6
          55555.6 55555.6 55555.6 55555.6 55555.6 55555.6 55555.6 55555.6 55555.6 55555.6 55555.6 55555.6
          55555.6 55555.6 55555.6 55555.6 55555.6 55555.6 55555.6 55555.6 55555.6 55555.6 55555.6 55555.6
          55555.6 55555.6 55555.6 55555.6 55555.6 55555.6 55555.6 55555.6 55555.6 55555.6 55555.6 55555.6
          55555.6 55555.6 55555.6 55555.6 55555.6 55555.6 55555.6 55555.6 55555.6 55555.6 55555.6 55555.6
          55555.6 55555.6 55555.6 55555.6 55555.6 55555.6 55555.6 55555.6 55555.6 55555.6 55555.6 55555.6
          55555.6 55555.6 55555.6 55555.6 55555.6 55555.6 55555.6 55555.6 55555.6 55555.6 55555.6 55555.6
          55555.6 55555.6 55555.6 55555.6 55555.6 55555.6 55555.6 55555.6 55555.6 55555.6 55555.6 55555.6
          55555.6 55555.6 55555.6 55555.6 55555.6 55555.6 55555.6 55555.6 55555.6 55555.6 55555.6 55555.6
          55555.6 55555.6 55555.6 55555.6 55555.6 55555.6 55555.6 55555.6 55555.6 55555.6 55555.6 55555.6
          55555.6 55555.6 55555.6 55555.6 55555.6 55555.6 55555.6 55555.6 55555.6 55555.6 55555.6 55555.6
          55555.6 55555.6 55555.6 55555.6 55555.6 55555.6 55555.6 55555.6 55555.6 55555.6 55555.6 55555.6
          55555.6 55555.6 55555.6 55555.6 55555.6 55555.6 55555.6 55555.6 55555.6 55555.6 55555.6 55555.6
          55555.6 55555.6 55555.6 55555.6 55555.6 55555.6 55555.6 55555.6 55555.6 55555.6 55555.6 55555.6
          55555.6 55555.6 55555.6 55555.6 55555.6 55555.6 55555.6 55555.6 55555.6 55555.6 55555.6 55555.6
          55555.6 55555.6 55555.6 55555.6 55555.6 55555.6 55555.6 55555.6 55555.6 55555.6 55555.6 55555.6
          55555.6 55555.6 55555.6 55555.6 55555.6 55555.6 55555.6 55555.6 55555.6 55555.6 55555.6 55555.6
          55555.6 55555.6 55555.6 55555.6 55555.6 55555.6 55555.6 55555.6 55555.6 55555.6 55555.6 55555.6
          55555.6 55555.6 55555.6 55555.6 55555.6 55555.6 55555.6 55555.6 55555.6 55555.6 55555.6 55555.6
          55555.6 55555.6 55555.6 55555.6 55555.6 55555.6 55555.6 55555.6 55555.6 55555.6 55555.6 55555.6
          55555.6 55555.6 55555.6 55555.6 55555.6 55555.6 55555.6 55555.6 55555.6 55555.6 55555.6 55555.6
          55555.6 55555.6 55555.6 55555.6 55555.6 55555.6 55555.6 55555.6 55555.6 55555.6 55555.6 55555.6
          55555.6 55555.6 55555.6 55555.6 55555.6 55555.6 55555.6 55555.6 55555.6 55555.6 55555.6 55555.6
          55555.6 55555.6 55555.6 55555.6 55555.6 55555.6 55555.6 55555.6 55555.6 55555.6 55555.6 55555.6
          55555.6 55555.6 55555.6 55555.6 55555.6 55555.6 55555.6 55555.6 55555.6 55555.6 55555.6 55555.6
          55555.6 55555.6 55555.6 55555.6 55555.6 55555.6 55555.6 55555.6 55555.6 55555.6 55555.6 55555.6
          55555.6 55555.6 55555.6 55555.6 55555.6 55555.6 55555.6 55555.6 55555.6 55555.6 55555.6 55555.6
          55555.6 55555.6 55555.6 55555.6 55555.6 55555.6 55555.6 55555.6 55555.6 55555.6 55555.6 55555.6
          55555.6 55555.6 55555.6 55555.6 55555.6 55555.6 55555.6 55555.6 55555.6 55555.6 55555.6 55555.6
          55555.6 55555.6 55555.6 55555.6 55555.6 55555.6 55555.6 55555.6 55555.6 55555.6 55555.6 55555.6
          55555.6 55555.6 55555.6 55555.6 55555.6 55555.6 55555.6 55555.6 55555.6 55555.6 55555.6 55555.6
          55555.6 55555.6 55555.6 55555.6 55555.6 55555.6 55555.6 55555.6 55555.6 55555.6 55555.6 55555.6
          55555.6 55555.6 55555.6 55555.6 55555.6 55555.6 55555.6 55555.6 55555.6 55555.6 55555.6 55555.6
          55555.6 55555.6 55555.6 55555.6 55555.6 55555.6 55555.6 55555.6 55555.6 55555.6 55555.6 55555.6
          55555.6 55555.6 55555.6 55555.6 55555.6 55555.6 55555.6 55555.6 55555.6 55555.6 55555.6 55555.6
          55555.6 55555.6 55555.6 55555.6 55555.6 55555.6 55555.6 55555.6 55555.6 55555.6 55555.6 55555.6
          55555.6 55555.6 55555.6 55555.6 55555.6 55555.6 55555.6 55555.6 55555.6 55555.6 55555.6 55555.6
          55555.6 55555.6 55555.6 55555.6 55555.6 55555.6 55555.6 55555.6 55555.6 55555.6 55555.6 55555.6
          55555.6 55555.6 55555.6 55555.6 55555.6 55555.6 55555.6 55555.6 55555.6 55555.6 55555.6 55555.6
          55555.6 55555.6 55555.6 55555.6 55555.6 55555.6 55555.6 55555.6 55555.6 55555.6 55555.6 55555.6
          55555.6 55555.6 55555.6 55555.6 55555.6 55555.6 55555.6 55555.6 55555.6 55555.6 55555.6 55555.6
          55555.6 55555.6 55555.6 55555.6 55555.6 55555.6 55555.6 55555.6 55555.6 55555.6 55555.6 55555.6
          55555.6 55555.6 55555.6 55555.6 55555.6 55555.6 55555.6 55555.6 55555.6 55555.6 55555.6 55555.6
          55555.6 55555.6 55555.6 55555.6 55555.6 55555.6 55555.6 55555.6 55555.6 55555.6 55555.6 55555.6
          55555.6 55555.6 55555.6 55555.6 55555.6 55555.6 55555.6 55555.6 55555.6 55555.6 55555.6 55555.6
          55555.6 55555.6 55555.6 55555.6 55555.6 55555.6 55555.6 55555.6 55555.6 55555.6 55555.6 55555.6
          55555.6 55555.6 55555.6 55555.6 55555.6 55555.6 55555.6 55555.6 55555.6 55555.6 55555.6 55555.6
          55555.6 55555.6 55555.6 55555.6 55555.6 55555.6 55555.6 55555.6 55555.6 55555.6 55555.6 55555.6
          55555.6 55555.6 55555.6 55555.6 55555.6 55555.6 55555.6 55555.6 55555.6 55555.6 55555.6 55555.6
          55555.6 55555.6 55555.6 55555.6 55555.6 55555.6 55555.6 55555.6 55555.6 55555.6 55555.6 55555.6
          55555.6 55555.6 55555.6 55555.6 55555.6 55555.6 55555.6 55555.6 55555.6 55555.6 55555.6 55555.6
          55555.6 55555.6 55555.6 55555.6 55555.6 55555.6 55555.6 55555.6 55555.6 55555.6 55555.6 55555.6
          55555.6 55555.6 55555.6 55555.6 55555.6 55555.6 55555.6 55555.6 55555.6 55555.6 55555.6 55555.6
          55555.6 55555.6 55555.6 55555.6 55555.6 55555.6 55555.6 55555.6 55555.6 55555.6 55555.6 55555.6
          55555.6 55555.6 55555.6 55555.6
        </DataArray>
        <DataArray type="Float32" Name="x^SimpleH2O_gas" NumberOfComponents="1" format="ascii">
          5.0854e-06 5.0854e-06 5.06188e-06 5.06187e-06 5.08537e-06 5.06185e-06 5.08532e-06 5.06181e-06 5.08526e-06 5.06175e-06 5.08518e-06 5.06167e-06
          5.08509e-06 5.06157e-06 5.08497e-06 5.06146e-06 5.08483e-06 5.06132e-06 5.08468e-06 5.06117e-06 5.08451e-06 5.061e-06 5.08432e-06 5.06081e-06
          5.0841e-06 5.0606e-06 5.08387e-06 5.06037e-06 5.08363e-06 5.06012e-06 5.08336e-06 5.05985e-06 5.08308e-06 5.05957e-06 5.08278e-06 5.05927e-06
          5.08246e-06 5.05895e-06 5.08213e-06 5.05862e-06 5.08178e-06 5.05827e-06 5.08142e-06 5.05791e-06 5.08104e-06 5.05753e-06 5.08064e-06 5.05714e-06
          5.08024e-06 5.05674e-06 5.07982e-06 5.05632e-06 5.07938e-06 5.05589e-06 5.07893e-06 5.05544e-06 5.07847e-06 5.05498e-06 5.07799e-06 5.0545e-06
          5.0775e-06 5.05401e-06 5.07699e-06 5.05351e-06 5.07648e-06 5.05299e-06 5.07595e-06 5.05246e-06 5.0754e-06 5.05192e-06 5.07485e-06 5.05137e-06
          5.07428e-06 5.0508e-06 5.0737e-06 5.05023e-06 5.07311e-06 5.04964e-06 5.07251e-06 5.04904e-06 5.07189e-06 5.04842e-06 5.07126e-06 5.0478e-06
          5.07063e-06 5.04716e-06 5.06998e-06 5.04652e-06 5.06931e-06 5.04586e-06 5.06864e-06 5.04519e-06 5.06796e-06 5.04451e-06 5.06726e-06 5.04382e-06
          5.06656e-06 5.04311e-06 5.06584e-06 5.0424e-06 5.06511e-06 5.04167e-06 5.06437e-06 5.04093e-06 5.06361e-06 5.04018e-06 5.06285e-06 5.03942e-06
          5.06207e-06 5.03865e-06 5.06129e-06 5.03787e-06 5.06049e-06 5.03707e-06 5.05967e-06 5.03626e-06 5.05885e-06 5.03544e-06 5.05802e-06 5.03461e-06
          5.05717e-06 5.03377e-06 5.05631e-06 5.03291e-06 5.05543e-06 5.03204e-06 5.05455e-06 5.03116e-06 5.05365e-06 5.03027e-06 5.05274e-06 5.02936e-06
          5.05182e-06 5.02844e-06 5.05088e-06 5.02751e-06 5.04993e-06 5.02656e-06 5.04896e-06 5.02561e-06 5.04799e-06 5.02463e-06 5.047e-06 5.02365e-06
          5.04599e-06 5.02265e-06 5.04498e-06 5.02164e-06 5.04394e-06 5.02061e-06 5.0429e-06 5.01957e-06 5.03857e-06 5.03857e-06 5.03854e-06 5.0385e-06
          5.03845e-06 5.03838e-06 5.03828e-06 5.03818e-06 5.03804e-06 5.03789e-06 5.03772e-06 5.03753e-06 5.03732e-06 5.0371e-06 5.03685e-06 5.03658e-06
          5.0363e-06 5.036e-06 5.03568e-06 5.03535e-06 5.035e-06 5.03463e-06 5.03426e-06 5.03387e-06 5.03346e-06 5.03305e-06 5.03261e-06 5.03217e-06
          5.03171e-06 5.03123e-06 5.03074e-06 5.03024e-06 5.02972e-06 5.0292e-06 5.02865e-06 5.0281e-06 5.02754e-06 5.02696e-06 5.02638e-06 5.02578e-06
          5.02517e-06 5.02454e-06 5.02391e-06 5.02327e-06 5.02261e-06 5.02194e-06 5.02126e-06 5.02057e-06 5.01987e-06 5.01916e-06 5.01844e-06 5.01771e-06
          5.01696e-06 5.0162e-06 5.01543e-06 5.01465e-06 5.01386e-06 5.01306e-06 5.01224e-06 5.01142e-06 5.01058e-06 5.00973e-06 5.00886e-06 5.00799e-06
          5.0071e-06 5.00619e-06 5.00528e-06 5.00435e-06 5.00341e-06 5.00246e-06 5.00149e-06 5.00051e-06 4.99952e-06 4.99851e-06 4.99749e-06 4.99646e-06
          5.01541e-06 5.0154e-06 5.01538e-06 5.01534e-06 5.0153e-06 5.01524e-06 5.01518e-06 5.01508e-06 5.01496e-06 5.01481e-06 5.01464e-06 5.01445e-06
          5.01425e-06 5.01402e-06 5.01378e-06 5.01351e-06 5.01323e-06 5.01293e-06 5.01261e-06 5.01227e-06 5.01192e-06 5.01156e-06 5.01119e-06 5.0108e-06
          5.0104e-06 5.00999e-06 5.00956e-06 5.00912e-06 5.00866e-06 5.00818e-06 5.00769e-06 5.00718e-06 5.00667e-06 5.00614e-06 5.0056e-06 5.00505e-06
          5.00448e-06 5.00391e-06 5.00332e-06 5.00272e-06 5.00211e-06 5.00149e-06 5.00086e-06 5.00022e-06 4.99957e-06 4.9989e-06 4.99823e-06 4.99754e-06
          4.99684e-06 4.99613e-06 4.99541e-06 4.99468e-06 4.99394e-06 4.99319e-06 4.99242e-06 4.99165e-06 4.99086e-06 4.99006e-06 4.98925e-06 4.98843e-06
          4.98759e-06 4.98674e-06 4.98589e-06 4.98501e-06 4.98413e-06 4.98323e-06 4.98232e-06 4.9814e-06 4.98047e-06 4.97952e-06 4.97856e-06 4.97758e-06
          4.9766e-06 4.97559e-06 4.97458e-06 4.97355e-06 4.99317e-06 4.99315e-06 4.99309e-06 4.99298e-06 4.99283e-06 4.99259e-06 4.99227e-06 4.99215e-06
          4.99204e-06 4.99189e-06 4.99173e-06 4.99154e-06 4.99134e-06 4.99112e-06 4.99087e-06 4.9906e-06 4.99032e-06 4.99001e-06 4.98969e-06 4.98935e-06
          4.98899e-06 4.98863e-06 4.98826e-06 4.98789e-06 4.98752e-06 4.98712e-06 4.9867e-06 4.98626e-06 4.9858e-06 4.98533e-06 4.98483e-06 4.98433e-06
          4.98381e-06 4.98328e-06 4.98275e-06 4.9822e-06 4.98164e-06 4.98106e-06 4.98047e-06 4.97988e-06 4.97927e-06 4.97865e-06 4.97802e-06 4.97738e-06
          4.97672e-06 4.97606e-06 4.97539e-06 4.9747e-06 4.97401e-06 4.9733e-06 4.97259e-06 4.97186e-06 4.97112e-06 4.97037e-06 4.96961e-06 4.96884e-06
          4.96806e-06 4.96726e-06 4.96646e-06 4.96564e-06 4.96481e-06 4.96397e-06 4.96311e-06 4.96225e-06 4.96137e-06 4.96048e-06 4.95957e-06 4.95866e-06
          4.95773e-06 4.95679e-06 4.95583e-06 4.95486e-06 4.95388e-06 4.95289e-06 4.95188e-06 4.95085e-06 4.98686e-06 4.98679e-06 4.98659e-06 4.98627e-06
          4.98582e-06 4.98527e-06 4.98461e-06 4.98381e-06 4.98291e-06 4.9819e-06 4.9808e-06 4.9796e-06 4.97831e-06 4.97696e-06 4.97556e-06 4.97414e-06
          4.97272e-06 4.97133e-06 4.97001e-06 4.9688e-06 4.96774e-06 4.96683e-06 4.96605e-06 4.96526e-06 4.9647e-06 4.9644e-06 4.96402e-06 4.96359e-06
          4.96312e-06 4.96263e-06 4.96212e-06 4.9616e-06 4.96109e-06 4.96059e-06 4.96007e-06 4.95953e-06 4.95898e-06 4.9584e-06 4.95782e-06 4.95722e-06
          4.95661e-06 4.956e-06 4.95537e-06 4.95473e-06 4.95408e-06 4.95342e-06 4.95275e-06 4.95207e-06 4.95138e-06 4.95067e-06 4.94996e-06 4.94924e-06
          4.9485e-06 4.94776e-06 4.947e-06 4.94623e-06 4.94545e-06 4.94466e-06 4.94386e-06 4.94305e-06 4.94223e-06 4.94139e-06 4.94054e-06 4.93968e-06
          4.93881e-06 4.93793e-06 4.93703e-06 4.93612e-06 4.93519e-06 4.93426e-06 4.93331e-06 4.93235e-06 4.93137e-06 4.93038e-06 4.92938e-06 4.92836e-06
          4.98461e-06 4.98453e-06 4.98433e-06 4.98399e-06 4.98352e-06 4.98292e-06 4.9822e-06 4.98135e-06 4.98039e-06 4.9793e-06 4.97811e-06 4.97681e-06
          4.9754e-06 4.97389e-06 4.97228e-06 4.97057e-06 4.96875e-06 4.96684e-06 4.96483e-06 4.96272e-06 4.96052e-06 4.95825e-06 4.95594e-06 4.95365e-06
          4.95138e-06 4.94917e-06 4.94707e-06 4.94512e-06 4.94337e-06 4.94187e-06 4.94063e-06 4.93963e-06 4.93874e-06 4.93793e-06 4.93751e-06 4.93703e-06
          4.93648e-06 4.93589e-06 4.93529e-06 4.9347e-06 4.93412e-06 4.93351e-06 4.9329e-06 4.93227e-06 4.93162e-06 4.93097e-06 4.9303e-06 4.92962e-06
          4.92894e-06 4.92824e-06 4.92753e-06 4.92681e-06 4.92608e-06 4.92534e-06 4.92459e-06 4.92382e-06 4.92305e-06 4.92226e-06 4.92147e-06 4.92066e-06
          4.91984e-06 4.91901e-06 4.91817e-06 4.91732e-06 4.91645e-06 4.91557e-06 4.91468e-06 4.91378e-06 4.91286e-06 4.91193e-06 4.91099e-06 4.91003e-06
          4.90906e-06 4.90808e-06 4.90709e-06 4.90608e-06 4.98332e-06 4.98324e-06 4.98302e-06 4.98266e-06 4.98215e-06 4.98151e-06 4.98073e-06 4.97982e-06
          4.97878e-06 4.97761e-06 4.97633e-06 4.97492e-06 4.9734e-06 4.97176e-06 4.97001e-06 4.96816e-06 4.9662e-06 4.96414e-06 4.96198e-06 4.95973e-06
          4.95738e-06 4.95496e-06 4.95246e-06 4.9499e-06 4.94729e-06 4.94463e-06 4.9419e-06 4.93912e-06 4.93628e-06 4.9334e-06 4.93051e-06 4.92766e-06
          4.92491e-06 4.92235e-06 4.91998e-06 4.91789e-06 4.91612e-06 4.91468e-06 4.91353e-06 4.91253e-06 4.91164e-06 4.91114e-06 4.91058e-06 4.90995e-06
          4.9093e-06 4.90865e-06 4.90801e-06 4.90734e-06 4.90667e-06 4.90598e-06 4.90528e-06 4.90457e-06 4.90384e-06 4.90311e-06 4.90236e-06 4.90161e-06
          4.90084e-06 4.90006e-06 4.89927e-06 4.89847e-06 4.89766e-06 4.89683e-06 4.896e-06 4.89515e-06 4.89429e-06 4.89342e-06 4.89253e-06 4.89164e-06
          4.89073e-06 4.88981e-06 4.88887e-06 4.88792e-06 4.88696e-06 4.88599e-06 4.885e-06 4.88399e-06 4.98294e-06 4.98285e-06 4.98261e-06 4.98222e-06
          4.98167e-06 4.98097e-06 4.98013e-06 4.97914e-06 4.97801e-06 4.97674e-06 4.97534e-06 4.97381e-06 4.97216e-06 4.97039e-06 4.9685e-06 4.9665e-06
          4.96439e-06 4.96218e-06 4.95986e-06 4.95746e-06 4.95497e-06 4.95239e-06 4.94974e-06 4.94702e-06 4.94422e-06 4.94137e-06 4.93845e-06 4.93547e-06
          4.93243e-06 4.92934e-06 4.92621e-06 4.92305e-06 4.91985e-06 4.91663e-06 4.91339e-06 4.91012e-06 4.90685e-06 4.90362e-06 4.90051e-06 4.89758e-06
          4.89493e-06 4.89258e-06 4.89062e-06 4.88902e-06 4.88775e-06 4.88664e-06 4.88572e-06 4.88518e-06 4.88455e-06 4.88386e-06 4.88316e-06 4.88248e-06
          4.88177e-06 4.88105e-06 4.88032e-06 4.87957e-06 4.87881e-06 4.87804e-06 4.87726e-06 4.87647e-06 4.87566e-06 4.87485e-06 4.87402e-06 4.87318e-06
          4.87232e-06 4.87146e-06 4.87058e-06 4.86969e-06 4.86879e-06 4.86788e-06 4.86695e-06 4.86601e-06 4.86506e-06 4.86409e-06 4.86311e-06 4.86211e-06
          4.98349e-06 4.9834e-06 4.98314e-06 4.9827e-06 4.9821e-06 4.98134e-06 4.98041e-06 4.97933e-06 4.97809e-06 4.9767e-06 4.97517e-06 4.9735e-06
          4.9717e-06 4.96978e-06 4.96772e-06 4.96556e-06 4.96328e-06 4.96089e-06 4.95841e-06 4.95583e-06 4.95316e-06 4.95041e-06 4.94758e-06 4.94468e-06
          4.94171e-06 4.93868e-06 4.93558e-06 4.93242e-06 4.92921e-06 4.92596e-06 4.92266e-06 4.91932e-06 4.91593e-06 4.91252e-06 4.90906e-06 4.90557e-06
          4.90206e-06 4.89852e-06 4.89498e-06 4.89143e-06 4.88787e-06 4.88432e-06 4.88081e-06 4.87737e-06 4.8741e-06 4.87109e-06 4.86842e-06 4.86612e-06
          4.86425e-06 4.86275e-06 4.8615e-06 4.8604e-06 4.85979e-06 4.85913e-06 4.85841e-06 4.85768e-06 4.85694e-06 4.85619e-06 4.85542e-06 4.85465e-06
          4.85385e-06 4.85305e-06 4.85223e-06 4.8514e-06 4.85055e-06 4.8497e-06 4.84883e-06 4.84795e-06 4.84705e-06 4.84615e-06 4.84523e-06 4.8443e-06
          4.84335e-06 4.84239e-06 4.84142e-06 4.84043e-06 4.98503e-06 4.98492e-06 4.98463e-06 4.98415e-06 4.98348e-06 4.98264e-06 4.98161e-06 4.98042e-06
          4.97905e-06 4.97752e-06 4.97584e-06 4.97401e-06 4.97204e-06 4.96993e-06 4.9677e-06 4.96534e-06 4.96287e-06 4.96028e-06 4.9576e-06 4.95482e-06
          4.95196e-06 4.949e-06 4.94598e-06 4.94288e-06 4.93971e-06 4.93648e-06 4.93319e-06 4.92985e-06 4.92646e-06 4.92302e-06 4.91954e-06 4.91602e-06
          4.91246e-06 4.90887e-06 4.90525e-06 4.9016e-06 4.89793e-06 4.89422e-06 4.8905e-06 4.88676e-06 4.88299e-06 4.87921e-06 4.87542e-06 4.87162e-06
          4.86783e-06 4.86405e-06 4.8603e-06 4.85658e-06 4.85296e-06 4.8495e-06 4.84631e-06 4.84349e-06 4.84107e-06 4.83909e-06 4.8375e-06 4.83614e-06
          4.83505e-06 4.83444e-06 4.83372e-06 4.83296e-06 4.8322e-06 4.83141e-06 4.83061e-06 4.82979e-06 4.82896e-06 4.82812e-06 4.82726e-06 4.82639e-06
          4.82551e-06 4.82461e-06 4.8237e-06 4.82278e-06 4.82184e-06 4.82089e-06 4.81992e-06 4.81895e-06 4.9876e-06 4.98749e-06 4.98716e-06 4.98662e-06
          4.98588e-06 4.98493e-06 4.98379e-06 4.98246e-06 4.98094e-06 4.97925e-06 4.97739e-06 4.97537e-06 4.97319e-06 4.97088e-06 4.96843e-06 4.96585e-06
          4.96315e-06 4.96035e-06 4.95744e-06 4.95443e-06 4.95134e-06 4.94816e-06 4.94491e-06 4.94159e-06 4.9382e-06 4.93476e-06 4.93126e-06 4.92771e-06
          4.92412e-06 4.92048e-06 4.91681e-06 4.9131e-06 4.90936e-06 4.90559e-06 4.90179e-06 4.89797e-06 4.89413e-06 4.89027e-06 4.88639e-06 4.88249e-06
          4.87857e-06 4.87464e-06 4.8707e-06 4.86674e-06 4.86278e-06 4.8588e-06 4.85482e-06 4.85084e-06 4.84686e-06 4.8429e-06 4.83896e-06 4.83506e-06
          4.83122e-06 4.8275e-06 4.82397e-06 4.82076e-06 4.81794e-06 4.81556e-06 4.81361e-06 4.81202e-06 4.8106e-06 4.80981e-06 4.80912e-06 4.80833e-06
          4.80753e-06 4.80671e-06 4.80587e-06 4.80502e-06 4.80415e-06 4.80326e-06 4.80237e-06 4.80145e-06 4.80052e-06 4.79958e-06 4.79863e-06 4.79766e-06
          4.99131e-06 4.99118e-06 4.9908e-06 4.9902e-06 4.98936e-06 4.98829e-06 4.98701e-06 4.98551e-06 4.98381e-06 4.98192e-06 4.97985e-06 4.9776e-06
          4.97519e-06 4.97263e-06 4.96993e-06 4.9671e-06 4.96414e-06 4.96108e-06 4.95791e-06 4.95464e-06 4.95129e-06 4.94786e-06 4.94436e-06 4.94079e-06
          4.93717e-06 4.93348e-06 4.92976e-06 4.92598e-06 4.92217e-06 4.91832e-06 4.91443e-06 4.91052e-06 4.90658e-06 4.90262e-06 4.89864e-06 4.89464e-06
          4.89062e-06 4.88659e-06 4.88255e-06 4.87849e-06 4.87442e-06 4.87034e-06 4.86626e-06 4.86216e-06 4.85806e-06 4.85395e-06 4.84984e-06 4.84572e-06
          4.8416e-06 4.83747e-06 4.83335e-06 4.82922e-06 4.8251e-06 4.821e-06 4.81692e-06 4.81288e-06 4.8089e-06 4.80501e-06 4.80127e-06 4.79779e-06
          4.79469e-06 4.792e-06 4.78976e-06 4.78792e-06 4.78629e-06 4.78526e-06 4.78459e-06 4.78378e-06 4.78295e-06 4.78209e-06 4.7812e-06 4.78031e-06
          4.77939e-06 4.77847e-06 4.77752e-06 4.77656e-06 4.99625e-06 4.9961e-06 4.99567e-06 4.99498e-06 4.99402e-06 4.99281e-06 4.99135e-06 4.98965e-06
          4.98773e-06 4.9856e-06 4.98327e-06 4.98076e-06 4.97807e-06 4.97522e-06 4.97222e-06 4.96909e-06 4.96584e-06 4.96248e-06 4.95901e-06 4.95545e-06
          4.95181e-06 4.94809e-06 4.94431e-06 4.94047e-06 4.93657e-06 4.93263e-06 4.92865e-06 4.92462e-06 4.92057e-06 4.91649e-06 4.91238e-06 4.90825e-06
          4.9041e-06 4.89994e-06 4.89576e-06 4.89157e-06 4.88737e-06 4.88316e-06 4.87894e-06 4.87472e-06 4.87049e-06 4.86626e-06 4.86203e-06 4.85779e-06
          4.85355e-06 4.84931e-06 4.84507e-06 4.84083e-06 4.83659e-06 4.83235e-06 4.8281e-06 4.82386e-06 4.81962e-06 4.81539e-06 4.81115e-06 4.80692e-06
          4.80271e-06 4.7985e-06 4.79433e-06 4.79019e-06 4.7861e-06 4.7821e-06 4.77823e-06 4.77458e-06 4.77127e-06 4.76836e-06 4.7659e-06 4.76384e-06
          4.76202e-06 4.76084e-06 4.76014e-06 4.7593e-06 4.75844e-06 4.75753e-06 4.75659e-06 4.75565e-06 5.00257e-06 5.00239e-06 5.0019e-06 5.0011e-06
          4.99999e-06 4.9986e-06 4.99692e-06 4.99498e-06 4.99279e-06 4.99036e-06 4.98772e-06 4.98488e-06 4.98186e-06 4.97867e-06 4.97533e-06 4.97185e-06
          4.96825e-06 4.96454e-06 4.96073e-06 4.95684e-06 4.95287e-06 4.94883e-06 4.94473e-06 4.94058e-06 4.93639e-06 4.93216e-06 4.9279e-06 4.92361e-06
          4.9193e-06 4.91496e-06 4.91061e-06 4.90625e-06 4.90188e-06 4.8975e-06 4.89311e-06 4.88872e-06 4.88432e-06 4.87993e-06 4.87554e-06 4.87114e-06
          4.86675e-06 4.86236e-06 4.85798e-06 4.8536e-06 4.84922e-06 4.84485e-06 4.84048e-06 4.83611e-06 4.83175e-06 4.8274e-06 4.82305e-06 4.8187e-06
          4.81436e-06 4.81003e-06 4.80569e-06 4.80137e-06 4.79705e-06 4.79274e-06 4.78843e-06 4.78413e-06 4.77985e-06 4.77558e-06 4.77134e-06 4.76714e-06
          4.76299e-06 4.75892e-06 4.75496e-06 4.7512e-06 4.74775e-06 4.74468e-06 4.74203e-06 4.73978e-06 4.73775e-06 4.7365e-06 4.73576e-06 4.73487e-06
          5.01045e-06 5.01025e-06 5.00967e-06 5.00873e-06 5.00743e-06 5.0058e-06 5.00385e-06 5.0016e-06 4.99908e-06 4.99629e-06 4.99327e-06 4.99004e-06
          4.98661e-06 4.98301e-06 4.97926e-06 4.97538e-06 4.97137e-06 4.96726e-06 4.96307e-06 4.95879e-06 4.95445e-06 4.95005e-06 4.9456e-06 4.94111e-06
          4.93659e-06 4.93205e-06 4.92748e-06 4.9229e-06 4.9183e-06 4.9137e-06 4.90909e-06 4.90448e-06 4.89987e-06 4.89526e-06 4.89066e-06 4.88606e-06
          4.88146e-06 4.87687e-06 4.8723e-06 4.86773e-06 4.86317e-06 4.85862e-06 4.85408e-06 4.84955e-06 4.84503e-06 4.84052e-06 4.83602e-06 4.83154e-06
          4.82706e-06 4.82259e-06 4.81813e-06 4.81369e-06 4.80925e-06 4.80482e-06 4.8004e-06 4.79599e-06 4.79159e-06 4.7872e-06 4.78282e-06 4.77844e-06
          4.77408e-06 4.76972e-06 4.76538e-06 4.76105e-06 4.75673e-06 4.75243e-06 4.74816e-06 4.74393e-06 4.73975e-06 4.73565e-06 4.73164e-06 4.72781e-06
          4.72425e-06 4.72105e-06 4.71823e-06 4.71577e-06 5.02015e-06 5.0199e-06 5.01921e-06 5.01809e-06 5.01655e-06 5.01462e-06 5.01231e-06 5.00967e-06
          5.00672e-06 5.00348e-06 4.99999e-06 4.99628e-06 4.99237e-06 4.98828e-06 4.98404e-06 4.97968e-06 4.9752e-06 4.97063e-06 4.96598e-06 4.96127e-06
          4.95651e-06 4.95171e-06 4.94687e-06 4.94201e-06 4.93713e-06 4.93224e-06 4.92734e-06 4.92244e-06 4.91755e-06 4.91266e-06 4.90777e-06 4.9029e-06
          4.89804e-06 4.89319e-06 4.88836e-06 4.88354e-06 4.87874e-06 4.87395e-06 4.86918e-06 4.86443e-06 4.8597e-06 4.85499e-06 4.85029e-06 4.84561e-06
          4.84095e-06 4.83631e-06 4.83168e-06 4.82707e-06 4.82248e-06 4.8179e-06 4.81334e-06 4.8088e-06 4.80427e-06 4.79975e-06 4.79525e-06 4.79076e-06
          4.78629e-06 4.78182e-06 4.77738e-06 4.77294e-06 4.76852e-06 4.7641e-06 4.7597e-06 4.75532e-06 4.75094e-06 4.74658e-06 4.74223e-06 4.7379e-06
          4.73358e-06 4.72929e-06 4.72503e-06 4.7208e-06 4.71662e-06 4.71251e-06 4.70849e-06 4.7046e-06 5.03199e-06 5.03169e-06 5.03084e-06 5.02947e-06
          5.0276e-06 5.02527e-06 5.02251e-06 5.01936e-06 5.01586e-06 5.01205e-06 5.00798e-06 5.00367e-06 4.99916e-06 4.99449e-06 4.98967e-06 4.98474e-06
          4.97971e-06 4.97461e-06 4.96945e-06 4.96425e-06 4.95902e-06 4.95376e-06 4.94849e-06 4.94322e-06 4.93795e-06 4.93268e-06 4.92743e-06 4.9222e-06
          4.91698e-06 4.91178e-06 4.90661e-06 4.90146e-06 4.89634e-06 4.89124e-06 4.88617e-06 4.88113e-06 4.87611e-06 4.87113e-06 4.86617e-06 4.86123e-06
          4.85633e-06 4.85145e-06 4.8466e-06 4.84177e-06 4.83697e-06 4.83219e-06 4.82744e-06 4.82271e-06 4.818e-06 4.81332e-06 4.80866e-06 4.80402e-06
          4.7994e-06 4.7948e-06 4.79022e-06 4.78566e-06 4.78111e-06 4.77659e-06 4.77208e-06 4.76759e-06 4.76312e-06 4.75866e-06 4.75422e-06 4.74979e-06
          4.74538e-06 4.74099e-06 4.73661e-06 4.73224e-06 4.72789e-06 4.72356e-06 4.71925e-06 4.71495e-06 4.71067e-06 4.70642e-06 4.7022e-06 4.69801e-06
          5.04643e-06 5.04605e-06 5.04499e-06 5.04328e-06 5.04096e-06 5.03808e-06 5.0347e-06 5.03087e-06 5.02667e-06 5.02213e-06 5.01731e-06 5.01227e-06
          5.00703e-06 5.00165e-06 4.99614e-06 4.99054e-06 4.98488e-06 4.97916e-06 4.97342e-06 4.96766e-06 4.9619e-06 4.95615e-06 4.9504e-06 4.94468e-06
          4.93899e-06 4.93332e-06 4.92769e-06 4.9221e-06 4.91654e-06 4.91103e-06 4.90555e-06 4.90012e-06 4.89472e-06 4.88937e-06 4.88406e-06 4.87878e-06
          4.87355e-06 4.86836e-06 4.86321e-06 4.85809e-06 4.85301e-06 4.84797e-06 4.84296e-06 4.83799e-06 4.83305e-06 4.82815e-06 4.82327e-06 4.81843e-06
          4.81361e-06 4.80883e-06 4.80407e-06 4.79934e-06 4.79464e-06 4.78996e-06 4.78531e-06 4.78068e-06 4.77608e-06 4.7715e-06 4.76694e-06 4.7624e-06
          4.75789e-06 4.75339e-06 4.74892e-06 4.74446e-06 4.74003e-06 4.73561e-06 4.73121e-06 4.72683e-06 4.72247e-06 4.71813e-06 4.71381e-06 4.7095e-06
          4.70521e-06 4.70095e-06 4.6967e-06 4.69248e-06 5.06413e-06 5.06364e-06 5.06226e-06 5.06005e-06 5.05708e-06 5.05344e-06 5.0492e-06 5.04447e-06
          5.03933e-06 5.03384e-06 5.02808e-06 5.02211e-06 5.01598e-06 5.00974e-06 5.00341e-06 4.99703e-06 4.99063e-06 4.98421e-06 4.97781e-06 4.97143e-06
          4.96509e-06 4.95878e-06 4.95253e-06 4.94632e-06 4.94017e-06 4.93408e-06 4.92805e-06 4.92208e-06 4.91617e-06 4.91032e-06 4.90453e-06 4.8988e-06
          4.89313e-06 4.88752e-06 4.88196e-06 4.87646e-06 4.87101e-06 4.86561e-06 4.86027e-06 4.85497e-06 4.84973e-06 4.84452e-06 4.83937e-06 4.83426e-06
          4.82919e-06 4.82416e-06 4.81917e-06 4.81422e-06 4.8093e-06 4.80442e-06 4.79958e-06 4.79477e-06 4.78999e-06 4.78525e-06 4.78053e-06 4.77585e-06
          4.77119e-06 4.76656e-06 4.76196e-06 4.75738e-06 4.75283e-06 4.74831e-06 4.74381e-06 4.73933e-06 4.73488e-06 4.73045e-06 4.72604e-06 4.72166e-06
          4.7173e-06 4.71295e-06 4.70864e-06 4.70434e-06 4.70006e-06 4.6958e-06 4.69157e-06 4.68735e-06 5.0861e-06 5.08542e-06 5.08355e-06 5.08058e-06
          5.07664e-06 5.07187e-06 5.06643e-06 5.06044e-06 5.05403e-06 5.04729e-06 5.04033e-06 5.03321e-06 5.02598e-06 5.0187e-06 5.0114e-06 5.00411e-06
          4.99686e-06 4.98966e-06 4.98252e-06 4.97545e-06 4.96847e-06 4.96157e-06 4.95476e-06 4.94804e-06 4.94141e-06 4.93487e-06 4.92842e-06 4.92206e-06
          4.91579e-06 4.9096e-06 4.90349e-06 4.89746e-06 4.89152e-06 4.88564e-06 4.87984e-06 4.87411e-06 4.86845e-06 4.86286e-06 4.85733e-06 4.85186e-06
          4.84645e-06 4.84109e-06 4.83579e-06 4.83055e-06 4.82536e-06 4.82021e-06 4.81512e-06 4.81007e-06 4.80506e-06 4.8001e-06 4.79518e-06 4.7903e-06
          4.78546e-06 4.78065e-06 4.77589e-06 4.77115e-06 4.76645e-06 4.76179e-06 4.75715e-06 4.75255e-06 4.74797e-06 4.74343e-06 4.73891e-06 4.73442e-06
          4.72996e-06 4.72553e-06 4.72112e-06 4.71673e-06 4.71238e-06 4.70804e-06 4.70373e-06 4.69945e-06 4.69519e-06 4.69095e-06 4.68673e-06 4.68254e-06
          5.11395e-06 5.11295e-06 5.11024e-06 5.10601e-06 5.10053e-06 5.09406e-06 5.08683e-06 5.07906e-06 5.07092e-06 5.06255e-06 5.05404e-06 5.04548e-06
          5.03692e-06 5.02841e-06 5.01997e-06 5.01164e-06 5.00343e-06 4.99535e-06 4.9874e-06 4.97959e-06 4.97192e-06 4.96438e-06 4.95699e-06 4.94973e-06
          4.9426e-06 4.9356e-06 4.92872e-06 4.92196e-06 4.91532e-06 4.90879e-06 4.90236e-06 4.89604e-06 4.88982e-06 4.88369e-06 4.87765e-06 4.87171e-06
          4.86584e-06 4.86006e-06 4.85435e-06 4.84871e-06 4.84315e-06 4.83766e-06 4.83223e-06 4.82687e-06 4.82156e-06 4.81632e-06 4.81113e-06 4.80599e-06
          4.80091e-06 4.79587e-06 4.79089e-06 4.78595e-06 4.78105e-06 4.7762e-06 4.77139e-06 4.76662e-06 4.76188e-06 4.75719e-06 4.75253e-06 4.74791e-06
          4.74332e-06 4.73876e-06 4.73424e-06 4.72974e-06 4.72528e-06 4.72085e-06 4.71644e-06 4.71207e-06 4.70772e-06 4.7034e-06 4.6991e-06 4.69484e-06
          4.69059e-06 4.68638e-06 4.68219e-06 4.67802e-06 5.15049e-06 5.14896e-06 5.14461e-06 5.13812e-06 5.13001e-06 5.12079e-06 5.11086e-06 5.10054e-06
          5.09004e-06 5.07951e-06 5.06905e-06 5.05873e-06 5.04857e-06 5.03863e-06 5.0289e-06 5.0194e-06 5.01013e-06 5.00108e-06 4.99226e-06 4.98366e-06
          4.97526e-06 4.96707e-06 4.95907e-06 4.95126e-06 4.94362e-06 4.93615e-06 4.92884e-06 4.92169e-06 4.91469e-06 4.90782e-06 4.90109e-06 4.89448e-06
          4.88799e-06 4.88162e-06 4.87536e-06 4.8692e-06 4.86315e-06 4.85719e-06 4.85132e-06 4.84554e-06 4.83984e-06 4.83422e-06 4.82868e-06 4.82321e-06
          4.81781e-06 4.81247e-06 4.8072e-06 4.80199e-06 4.79684e-06 4.79175e-06 4.78671e-06 4.78172e-06 4.77679e-06 4.7719e-06 4.76706e-06 4.76226e-06
          4.7575e-06 4.75279e-06 4.74811e-06 4.74348e-06 4.73888e-06 4.73432e-06 4.7298e-06 4.72531e-06 4.72085e-06 4.71642e-06 4.71203e-06 4.70766e-06
          4.70333e-06 4.69902e-06 4.69475e-06 4.6905e-06 4.68628e-06 4.68208e-06 4.67791e-06 4.67377e-06 5.20265e-06 5.19858e-06 5.19087e-06 5.17966e-06
          5.16661e-06 5.15277e-06 5.13871e-06 5.12477e-06 5.11112e-06 5.09785e-06 5.08499e-06 5.07257e-06 5.06059e-06 5.04902e-06 5.03786e-06 5.02708e-06
          5.01668e-06 5.00662e-06 4.99688e-06 4.98746e-06 4.97832e-06 4.96946e-06 4.96085e-06 4.95248e-06 4.94434e-06 4.93642e-06 4.92869e-06 4.92116e-06
          4.9138e-06 4.90662e-06 4.89959e-06 4.89272e-06 4.88599e-06 4.87939e-06 4.87293e-06 4.86658e-06 4.86036e-06 4.85424e-06 4.84823e-06 4.84232e-06
          4.8365e-06 4.83078e-06 4.82514e-06 4.81958e-06 4.8141e-06 4.80869e-06 4.80336e-06 4.79809e-06 4.79289e-06 4.78775e-06 4.78267e-06 4.77765e-06
          4.77268e-06 4.76777e-06 4.7629e-06 4.75809e-06 4.75332e-06 4.7486e-06 4.74392e-06 4.73928e-06 4.73468e-06 4.73012e-06 4.7256e-06 4.72111e-06
          4.71666e-06 4.71225e-06 4.70787e-06 4.70352e-06 4.6992e-06 4.69491e-06 4.69065e-06 4.68642e-06 4.68222e-06 4.67805e-06 4.67391e-06 4.66979e-06
          5.27848e-06 5.27773e-06 5.25692e-06 5.23377e-06 5.21117e-06 5.1898e-06 5.16976e-06 5.15098e-06 5.13337e-06 5.1168e-06 5.10118e-06 5.08641e-06
          5.07241e-06 5.0591e-06 5.04642e-06 5.03432e-06 5.02274e-06 5.01165e-06 5.001e-06 4.99075e-06 4.98088e-06 4.97136e-06 4.96217e-06 4.95327e-06
          4.94465e-06 4.93629e-06 4.92817e-06 4.92028e-06 4.91261e-06 4.90513e-06 4.89784e-06 4.89073e-06 4.88378e-06 4.87699e-06 4.87034e-06 4.86384e-06
          4.85747e-06 4.85122e-06 4.84509e-06 4.83907e-06 4.83316e-06 4.82734e-06 4.82163e-06 4.816e-06 4.81045e-06 4.80499e-06 4.79961e-06 4.7943e-06
          4.78906e-06 4.78389e-06 4.77878e-06 4.77374e-06 4.76875e-06 4.76382e-06 4.75895e-06 4.75412e-06 4.74935e-06 4.74462e-06 4.73994e-06 4.7353e-06
          4.73071e-06 4.72615e-06 4.72164e-06 4.71717e-06 4.71273e-06 4.70832e-06 4.70396e-06 4.69962e-06 4.69532e-06 4.69105e-06 4.68681e-06 4.6826e-06
          4.67842e-06 4.67426e-06 4.67014e-06 4.66604e-06 5.566e-06 5.41486e-06 5.34632e-06 5.29862e-06 5.26093e-06 5.22929e-06 5.2018e-06 5.17737e-06
          5.15531e-06 5.13517e-06 5.11662e-06 5.0994e-06 5.08333e-06 5.06826e-06 5.05407e-06 5.04066e-06 5.02794e-06 5.01585e-06 5.00431e-06 4.99329e-06
          4.98273e-06 4.9726e-06 4.96286e-06 4.95347e-06 4.94442e-06 4.93567e-06 4.9272e-06 4.919e-06 4.91104e-06 4.90331e-06 4.8958e-06 4.88848e-06
          4.88135e-06 4.8744e-06 4.86761e-06 4.86098e-06 4.85449e-06 4.84813e-06 4.84191e-06 4.83581e-06 4.82982e-06 4.82394e-06 4.81816e-06 4.81248e-06
          4.8069e-06 4.8014e-06 4.79598e-06 4.79064e-06 4.78538e-06 4.78019e-06 4.77506e-06 4.77e-06 4.76501e-06 4.76007e-06 4.75519e-06 4.75036e-06
          4.74558e-06 4.74086e-06 4.73618e-06 4.73155e-06 4.72696e-06 4.72242e-06 4.71792e-06 4.71345e-06 4.70902e-06 4.70463e-06 4.70028e-06 4.69596e-06
          4.69167e-06 4.68742e-06 4.68319e-06 4.679e-06 4.67483e-06 4.6707e-06 4.66659e-06 4.6625e-06 5.8234e-06 5.54711e-06 5.43164e-06 5.35986e-06
          5.30744e-06 5.26584e-06 5.23116e-06 5.20128e-06 5.17497e-06 5.15143e-06 5.13009e-06 5.11056e-06 5.09256e-06 5.07585e-06 5.06026e-06 5.04564e-06
          5.03188e-06 5.01888e-06 5.00656e-06 4.99484e-06 4.98367e-06 4.973e-06 4.96279e-06 4.95298e-06 4.94356e-06 4.93448e-06 4.92573e-06 4.91727e-06
          4.90908e-06 4.90115e-06 4.89346e-06 4.88599e-06 4.87872e-06 4.87164e-06 4.86475e-06 4.85801e-06 4.85144e-06 4.84501e-06 4.83872e-06 4.83256e-06
          4.82652e-06 4.82059e-06 4.81478e-06 4.80906e-06 4.80345e-06 4.79792e-06 4.79248e-06 4.78713e-06 4.78185e-06 4.77665e-06 4.77151e-06 4.76645e-06
          4.76145e-06 4.75651e-06 4.75163e-06 4.7468e-06 4.74203e-06 4.73731e-06 4.73264e-06 4.72801e-06 4.72343e-06 4.7189e-06 4.7144e-06 4.70995e-06
          4.70553e-06 4.70116e-06 4.69681e-06 4.69251e-06 4.68823e-06 4.68399e-06 4.67978e-06 4.6756e-06 4.67145e-06 4.66732e-06 4.66323e-06 4.65916e-06
          5.88411e-06 5.61148e-06 5.48539e-06 5.40327e-06 5.34245e-06 5.29421e-06 5.25426e-06 5.22017e-06 5.19044e-06 5.1641e-06 5.14044e-06 5.11898e-06
          5.09934e-06 5.08125e-06 5.06448e-06 5.04885e-06 5.03422e-06 5.02047e-06 5.00749e-06 4.99521e-06 4.98356e-06 4.97246e-06 4.96188e-06 4.95175e-06
          4.94204e-06 4.93272e-06 4.92375e-06 4.9151e-06 4.90676e-06 4.89868e-06 4.89086e-06 4.88328e-06 4.87592e-06 4.86876e-06 4.86179e-06 4.85499e-06
          4.84836e-06 4.84188e-06 4.83555e-06 4.82935e-06 4.82327e-06 4.81732e-06 4.81148e-06 4.80575e-06 4.80011e-06 4.79457e-06 4.78912e-06 4.78376e-06
          4.77848e-06 4.77327e-06 4.76813e-06 4.76307e-06 4.75807e-06 4.75313e-06 4.74825e-06 4.74343e-06 4.73866e-06 4.73395e-06 4.72928e-06 4.72467e-06
          4.7201e-06 4.71557e-06 4.71108e-06 4.70664e-06 4.70223e-06 4.69786e-06 4.69353e-06 4.68923e-06 4.68497e-06 4.68074e-06 4.67654e-06 4.67237e-06
          4.66823e-06 4.66412e-06 4.66003e-06 4.65597e-06 5.91907e-06 5.64326e-06 5.51448e-06 5.42879e-06 5.36419e-06 5.31241e-06 5.26931e-06 5.2325e-06
          5.20045e-06 5.17213e-06 5.1468e-06 5.12393e-06 5.10309e-06 5.08398e-06 5.06635e-06 5.04998e-06 5.03472e-06 5.02043e-06 5.007e-06 4.99433e-06
          4.98234e-06 4.97095e-06 4.96012e-06 4.94978e-06 4.9399e-06 4.93042e-06 4.92131e-06 4.91255e-06 4.90411e-06 4.89595e-06 4.88806e-06 4.88041e-06
          4.87299e-06 4.86578e-06 4.85876e-06 4.85193e-06 4.84527e-06 4.83876e-06 4.8324e-06 4.82618e-06 4.8201e-06 4.81413e-06 4.80828e-06 4.80253e-06
          4.79689e-06 4.79135e-06 4.7859e-06 4.78053e-06 4.77525e-06 4.77004e-06 4.7649e-06 4.75984e-06 4.75484e-06 4.74991e-06 4.74503e-06 4.74022e-06
          4.73546e-06 4.73075e-06 4.72609e-06 4.72148e-06 4.71691e-06 4.71239e-06 4.70792e-06 4.70348e-06 4.69908e-06 4.69472e-06 4.6904e-06 4.68611e-06
          4.68185e-06 4.67763e-06 4.67344e-06 4.66928e-06 4.66514e-06 4.66104e-06 4.65696e-06 4.65291e-06 5.93409e-06 5.65747e-06 5.52748e-06 5.44036e-06
          5.37416e-06 5.32073e-06 5.27606e-06 5.23781e-06 5.20448e-06 5.17505e-06 5.14877e-06 5.12508e-06 5.10356e-06 5.08387e-06 5.06575e-06 5.04897e-06
          5.03337e-06 5.01879e-06 5.00512e-06 4.99225e-06 4.98009e-06 4.96857e-06 4.95761e-06 4.94718e-06 4.9372e-06 4.92766e-06 4.91849e-06 4.90968e-06
          4.90119e-06 4.89299e-06 4.88507e-06 4.87739e-06 4.86995e-06 4.86271e-06 4.85568e-06 4.84883e-06 4.84216e-06 4.83564e-06 4.82927e-06 4.82305e-06
          4.81695e-06 4.81098e-06 4.80513e-06 4.79938e-06 4.79374e-06 4.7882e-06 4.78275e-06 4.77738e-06 4.7721e-06 4.76689e-06 4.76176e-06 4.7567e-06
          4.75171e-06 4.74678e-06 4.74191e-06 4.7371e-06 4.73234e-06 4.72764e-06 4.72299e-06 4.71838e-06 4.71382e-06 4.70931e-06 4.70484e-06 4.70041e-06
          4.69601e-06 4.69166e-06 4.68734e-06 4.68306e-06 4.67881e-06 4.67459e-06 4.67041e-06 4.66625e-06 4.66213e-06 4.65803e-06 4.65396e-06 4.64991e-06
          5.93501e-06 5.65817e-06 5.52801e-06 5.44059e-06 5.374e-06 5.32017e-06 5.27509e-06 5.23646e-06 5.2028e-06 5.17308e-06 5.14655e-06 5.12265e-06
          5.10096e-06 5.08112e-06 5.06288e-06 5.04602e-06 5.03034e-06 5.0157e-06 5.00198e-06 4.98906e-06 4.97687e-06 4.96532e-06 4.95434e-06 4.94389e-06
          4.9339e-06 4.92434e-06 4.91517e-06 4.90635e-06 4.89785e-06 4.88965e-06 4.88172e-06 4.87404e-06 4.86659e-06 4.85935e-06 4.85232e-06 4.84547e-06
          4.83879e-06 4.83228e-06 4.82591e-06 4.81969e-06 4.8136e-06 4.80763e-06 4.80178e-06 4.79604e-06 4.7904e-06 4.78486e-06 4.77941e-06 4.77405e-06
          4.76877e-06 4.76357e-06 4.75845e-06 4.75339e-06 4.7484e-06 4.74348e-06 4.73861e-06 4.7338e-06 4.72905e-06 4.72435e-06 4.71971e-06 4.71511e-06
          4.71055e-06 4.70604e-06 4.70158e-06 4.69715e-06 4.69276e-06 4.68842e-06 4.6841e-06 4.67982e-06 4.67558e-06 4.67137e-06 4.66719e-06 4.66304e-06
          4.65892e-06 4.65482e-06 4.65076e-06 4.64672e-06
        </DataArray>
        <DataArray type="Float32" Name="x^CH4_gas" NumberOfComponents="1" format="ascii">
          0.981214 0.981215 0.98107 0.981069 0.981216 0.981067 0.981218 0.981063 0.981221 0.981059 0.981224 0.981054
          0.981229 0.981047 0.981235 0.981043 0.981242 0.981044 0.98125 0.981045 0.981259 0.981048 0.98127 0.981052
          0.981281 0.981057 0.981294 0.981063 0.981308 0.981071 0.981323 0.981081 0.981339 0.981092 0.981356 0.981106
          0.981375 0.981122 0.981394 0.981141 0.981415 0.981161 0.981436 0.981184 0.981457 0.981208 0.98148 0.981234
          0.981503 0.98126 0.981527 0.981288 0.981551 0.981316 0.981575 0.981345 0.981601 0.981375 0.981626 0.981405
          0.981653 0.981437 0.981679 0.981468 0.981707 0.9815 0.981734 0.981533 0.981762 0.981565 0.98179 0.981598
          0.981819 0.981631 0.981848 0.981664 0.981877 0.981698 0.981907 0.981731 0.981936 0.981765 0.981967 0.981799
          0.981997 0.981833 0.982028 0.981868 0.982059 0.981902 0.98209 0.981937 0.982122 0.981972 0.982154 0.982007
          0.982186 0.982042 0.982219 0.982078 0.982251 0.982113 0.982285 0.982149 0.982318 0.982185 0.982352 0.982222
          0.982386 0.982258 0.982421 0.982295 0.982455 0.982332 0.982491 0.98237 0.982526 0.982407 0.982562 0.982446
          0.982599 0.982484 0.982636 0.982523 0.982673 0.982562 0.982711 0.982601 0.982749 0.982641 0.982787 0.982681
          0.982826 0.982722 0.982866 0.982763 0.982906 0.982805 0.982946 0.982847 0.982987 0.982889 0.983028 0.982932
          0.98307 0.982975 0.983113 0.983019 0.983156 0.983064 0.983199 0.983108 0.982385 0.982371 0.982334 0.982271
          0.982191 0.982099 0.981953 0.981807 0.98173 0.981669 0.981606 0.98154 0.981471 0.981399 0.981326 0.981252
          0.981181 0.981114 0.981053 0.981003 0.980964 0.980938 0.980926 0.980924 0.98093 0.980944 0.980963 0.980985
          0.981012 0.981041 0.981074 0.981109 0.981146 0.981184 0.981223 0.981262 0.981302 0.981342 0.981382 0.981423
          0.981463 0.981504 0.981544 0.981585 0.981625 0.981665 0.981706 0.981746 0.981786 0.981827 0.981867 0.981908
          0.981948 0.981989 0.98203 0.982071 0.982112 0.982153 0.982194 0.982236 0.982278 0.98232 0.982362 0.982405
          0.982448 0.982491 0.982534 0.982578 0.982623 0.982667 0.982712 0.982758 0.982804 0.98285 0.982897 0.982944
          0.990166 0.990114 0.98997 0.989713 0.989351 0.988949 0.988272 0.987194 0.986784 0.986538 0.986294 0.986025
          0.985729 0.985404 0.98505 0.984667 0.984257 0.983822 0.983375 0.982936 0.982523 0.982151 0.981839 0.981588
          0.981389 0.981246 0.981139 0.981052 0.980983 0.980932 0.980901 0.980887 0.980888 0.980902 0.980926 0.980957
          0.980993 0.981032 0.981073 0.981116 0.981161 0.981206 0.981252 0.981298 0.981344 0.98139 0.981435 0.981481
          0.981527 0.981572 0.981617 0.981662 0.981707 0.981752 0.981797 0.981842 0.981887 0.981932 0.981977 0.982022
          0.982067 0.982113 0.982158 0.982204 0.98225 0.982296 0.982342 0.982389 0.982436 0.982484 0.982531 0.982579
          0.982628 0.982677 0.982726 0.982776 0.999995 0.999995 0.999995 0.999995 0.999995 0.999995 0.999995 0.998883
          0.997786 0.997371 0.997044 0.996686 0.996275 0.995802 0.99526 0.994637 0.993916 0.993078 0.992113 0.991047
          0.989905 0.988724 0.98759 0.986565 0.985541 0.984659 0.984059 0.983525 0.983016 0.98254 0.982112 0.981753
          0.98147 0.981249 0.981095 0.981004 0.980947 0.980913 0.980899 0.980902 0.980919 0.980948 0.980985 0.981026
          0.981071 0.981118 0.981166 0.981215 0.981265 0.981314 0.981364 0.981413 0.981463 0.981512 0.981561 0.98161
          0.981659 0.981707 0.981756 0.981804 0.981853 0.981902 0.98195 0.981999 0.982048 0.982097 0.982146 0.982196
          0.982246 0.982296 0.982346 0.982397 0.982448 0.982499 0.98255 0.982602 0.999995 0.999995 0.999995 0.999995
          0.999995 0.999995 0.999995 0.999995 0.999995 0.999995 0.999995 0.999995 0.999995 0.999995 0.999995 0.999995
          0.999995 0.999995 0.999995 0.999995 0.999995 0.999995 0.999995 0.999995 0.999995 0.995251 0.993321 0.992127
          0.990972 0.989756 0.988497 0.987265 0.986159 0.985087 0.983895 0.983142 0.982605 0.982155 0.981779 0.981481
          0.981245 0.981082 0.980995 0.980952 0.980935 0.980936 0.980954 0.980985 0.981024 0.981069 0.981117 0.981167
          0.981218 0.98127 0.981322 0.981375 0.981427 0.981479 0.981531 0.981583 0.981635 0.981687 0.981739 0.98179
          0.981842 0.981894 0.981946 0.981999 0.982051 0.982104 0.982157 0.98221 0.982263 0.982317 0.982371 0.982425
          0.999995 0.999995 0.999995 0.999995 0.999995 0.999995 0.999995 0.999995 0.999995 0.999995 0.999995 0.999995
          0.999995 0.999995 0.999995 0.999995 0.999995 0.999995 0.999995 0.999995 0.999995 0.999995 0.999995 0.999995
          0.999995 0.999995 0.999995 0.999995 0.999995 0.999995 0.999995 0.999995 0.999995 0.999995 0.994904 0.991591
          0.989837 0.988467 0.987202 0.986072 0.984934 0.983599 0.982766 0.982232 0.981832 0.98152 0.981268 0.981101
          0.981019 0.980984 0.980975 0.980986 0.981013 0.981052 0.981097 0.981146 0.981198 0.981251 0.981305 0.981359
          0.981414 0.981469 0.981523 0.981578 0.981633 0.981688 0.981742 0.981797 0.981852 0.981907 0.981963 0.982018
          0.982074 0.98213 0.982187 0.982243 0.999995 0.999995 0.999995 0.999995 0.999995 0.999995 0.999995 0.999995
          0.999995 0.999995 0.999995 0.999995 0.999995 0.999995 0.999995 0.999995 0.999995 0.999995 0.999995 0.999995
          0.999995 0.999995 0.999995 0.999995 0.999995 0.999995 0.999995 0.999995 0.999995 0.999995 0.999995 0.999995
          0.999995 0.999995 0.999995 0.999995 0.999995 0.999995 0.999995 0.999995 0.999995 0.994341 0.990547 0.988577
          0.987187 0.986018 0.984766 0.983358 0.982533 0.982029 0.981665 0.981375 0.98117 0.981069 0.981027 0.981016
          0.981027 0.981057 0.981098 0.981146 0.981197 0.981251 0.981307 0.981363 0.98142 0.981477 0.981534 0.981592
          0.981649 0.981707 0.981765 0.981823 0.981881 0.981939 0.981998 0.982057 0.999995 0.999995 0.999995 0.999995
          0.999995 0.999995 0.999995 0.999995 0.999995 0.999995 0.999995 0.999995 0.999995 0.999995 0.999995 0.999995
          0.999995 0.999995 0.999995 0.999995 0.999995 0.999995 0.999995 0.999995 0.999995 0.999995 0.999995 0.999995
          0.999995 0.999995 0.999995 0.999995 0.999995 0.999995 0.999995 0.999995 0.999995 0.999995 0.999995 0.999995
          0.999995 0.999995 0.999995 0.999995 0.999995 0.999995 0.999995 0.993387 0.989596 0.987691 0.986374 0.985089
          0.983527 0.982583 0.982039 0.981661 0.981363 0.981175 0.98109 0.981058 0.981056 0.981077 0.981114 0.981161
          0.981213 0.981268 0.981325 0.981384 0.981443 0.981503 0.981563 0.981623 0.981683 0.981744 0.981805 0.981866
          0.999995 0.999995 0.999995 0.999995 0.999995 0.999995 0.999995 0.999995 0.999995 0.999995 0.999995 0.999995
          0.999995 0.999995 0.999995 0.999995 0.999995 0.999995 0.999995 0.999995 0.999995 0.999995 0.999995 0.999995
          0.999995 0.999995 0.999995 0.999995 0.999995 0.999995 0.999995 0.999995 0.999995 0.999995 0.999995 0.999995
          0.999995 0.999995 0.999995 0.999995 0.999995 0.999995 0.999995 0.999995 0.999995 0.999995 0.999995 0.999995
          0.999995 0.999995 0.999995 0.999995 0.9939 0.989631 0.987547 0.986163 0.984719 0.983187 0.982364 0.981881
          0.981527 0.981272 0.981149 0.9811 0.981089 0.981105 0.981141 0.981189 0.981242 0.981299 0.981359 0.98142
          0.981482 0.981545 0.981607 0.981671 0.999995 0.999995 0.999995 0.999995 0.999995 0.999995 0.999995 0.999995
          0.999995 0.999995 0.999995 0.999995 0.999995 0.999995 0.999995 0.999995 0.999995 0.999995 0.999995 0.999995
          0.999995 0.999995 0.999995 0.999995 0.999995 0.999995 0.999995 0.999995 0.999995 0.999995 0.999995 0.999995
          0.999995 0.999995 0.999995 0.999995 0.999995 0.999995 0.999995 0.999995 0.999995 0.999995 0.999995 0.999995
          0.999995 0.999995 0.999995 0.999995 0.999995 0.999995 0.999995 0.999995 0.999995 0.999995 0.999995 0.999995
          0.999995 0.99239 0.98863 0.986823 0.98539 0.983651 0.98259 0.982015 0.981622 0.981335 0.981191 0.981136
          0.981123 0.98114 0.981178 0.981228 0.981284 0.981345 0.981408 0.981472 0.999995 0.999995 0.999995 0.999995
          0.999995 0.999995 0.999995 0.999995 0.999995 0.999995 0.999995 0.999995 0.999995 0.999995 0.999995 0.999995
          0.999995 0.999995 0.999995 0.999995 0.999995 0.999995 0.999995 0.999995 0.999995 0.999995 0.999995 0.999995
          0.999995 0.999995 0.999995 0.999995 0.999995 0.999995 0.999995 0.999995 0.999995 0.999995 0.999995 0.999995
          0.999995 0.999995 0.999995 0.999995 0.999995 0.999995 0.999995 0.999995 0.999995 0.999995 0.999995 0.999995
          0.999995 0.999995 0.999995 0.999995 0.999995 0.999995 0.999995 0.999995 0.999995 0.995252 0.989392 0.987169
          0.985657 0.983936 0.982674 0.982053 0.981647 0.981358 0.981217 0.981167 0.98116 0.981183 0.981227 0.981281
          0.999995 0.999995 0.999995 0.999995 0.999995 0.999995 0.999995 0.999995 0.999995 0.999995 0.999995 0.999995
          0.999995 0.999995 0.999995 0.999995 0.999995 0.999995 0.999995 0.999995 0.999995 0.999995 0.999995 0.999995
          0.999995 0.999995 0.999995 0.999995 0.999995 0.999995 0.999995 0.999995 0.999995 0.999995 0.999995 0.999995
          0.999995 0.999995 0.999995 0.999995 0.999995 0.999995 0.999995 0.999995 0.999995 0.999995 0.999995 0.999995
          0.999995 0.999995 0.999995 0.999995 0.999995 0.999995 0.999995 0.999995 0.999995 0.999995 0.999995 0.999995
          0.999995 0.999995 0.999995 0.999995 0.999995 0.999995 0.989945 0.987207 0.985623 0.983899 0.982616 0.982009
          0.981619 0.981354 0.981236 0.981201 0.999995 0.999995 0.999995 0.999995 0.999995 0.999995 0.999995 0.999995
          0.999995 0.999995 0.999995 0.999995 0.999995 0.999995 0.999995 0.999995 0.999995 0.999995 0.999995 0.999995
          0.999995 0.999995 0.999995 0.999995 0.999995 0.999995 0.999995 0.999995 0.999995 0.999995 0.999995 0.999995
          0.999995 0.999995 0.999995 0.999995 0.999995 0.999995 0.999995 0.999995 0.999995 0.999995 0.999995 0.999995
          0.999995 0.999995 0.999995 0.999995 0.999995 0.999995 0.999995 0.999995 0.999995 0.999995 0.999995 0.999995
          0.999995 0.999995 0.999995 0.999995 0.999995 0.999995 0.999995 0.999995 0.999995 0.999995 0.999995 0.999995
          0.999995 0.999995 0.989767 0.986962 0.98536 0.983633 0.982463 0.981922 0.999995 0.999995 0.999995 0.999995
          0.999995 0.999995 0.999995 0.999995 0.999995 0.999995 0.999995 0.999995 0.999995 0.999995 0.999995 0.999995
          0.999995 0.999995 0.999995 0.999995 0.999995 0.999995 0.999995 0.999995 0.999995 0.999995 0.999995 0.999995
          0.999995 0.999995 0.999995 0.999995 0.999995 0.999995 0.999995 0.999995 0.999995 0.999995 0.999995 0.999995
          0.999995 0.999995 0.999995 0.999995 0.999995 0.999995 0.999995 0.999995 0.999995 0.999995 0.999995 0.999995
          0.999995 0.999995 0.999995 0.999995 0.999995 0.999995 0.999995 0.999995 0.999995 0.999995 0.999995 0.999995
          0.999995 0.999995 0.999995 0.999995 0.999995 0.999995 0.999995 0.999995 0.999995 0.999995 0.989108 0.986538
          0.999995 0.999995 0.999995 0.999995 0.999995 0.999995 0.999995 0.999995 0.999995 0.999995 0.999995 0.999995
          0.999995 0.999995 0.999995 0.999995 0.999995 0.999995 0.999995 0.999995 0.999995 0.999995 0.999995 0.999995
          0.999995 0.999995 0.999995 0.999995 0.999995 0.999995 0.999995 0.999995 0.999995 0.999995 0.999995 0.999995
          0.999995 0.999995 0.999995 0.999995 0.999995 0.999995 0.999995 0.999995 0.999995 0.999995 0.999995 0.999995
          0.999995 0.999995 0.999995 0.999995 0.999995 0.999995 0.999995 0.999995 0.999995 0.999995 0.999995 0.999995
          0.999995 0.999995 0.999995 0.999995 0.999995 0.999995 0.999995 0.999995 0.999995 0.999995 0.999995 0.999995
          0.999995 0.999995 0.999995 0.999995 0.999995 0.999995 0.999995 0.999995 0.999995 0.999995 0.999995 0.999995
          0.999995 0.999995 0.999995 0.999995 0.999995 0.999995 0.999995 0.999995 0.999995 0.999995 0.999995 0.999995
          0.999995 0.999995 0.999995 0.999995 0.999995 0.999995 0.999995 0.999995 0.999995 0.999995 0.999995 0.999995
          0.999995 0.999995 0.999995 0.999995 0.999995 0.999995 0.999995 0.999995 0.999995 0.999995 0.999995 0.999995
          0.999995 0.999995 0.999995 0.999995 0.999995 0.999995 0.999995 0.999995 0.999995 0.999995 0.999995 0.999995
          0.999995 0.999995 0.999995 0.999995 0.999995 0.999995 0.999995 0.999995 0.999995 0.999995 0.999995 0.999995
          0.999995 0.999995 0.999995 0.999995 0.999995 0.999995 0.999995 0.999995 0.999995 0.999995 0.999995 0.999995
          0.999995 0.999995 0.999995 0.999995 0.999995 0.999995 0.999995 0.999995 0.999995 0.999995 0.999995 0.999995
          0.999995 0.999995 0.999995 0.999995 0.999995 0.999995 0.999995 0.999995 0.999995 0.999995 0.999995 0.999995
          0.999995 0.999995 0.999995 0.999995 0.999995 0.999995 0.999995 0.999995 0.999995 0.999995 0.999995 0.999995
          0.999995 0.999995 0.999995 0.999995 0.999995 0.999995 0.999995 0.999995 0.999995 0.999995 0.999995 0.999995
          0.999995 0.999995 0.999995 0.999995 0.999995 0.999995 0.999995 0.999995 0.999995 0.999995 0.999995 0.999995
          0.999995 0.999995 0.999995 0.999995 0.999995 0.999995 0.999995 0.999995 0.999995 0.999995 0.999995 0.999995
          0.999995 0.999995 0.999995 0.999995 0.999995 0.999995 0.999995 0.999995 0.999995 0.999995 0.999995 0.999995
          0.999995 0.999995 0.999995 0.999995 0.999995 0.999995 0.999995 0.999995 0.999995 0.999995 0.999995 0.999995
          0.999995 0.999995 0.999995 0.999995 0.999995 0.999995 0.999995 0.999995 0.999995 0.999995 0.999995 0.999995
          0.999995 0.999995 0.999995 0.999995 0.999995 0.999995 0.999995 0.999995 0.999995 0.999995 0.999995 0.999995
          0.999995 0.999995 0.999995 0.999995 0.999995 0.999995 0.999995 0.999995 0.999995 0.999995 0.999995 0.999995
          0.999995 0.999995 0.999995 0.999995 0.999995 0.999995 0.999995 0.999995 0.999995 0.999995 0.999995 0.999995
          0.999995 0.999995 0.999995 0.999995 0.999995 0.999995 0.999995 0.999995 0.999995 0.999995 0.999995 0.999995
          0.999995 0.999995 0.999995 0.999995 0.999995 0.999995 0.999995 0.999995 0.999995 0.999995 0.999995 0.999995
          0.999995 0.999995 0.999995 0.999995 0.999995 0.999995 0.999995 0.999995 0.999995 0.999995 0.999995 0.999995
          0.999995 0.999995 0.999995 0.999995 0.999995 0.999995 0.999995 0.999995 0.999995 0.999995 0.999995 0.999995
          0.999995 0.999995 0.999995 0.999995 0.999995 0.999995 0.999995 0.999995 0.999995 0.999995 0.999995 0.999995
          0.999995 0.999995 0.999995 0.999995 0.999995 0.999995 0.999995 0.999995 0.999995 0.999995 0.999995 0.999995
          0.999995 0.999995 0.999995 0.999995 0.999995 0.999995 0.999995 0.999995 0.999995 0.999995 0.999995 0.999995
          0.999995 0.999995 0.999995 0.999995 0.999995 0.999995 0.999995 0.999995 0.999995 0.999995 0.999995 0.999995
          0.999995 0.999995 0.999995 0.999995 0.999995 0.999995 0.999995 0.999995 0.999995 0.999995 0.999995 0.999995
          0.999995 0.999995 0.999995 0.999995 0.999995 0.999995 0.999995 0.999995 0.999995 0.999995 0.999995 0.999995
          0.999995 0.999995 0.999995 0.999995 0.999995 0.999995 0.999995 0.999995 0.999995 0.999995 0.999995 0.999995
          0.999995 0.999995 0.999995 0.999995 0.999995 0.999995 0.999995 0.999995 0.999995 0.999995 0.999995 0.999995
          0.999995 0.999995 0.999995 0.999995 0.999995 0.999995 0.999995 0.999995 0.999995 0.999995 0.999995 0.999995
          0.999995 0.999995 0.999995 0.999995 0.999995 0.999995 0.999995 0.999995 0.999995 0.999995 0.999995 0.999995
          0.999995 0.999995 0.999995 0.999995 0.999995 0.999995 0.999995 0.999995 0.999995 0.999995 0.999995 0.999995
          0.999995 0.999995 0.999995 0.999995 0.999995 0.999995 0.999995 0.999995 0.999995 0.999995 0.999995 0.999995
          0.999995 0.999995 0.999995 0.999995 0.999995 0.999995 0.999995 0.999995 0.999995 0.999995 0.999995 0.999995
          0.999995 0.999995 0.999995 0.999995 0.999995 0.999995 0.999995 0.999995 0.999995 0.999995 0.999995 0.999995
          0.999995 0.999995 0.999995 0.999995 0.999995 0.999995 0.999995 0.999995 0.999995 0.999995 0.999995 0.999995
          0.999995 0.999995 0.999995 0.999995 0.999995 0.999995 0.999995 0.999995 0.999995 0.999995 0.999995 0.999995
          0.999995 0.999995 0.999995 0.999995 0.999995 0.999995 0.999995 0.999995 0.999995 0.999995 0.999995 0.999995
          0.999995 0.999995 0.999995 0.999995 0.999995 0.999995 0.999995 0.999995 0.999995 0.999995 0.999995 0.999995
          0.999995 0.999995 0.999995 0.999995 0.999995 0.999995 0.999995 0.999995 0.999995 0.999995 0.999995 0.999995
          0.999995 0.999995 0.999995 0.999995 0.999995 0.999995 0.999995 0.999995 0.999995 0.999995 0.999995 0.999995
          0.999995 0.999995 0.999995 0.999995 0.999995 0.999995 0.999995 0.999995 0.999995 0.999995 0.999995 0.999995
          0.999995 0.999995 0.999995 0.999995 0.999995 0.999995 0.999995 0.999995 0.999995 0.999995 0.999995 0.999995
          0.999995 0.999995 0.999995 0.999995 0.999995 0.999995 0.999995 0.999995 0.999995 0.999995 0.999995 0.999995
          0.999995 0.999995 0.999995 0.999995 0.999995 0.999995 0.999995 0.999995 0.999995 0.999995 0.999995 0.999995
          0.999995 0.999995 0.999995 0.999995 0.999995 0.999995 0.999995 0.999995 0.999995 0.999995 0.999995 0.999995
          0.999995 0.999995 0.999995 0.999995 0.999995 0.999995 0.999995 0.999995 0.999995 0.999995 0.999995 0.999995
          0.999995 0.999995 0.999995 0.999995 0.999995 0.999995 0.999995 0.999995 0.999995 0.999995 0.999995 0.999995
          0.999995 0.999995 0.999995 0.999995 0.999995 0.999995 0.999995 0.999995 0.999995 0.999995 0.999995 0.999995
          0.999995 0.999995 0.999995 0.999995 0.999995 0.999995 0.999995 0.999995 0.999995 0.999995 0.999995 0.999995
          0.999995 0.999995 0.999995 0.999995 0.999995 0.999995 0.999995 0.999995 0.999995 0.999995 0.999995 0.999995
          0.999995 0.999995 0.999995 0.999995 0.999995 0.999995 0.999995 0.999995 0.999995 0.999995 0.999995 0.999995
          0.999995 0.999995 0.999995 0.999995 0.999995 0.999995 0.999995 0.999995 0.999995 0.999995 0.999995 0.999995
          0.999995 0.999995 0.999995 0.999995 0.999995 0.999995 0.999995 0.999995 0.999995 0.999995 0.999995 0.999995
          0.999995 0.999995 0.999995 0.999995 0.999995 0.999995 0.999995 0.999995 0.999995 0.999995 0.999995 0.999995
          0.999995 0.999995 0.999995 0.999995 0.999994 0.999995 0.999995 0.999995 0.999995 0.999995 0.999995 0.999995
          0.999995 0.999995 0.999995 0.999995 0.999995 0.999995 0.999995 0.999995 0.999995 0.999995 0.999995 0.999995
          0.999995 0.999995 0.999995 0.999995 0.999995 0.999995 0.999995 0.999995 0.999995 0.999995 0.999995 0.999995
          0.999995 0.999995 0.999995 0.999995 0.999995 0.999995 0.999995 0.999995 0.999995 0.999995 0.999995 0.999995
          0.999995 0.999995 0.999995 0.999995 0.999995 0.999995 0.999995 0.999995 0.999995 0.999995 0.999995 0.999995
          0.999995 0.999995 0.999995 0.999995 0.999995 0.999995 0.999995 0.999995 0.999995 0.999995 0.999995 0.999995
          0.999995 0.999995 0.999995 0.999995 0.999995 0.999995 0.999995 0.999995 0.999994 0.999994 0.999995 0.999995
          0.999995 0.999995 0.999995 0.999995 0.999995 0.999995 0.999995 0.999995 0.999995 0.999995 0.999995 0.999995
          0.999995 0.999995 0.999995 0.999995 0.999995 0.999995 0.999995 0.999995 0.999995 0.999995 0.999995 0.999995
          0.999995 0.999995 0.999995 0.999995 0.999995 0.999995 0.999995 0.999995 0.999995 0.999995 0.999995 0.999995
          0.999995 0.999995 0.999995 0.999995 0.999995 0.999995 0.999995 0.999995 0.999995 0.999995 0.999995 0.999995
          0.999995 0.999995 0.999995 0.999995 0.999995 0.999995 0.999995 0.999995 0.999995 0.999995 0.999995 0.999995
          0.999995 0.999995 0.999995 0.999995 0.999995 0.999995 0.999995 0.999995 0.999995 0.999995 0.999995 0.999995
          0.999994 0.999994 0.999995 0.999995 0.999995 0.999995 0.999995 0.999995 0.999995 0.999995 0.999995 0.999995
          0.999995 0.999995 0.999995 0.999995 0.999995 0.999995 0.999995 0.999995 0.999995 0.999995 0.999995 0.999995
          0.999995 0.999995 0.999995 0.999995 0.999995 0.999995 0.999995 0.999995 0.999995 0.999995 0.999995 0.999995
          0.999995 0.999995 0.999995 0.999995 0.999995 0.999995 0.999995 0.999995 0.999995 0.999995 0.999995 0.999995
          0.999995 0.999995 0.999995 0.999995 0.999995 0.999995 0.999995 0.999995 0.999995 0.999995 0.999995 0.999995
          0.999995 0.999995 0.999995 0.999995 0.999995 0.999995 0.999995 0.999995 0.999995 0.999995 0.999995 0.999995
          0.999995 0.999995 0.999995 0.999995 0.999994 0.999994 0.999994 0.999995 0.999995 0.999995 0.999995 0.999995
          0.999995 0.999995 0.999995 0.999995 0.999995 0.999995 0.999995 0.999995 0.999995 0.999995 0.999995 0.999995
          0.999995 0.999995 0.999995 0.999995 0.999995 0.999995 0.999995 0.999995 0.999995 0.999995 0.999995 0.999995
          0.999995 0.999995 0.999995 0.999995 0.999995 0.999995 0.999995 0.999995 0.999995 0.999995 0.999995 0.999995
          0.999995 0.999995 0.999995 0.999995 0.999995 0.999995 0.999995 0.999995 0.999995 0.999995 0.999995 0.999995
          0.999995 0.999995 0.999995 0.999995 0.999995 0.999995 0.999995 0.999995 0.999995 0.999995 0.999995 0.999995
          0.999995 0.999995 0.999995 0.999995 0.999995 0.999995 0.999995 0.999995 0.999994 0.999994 0.999994 0.999995
          0.999995 0.999995 0.999995 0.999995 0.999995 0.999995 0.999995 0.999995 0.999995 0.999995 0.999995 0.999995
          0.999995 0.999995 0.999995 0.999995 0.999995 0.999995 0.999995 0.999995 0.999995 0.999995 0.999995 0.999995
          0.999995 0.999995 0.999995 0.999995 0.999995 0.999995 0.999995 0.999995 0.999995 0.999995 0.999995 0.999995
          0.999995 0.999995 0.999995 0.999995 0.999995 0.999995 0.999995 0.999995 0.999995 0.999995 0.999995 0.999995
          0.999995 0.999995 0.999995 0.999995 0.999995 0.999995 0.999995 0.999995 0.999995 0.999995 0.999995 0.999995
          0.999995 0.999995 0.999995 0.999995 0.999995 0.999995 0.999995 0.999995 0.999995 0.999995 0.999995 0.999995
          0.999994 0.999994 0.999994 0.999995 0.999995 0.999995 0.999995 0.999995 0.999995 0.999995 0.999995 0.999995
          0.999995 0.999995 0.999995 0.999995 0.999995 0.999995 0.999995 0.999995 0.999995 0.999995 0.999995 0.999995
          0.999995 0.999995 0.999995 0.999995 0.999995 0.999995 0.999995 0.999995 0.999995 0.999995 0.999995 0.999995
          0.999995 0.999995 0.999995 0.999995 0.999995 0.999995 0.999995 0.999995 0.999995 0.999995 0.999995 0.999995
          0.999995 0.999995 0.999995 0.999995 0.999995 0.999995 0.999995 0.999995 0.999995 0.999995 0.999995 0.999995
          0.999995 0.999995 0.999995 0.999995 0.999995 0.999995 0.999995 0.999995 0.999995 0.999995 0.999995 0.999995
          0.999995 0.999995 0.999995 0.999995
        </DataArray>
        <DataArray type="Float32" Name="x^H2_gas" NumberOfComponents="1" format="ascii">
          0 0 0 0 0 0 0 0 0 0 0 0
          0 0 0 0 0 0 0 0 0 0 0 0
          0 0 0 0 0 0 0 0 0 0 0 0
          0 0 0 0 0 0 0 0 0 0 0 0
          0 0 0 0 0 0 0 0 0 0 0 0
          0 0 0 0 0 0 0 0 0 0 0 0
          0 0 0 0 0 0 0 0 0 0 0 0
          0 0 0 0 0 0 0 0 0 0 0 0
          0 0 0 0 0 0 0 0 0 0 0 0
          0 0 0 0 0 0 0 0 0 0 0 0
          0 0 0 0 0 0 0 0 0 0 0 0
          0 0 0 0 0 0 0 0 0 0 0 0
          0 0 0 0 0 0 0 0 0 0 0 0
          0 0 0 0 0 0 0 0 0 0 0 0
          0 0 0 0 0 0 0 0 0 0 0 0
          0 0 0 0 0 0 0 0 0 0 0 0
          0 0 0 0 0 0 0 0 0 0 0 0
          0 0 0 0 0 0 0 0 0 0 0 0
          0 0 0 0 0 0 0 0 0 0 0 0
          0 0 0 0 0 0 0 0 0 0 0 0
          0 0 0 0 0 0 0 0 0 0 0 0
          0 0 0 0 0 0 0 0 0 0 0 0
          0 0 0 0 0 0 0 0 0 0 0 0
          0 0 0 0 0 0 0 0 0 0 0 0
          0 0 0 0 0 0 0 0 0 0 0 0
          0 0 0 0 0 0 0 0 0 0 0 0
          0 0 0 0 0 0 0 0 0 0 0 0
          0 0 0 0 0 0 0 0 0 0 0 0
          0 0 0 0 0 0 0 0 0 0 0 0
          0 0 0 0 0 0 0 0 0 0 0 0
          0 0 0 0 0 0 0 0 0 0 0 0
          0 0 0 0 0 0 0 0 0 0 0 0
          0 0 0 0 0 0 0 0 0 0 0 0
          0 0 0 0 0 0 0 0 0 0 0 0
          0 0 0 0 0 0 0 0 0 0 0 0
          0 0 0 0 0 0 0 0 0 0 0 0
          0 0 0 0 0 0 0 0 0 0 0 0
          0 0 0 0 0 0 0 0 0 0 0 0
          0 0 0 0 0 0 0 0 0 0 0 0
          0 0 0 0 0 0 0 0 0 0 0 0
          0 0 0 0 0 0 0 0 0 0 0 0
          0 0 0 0 0 0 0 0 0 0 0 0
          0 0 0 0 0 0 0 0 0 0 0 0
          0 0 0 0 0 0 0 0 0 0 0 0
          0 0 0 0 0 0 0 0 0 0 0 0
          0 0 0 0 0 0 0 0 0 0 0 0
          0 0 0 0 0 0 0 0 0 0 0 0
          0 0 0 0 0 0 0 0 0 0 0 0
          0 0 0 0 0 0 0 0 0 0 0 0
          0 0 0 0 0 0 0 0 0 0 0 0
          0 0 0 0 0 0 0 0 0 0 0 0
          0 0 0 0 0 0 0 0 0 0 0 0
          0 0 0 0 0 0 0 0 0 0 0 0
          0 0 0 0 0 0 0 0 0 0 0 0
          0 0 0 0 0 0 0 0 0 0 0 0
          0 0 0 0 0 0 0 0 0 0 0 0
          0 0 0 0 0 0 0 0 0 0 0 0
          0 0 0 0 0 0 0 0 0 0 0 0
          0 0 0 0 0 0 0 0 0 0 0 0
          0 0 0 0 0 0 0 0 0 0 0 0
          0 0 0 0 0 0 0 0 0 0 0 0
          0 0 0 0 0 0 0 0 0 0 0 0
          0 0 0 0 0 0 0 0 0 0 0 0
          0 0 0 0 0 0 0 0 0 0 0 0
          0 0 0 0 0 0 0 0 0 0 0 0
          0 0 0 0 0 0 0 0 0 0 0 0
          0 0 0 0 0 0 0 0 0 0 0 0
          0 0 0 0 0 0 0 0 0 0 0 0
          0 0 0 0 0 0 0 0 0 0 0 0
          0 0 0 0 0 0 0 0 0 0 0 0
          0 0 0 0 0 0 0 0 0 0 0 0
          0 0 0 0 0 0 0 0 0 0 0 0
          0 0 0 0 0 0 0 0 0 0 0 0
          0 0 0 0 0 0 0 0 0 0 0 0
          0 0 0 0 0 0 0 0 0 0 0 0
          0 0 0 0 0 0 0 0 0 0 0 0
          0 0 0 0 0 0 0 0 0 0 0 0
          0 0 0 0 0 0 0 0 0 0 0 0
          0 0 0 0 0 0 0 0 0 0 0 0
          0 0 0 0 0 0 0 0 0 0 0 0
          0 0 0 0 0 0 0 0 0 0 0 0
          0 0 0 0 0 0 0 0 0 0 0 0
          0 0 0 0 0 0 0 0 0 0 0 0
          0 0 0 0 0 0 0 0 0 0 0 0
          0 0 0 0 0 0 0 0 0 0 0 0
          0 0 0 0 0 0 0 0 0 0 0 0
          0 0 0 0 0 0 0 0 0 0 0 0
          0 0 0 0 0 0 0 0 0 0 0 0
          0 0 0 0 0 0 0 0 0 0 0 0
          0 0 0 0 0 0 0 0 0 0 0 0
          0 0 0 0 0 0 0 0 0 0 0 0
          0 0 0 0 0 0 0 0 0 0 0 0
          0 0 0 0 0 0 0 0 0 0 0 0
          0 0 0 0 0 0 0 0 0 0 0 0
          0 0 0 0 0 0 0 0 0 0 0 0
          0 0 0 0 0 0 0 0 0 0 0 0
          0 0 0 0 0 0 0 0 0 0 0 0
          0 0 0 0 0 0 0 0 0 0 0 0
          0 0 0 0 0 0 0 0 0 0 0 0
          0 0 0 0 0 0 0 0 0 0 0 0
          0 0 0 0 0 0 0 0 0 0 0 0
          0 0 0 0 0 0 0 0 0 0 0 0
          0 0 0 0 0 0 0 0 0 0 0 0
          0 0 0 0 0 0 0 0 0 0 0 0
          0 0 0 0 0 0 0 0 0 0 0 0
          0 0 0 0 0 0 0 0 0 0 0 0
          0 0 0 0 0 0 0 0 0 0 0 0
          0 0 0 0 0 0 0 0 0 0 0 0
          0 0 0 0 0 0 0 0 0 0 0 0
          0 0 0 0 0 0 0 0 0 0 0 0
          0 0 0 0 0 0 0 0 0 0 0 0
          0 0 0 0 0 0 0 0 0 0 0 0
          0 0 0 0 0 0 0 0 0 0 0 0
          0 0 0 0 0 0 0 0 0 0 0 0
          0 0 0 0 0 0 0 0 0 0 0 0
          0 0 0 0 0 0 0 0 0 0 0 0
          0 0 0 0 0 0 0 0 0 0 0 0
          0 0 0 0 0 0 0 0 0 0 0 0
          0 0 0 0 0 0 0 0 0 0 0 0
          0 0 0 0 0 0 0 0 0 0 0 0
          0 0 0 0 0 0 0 0 0 0 0 0
          0 0 0 0 0 0 0 0 0 0 0 0
          0 0 0 0 0 0 0 0 0 0 0 0
          0 0 0 0 0 0 0 0 0 0 0 0
          0 0 0 0 0 0 0 0 0 0 0 0
          0 0 0 0 0 0 0 0 0 0 0 0
          0 0 0 0 0 0 0 0 0 0 0 0
          0 0 0 0 0 0 0 0 0 0 0 0
          0 0 0 0 0 0 0 0 0 0 0 0
          0 0 0 0 0 0 0 0 0 0 0 0
          0 0 0 0 0 0 0 0 0 0 0 0
          0 0 0 0 0 0 0 0 0 0 0 0
          0 0 0 0 0 0 0 0 0 0 0 0
          0 0 0 0 0 0 0 0 0 0 0 0
          0 0 0 0 0 0 0 0 0 0 0 0
          0 0 0 0 0 0 0 0 0 0 0 0
          0 0 0 0 0 0 0 0 0 0 0 0
          0 0 0 0 0 0 0 0 0 0 0 0
          0 0 0 0 0 0 0 0 0 0 0 0
          0 0 0 0 0 0 0 0 0 0 0 0
          0 0 0 0 0 0 0 0 0 0 0 0
          0 0 0 0 0 0 0 0 0 0 0 0
          0 0 0 0 0 0 0 0 0 0 0 0
          0 0 0 0 0 0 0 0 0 0 0 0
          0 0 0 0 0 0 0 0 0 0 0 0
          0 0 0 0 0 0 0 0 0 0 0 0
          0 0 0 0 0 0 0 0 0 0 0 0
          0 0 0 0 0 0 0 0 0 0 0 0
          0 0 0 0 0 0 0 0 0 0 0 0
          0 0 0 0 0 0 0 0 0 0 0 0
          0 0 0 0 0 0 0 0 0 0 0 0
          0 0 0 0 0 0 0 0 0 0 0 0
          0 0 0 0 0 0 0 0 0 0 0 0
          0 0 0 0 0 0 0 0 0 0 0 0
          0 0 0 0 0 0 0 0 0 0 0 0
          0 0 0 0 0 0 0 0 0 0 0 0
          0 0 0 0 0 0 0 0 0 0 0 0
          0 0 0 0 0 0 0 0 0 0 0 0
          0 0 0 0 0 0 0 0 0 0 0 0
          0 0 0 0 0 0 0 0 0 0 0 0
          0 0 0 0 0 0 0 0 0 0 0 0
          0 0 0 0 0 0 0 0 0 0 0 0
          0 0 0 0 0 0 0 0 0 0 0 0
          0 0 0 0 0 0 0 0 0 0 0 0
          0 0 0 0 0 0 0 0 0 0 0 0
          0 0 0 0 0 0 0 0 0 0 0 0
          0 0 0 0 0 0 0 0 0 0 0 0
          0 0 0 0 0 0 0 0 0 0 0 0
          0 0 0 0 0 0 0 0 0 0 0 0
          0 0 0 0 0 0 0 0 0 0 0 0
          0 0 0 0 0 0 0 0 0 0 0 0
          0 0 0 0 0 0 0 0 0 0 0 0
          0 0 0 0 0 0 0 0 0 0 0 0
          0 0 0 0 0 0 0 0 0 0 0 0
          0 0 0 0 0 0 0 0 0 0 0 0
          0 0 0 0 0 0 0 0 0 0 0 0
          0 0 0 0 0 0 0 0 0 0 0 0
          0 0 0 0 0 0 0 0 0 0 0 0
          0 0 0 0 0 0 0 0 0 0 0 0
          0 0 0 0 0 0 0 0 0 0 0 0
          0 0 0 0 0 0 0 0 0 0 0 0
          0 0 0 0 0 0 0 0 0 0 0 0
          0 0 0 0 0 0 0 0 0 0 0 0
          0 0 0 0 0 0 0 0 0 0 0 0
          0 0 0 0 0 0 0 0 0 0 0 0
          0 0 0 0 0 0 0 0 0 0 0 0
          0 0 0 0 0 0 0 0 0 0 0 0
          0 0 0 0 0 0 0 0 0 0 0 0
          0 0 0 0 0 0 0 0 0 0 0 0
          0 0 0 0 0 0 0 0 0 0 0 0
          0 0 0 0 0 0 0 0 0 0 0 0
          0 0 0 0 0 0 0 0 0 0 0 0
          0 0 0 0 0 0 0 0 0 0 0 0
          0 0 0 0 0 0 0 0 0 0 0 0
          0 0 0 0 0 0 0 0 0 0 0 0
          0 0 0 0 0 0 0 0 0 0 0 0
          0 0 0 0
        </DataArray>
        <DataArray type="Float32" Name="x^CO2_gas" NumberOfComponents="1" format="ascii">
          0 0 0 0 0 0 0 0 0 0 0 0
          0 0 0 0 0 0 0 0 0 0 0 0
          0 0 0 0 0 0 0 0 0 0 0 0
          0 0 0 0 0 0 0 0 0 0 0 0
          0 0 0 0 0 0 0 0 0 0 0 0
          0 0 0 0 0 0 0 0 0 0 0 0
          0 0 0 0 0 0 0 0 0 0 0 0
          0 0 0 0 0 0 0 0 0 0 0 0
          0 0 0 0 0 0 0 0 0 0 0 0
          0 0 0 0 0 0 0 0 0 0 0 0
          0 0 0 0 0 0 0 0 0 0 0 0
          0 0 0 0 0 0 0 0 0 0 0 0
          0 0 0 0 0 0 0 0 0 0 0 0
          0 0 0 0 0 0 0 0 0 0 0 0
          0 0 0 0 0 0 0 0 0 0 0 0
          0 0 0 0 0 0 0 0 0 0 0 0
          0 0 0 0 0 0 0 0 0 0 0 0
          0 0 0 0 0 0 0 0 0 0 0 0
          0 0 0 0 0 0 0 0 0 0 0 0
          0 0 0 0 0 0 0 0 0 0 0 0
          0 0 0 0 0 0 0 0 0 0 0 0
          0 0 0 0 0 0 0 0 0 0 0 0
          0 0 0 0 0 0 0 0 0 0 0 0
          0 0 0 0 0 0 0 0 0 0 0 0
          0 0 0 0 0 0 0 0 0 0 0 0
          0 0 0 0 0 0 0 0 0 0 0 0
          0 0 0 0 0 0 0 0 0 0 0 0
          0 0 0 0 0 0 0 0 0 0 0 0
          0 0 0 0 0 0 0 0 0 0 0 0
          0 0 0 0 0 0 0 0 0 0 0 0
          0 0 0 0 0 0 0 0 0 0 0 0
          0 0 0 0 0 0 0 0 0 0 0 0
          0 0 0 0 0 0 0 0 0 0 0 0
          0 0 0 0 0 0 0 0 0 0 0 0
          0 0 0 0 0 0 0 0 0 0 0 0
          0 0 0 0 0 0 0 0 0 0 0 0
          0 0 0 0 0 0 0 0 0 0 0 0
          0 0 0 0 0 0 0 0 0 0 0 0
          0 0 0 0 0 0 0 0 0 0 0 0
          0 0 0 0 0 0 0 0 0 0 0 0
          0 0 0 0 0 0 0 0 0 0 0 0
          0 0 0 0 0 0 0 0 0 0 0 0
          0 0 0 0 0 0 0 0 0 0 0 0
          0 0 0 0 0 0 0 0 0 0 0 0
          0 0 0 0 0 0 0 0 0 0 0 0
          0 0 0 0 0 0 0 0 0 0 0 0
          0 0 0 0 0 0 0 0 0 0 0 0
          0 0 0 0 0 0 0 0 0 0 0 0
          0 0 0 0 0 0 0 0 0 0 0 0
          0 0 0 0 0 0 0 0 0 0 0 0
          0 0 0 0 0 0 0 0 0 0 0 0
          0 0 0 0 0 0 0 0 0 0 0 0
          0 0 0 0 0 0 0 0 0 0 0 0
          0 0 0 0 0 0 0 0 0 0 0 0
          0 0 0 0 0 0 0 0 0 0 0 0
          0 0 0 0 0 0 0 0 0 0 0 0
          0 0 0 0 0 0 0 0 0 0 0 0
          0 0 0 0 0 0 0 0 0 0 0 0
          0 0 0 0 0 0 0 0 0 0 0 0
          0 0 0 0 0 0 0 0 0 0 0 0
          0 0 0 0 0 0 0 0 0 0 0 0
          0 0 0 0 0 0 0 0 0 0 0 0
          0 0 0 0 0 0 0 0 0 0 0 0
          0 0 0 0 0 0 0 0 0 0 0 0
          0 0 0 0 0 0 0 0 0 0 0 0
          0 0 0 0 0 0 0 0 0 0 0 0
          0 0 0 0 0 0 0 0 0 0 0 0
          0 0 0 0 0 0 0 0 0 0 0 0
          0 0 0 0 0 0 0 0 0 0 0 0
          0 0 0 0 0 0 0 0 0 0 0 0
          0 0 0 0 0 0 0 0 0 0 0 0
          0 0 0 0 0 0 0 0 0 0 0 0
          0 0 0 0 0 0 0 0 0 0 0 0
          0 0 0 0 0 0 0 0 0 0 0 0
          0 0 0 0 0 0 0 0 0 0 0 0
          0 0 0 0 0 0 0 0 0 0 0 0
          0 0 0 0 0 0 0 0 0 0 0 0
          0 0 0 0 0 0 0 0 0 0 0 0
          0 0 0 0 0 0 0 0 0 0 0 0
          0 0 0 0 0 0 0 0 0 0 0 0
          0 0 0 0 0 0 0 0 0 0 0 0
          0 0 0 0 0 0 0 0 0 0 0 0
          0 0 0 0 0 0 0 0 0 0 0 0
          0 0 0 0 0 0 0 0 0 0 0 0
          0 0 0 0 0 0 0 0 0 0 0 0
          0 0 0 0 0 0 0 0 0 0 0 0
          0 0 0 0 0 0 0 0 0 0 0 0
          0 0 0 0 0 0 0 0 0 0 0 0
          0 0 0 0 0 0 0 0 0 0 0 0
          0 0 0 0 0 0 0 0 0 0 0 0
          0 0 0 0 0 0 0 0 0 0 0 0
          0 0 0 0 0 0 0 0 0 0 0 0
          0 0 0 0 0 0 0 0 0 0 0 0
          0 0 0 0 0 0 0 0 0 0 0 0
          0 0 0 0 0 0 0 0 0 0 0 0
          0 0 0 0 0 0 0 0 0 0 0 0
          0 0 0 0 0 0 0 0 0 0 0 0
          0 0 0 0 0 0 0 0 0 0 0 0
          0 0 0 0 0 0 0 0 0 0 0 0
          0 0 0 0 0 0 0 0 0 0 0 0
          0 0 0 0 0 0 0 0 0 0 0 0
          0 0 0 0 0 0 0 0 0 0 0 0
          0 0 0 0 0 0 0 0 0 0 0 0
          0 0 0 0 0 0 0 0 0 0 0 0
          0 0 0 0 0 0 0 0 0 0 0 0
          0 0 0 0 0 0 0 0 0 0 0 0
          0 0 0 0 0 0 0 0 0 0 0 0
          0 0 0 0 0 0 0 0 0 0 0 0
          0 0 0 0 0 0 0 0 0 0 0 0
          0 0 0 0 0 0 0 0 0 0 0 0
          0 0 0 0 0 0 0 0 0 0 0 0
          0 0 0 0 0 0 0 0 0 0 0 0
          0 0 0 0 0 0 0 0 0 0 0 0
          0 0 0 0 0 0 0 0 0 0 0 0
          0 0 0 0 0 0 0 0 0 0 0 0
          0 0 0 0 0 0 0 0 0 0 0 0
          0 0 0 0 0 0 0 0 0 0 0 0
          0 0 0 0 0 0 0 0 0 0 0 0
          0 0 0 0 0 0 0 0 0 0 0 0
          0 0 0 0 0 0 0 0 0 0 0 0
          0 0 0 0 0 0 0 0 0 0 0 0
          0 0 0 0 0 0 0 0 0 0 0 0
          0 0 0 0 0 0 0 0 0 0 0 0
          0 0 0 0 0 0 0 0 0 0 0 0
          0 0 0 0 0 0 0 0 0 0 0 0
          0 0 0 0 0 0 0 0 0 0 0 0
          0 0 0 0 0 0 0 0 0 0 0 0
          0 0 0 0 0 0 0 0 0 0 0 0
          0 0 0 0 0 0 0 0 0 0 0 0
          0 0 0 0 0 0 0 0 0 0 0 0
          0 0 0 0 0 0 0 0 0 0 0 0
          0 0 0 0 0 0 0 0 0 0 0 0
          0 0 0 0 0 0 0 0 0 0 0 0
          0 0 0 0 0 0 0 0 0 0 0 0
          0 0 0 0 0 0 0 0 0 0 0 0
          0 0 0 0 0 0 0 0 0 0 0 0
          0 0 0 0 0 0 0 0 0 0 0 0
          0 0 0 0 0 0 0 0 0 0 0 0
          0 0 0 0 0 0 0 0 0 0 0 0
          0 0 0 0 0 0 0 0 0 0 0 0
          0 0 0 0 0 0 0 0 0 0 0 0
          0 0 0 0 0 0 0 0 0 0 0 0
          0 0 0 0 0 0 0 0 0 0 0 0
          0 0 0 0 0 0 0 0 0 0 0 0
          0 0 0 0 0 0 0 0 0 0 0 0
          0 0 0 0 0 0 0 0 0 0 0 0
          0 0 0 0 0 0 0 0 0 0 0 0
          0 0 0 0 0 0 0 0 0 0 0 0
          0 0 0 0 0 0 0 0 0 0 0 0
          0 0 0 0 0 0 0 0 0 0 0 0
          0 0 0 0 0 0 0 0 0 0 0 0
          0 0 0 0 0 0 0 0 0 0 0 0
          0 0 0 0 0 0 0 0 0 0 0 0
          0 0 0 0 0 0 0 0 0 0 0 0
          0 0 0 0 0 0 0 0 0 0 0 0
          0 0 0 0 0 0 0 0 0 0 0 0
          0 0 0 0 0 0 0 0 0 0 0 0
          0 0 0 0 0 0 0 0 0 0 0 0
          0 0 0 0 0 0 0 0 0 0 0 0
          0 0 0 0 0 0 0 0 0 0 0 0
          0 0 0 0 0 0 0 0 0 0 0 0
          0 0 0 0 0 0 0 0 0 0 0 0
          0 0 0 0 0 0 0 0 0 0 0 0
          0 0 0 0 0 0 0 0 0 0 0 0
          0 0 0 0 0 0 0 0 0 0 0 0
          0 0 0 0 0 0 0 0 0 0 0 0
          0 0 0 0 0 0 0 0 0 0 0 0
          0 0 0 0 0 0 0 0 0 0 0 0
          0 0 0 0 0 0 0 0 0 0 0 0
          0 0 0 0 0 0 0 0 0 0 0 0
          0 0 0 0 0 0 0 0 0 0 0 0
          0 0 0 0 0 0 0 0 0 0 0 0
          0 0 0 0 0 0 0 0 0 0 0 0
          0 0 0 0 0 0 0 0 0 0 0 0
          0 0 0 0 0 0 0 0 0 0 0 0
          0 0 0 0 0 0 0 0 0 0 0 0
          0 0 0 0 0 0 0 0 0 0 0 0
          0 0 0 0 0 0 0 0 0 0 0 0
          0 0 0 0 0 0 0 0 0 0 0 0
          0 0 0 0 0 0 0 0 0 0 0 0
          0 0 0 0 0 0 0 0 0 0 0 0
          0 0 0 0 0 0 0 0 0 0 0 0
          0 0 0 0 0 0 0 0 0 0 0 0
          0 0 0 0 0 0 0 0 0 0 0 0
          0 0 0 0 0 0 0 0 0 0 0 0
          0 0 0 0 0 0 0 0 0 0 0 0
          0 0 0 0 0 0 0 0 0 0 0 0
          0 0 0 0 0 0 0 0 0 0 0 0
          0 0 0 0 0 0 0 0 0 0 0 0
          0 0 0 0 0 0 0 0 0 0 0 0
          0 0 0 0 0 0 0 0 0 0 0 0
          0 0 0 0 0 0 0 0 0 0 0 0
          0 0 0 0 0 0 0 0 0 0 0 0
          0 0 0 0 0 0 0 0 0 0 0 0
          0 0 0 0 0 0 0 0 0 0 0 0
          0 0 0 0 0 0 0 0 0 0 0 0
          0 0 0 0
        </DataArray>
        <DataArray type="Float32" Name="x^N2_gas" NumberOfComponents="1" format="ascii">
          0 0 0 0 0 0 0 0 0 0 0 0
          0 0 0 0 0 0 0 0 0 0 0 0
          0 0 0 0 0 0 0 0 0 0 0 0
          0 0 0 0 0 0 0 0 0 0 0 0
          0 0 0 0 0 0 0 0 0 0 0 0
          0 0 0 0 0 0 0 0 0 0 0 0
          0 0 0 0 0 0 0 0 0 0 0 0
          0 0 0 0 0 0 0 0 0 0 0 0
          0 0 0 0 0 0 0 0 0 0 0 0
          0 0 0 0 0 0 0 0 0 0 0 0
          0 0 0 0 0 0 0 0 0 0 0 0
          0 0 0 0 0 0 0 0 0 0 0 0
          0 0 0 0 0 0 0 0 0 0 0 0
          0 0 0 0 0 0 0 0 0 0 0 0
          0 0 0 0 0 0 0 0 0 0 0 0
          0 0 0 0 0 0 0 0 0 0 0 0
          0 0 0 0 0 0 0 0 0 0 0 0
          0 0 0 0 0 0 0 0 0 0 0 0
          0 0 0 0 0 0 0 0 0 0 0 0
          0 0 0 0 0 0 0 0 0 0 0 0
          0 0 0 0 0 0 0 0 0 0 0 0
          0 0 0 0 0 0 0 0 0 0 0 0
          0 0 0 0 0 0 0 0 0 0 0 0
          0 0 0 0 0 0 0 0 0 0 0 0
          0 0 0 0 0 0 0 0 0 0 0 0
          0 0 0 0 0 0 0 0 0 0 0 0
          0 0 0 0 0 0 0 0 0 0 0 0
          0 0 0 0 0 0 0 0 0 0 0 0
          0 0 0 0 0 0 0 0 0 0 0 0
          0 0 0 0 0 0 0 0 0 0 0 0
          0 0 0 0 0 0 0 0 0 0 0 0
          0 0 0 0 0 0 0 0 0 0 0 0
          0 0 0 0 0 0 0 0 0 0 0 0
          0 0 0 0 0 0 0 0 0 0 0 0
          0 0 0 0 0 0 0 0 0 0 0 0
          0 0 0 0 0 0 0 0 0 0 0 0
          0 0 0 0 0 0 0 0 0 0 0 0
          0 0 0 0 0 0 0 0 0 0 0 0
          0 0 0 0 0 0 0 0 0 0 0 0
          0 0 0 0 0 0 0 0 0 0 0 0
          0 0 0 0 0 0 0 0 0 0 0 0
          0 0 0 0 0 0 0 0 0 0 0 0
          0 0 0 0 0 0 0 0 0 0 0 0
          0 0 0 0 0 0 0 0 0 0 0 0
          0 0 0 0 0 0 0 0 0 0 0 0
          0 0 0 0 0 0 0 0 0 0 0 0
          0 0 0 0 0 0 0 0 0 0 0 0
          0 0 0 0 0 0 0 0 0 0 0 0
          0 0 0 0 0 0 0 0 0 0 0 0
          0 0 0 0 0 0 0 0 0 0 0 0
          0 0 0 0 0 0 0 0 0 0 0 0
          0 0 0 0 0 0 0 0 0 0 0 0
          0 0 0 0 0 0 0 0 0 0 0 0
          0 0 0 0 0 0 0 0 0 0 0 0
          0 0 0 0 0 0 0 0 0 0 0 0
          0 0 0 0 0 0 0 0 0 0 0 0
          0 0 0 0 0 0 0 0 0 0 0 0
          0 0 0 0 0 0 0 0 0 0 0 0
          0 0 0 0 0 0 0 0 0 0 0 0
          0 0 0 0 0 0 0 0 0 0 0 0
          0 0 0 0 0 0 0 0 0 0 0 0
          0 0 0 0 0 0 0 0 0 0 0 0
          0 0 0 0 0 0 0 0 0 0 0 0
          0 0 0 0 0 0 0 0 0 0 0 0
          0 0 0 0 0 0 0 0 0 0 0 0
          0 0 0 0 0 0 0 0 0 0 0 0
          0 0 0 0 0 0 0 0 0 0 0 0
          0 0 0 0 0 0 0 0 0 0 0 0
          0 0 0 0 0 0 0 0 0 0 0 0
          0 0 0 0 0 0 0 0 0 0 0 0
          0 0 0 0 0 0 0 0 0 0 0 0
          0 0 0 0 0 0 0 0 0 0 0 0
          0 0 0 0 0 0 0 0 0 0 0 0
          0 0 0 0 0 0 0 0 0 0 0 0
          0 0 0 0 0 0 0 0 0 0 0 0
          0 0 0 0 0 0 0 0 0 0 0 0
          0 0 0 0 0 0 0 0 0 0 0 0
          0 0 0 0 0 0 0 0 0 0 0 0
          0 0 0 0 0 0 0 0 0 0 0 0
          0 0 0 0 0 0 0 0 0 0 0 0
          0 0 0 0 0 0 0 0 0 0 0 0
          0 0 0 0 0 0 0 0 0 0 0 0
          0 0 0 0 0 0 0 0 0 0 0 0
          0 0 0 0 0 0 0 0 0 0 0 0
          0 0 0 0 0 0 0 0 0 0 0 0
          0 0 0 0 0 0 0 0 0 0 0 0
          0 0 0 0 0 0 0 0 0 0 0 0
          0 0 0 0 0 0 0 0 0 0 0 0
          0 0 0 0 0 0 0 0 0 0 0 0
          0 0 0 0 0 0 0 0 0 0 0 0
          0 0 0 0 0 0 0 0 0 0 0 0
          0 0 0 0 0 0 0 0 0 0 0 0
          0 0 0 0 0 0 0 0 0 0 0 0
          0 0 0 0 0 0 0 0 0 0 0 0
          0 0 0 0 0 0 0 0 0 0 0 0
          0 0 0 0 0 0 0 0 0 0 0 0
          0 0 0 0 0 0 0 0 0 0 0 0
          0 0 0 0 0 0 0 0 0 0 0 0
          0 0 0 0 0 0 0 0 0 0 0 0
          0 0 0 0 0 0 0 0 0 0 0 0
          0 0 0 0 0 0 0 0 0 0 0 0
          0 0 0 0 0 0 0 0 0 0 0 0
          0 0 0 0 0 0 0 0 0 0 0 0
          0 0 0 0 0 0 0 0 0 0 0 0
          0 0 0 0 0 0 0 0 0 0 0 0
          0 0 0 0 0 0 0 0 0 0 0 0
          0 0 0 0 0 0 0 0 0 0 0 0
          0 0 0 0 0 0 0 0 0 0 0 0
          0 0 0 0 0 0 0 0 0 0 0 0
          0 0 0 0 0 0 0 0 0 0 0 0
          0 0 0 0 0 0 0 0 0 0 0 0
          0 0 0 0 0 0 0 0 0 0 0 0
          0 0 0 0 0 0 0 0 0 0 0 0
          0 0 0 0 0 0 0 0 0 0 0 0
          0 0 0 0 0 0 0 0 0 0 0 0
          0 0 0 0 0 0 0 0 0 0 0 0
          0 0 0 0 0 0 0 0 0 0 0 0
          0 0 0 0 0 0 0 0 0 0 0 0
          0 0 0 0 0 0 0 0 0 0 0 0
          0 0 0 0 0 0 0 0 0 0 0 0
          0 0 0 0 0 0 0 0 0 0 0 0
          0 0 0 0 0 0 0 0 0 0 0 0
          0 0 0 0 0 0 0 0 0 0 0 0
          0 0 0 0 0 0 0 0 0 0 0 0
          0 0 0 0 0 0 0 0 0 0 0 0
          0 0 0 0 0 0 0 0 0 0 0 0
          0 0 0 0 0 0 0 0 0 0 0 0
          0 0 0 0 0 0 0 0 0 0 0 0
          0 0 0 0 0 0 0 0 0 0 0 0
          0 0 0 0 0 0 0 0 0 0 0 0
          0 0 0 0 0 0 0 0 0 0 0 0
          0 0 0 0 0 0 0 0 0 0 0 0
          0 0 0 0 0 0 0 0 0 0 0 0
          0 0 0 0 0 0 0 0 0 0 0 0
          0 0 0 0 0 0 0 0 0 0 0 0
          0 0 0 0 0 0 0 0 0 0 0 0
          0 0 0 0 0 0 0 0 0 0 0 0
          0 0 0 0 0 0 0 0 0 0 0 0
          0 0 0 0 0 0 0 0 0 0 0 0
          0 0 0 0 0 0 0 0 0 0 0 0
          0 0 0 0 0 0 0 0 0 0 0 0
          0 0 0 0 0 0 0 0 0 0 0 0
          0 0 0 0 0 0 0 0 0 0 0 0
          0 0 0 0 0 0 0 0 0 0 0 0
          0 0 0 0 0 0 0 0 0 0 0 0
          0 0 0 0 0 0 0 0 0 0 0 0
          0 0 0 0 0 0 0 0 0 0 0 0
          0 0 0 0 0 0 0 0 0 0 0 0
          0 0 0 0 0 0 0 0 0 0 0 0
          0 0 0 0 0 0 0 0 0 0 0 0
          0 0 0 0 0 0 0 0 0 0 0 0
          0 0 0 0 0 0 0 0 0 0 0 0
          0 0 0 0 0 0 0 0 0 0 0 0
          0 0 0 0 0 0 0 0 0 0 0 0
          0 0 0 0 0 0 0 0 0 0 0 0
          0 0 0 0 0 0 0 0 0 0 0 0
          0 0 0 0 0 0 0 0 0 0 0 0
          0 0 0 0 0 0 0 0 0 0 0 0
          0 0 0 0 0 0 0 0 0 0 0 0
          0 0 0 0 0 0 0 0 0 0 0 0
          0 0 0 0 0 0 0 0 0 0 0 0
          0 0 0 0 0 0 0 0 0 0 0 0
          0 0 0 0 0 0 0 0 0 0 0 0
          0 0 0 0 0 0 0 0 0 0 0 0
          0 0 0 0 0 0 0 0 0 0 0 0
          0 0 0 0 0 0 0 0 0 0 0 0
          0 0 0 0 0 0 0 0 0 0 0 0
          0 0 0 0 0 0 0 0 0 0 0 0
          0 0 0 0 0 0 0 0 0 0 0 0
          0 0 0 0 0 0 0 0 0 0 0 0
          0 0 0 0 0 0 0 0 0 0 0 0
          0 0 0 0 0 0 0 0 0 0 0 0
          0 0 0 0 0 0 0 0 0 0 0 0
          0 0 0 0 0 0 0 0 0 0 0 0
          0 0 0 0 0 0 0 0 0 0 0 0
          0 0 0 0 0 0 0 0 0 0 0 0
          0 0 0 0 0 0 0 0 0 0 0 0
          0 0 0 0 0 0 0 0 0 0 0 0
          0 0 0 0 0 0 0 0 0 0 0 0
          0 0 0 0 0 0 0 0 0 0 0 0
          0 0 0 0 0 0 0 0 0 0 0 0
          0 0 0 0 0 0 0 0 0 0 0 0
          0 0 0 0 0 0 0 0 0 0 0 0
          0 0 0 0 0 0 0 0 0 0 0 0
          0 0 0 0 0 0 0 0 0 0 0 0
          0 0 0 0 0 0 0 0 0 0 0 0
          0 0 0 0 0 0 0 0 0 0 0 0
          0 0 0 0 0 0 0 0 0 0 0 0
          0 0 0 0 0 0 0 0 0 0 0 0
          0 0 0 0 0 0 0 0 0 0 0 0
          0 0 0 0 0 0 0 0 0 0 0 0
          0 0 0 0 0 0 0 0 0 0 0 0
          0 0 0 0 0 0 0 0 0 0 0 0
          0 0 0 0 0 0 0 0 0 0 0 0
          0 0 0 0 0 0 0 0 0 0 0 0
          0 0 0 0 0 0 0 0 0 0 0 0
          0 0 0 0
        </DataArray>
        <DataArray type="Float32" Name="rhoMolar_gas" NumberOfComponents="1" format="ascii">
          7484.75 7484.75 7476.55 7476.55 7484.75 7476.53 7484.74 7476.51 7484.72 7476.47 7484.71 7476.43
          7484.69 7476.38 7484.67 7476.33 7484.64 7476.29 7484.62 7476.24 7484.59 7476.19 7484.55 7476.14
          7484.52 7476.09 7484.48 7476.03 7484.43 7475.97 7484.39 7475.91 7484.34 7475.85 7484.29 7475.79
          7484.24 7475.73 7484.19 7475.67 7484.13 7475.61 7484.07 7475.56 7484.01 7475.5 7483.94 7475.45
          7483.87 7475.39 7483.8 7475.33 7483.72 7475.26 7483.65 7475.2 7483.57 7475.13 7483.48 7475.06
          7483.39 7474.98 7483.3 7474.91 7483.21 7474.83 7483.11 7474.74 7483.01 7474.66 7482.91 7474.57
          7482.8 7474.47 7482.69 7474.37 7482.58 7474.27 7482.47 7474.17 7482.35 7474.06 7482.23 7473.95
          7482.1 7473.84 7481.98 7473.72 7481.85 7473.6 7481.71 7473.48 7481.58 7473.35 7481.44 7473.22
          7481.29 7473.09 7481.15 7472.95 7481 7472.81 7480.85 7472.66 7480.7 7472.52 7480.54 7472.37
          7480.38 7472.22 7480.22 7472.06 7480.05 7471.9 7479.88 7471.74 7479.71 7471.57 7479.54 7471.4
          7479.36 7471.23 7479.18 7471.06 7478.99 7470.88 7478.81 7470.7 7478.62 7470.51 7478.43 7470.32
          7478.23 7470.13 7478.03 7469.94 7477.83 7469.74 7477.62 7469.54 7477.42 7469.33 7477.2 7469.13
          7476.99 7468.92 7476.77 7468.7 7476.55 7468.49 7476.33 7468.27 7472.55 7472.51 7472.4 7472.2
          7471.95 7471.67 7471.22 7470.77 7470.5 7470.28 7470.04 7469.79 7469.52 7469.24 7468.95 7468.65
          7468.35 7468.06 7467.78 7467.52 7467.3 7467.1 7466.94 7466.8 7466.69 7466.59 7466.5 7466.41
          7466.33 7466.26 7466.19 7466.12 7466.05 7465.99 7465.92 7465.84 7465.77 7465.69 7465.61 7465.52
          7465.44 7465.34 7465.25 7465.15 7465.04 7464.93 7464.82 7464.71 7464.59 7464.46 7464.34 7464.21
          7464.07 7463.93 7463.79 7463.65 7463.5 7463.35 7463.19 7463.03 7462.87 7462.71 7462.54 7462.36
          7462.19 7462.01 7461.82 7461.64 7461.45 7461.26 7461.06 7460.86 7460.66 7460.45 7460.24 7460.03
          7487.18 7487.03 7486.6 7485.85 7484.79 7483.61 7481.63 7478.49 7477.27 7476.51 7475.75 7474.92
          7474 7472.99 7471.89 7470.7 7469.43 7468.08 7466.69 7465.32 7464.02 7462.84 7461.82 7460.98
          7460.27 7459.73 7459.28 7458.88 7458.53 7458.22 7457.97 7457.76 7457.59 7457.45 7457.34 7457.24
          7457.15 7457.07 7456.99 7456.91 7456.84 7456.76 7456.68 7456.59 7456.5 7456.41 7456.31 7456.21
          7456.11 7456 7455.88 7455.77 7455.64 7455.52 7455.39 7455.25 7455.12 7454.98 7454.83 7454.68
          7454.53 7454.37 7454.21 7454.05 7453.88 7453.71 7453.54 7453.36 7453.18 7452.99 7452.8 7452.61
          7452.41 7452.22 7452.01 7451.81 7508.36 7508.36 7508.33 7508.29 7508.23 7508.14 7508.02 7504.72
          7501.47 7500.2 7499.19 7498.08 7496.81 7495.36 7493.69 7491.79 7489.6 7487.06 7484.15 7480.94
          7477.52 7473.99 7470.59 7467.52 7464.45 7461.79 7459.93 7458.25 7456.64 7455.11 7453.73 7452.53
          7451.55 7450.74 7450.12 7449.67 7449.32 7449.03 7448.79 7448.6 7448.44 7448.31 7448.21 7448.11
          7448.01 7447.92 7447.83 7447.74 7447.65 7447.55 7447.45 7447.34 7447.24 7447.12 7447 7446.88
          7446.76 7446.62 7446.49 7446.35 7446.21 7446.06 7445.91 7445.76 7445.6 7445.43 7445.27 7445.1
          7444.92 7444.75 7444.57 7444.38 7444.19 7444 7443.8 7443.6 7506.48 7506.46 7506.39 7506.28
          7506.12 7505.93 7505.7 7505.43 7505.11 7504.76 7504.38 7503.96 7503.51 7503.04 7502.55 7502.05
          7501.55 7501.06 7500.59 7500.15 7499.77 7499.44 7499.15 7498.86 7498.65 7484.69 7478.94 7475.33
          7471.83 7468.15 7464.34 7460.62 7457.27 7454.02 7450.43 7448.1 7446.37 7444.89 7443.62 7442.57
          7441.69 7441.02 7440.56 7440.22 7439.95 7439.73 7439.55 7439.4 7439.28 7439.17 7439.06 7438.96
          7438.86 7438.75 7438.64 7438.53 7438.41 7438.29 7438.17 7438.04 7437.91 7437.77 7437.63 7437.48
          7437.33 7437.18 7437.02 7436.86 7436.69 7436.52 7436.35 7436.17 7435.99 7435.8 7435.62 7435.42
          7505.76 7505.73 7505.66 7505.55 7505.39 7505.18 7504.94 7504.65 7504.32 7503.95 7503.54 7503.09
          7502.61 7502.1 7501.55 7500.96 7500.34 7499.68 7498.99 7498.26 7497.5 7496.71 7495.91 7495.11
          7494.32 7493.54 7492.8 7492.1 7491.48 7490.94 7490.49 7490.12 7489.8 7489.5 7474.49 7464.72
          7459.46 7455.31 7451.47 7448.02 7444.56 7440.54 7437.95 7436.21 7434.85 7433.73 7432.79 7432.08
          7431.61 7431.27 7431.01 7430.79 7430.62 7430.47 7430.35 7430.23 7430.11 7429.99 7429.87 7429.75
          7429.62 7429.5 7429.36 7429.23 7429.08 7428.94 7428.79 7428.64 7428.48 7428.32 7428.15 7427.98
          7427.81 7427.63 7427.45 7427.26 7505.34 7505.31 7505.24 7505.11 7504.94 7504.72 7504.46 7504.14
          7503.79 7503.39 7502.95 7502.47 7501.95 7501.39 7500.79 7500.16 7499.49 7498.79 7498.05 7497.27
          7496.47 7495.64 7494.78 7493.9 7493.01 7492.09 7491.15 7490.19 7489.2 7488.2 7487.19 7486.2
          7485.23 7484.33 7483.48 7482.74 7482.1 7481.57 7481.15 7480.79 7480.46 7463.8 7452.63 7446.73
          7442.51 7438.93 7435.13 7430.88 7428.29 7426.62 7425.34 7424.27 7423.44 7422.9 7422.52 7422.23
          7422 7421.81 7421.66 7421.52 7421.39 7421.26 7421.13 7421 7420.86 7420.72 7420.58 7420.43
          7420.28 7420.13 7419.97 7419.81 7419.64 7419.47 7419.3 7419.12 7505.23 7505.2 7505.11 7504.98
          7504.79 7504.55 7504.27 7503.93 7503.54 7503.11 7502.63 7502.11 7501.54 7500.94 7500.29 7499.61
          7498.88 7498.13 7497.34 7496.51 7495.66 7494.77 7493.86 7492.93 7491.97 7490.99 7489.99 7488.96
          7487.91 7486.85 7485.77 7484.68 7483.57 7482.46 7481.33 7480.19 7479.05 7477.92 7476.82 7475.78
          7474.84 7474 7473.28 7472.7 7472.24 7471.83 7471.49 7452.07 7440.9 7435.18 7431.16 7427.25
          7422.54 7419.6 7417.8 7416.46 7415.35 7414.55 7414.04 7413.68 7413.39 7413.17 7412.99 7412.83
          7412.68 7412.54 7412.4 7412.26 7412.11 7411.96 7411.81 7411.66 7411.5 7411.34 7411.17 7411
          7505.43 7505.4 7505.31 7505.16 7504.95 7504.69 7504.38 7504 7503.58 7503.11 7502.59 7502.02
          7501.4 7500.74 7500.04 7499.3 7498.52 7497.7 7496.85 7495.97 7495.05 7494.11 7493.14 7492.14
          7491.12 7490.08 7489.01 7487.93 7486.82 7485.7 7484.56 7483.41 7482.24 7481.06 7479.86 7478.65
          7477.43 7476.21 7474.97 7473.74 7472.5 7471.25 7470.02 7468.8 7467.65 7466.57 7465.61 7464.78
          7464.1 7463.55 7463.09 7462.68 7444.73 7432.17 7425.94 7421.72 7417.33 7412.7 7410.09 7408.45
          7407.16 7406.16 7405.52 7405.09 7404.77 7404.52 7404.32 7404.15 7403.99 7403.83 7403.68 7403.53
          7403.38 7403.22 7403.06 7402.89 7505.97 7505.93 7505.83 7505.67 7505.44 7505.15 7504.8 7504.39
          7503.92 7503.4 7502.83 7502.2 7501.53 7500.81 7500.04 7499.24 7498.39 7497.5 7496.59 7495.63
          7494.65 7493.64 7492.6 7491.53 7490.44 7489.33 7488.2 7487.05 7485.88 7484.7 7483.49 7482.28
          7481.05 7479.81 7478.55 7477.29 7476.01 7474.73 7473.44 7472.13 7470.82 7469.51 7468.18 7466.86
          7465.53 7464.21 7462.89 7461.58 7460.29 7459.06 7457.92 7456.9 7456.03 7455.3 7454.72 7454.21
          7453.81 7431.5 7420.43 7414.98 7410.62 7405.38 7402.07 7400.16 7398.75 7397.64 7396.93 7396.47
          7396.12 7395.86 7395.65 7395.47 7395.3 7395.14 7394.98 7394.81 7506.86 7506.82 7506.71 7506.52
          7506.27 7505.95 7505.56 7505.1 7504.58 7504 7503.37 7502.68 7501.93 7501.14 7500.3 7499.42
          7498.5 7497.54 7496.54 7495.51 7494.45 7493.36 7492.24 7491.1 7489.94 7488.75 7487.55 7486.32
          7485.09 7483.83 7482.56 7481.28 7479.99 7478.68 7477.37 7476.04 7474.71 7473.37 7472.02 7470.66
          7469.3 7467.93 7466.55 7465.17 7463.79 7462.4 7461 7459.6 7458.21 7456.81 7455.42 7454.04
          7452.68 7451.36 7450.09 7448.94 7447.92 7447.04 7446.33 7445.74 7445.21 7431.13 7413.98 7407.32
          7402.72 7397.52 7393.64 7391.57 7390.11 7388.98 7388.27 7387.8 7387.46 7387.19 7386.98 7386.79
          7508.13 7508.09 7507.96 7507.75 7507.47 7507.1 7506.66 7506.15 7505.57 7504.93 7504.22 7503.45
          7502.63 7501.75 7500.83 7499.86 7498.85 7497.8 7496.71 7495.59 7494.44 7493.27 7492.06 7490.84
          7489.59 7488.32 7487.04 7485.74 7484.42 7483.09 7481.75 7480.4 7479.03 7477.66 7476.28 7474.89
          7473.5 7472.1 7470.69 7469.28 7467.86 7466.44 7465.01 7463.58 7462.15 7460.71 7459.27 7457.82
          7456.37 7454.92 7453.47 7452.02 7450.57 7449.12 7447.67 7446.24 7444.82 7443.43 7442.09 7440.84
          7439.71 7438.73 7437.9 7437.22 7436.61 7436.23 7406.9 7398.76 7393.95 7388.73 7384.77 7382.73
          7381.3 7380.22 7379.55 7379.11 7509.83 7509.78 7509.63 7509.39 7509.07 7508.65 7508.15 7507.58
          7506.92 7506.19 7505.4 7504.54 7503.62 7502.65 7501.62 7500.55 7499.44 7498.29 7497.1 7495.88
          7494.63 7493.36 7492.06 7490.74 7489.4 7488.04 7486.67 7485.28 7483.88 7482.47 7481.05 7479.62
          7478.18 7476.74 7475.29 7473.84 7472.38 7470.91 7469.44 7467.97 7466.5 7465.02 7463.54 7462.06
          7460.58 7459.09 7457.6 7456.11 7454.62 7453.13 7451.64 7450.14 7448.65 7447.15 7445.65 7444.16
          7442.66 7441.17 7439.69 7438.21 7436.75 7435.32 7433.92 7432.6 7431.4 7430.33 7429.42 7428.66
          7427.97 7427.54 7397.7 7389.37 7384.5 7379.26 7375.6 7373.73 7511.99 7511.93 7511.76 7511.49
          7511.11 7510.63 7510.06 7509.4 7508.65 7507.83 7506.93 7505.96 7504.93 7503.84 7502.69 7501.51
          7500.27 7499.01 7497.7 7496.37 7495.01 7493.62 7492.21 7490.79 7489.34 7487.89 7486.42 7484.94
          7483.45 7481.95 7480.45 7478.94 7477.42 7475.9 7474.38 7472.85 7471.33 7469.8 7468.27 7466.73
          7465.2 7463.67 7462.13 7460.6 7459.07 7457.53 7456 7454.46 7452.93 7451.4 7449.86 7448.33
          7446.8 7445.27 7443.73 7442.2 7440.67 7439.14 7437.61 7436.08 7434.55 7433.03 7431.52 7430.01
          7428.52 7427.06 7425.63 7424.26 7423 7421.87 7420.89 7420.05 7419.28 7418.82 7387.11 7379.44
          7514.68 7514.61 7514.41 7514.09 7513.65 7513.09 7512.43 7511.66 7510.8 7509.85 7508.82 7507.72
          7506.55 7505.33 7504.05 7502.72 7501.35 7499.95 7498.51 7497.04 7495.56 7494.05 7492.52 7490.98
          7489.42 7487.86 7486.28 7484.7 7483.12 7481.52 7479.93 7478.33 7476.73 7475.14 7473.54 7471.94
          7470.34 7468.74 7467.14 7465.55 7463.96 7462.36 7460.78 7459.19 7457.6 7456.02 7454.44 7452.86
          7451.28 7449.71 7448.14 7446.57 7445 7443.43 7441.87 7440.3 7438.74 7437.18 7435.62 7434.06
          7432.51 7430.96 7429.4 7427.85 7426.31 7424.77 7423.23 7421.71 7420.2 7418.72 7417.26 7415.86
          7414.56 7413.38 7412.33 7411.42 7517.98 7517.89 7517.66 7517.27 7516.75 7516.09 7515.31 7514.41
          7513.41 7512.3 7511.12 7509.85 7508.52 7507.13 7505.69 7504.2 7502.67 7501.11 7499.52 7497.9
          7496.27 7494.62 7492.96 7491.29 7489.61 7487.93 7486.24 7484.55 7482.86 7481.17 7479.48 7477.79
          7476.11 7474.42 7472.75 7471.07 7469.4 7467.73 7466.07 7464.41 7462.75 7461.1 7459.46 7457.82
          7456.18 7454.55 7452.92 7451.3 7449.68 7448.06 7446.45 7444.85 7443.24 7441.64 7440.05 7438.45
          7436.86 7435.28 7433.69 7432.11 7430.53 7428.96 7427.38 7425.81 7424.25 7422.68 7421.12 7419.56
          7418.01 7416.46 7414.92 7413.4 7411.88 7410.39 7408.92 7407.5 7521.99 7521.89 7521.6 7521.13
          7520.5 7519.71 7518.77 7517.7 7516.51 7515.22 7513.84 7512.37 7510.84 7509.25 7507.61 7505.93
          7504.22 7502.47 7500.71 7498.93 7497.14 7495.34 7493.53 7491.72 7489.91 7488.09 7486.28 7484.48
          7482.67 7480.88 7479.09 7477.3 7475.53 7473.76 7471.99 7470.24 7468.49 7466.75 7465.02 7463.3
          7461.58 7459.87 7458.17 7456.48 7454.79 7453.11 7451.43 7449.77 7448.11 7446.45 7444.81 7443.16
          7441.53 7439.89 7438.27 7436.65 7435.03 7433.42 7431.81 7430.21 7428.61 7427.02 7425.43 7423.85
          7422.26 7420.69 7419.11 7417.54 7415.98 7414.41 7412.86 7411.3 7409.76 7408.22 7406.68 7405.16
          7526.87 7526.74 7526.38 7525.8 7525.01 7524.04 7522.89 7521.6 7520.17 7518.64 7517.01 7515.3
          7513.52 7511.69 7509.82 7507.91 7505.98 7504.04 7502.07 7500.11 7498.13 7496.16 7494.19 7492.23
          7490.27 7488.32 7486.38 7484.45 7482.53 7480.62 7478.73 7476.84 7474.97 7473.11 7471.27 7469.43
          7467.61 7465.79 7463.99 7462.2 7460.43 7458.66 7456.9 7455.16 7453.42 7451.69 7449.97 7448.27
          7446.56 7444.87 7443.19 7441.51 7439.85 7438.19 7436.53 7434.89 7433.25 7431.61 7429.99 7428.37
          7426.75 7425.14 7423.54 7421.94 7420.35 7418.76 7417.18 7415.6 7414.03 7412.46 7410.9 7409.35
          7407.79 7406.25 7404.71 7403.17 7532.83 7532.66 7532.19 7531.45 7530.44 7529.21 7527.78 7526.19
          7524.45 7522.6 7520.65 7518.63 7516.56 7514.44 7512.29 7510.13 7507.95 7505.76 7503.58 7501.4
          7499.23 7497.07 7494.93 7492.8 7490.69 7488.59 7486.51 7484.45 7482.41 7480.39 7478.38 7476.4
          7474.43 7472.48 7470.54 7468.63 7466.73 7464.84 7462.97 7461.12 7459.28 7457.46 7455.65 7453.85
          7452.07 7450.29 7448.53 7446.79 7445.05 7443.32 7441.61 7439.9 7438.21 7436.52 7434.84 7433.17
          7431.51 7429.86 7428.22 7426.58 7424.95 7423.33 7421.72 7420.11 7418.51 7416.92 7415.33 7413.75
          7412.18 7410.61 7409.05 7407.49 7405.94 7404.4 7402.86 7401.33 7540.2 7539.96 7539.33 7538.33
          7537 7535.4 7533.57 7531.56 7529.4 7527.13 7524.79 7522.38 7519.94 7517.48 7515.01 7512.54
          7510.07 7507.62 7505.19 7502.78 7500.4 7498.03 7495.7 7493.4 7491.12 7488.87 7486.65 7484.45
          7482.29 7480.15 7478.03 7475.94 7473.88 7471.83 7469.81 7467.82 7465.84 7463.89 7461.95 7460.04
          7458.14 7456.26 7454.4 7452.56 7450.73 7448.91 7447.12 7445.33 7443.56 7441.8 7440.06 7438.33
          7436.61 7434.9 7433.2 7431.51 7429.83 7428.17 7426.51 7424.86 7423.22 7421.59 7419.97 7418.36
          7416.75 7415.16 7413.57 7411.99 7410.41 7408.84 7407.28 7405.73 7404.19 7402.65 7401.12 7399.59
          7549.49 7549.14 7548.23 7546.81 7544.98 7542.81 7540.39 7537.79 7535.07 7532.26 7529.4 7526.52
          7523.64 7520.76 7517.91 7515.09 7512.31 7509.56 7506.86 7504.2 7501.58 7499 7496.47 7493.98
          7491.53 7489.13 7486.76 7484.43 7482.13 7479.87 7477.65 7475.46 7473.29 7471.16 7469.06 7466.99
          7464.94 7462.92 7460.92 7458.95 7457 7455.07 7453.16 7451.27 7449.4 7447.55 7445.72 7443.9
          7442.1 7440.32 7438.55 7436.79 7435.05 7433.32 7431.61 7429.91 7428.22 7426.54 7424.87 7423.21
          7421.57 7419.93 7418.31 7416.69 7415.08 7413.48 7411.89 7410.31 7408.74 7407.18 7405.62 7404.07
          7402.53 7401 7399.48 7397.96 7561.59 7561.07 7559.61 7557.45 7554.75 7551.69 7548.39 7544.95
          7541.45 7537.94 7534.43 7530.97 7527.56 7524.21 7520.93 7517.72 7514.58 7511.52 7508.52 7505.59
          7502.73 7499.93 7497.19 7494.51 7491.89 7489.32 7486.81 7484.34 7481.92 7479.55 7477.21 7474.92
          7472.67 7470.45 7468.27 7466.12 7464.01 7461.93 7459.87 7457.84 7455.84 7453.87 7451.92 7449.99
          7448.09 7446.2 7444.34 7442.5 7440.67 7438.87 7437.08 7435.3 7433.55 7431.81 7430.08 7428.36
          7426.66 7424.98 7423.3 7421.64 7419.99 7418.35 7416.72 7415.11 7413.5 7411.9 7410.32 7408.74
          7407.17 7405.61 7404.06 7402.52 7400.98 7399.46 7397.94 7396.43 7578.73 7577.35 7574.79 7571.1
          7566.8 7562.24 7557.6 7552.99 7548.46 7544.04 7539.76 7535.61 7531.59 7527.71 7523.96 7520.32
          7516.81 7513.4 7510.09 7506.89 7503.78 7500.75 7497.81 7494.94 7492.15 7489.42 7486.77 7484.17
          7481.63 7479.14 7476.71 7474.32 7471.98 7469.69 7467.44 7465.22 7463.05 7460.91 7458.8 7456.73
          7454.69 7452.67 7450.69 7448.73 7446.79 7444.88 7443 7441.13 7439.29 7437.46 7435.66 7433.87
          7432.1 7430.35 7428.61 7426.89 7425.19 7423.49 7421.82 7420.15 7418.5 7416.86 7415.23 7413.61
          7412.01 7410.42 7408.83 7407.26 7405.69 7404.14 7402.59 7401.05 7399.53 7398.01 7396.5 7394.99
          7603.43 7602.97 7596.2 7588.69 7581.33 7574.36 7567.79 7561.62 7555.81 7550.33 7545.15 7540.23
          7535.55 7531.1 7526.84 7522.77 7518.86 7515.11 7511.5 7508.02 7504.66 7501.41 7498.27 7495.22
          7492.26 7489.39 7486.6 7483.88 7481.22 7478.64 7476.11 7473.64 7471.23 7468.86 7466.55 7464.28
          7462.05 7459.87 7457.72 7455.6 7453.53 7451.48 7449.47 7447.48 7445.52 7443.59 7441.69 7439.81
          7437.95 7436.11 7434.29 7432.5 7430.72 7428.96 7427.22 7425.49 7423.78 7422.09 7420.41 7418.74
          7417.09 7415.45 7413.83 7412.21 7410.61 7409.02 7407.44 7405.87 7404.31 7402.76 7401.22 7399.69
          7398.16 7396.65 7395.14 7393.65 7693.15 7646.29 7624.67 7609.48 7597.39 7587.17 7578.24 7570.26
          7563.03 7556.4 7550.26 7544.55 7539.2 7534.17 7529.41 7524.9 7520.62 7516.53 7512.63 7508.89
          7505.3 7501.84 7498.51 7495.3 7492.2 7489.19 7486.27 7483.45 7480.7 7478.02 7475.42 7472.88
          7470.4 7467.98 7465.61 7463.3 7461.03 7458.8 7456.62 7454.48 7452.37 7450.31 7448.27 7446.26
          7444.29 7442.34 7440.43 7438.53 7436.66 7434.82 7432.99 7431.19 7429.41 7427.65 7425.9 7424.17
          7422.46 7420.77 7419.09 7417.42 7415.77 7414.13 7412.51 7410.9 7409.3 7407.71 7406.13 7404.57
          7403.01 7401.46 7399.93 7398.4 7396.88 7395.37 7393.87 7392.38 7768.98 7686.79 7651.3 7628.83
          7612.22 7598.92 7587.74 7578.05 7569.46 7561.74 7554.71 7548.25 7542.27 7536.71 7531.49 7526.59
          7521.96 7517.57 7513.4 7509.43 7505.63 7501.99 7498.5 7495.15 7491.92 7488.8 7485.79 7482.87
          7480.04 7477.3 7474.63 7472.04 7469.51 7467.04 7464.64 7462.29 7459.99 7457.74 7455.53 7453.36
          7451.24 7449.15 7447.1 7445.08 7443.1 7441.14 7439.22 7437.31 7435.44 7433.59 7431.76 7429.95
          7428.17 7426.4 7424.66 7422.93 7421.22 7419.52 7417.84 7416.18 7414.53 7412.9 7411.27 7409.66
          7408.07 7406.48 7404.91 7403.35 7401.79 7400.25 7398.72 7397.19 7395.68 7394.18 7392.68 7391.19
          7786.19 7706.05 7667.79 7642.37 7623.28 7607.96 7595.16 7584.16 7574.5 7565.89 7558.12 7551.04
          7544.53 7538.51 7532.91 7527.67 7522.76 7518.12 7513.73 7509.57 7505.61 7501.83 7498.22 7494.75
          7491.42 7488.22 7485.13 7482.15 7479.27 7476.47 7473.76 7471.13 7468.57 7466.07 7463.64 7461.27
          7458.94 7456.67 7454.45 7452.27 7450.14 7448.04 7445.98 7443.95 7441.96 7440 7438.06 7436.16
          7434.28 7432.43 7430.6 7428.79 7427 7425.24 7423.49 7421.76 7420.05 7418.36 7416.68 7415.02
          7413.37 7411.74 7410.12 7408.51 7406.91 7405.33 7403.76 7402.2 7400.65 7399.11 7397.58 7396.06
          7394.55 7393.04 7391.55 7390.07 7796.01 7715.47 7676.64 7650.27 7630.09 7613.73 7599.98 7588.14
          7577.76 7568.53 7560.22 7552.69 7545.79 7539.44 7533.56 7528.08 7522.95 7518.13 7513.6 7509.3
          7505.23 7501.35 7497.65 7494.12 7490.73 7487.47 7484.34 7481.31 7478.4 7475.57 7472.84 7470.18
          7467.6 7465.09 7462.64 7460.25 7457.92 7455.63 7453.4 7451.22 7449.07 7446.97 7444.9 7442.87
          7440.87 7438.91 7436.97 7435.07 7433.19 7431.33 7429.5 7427.69 7425.91 7424.14 7422.39 7420.67
          7418.96 7417.26 7415.59 7413.93 7412.28 7410.65 7409.03 7407.42 7405.83 7404.25 7402.68 7401.12
          7399.57 7398.03 7396.5 7394.99 7393.48 7391.98 7390.48 7389 7800.21 7719.66 7680.58 7653.84
          7633.22 7616.37 7602.15 7589.87 7579.09 7569.51 7560.9 7553.1 7545.99 7539.45 7533.4 7527.79
          7522.55 7517.64 7513.02 7508.66 7504.53 7500.61 7496.87 7493.3 7489.88 7486.6 7483.44 7480.4
          7477.47 7474.63 7471.88 7469.21 7466.62 7464.1 7461.65 7459.25 7456.91 7454.63 7452.39 7450.2
          7448.05 7445.95 7443.88 7441.85 7439.85 7437.88 7435.95 7434.04 7432.16 7430.3 7428.47 7426.66
          7424.88 7423.11 7421.36 7419.64 7417.93 7416.24 7414.56 7412.9 7411.25 7409.62 7408 7406.4
          7404.81 7403.23 7401.66 7400.1 7398.55 7397.02 7395.49 7393.97 7392.46 7390.96 7389.47 7387.99
          7800.47 7719.88 7680.77 7653.95 7633.23 7616.26 7601.92 7589.53 7578.65 7568.98 7560.3 7552.44
          7545.27 7538.69 7532.61 7526.97 7521.7 7516.78 7512.14 7507.77 7503.63 7499.69 7495.95 7492.37
          7488.95 7485.66 7482.5 7479.46 7476.52 7473.68 7470.93 7468.26 7465.66 7463.14 7460.68 7458.29
          7455.95 7453.66 7451.42 7449.23 7447.08 7444.98 7442.91 7440.88 7438.88 7436.91 7434.97 7433.07
          7431.19 7429.33 7427.5 7425.69 7423.91 7422.14 7420.39 7418.67 7416.96 7415.27 7413.59 7411.93
          7410.29 7408.65 7407.04 7405.43 7403.84 7402.26 7400.69 7399.13 7397.59 7396.05 7394.53 7393.01
          7391.5 7390 7388.51 7387.03
        </DataArray>
        <DataArray type="Float32" Name="phase presence" NumberOfComponents="1" format="ascii">
          1 1 1 1 1 1 1 1 1 1 1 1
          1 1 1 1 1 1 1 1 1 1 1 1
          1 1 1 1 1 1 1 1 1 1 1 1
          1 1 1 1 1 1 1 1 1 1 1 1
          1 1 1 1 1 1 1 1 1 1 1 1
          1 1 1 1 1 1 1 1 1 1 1 1
          1 1 1 1 1 1 1 1 1 1 1 1
          1 1 1 1 1 1 1 1 1 1 1 1
          1 1 1 1 1 1 1 1 1 1 1 1
          1 1 1 1 1 1 1 1 1 1 1 1
          1 1 1 1 1 1 1 1 1 1 1 1
          1 1 1 1 1 1 1 1 1 1 1 1
          1 1 1 1 1 1 1 1 1 1 1 1
          1 1 1 1 1 1 1 1 1 1 1 1
          1 1 1 1 1 1 1 1 1 1 1 1
          1 1 1 1 1 1 1 1 1 1 1 1
          1 1 1 1 1 1 1 1 1 1 1 1
          1 1 1 1 1 1 1 1 1 1 1 1
          1 1 1 1 1 1 1 1 1 1 1 1
          1 1 1 1 1 1 1 1 1 1 1 1
          1 1 1 1 1 1 1 1 1 1 1 1
          1 1 1 1 1 1 1 1 1 1 1 1
          1 1 1 1 1 1 1 1 1 1 1 1
          1 1 1 1 1 1 1 1 1 1 1 1
          1 1 1 1 1 1 1 1 1 1 1 1
          1 1 1 1 3 3 3 3 3 3 3 1
          1 1 1 1 1 1 1 1 1 1 1 1
          1 1 1 1 1 1 1 1 1 1 1 1
          1 1 1 1 1 1 1 1 1 1 1 1
          1 1 1 1 1 1 1 1 1 1 1 1
          1 1 1 1 1 1 1 1 1 1 1 1
          1 1 1 1 1 1 1 1 3 3 3 3
          3 3 3 3 3 3 3 3 3 3 3 3
          3 3 3 3 3 3 3 3 3 1 1 1
          1 1 1 1 1 1 1 1 1 1 1 1
          1 1 1 1 1 1 1 1 1 1 1 1
          1 1 1 1 1 1 1 1 1 1 1 1
          1 1 1 1 1 1 1 1 1 1 1 1
          3 3 3 3 3 3 3 3 3 3 3 3
          3 3 3 3 3 3 3 3 3 3 3 3
          3 3 3 3 3 3 3 3 3 3 1 1
          1 1 1 1 1 1 1 1 1 1 1 1
          1 1 1 1 1 1 1 1 1 1 1 1
          1 1 1 1 1 1 1 1 1 1 1 1
          1 1 1 1 3 3 3 3 3 3 3 3
          3 3 3 3 3 3 3 3 3 3 3 3
          3 3 3 3 3 3 3 3 3 3 3 3
          3 3 3 3 3 3 3 3 3 1 1 1
          1 1 1 1 1 1 1 1 1 1 1 1
          1 1 1 1 1 1 1 1 1 1 1 1
          1 1 1 1 1 1 1 1 3 3 3 3
          3 3 3 3 3 3 3 3 3 3 3 3
          3 3 3 3 3 3 3 3 3 3 3 3
          3 3 3 3 3 3 3 3 3 3 3 3
          3 3 3 3 3 3 3 1 1 1 1 1
          1 1 1 1 1 1 1 1 1 1 1 1
          1 1 1 1 1 1 1 1 1 1 1 1
          3 3 3 3 3 3 3 3 3 3 3 3
          3 3 3 3 3 3 3 3 3 3 3 3
          3 3 3 3 3 3 3 3 3 3 3 3
          3 3 3 3 3 3 3 3 3 3 3 3
          3 3 3 3 1 1 1 1 1 1 1 1
          1 1 1 1 1 1 1 1 1 1 1 1
          1 1 1 1 3 3 3 3 3 3 3 3
          3 3 3 3 3 3 3 3 3 3 3 3
          3 3 3 3 3 3 3 3 3 3 3 3
          3 3 3 3 3 3 3 3 3 3 3 3
          3 3 3 3 3 3 3 3 3 3 3 3
          3 1 1 1 1 1 1 1 1 1 1 1
          1 1 1 1 1 1 1 1 3 3 3 3
          3 3 3 3 3 3 3 3 3 3 3 3
          3 3 3 3 3 3 3 3 3 3 3 3
          3 3 3 3 3 3 3 3 3 3 3 3
          3 3 3 3 3 3 3 3 3 3 3 3
          3 3 3 3 3 3 3 3 3 1 1 1
          1 1 1 1 1 1 1 1 1 1 1 1
          3 3 3 3 3 3 3 3 3 3 3 3
          3 3 3 3 3 3 3 3 3 3 3 3
          3 3 3 3 3 3 3 3 3 3 3 3
          3 3 3 3 3 3 3 3 3 3 3 3
          3 3 3 3 3 3 3 3 3 3 3 3
          3 3 3 3 3 3 1 1 1 1 1 1
          1 1 1 1 3 3 3 3 3 3 3 3
          3 3 3 3 3 3 3 3 3 3 3 3
          3 3 3 3 3 3 3 3 3 3 3 3
          3 3 3 3 3 3 3 3 3 3 3 3
          3 3 3 3 3 3 3 3 3 3 3 3
          3 3 3 3 3 3 3 3 3 3 3 3
          3 3 1 1 1 1 1 1 3 3 3 3
          3 3 3 3 3 3 3 3 3 3 3 3
          3 3 3 3 3 3 3 3 3 3 3 3
          3 3 3 3 3 3 3 3 3 3 3 3
          3 3 3 3 3 3 3 3 3 3 3 3
          3 3 3 3 3 3 3 3 3 3 3 3
          3 3 3 3 3 3 3 3 3 3 1 1
          3 3 3 3 3 3 3 3 3 3 3 3
          3 3 3 3 3 3 3 3 3 3 3 3
          3 3 3 3 3 3 3 3 3 3 3 3
          3 3 3 3 3 3 3 3 3 3 3 3
          3 3 3 3 3 3 3 3 3 3 3 3
          3 3 3 3 3 3 3 3 3 3 3 3
          3 3 3 3 3 3 3 3 3 3 3 3
          3 3 3 3 3 3 3 3 3 3 3 3
          3 3 3 3 3 3 3 3 3 3 3 3
          3 3 3 3 3 3 3 3 3 3 3 3
          3 3 3 3 3 3 3 3 3 3 3 3
          3 3 3 3 3 3 3 3 3 3 3 3
          3 3 3 3 3 3 3 3 3 3 3 3
          3 3 3 3 3 3 3 3 3 3 3 3
          3 3 3 3 3 3 3 3 3 3 3 3
          3 3 3 3 3 3 3 3 3 3 3 3
          3 3 3 3 3 3 3 3 3 3 3 3
          3 3 3 3 3 3 3 3 3 3 3 3
          3 3 3 3 3 3 3 3 3 3 3 3
          3 3 3 3 3 3 3 3 3 3 3 3
          3 3 3 3 3 3 3 3 3 3 3 3
          3 3 3 3 3 3 3 3 3 3 3 3
          3 3 3 3 3 3 3 3 3 3 3 3
          3 3 3 3 3 3 3 3 3 3 3 3
          3 3 3 3 3 3 3 3 3 3 3 3
          3 3 3 3 3 3 3 3 3 3 3 3
          3 3 3 3 3 3 3 3 3 3 3 3
          3 3 3 3 3 3 3 3 3 3 3 3
          3 3 3 3 3 3 3 3 3 3 3 3
          3 3 3 3 3 3 3 3 3 3 3 3
          3 3 3 3 3 3 3 3 3 3 3 3
          3 3 3 3 3 3 3 3 3 3 3 3
          3 3 3 3 3 3 3 3 3 3 3 3
          3 3 3 3 3 3 3 3 3 3 3 3
          3 3 3 3 3 3 3 3 3 3 3 3
          3 3 3 3 3 3 3 3 3 3 3 3
          3 3 3 3 3 3 3 3 3 3 3 3
          3 3 3 3 3 3 3 3 3 3 3 3
          3 3 3 3 3 3 3 3 3 3 3 3
          3 3 3 3 3 3 3 3 3 3 3 3
          3 3 3 3 3 3 3 3 3 3 3 3
          3 3 3 3 3 3 3 3 3 3 3 3
          3 3 3 3 3 3 3 3 3 3 3 3
          3 3 3 3 3 3 3 3 3 3 3 3
          3 3 3 3 3 3 3 3 3 3 3 3
          3 3 3 3 3 3 3 3 3 3 3 3
          3 3 3 3 3 3 3 3 3 3 3 3
          3 3 3 3 3 3 3 3 3 3 3 3
          3 3 3 3 3 3 3 3 3 3 3 3
          3 3 3 3 3 3 3 3 3 3 3 3
          3 3 3 3 3 3 3 3 3 3 3 3
          3 3 3 3 3 3 3 3 3 3 3 3
          3 3 3 3 3 3 3 3 3 3 3 3
          3 3 3 3 3 3 3 3 3 3 3 3
          3 3 3 3 3 3 3 3 3 3 3 3
          3 3 3 3 3 3 3 3 3 3 3 3
          3 3 3 3 3 3 3 3 3 3 3 3
          3 3 3 3 3 3 3 3 3 3 3 3
          3 3 3 3 3 3 3 3 3 3 3 3
          3 3 3 3 3 3 3 3 3 3 3 3
          3 3 3 3 3 3 3 3 3 3 3 3
          3 3 3 3 3 3 3 3 3 3 3 3
          3 3 3 3 3 3 3 3 3 3 3 3
          3 3 3 3 3 3 3 3 3 3 3 3
          3 3 3 3 3 3 3 3 3 3 3 3
          3 3 3 3 3 3 3 3 3 3 3 3
          3 3 3 3 3 3 3 3 3 3 3 3
          3 3 3 3 3 3 3 3 3 3 3 3
          3 3 3 3 3 3 3 3 3 3 3 3
          3 3 3 3 3 3 3 3 3 3 3 3
          3 3 3 3 3 3 3 3 3 3 3 3
          3 3 3 3 3 3 3 3 3 3 3 3
          3 3 3 3 3 3 3 3 3 3 3 3
          3 3 3 3 3 3 3 3 3 3 3 3
          3 3 3 3 3 3 3 3 3 3 3 3
          3 3 3 3 3 3 3 3 3 3 3 3
          3 3 3 3 3 3 3 3 3 3 3 3
          3 3 3 3 3 3 3 3 3 3 3 3
          3 3 3 3 3 3 3 3 3 3 3 3
          3 3 3 3 3 3 3 3 3 3 3 3
          3 3 3 3 3 3 3 3 3 3 3 3
          3 3 3 3 3 3 3 3 3 3 3 3
          3 3 3 3 3 3 3 3 3 3 3 3
          3 3 3 3 3 3 3 3 3 3 3 3
          3 3 3 3 3 3 3 3 3 3 3 3
          3 3 3 3 3 3 3 3 3 3 3 3
          3 3 3 3 3 3 3 3 3 3 3 3
          3 3 3 3 3 3 3 3 3 3 3 3
          3 3 3 3 3 3 3 3 3 3 3 3
          3 3 3 3 3 3 3 3 3 3 3 3
          3 3 3 3 3 3 3 3 3 3 3 3
          3 3 3 3 3 3 3 3 3 3 3 3
          3 3 3 3 3 3 3 3 3 3 3 3
          3 3 3 3 3 3 3 3 3 3 3 3
          3 3 3 3 3 3 3 3 3 3 3 3
          3 3 3 3 3 3 3 3 3 3 3 3
          3 3 3 3 3 3 3 3 3 3 3 3
          3 3 3 3 3 3 3 3 3 3 3 3
          3 3 3 3 3 3 3 3 3 3 3 3
          3 3 3 3 3 3 3 3 3 3 3 3
          3 3 3 3 3 3 3 3 3 3 3 3
          3 3 3 3
        </DataArray>
        <DataArray type="Float32" Name="velocity_liq (m/s)" NumberOfComponents="3" format="ascii">
          7.59174e-10 -8.22847e-10 0 1.45063e-09 -8.25165e-10 0 7.45257e-10 -1.63061e-09 0 1.42388e-09 -1.63507e-09 0
          2.83963e-09 -8.31796e-10 0 2.78716e-09 -1.64821e-09 0 4.24735e-09 -8.42272e-10 0 4.17113e-09 -1.67049e-09 0
          5.68349e-09 -8.55327e-10 0 5.59226e-09 -1.70132e-09 0 7.15157e-09 -8.6911e-10 0 7.06122e-09 -1.73582e-09 0
          8.65082e-09 -8.82412e-10 0 8.57332e-09 -1.76564e-09 0 1.01752e-08 -8.9262e-10 0 1.01187e-08 -1.79077e-09 0
          1.17154e-08 -8.9984e-10 0 1.16837e-08 -1.80541e-09 0 1.32625e-08 -9.03553e-10 0 1.32509e-08 -1.81191e-09 0
          1.48075e-08 -9.04184e-10 0 1.48118e-08 -1.81282e-09 0 1.63433e-08 -9.02235e-10 0 1.63617e-08 -1.8091e-09 0
          1.7864e-08 -8.97906e-10 0 1.78964e-08 -1.80087e-09 0 1.93638e-08 -8.91199e-10 0 1.94107e-08 -1.78792e-09 0
          2.08368e-08 -8.82088e-10 0 2.08985e-08 -1.76994e-09 0 2.22772e-08 -8.7063e-10 0 2.23532e-08 -1.74687e-09 0
          2.36797e-08 -8.57084e-10 0 2.37678e-08 -1.71902e-09 0 2.50402e-08 -8.41993e-10 0 2.51364e-08 -1.68732e-09 0
          2.63568e-08 -8.26215e-10 0 2.64548e-08 -1.65353e-09 0 2.76305e-08 -8.10851e-10 0 2.77227e-08 -1.62018e-09 0
          2.88659e-08 -7.97037e-10 0 2.89447e-08 -1.59024e-09 0 3.00702e-08 -7.85665e-10 0 3.01308e-08 -1.56626e-09 0
          3.12526e-08 -7.77178e-10 0 3.1294e-08 -1.54934e-09 0 3.24219e-08 -7.71262e-10 0 3.2448e-08 -1.53923e-09 0
          3.35849e-08 -7.67134e-10 0 3.36032e-08 -1.53342e-09 0 3.4745e-08 -7.63638e-10 0 3.47636e-08 -1.52878e-09 0
          3.59016e-08 -7.596e-10 0 3.59275e-08 -1.52253e-09 0 3.70513e-08 -7.54282e-10 0 3.7088e-08 -1.51245e-09 0
          3.81889e-08 -7.47362e-10 0 3.82362e-08 -1.49813e-09 0 3.93093e-08 -7.39047e-10 0 3.93643e-08 -1.48033e-09 0
          4.0409e-08 -7.29881e-10 0 4.04671e-08 -1.46059e-09 0 4.14863e-08 -7.2051e-10 0 4.15432e-08 -1.44064e-09 0
          4.25416e-08 -7.11492e-10 0 4.25944e-08 -1.42191e-09 0 4.35768e-08 -7.03192e-10 0 4.36241e-08 -1.40509e-09 0
          4.45946e-08 -6.95711e-10 0 4.46366e-08 -1.39034e-09 0 4.55975e-08 -6.89004e-10 0 4.56353e-08 -1.37724e-09 0
          4.65877e-08 -6.82914e-10 0 4.66224e-08 -1.36534e-09 0 4.7567e-08 -6.77305e-10 0 4.75993e-08 -1.35425e-09 0
          4.85365e-08 -6.7209e-10 0 4.85668e-08 -1.3438e-09 0 4.94975e-08 -6.67247e-10 0 4.95256e-08 -1.33401e-09 0
          5.04509e-08 -6.62795e-10 0 5.04765e-08 -1.325e-09 0 5.13979e-08 -6.58771e-10 0 5.14208e-08 -1.31687e-09 0
          5.23398e-08 -6.55197e-10 0 5.23598e-08 -1.30969e-09 0 5.32777e-08 -6.52081e-10 0 5.3295e-08 -1.30347e-09 0
          5.4213e-08 -6.49416e-10 0 5.42276e-08 -1.29815e-09 0 5.51468e-08 -6.47183e-10 0 5.51589e-08 -1.29371e-09 0
          5.60804e-08 -6.45363e-10 0 5.60901e-08 -1.29008e-09 0 5.70147e-08 -6.43939e-10 0 5.7022e-08 -1.28724e-09 0
          5.79507e-08 -6.42894e-10 0 5.79558e-08 -1.28516e-09 0 5.88895e-08 -6.42214e-10 0 5.88925e-08 -1.28382e-09 0
          5.98318e-08 -6.41882e-10 0 5.98328e-08 -1.28317e-09 0 6.07787e-08 -6.41881e-10 0 6.07777e-08 -1.28319e-09 0
          6.17308e-08 -6.42193e-10 0 6.1728e-08 -1.28384e-09 0 6.26888e-08 -6.42797e-10 0 6.26843e-08 -1.28508e-09 0
          6.36535e-08 -6.43675e-10 0 6.36474e-08 -1.28686e-09 0 6.46253e-08 -6.44807e-10 0 6.46178e-08 -1.28915e-09 0
          6.5605e-08 -6.46171e-10 0 6.55961e-08 -1.29191e-09 0 6.65928e-08 -6.47749e-10 0 6.65827e-08 -1.2951e-09 0
          6.75894e-08 -6.4952e-10 0 6.75782e-08 -1.29867e-09 0 6.85949e-08 -6.51464e-10 0 6.85827e-08 -1.30259e-09 0
          6.96097e-08 -6.53562e-10 0 6.95967e-08 -1.30682e-09 0 7.06341e-08 -6.55794e-10 0 7.06203e-08 -1.31131e-09 0
          7.16682e-08 -6.58143e-10 0 7.16537e-08 -1.31604e-09 0 7.27121e-08 -6.60588e-10 0 7.26972e-08 -1.32096e-09 0
          7.3766e-08 -6.63113e-10 0 7.37506e-08 -1.32604e-09 0 7.48299e-08 -6.65699e-10 0 7.48142e-08 -1.33124e-09 0
          7.59037e-08 -6.68331e-10 0 7.58877e-08 -1.33654e-09 0 7.69874e-08 -6.70993e-10 0 7.69713e-08 -1.34189e-09 0
          7.80809e-08 -6.73669e-10 0 7.80647e-08 -1.34727e-09 0 7.9184e-08 -6.76346e-10 0 7.91679e-08 -1.35265e-09 0
          8.02965e-08 -6.79009e-10 0 8.02806e-08 -1.358e-09 0 8.14184e-08 -6.81647e-10 0 8.14026e-08 -1.36329e-09 0
          8.25492e-08 -6.84247e-10 0 8.25337e-08 -1.36852e-09 0 8.36888e-08 -6.868e-10 0 8.36736e-08 -1.37364e-09 0
          8.48368e-08 -6.89294e-10 0 8.4822e-08 -1.37865e-09 0 4.27064e-08 -3.45562e-10 0 4.26991e-08 -6.91162e-10 0
          7.07136e-10 -3.20482e-09 0 1.34952e-09 -3.21225e-09 0 2.63534e-09 -3.23437e-09 0 3.92909e-09 -3.27392e-09 0
          5.25378e-09 -3.33968e-09 0 6.67343e-09 -3.44446e-09 0 8.26817e-09 -3.5674e-09 0 9.95431e-09 -3.61397e-09 0
          1.16056e-08 -3.63175e-09 0 1.32238e-08 -3.64025e-09 0 1.4824e-08 -3.64154e-09 0 1.64116e-08 -3.63568e-09 0
          1.79867e-08 -3.6218e-09 0 1.95456e-08 -3.59843e-09 0 2.10814e-08 -3.56439e-09 0 2.2585e-08 -3.51849e-09 0
          2.40447e-08 -3.46057e-09 0 2.54477e-08 -3.39164e-09 0 2.67812e-08 -3.31452e-09 0 2.80355e-08 -3.23474e-09 0
          2.921e-08 -3.16118e-09 0 3.03213e-08 -3.10476e-09 0 3.14048e-08 -3.07277e-09 0 3.24961e-08 -3.06056e-09 0
          3.36204e-08 -3.06282e-09 0 3.47896e-08 -3.06798e-09 0 3.59907e-08 -3.06287e-09 0 3.71989e-08 -3.04486e-09 0
          3.83914e-08 -3.01307e-09 0 3.95486e-08 -2.97059e-09 0 4.06602e-08 -2.92341e-09 0 4.17269e-08 -2.87752e-09 0
          4.27573e-08 -2.83705e-09 0 4.37643e-08 -2.80369e-09 0 4.47578e-08 -2.77581e-09 0 4.57438e-08 -2.7519e-09 0
          4.67239e-08 -2.72952e-09 0 4.76963e-08 -2.70768e-09 0 4.8659e-08 -2.68635e-09 0 4.96116e-08 -2.66605e-09 0
          5.05546e-08 -2.64739e-09 0 5.149e-08 -2.63084e-09 0 5.24201e-08 -2.61645e-09 0 5.33466e-08 -2.60411e-09 0
          5.42713e-08 -2.59362e-09 0 5.51951e-08 -2.5848e-09 0 5.61191e-08 -2.57759e-09 0 5.70441e-08 -2.57193e-09 0
          5.79711e-08 -2.56781e-09 0 5.89013e-08 -2.56517e-09 0 5.98354e-08 -2.56396e-09 0 6.07745e-08 -2.5641e-09 0
          6.17192e-08 -2.5655e-09 0 6.26704e-08 -2.56807e-09 0 6.36288e-08 -2.57175e-09 0 6.45948e-08 -2.57645e-09 0
          6.55691e-08 -2.58209e-09 0 6.6552e-08 -2.58859e-09 0 6.75442e-08 -2.59586e-09 0 6.85458e-08 -2.60382e-09 0
          6.95571e-08 -2.6124e-09 0 7.05785e-08 -2.62152e-09 0 7.161e-08 -2.6311e-09 0 7.26519e-08 -2.64107e-09 0
          7.37041e-08 -2.65135e-09 0 7.47667e-08 -2.66188e-09 0 7.58396e-08 -2.67258e-09 0 7.69228e-08 -2.68339e-09 0
          7.80161e-08 -2.69426e-09 0 7.91194e-08 -2.70511e-09 0 8.02325e-08 -2.71591e-09 0 8.13551e-08 -2.7266e-09 0
          8.2487e-08 -2.73713e-09 0 8.36278e-08 -2.74746e-09 0 8.47773e-08 -2.75755e-09 0 4.26771e-08 -1.38247e-09 0
          7.20274e-10 -4.75194e-09 0 1.37662e-09 -4.76594e-09 0 2.69287e-09 -4.79549e-09 0 4.00204e-09 -4.83486e-09 0
          5.26042e-09 -4.89104e-09 0 6.48494e-09 -5.04597e-09 0 8.05201e-09 -5.45901e-09 0 9.85425e-09 -5.46829e-09 0
          1.1536e-08 -5.48061e-09 0 1.31913e-08 -5.49143e-09 0 1.4834e-08 -5.49516e-09 0 1.64687e-08 -5.49176e-09 0
          1.81026e-08 -5.48067e-09 0 1.97402e-08 -5.45765e-09 0 2.13711e-08 -5.41356e-09 0 2.2975e-08 -5.34736e-09 0
          2.45355e-08 -5.25909e-09 0 2.60343e-08 -5.14728e-09 0 2.74428e-08 -5.01062e-09 0 2.87201e-08 -4.85219e-09 0
          2.98214e-08 -4.68592e-09 0 3.07281e-08 -4.54372e-09 0 3.15095e-08 -4.47816e-09 0 3.2381e-08 -4.5322e-09 0
          3.348e-08 -4.60549e-09 0 3.47206e-08 -4.63975e-09 0 3.60353e-08 -4.66181e-09 0 3.73953e-08 -4.64293e-09 0
          3.87229e-08 -4.5787e-09 0 3.99554e-08 -4.48421e-09 0 4.10691e-08 -4.3816e-09 0 4.20816e-08 -4.29214e-09 0
          4.30366e-08 -4.22614e-09 0 4.39743e-08 -4.18038e-09 0 4.49267e-08 -4.15288e-09 0 4.59023e-08 -4.12594e-09 0
          4.68854e-08 -4.09634e-09 0 4.78624e-08 -4.06288e-09 0 4.88232e-08 -4.02723e-09 0 4.97641e-08 -3.99293e-09 0
          5.06895e-08 -3.96304e-09 0 5.16058e-08 -3.93772e-09 0 5.25185e-08 -3.91699e-09 0 5.34308e-08 -3.89931e-09 0
          5.4343e-08 -3.88401e-09 0 5.52551e-08 -3.87088e-09 0 5.61674e-08 -3.85995e-09 0 5.70807e-08 -3.85141e-09 0
          5.79961e-08 -3.84527e-09 0 5.89151e-08 -3.84151e-09 0 5.98388e-08 -3.83994e-09 0 6.0768e-08 -3.8404e-09 0
          6.17036e-08 -3.84276e-09 0 6.26463e-08 -3.84689e-09 0 6.35966e-08 -3.85269e-09 0 6.45553e-08 -3.86003e-09 0
          6.55228e-08 -3.86879e-09 0 6.64996e-08 -3.87884e-09 0 6.74862e-08 -3.89006e-09 0 6.84829e-08 -3.90233e-09 0
          6.949e-08 -3.91552e-09 0 7.05076e-08 -3.92952e-09 0 7.1536e-08 -3.9442e-09 0 7.25752e-08 -3.95947e-09 0
          7.36253e-08 -3.9752e-09 0 7.46863e-08 -3.99129e-09 0 7.57582e-08 -4.00763e-09 0 7.68408e-08 -4.02413e-09 0
          7.7934e-08 -4.0407e-09 0 7.90376e-08 -4.05724e-09 0 8.01513e-08 -4.07368e-09 0 8.1275e-08 -4.08994e-09 0
          8.24082e-08 -4.10594e-09 0 8.35508e-08 -4.12164e-09 0 8.47023e-08 -4.13695e-09 0 4.26401e-08 -2.07409e-09 0
          9.07885e-10 -7.40049e-09 0 1.75948e-09 -7.41324e-09 0 3.54785e-09 -7.43498e-09 0 5.58101e-09 -7.45788e-09 0
          8.03205e-09 -7.48105e-09 0 1.1065e-08 -7.56606e-09 0 1.40657e-08 -7.86921e-09 0 1.66411e-08 -7.85866e-09 0
          1.91256e-08 -7.86185e-09 0 2.15555e-08 -7.85798e-09 0 2.39119e-08 -7.83911e-09 0 2.6172e-08 -7.80208e-09 0
          2.83e-08 -7.74392e-09 0 3.02585e-08 -7.66078e-09 0 3.20099e-08 -7.53349e-09 0 3.35001e-08 -7.35435e-09 0
          3.46573e-08 -7.12026e-09 0 3.54083e-08 -6.82923e-09 0 3.57021e-08 -6.4866e-09 0 3.554e-08 -6.11264e-09 0
          3.50006e-08 -5.74973e-09 0 3.42217e-08 -5.45656e-09 0 3.33111e-08 -5.29901e-09 0 3.27074e-08 -5.60381e-09 0
          3.29643e-08 -6.02408e-09 0 3.41434e-08 -6.32507e-09 0 3.58967e-08 -6.46912e-09 0 3.77688e-08 -6.43625e-09 0
          3.94848e-08 -6.28145e-09 0 4.09102e-08 -6.04776e-09 0 4.19772e-08 -5.79064e-09 0 4.27193e-08 -5.5842e-09 0
          4.33323e-08 -5.5022e-09 0 4.4097e-08 -5.53295e-09 0 4.5038e-08 -5.52783e-09 0 4.60527e-08 -5.5244e-09 0
          4.71134e-08 -5.49294e-09 0 4.81456e-08 -5.43118e-09 0 4.91076e-08 -5.36174e-09 0 5.00099e-08 -5.30272e-09 0
          5.08813e-08 -5.25826e-09 0 5.17544e-08 -5.23205e-09 0 5.2644e-08 -5.20929e-09 0 5.35421e-08 -5.1886e-09 0
          5.4443e-08 -5.16859e-09 0 5.53416e-08 -5.14983e-09 0 5.62373e-08 -5.13419e-09 0 5.71321e-08 -5.12222e-09 0
          5.80295e-08 -5.11455e-09 0 5.89323e-08 -5.11018e-09 0 5.98412e-08 -5.1087e-09 0 6.07569e-08 -5.1098e-09 0
          6.16797e-08 -5.11341e-09 0 6.26102e-08 -5.11936e-09 0 6.35492e-08 -5.1276e-09 0 6.44974e-08 -5.13795e-09 0
          6.54554e-08 -5.15023e-09 0 6.64236e-08 -5.16422e-09 0 6.74025e-08 -5.17978e-09 0 6.83923e-08 -5.19673e-09 0
          6.93932e-08 -5.21492e-09 0 7.04056e-08 -5.23418e-09 0 7.14296e-08 -5.25436e-09 0 7.24652e-08 -5.27531e-09 0
          7.35124e-08 -5.29687e-09 0 7.45714e-08 -5.31889e-09 0 7.56418e-08 -5.34123e-09 0 7.67237e-08 -5.36376e-09 0
          7.78168e-08 -5.38636e-09 0 7.89209e-08 -5.4089e-09 0 8.00358e-08 -5.43127e-09 0 8.1161e-08 -5.45337e-09 0
          8.22963e-08 -5.47511e-09 0 8.34413e-08 -5.4964e-09 0 8.45957e-08 -5.51717e-09 0 4.25876e-08 -2.76619e-09 0
          2.31034e-10 -9.40527e-09 0 4.4268e-10 -9.41492e-09 0 8.69031e-10 -9.43684e-09 0 1.30338e-09 -9.4687e-09 0
          1.74514e-09 -9.50925e-09 0 2.18955e-09 -9.55244e-09 0 2.67504e-09 -9.58153e-09 0 3.22397e-09 -9.63353e-09 0
          3.8305e-09 -9.68052e-09 0 4.5163e-09 -9.72169e-09 0 5.30031e-09 -9.75412e-09 0 6.20315e-09 -9.77333e-09 0
          7.24307e-09 -9.77438e-09 0 8.43104e-09 -9.7527e-09 0 9.80489e-09 -9.69815e-09 0 1.14151e-08 -9.60269e-09 0
          1.32894e-08 -9.4595e-09 0 1.54429e-08 -9.26496e-09 0 1.78777e-08 -9.02357e-09 0 2.06024e-08 -8.75152e-09 0
          2.3686e-08 -8.48103e-09 0 2.73405e-08 -8.24769e-09 0 3.20901e-08 -8.07613e-09 0 3.88202e-08 -8.2203e-09 0
          4.49042e-08 -8.41978e-09 0 4.81344e-08 -8.47359e-09 0 4.97568e-08 -8.32363e-09 0 5.02632e-08 -7.97759e-09 0
          4.99226e-08 -7.50376e-09 0 4.89244e-08 -6.97122e-09 0 4.75074e-08 -6.48267e-09 0 4.59373e-08 -6.14868e-09 0
          4.45373e-08 -6.14686e-09 0 4.39379e-08 -6.60996e-09 0 4.45721e-08 -6.9837e-09 0 4.60452e-08 -7.13796e-09 0
          4.76287e-08 -7.0423e-09 0 4.88772e-08 -6.82436e-09 0 4.97129e-08 -6.61194e-09 0 5.03277e-08 -6.51247e-09 0
          5.10328e-08 -6.52811e-09 0 5.18724e-08 -6.51016e-09 0 5.27569e-08 -6.50456e-09 0 5.36802e-08 -6.48494e-09 0
          5.45944e-08 -6.45077e-09 0 5.54762e-08 -6.41624e-09 0 5.63336e-08 -6.3906e-09 0 5.71921e-08 -6.37982e-09 0
          5.80648e-08 -6.37253e-09 0 5.89479e-08 -6.36923e-09 0 5.98402e-08 -6.36844e-09 0 6.07399e-08 -6.37038e-09 0
          6.16462e-08 -6.37479e-09 0 6.25601e-08 -6.383e-09 0 6.34838e-08 -6.39426e-09 0 6.44183e-08 -6.40825e-09 0
          6.5364e-08 -6.42461e-09 0 6.63213e-08 -6.44311e-09 0 6.72902e-08 -6.46347e-09 0 6.82711e-08 -6.48559e-09 0
          6.92642e-08 -6.50929e-09 0 7.02699e-08 -6.53435e-09 0 7.12881e-08 -6.56057e-09 0 7.23191e-08 -6.58774e-09 0
          7.33628e-08 -6.61564e-09 0 7.44192e-08 -6.6441e-09 0 7.5488e-08 -6.67293e-09 0 7.65692e-08 -6.70197e-09 0
          7.76624e-08 -6.73103e-09 0 7.87673e-08 -6.75999e-09 0 7.98838e-08 -6.78869e-09 0 8.10112e-08 -6.81701e-09 0
          8.21494e-08 -6.84483e-09 0 8.32978e-08 -6.87204e-09 0 8.44561e-08 -6.89855e-09 0 4.25188e-08 -3.45897e-09 0
          1.99686e-10 -9.24382e-09 0 3.81327e-10 -9.2578e-09 0 7.44914e-10 -9.29362e-09 0 1.10928e-09 -9.34638e-09 0
          1.47466e-09 -9.41198e-09 0 1.84348e-09 -9.48679e-09 0 2.21985e-09 -9.56974e-09 0 2.60198e-09 -9.66283e-09 0
          2.98602e-09 -9.76391e-09 0 3.37258e-09 -9.87097e-09 0 3.76291e-09 -9.98315e-09 0 4.15788e-09 -1.00993e-08 0
          4.5601e-09 -1.02171e-08 0 4.97651e-09 -1.03331e-08 0 5.40966e-09 -1.04486e-08 0 5.86324e-09 -1.05632e-08 0
          6.34923e-09 -1.06732e-08 0 6.88098e-09 -1.07755e-08 0 7.47491e-09 -1.0867e-08 0 8.1556e-09 -1.09447e-08 0
          8.95642e-09 -1.10059e-08 0 9.91644e-09 -1.10489e-08 0 1.10629e-08 -1.10742e-08 0 1.24104e-08 -1.10506e-08 0
          1.40907e-08 -1.09646e-08 0 1.6262e-08 -1.08004e-08 0 1.89548e-08 -1.05689e-08 0 2.2156e-08 -1.02656e-08 0
          2.58501e-08 -9.89515e-09 0 3.00353e-08 -9.48952e-09 0 3.47428e-08 -9.10584e-09 0 4.00811e-08 -8.79422e-09 0
          4.67e-08 -8.66242e-09 0 5.30537e-08 -8.8185e-09 0 5.65557e-08 -8.80479e-09 0 5.74415e-08 -8.51498e-09 0
          5.68179e-08 -8.00179e-09 0 5.53605e-08 -7.45743e-09 0 5.3551e-08 -7.05631e-09 0 5.18555e-08 -7.02113e-09 0
          5.10304e-08 -7.49791e-09 0 5.15156e-08 -7.85471e-09 0 5.27966e-08 -7.96716e-09 0 5.40765e-08 -7.84811e-09 0
          5.49881e-08 -7.68022e-09 0 5.56688e-08 -7.61056e-09 0 5.64091e-08 -7.62914e-09 0 5.72319e-08 -7.61376e-09 0
          5.80733e-08 -7.62147e-09 0 5.89551e-08 -7.62512e-09 0 5.98463e-08 -7.62092e-09 0 6.07239e-08 -7.61522e-09 0
          6.16004e-08 -7.62347e-09 0 6.24914e-08 -7.63452e-09 0 6.33949e-08 -7.65017e-09 0 6.43129e-08 -7.66934e-09 0
          6.52453e-08 -7.69071e-09 0 6.61898e-08 -7.71373e-09 0 6.71464e-08 -7.73946e-09 0 6.81161e-08 -7.76736e-09 0
          6.90993e-08 -7.79722e-09 0 7.00965e-08 -7.82888e-09 0 7.11079e-08 -7.86186e-09 0 7.21334e-08 -7.89592e-09 0
          7.3173e-08 -7.93085e-09 0 7.42264e-08 -7.9664e-09 0 7.52935e-08 -8.00235e-09 0 7.6374e-08 -8.03849e-09 0
          7.74676e-08 -8.07461e-09 0 7.8574e-08 -8.11051e-09 0 7.96927e-08 -8.14604e-09 0 8.08233e-08 -8.18104e-09 0
          8.19653e-08 -8.21537e-09 0 8.31183e-08 -8.2489e-09 0 8.42817e-08 -8.28152e-09 0 4.24329e-08 -4.15268e-09 0
          1.89716e-10 -8.63249e-09 0 3.62536e-10 -8.64742e-09 0 7.09386e-10 -8.68526e-09 0 1.05936e-09 -8.74046e-09 0
          1.41339e-09 -8.80904e-09 0 1.7718e-09 -8.88857e-09 0 2.13435e-09 -8.97771e-09 0 2.50089e-09 -9.07515e-09 0
          2.87134e-09 -9.18027e-09 0 3.24554e-09 -9.29218e-09 0 3.62404e-09 -9.41002e-09 0 4.00815e-09 -9.533e-09 0
          4.40001e-09 -9.66046e-09 0 4.80184e-09 -9.79237e-09 0 5.2143e-09 -9.92943e-09 0 5.63739e-09 -1.00713e-08 0
          6.07208e-09 -1.02179e-08 0 6.51912e-09 -1.03698e-08 0 6.97777e-09 -1.05275e-08 0 7.44305e-09 -1.06929e-08 0
          7.90763e-09 -1.08655e-08 0 8.36558e-09 -1.10427e-08 0 8.81636e-09 -1.12187e-08 0 9.27414e-09 -1.1387e-08 0
          9.76182e-09 -1.15447e-08 0 1.03012e-08 -1.16917e-08 0 1.09214e-08 -1.18224e-08 0 1.16603e-08 -1.19342e-08 0
          1.2561e-08 -1.20236e-08 0 1.36767e-08 -1.20832e-08 0 1.50762e-08 -1.21014e-08 0 1.68395e-08 -1.20675e-08 0
          1.90119e-08 -1.19683e-08 0 2.16719e-08 -1.17633e-08 0 2.50265e-08 -1.14018e-08 0 2.91814e-08 -1.0952e-08 0
          3.40542e-08 -1.04624e-08 0 3.95398e-08 -9.98622e-09 0 4.5571e-08 -9.58423e-09 0 5.25999e-08 -9.38754e-09 0
          5.89156e-08 -9.5095e-09 0 6.19801e-08 -9.3992e-09 0 6.22485e-08 -9.00819e-09 0 6.10335e-08 -8.47395e-09 0
          5.91341e-08 -8.04473e-09 0 5.72876e-08 -8.07854e-09 0 5.64299e-08 -8.57902e-09 0 5.68976e-08 -8.90042e-09 0
          5.80471e-08 -8.98147e-09 0 5.91155e-08 -8.88223e-09 0 5.99072e-08 -8.81338e-09 0 6.06953e-08 -8.85323e-09 0
          6.15424e-08 -8.84259e-09 0 6.23773e-08 -8.86659e-09 0 6.32623e-08 -8.9e-09 0 6.41804e-08 -8.92412e-09 0
          6.51006e-08 -8.94515e-09 0 6.60276e-08 -8.97491e-09 0 6.69686e-08 -9.00494e-09 0 6.79215e-08 -9.03942e-09 0
          6.88922e-08 -9.0777e-09 0 6.98805e-08 -9.11671e-09 0 7.08843e-08 -9.15731e-09 0 7.19037e-08 -9.19905e-09 0
          7.29384e-08 -9.24172e-09 0 7.39884e-08 -9.28527e-09 0 7.50539e-08 -9.32921e-09 0 7.61343e-08 -9.37321e-09 0
          7.7229e-08 -9.41705e-09 0 7.83376e-08 -9.46054e-09 0 7.94595e-08 -9.50349e-09 0 8.05942e-08 -9.54574e-09 0
          8.17413e-08 -9.58711e-09 0 8.29001e-08 -9.62744e-09 0 8.407e-08 -9.66661e-09 0 4.23288e-08 -4.8476e-09 0
          1.83398e-10 -8.01165e-09 0 3.50731e-10 -8.0277e-09 0 6.87146e-10 -8.06799e-09 0 1.02778e-09 -8.12624e-09 0
          1.37341e-09 -8.19829e-09 0 1.72405e-09 -8.28155e-09 0 2.07969e-09 -8.37438e-09 0 2.44032e-09 -8.47572e-09 0
          2.806e-09 -8.58474e-09 0 3.17697e-09 -8.70078e-09 0 3.55362e-09 -8.82326e-09 0 3.93653e-09 -8.95169e-09 0
          4.32634e-09 -9.08575e-09 0 4.72362e-09 -9.22524e-09 0 5.12875e-09 -9.37002e-09 0 5.54188e-09 -9.52009e-09 0
          5.96283e-09 -9.67551e-09 0 6.39099e-09 -9.83638e-09 0 6.82507e-09 -1.00029e-08 0 7.26279e-09 -1.01751e-08 0
          7.7018e-09 -1.03522e-08 0 8.14133e-09 -1.05331e-08 0 8.58331e-09 -1.0716e-08 0 9.03113e-09 -1.09002e-08 0
          9.48891e-09 -1.10858e-08 0 9.96123e-09 -1.12726e-08 0 1.0451e-08 -1.14623e-08 0 1.0958e-08 -1.16568e-08 0
          1.14773e-08 -1.18578e-08 0 1.20011e-08 -1.20637e-08 0 1.25257e-08 -1.22694e-08 0 1.30603e-08 -1.24659e-08 0
          1.36367e-08 -1.26427e-08 0 1.43113e-08 -1.27921e-08 0 1.51455e-08 -1.29166e-08 0 1.62077e-08 -1.30086e-08 0
          1.75794e-08 -1.30608e-08 0 1.93499e-08 -1.30575e-08 0 2.16171e-08 -1.29809e-08 0 2.44374e-08 -1.28187e-08 0
          2.7879e-08 -1.25284e-08 0 3.2174e-08 -1.20399e-08 0 3.74344e-08 -1.14777e-08 0 4.34797e-08 -1.09312e-08 0
          5.01254e-08 -1.04621e-08 0 5.77777e-08 -1.02969e-08 0 6.40639e-08 -1.04102e-08 0 6.65062e-08 -1.02159e-08 0
          6.62565e-08 -9.77427e-09 0 6.46118e-08 -9.28085e-09 0 6.24916e-08 -9.11134e-09 0 6.10929e-08 -9.63997e-09 0
          6.1143e-08 -1.00168e-08 0 6.21018e-08 -1.0179e-08 0 6.31499e-08 -1.01528e-08 0 6.40377e-08 -1.0155e-08 0
          6.49479e-08 -1.02071e-08 0 6.58579e-08 -1.02046e-08 0 6.67342e-08 -1.02499e-08 0 6.76681e-08 -1.03061e-08 0
          6.86356e-08 -1.03495e-08 0 6.9617e-08 -1.03991e-08 0 7.06158e-08 -1.04459e-08 0 7.16253e-08 -1.04946e-08 0
          7.26518e-08 -1.05474e-08 0 7.36989e-08 -1.06006e-08 0 7.4764e-08 -1.06536e-08 0 7.58456e-08 -1.07063e-08 0
          7.69424e-08 -1.07584e-08 0 7.80539e-08 -1.08102e-08 0 7.91801e-08 -1.08614e-08 0 8.03204e-08 -1.09115e-08 0
          8.1474e-08 -1.09606e-08 0 8.26402e-08 -1.10082e-08 0 8.38184e-08 -1.10545e-08 0 4.22052e-08 -5.54407e-09 0
          1.78658e-10 -7.402e-09 0 3.41898e-10 -7.41945e-09 0 6.70511e-10 -7.46274e-09 0 1.00408e-09 -7.52467e-09 0
          1.34334e-09 -7.6007e-09 0 1.6883e-09 -7.68812e-09 0 2.03895e-09 -7.78528e-09 0 2.3953e-09 -7.89108e-09 0
          2.75744e-09 -8.00474e-09 0 3.12551e-09 -8.12562e-09 0 3.49969e-09 -8.25323e-09 0 3.88019e-09 -8.38713e-09 0
          4.2672e-09 -8.52696e-09 0 4.66087e-09 -8.67246e-09 0 5.06126e-09 -8.8234e-09 0 5.4683e-09 -8.97961e-09 0
          5.88174e-09 -9.14097e-09 0 6.30116e-09 -9.30735e-09 0 6.72593e-09 -9.47861e-09 0 7.15541e-09 -9.65447e-09 0
          7.58915e-09 -9.83457e-09 0 8.02714e-09 -1.00184e-08 0 8.46994e-09 -1.02057e-08 0 8.91836e-09 -1.0396e-08 0
          9.37333e-09 -1.05894e-08 0 9.83577e-09 -1.07857e-08 0 1.03056e-08 -1.09856e-08 0 1.07814e-08 -1.11898e-08 0
          1.12605e-08 -1.13978e-08 0 1.17414e-08 -1.16092e-08 0 1.22253e-08 -1.18228e-08 0 1.2716e-08 -1.20366e-08 0
          1.32199e-08 -1.225e-08 0 1.37434e-08 -1.24642e-08 0 1.42896e-08 -1.26808e-08 0 1.48556e-08 -1.29022e-08 0
          1.5435e-08 -1.31265e-08 0 1.60299e-08 -1.33462e-08 0 1.66636e-08 -1.35492e-08 0 1.73922e-08 -1.37224e-08 0
          1.8306e-08 -1.38571e-08 0 1.95029e-08 -1.3956e-08 0 2.10858e-08 -1.40062e-08 0 2.31696e-08 -1.3991e-08 0
          2.58619e-08 -1.38928e-08 0 2.9208e-08 -1.36983e-08 0 3.32961e-08 -1.33505e-08 0 3.83952e-08 -1.27831e-08 0
          4.45671e-08 -1.21726e-08 0 5.15564e-08 -1.16219e-08 0 5.96798e-08 -1.13034e-08 0 6.69806e-08 -1.14822e-08 0
          7.03952e-08 -1.13456e-08 0 7.04028e-08 -1.09429e-08 0 6.86676e-08 -1.04622e-08 0 6.64713e-08 -1.05067e-08 0
          6.5227e-08 -1.10645e-08 0 6.54044e-08 -1.13864e-08 0 6.6331e-08 -1.15271e-08 0 6.73185e-08 -1.1555e-08 0
          6.83328e-08 -1.16594e-08 0 6.93671e-08 -1.16656e-08 0 7.03039e-08 -1.17049e-08 0 7.12696e-08 -1.17817e-08 0
          7.22942e-08 -1.18495e-08 0 7.33484e-08 -1.19161e-08 0 7.44233e-08 -1.19777e-08 0 7.5507e-08 -1.2036e-08 0
          7.66023e-08 -1.20979e-08 0 7.77169e-08 -1.21598e-08 0 7.88495e-08 -1.22203e-08 0 7.99979e-08 -1.22793e-08 0
          8.11603e-08 -1.23363e-08 0 8.23355e-08 -1.23919e-08 0 8.35236e-08 -1.24458e-08 0 4.20604e-08 -6.24253e-09 0
          1.74799e-10 -6.80477e-09 0 3.34773e-10 -6.82386e-09 0 6.5724e-10 -6.87055e-09 0 9.8538e-10 -6.93659e-09 0
          1.31983e-09 -7.01704e-09 0 1.66057e-09 -7.10906e-09 0 2.00754e-09 -7.21098e-09 0 2.36073e-09 -7.32168e-09 0
          2.72017e-09 -7.44038e-09 0 3.0859e-09 -7.56645e-09 0 3.45797e-09 -7.69937e-09 0 3.83639e-09 -7.8387e-09 0
          4.22119e-09 -7.98406e-09 0 4.61232e-09 -8.13514e-09 0 5.00972e-09 -8.29164e-09 0 5.41324e-09 -8.45334e-09 0
          5.82269e-09 -8.62e-09 0 6.23783e-09 -8.79142e-09 0 6.65837e-09 -8.96738e-09 0 7.08409e-09 -9.14765e-09 0
          7.51482e-09 -9.33199e-09 0 7.95054e-09 -9.52016e-09 0 8.39136e-09 -9.71192e-09 0 8.83746e-09 -9.90712e-09 0
          9.28908e-09 -1.01056e-08 0 9.74629e-09 -1.03075e-08 0 1.02088e-08 -1.05126e-08 0 1.06762e-08 -1.0721e-08 0
          1.11483e-08 -1.09323e-08 0 1.16246e-08 -1.11466e-08 0 1.21049e-08 -1.13636e-08 0 1.25901e-08 -1.1583e-08 0
          1.3082e-08 -1.18049e-08 0 1.35812e-08 -1.20294e-08 0 1.40872e-08 -1.22567e-08 0 1.45987e-08 -1.24868e-08 0
          1.51148e-08 -1.2719e-08 0 1.56373e-08 -1.29518e-08 0 1.61717e-08 -1.31838e-08 0 1.67261e-08 -1.34151e-08 0
          1.73062e-08 -1.36479e-08 0 1.7913e-08 -1.38832e-08 0 1.85452e-08 -1.41198e-08 0 1.92124e-08 -1.43484e-08 0
          1.99535e-08 -1.45548e-08 0 2.0851e-08 -1.4724e-08 0 2.2027e-08 -1.48475e-08 0 2.36103e-08 -1.49268e-08 0
          2.57309e-08 -1.49429e-08 0 2.85187e-08 -1.4879e-08 0 3.20372e-08 -1.47281e-08 0 3.63221e-08 -1.44384e-08 0
          4.16822e-08 -1.38767e-08 0 4.82996e-08 -1.32393e-08 0 5.59706e-08 -1.26641e-08 0 6.51478e-08 -1.25275e-08 0
          7.24086e-08 -1.2717e-08 0 7.47756e-08 -1.24904e-08 0 7.41103e-08 -1.20482e-08 0 7.18135e-08 -1.16856e-08 0
          6.97017e-08 -1.22698e-08 0 6.91037e-08 -1.26877e-08 0 6.96871e-08 -1.29515e-08 0 7.06877e-08 -1.30667e-08 0
          7.18256e-08 -1.32124e-08 0 7.30174e-08 -1.32507e-08 0 7.40746e-08 -1.32716e-08 0 7.50968e-08 -1.33537e-08 0
          7.61829e-08 -1.34361e-08 0 7.73123e-08 -1.35148e-08 0 7.84676e-08 -1.35851e-08 0 7.96288e-08 -1.36478e-08 0
          8.07961e-08 -1.37137e-08 0 8.19801e-08 -1.37789e-08 0 8.31808e-08 -1.3842e-08 0 4.18925e-08 -6.94372e-09 0
          1.71515e-10 -6.22009e-09 0 3.28802e-10 -6.24111e-09 0 6.4632e-10 -6.29162e-09 0 9.70275e-10 -6.36216e-09 0
          1.30117e-09 -6.44739e-09 0 1.63891e-09 -6.54437e-09 0 1.98338e-09 -6.65137e-09 0 2.33454e-09 -6.76728e-09 0
          2.69233e-09 -6.89127e-09 0 3.05671e-09 -7.0227e-09 0 3.42763e-09 -7.16102e-09 0 3.805e-09 -7.30578e-09 0
          4.18873e-09 -7.45657e-09 0 4.57867e-09 -7.61304e-09 0 4.97469e-09 -7.77487e-09 0 5.37662e-09 -7.9418e-09 0
          5.78428e-09 -8.11356e-09 0 6.19747e-09 -8.28993e-09 0 6.61601e-09 -8.47069e-09 0 7.03974e-09 -8.65563e-09 0
          7.46855e-09 -8.84455e-09 0 7.90235e-09 -9.03725e-09 0 8.34112e-09 -9.23358e-09 0 8.78486e-09 -9.43338e-09 0
          9.23355e-09 -9.63652e-09 0 9.68717e-09 -9.8429e-09 0 1.01456e-08 -1.00524e-08 0 1.06089e-08 -1.02649e-08 0
          1.10768e-08 -1.04803e-08 0 1.15493e-08 -1.06985e-08 0 1.20266e-08 -1.09192e-08 0 1.25083e-08 -1.11427e-08 0
          1.29943e-08 -1.13687e-08 0 1.34848e-08 -1.15975e-08 0 1.39804e-08 -1.18286e-08 0 1.44811e-08 -1.2062e-08 0
          1.49869e-08 -1.22973e-08 0 1.54981e-08 -1.25343e-08 0 1.60157e-08 -1.27729e-08 0 1.65401e-08 -1.30134e-08 0
          1.70712e-08 -1.32559e-08 0 1.76085e-08 -1.35004e-08 0 1.81523e-08 -1.37461e-08 0 1.87061e-08 -1.39916e-08 0
          1.92771e-08 -1.42359e-08 0 1.98746e-08 -1.44798e-08 0 2.05046e-08 -1.47253e-08 0 2.1171e-08 -1.49717e-08 0
          2.18846e-08 -1.5213e-08 0 2.26841e-08 -1.54352e-08 0 2.36564e-08 -1.56215e-08 0 2.49427e-08 -1.5759e-08 0
          2.66972e-08 -1.58516e-08 0 2.90704e-08 -1.58806e-08 0 3.21983e-08 -1.58361e-08 0 3.61127e-08 -1.57074e-08 0
          4.09284e-08 -1.53956e-08 0 4.70495e-08 -1.4797e-08 0 5.46355e-08 -1.41614e-08 0 6.39824e-08 -1.36964e-08 0
          7.34814e-08 -1.40186e-08 0 7.86009e-08 -1.39721e-08 0 7.88535e-08 -1.36167e-08 0 7.67674e-08 -1.31752e-08 0
          7.43063e-08 -1.37001e-08 0 7.31968e-08 -1.41727e-08 0 7.34236e-08 -1.44638e-08 0 7.4338e-08 -1.46614e-08 0
          7.55803e-08 -1.48628e-08 0 7.69361e-08 -1.49183e-08 0 7.81113e-08 -1.49205e-08 0 7.91985e-08 -1.50024e-08 0
          8.03492e-08 -1.50912e-08 0 8.15549e-08 -1.51776e-08 0 8.27917e-08 -1.52497e-08 0 4.17065e-08 -7.64768e-09 0
          1.6863e-10 -5.64811e-09 0 3.23678e-10 -5.6714e-09 0 6.37202e-10 -5.72619e-09 0 9.58023e-10 -5.80163e-09 0
          1.28647e-09 -5.892e-09 0 1.62236e-09 -5.99426e-09 0 1.96551e-09 -6.10665e-09 0 2.3158e-09 -6.22801e-09 0
          2.67313e-09 -6.3575e-09 0 3.03736e-09 -6.49443e-09 0 3.40834e-09 -6.63823e-09 0 3.78589e-09 -6.78843e-09 0
          4.16982e-09 -6.94459e-09 0 4.55993e-09 -7.10634e-09 0 4.95601e-09 -7.27337e-09 0 5.35786e-09 -7.44538e-09 0
          5.76525e-09 -7.62211e-09 0 6.17801e-09 -7.80334e-09 0 6.59596e-09 -7.98884e-09 0 7.01893e-09 -8.17842e-09 0
          7.44681e-09 -8.3719e-09 0 7.87947e-09 -8.5691e-09 0 8.31686e-09 -8.76988e-09 0 8.7589e-09 -8.97408e-09 0
          9.20554e-09 -9.18157e-09 0 9.65673e-09 -9.39223e-09 0 1.01124e-08 -9.60592e-09 0 1.05726e-08 -9.82254e-09 0
          1.10372e-08 -1.0042e-08 0 1.15062e-08 -1.0264e-08 0 1.19796e-08 -1.04887e-08 0 1.24574e-08 -1.07158e-08 0
          1.29395e-08 -1.09453e-08 0 1.34253e-08 -1.11774e-08 0 1.39149e-08 -1.14118e-08 0 1.4409e-08 -1.16484e-08 0
          1.49078e-08 -1.18868e-08 0 1.54114e-08 -1.2127e-08 0 1.59197e-08 -1.23688e-08 0 1.64328e-08 -1.26123e-08 0
          1.69504e-08 -1.28574e-08 0 1.74725e-08 -1.31039e-08 0 1.79994e-08 -1.33516e-08 0 1.85316e-08 -1.36005e-08 0
          1.907e-08 -1.38506e-08 0 1.9615e-08 -1.41021e-08 0 2.01669e-08 -1.4355e-08 0 2.07263e-08 -1.4609e-08 0
          2.12969e-08 -1.48627e-08 0 2.18865e-08 -1.51154e-08 0 2.25059e-08 -1.53673e-08 0 2.31645e-08 -1.56207e-08 0
          2.38715e-08 -1.58744e-08 0 2.46466e-08 -1.61227e-08 0 2.55428e-08 -1.63509e-08 0 2.66716e-08 -1.65414e-08 0
          2.82035e-08 -1.66834e-08 0 3.03178e-08 -1.67817e-08 0 3.31808e-08 -1.68212e-08 0 3.68915e-08 -1.68076e-08 0
          4.14374e-08 -1.66826e-08 0 4.72433e-08 -1.62128e-08 0 5.48124e-08 -1.5583e-08 0 6.4449e-08 -1.50344e-08 0
          7.57168e-08 -1.53711e-08 0 8.28226e-08 -1.54678e-08 0 8.364e-08 -1.51564e-08 0 8.16395e-08 -1.4734e-08 0
          7.89654e-08 -1.5315e-08 0 7.75439e-08 -1.57814e-08 0 7.74835e-08 -1.60637e-08 0 7.8294e-08 -1.63287e-08 0
          7.96523e-08 -1.66011e-08 0 8.11858e-08 -1.66456e-08 0 8.24614e-08 -1.66269e-08 0 4.15099e-08 -8.34114e-09 0
          1.66024e-10 -5.08905e-09 0 3.19206e-10 -5.11508e-09 0 6.29565e-10 -5.17467e-09 0 9.48212e-10 -5.25547e-09 0
          1.27527e-09 -5.35136e-09 0 1.61044e-09 -5.45925e-09 0 1.95346e-09 -5.57733e-09 0 2.30415e-09 -5.70439e-09 0
          2.66229e-09 -5.83955e-09 0 3.02765e-09 -5.9821e-09 0 3.39998e-09 -6.13144e-09 0 3.779e-09 -6.28707e-09 0
          4.16442e-09 -6.44854e-09 0 4.55598e-09 -6.61549e-09 0 4.95339e-09 -6.78757e-09 0 5.3564e-09 -6.96451e-09 0
          5.76477e-09 -7.14605e-09 0 6.17826e-09 -7.33197e-09 0 6.5967e-09 -7.52205e-09 0 7.01991e-09 -7.71611e-09 0
          7.44774e-09 -7.91398e-09 0 7.88008e-09 -8.1155e-09 0 8.31681e-09 -8.32052e-09 0 8.75787e-09 -8.5289e-09 0
          9.20318e-09 -8.7405e-09 0 9.65268e-09 -8.95519e-09 0 1.01063e-08 -9.17284e-09 0 1.05641e-08 -9.39333e-09 0
          1.10259e-08 -9.61652e-09 0 1.14917e-08 -9.84229e-09 0 1.19616e-08 -1.00705e-08 0 1.24354e-08 -1.03011e-08 0
          1.29132e-08 -1.05339e-08 0 1.33948e-08 -1.07689e-08 0 1.38798e-08 -1.1006e-08 0 1.43681e-08 -1.12453e-08 0
          1.48602e-08 -1.14865e-08 0 1.53565e-08 -1.17291e-08 0 1.58567e-08 -1.19732e-08 0 1.63607e-08 -1.22186e-08 0
          1.68685e-08 -1.24653e-08 0 1.738e-08 -1.2713e-08 0 1.78951e-08 -1.29619e-08 0 1.8414e-08 -1.32117e-08 0
          1.89365e-08 -1.34625e-08 0 1.94626e-08 -1.37142e-08 0 1.99924e-08 -1.39667e-08 0 2.0526e-08 -1.422e-08 0
          2.10642e-08 -1.44739e-08 0 2.16078e-08 -1.47286e-08 0 2.21577e-08 -1.49842e-08 0 2.27146e-08 -1.52407e-08 0
          2.32806e-08 -1.5498e-08 0 2.38609e-08 -1.57549e-08 0 2.44655e-08 -1.60109e-08 0 2.51078e-08 -1.6267e-08 0
          2.58005e-08 -1.65254e-08 0 2.65608e-08 -1.6784e-08 0 2.74264e-08 -1.7035e-08 0 2.84838e-08 -1.72622e-08 0
          2.98959e-08 -1.74477e-08 0 3.18608e-08 -1.75985e-08 0 3.45735e-08 -1.77082e-08 0 3.81718e-08 -1.77887e-08 0
          4.26229e-08 -1.77987e-08 0 4.83425e-08 -1.74812e-08 0 5.60738e-08 -1.68983e-08 0 6.64443e-08 -1.63641e-08 0
          7.94271e-08 -1.68107e-08 0 8.78294e-08 -1.69754e-08 0 8.87628e-08 -1.66855e-08 0 8.66169e-08 -1.63199e-08 0
          8.37633e-08 -1.70948e-08 0 8.21651e-08 -1.7467e-08 0 8.18683e-08 -1.77292e-08 0 4.1019e-08 -8.98186e-09 0
          1.63598e-10 -4.54329e-09 0 3.15246e-10 -4.57264e-09 0 6.23207e-10 -4.63768e-09 0 9.40617e-10 -4.72434e-09 0
          1.26735e-09 -4.82621e-09 0 1.60298e-09 -4.94011e-09 0 1.94714e-09 -5.06419e-09 0 2.29954e-09 -5.1972e-09 0
          2.65984e-09 -5.33822e-09 0 3.02768e-09 -5.48649e-09 0 3.40269e-09 -5.64139e-09 0 3.78447e-09 -5.8024e-09 0
          4.17265e-09 -5.96909e-09 0 4.56686e-09 -6.14107e-09 0 4.96675e-09 -6.31804e-09 0 5.37202e-09 -6.49969e-09 0
          5.78237e-09 -6.68581e-09 0 6.19756e-09 -6.87617e-09 0 6.61738e-09 -7.07058e-09 0 7.04163e-09 -7.26886e-09 0
          7.47016e-09 -7.47086e-09 0 7.90283e-09 -7.67642e-09 0 8.33954e-09 -7.8854e-09 0 8.78018e-09 -8.09766e-09 0
          9.22468e-09 -8.31306e-09 0 9.67297e-09 -8.53145e-09 0 1.0125e-08 -8.75272e-09 0 1.05807e-08 -8.97671e-09 0
          1.104e-08 -9.20329e-09 0 1.15029e-08 -9.43234e-09 0 1.19693e-08 -9.6637e-09 0 1.24392e-08 -9.89725e-09 0
          1.29125e-08 -1.01328e-08 0 1.33892e-08 -1.03704e-08 0 1.38691e-08 -1.06097e-08 0 1.43517e-08 -1.08509e-08 0
          1.48371e-08 -1.10938e-08 0 1.53256e-08 -1.13381e-08 0 1.58171e-08 -1.15835e-08 0 1.63116e-08 -1.18298e-08 0
          1.6809e-08 -1.2077e-08 0 1.7309e-08 -1.23249e-08 0 1.78115e-08 -1.25735e-08 0 1.83166e-08 -1.28227e-08 0
          1.88239e-08 -1.30723e-08 0 1.93336e-08 -1.33225e-08 0 1.98454e-08 -1.35729e-08 0 2.03593e-08 -1.38237e-08 0
          2.08753e-08 -1.40748e-08 0 2.13934e-08 -1.43262e-08 0 2.19136e-08 -1.45779e-08 0 2.24361e-08 -1.48298e-08 0
          2.29611e-08 -1.50819e-08 0 2.34897e-08 -1.53342e-08 0 2.40229e-08 -1.5587e-08 0 2.45621e-08 -1.58405e-08 0
          2.5109e-08 -1.60947e-08 0 2.5668e-08 -1.63494e-08 0 2.62478e-08 -1.66037e-08 0 2.68628e-08 -1.68584e-08 0
          2.75293e-08 -1.71161e-08 0 2.82664e-08 -1.73778e-08 0 2.91065e-08 -1.76407e-08 0 3.01214e-08 -1.78929e-08 0
          3.1462e-08 -1.81155e-08 0 3.33411e-08 -1.83104e-08 0 3.59811e-08 -1.84865e-08 0 3.9541e-08 -1.86639e-08 0
          4.39768e-08 -1.88051e-08 0 4.97672e-08 -1.86138e-08 0 5.79181e-08 -1.81002e-08 0 6.95958e-08 -1.76468e-08 0
          8.45534e-08 -1.83331e-08 0 9.38029e-08 -1.84788e-08 0 9.44437e-08 -1.82154e-08 0 4.69444e-08 -9.42764e-09 0
          1.61252e-10 -4.01132e-09 0 3.11684e-10 -4.04481e-09 0 6.17999e-10 -4.11603e-09 0 9.35137e-10 -4.20918e-09 0
          1.26268e-09 -4.31754e-09 0 1.60003e-09 -4.43789e-09 0 1.94672e-09 -4.56832e-09 0 2.30225e-09 -4.70753e-09 0
          2.66614e-09 -4.85455e-09 0 3.03788e-09 -5.00859e-09 0 3.41692e-09 -5.16901e-09 0 3.80276e-09 -5.33531e-09 0
          4.19489e-09 -5.50703e-09 0 4.59286e-09 -5.68383e-09 0 4.99626e-09 -5.86539e-09 0 5.40472e-09 -6.05147e-09 0
          5.81792e-09 -6.24185e-09 0 6.23559e-09 -6.43632e-09 0 6.65748e-09 -6.63471e-09 0 7.08339e-09 -6.83686e-09 0
          7.51317e-09 -7.04263e-09 0 7.94667e-09 -7.25186e-09 0 8.38376e-09 -7.46441e-09 0 8.82435e-09 -7.68014e-09 0
          9.26834e-09 -7.89891e-09 0 9.71565e-09 -8.12057e-09 0 1.01662e-08 -8.34496e-09 0 1.06199e-08 -8.57195e-09 0
          1.10767e-08 -8.80138e-09 0 1.15365e-08 -9.03308e-09 0 1.19993e-08 -9.26691e-09 0 1.24649e-08 -9.5027e-09 0
          1.29332e-08 -9.7403e-09 0 1.34042e-08 -9.97955e-09 0 1.38776e-08 -1.02203e-08 0 1.43534e-08 -1.04624e-08 0
          1.48312e-08 -1.07059e-08 0 1.53107e-08 -1.09506e-08 0 1.57922e-08 -1.11958e-08 0 1.62755e-08 -1.14416e-08 0
          1.67603e-08 -1.16877e-08 0 1.72466e-08 -1.19341e-08 0 1.77341e-08 -1.21807e-08 0 1.82227e-08 -1.24273e-08 0
          1.87122e-08 -1.26738e-08 0 1.92025e-08 -1.29203e-08 0 1.96933e-08 -1.31665e-08 0 2.01847e-08 -1.34125e-08 0
          2.06764e-08 -1.36582e-08 0 2.11682e-08 -1.39036e-08 0 2.16602e-08 -1.41486e-08 0 2.21521e-08 -1.43933e-08 0
          2.26441e-08 -1.46376e-08 0 2.31359e-08 -1.48816e-08 0 2.36278e-08 -1.51252e-08 0 2.41197e-08 -1.53687e-08 0
          2.46121e-08 -1.56119e-08 0 2.51057e-08 -1.5855e-08 0 2.56019e-08 -1.60982e-08 0 2.61022e-08 -1.63418e-08 0
          2.66089e-08 -1.65863e-08 0 2.71258e-08 -1.68317e-08 0 2.76611e-08 -1.70779e-08 0 2.82295e-08 -1.73253e-08 0
          2.88497e-08 -1.75769e-08 0 2.95432e-08 -1.78361e-08 0 3.03414e-08 -1.81037e-08 0 3.13088e-08 -1.83727e-08 0
          3.2589e-08 -1.86252e-08 0 3.44038e-08 -1.88638e-08 0 3.69949e-08 -1.91099e-08 0 4.05272e-08 -1.93982e-08 0
          4.49301e-08 -1.96805e-08 0 5.08443e-08 -1.9593e-08 0 5.96146e-08 -1.91747e-08 0 3.24304e-08 -1.01342e-08 0
          1.58882e-10 -3.49377e-09 0 3.08413e-10 -3.53248e-09 0 6.13869e-10 -3.61083e-09 0 9.3179e-10 -3.71118e-09 0
          1.26141e-09 -3.82666e-09 0 1.60193e-09 -3.95395e-09 0 1.95266e-09 -4.0911e-09 0 2.3129e-09 -4.23674e-09 0
          2.68193e-09 -4.38985e-09 0 3.05903e-09 -4.54963e-09 0 3.44347e-09 -4.71545e-09 0 3.83461e-09 -4.8868e-09 0
          4.23182e-09 -5.06327e-09 0 4.63455e-09 -5.24454e-09 0 5.04233e-09 -5.43033e-09 0 5.45476e-09 -5.62042e-09 0
          5.87147e-09 -5.81463e-09 0 6.29217e-09 -6.01277e-09 0 6.71663e-09 -6.21469e-09 0 7.14462e-09 -6.42026e-09 0
          7.57598e-09 -6.62931e-09 0 8.01055e-09 -6.84172e-09 0 8.44821e-09 -7.05734e-09 0 8.88884e-09 -7.27601e-09 0
          9.33233e-09 -7.49758e-09 0 9.77857e-09 -7.72188e-09 0 1.02275e-08 -7.94875e-09 0 1.06789e-08 -8.17802e-09 0
          1.11327e-08 -8.4095e-09 0 1.15889e-08 -8.64301e-09 0 1.20472e-08 -8.87837e-09 0 1.25075e-08 -9.11538e-09 0
          1.29697e-08 -9.35385e-09 0 1.34336e-08 -9.5936e-09 0 1.3899e-08 -9.83444e-09 0 1.43658e-08 -1.00762e-08 0
          1.48335e-08 -1.03187e-08 0 1.53019e-08 -1.05619e-08 0 1.57707e-08 -1.08052e-08 0 1.62397e-08 -1.10484e-08 0
          1.67089e-08 -1.12913e-08 0 1.71778e-08 -1.15339e-08 0 1.76463e-08 -1.1776e-08 0 1.81143e-08 -1.20175e-08 0
          1.85814e-08 -1.22583e-08 0 1.90474e-08 -1.24984e-08 0 1.95123e-08 -1.27375e-08 0 1.99758e-08 -1.29758e-08 0
          2.04377e-08 -1.32131e-08 0 2.08979e-08 -1.34494e-08 0 2.13561e-08 -1.36846e-08 0 2.18124e-08 -1.39189e-08 0
          2.22664e-08 -1.41521e-08 0 2.27181e-08 -1.43842e-08 0 2.31674e-08 -1.46154e-08 0 2.36141e-08 -1.48456e-08 0
          2.40583e-08 -1.50749e-08 0 2.44998e-08 -1.53033e-08 0 2.49389e-08 -1.55309e-08 0 2.53754e-08 -1.57579e-08 0
          2.58099e-08 -1.59843e-08 0 2.6243e-08 -1.62102e-08 0 2.66762e-08 -1.64361e-08 0 2.71111e-08 -1.66622e-08 0
          2.75504e-08 -1.68893e-08 0 2.79979e-08 -1.71179e-08 0 2.84617e-08 -1.73482e-08 0 2.89566e-08 -1.7581e-08 0
          2.9503e-08 -1.782e-08 0 3.0124e-08 -1.80705e-08 0 3.08498e-08 -1.83368e-08 0 3.17389e-08 -1.86161e-08 0
          3.29316e-08 -1.88921e-08 0 3.46511e-08 -1.91745e-08 0 3.71465e-08 -1.94952e-08 0 1.93098e-08 -1.02064e-08 0
          1.56364e-10 -2.99141e-09 0 3.05342e-10 -3.03685e-09 0 6.10822e-10 -3.12345e-09 0 9.30755e-10 -3.23192e-09 0
          1.26396e-09 -3.35523e-09 0 1.60933e-09 -3.49001e-09 0 1.96588e-09 -3.63423e-09 0 2.33257e-09 -3.78646e-09 0
          2.70839e-09 -3.94566e-09 0 3.09235e-09 -4.11102e-09 0 3.48353e-09 -4.28195e-09 0 3.88111e-09 -4.45798e-09 0
          4.28437e-09 -4.63876e-09 0 4.69267e-09 -4.82401e-09 0 5.10551e-09 -5.01351e-09 0 5.52244e-09 -5.20708e-09 0
          5.9431e-09 -5.40455e-09 0 6.36718e-09 -5.6058e-09 0 6.79443e-09 -5.81069e-09 0 7.22465e-09 -6.01907e-09 0
          7.65765e-09 -6.2308e-09 0 8.09327e-09 -6.44576e-09 0 8.53137e-09 -6.66376e-09 0 8.97179e-09 -6.88465e-09 0
          9.41441e-09 -7.10826e-09 0 9.85907e-09 -7.33438e-09 0 1.03056e-08 -7.56282e-09 0 1.07539e-08 -7.79337e-09 0
          1.12037e-08 -8.02582e-09 0 1.16549e-08 -8.25994e-09 0 1.21073e-08 -8.49551e-09 0 1.25606e-08 -8.7323e-09 0
          1.30146e-08 -8.97009e-09 0 1.34691e-08 -9.20864e-09 0 1.39238e-08 -9.44773e-09 0 1.43785e-08 -9.68713e-09 0
          1.48327e-08 -9.9266e-09 0 1.5286e-08 -1.0166e-08 0 1.57379e-08 -1.04047e-08 0 1.61883e-08 -1.06427e-08 0
          1.66368e-08 -1.08796e-08 0 1.70831e-08 -1.11155e-08 0 1.7527e-08 -1.13501e-08 0 1.79684e-08 -1.15834e-08 0
          1.84068e-08 -1.18151e-08 0 1.88422e-08 -1.20454e-08 0 1.92743e-08 -1.22741e-08 0 1.97029e-08 -1.25011e-08 0
          2.01278e-08 -1.27264e-08 0 2.05489e-08 -1.29499e-08 0 2.0966e-08 -1.31718e-08 0 2.13789e-08 -1.33919e-08 0
          2.17875e-08 -1.36102e-08 0 2.21917e-08 -1.38268e-08 0 2.25913e-08 -1.40418e-08 0 2.29862e-08 -1.42551e-08 0
          2.33763e-08 -1.44667e-08 0 2.37614e-08 -1.46768e-08 0 2.41414e-08 -1.48854e-08 0 2.45163e-08 -1.50925e-08 0
          2.48859e-08 -1.52983e-08 0 2.52503e-08 -1.55027e-08 0 2.56095e-08 -1.5706e-08 0 2.59635e-08 -1.59083e-08 0
          2.63128e-08 -1.61097e-08 0 2.6658e-08 -1.63104e-08 0 2.70007e-08 -1.65108e-08 0 2.73427e-08 -1.67114e-08 0
          2.76868e-08 -1.69132e-08 0 2.80369e-08 -1.71171e-08 0 2.8401e-08 -1.73237e-08 0 2.87942e-08 -1.75344e-08 0
          2.92372e-08 -1.77536e-08 0 2.97531e-08 -1.79885e-08 0 3.03683e-08 -1.82468e-08 0 1.53521e-08 -9.31451e-09 0
          1.5356e-10 -2.50522e-09 0 3.02399e-10 -2.55944e-09 0 6.08986e-10 -2.65572e-09 0 9.32475e-10 -2.77341e-09 0
          1.27114e-09 -2.9054e-09 0 1.62343e-09 -3.04825e-09 0 1.98785e-09 -3.19983e-09 0 2.36293e-09 -3.35867e-09 0
          2.74725e-09 -3.52375e-09 0 3.13952e-09 -3.69433e-09 0 3.53863e-09 -3.86986e-09 0 3.9436e-09 -4.04999e-09 0
          4.35362e-09 -4.23444e-09 0 4.76804e-09 -4.42299e-09 0 5.18632e-09 -4.61551e-09 0 5.608e-09 -4.81185e-09 0
          6.03274e-09 -5.0119e-09 0 6.46023e-09 -5.21554e-09 0 6.89022e-09 -5.42264e-09 0 7.3225e-09 -5.63309e-09 0
          7.75686e-09 -5.84672e-09 0 8.19312e-09 -6.06338e-09 0 8.6311e-09 -6.28289e-09 0 9.07061e-09 -6.50505e-09 0
          9.51146e-09 -6.72964e-09 0 9.95343e-09 -6.95644e-09 0 1.03963e-08 -7.1852e-09 0 1.08399e-08 -7.41566e-09 0
          1.12838e-08 -7.64756e-09 0 1.17278e-08 -7.88064e-09 0 1.21717e-08 -8.11462e-09 0 1.26151e-08 -8.34922e-09 0
          1.30577e-08 -8.58418e-09 0 1.34991e-08 -8.81923e-09 0 1.39389e-08 -9.05408e-09 0 1.43768e-08 -9.28847e-09 0
          1.48124e-08 -9.52209e-09 0 1.5245e-08 -9.75457e-09 0 1.56742e-08 -9.98558e-09 0 1.60994e-08 -1.02149e-08 0
          1.65204e-08 -1.04424e-08 0 1.69371e-08 -1.06679e-08 0 1.7349e-08 -1.08913e-08 0 1.7756e-08 -1.11126e-08 0
          1.81579e-08 -1.13315e-08 0 1.85544e-08 -1.15481e-08 0 1.89454e-08 -1.17623e-08 0 1.93307e-08 -1.19741e-08 0
          1.97102e-08 -1.21835e-08 0 2.00837e-08 -1.23904e-08 0 2.04511e-08 -1.25948e-08 0 2.08123e-08 -1.27969e-08 0
          2.11672e-08 -1.29965e-08 0 2.15157e-08 -1.31938e-08 0 2.18576e-08 -1.33887e-08 0 2.2193e-08 -1.35813e-08 0
          2.25217e-08 -1.37718e-08 0 2.28436e-08 -1.396e-08 0 2.31587e-08 -1.41461e-08 0 2.34668e-08 -1.43302e-08 0
          2.37678e-08 -1.45123e-08 0 2.40616e-08 -1.46924e-08 0 2.43482e-08 -1.48707e-08 0 2.46274e-08 -1.50473e-08 0
          2.48993e-08 -1.52221e-08 0 2.51637e-08 -1.53954e-08 0 2.54208e-08 -1.55673e-08 0 2.56708e-08 -1.57379e-08 0
          2.5914e-08 -1.59075e-08 0 2.61514e-08 -1.60764e-08 0 2.63844e-08 -1.6245e-08 0 2.66152e-08 -1.6414e-08 0
          2.68466e-08 -1.65846e-08 0 2.70827e-08 -1.67582e-08 0 2.73309e-08 -1.69357e-08 0 1.37297e-08 -8.56609e-09 0
          1.50294e-10 -2.03643e-09 0 2.99569e-10 -2.10227e-09 0 6.08742e-10 -2.21007e-09 0 9.37872e-10 -2.33835e-09 0
          1.28448e-09 -2.47999e-09 0 1.64625e-09 -2.63141e-09 0 2.02093e-09 -2.79043e-09 0 2.40643e-09 -2.95563e-09 0
          2.80087e-09 -3.12607e-09 0 3.20268e-09 -3.30115e-09 0 3.61055e-09 -3.4805e-09 0 4.02347e-09 -3.66387e-09 0
          4.44059e-09 -3.8511e-09 0 4.86127e-09 -4.04208e-09 0 5.28499e-09 -4.23672e-09 0 5.71132e-09 -4.43495e-09 0
          6.13991e-09 -4.63669e-09 0 6.57048e-09 -4.84181e-09 0 7.00275e-09 -5.05022e-09 0 7.43649e-09 -5.26176e-09 0
          7.87147e-09 -5.47627e-09 0 8.30745e-09 -5.69354e-09 0 8.74418e-09 -5.91336e-09 0 9.1814e-09 -6.13548e-09 0
          9.61882e-09 -6.35963e-09 0 1.00561e-08 -6.58553e-09 0 1.0493e-08 -6.81287e-09 0 1.09291e-08 -7.04135e-09 0
          1.13641e-08 -7.27063e-09 0 1.17974e-08 -7.5004e-09 0 1.22288e-08 -7.73032e-09 0 1.26578e-08 -7.96009e-09 0
          1.30839e-08 -8.18937e-09 0 1.35067e-08 -8.41785e-09 0 1.39256e-08 -8.64522e-09 0 1.43403e-08 -8.87116e-09 0
          1.47502e-08 -9.09528e-09 0 1.51545e-08 -9.31708e-09 0 1.55526e-08 -9.53637e-09 0 1.59443e-08 -9.75304e-09 0
          1.63292e-08 -9.96693e-09 0 1.67072e-08 -1.0178e-08 0 1.7078e-08 -1.0386e-08 0 1.74415e-08 -1.0591e-08 0
          1.77975e-08 -1.07929e-08 0 1.81459e-08 -1.09917e-08 0 1.84866e-08 -1.11874e-08 0 1.88195e-08 -1.13799e-08 0
          1.91446e-08 -1.15693e-08 0 1.94618e-08 -1.17556e-08 0 1.9771e-08 -1.19388e-08 0 2.00723e-08 -1.2119e-08 0
          2.03656e-08 -1.22963e-08 0 2.06509e-08 -1.24707e-08 0 2.09283e-08 -1.26422e-08 0 2.11977e-08 -1.2811e-08 0
          2.14592e-08 -1.29771e-08 0 2.17127e-08 -1.31406e-08 0 2.19582e-08 -1.33016e-08 0 2.21958e-08 -1.346e-08 0
          2.24253e-08 -1.36161e-08 0 2.26469e-08 -1.37699e-08 0 2.28604e-08 -1.39215e-08 0 2.30658e-08 -1.4071e-08 0
          2.32631e-08 -1.42184e-08 0 2.34523e-08 -1.43638e-08 0 2.36334e-08 -1.45074e-08 0 2.38063e-08 -1.46492e-08 0
          2.39712e-08 -1.47894e-08 0 2.41282e-08 -1.49281e-08 0 2.42776e-08 -1.50656e-08 0 2.44197e-08 -1.52021e-08 0
          2.45551e-08 -1.53379e-08 0 2.4685e-08 -1.54734e-08 0 2.48113e-08 -1.56091e-08 0 1.24369e-08 -7.87239e-09 0
          1.46603e-10 -1.58696e-09 0 2.97066e-10 -1.66814e-09 0 6.1098e-10 -1.78989e-09 0 9.48843e-10 -1.93048e-09 0
          1.30678e-09 -2.08271e-09 0 1.68118e-09 -2.24293e-09 0 2.06867e-09 -2.40901e-09 0 2.46641e-09 -2.57975e-09 0
          2.87212e-09 -2.75452e-09 0 3.28406e-09 -2.93297e-09 0 3.70094e-09 -3.11495e-09 0 4.12176e-09 -3.30039e-09 0
          4.54576e-09 -3.48926e-09 0 4.97236e-09 -3.68155e-09 0 5.40107e-09 -3.87723e-09 0 5.83149e-09 -4.07626e-09 0
          6.26329e-09 -4.27858e-09 0 6.69613e-09 -4.48406e-09 0 7.12974e-09 -4.69258e-09 0 7.56379e-09 -4.90395e-09 0
          7.99799e-09 -5.11796e-09 0 8.43201e-09 -5.33436e-09 0 8.86548e-09 -5.55286e-09 0 9.29801e-09 -5.77315e-09 0
          9.72921e-09 -5.99488e-09 0 1.01586e-08 -6.21771e-09 0 1.05857e-08 -6.44126e-09 0 1.10101e-08 -6.66515e-09 0
          1.14312e-08 -6.88899e-09 0 1.18484e-08 -7.1124e-09 0 1.22613e-08 -7.33502e-09 0 1.26692e-08 -7.55646e-09 0
          1.30716e-08 -7.77637e-09 0 1.3468e-08 -7.9944e-09 0 1.38578e-08 -8.21021e-09 0 1.42404e-08 -8.42342e-09 0
          1.46151e-08 -8.63359e-09 0 1.49812e-08 -8.84016e-09 0 1.53382e-08 -9.04322e-09 0 1.56861e-08 -9.2427e-09 0
          1.60246e-08 -9.43851e-09 0 1.63536e-08 -9.63058e-09 0 1.66731e-08 -9.81886e-09 0 1.69831e-08 -1.00033e-08 0
          1.72835e-08 -1.0184e-08 0 1.75743e-08 -1.03609e-08 0 1.78556e-08 -1.05341e-08 0 1.81275e-08 -1.07036e-08 0
          1.839e-08 -1.08694e-08 0 1.86432e-08 -1.10317e-08 0 1.88872e-08 -1.11904e-08 0 1.91222e-08 -1.13458e-08 0
          1.93482e-08 -1.14979e-08 0 1.95655e-08 -1.16468e-08 0 1.97741e-08 -1.17925e-08 0 1.99742e-08 -1.19353e-08 0
          2.01658e-08 -1.20751e-08 0 2.03492e-08 -1.22121e-08 0 2.05244e-08 -1.23465e-08 0 2.06916e-08 -1.24782e-08 0
          2.08508e-08 -1.26074e-08 0 2.10022e-08 -1.27343e-08 0 2.11459e-08 -1.28588e-08 0 2.12819e-08 -1.29812e-08 0
          2.14103e-08 -1.31015e-08 0 2.15313e-08 -1.32199e-08 0 2.1645e-08 -1.33364e-08 0 2.17514e-08 -1.34512e-08 0
          2.18506e-08 -1.35644e-08 0 2.19429e-08 -1.36761e-08 0 2.20285e-08 -1.37865e-08 0 2.21074e-08 -1.38958e-08 0
          2.21802e-08 -1.40042e-08 0 2.22472e-08 -1.41119e-08 0 2.2309e-08 -1.42192e-08 0 1.11693e-08 -7.16144e-09 0
          1.41456e-10 -1.15876e-09 0 2.95174e-10 -1.26145e-09 0 6.18046e-10 -1.40026e-09 0 9.69298e-10 -1.55514e-09 0
          1.3432e-09 -1.71853e-09 0 1.7337e-09 -1.88687e-09 0 2.13598e-09 -2.05864e-09 0 2.5467e-09 -2.23329e-09 0
          2.96364e-09 -2.41067e-09 0 3.38524e-09 -2.59084e-09 0 3.81043e-09 -2.77388e-09 0 4.23839e-09 -2.95992e-09 0
          4.66846e-09 -3.14904e-09 0 5.10012e-09 -3.34128e-09 0 5.53291e-09 -3.53667e-09 0 5.9664e-09 -3.73515e-09 0
          6.4002e-09 -3.93666e-09 0 6.83393e-09 -4.14104e-09 0 7.26719e-09 -4.3481e-09 0 7.69955e-09 -4.55761e-09 0
          8.13058e-09 -4.76926e-09 0 8.55977e-09 -4.98274e-09 0 8.98661e-09 -5.19766e-09 0 9.41054e-09 -5.41363e-09 0
          9.83096e-09 -5.63022e-09 0 1.02472e-08 -5.847e-09 0 1.06587e-08 -6.06351e-09 0 1.10648e-08 -6.27932e-09 0
          1.14647e-08 -6.49398e-09 0 1.18578e-08 -6.70706e-09 0 1.22435e-08 -6.91816e-09 0 1.26212e-08 -7.12687e-09 0
          1.29901e-08 -7.33284e-09 0 1.33497e-08 -7.53569e-09 0 1.36994e-08 -7.73507e-09 0 1.40386e-08 -7.93058e-09 0
          1.43664e-08 -8.12167e-09 0 1.46825e-08 -8.30813e-09 0 1.49869e-08 -8.49021e-09 0 1.52796e-08 -8.66788e-09 0
          1.55607e-08 -8.84111e-09 0 1.58303e-08 -9.00992e-09 0 1.60886e-08 -9.17434e-09 0 1.63356e-08 -9.33441e-09 0
          1.65716e-08 -9.4902e-09 0 1.67968e-08 -9.64179e-09 0 1.70115e-08 -9.78928e-09 0 1.72158e-08 -9.93278e-09 0
          1.74101e-08 -1.00724e-08 0 1.75947e-08 -1.02083e-08 0 1.77698e-08 -1.03405e-08 0 1.79356e-08 -1.04692e-08 0
          1.80926e-08 -1.05946e-08 0 1.82409e-08 -1.07167e-08 0 1.83809e-08 -1.08357e-08 0 1.85127e-08 -1.09518e-08 0
          1.86367e-08 -1.1065e-08 0 1.87532e-08 -1.11755e-08 0 1.88623e-08 -1.12834e-08 0 1.89643e-08 -1.1389e-08 0
          1.90594e-08 -1.14922e-08 0 1.91478e-08 -1.15932e-08 0 1.92298e-08 -1.16922e-08 0 1.93056e-08 -1.17893e-08 0
          1.93754e-08 -1.18846e-08 0 1.94393e-08 -1.19783e-08 0 1.94976e-08 -1.20704e-08 0 1.95506e-08 -1.21613e-08 0
          1.95984e-08 -1.22509e-08 0 1.96413e-08 -1.23394e-08 0 1.96796e-08 -1.24271e-08 0 1.97135e-08 -1.25141e-08 0
          1.97433e-08 -1.26005e-08 0 1.97695e-08 -1.26867e-08 0 1.97925e-08 -1.27727e-08 0 9.90164e-09 -6.4276e-09 0
          1.41867e-10 -7.62021e-10 0 2.98481e-10 -8.88356e-10 0 6.34682e-10 -1.04975e-09 0 1.008e-09 -1.22058e-09 0
          1.40333e-09 -1.39348e-09 0 1.81138e-09 -1.56714e-09 0 2.22757e-09 -1.74169e-09 0 2.64953e-09 -1.91757e-09 0
          3.07581e-09 -2.09524e-09 0 3.50538e-09 -2.27506e-09 0 3.93741e-09 -2.45732e-09 0 4.3712e-09 -2.64224e-09 0
          4.80612e-09 -2.82996e-09 0 5.24158e-09 -3.02055e-09 0 5.67705e-09 -3.214e-09 0 6.11199e-09 -3.41024e-09 0
          6.54588e-09 -3.60913e-09 0 6.97815e-09 -3.81045e-09 0 7.40825e-09 -4.01392e-09 0 7.83553e-09 -4.21921e-09 0
          8.25935e-09 -4.42591e-09 0 8.67899e-09 -4.6336e-09 0 9.0937e-09 -4.8418e-09 0 9.5027e-09 -5.05e-09 0
          9.90519e-09 -5.25772e-09 0 1.03003e-08 -5.46441e-09 0 1.06873e-08 -5.6696e-09 0 1.10654e-08 -5.87276e-09 0
          1.14337e-08 -6.07346e-09 0 1.17916e-08 -6.27123e-09 0 1.21384e-08 -6.46568e-09 0 1.24734e-08 -6.65642e-09 0
          1.27961e-08 -6.84311e-09 0 1.3106e-08 -7.02541e-09 0 1.34024e-08 -7.20297e-09 0 1.36849e-08 -7.3754e-09 0
          1.3953e-08 -7.54229e-09 0 1.42069e-08 -7.70397e-09 0 1.44471e-08 -7.86064e-09 0 1.4674e-08 -8.01235e-09 0
          1.4888e-08 -8.15919e-09 0 1.50893e-08 -8.30123e-09 0 1.52784e-08 -8.43859e-09 0 1.54557e-08 -8.57139e-09 0
          1.56216e-08 -8.69978e-09 0 1.57767e-08 -8.82391e-09 0 1.59212e-08 -8.94392e-09 0 1.60558e-08 -9.05998e-09 0
          1.61809e-08 -9.17226e-09 0 1.62968e-08 -9.28093e-09 0 1.64041e-08 -9.38615e-09 0 1.65032e-08 -9.48809e-09 0
          1.65944e-08 -9.58692e-09 0 1.66783e-08 -9.68281e-09 0 1.67551e-08 -9.7759e-09 0 1.68253e-08 -9.86638e-09 0
          1.68891e-08 -9.95439e-09 0 1.6947e-08 -1.00401e-08 0 1.69993e-08 -1.01236e-08 0 1.70463e-08 -1.02052e-08 0
          1.70882e-08 -1.02849e-08 0 1.71254e-08 -1.03629e-08 0 1.71582e-08 -1.04393e-08 0 1.71868e-08 -1.05143e-08 0
          1.72116e-08 -1.05881e-08 0 1.72327e-08 -1.06608e-08 0 1.72504e-08 -1.07325e-08 0 1.72651e-08 -1.08035e-08 0
          1.72769e-08 -1.08738e-08 0 1.72863e-08 -1.09437e-08 0 1.72934e-08 -1.10132e-08 0 1.72985e-08 -1.10827e-08 0
          1.73021e-08 -1.11522e-08 0 1.73045e-08 -1.12219e-08 0 1.7306e-08 -1.12921e-08 0 8.65328e-09 -5.67989e-09 0
          1.19025e-10 -3.8576e-10 0 3.00864e-10 -5.66945e-10 0 6.81922e-10 -7.55693e-10 0 1.08558e-09 -9.36016e-10 0
          1.49798e-09 -1.11166e-09 0 1.91692e-09 -1.28528e-09 0 2.34146e-09 -1.45856e-09 0 2.77072e-09 -1.63256e-09 0
          3.20374e-09 -1.80794e-09 0 3.6395e-09 -1.9852e-09 0 4.07702e-09 -2.16464e-09 0 4.51541e-09 -2.34649e-09 0
          4.95382e-09 -2.53087e-09 0 5.39145e-09 -2.71779e-09 0 5.82754e-09 -2.90719e-09 0 6.26134e-09 -3.0989e-09 0
          6.69207e-09 -3.29269e-09 0 7.11891e-09 -3.48822e-09 0 7.54102e-09 -3.68509e-09 0 7.95749e-09 -3.88283e-09 0
          8.36738e-09 -4.08092e-09 0 8.7697e-09 -4.27882e-09 0 9.16345e-09 -4.47594e-09 0 9.54764e-09 -4.67172e-09 0
          9.92128e-09 -4.86558e-09 0 1.02834e-08 -5.05695e-09 0 1.06332e-08 -5.24533e-09 0 1.09697e-08 -5.43022e-09 0
          1.12924e-08 -5.61118e-09 0 1.16005e-08 -5.78782e-09 0 1.18935e-08 -5.95979e-09 0 1.2171e-08 -6.12679e-09 0
          1.24327e-08 -6.28854e-09 0 1.26782e-08 -6.4448e-09 0 1.29074e-08 -6.59529e-09 0 1.31199e-08 -6.73969e-09 0
          1.33164e-08 -6.87824e-09 0 1.34979e-08 -7.01141e-09 0 1.36651e-08 -7.13937e-09 0 1.38187e-08 -7.26227e-09 0
          1.39593e-08 -7.38027e-09 0 1.40877e-08 -7.49354e-09 0 1.42045e-08 -7.60227e-09 0 1.43103e-08 -7.70667e-09 0
          1.44058e-08 -7.80692e-09 0 1.44916e-08 -7.90322e-09 0 1.45685e-08 -7.9958e-09 0 1.46369e-08 -8.08484e-09 0
          1.46975e-08 -8.17055e-09 0 1.47508e-08 -8.25312e-09 0 1.47974e-08 -8.33275e-09 0 1.48377e-08 -8.40963e-09 0
          1.48723e-08 -8.48395e-09 0 1.49016e-08 -8.55587e-09 0 1.4926e-08 -8.62558e-09 0 1.49459e-08 -8.69325e-09 0
          1.49618e-08 -8.75905e-09 0 1.49739e-08 -8.82313e-09 0 1.49826e-08 -8.88566e-09 0 1.49882e-08 -8.9468e-09 0
          1.49911e-08 -9.00669e-09 0 1.49915e-08 -9.0655e-09 0 1.49897e-08 -9.12338e-09 0 1.4986e-08 -9.18046e-09 0
          1.49806e-08 -9.23691e-09 0 1.49739e-08 -9.29287e-09 0 1.4966e-08 -9.34849e-09 0 1.49572e-08 -9.40392e-09 0
          1.49478e-08 -9.45931e-09 0 1.4938e-08 -9.51482e-09 0 1.49281e-08 -9.57059e-09 0 1.49183e-08 -9.62679e-09 0
          1.4909e-08 -9.68357e-09 0 1.49005e-08 -9.7411e-09 0 1.48929e-08 -9.79954e-09 0 7.44474e-09 -4.92825e-09 0
          1.94429e-10 -1.20911e-10 0 3.96028e-10 -3.42403e-10 0 7.95127e-10 -5.27982e-10 0 1.19588e-09 -7.01954e-10 0
          1.60801e-09 -8.71639e-10 0 2.03036e-09 -1.03996e-09 0 2.46077e-09 -1.20832e-09 0 2.89703e-09 -1.37752e-09 0
          3.33712e-09 -1.54808e-09 0 3.77929e-09 -1.72035e-09 0 4.22204e-09 -1.8946e-09 0 4.66408e-09 -2.07094e-09 0
          5.10423e-09 -2.24943e-09 0 5.5414e-09 -2.42997e-09 0 5.97452e-09 -2.61237e-09 0 6.40251e-09 -2.79633e-09 0
          6.82426e-09 -2.98146e-09 0 7.2386e-09 -3.16726e-09 0 7.64434e-09 -3.3532e-09 0 8.04025e-09 -3.53866e-09 0
          8.42509e-09 -3.72302e-09 0 8.79764e-09 -3.90565e-09 0 9.15674e-09 -4.08589e-09 0 9.50127e-09 -4.26316e-09 0
          9.83024e-09 -4.43687e-09 0 1.01428e-08 -4.60651e-09 0 1.04382e-08 -4.77162e-09 0 1.07158e-08 -4.93179e-09 0
          1.09753e-08 -5.08671e-09 0 1.12165e-08 -5.2361e-09 0 1.14392e-08 -5.37977e-09 0 1.16435e-08 -5.51754e-09 0
          1.18296e-08 -5.6493e-09 0 1.19975e-08 -5.77492e-09 0 1.21476e-08 -5.89425e-09 0 1.22808e-08 -6.00757e-09 0
          1.23987e-08 -6.11546e-09 0 1.25028e-08 -6.21825e-09 0 1.25939e-08 -6.31616e-09 0 1.26729e-08 -6.40942e-09 0
          1.27408e-08 -6.49825e-09 0 1.27984e-08 -6.58289e-09 0 1.28465e-08 -6.66358e-09 0 1.2886e-08 -6.74055e-09 0
          1.29177e-08 -6.81405e-09 0 1.29422e-08 -6.88429e-09 0 1.29603e-08 -6.95151e-09 0 1.29727e-08 -7.01591e-09 0
          1.29798e-08 -7.0777e-09 0 1.29823e-08 -7.13709e-09 0 1.29807e-08 -7.19427e-09 0 1.29755e-08 -7.24942e-09 0
          1.29671e-08 -7.30273e-09 0 1.29559e-08 -7.35437e-09 0 1.29424e-08 -7.4045e-09 0 1.29268e-08 -7.45328e-09 0
          1.29094e-08 -7.50087e-09 0 1.28907e-08 -7.54742e-09 0 1.28708e-08 -7.59308e-09 0 1.285e-08 -7.63799e-09 0
          1.28286e-08 -7.68229e-09 0 1.28068e-08 -7.72611e-09 0 1.27848e-08 -7.76959e-09 0 1.27629e-08 -7.81287e-09 0
          1.27412e-08 -7.85606e-09 0 1.272e-08 -7.89931e-09 0 1.26994e-08 -7.94273e-09 0 1.26796e-08 -7.98646e-09 0
          1.26609e-08 -8.03061e-09 0 1.26433e-08 -8.07532e-09 0 1.26271e-08 -8.12069e-09 0 1.26125e-08 -8.16686e-09 0
          1.25997e-08 -8.21395e-09 0 1.25888e-08 -8.26208e-09 0 1.25801e-08 -8.31137e-09 0 6.28818e-09 -4.18004e-09 0
          1.34637e-10 -2.80673e-11 0 3.66824e-10 -2.07193e-10 0 8.12982e-10 -3.59964e-10 0 1.24293e-09 -5.15515e-10 0
          1.67852e-09 -6.72749e-10 0 2.12073e-09 -8.31288e-10 0 2.56785e-09 -9.91046e-10 0 3.01775e-09 -1.15211e-09 0
          3.46844e-09 -1.31463e-09 0 3.91817e-09 -1.47875e-09 0 4.36535e-09 -1.64455e-09 0 4.80855e-09 -1.812e-09 0
          5.24637e-09 -1.98097e-09 0 5.6774e-09 -2.15119e-09 0 6.1002e-09 -2.32226e-09 0 6.51332e-09 -2.4937e-09 0
          6.91522e-09 -2.66493e-09 0 7.30437e-09 -2.83532e-09 0 7.67927e-09 -3.00418e-09 0 8.03845e-09 -3.17084e-09 0
          8.38054e-09 -3.3346e-09 0 8.7043e-09 -3.49483e-09 0 9.0087e-09 -3.65094e-09 0 9.29285e-09 -3.8024e-09 0
          9.55614e-09 -3.94875e-09 0 9.79818e-09 -4.08963e-09 0 1.00188e-08 -4.22475e-09 0 1.02181e-08 -4.35391e-09 0
          1.03964e-08 -4.477e-09 0 1.05542e-08 -4.59394e-09 0 1.06921e-08 -4.70474e-09 0 1.08109e-08 -4.80943e-09 0
          1.09114e-08 -4.90807e-09 0 1.09944e-08 -5.00072e-09 0 1.10614e-08 -5.08774e-09 0 1.11147e-08 -5.16977e-09 0
          1.1156e-08 -5.24721e-09 0 1.11864e-08 -5.32035e-09 0 1.12071e-08 -5.38945e-09 0 1.1219e-08 -5.45476e-09 0
          1.12231e-08 -5.51655e-09 0 1.12204e-08 -5.57507e-09 0 1.12116e-08 -5.63058e-09 0 1.11976e-08 -5.68329e-09 0
          1.11791e-08 -5.73345e-09 0 1.11568e-08 -5.78126e-09 0 1.11312e-08 -5.82694e-09 0 1.11029e-08 -5.87068e-09 0
          1.10723e-08 -5.91266e-09 0 1.104e-08 -5.95307e-09 0 1.10063e-08 -5.99206e-09 0 1.09716e-08 -6.02981e-09 0
          1.09363e-08 -6.06645e-09 0 1.09005e-08 -6.10214e-09 0 1.08645e-08 -6.13702e-09 0 1.08287e-08 -6.17121e-09 0
          1.07931e-08 -6.20484e-09 0 1.07581e-08 -6.23804e-09 0 1.07238e-08 -6.27092e-09 0 1.06903e-08 -6.3036e-09 0
          1.06578e-08 -6.33619e-09 0 1.06264e-08 -6.36879e-09 0 1.05964e-08 -6.40152e-09 0 1.05677e-08 -6.43446e-09 0
          1.05405e-08 -6.46773e-09 0 1.0515e-08 -6.50142e-09 0 1.04913e-08 -6.53561e-09 0 1.04694e-08 -6.57041e-09 0
          1.04494e-08 -6.60589e-09 0 1.04316e-08 -6.64216e-09 0 1.04159e-08 -6.67928e-09 0 1.04025e-08 -6.71736e-09 0
          1.03914e-08 -6.75645e-09 0 1.03829e-08 -6.79665e-09 0 1.03769e-08 -6.83803e-09 0 5.18729e-09 -3.43971e-09 0
          7.12446e-11 -8.05883e-12 0 3.34362e-10 -1.151e-10 0 8.26775e-10 -2.38771e-10 0 1.28655e-09 -3.73352e-10 0
          1.74915e-09 -5.14069e-10 0 2.2139e-09 -6.58372e-10 0 2.6785e-09 -8.05087e-10 0 3.1409e-09 -9.5367e-10 0
          3.59927e-09 -1.10385e-09 0 4.05192e-09 -1.25543e-09 0 4.49714e-09 -1.40818e-09 0 4.93318e-09 -1.56178e-09 0
          5.35824e-09 -1.71583e-09 0 5.77043e-09 -1.86978e-09 0 6.16785e-09 -2.02304e-09 0 6.54859e-09 -2.17494e-09 0
          6.91083e-09 -2.32476e-09 0 7.25286e-09 -2.47179e-09 0 7.57317e-09 -2.61536e-09 0 7.87046e-09 -2.7548e-09 0
          8.14376e-09 -2.88957e-09 0 8.3924e-09 -3.01916e-09 0 8.61607e-09 -3.1432e-09 0 8.81476e-09 -3.26138e-09 0
          8.98882e-09 -3.37352e-09 0 9.1389e-09 -3.47951e-09 0 9.2659e-09 -3.57934e-09 0 9.37096e-09 -3.67308e-09 0
          9.4554e-09 -3.76087e-09 0 9.52064e-09 -3.84286e-09 0 9.56812e-09 -3.91927e-09 0 9.59931e-09 -3.99029e-09 0
          9.61561e-09 -4.05623e-09 0 9.61915e-09 -4.11749e-09 0 9.61244e-09 -4.17467e-09 0 9.59726e-09 -4.22819e-09 0
          9.57478e-09 -4.27831e-09 0 9.54601e-09 -4.32531e-09 0 9.51194e-09 -4.36944e-09 0 9.47345e-09 -4.41094e-09 0
          9.43137e-09 -4.45005e-09 0 9.38642e-09 -4.48699e-09 0 9.33925e-09 -4.52196e-09 0 9.29044e-09 -4.55517e-09 0
          9.2405e-09 -4.58679e-09 0 9.18988e-09 -4.61699e-09 0 9.13897e-09 -4.64595e-09 0 9.08811e-09 -4.6738e-09 0
          9.03759e-09 -4.7007e-09 0 8.98768e-09 -4.72676e-09 0 8.93859e-09 -4.75213e-09 0 8.89051e-09 -4.77691e-09 0
          8.84361e-09 -4.80122e-09 0 8.79803e-09 -4.82516e-09 0 8.7539e-09 -4.84883e-09 0 8.71132e-09 -4.87232e-09 0
          8.67039e-09 -4.89573e-09 0 8.63119e-09 -4.91914e-09 0 8.59378e-09 -4.94263e-09 0 8.55825e-09 -4.96629e-09 0
          8.52463e-09 -4.99018e-09 0 8.49299e-09 -5.01439e-09 0 8.46339e-09 -5.03898e-09 0 8.43585e-09 -5.06402e-09 0
          8.41043e-09 -5.08958e-09 0 8.38716e-09 -5.11571e-09 0 8.36609e-09 -5.14247e-09 0 8.34724e-09 -5.16993e-09 0
          8.33065e-09 -5.19813e-09 0 8.31636e-09 -5.22713e-09 0 8.3044e-09 -5.25698e-09 0 8.2948e-09 -5.28772e-09 0
          8.2876e-09 -5.3194e-09 0 8.28282e-09 -5.35207e-09 0 8.28051e-09 -5.38576e-09 0 4.13998e-09 -2.70988e-09 0
          7.32687e-11 -3.49698e-12 0 3.60015e-10 -6.41414e-11 0 8.91313e-10 -1.57451e-10 0 1.37604e-09 -2.67902e-10 0
          1.85472e-09 -3.87903e-10 0 2.32978e-09 -5.1345e-10 0 2.79997e-09 -6.42378e-10 0 3.26311e-09 -7.73422e-10 0
          3.71677e-09 -9.0574e-10 0 4.15836e-09 -1.03866e-09 0 4.58528e-09 -1.17155e-09 0 4.99492e-09 -1.30375e-09 0
          5.38475e-09 -1.43459e-09 0 5.75238e-09 -1.56336e-09 0 6.09562e-09 -1.68935e-09 0 6.4126e-09 -1.81188e-09 0
          6.70184e-09 -1.93031e-09 0 6.96226e-09 -2.04408e-09 0 7.19328e-09 -2.15273e-09 0 7.39479e-09 -2.25589e-09 0
          7.56718e-09 -2.35332e-09 0 7.71126e-09 -2.44486e-09 0 7.82827e-09 -2.53049e-09 0 7.91976e-09 -2.61024e-09 0
          7.98753e-09 -2.68425e-09 0 8.03356e-09 -2.75271e-09 0 8.05994e-09 -2.81587e-09 0 8.06882e-09 -2.87403e-09 0
          8.06231e-09 -2.9275e-09 0 8.0424e-09 -2.9766e-09 0 8.01098e-09 -3.02163e-09 0 7.96978e-09 -3.06298e-09 0
          7.92111e-09 -3.10104e-09 0 7.86734e-09 -3.13627e-09 0 7.80976e-09 -3.16899e-09 0 7.74921e-09 -3.19944e-09 0
          7.68643e-09 -3.22783e-09 0 7.62216e-09 -3.25437e-09 0 7.55702e-09 -3.27925e-09 0 7.49156e-09 -3.30265e-09 0
          7.42625e-09 -3.32473e-09 0 7.36148e-09 -3.34566e-09 0 7.29761e-09 -3.36556e-09 0 7.2349e-09 -3.38458e-09 0
          7.17358e-09 -3.40283e-09 0 7.11384e-09 -3.42042e-09 0 7.05583e-09 -3.43747e-09 0 6.99968e-09 -3.45406e-09 0
          6.94548e-09 -3.47029e-09 0 6.89331e-09 -3.48625e-09 0 6.84321e-09 -3.502e-09 0 6.79524e-09 -3.51762e-09 0
          6.74943e-09 -3.53318e-09 0 6.70578e-09 -3.54875e-09 0 6.66431e-09 -3.56438e-09 0 6.62502e-09 -3.58013e-09 0
          6.58791e-09 -3.59605e-09 0 6.55299e-09 -3.6122e-09 0 6.52023e-09 -3.62863e-09 0 6.48963e-09 -3.64537e-09 0
          6.46119e-09 -3.66248e-09 0 6.4349e-09 -3.68e-09 0 6.41073e-09 -3.69797e-09 0 6.38869e-09 -3.71641e-09 0
          6.36876e-09 -3.73538e-09 0 6.35093e-09 -3.75489e-09 0 6.33518e-09 -3.77499e-09 0 6.3215e-09 -3.79569e-09 0
          6.30989e-09 -3.81704e-09 0 6.30032e-09 -3.83904e-09 0 6.2928e-09 -3.86173e-09 0 6.2873e-09 -3.88513e-09 0
          6.28382e-09 -3.90926e-09 0 6.28236e-09 -3.93415e-09 0 6.28291e-09 -3.95981e-09 0 3.14184e-09 -1.99292e-09 0
          7.2885e-11 -2.38546e-12 0 3.66602e-10 -4.27648e-11 0 9.16872e-10 -1.07921e-10 0 1.42457e-09 -1.90892e-10 0
          1.92142e-09 -2.85041e-10 0 2.40594e-09 -3.85668e-10 0 2.87509e-09 -4.89658e-10 0 3.32559e-09 -5.94936e-10 0
          3.75406e-09 -7.00049e-10 0 4.15716e-09 -8.03905e-10 0 4.53183e-09 -9.05618e-10 0 4.8754e-09 -1.00444e-09 0
          5.18574e-09 -1.09971e-09 0 5.46135e-09 -1.19089e-09 0 5.70145e-09 -1.27752e-09 0 5.90598e-09 -1.35927e-09 0
          6.07555e-09 -1.43588e-09 0 6.21144e-09 -1.50725e-09 0 6.31549e-09 -1.57335e-09 0 6.38996e-09 -1.63424e-09 0
          6.43747e-09 -1.69007e-09 0 6.46084e-09 -1.74107e-09 0 6.46298e-09 -1.78751e-09 0 6.4468e-09 -1.82968e-09 0
          6.41511e-09 -1.86789e-09 0 6.37054e-09 -1.90247e-09 0 6.31548e-09 -1.93374e-09 0 6.25213e-09 -1.96203e-09 0
          6.18253e-09 -1.98769e-09 0 6.10828e-09 -2.01101e-09 0 6.03094e-09 -2.03223e-09 0 5.95244e-09 -2.05165e-09 0
          5.87408e-09 -2.06954e-09 0 5.79629e-09 -2.08607e-09 0 5.71946e-09 -2.10141e-09 0 5.64394e-09 -2.1157e-09 0
          5.57005e-09 -2.12906e-09 0 5.49806e-09 -2.1416e-09 0 5.42816e-09 -2.15345e-09 0 5.36052e-09 -2.16468e-09 0
          5.29524e-09 -2.1754e-09 0 5.2324e-09 -2.18568e-09 0 5.17204e-09 -2.19559e-09 0 5.11419e-09 -2.20521e-09 0
          5.05886e-09 -2.2146e-09 0 5.00603e-09 -2.22382e-09 0 4.95569e-09 -2.23292e-09 0 4.9078e-09 -2.24194e-09 0
          4.86233e-09 -2.25095e-09 0 4.81923e-09 -2.25997e-09 0 4.77846e-09 -2.26904e-09 0 4.73997e-09 -2.27821e-09 0
          4.7037e-09 -2.28749e-09 0 4.6696e-09 -2.29693e-09 0 4.63762e-09 -2.30656e-09 0 4.60772e-09 -2.31639e-09 0
          4.57983e-09 -2.32645e-09 0 4.55392e-09 -2.33678e-09 0 4.52993e-09 -2.34738e-09 0 4.50782e-09 -2.35828e-09 0
          4.48756e-09 -2.36951e-09 0 4.46909e-09 -2.38107e-09 0 4.45239e-09 -2.393e-09 0 4.43741e-09 -2.40529e-09 0
          4.42412e-09 -2.41797e-09 0 4.41248e-09 -2.43104e-09 0 4.40246e-09 -2.44453e-09 0 4.39403e-09 -2.45844e-09 0
          4.38715e-09 -2.47279e-09 0 4.3818e-09 -2.48758e-09 0 4.37795e-09 -2.50282e-09 0 4.37558e-09 -2.51853e-09 0
          4.37466e-09 -2.53471e-09 0 4.37518e-09 -2.55138e-09 0 4.37711e-09 -2.56853e-09 0 2.18921e-09 -1.29299e-09 0
          7.27477e-11 -1.60393e-12 0 3.68056e-10 -2.85016e-11 0 9.21828e-10 -7.11403e-11 0 1.43062e-09 -1.24963e-10 0
          1.91922e-09 -1.85557e-10 0 2.37935e-09 -2.49322e-10 0 2.80343e-09 -3.13633e-10 0 3.18611e-09 -3.76701e-10 0
          3.52403e-09 -4.3736e-10 0 3.81547e-09 -4.94875e-10 0 4.06019e-09 -5.48799e-10 0 4.2592e-09 -5.98892e-10 0
          4.4146e-09 -6.45053e-10 0 4.52935e-09 -6.87291e-10 0 4.60707e-09 -7.25694e-10 0 4.65179e-09 -7.60413e-10 0
          4.66777e-09 -7.91643e-10 0 4.65928e-09 -8.19613e-10 0 4.63042e-09 -8.44572e-10 0 4.58506e-09 -8.66782e-10 0
          4.5267e-09 -8.86506e-10 0 4.45849e-09 -9.04012e-10 0 4.38315e-09 -9.19556e-10 0 4.30302e-09 -9.3338e-10 0
          4.22004e-09 -9.45695e-10 0 4.13576e-09 -9.56686e-10 0 4.05138e-09 -9.66516e-10 0 3.96785e-09 -9.75338e-10 0
          3.88609e-09 -9.83313e-10 0 3.80704e-09 -9.90591e-10 0 3.73114e-09 -9.9726e-10 0 3.65837e-09 -1.00339e-09 0
          3.58864e-09 -1.00908e-09 0 3.52195e-09 -1.01438e-09 0 3.45828e-09 -1.01934e-09 0 3.39759e-09 -1.02403e-09 0
          3.33983e-09 -1.02848e-09 0 3.28493e-09 -1.03274e-09 0 3.23281e-09 -1.03683e-09 0 3.18338e-09 -1.04079e-09 0
          3.13655e-09 -1.04466e-09 0 3.09223e-09 -1.04847e-09 0 3.05032e-09 -1.05223e-09 0 3.01074e-09 -1.05597e-09 0
          2.97339e-09 -1.05972e-09 0 2.93819e-09 -1.0635e-09 0 2.90506e-09 -1.06732e-09 0 2.87391e-09 -1.0712e-09 0
          2.84466e-09 -1.07515e-09 0 2.81724e-09 -1.07918e-09 0 2.79158e-09 -1.08332e-09 0 2.7676e-09 -1.08756e-09 0
          2.74523e-09 -1.09192e-09 0 2.72441e-09 -1.09641e-09 0 2.70508e-09 -1.10103e-09 0 2.68718e-09 -1.10579e-09 0
          2.67066e-09 -1.11071e-09 0 2.65546e-09 -1.11577e-09 0 2.64153e-09 -1.121e-09 0 2.62884e-09 -1.12639e-09 0
          2.61734e-09 -1.13196e-09 0 2.60699e-09 -1.1377e-09 0 2.59775e-09 -1.14363e-09 0 2.58959e-09 -1.14974e-09 0
          2.58247e-09 -1.15604e-09 0 2.57636e-09 -1.16253e-09 0 2.57123e-09 -1.16922e-09 0 2.56705e-09 -1.17612e-09 0
          2.56379e-09 -1.18321e-09 0 2.56144e-09 -1.19052e-09 0 2.55996e-09 -1.19804e-09 0 2.55934e-09 -1.20577e-09 0
          2.55956e-09 -1.21372e-09 0 2.56061e-09 -1.22189e-09 0 2.56247e-09 -1.23029e-09 0 1.2818e-09 -6.19421e-10 0
          7.18766e-11 -1.27319e-12 0 3.50643e-10 -2.19888e-11 0 8.48495e-10 -5.35066e-11 0 1.2542e-09 -9.16401e-11 0
          1.59304e-09 -1.32695e-10 0 1.86291e-09 -1.73901e-10 0 2.0658e-09 -2.13344e-10 0 2.20755e-09 -2.49837e-10 0
          2.29615e-09 -2.82749e-10 0 2.34045e-09 -3.11846e-10 0 2.34917e-09 -3.37165e-10 0 2.3304e-09 -3.58916e-10 0
          2.29125e-09 -3.77415e-10 0 2.2377e-09 -3.93029e-10 0 2.17463e-09 -4.06137e-10 0 2.1059e-09 -4.17108e-10 0
          2.03445e-09 -4.26281e-10 0 1.96245e-09 -4.33958e-10 0 1.89146e-09 -4.40402e-10 0 1.82255e-09 -4.45837e-10 0
          1.75643e-09 -4.50452e-10 0 1.69352e-09 -4.54414e-10 0 1.63409e-09 -4.57864e-10 0 1.57827e-09 -4.60918e-10 0
          1.52604e-09 -4.63661e-10 0 1.4773e-09 -4.6615e-10 0 1.43188e-09 -4.68425e-10 0 1.38961e-09 -4.70504e-10 0
          1.35024e-09 -4.72392e-10 0 1.31353e-09 -4.74128e-10 0 1.27929e-09 -4.75763e-10 0 1.24734e-09 -4.7732e-10 0
          1.2175e-09 -4.7881e-10 0 1.18963e-09 -4.80248e-10 0 1.16358e-09 -4.81645e-10 0 1.13922e-09 -4.83013e-10 0
          1.11644e-09 -4.84364e-10 0 1.09513e-09 -4.85708e-10 0 1.07519e-09 -4.87054e-10 0 1.05653e-09 -4.88413e-10 0
          1.03908e-09 -4.89795e-10 0 1.02277e-09 -4.91207e-10 0 1.00752e-09 -4.92659e-10 0 9.93281e-10 -4.94157e-10 0
          9.79991e-10 -4.95708e-10 0 9.67597e-10 -4.97319e-10 0 9.5605e-10 -4.98992e-10 0 9.45303e-10 -5.00733e-10 0
          9.35311e-10 -5.02543e-10 0 9.26033e-10 -5.04426e-10 0 9.17428e-10 -5.06381e-10 0 9.09459e-10 -5.08412e-10 0
          9.0209e-10 -5.10518e-10 0 8.95291e-10 -5.12701e-10 0 8.89029e-10 -5.14961e-10 0 8.83278e-10 -5.17298e-10 0
          8.7801e-10 -5.19713e-10 0 8.73202e-10 -5.22208e-10 0 8.68833e-10 -5.24782e-10 0 8.6488e-10 -5.27436e-10 0
          8.61327e-10 -5.30171e-10 0 8.58155e-10 -5.32989e-10 0 8.55348e-10 -5.35889e-10 0 8.52892e-10 -5.38873e-10 0
          8.50774e-10 -5.41943e-10 0 8.48981e-10 -5.45098e-10 0 8.47501e-10 -5.48342e-10 0 8.46325e-10 -5.51674e-10 0
          8.45443e-10 -5.55097e-10 0 8.44846e-10 -5.58612e-10 0 8.44528e-10 -5.62222e-10 0 8.44481e-10 -5.65927e-10 0
          8.447e-10 -5.69729e-10 0 8.4518e-10 -5.73632e-10 0 8.45915e-10 -5.77636e-10 0 4.23173e-10 -2.90854e-10 0
        </DataArray>
        <DataArray type="Float32" Name="velocity_gas (m/s)" NumberOfComponents="3" format="ascii">
          0 0 0 0 0 0 0 0 0 0 0 0
          0 0 0 0 0 0 0 0 0 0 0 0
          0 0 0 0 0 0 0 0 0 0 0 0
          0 0 0 0 0 0 0 0 0 0 0 0
          0 0 0 0 0 0 0 0 0 0 0 0
          0 0 0 0 0 0 0 0 0 0 0 0
          0 0 0 0 0 0 0 0 0 0 0 0
          0 0 0 0 0 0 0 0 0 0 0 0
          0 0 0 0 0 0 0 0 0 0 0 0
          0 0 0 0 0 0 0 0 0 0 0 0
          0 0 0 0 0 0 0 0 0 0 0 0
          0 0 0 0 0 0 0 0 0 0 0 0
          0 0 0 0 0 0 0 0 0 0 0 0
          0 0 0 0 0 0 0 0 0 0 0 0
          0 0 0 0 0 0 0 0 0 0 0 0
          0 0 0 0 0 0 0 0 0 0 0 0
          0 0 0 0 0 0 0 0 0 0 0 0
          0 0 0 0 0 0 0 0 0 0 0 0
          0 0 0 0 0 0 0 0 0 0 0 0
          0 0 0 0 0 0 0 0 0 0 0 0
          0 0 0 0 0 0 0 0 0 0 0 0
          0 0 0 0 0 0 0 0 0 0 0 0
          0 0 0 0 0 0 0 0 0 0 0 0
          0 0 0 0 0 0 0 0 0 0 0 0
          0 0 0 0 0 0 0 0 0 0 0 0
          0 0 0 0 0 0 0 0 0 0 0 0
          0 0 0 0 0 0 0 0 0 0 0 0
          0 0 0 0 0 0 0 0 0 0 0 0
          0 0 0 0 0 0 0 0 0 0 0 0
          0 0 0 0 0 0 0 0 0 0 0 0
          0 0 0 0 0 0 0 0 0 0 0 0
          0 0 0 0 0 0 0 0 0 0 0 0
          0 0 0 0 0 0 0 0 0 0 0 0
          0 0 0 0 0 0 0 0 0 0 0 0
          0 0 0 0 0 0 0 0 0 0 0 0
          0 0 0 0 0 0 0 0 0 0 0 0
          0 0 0 0 0 0 0 0 0 0 0 0
          0 0 0 0 0 0 0 0 0 0 0 0
          0 0 0 0 0 0 0 0 0 0 0 0
          0 0 0 0 0 0 0 0 0 0 0 0
          0 0 0 0 0 0 0 0 0 0 0 0
          0 0 0 0 0 0 0 0 0 0 0 0
          0 0 0 0 0 0 0 0 0 0 0 0
          0 0 0 0 0 0 0 0 0 0 0 0
          0 0 0 0 0 0 0 0 0 0 0 0
          0 0 0 0 0 0 0 0 0 0 0 0
          0 0 0 0 0 0 0 0 0 0 0 0
          0 0 0 0 0 0 0 0 0 0 0 0
          0 0 0 0 0 0 0 0 0 0 0 0
          0 0 0 0 0 0 0 0 0 0 0 0
          0 0 0 0 0 0 0 0 0 0 0 0
          0 0 0 0 0 0 0 0 0 0 0 0
          0 0 0 0 0 0 0 0 0 0 0 0
          0 0 0 0 0 0 0 0 0 0 0 0
          0 0 0 0 0 0 0 0 0 0 0 0
          0 0 0 0 0 0 0 0 0 0 0 0
          0 0 0 0 0 0 0 0 0 0 0 0
          0 0 0 0 0 0 0 0 0 0 0 0
          0 0 0 0 0 0 0 0 0 0 0 0
          0 0 0 0 0 0 0 0 0 0 0 0
          0 0 0 0 0 0 0 0 0 0 0 0
          0 0 0 0 0 0 0 0 0 0 0 0
          0 0 0 0 0 0 0 0 0 0 0 0
          0 0 0 0 0 0 0 0 0 0 0 0
          0 0 0 0 0 0 0 0 0 0 0 0
          0 0 0 0 0 0 0 0 0 0 0 0
          0 0 0 0 0 0 0 0 0 0 0 0
          0 0 0 0 0 0 0 0 0 0 0 0
          0 0 0 0 0 0 0 0 0 0 0 0
          0 0 0 0 0 0 0 0 0 0 0 0
          0 0 0 0 0 0 0 0 0 0 0 0
          0 0 0 0 0 0 0 0 0 0 0 0
          0 0 0 0 0 0 0 0 0 0 0 0
          0 0 0 0 0 0 0 0 0 0 0 0
          0 0 0 0 0 0 0 0 0 0 0 0
          0 0 0 0 0 0 0 0 0 0 0 0
          9.81845e-11 7.85351e-10 0 1.78762e-10 7.6003e-10 0 3.17807e-10 6.95119e-10 0 4.02537e-10 5.84356e-10 0
          4.14497e-10 4.10247e-10 0 2.9186e-10 1.52277e-10 0 9.18851e-11 3.82439e-13 0 1.21474e-13 0 0
          0 0 0 0 0 0 0 0 0 0 0 0
          0 0 0 0 0 0 0 0 0 0 0 0
          0 0 0 0 0 0 0 0 0 0 0 0
          0 0 0 0 0 0 0 0 0 0 0 0
          0 0 0 0 0 0 0 0 0 0 0 0
          0 0 0 0 0 0 0 0 0 0 0 0
          0 0 0 0 0 0 0 0 0 0 0 0
          0 0 0 0 0 0 0 0 0 0 0 0
          0 0 0 0 0 0 0 0 0 0 0 0
          0 0 0 0 0 0 0 0 0 0 0 0
          0 0 0 0 0 0 0 0 0 0 0 0
          0 0 0 0 0 0 0 0 0 0 0 0
          0 0 0 0 0 0 0 0 0 0 0 0
          0 0 0 0 0 0 0 0 0 0 0 0
          0 0 0 0 0 0 0 0 0 0 0 0
          0 0 0 0 0 0 0 0 0 0 0 0
          0 0 0 0 0 0 0 0 0 0 0 0
          1.0921e-08 -1.03476e-08 0 2.07348e-08 -1.03177e-08 0 4.0069e-08 -1.02288e-08 0 5.86699e-08 -1.00881e-08 0
          7.61537e-08 -9.88578e-09 0 9.18355e-08 -9.52032e-09 0 1.05015e-07 -8.72847e-09 0 1.16055e-07 -7.98122e-09 0
          1.25377e-07 -7.11983e-09 0 1.32543e-07 -6.09169e-09 0 1.37111e-07 -4.91958e-09 0 1.38692e-07 -3.59511e-09 0
          1.36802e-07 -2.05407e-09 0 1.30734e-07 -2.08586e-10 0 1.20728e-07 1.27352e-09 0 1.07592e-07 2.69277e-09 0
          9.16157e-08 4.05005e-09 0 7.34087e-08 5.14246e-09 0 5.42838e-08 5.71462e-09 0 3.62184e-08 5.53688e-09 0
          2.13525e-08 4.59181e-09 0 1.1024e-08 3.1846e-09 0 5.03497e-09 1.69189e-09 0 1.60209e-09 1.8154e-10 0
          1.05327e-10 8.83393e-15 0 3.21548e-15 0 0 0 0 0 0 0 0
          0 0 0 0 0 0 0 0 0 0 0 0
          0 0 0 0 0 0 0 0 0 0 0 0
          0 0 0 0 0 0 0 0 0 0 0 0
          0 0 0 0 0 0 0 0 0 0 0 0
          0 0 0 0 0 0 0 0 0 0 0 0
          0 0 0 0 0 0 0 0 0 0 0 0
          0 0 0 0 0 0 0 0 0 0 0 0
          0 0 0 0 0 0 0 0 0 0 0 0
          0 0 0 0 0 0 0 0 0 0 0 0
          0 0 0 0 0 0 0 0 0 0 0 0
          0 0 0 0 0 0 0 0 0 0 0 0
          0 0 0 0 0 0 0 0 0 0 0 0
          1.51455e-08 -3.91621e-08 0 2.88015e-08 -3.89866e-08 0 5.5837e-08 -3.8493e-08 0 8.22141e-08 -3.76891e-08 0
          1.07728e-07 -3.65452e-08 0 1.32373e-07 -3.49498e-08 0 1.56478e-07 -3.28683e-08 0 1.79657e-07 -3.07975e-08 0
          2.01286e-07 -2.84638e-08 0 2.21405e-07 -2.58044e-08 0 2.4004e-07 -2.28346e-08 0 2.57162e-07 -1.95424e-08 0
          2.72847e-07 -1.58636e-08 0 2.87466e-07 -1.17473e-08 0 3.00667e-07 -7.96858e-09 0 3.11722e-07 -4.23673e-09 0
          3.20472e-07 -5.68248e-10 0 3.26546e-07 2.78108e-09 0 3.29057e-07 5.48299e-09 0 3.26873e-07 7.06893e-09 0
          3.18743e-07 7.61132e-09 0 3.03618e-07 7.508e-09 0 2.81184e-07 7.28234e-09 0 2.51217e-07 7.25413e-09 0
          2.15655e-07 8.55829e-09 0 1.77444e-07 9.78825e-09 0 1.37955e-07 1.06511e-08 0 9.90794e-08 1.07329e-08 0
          6.39049e-08 9.66876e-09 0 3.59027e-08 7.46993e-09 0 1.71711e-08 4.77321e-09 0 7.01428e-09 2.4488e-09 0
          2.28636e-09 6.50271e-10 0 3.88795e-10 1.46002e-12 0 5.25438e-13 0 0 0 0 0
          0 0 0 0 0 0 0 0 0 0 0 0
          0 0 0 0 0 0 0 0 0 0 0 0
          0 0 0 0 0 0 0 0 0 0 0 0
          0 0 0 0 0 0 0 0 0 0 0 0
          0 0 0 0 0 0 0 0 0 0 0 0
          0 0 0 0 0 0 0 0 0 0 0 0
          0 0 0 0 0 0 0 0 0 0 0 0
          0 0 0 0 0 0 0 0 0 0 0 0
          0 0 0 0 0 0 0 0 0 0 0 0
          0 0 0 0 0 0 0 0 0 0 0 0
          1.73571e-08 -7.53535e-08 0 3.30195e-08 -7.50473e-08 0 6.40733e-08 -7.41914e-08 0 9.452e-08 -7.28202e-08 0
          1.24224e-07 -7.09534e-08 0 1.53051e-07 -6.86222e-08 0 1.80836e-07 -6.58817e-08 0 2.07444e-07 -6.27343e-08 0
          2.32768e-07 -5.92306e-08 0 2.56705e-07 -5.5379e-08 0 2.79233e-07 -5.11887e-08 0 3.00398e-07 -4.66763e-08 0
          3.20317e-07 -4.18687e-08 0 3.39133e-07 -3.68373e-08 0 3.56855e-07 -3.1721e-08 0 3.73414e-07 -2.65673e-08 0
          3.88821e-07 -2.14276e-08 0 4.03078e-07 -1.63874e-08 0 4.16094e-07 -1.15543e-08 0 4.27384e-07 -7.19757e-09 0
          4.36257e-07 -3.20579e-09 0 4.42225e-07 5.65e-10 0 4.4502e-07 4.3257e-09 0 4.45007e-07 8.27282e-09 0
          4.42723e-07 1.21752e-08 0 4.37914e-07 1.57904e-08 0 4.2993e-07 1.88714e-08 0 4.17712e-07 2.08833e-08 0
          3.99331e-07 2.13584e-08 0 3.72542e-07 2.02885e-08 0 3.36085e-07 1.84122e-08 0 2.90768e-07 1.67467e-08 0
          2.38672e-07 1.55311e-08 0 1.83199e-07 1.52275e-08 0 1.294e-07 1.455e-08 0 8.20593e-08 1.25894e-08 0
          4.51336e-08 9.36025e-09 0 2.09037e-08 5.697e-09 0 8.10274e-09 2.73573e-09 0 2.46735e-09 6.79432e-10 0
          3.93268e-10 1.4142e-12 0 5.0589e-13 0 0 0 0 0 0 0 0
          0 0 0 0 0 0 0 0 0 0 0 0
          0 0 0 0 0 0 0 0 0 0 0 0
          0 0 0 0 0 0 0 0 0 0 0 0
          0 0 0 0 0 0 0 0 0 0 0 0
          0 0 0 0 0 0 0 0 0 0 0 0
          0 0 0 0 0 0 0 0 0 0 0 0
          0 0 0 0 0 0 0 0 0 0 0 0
          0 0 0 0 0 0 0 0 0 0 0 0
          2.00975e-08 -1.16899e-07 0 3.82322e-08 -1.1645e-07 0 7.41859e-08 -1.15212e-07 0 1.09428e-07 -1.13261e-07 0
          1.43771e-07 -1.10657e-07 0 1.77017e-07 -1.07452e-07 0 2.08993e-07 -1.03694e-07 0 2.39554e-07 -9.94327e-08 0
          2.68584e-07 -9.47141e-08 0 2.96008e-07 -8.95865e-08 0 3.21786e-07 -8.40984e-08 0 3.45915e-07 -7.83025e-08 0
          3.68418e-07 -7.22604e-08 0 3.89322e-07 -6.60412e-08 0 4.08656e-07 -5.97114e-08 0 4.26444e-07 -5.33422e-08 0
          4.42696e-07 -4.69987e-08 0 4.57406e-07 -4.07409e-08 0 4.70538e-07 -3.46241e-08 0 4.82004e-07 -2.86895e-08 0
          4.91722e-07 -2.29173e-08 0 4.99731e-07 -1.72513e-08 0 5.0624e-07 -1.16253e-08 0 5.11477e-07 -6.10374e-09 0
          5.15575e-07 -7.18818e-10 0 5.18692e-07 4.53633e-09 0 5.20923e-07 9.45453e-09 0 5.22111e-07 1.38834e-08 0
          5.2172e-07 1.77644e-08 0 5.18951e-07 2.10835e-08 0 5.13089e-07 2.3985e-08 0 5.03709e-07 2.66579e-08 0
          4.90726e-07 2.91778e-08 0 4.74103e-07 3.12878e-08 0 4.52601e-07 3.20876e-08 0 4.23767e-07 3.11476e-08 0
          3.85136e-07 2.84502e-08 0 3.35603e-07 2.49227e-08 0 2.76994e-07 2.17986e-08 0 2.13243e-07 1.92133e-08 0
          1.49964e-07 1.7301e-08 0 9.41091e-08 1.45737e-08 0 5.11551e-08 1.05624e-08 0 2.33019e-08 6.22791e-09 0
          8.77951e-09 2.82916e-09 0 2.47119e-09 5.27286e-10 0 2.96465e-10 3.39844e-13 0 1.21718e-13 0 0
          0 0 0 0 0 0 0 0 0 0 0 0
          0 0 0 0 0 0 0 0 0 0 0 0
          0 0 0 0 0 0 0 0 0 0 0 0
          0 0 0 0 0 0 0 0 0 0 0 0
          0 0 0 0 0 0 0 0 0 0 0 0
          0 0 0 0 0 0 0 0 0 0 0 0
          0 0 0 0 0 0 0 0 0 0 0 0
          2.35188e-08 -1.65089e-07 0 4.47283e-08 -1.64463e-07 0 8.67462e-08 -1.62753e-07 0 1.27855e-07 -1.60087e-07 0
          1.67815e-07 -1.56559e-07 0 2.06379e-07 -1.5225e-07 0 2.43334e-07 -1.47236e-07 0 2.78505e-07 -1.41593e-07 0
          3.11759e-07 -1.35395e-07 0 3.42999e-07 -1.28718e-07 0 3.72165e-07 -1.21638e-07 0 3.99232e-07 -1.14235e-07 0
          4.242e-07 -1.06585e-07 0 4.47088e-07 -9.87649e-08 0 4.67931e-07 -9.08502e-08 0 4.86767e-07 -8.29102e-08 0
          5.0364e-07 -7.50086e-08 0 5.18594e-07 -6.72004e-08 0 5.31669e-07 -5.95286e-08 0 5.42921e-07 -5.20205e-08 0
          5.52425e-07 -4.46901e-08 0 5.60297e-07 -3.75416e-08 0 5.66686e-07 -3.05814e-08 0 5.71754e-07 -2.38263e-08 0
          5.75649e-07 -1.72983e-08 0 5.78515e-07 -1.10184e-08 0 5.80398e-07 -5.07127e-09 0 5.81199e-07 5.11485e-10 0
          5.80833e-07 5.78344e-09 0 5.79368e-07 1.0697e-08 0 5.76931e-07 1.53626e-08 0 5.73659e-07 1.98296e-08 0
          5.69738e-07 2.40815e-08 0 5.65207e-07 2.80116e-08 0 5.59812e-07 3.14829e-08 0 5.52879e-07 3.43272e-08 0
          5.43402e-07 3.65275e-08 0 5.30419e-07 3.82082e-08 0 5.13234e-07 3.94787e-08 0 4.9129e-07 4.02152e-08 0
          4.63701e-07 3.99341e-08 0 4.28222e-07 3.77091e-08 0 3.82094e-07 3.36493e-08 0 3.24603e-07 2.87775e-08 0
          2.5854e-07 2.43844e-08 0 1.89202e-07 2.04676e-08 0 1.241e-07 1.72894e-08 0 7.11221e-08 1.31201e-08 0
          3.45111e-08 8.24815e-09 0 1.37946e-08 4.02542e-09 0 4.24638e-09 1.08977e-09 0 7.22147e-10 4.46622e-12 0
          1.78386e-12 0 0 0 0 0 0 0 0 0 0 0
          0 0 0 0 0 0 0 0 0 0 0 0
          0 0 0 0 0 0 0 0 0 0 0 0
          0 0 0 0 0 0 0 0 0 0 0 0
          0 0 0 0 0 0 0 0 0 0 0 0
          0 0 0 0 0 0 0 0 0 0 0 0
          2.77877e-08 -2.21578e-07 0 5.28253e-08 -2.20714e-07 0 1.02374e-07 -2.18381e-07 0 1.50723e-07 -2.14777e-07 0
          1.97558e-07 -2.10046e-07 0 2.42563e-07 -2.0431e-07 0 2.8547e-07 -1.97681e-07 0 3.26066e-07 -1.90269e-07 0
          3.64186e-07 -1.82183e-07 0 3.99715e-07 -1.73533e-07 0 4.32584e-07 -1.64425e-07 0 4.62767e-07 -1.54965e-07 0
          4.90272e-07 -1.45252e-07 0 5.15135e-07 -1.35382e-07 0 5.37418e-07 -1.25443e-07 0 5.572e-07 -1.15513e-07 0
          5.74571e-07 -1.05664e-07 0 5.89634e-07 -9.59561e-08 0 6.02502e-07 -8.6437e-08 0 6.13296e-07 -7.71455e-08 0
          6.22152e-07 -6.81107e-08 0 6.29215e-07 -5.93552e-08 0 6.34639e-07 -5.08976e-08 0 6.38578e-07 -4.27543e-08 0
          6.41177e-07 -3.49412e-08 0 6.42569e-07 -2.74741e-08 0 6.42854e-07 -2.03679e-08 0 6.42112e-07 -1.36218e-08 0
          6.40436e-07 -7.22486e-09 0 6.37839e-07 -1.22749e-09 0 6.34334e-07 4.4532e-09 0 6.30126e-07 9.768e-09 0
          6.25423e-07 1.47649e-08 0 6.2029e-07 1.94429e-08 0 6.14718e-07 2.37868e-08 0 6.08643e-07 2.78029e-08 0
          6.01997e-07 3.15191e-08 0 5.9476e-07 3.49765e-08 0 5.86969e-07 3.81888e-08 0 5.78596e-07 4.10919e-08 0
          5.69321e-07 4.35292e-08 0 5.58393e-07 4.53528e-08 0 5.44687e-07 4.64772e-08 0 5.27e-07 4.69755e-08 0
          5.04319e-07 4.6861e-08 0 4.75617e-07 4.58743e-08 0 4.39363e-07 4.34352e-08 0 3.93062e-07 3.89338e-08 0
          3.35103e-07 3.31377e-08 0 2.67522e-07 2.74187e-08 0 1.95792e-07 2.22756e-08 0 1.27928e-07 1.80185e-08 0
          7.26704e-08 1.33972e-08 0 3.48908e-08 8.20912e-09 0 1.37285e-08 3.8014e-09 0 3.8623e-09 6.52607e-10 0
          4.17983e-10 3.29415e-13 0 1.3142e-13 0 0 0 0 0 0 0 0
          0 0 0 0 0 0 0 0 0 0 0 0
          0 0 0 0 0 0 0 0 0 0 0 0
          0 0 0 0 0 0 0 0 0 0 0 0
          0 0 0 0 0 0 0 0 0 0 0 0
          3.31605e-08 -2.88473e-07 0 6.30058e-08 -2.8728e-07 0 1.21987e-07 -2.84099e-07 0 1.7935e-07 -2.79233e-07 0
          2.3467e-07 -2.72898e-07 0 2.87539e-07 -2.65269e-07 0 3.37617e-07 -2.56509e-07 0 3.8464e-07 -2.46778e-07 0
          4.28414e-07 -2.36232e-07 0 4.68811e-07 -2.25021e-07 0 5.05769e-07 -2.13295e-07 0 5.39279e-07 -2.01193e-07 0
          5.69382e-07 -1.88846e-07 0 5.96157e-07 -1.76375e-07 0 6.19716e-07 -1.63888e-07 0 6.40198e-07 -1.51481e-07 0
          6.57756e-07 -1.39238e-07 0 6.72562e-07 -1.27229e-07 0 6.84792e-07 -1.1551e-07 0 6.94632e-07 -1.04129e-07 0
          7.02272e-07 -9.31217e-08 0 7.07899e-07 -8.25151e-08 0 7.117e-07 -7.23298e-08 0 7.13854e-07 -6.25805e-08 0
          7.14531e-07 -5.32773e-08 0 7.13887e-07 -4.44256e-08 0 7.12064e-07 -3.60252e-08 0 7.09196e-07 -2.80717e-08 0
          7.05403e-07 -2.05575e-08 0 7.00794e-07 -1.34724e-08 0 6.95482e-07 -6.79493e-09 0 6.89495e-07 -5.75904e-10 0
          6.82844e-07 5.24273e-09 0 6.75705e-07 1.0634e-08 0 6.68231e-07 1.56689e-08 0 6.60468e-07 2.03676e-08 0
          6.52463e-07 2.47509e-08 0 6.44267e-07 2.8837e-08 0 6.35925e-07 3.26349e-08 0 6.27452e-07 3.61426e-08 0
          6.18813e-07 3.93545e-08 0 6.09915e-07 4.22708e-08 0 6.00652e-07 4.49115e-08 0 5.90936e-07 4.72947e-08 0
          5.80669e-07 4.9399e-08 0 5.69587e-07 5.11181e-08 0 5.57039e-07 5.22763e-08 0 5.41932e-07 5.27407e-08 0
          5.22903e-07 5.2466e-08 0 4.9861e-07 5.14466e-08 0 4.67723e-07 4.94529e-08 0 4.2871e-07 4.60642e-08 0
          3.79351e-07 4.06636e-08 0 3.18473e-07 3.4046e-08 0 2.48767e-07 2.75336e-08 0 1.76204e-07 2.14652e-08 0
          1.101e-07 1.68431e-08 0 5.92831e-08 1.16675e-08 0 2.66472e-08 6.44312e-09 0 9.39909e-09 2.26948e-09 0
          1.99547e-09 4.02652e-11 0 2.04383e-11 0 0 0 0 0 0 0 0
          0 0 0 0 0 0 0 0 0 0 0 0
          0 0 0 0 0 0 0 0 0 0 0 0
          0 0 0 0 0 0 0 0 0 0 0 0
          4.00136e-08 -3.68566e-07 0 7.59752e-08 -3.66906e-07 0 1.46923e-07 -3.62544e-07 0 2.15638e-07 -3.55943e-07 0
          2.81544e-07 -3.47419e-07 0 3.44105e-07 -3.37228e-07 0 4.0289e-07 -3.25608e-07 0 4.57575e-07 -3.12786e-07 0
          5.07939e-07 -2.98984e-07 0 5.53859e-07 -2.84413e-07 0 5.95298e-07 -2.69279e-07 0 6.32294e-07 -2.53767e-07 0
          6.64951e-07 -2.38052e-07 0 6.93422e-07 -2.22286e-07 0 7.17901e-07 -2.06606e-07 0 7.38612e-07 -1.91128e-07 0
          7.55798e-07 -1.75951e-07 0 7.69713e-07 -1.61156e-07 0 7.80617e-07 -1.46809e-07 0 7.88772e-07 -1.32958e-07 0
          7.94431e-07 -1.19643e-07 0 7.97844e-07 -1.06889e-07 0 7.99247e-07 -9.47133e-08 0 7.98863e-07 -8.31244e-08 0
          7.969e-07 -7.21248e-08 0 7.93551e-07 -6.17108e-08 0 7.88992e-07 -5.18738e-08 0 7.83384e-07 -4.26014e-08 0
          7.76874e-07 -3.38776e-08 0 7.69595e-07 -2.56838e-08 0 7.6167e-07 -1.80014e-08 0 7.53202e-07 -1.08117e-08 0
          7.44271e-07 -4.10007e-09 0 7.34865e-07 2.11048e-09 0 7.25058e-07 7.84827e-09 0 7.15041e-07 1.31709e-08 0
          7.04905e-07 1.81238e-08 0 6.94695e-07 2.27264e-08 0 6.84452e-07 2.69964e-08 0 6.74205e-07 3.09499e-08 0
          6.63973e-07 3.46031e-08 0 6.5377e-07 3.79736e-08 0 6.43611e-07 4.10786e-08 0 6.33505e-07 4.39312e-08 0
          6.23447e-07 4.65351e-08 0 6.13392e-07 4.88854e-08 0 6.03241e-07 5.09772e-08 0 5.92851e-07 5.28119e-08 0
          5.82066e-07 5.43947e-08 0 5.70694e-07 5.56968e-08 0 5.58379e-07 5.66154e-08 0 5.44389e-07 5.697e-08 0
          5.27543e-07 5.6612e-08 0 5.06358e-07 5.54512e-08 0 4.79288e-07 5.34125e-08 0 4.44791e-07 5.02404e-08 0
          4.01193e-07 4.55285e-08 0 3.46694e-07 3.89915e-08 0 2.81515e-07 3.17062e-08 0 2.0986e-07 2.46958e-08 0
          1.39447e-07 1.88021e-08 0 8.04947e-08 1.38732e-08 0 3.94539e-08 8.43669e-09 0 1.56066e-08 3.59681e-09 0
          3.91839e-09 2.00385e-10 0 1.27995e-10 3.78213e-16 0 1.6592e-16 0 0 0 0 0
          0 0 0 0 0 0 0 0 0 0 0 0
          0 0 0 0 0 0 0 0 0 0 0 0
          4.89025e-08 -4.65652e-07 0 9.27714e-08 -4.63311e-07 0 1.79136e-07 -4.57269e-07 0 2.62354e-07 -4.48232e-07 0
          3.41633e-07 -4.36665e-07 0 4.16262e-07 -4.22945e-07 0 4.85692e-07 -4.07417e-07 0 5.49538e-07 -3.90412e-07 0
          6.07567e-07 -3.72245e-07 0 6.59685e-07 -3.53219e-07 0 7.05922e-07 -3.3361e-07 0 7.46406e-07 -3.13673e-07 0
          7.81351e-07 -2.93633e-07 0 8.11032e-07 -2.73687e-07 0 8.35769e-07 -2.54002e-07 0 8.55912e-07 -2.34719e-07 0
          8.71828e-07 -2.15951e-07 0 8.83889e-07 -1.97788e-07 0 8.92461e-07 -1.80299e-07 0 8.97901e-07 -1.63532e-07 0
          9.00552e-07 -1.47521e-07 0 9.00737e-07 -1.32284e-07 0 8.98756e-07 -1.1783e-07 0 8.94888e-07 -1.04155e-07 0
          8.89389e-07 -9.12509e-08 0 8.82491e-07 -7.91009e-08 0 8.74403e-07 -6.76843e-08 0 8.65314e-07 -5.69768e-08 0
          8.55393e-07 -4.69511e-08 0 8.4479e-07 -3.75786e-08 0 8.33638e-07 -2.88293e-08 0 8.22054e-07 -2.06724e-08 0
          8.1014e-07 -1.30789e-08 0 7.97984e-07 -6.01678e-09 0 7.85587e-07 4.92112e-10 0 7.72977e-07 6.47168e-09 0
          7.60315e-07 1.19835e-08 0 7.47705e-07 1.70914e-08 0 7.35182e-07 2.18187e-08 0 7.22777e-07 2.6188e-08 0
          7.10516e-07 3.02211e-08 0 6.98419e-07 3.39386e-08 0 6.86506e-07 3.73601e-08 0 6.74788e-07 4.05028e-08 0
          6.63274e-07 4.33826e-08 0 6.51964e-07 4.6014e-08 0 6.40851e-07 4.84112e-08 0 6.29925e-07 5.05879e-08 0
          6.19169e-07 5.25536e-08 0 6.08551e-07 5.43096e-08 0 5.97997e-07 5.58486e-08 0 5.87379e-07 5.71612e-08 0
          5.76518e-07 5.82383e-08 0 5.65196e-07 5.9068e-08 0 5.53117e-07 5.95965e-08 0 5.39761e-07 5.96928e-08 0
          5.2419e-07 5.91686e-08 0 5.05038e-07 5.78758e-08 0 4.80684e-07 5.57051e-08 0 4.49444e-07 5.24996e-08 0
          4.09819e-07 4.80514e-08 0 3.60089e-07 4.18119e-08 0 2.99465e-07 3.43336e-08 0 2.30489e-07 2.66958e-08 0
          1.59156e-07 1.97524e-08 0 9.61109e-08 1.49693e-08 0 4.98616e-08 9.5981e-09 0 2.11019e-08 4.4045e-09 0
          5.67432e-09 3.1896e-10 0 2.39633e-10 3.55084e-15 0 1.73052e-15 0 0 0 0 0
          0 0 0 0 0 0 0 0 0 0 0 0
          6.06657e-08 -5.85031e-07 0 1.14954e-07 -5.8167e-07 0 2.21548e-07 -5.7318e-07 0 3.23602e-07 -5.60645e-07 0
          4.20005e-07 -5.44758e-07 0 5.0981e-07 -5.26078e-07 0 5.92327e-07 -5.05117e-07 0 6.67118e-07 -4.82361e-07 0
          7.33974e-07 -4.58269e-07 0 7.92887e-07 -4.33265e-07 0 8.44021e-07 -4.07733e-07 0 8.87672e-07 -3.82012e-07 0
          9.2424e-07 -3.56396e-07 0 9.54196e-07 -3.31132e-07 0 9.78054e-07 -3.06421e-07 0 9.96351e-07 -2.82426e-07 0
          1.00963e-06 -2.59271e-07 0 1.01841e-06 -2.37048e-07 0 1.02322e-06 -2.15819e-07 0 1.02453e-06 -1.95625e-07 0
          1.02279e-06 -1.76485e-07 0 1.01842e-06 -1.58401e-07 0 1.01179e-06 -1.41363e-07 0 1.00324e-06 -1.2535e-07 0
          9.9309e-07 -1.10335e-07 0 9.81604e-07 -9.62813e-08 0 9.69027e-07 -8.31521e-08 0 9.55572e-07 -7.09053e-08 0
          9.41428e-07 -5.94981e-08 0 9.26756e-07 -4.88868e-08 0 9.117e-07 -3.90276e-08 0 8.96382e-07 -2.98775e-08 0
          8.80907e-07 -2.13943e-08 0 8.65365e-07 -1.35374e-08 0 8.49832e-07 -6.26857e-09 0 8.34306e-07 4.10632e-10 0
          8.18811e-07 6.49854e-09 0 8.03475e-07 1.20941e-08 0 7.8838e-07 1.72579e-08 0 7.73552e-07 2.20174e-08 0
          7.59011e-07 2.63991e-08 0 7.44771e-07 3.04276e-08 0 7.30847e-07 3.41262e-08 0 7.17245e-07 3.75167e-08 0
          7.03972e-07 4.06193e-08 0 6.91029e-07 4.34532e-08 0 6.78417e-07 4.6036e-08 0 6.66133e-07 4.83842e-08 0
          6.54173e-07 5.05121e-08 0 6.42525e-07 5.24325e-08 0 6.31173e-07 5.41567e-08 0 6.20094e-07 5.56951e-08 0
          6.0926e-07 5.70564e-08 0 5.98632e-07 5.82443e-08 0 5.88143e-07 5.92539e-08 0 5.77684e-07 6.00726e-08 0
          5.67083e-07 6.0685e-08 0 5.56113e-07 6.10721e-08 0 5.4448e-07 6.1198e-08 0 5.31744e-07 6.09676e-08 0
          5.17131e-07 6.02065e-08 0 4.99432e-07 5.87395e-08 0 4.77065e-07 5.6417e-08 0 4.48286e-07 5.31131e-08 0
          4.11576e-07 4.87035e-08 0 3.65426e-07 4.27441e-08 0 3.08751e-07 3.53441e-08 0 2.42827e-07 2.73948e-08 0
          1.72187e-07 1.98987e-08 0 1.07462e-07 1.5284e-08 0 5.81902e-08 1.01092e-08 0 2.57703e-08 4.73561e-09 0
          7.06974e-09 2.96381e-10 0 2.51174e-10 1.32456e-15 0 7.19145e-16 0 0 0 0 0
          7.66081e-08 -7.34312e-07 0 1.4494e-07 -7.29369e-07 0 2.78651e-07 -7.17214e-07 0 4.05623e-07 -6.9953e-07 0
          5.2428e-07 -6.77359e-07 0 6.33356e-07 -6.51554e-07 0 7.32004e-07 -6.22891e-07 0 8.19776e-07 -5.92098e-07 0
          8.96572e-07 -5.59842e-07 0 9.62585e-07 -5.26728e-07 0 1.01824e-06 -4.93283e-07 0 1.06413e-06 -4.59958e-07 0
          1.10097e-06 -4.27125e-07 0 1.12954e-06 -3.95084e-07 0 1.15065e-06 -3.64069e-07 0 1.16511e-06 -3.34254e-07 0
          1.1737e-06 -3.05762e-07 0 1.17717e-06 -2.78671e-07 0 1.17621e-06 -2.53026e-07 0 1.17145e-06 -2.2884e-07 0
          1.16349e-06 -2.06104e-07 0 1.15283e-06 -1.84792e-07 0 1.13993e-06 -1.64863e-07 0 1.12522e-06 -1.46268e-07 0
          1.10905e-06 -1.28948e-07 0 1.09172e-06 -1.12844e-07 0 1.07351e-06 -9.78914e-08 0 1.05465e-06 -8.40254e-08 0
          1.03535e-06 -7.11818e-08 0 1.01576e-06 -5.92975e-08 0 9.96048e-07 -4.83111e-08 0 9.76317e-07 -3.81635e-08 0
          9.56674e-07 -2.87984e-08 0 9.37202e-07 -2.01622e-08 0 9.1797e-07 -1.22042e-08 0 8.99033e-07 -4.87704e-09 0
          8.80369e-07 1.80703e-09 0 8.62012e-07 7.86985e-09 0 8.44065e-07 1.34346e-08 0 8.26567e-07 1.85471e-08 0
          8.09529e-07 2.32389e-08 0 7.92957e-07 2.75395e-08 0 7.76855e-07 3.14764e-08 0 7.61223e-07 3.50752e-08 0
          7.46058e-07 3.83599e-08 0 7.31356e-07 4.13525e-08 0 7.1711e-07 4.40736e-08 0 7.03312e-07 4.65421e-08 0
          6.89951e-07 4.87757e-08 0 6.77016e-07 5.07904e-08 0 6.64495e-07 5.26011e-08 0 6.52375e-07 5.42215e-08 0
          6.40639e-07 5.56638e-08 0 6.2927e-07 5.69383e-08 0 6.18245e-07 5.80538e-08 0 6.07535e-07 5.90179e-08 0
          5.97103e-07 5.98364e-08 0 5.86905e-07 6.0512e-08 0 5.76876e-07 6.10404e-08 0 5.66912e-07 6.14083e-08 0
          5.56851e-07 6.15972e-08 0 5.46468e-07 6.15831e-08 0 5.35467e-07 6.13343e-08 0 5.23444e-07 6.07763e-08 0
          5.09727e-07 5.97588e-08 0 4.93236e-07 5.81011e-08 0 4.72482e-07 5.56409e-08 0 4.45739e-07 5.22564e-08 0
          4.11531e-07 4.79078e-08 0 3.68538e-07 4.22158e-08 0 3.15529e-07 3.50452e-08 0 2.52748e-07 2.70078e-08 0
          1.83453e-07 1.94034e-08 0 1.18166e-07 1.51539e-08 0 6.68117e-08 1.02896e-08 0 2.25483e-08 2.30832e-09 0
          9.88428e-08 -9.2479e-07 0 1.8661e-07 -9.17296e-07 0 3.57595e-07 -8.99473e-07 0 5.18236e-07 -8.73969e-07 0
          6.66266e-07 -8.42401e-07 0 8.00002e-07 -8.06102e-07 0 9.18475e-07 -7.66281e-07 0 1.02135e-06 -7.24042e-07 0
          1.10883e-06 -6.80372e-07 0 1.18153e-06 -6.36127e-07 0 1.24037e-06 -5.92024e-07 0 1.28649e-06 -5.48647e-07 0
          1.32109e-06 -5.06452e-07 0 1.34546e-06 -4.65784e-07 0 1.36083e-06 -4.26886e-07 0 1.36842e-06 -3.89922e-07 0
          1.36932e-06 -3.54986e-07 0 1.36456e-06 -3.22117e-07 0 1.35507e-06 -2.91312e-07 0 1.34166e-06 -2.62537e-07 0
          1.32507e-06 -2.35732e-07 0 1.30591e-06 -2.1082e-07 0 1.28474e-06 -1.87715e-07 0 1.26202e-06 -1.66321e-07 0
          1.23817e-06 -1.46542e-07 0 1.21351e-06 -1.28277e-07 0 1.18834e-06 -1.1143e-07 0 1.1629e-06 -9.59039e-08 0
          1.13738e-06 -8.16078e-08 0 1.11195e-06 -6.84535e-08 0 1.08675e-06 -5.63579e-08 0 1.06188e-06 -4.52424e-08 0
          1.03743e-06 -3.50334e-08 0 1.01347e-06 -2.56621e-08 0 9.90047e-07 -1.70644e-08 0 9.6721e-07 -9.1809e-09 0
          9.44967e-07 -1.9655e-09 0 9.23296e-07 4.54573e-09 0 9.02236e-07 1.04577e-08 0 8.81847e-07 1.58695e-08 0
          8.62124e-07 2.08182e-08 0 8.43064e-07 2.53385e-08 0 8.24657e-07 2.94624e-08 0 8.06891e-07 3.32198e-08 0
          7.89753e-07 3.66379e-08 0 7.73228e-07 3.97422e-08 0 7.57297e-07 4.2556e-08 0 7.41945e-07 4.51009e-08 0
          7.27152e-07 4.73965e-08 0 7.129e-07 4.94612e-08 0 6.99169e-07 5.13117e-08 0 6.85941e-07 5.29632e-08 0
          6.73195e-07 5.44299e-08 0 6.60913e-07 5.57245e-08 0 6.49074e-07 5.68586e-08 0 6.37659e-07 5.78429e-08 0
          6.26645e-07 5.86866e-08 0 6.16011e-07 5.93976e-08 0 6.05728e-07 5.9982e-08 0 5.95765e-07 6.04448e-08 0
          5.86082e-07 6.07892e-08 0 5.76629e-07 6.10161e-08 0 5.67339e-07 6.11209e-08 0 5.58114e-07 6.10903e-08 0
          5.488e-07 6.09044e-08 0 5.39179e-07 6.05384e-08 0 5.28963e-07 5.99621e-08 0 5.17777e-07 5.91162e-08 0
          5.0503e-07 5.78706e-08 0 4.89758e-07 5.60548e-08 0 4.70581e-07 5.35073e-08 0 4.45847e-07 5.01272e-08 0
          4.14264e-07 4.59849e-08 0 3.7469e-07 4.06609e-08 0 3.25718e-07 3.38895e-08 0 1.49353e-07 1.26158e-08 0
          1.3096e-07 -1.17391e-06 0 2.46505e-07 -1.1621e-06 0 4.70274e-07 -1.13515e-06 0 6.77508e-07 -1.09733e-06 0
          8.64909e-07 -1.05123e-06 0 1.03032e-06 -9.99022e-07 0 1.1728e-06 -9.42633e-07 0 1.29248e-06 -8.83771e-07 0
          1.39028e-06 -8.23895e-07 0 1.4677e-06 -7.64207e-07 0 1.52658e-06 -7.05654e-07 0 1.56896e-06 -6.48957e-07 0
          1.5969e-06 -5.94633e-07 0 1.61242e-06 -5.43026e-07 0 1.6174e-06 -4.94345e-07 0 1.61356e-06 -4.48688e-07 0
          1.60245e-06 -4.0607e-07 0 1.58542e-06 -3.66443e-07 0 1.56366e-06 -3.29716e-07 0 1.5382e-06 -2.95766e-07 0
          1.50988e-06 -2.6445e-07 0 1.47946e-06 -2.35616e-07 0 1.44753e-06 -2.09106e-07 0 1.41462e-06 -1.84762e-07 0
          1.38114e-06 -1.6243e-07 0 1.34744e-06 -1.41958e-07 0 1.3138e-06 -1.23206e-07 0 1.28045e-06 -1.06038e-07 0
          1.24756e-06 -9.03285e-08 0 1.21528e-06 -7.59585e-08 0 1.18372e-06 -6.28188e-08 0 1.15296e-06 -5.08081e-08 0
          1.12305e-06 -3.98327e-08 0 1.09405e-06 -2.98067e-08 0 1.06597e-06 -2.0651e-08 0 1.03882e-06 -1.22931e-08 0
          1.01262e-06 -4.66653e-09 0 9.87329e-07 2.22996e-09 0 9.62937e-07 8.41709e-09 0 9.39473e-07 1.40552e-08 0
          9.16922e-07 1.919e-08 0 8.95262e-07 2.38617e-08 0 8.74467e-07 2.81072e-08 0 8.5451e-07 3.19605e-08 0
          8.35363e-07 3.54527e-08 0 8.16997e-07 3.86123e-08 0 7.99382e-07 4.14655e-08 0 7.82488e-07 4.40361e-08 0
          7.66287e-07 4.63461e-08 0 7.50749e-07 4.84154e-08 0 7.35846e-07 5.02624e-08 0 7.2155e-07 5.19037e-08 0
          7.07834e-07 5.33546e-08 0 6.94672e-07 5.46291e-08 0 6.82039e-07 5.57399e-08 0 6.69909e-07 5.66986e-08 0
          6.5826e-07 5.75157e-08 0 6.47066e-07 5.82007e-08 0 6.36306e-07 5.87622e-08 0 6.25955e-07 5.92078e-08 0
          6.15989e-07 5.95442e-08 0 6.06384e-07 5.97769e-08 0 5.97111e-07 5.99099e-08 0 5.88135e-07 5.99459e-08 0
          5.79414e-07 5.98864e-08 0 5.70899e-07 5.97309e-08 0 5.62523e-07 5.94743e-08 0 5.54192e-07 5.91036e-08 0
          5.45759e-07 5.85997e-08 0 5.37019e-07 5.79391e-08 0 5.27705e-07 5.70972e-08 0 5.17486e-07 5.60297e-08 0
          5.05857e-07 5.46248e-08 0 4.91983e-07 5.27307e-08 0 4.7461e-07 5.01936e-08 0 2.32432e-07 2.31771e-08 0
          1.79442e-07 -1.50995e-06 0 3.36281e-07 -1.49042e-06 0 6.37531e-07 -1.44805e-06 0 9.10996e-07 -1.38991e-06 0
          1.15188e-06 -1.32043e-06 0 1.35769e-06 -1.24328e-06 0 1.52811e-06 -1.16161e-06 0 1.66456e-06 -1.07811e-06 0
          1.76961e-06 -9.9489e-07 0 1.84653e-06 -9.13595e-07 0 1.89887e-06 -8.35395e-07 0 1.93021e-06 -7.61084e-07 0
          1.94393e-06 -6.91143e-07 0 1.94315e-06 -6.25813e-07 0 1.93061e-06 -5.65159e-07 0 1.90871e-06 -5.09112e-07 0
          1.87949e-06 -4.57519e-07 0 1.84469e-06 -4.10167e-07 0 1.80574e-06 -3.6681e-07 0 1.76384e-06 -3.27182e-07 0
          1.71995e-06 -2.91015e-07 0 1.67488e-06 -2.58044e-07 0 1.62925e-06 -2.2801e-07 0 1.58357e-06 -2.00669e-07 0
          1.53825e-06 -1.75791e-07 0 1.49359e-06 -1.53161e-07 0 1.44983e-06 -1.32582e-07 0 1.40716e-06 -1.13871e-07 0
          1.3657e-06 -9.68585e-08 0 1.32554e-06 -8.13928e-08 0 1.28675e-06 -6.73336e-08 0 1.24935e-06 -5.45536e-08 0
          1.21337e-06 -4.29373e-08 0 1.1788e-06 -3.23795e-08 0 1.14563e-06 -2.27851e-08 0 1.11383e-06 -1.40679e-08 0
          1.08337e-06 -6.14993e-09 0 1.05421e-06 1.00423e-09 0 1.02632e-06 7.37194e-09 0 9.99654e-07 1.31415e-08 0
          9.7419e-07 1.83723e-08 0 9.49879e-07 2.31102e-08 0 9.26673e-07 2.73971e-08 0 9.04525e-07 3.12711e-08 0
          8.83389e-07 3.47669e-08 0 8.63218e-07 3.7916e-08 0 8.43967e-07 4.07472e-08 0 8.25593e-07 4.32864e-08 0
          8.08052e-07 4.55574e-08 0 7.91304e-07 4.75818e-08 0 7.75309e-07 4.93792e-08 0 7.6003e-07 5.09673e-08 0
          7.4543e-07 5.23625e-08 0 7.31475e-07 5.35794e-08 0 7.18132e-07 5.46315e-08 0 7.05369e-07 5.55309e-08 0
          6.93157e-07 5.62889e-08 0 6.81466e-07 5.69153e-08 0 6.70271e-07 5.74195e-08 0 6.59543e-07 5.78097e-08 0
          6.49259e-07 5.80933e-08 0 6.39394e-07 5.82773e-08 0 6.29924e-07 5.83675e-08 0 6.20824e-07 5.83694e-08 0
          6.1207e-07 5.82876e-08 0 6.03635e-07 5.81257e-08 0 5.95492e-07 5.78862e-08 0 5.87605e-07 5.75705e-08 0
          5.79932e-07 5.7179e-08 0 5.72425e-07 5.67108e-08 0 5.6502e-07 5.61614e-08 0 5.57628e-07 5.55187e-08 0
          5.50118e-07 5.4766e-08 0 5.42298e-07 5.38835e-08 0 5.33935e-07 5.28568e-08 0 2.64793e-07 2.57904e-08 0
          2.5689e-07 -1.98179e-06 0 4.78259e-07 -1.94742e-06 0 8.9838e-07 -1.8772e-06 0 1.26875e-06 -1.78364e-06 0
          1.58272e-06 -1.67469e-06 0 1.8384e-06 -1.55689e-06 0 2.03792e-06 -1.43554e-06 0 2.18607e-06 -1.31478e-06 0
          2.28911e-06 -1.19758e-06 0 2.35381e-06 -1.08596e-06 0 2.38678e-06 -9.81153e-07 0 2.3941e-06 -8.83782e-07 0
          2.38111e-06 -7.94044e-07 0 2.35239e-06 -7.11841e-07 0 2.31176e-06 -6.36881e-07 0 2.26236e-06 -5.68756e-07 0
          2.20672e-06 -5.06997e-07 0 2.14687e-06 -4.51109e-07 0 2.08444e-06 -4.00599e-07 0 2.02068e-06 -3.54989e-07 0
          1.95657e-06 -3.13825e-07 0 1.89288e-06 -2.76686e-07 0 1.83017e-06 -2.43182e-07 0 1.76887e-06 -2.12957e-07 0
          1.70928e-06 -1.85687e-07 0 1.65161e-06 -1.61078e-07 0 1.59602e-06 -1.38866e-07 0 1.54259e-06 -1.18812e-07 0
          1.49135e-06 -1.00701e-07 0 1.44232e-06 -8.43402e-08 0 1.39547e-06 -6.95571e-08 0 1.35078e-06 -5.61965e-08 0
          1.30818e-06 -4.41194e-08 0 1.26761e-06 -3.3201e-08 0 1.22901e-06 -2.33298e-08 0 1.19229e-06 -1.44056e-08 0
          1.15738e-06 -6.33895e-09 0 1.12421e-06 9.14472e-10 0 1.09272e-06 7.33228e-09 0 1.06282e-06 1.31163e-08 0
          1.03444e-06 1.83341e-08 0 1.00751e-06 2.30372e-08 0 9.81939e-07 2.7272e-08 0 9.57667e-07 3.10803e-08 0
          9.34624e-07 3.45001e-08 0 9.12741e-07 3.75654e-08 0 8.91956e-07 4.0307e-08 0 8.72208e-07 4.27529e-08 0
          8.53439e-07 4.49281e-08 0 8.35595e-07 4.68554e-08 0 8.18623e-07 4.85553e-08 0 8.02475e-07 5.00465e-08 0
          7.87105e-07 5.13458e-08 0 7.72468e-07 5.24684e-08 0 7.58523e-07 5.34282e-08 0 7.45232e-07 5.42376e-08 0
          7.32557e-07 5.49079e-08 0 7.20464e-07 5.54496e-08 0 7.0892e-07 5.5872e-08 0 6.97895e-07 5.61835e-08 0
          6.87358e-07 5.6392e-08 0 6.77282e-07 5.65043e-08 0 6.67641e-07 5.65271e-08 0 6.58408e-07 5.6466e-08 0
          6.49559e-07 5.63264e-08 0 6.41071e-07 5.61131e-08 0 6.32919e-07 5.58303e-08 0 6.2508e-07 5.5482e-08 0
          6.17529e-07 5.50714e-08 0 6.1024e-07 5.46013e-08 0 6.03185e-07 5.40733e-08 0 5.96328e-07 5.34885e-08 0
          5.8963e-07 5.28472e-08 0 5.83044e-07 5.21493e-08 0 5.76512e-07 5.13917e-08 0 2.86626e-07 2.53198e-08 0
          3.90894e-07 -2.68154e-06 0 7.19547e-07 -2.61538e-06 0 1.3321e-06 -2.49061e-06 0 1.84825e-06 -2.3306e-06 0
          2.26027e-06 -2.15109e-06 0 2.57108e-06 -1.96418e-06 0 2.79063e-06 -1.77877e-06 0 2.93237e-06 -1.60085e-06 0
          3.01058e-06 -1.43405e-06 0 3.03868e-06 -1.28023e-06 0 3.0284e-06 -1.13998e-06 0 2.9895e-06 -1.01314e-06 0
          2.92987e-06 -8.99047e-07 0 2.85573e-06 -7.96814e-07 0 2.77192e-06 -7.05428e-07 0 2.68213e-06 -6.23862e-07 0
          2.58917e-06 -5.51123e-07 0 2.49511e-06 -4.86276e-07 0 2.40151e-06 -4.28466e-07 0 2.30949e-06 -3.76914e-07 0
          2.21984e-06 -3.30924e-07 0 2.1331e-06 -2.89871e-07 0 2.04965e-06 -2.53202e-07 0 1.96969e-06 -2.20427e-07 0
          1.89334e-06 -1.91109e-07 0 1.82064e-06 -1.64867e-07 0 1.75154e-06 -1.41361e-07 0 1.68599e-06 -1.2029e-07 0
          1.62389e-06 -1.01391e-07 0 1.56512e-06 -8.44294e-08 0 1.50953e-06 -6.91982e-08 0 1.45701e-06 -5.55145e-08 0
          1.40738e-06 -4.32161e-08 0 1.36052e-06 -3.21593e-08 0 1.31628e-06 -2.22167e-08 0 1.27451e-06 -1.32754e-08 0
          1.23509e-06 -5.23512e-09 0 1.1979e-06 1.93016e-09 0 1.16285e-06 8.23997e-09 0 1.12979e-06 1.39017e-08 0
          1.09859e-06 1.89818e-08 0 1.06914e-06 2.35364e-08 0 1.04134e-06 2.76157e-08 0 1.01508e-06 3.12644e-08 0
          9.90273e-07 3.45229e-08 0 9.66826e-07 3.74272e-08 0 9.44655e-07 4.00094e-08 0 9.23681e-07 4.22987e-08 0
          9.03829e-07 4.4321e-08 0 8.85029e-07 4.60996e-08 0 8.67218e-07 4.76557e-08 0 8.50332e-07 4.90081e-08 0
          8.34316e-07 5.01739e-08 0 8.19116e-07 5.11685e-08 0 8.04682e-07 5.20058e-08 0 7.90966e-07 5.26982e-08 0
          7.77926e-07 5.32572e-08 0 7.65521e-07 5.36929e-08 0 7.5371e-07 5.40148e-08 0 7.42459e-07 5.42312e-08 0
          7.31734e-07 5.43498e-08 0 7.21501e-07 5.43778e-08 0 7.11731e-07 5.43214e-08 0 7.02395e-07 5.41867e-08 0
          6.93466e-07 5.39789e-08 0 6.84917e-07 5.37032e-08 0 6.76724e-07 5.33641e-08 0 6.68862e-07 5.2966e-08 0
          6.61308e-07 5.25128e-08 0 6.54039e-07 5.20083e-08 0 6.4703e-07 5.14558e-08 0 6.4026e-07 5.08586e-08 0
          6.33704e-07 5.02196e-08 0 6.27336e-07 4.95412e-08 0 6.21129e-07 4.88252e-08 0 3.09031e-07 2.40946e-08 0
          6.46039e-07 -3.80054e-06 0 1.17142e-06 -3.66106e-06 0 2.11908e-06 -3.41513e-06 0 2.85643e-06 -3.11848e-06 0
          3.38718e-06 -2.80404e-06 0 3.73494e-06 -2.49444e-06 0 3.93376e-06 -2.2035e-06 0 4.01876e-06 -1.93798e-06 0
          4.02073e-06 -1.70003e-06 0 3.96441e-06 -1.48917e-06 0 3.86869e-06 -1.30358e-06 0 3.74757e-06 -1.14082e-06 0
          3.61119e-06 -9.98352e-07 0 3.46679e-06 -8.73713e-07 0 3.31947e-06 -7.64644e-07 0 3.17275e-06 -6.69124e-07 0
          3.02904e-06 -5.85376e-07 0 2.88991e-06 -5.1185e-07 0 2.75637e-06 -4.47206e-07 0 2.62901e-06 -3.90288e-07 0
          2.50811e-06 -3.40095e-07 0 2.39375e-06 -2.9577e-07 0 2.28588e-06 -2.56569e-07 0 2.18433e-06 -2.21852e-07 0
          2.08889e-06 -1.91067e-07 0 1.9993e-06 -1.63734e-07 0 1.91526e-06 -1.39438e-07 0 1.83648e-06 -1.17818e-07 0
          1.76266e-06 -9.85596e-08 0 1.69351e-06 -8.13903e-08 0 1.62874e-06 -6.60707e-08 0 1.56806e-06 -5.23918e-08 0
          1.51123e-06 -4.01708e-08 0 1.45798e-06 -2.92472e-08 0 1.40808e-06 -1.94804e-08 0 1.36131e-06 -1.07467e-08 0
          1.31746e-06 -2.93945e-09 0 1.27641e-06 3.9139e-09 0 1.23798e-06 9.95085e-09 0 1.20194e-06 1.534e-08 0
          1.16812e-06 2.01479e-08 0 1.13636e-06 2.4434e-08 0 1.10653e-06 2.82505e-08 0 1.07848e-06 3.16441e-08 0
          1.05211e-06 3.46562e-08 0 1.02728e-06 3.73237e-08 0 1.0039e-06 3.96792e-08 0 9.81874e-07 4.17522e-08 0
          9.61098e-07 4.35687e-08 0 9.41492e-07 4.5152e-08 0 9.22978e-07 4.65232e-08 0 9.05481e-07 4.77008e-08 0
          8.88935e-07 4.87017e-08 0 8.73275e-07 4.9541e-08 0 8.58444e-07 5.02322e-08 0 8.44386e-07 5.07876e-08 0
          8.31051e-07 5.12182e-08 0 8.18391e-07 5.15339e-08 0 8.06363e-07 5.17438e-08 0 7.94925e-07 5.18561e-08 0
          7.84038e-07 5.18782e-08 0 7.73665e-07 5.1817e-08 0 7.63773e-07 5.16787e-08 0 7.5433e-07 5.14691e-08 0
          7.45304e-07 5.11935e-08 0 7.36667e-07 5.08568e-08 0 7.28392e-07 5.04637e-08 0 7.20453e-07 5.00185e-08 0
          7.12823e-07 4.95253e-08 0 7.0548e-07 4.8988e-08 0 6.98399e-07 4.84104e-08 0 6.91559e-07 4.7796e-08 0
          6.84936e-07 4.71483e-08 0 6.78509e-07 4.64706e-08 0 6.72257e-07 4.5766e-08 0 3.34586e-07 2.25852e-08 0
          1.268e-06 -5.86389e-06 0 2.17225e-06 -5.46461e-06 0 3.72859e-06 -4.90869e-06 0 4.78285e-06 -4.29511e-06 0
          5.38894e-06 -3.70156e-06 0 5.65971e-06 -3.16821e-06 0 5.7053e-06 -2.70563e-06 0 5.6091e-06 -2.31104e-06 0
          5.42845e-06 -1.9768e-06 0 5.20107e-06 -1.6942e-06 0 4.95119e-06 -1.45506e-06 0 4.69406e-06 -1.25223e-06 0
          4.43912e-06 -1.07967e-06 0 4.19207e-06 -9.32365e-07 0 3.95615e-06 -8.06192e-07 0 3.73306e-06 -6.97754e-07 0
          3.52352e-06 -6.04255e-07 0 3.32761e-06 -5.23391e-07 0 3.14503e-06 -4.5325e-07 0 2.97526e-06 -3.92247e-07 0
          2.81763e-06 -3.39058e-07 0 2.67141e-06 -2.92574e-07 0 2.53587e-06 -2.51861e-07 0 2.41025e-06 -2.16131e-07 0
          2.29385e-06 -1.84717e-07 0 2.18598e-06 -1.57049e-07 0 2.08599e-06 -1.32643e-07 0 1.99329e-06 -1.11084e-07 0
          1.9073e-06 -9.20139e-08 0 1.82751e-06 -7.51267e-08 0 1.75343e-06 -6.01567e-08 0 1.68462e-06 -4.68746e-08 0
          1.62066e-06 -3.50813e-08 0 1.56118e-06 -2.4604e-08 0 1.50583e-06 -1.52928e-08 0 1.4543e-06 -7.01655e-09 0
          1.40636e-06 2.95054e-10 0 1.36178e-06 6.6252e-09 0 1.32027e-06 1.22196e-08 0 1.28154e-06 1.71836e-08 0
          1.24537e-06 2.15858e-08 0 1.21158e-06 2.54864e-08 0 1.17996e-06 2.8938e-08 0 1.15037e-06 3.19873e-08 0
          1.12264e-06 3.46754e-08 0 1.09664e-06 3.70386e-08 0 1.07223e-06 3.91091e-08 0 1.04931e-06 4.09155e-08 0
          1.02775e-06 4.2483e-08 0 1.00747e-06 4.38343e-08 0 9.88356e-07 4.49894e-08 0 9.70339e-07 4.59662e-08 0
          9.53338e-07 4.67807e-08 0 9.37278e-07 4.74473e-08 0 9.22095e-07 4.79789e-08 0 9.07725e-07 4.83869e-08 0
          8.94112e-07 4.86817e-08 0 8.81203e-07 4.88729e-08 0 8.68948e-07 4.89688e-08 0 8.57301e-07 4.89772e-08 0
          8.4622e-07 4.89052e-08 0 8.35665e-07 4.87591e-08 0 8.25597e-07 4.85449e-08 0 8.15981e-07 4.8268e-08 0
          8.06785e-07 4.79336e-08 0 7.97977e-07 4.75463e-08 0 7.89528e-07 4.71107e-08 0 7.81408e-07 4.66308e-08 0
          7.73592e-07 4.61108e-08 0 7.66054e-07 4.55544e-08 0 7.5877e-07 4.49653e-08 0 7.51717e-07 4.43471e-08 0
          7.44872e-07 4.37033e-08 0 7.38214e-07 4.30372e-08 0 7.31722e-07 4.23521e-08 0 3.64258e-07 2.08945e-08 0
          2.80751e-06 -1.02519e-05 0 4.81075e-06 -9.1774e-06 0 7.7474e-06 -7.5343e-06 0 8.94943e-06 -6.0412e-06 0
          9.16178e-06 -4.86088e-06 0 8.90129e-06 -3.94454e-06 0 8.43318e-06 -3.23038e-06 0 7.88932e-06 -2.66819e-06 0
          7.33437e-06 -2.22053e-06 0 6.7992e-06 -1.86005e-06 0 6.2975e-06 -1.56674e-06 0 5.8343e-06 -1.32586e-06 0
          5.4102e-06 -1.12637e-06 0 5.02365e-06 -9.59935e-07 0 4.67214e-06 -8.2017e-07 0 4.3528e-06 -7.02112e-07 0
          4.06273e-06 -6.01871e-07 0 3.79913e-06 -5.16361e-07 0 3.55944e-06 -4.43115e-07 0 3.34129e-06 -3.80137e-07 0
          3.14255e-06 -3.25806e-07 0 2.9613e-06 -2.78789e-07 0 2.79582e-06 -2.3799e-07 0 2.64458e-06 -2.02496e-07 0
          2.50619e-06 -1.71547e-07 0 2.37942e-06 -1.44504e-07 0 2.26318e-06 -1.20831e-07 0 2.15647e-06 -1.0007e-07 0
          2.05841e-06 -8.18364e-08 0 1.96821e-06 -6.57998e-08 0 1.88514e-06 -5.16786e-08 0 1.80857e-06 -3.92312e-08 0
          1.73792e-06 -2.825e-08 0 1.67266e-06 -1.85565e-08 0 1.61233e-06 -9.99643e-09 0 1.55653e-06 -2.45604e-09 0
          1.505e-06 4.06018e-09 0 1.45735e-06 9.7126e-09 0 1.41315e-06 1.47002e-08 0 1.37209e-06 1.90991e-08 0
          1.3339e-06 2.2976e-08 0 1.29835e-06 2.63892e-08 0 1.26521e-06 2.93894e-08 0 1.23429e-06 3.20212e-08 0
          1.2054e-06 3.43237e-08 0 1.17838e-06 3.63313e-08 0 1.15308e-06 3.80742e-08 0 1.12937e-06 3.9579e-08 0
          1.10711e-06 4.08696e-08 0 1.0862e-06 4.19666e-08 0 1.06654e-06 4.28888e-08 0 1.04802e-06 4.36525e-08 0
          1.03056e-06 4.42725e-08 0 1.01409e-06 4.47619e-08 0 9.98515e-07 4.51324e-08 0 9.83785e-07 4.53946e-08 0
          9.69831e-07 4.55579e-08 0 9.56597e-07 4.56309e-08 0 9.44027e-07 4.56213e-08 0 9.32074e-07 4.55362e-08 0
          9.2069e-07 4.53819e-08 0 9.09833e-07 4.51644e-08 0 8.99462e-07 4.4889e-08 0 8.89541e-07 4.45609e-08 0
          8.80032e-07 4.41846e-08 0 8.70905e-07 4.37646e-08 0 8.62127e-07 4.3305e-08 0 8.53669e-07 4.28097e-08 0
          8.45503e-07 4.22825e-08 0 8.37604e-07 4.17268e-08 0 8.29946e-07 4.11462e-08 0 8.22507e-07 4.0544e-08 0
          8.15263e-07 3.99235e-08 0 8.08195e-07 3.92877e-08 0 8.01282e-07 3.86398e-08 0 3.98931e-07 1.90583e-08 0
          1.96894e-05 -3.42881e-05 0 2.08483e-05 -1.87178e-05 0 2.08863e-05 -1.16202e-05 0 1.85042e-05 -8.1319e-06 0
          1.61304e-05 -6.01901e-06 0 1.40842e-05 -4.61569e-06 0 1.23731e-05 -3.62839e-06 0 1.09462e-05 -2.90496e-06 0
          9.74951e-06 -2.35849e-06 0 8.73767e-06 -1.93582e-06 0 7.87489e-06 -1.60269e-06 0 7.13336e-06 -1.33609e-06 0
          6.49143e-06 -1.12004e-06 0 5.93215e-06 -9.43086e-07 0 5.44212e-06 -7.96863e-07 0 5.0106e-06 -6.75106e-07 0
          4.62893e-06 -5.73051e-07 0 4.29e-06 -4.87017e-07 0 3.98798e-06 -4.14122e-07 0 3.71798e-06 -3.52084e-07 0
          3.47593e-06 -2.99074e-07 0 3.25836e-06 -2.53618e-07 0 3.06233e-06 -2.14514e-07 0 2.88531e-06 -1.80778e-07 0
          2.72513e-06 -1.51598e-07 0 2.57992e-06 -1.26298e-07 0 2.44803e-06 -1.04315e-07 0 2.32803e-06 -8.51782e-08 0
          2.21868e-06 -6.84898e-08 0 2.11887e-06 -5.39142e-08 0 2.02762e-06 -4.11669e-08 0 1.94409e-06 -3.00058e-08 0
          1.8675e-06 -2.02249e-08 0 1.79718e-06 -1.16482e-08 0 1.73254e-06 -4.13226e-09 0 1.67321e-06 2.33165e-09 0
          1.6187e-06 7.8713e-09 0 1.56841e-06 1.27142e-08 0 1.52191e-06 1.69617e-08 0 1.47886e-06 2.06852e-08 0
          1.43893e-06 2.39461e-08 0 1.40185e-06 2.67979e-08 0 1.36736e-06 2.92868e-08 0 1.33524e-06 3.14534e-08 0
          1.30528e-06 3.3333e-08 0 1.2773e-06 3.49564e-08 0 1.25113e-06 3.63508e-08 0 1.22662e-06 3.75399e-08 0
          1.20363e-06 3.85447e-08 0 1.18205e-06 3.93836e-08 0 1.16175e-06 4.00731e-08 0 1.14263e-06 4.06277e-08 0
          1.1246e-06 4.10601e-08 0 1.10758e-06 4.1382e-08 0 1.09148e-06 4.16035e-08 0 1.07624e-06 4.17338e-08 0
          1.06178e-06 4.17813e-08 0 1.04804e-06 4.17535e-08 0 1.03498e-06 4.16569e-08 0 1.02253e-06 4.14979e-08 0
          1.01064e-06 4.12821e-08 0 9.99285e-07 4.10146e-08 0 9.88407e-07 4.07002e-08 0 9.77971e-07 4.03433e-08 0
          9.67941e-07 3.99482e-08 0 9.58284e-07 3.95187e-08 0 9.48966e-07 3.90584e-08 0 9.39958e-07 3.8571e-08 0
          9.31233e-07 3.80596e-08 0 9.22765e-07 3.75275e-08 0 9.14528e-07 3.69777e-08 0 9.06501e-07 3.64133e-08 0
          8.98661e-07 3.58369e-08 0 8.90989e-07 3.52514e-08 0 8.83467e-07 3.46594e-08 0 4.3987e-07 1.70933e-08 0
          0.000191201 -5.41376e-05 0 0.00012999 -2.54506e-05 0 5.5388e-05 -1.39763e-05 0 3.60368e-05 -9.11022e-06 0
          2.66726e-05 -6.44627e-06 0 2.1052e-05 -4.7912e-06 0 1.72732e-05 -3.67921e-06 0 1.45474e-05 -2.89117e-06 0
          1.24845e-05 -2.31082e-06 0 1.08685e-05 -1.87093e-06 0 9.56923e-06 -1.53002e-06 0 8.50347e-06 -1.26113e-06 0
          7.61528e-06 -1.046e-06 0 6.86557e-06 -8.71874e-07 0 6.22607e-06 -7.29545e-07 0 5.67583e-06 -6.12241e-07 0
          5.19891e-06 -5.14877e-07 0 4.78293e-06 -4.33564e-07 0 4.41815e-06 -3.6529e-07 0 4.09675e-06 -3.07694e-07 0
          3.8124e-06 -2.589e-07 0 3.55988e-06 -2.17407e-07 0 3.33489e-06 -1.82003e-07 0 3.1338e-06 -1.51702e-07 0
          2.95357e-06 -1.25696e-07 0 2.79162e-06 -1.0332e-07 0 2.64574e-06 -8.40233e-08 0 2.51402e-06 -6.73468e-08 0
          2.39484e-06 -5.29074e-08 0 2.28676e-06 -4.03839e-08 0 2.18856e-06 -2.9506e-08 0 2.09916e-06 -2.00457e-08 0
          2.01761e-06 -1.18112e-08 0 1.94309e-06 -4.64196e-09 0 1.87505e-06 1.47982e-09 0 1.81288e-06 6.67353e-09 0
          1.75577e-06 1.11738e-08 0 1.70317e-06 1.51002e-08 0 1.65462e-06 1.85243e-08 0 1.60974e-06 2.15079e-08 0
          1.56817e-06 2.41042e-08 0 1.52959e-06 2.63592e-08 0 1.49374e-06 2.83127e-08 0 1.46036e-06 2.99991e-08 0
          1.42924e-06 3.14484e-08 0 1.40016e-06 3.26867e-08 0 1.37296e-06 3.37369e-08 0 1.34747e-06 3.46189e-08 0
          1.32355e-06 3.53503e-08 0 1.30106e-06 3.59466e-08 0 1.27988e-06 3.64213e-08 0 1.25991e-06 3.67866e-08 0
          1.24105e-06 3.70532e-08 0 1.22321e-06 3.72305e-08 0 1.20631e-06 3.73271e-08 0 1.19026e-06 3.73507e-08 0
          1.17501e-06 3.73081e-08 0 1.16049e-06 3.72056e-08 0 1.14664e-06 3.70487e-08 0 1.13341e-06 3.68427e-08 0
          1.12074e-06 3.65922e-08 0 1.10859e-06 3.63016e-08 0 1.09693e-06 3.59749e-08 0 1.0857e-06 3.56159e-08 0
          1.07487e-06 3.52281e-08 0 1.06442e-06 3.48148e-08 0 1.0543e-06 3.43791e-08 0 1.04448e-06 3.39239e-08 0
          1.03495e-06 3.34521e-08 0 1.02567e-06 3.29663e-08 0 1.01663e-06 3.24691e-08 0 1.00779e-06 3.19629e-08 0
          9.99137e-07 3.14501e-08 0 9.90657e-07 3.09328e-08 0 9.82331e-07 3.04132e-08 0 4.89102e-07 1.50005e-08 0
          0.000362631 -3.37811e-05 0 0.000239682 -1.82249e-05 0 9.06411e-05 -1.12954e-05 0 5.3745e-05 -7.75433e-06 0
          3.71965e-05 -5.62561e-06 0 2.7942e-05 -4.22933e-06 0 2.20824e-05 -3.26057e-06 0 1.80602e-05 -2.56096e-06 0
          1.51388e-05 -2.04027e-06 0 1.29275e-05 -1.64362e-06 0 1.12007e-05 -1.33581e-06 0 9.81943e-06 -1.09335e-06 0
          8.69326e-06 -8.99979e-07 0 7.76094e-06 -7.44165e-07 0 6.9794e-06 -6.17507e-07 0 6.31744e-06 -5.1377e-07 0
          5.75184e-06 -4.28248e-07 0 5.26497e-06 -3.57337e-07 0 4.84317e-06 -2.98241e-07 0 4.47568e-06 -2.48766e-07 0
          4.15391e-06 -2.07176e-07 0 3.87091e-06 -1.72086e-07 0 3.621e-06 -1.42378e-07 0 3.39949e-06 -1.17148e-07 0
          3.20248e-06 -9.56607e-08 0 3.02669e-06 -7.73107e-08 0 2.86936e-06 -6.16013e-08 0 2.72814e-06 -4.81211e-08 0
          2.60102e-06 -3.65291e-08 0 2.4863e-06 -2.65412e-08 0 2.38249e-06 -1.79201e-08 0 2.28831e-06 -1.04698e-08 0
          2.20268e-06 -4.03576e-09 0 2.12485e-06 1.41054e-09 0 2.05397e-06 5.99198e-09 0 1.98905e-06 9.93506e-09 0
          1.92939e-06 1.33597e-08 0 1.87445e-06 1.63328e-08 0 1.82374e-06 1.89122e-08 0 1.77683e-06 2.1147e-08 0
          1.73336e-06 2.30797e-08 0 1.69299e-06 2.47469e-08 0 1.65544e-06 2.61799e-08 0 1.62042e-06 2.7406e-08 0
          1.58773e-06 2.84487e-08 0 1.55714e-06 2.93285e-08 0 1.52847e-06 3.00633e-08 0 1.50156e-06 3.06687e-08 0
          1.47624e-06 3.11584e-08 0 1.4524e-06 3.15443e-08 0 1.42989e-06 3.18372e-08 0 1.40862e-06 3.20465e-08 0
          1.38848e-06 3.21804e-08 0 1.36938e-06 3.22464e-08 0 1.35123e-06 3.22512e-08 0 1.33395e-06 3.22008e-08 0
          1.31749e-06 3.21005e-08 0 1.30176e-06 3.19551e-08 0 1.28672e-06 3.17692e-08 0 1.27231e-06 3.15469e-08 0
          1.25847e-06 3.12917e-08 0 1.24516e-06 3.10073e-08 0 1.23234e-06 3.06967e-08 0 1.21997e-06 3.03631e-08 0
          1.20801e-06 3.00091e-08 0 1.19643e-06 2.96374e-08 0 1.18519e-06 2.92505e-08 0 1.17427e-06 2.88507e-08 0
          1.16365e-06 2.84402e-08 0 1.15328e-06 2.80211e-08 0 1.14316e-06 2.75954e-08 0 1.13327e-06 2.71649e-08 0
          1.12357e-06 2.67315e-08 0 1.11406e-06 2.62968e-08 0 1.10472e-06 2.58624e-08 0 5.50048e-07 1.27594e-08 0
          0.000376608 -1.14689e-05 0 0.000253597 -8.59645e-06 0 0.000102758 -6.75267e-06 0 6.27014e-05 -5.2113e-06 0
          4.37218e-05 -4.03731e-06 0 3.27606e-05 -3.1543e-06 0 2.57106e-05 -2.48693e-06 0 2.08466e-05 -1.97756e-06 0
          1.73188e-05 -1.58455e-06 0 1.46626e-05 -1.27813e-06 0 1.26039e-05 -1.0369e-06 0 1.09717e-05 -8.45321e-07 0
          9.65348e-06 -6.91968e-07 0 8.57281e-06 -5.68343e-07 0 7.67572e-06 -4.68047e-07 0 6.92315e-06 -3.86206e-07 0
          6.28609e-06 -3.19075e-07 0 5.74258e-06 -2.63744e-07 0 5.27569e-06 -2.17939e-07 0 4.87215e-06 -1.79865e-07 0
          4.52143e-06 -1.48097e-07 0 4.21509e-06 -1.21497e-07 0 3.94626e-06 -9.91481e-08 0 3.70932e-06 -8.03111e-08 0
          3.49964e-06 -6.43844e-08 0 3.31337e-06 -5.08776e-08 0 3.14727e-06 -3.93899e-08 0 2.99864e-06 -2.9592e-08 0
          2.86517e-06 -2.12117e-08 0 2.74492e-06 -1.40264e-08 0 2.63623e-06 -7.855e-09 0 2.53773e-06 -2.57087e-09 0
          2.44842e-06 1.8527e-09 0 2.36716e-06 5.55517e-09 0 2.29277e-06 8.7339e-09 0 2.22446e-06 1.14852e-08 0
          2.16158e-06 1.38659e-08 0 2.10356e-06 1.59245e-08 0 2.04989e-06 1.77024e-08 0 2.00015e-06 1.92353e-08 0
          1.95394e-06 2.05534e-08 0 1.91092e-06 2.16827e-08 0 1.8708e-06 2.26458e-08 0 1.8333e-06 2.34618e-08 0
          1.79819e-06 2.41476e-08 0 1.76525e-06 2.47177e-08 0 1.73429e-06 2.51849e-08 0 1.70515e-06 2.55601e-08 0
          1.67767e-06 2.58533e-08 0 1.6517e-06 2.6073e-08 0 1.62713e-06 2.62267e-08 0 1.60384e-06 2.63213e-08 0
          1.58172e-06 2.63627e-08 0 1.56068e-06 2.63563e-08 0 1.54064e-06 2.63068e-08 0 1.52151e-06 2.62185e-08 0
          1.50322e-06 2.60955e-08 0 1.48571e-06 2.59411e-08 0 1.46892e-06 2.57586e-08 0 1.45279e-06 2.55511e-08 0
          1.43726e-06 2.53212e-08 0 1.4223e-06 2.50715e-08 0 1.40786e-06 2.48043e-08 0 1.39389e-06 2.45218e-08 0
          1.38036e-06 2.4226e-08 0 1.36724e-06 2.39189e-08 0 1.3545e-06 2.36023e-08 0 1.3421e-06 2.32778e-08 0
          1.33002e-06 2.2947e-08 0 1.31824e-06 2.26114e-08 0 1.30673e-06 2.22724e-08 0 1.29547e-06 2.19314e-08 0
          1.28445e-06 2.15896e-08 0 1.27365e-06 2.1248e-08 0 1.26305e-06 2.09079e-08 0 6.28899e-07 1.03197e-08 0
          0.000377016 -6.19193e-06 0 0.000255194 -4.44117e-06 0 0.000105911 -3.64433e-06 0 6.61566e-05 -2.98837e-06 0
          4.69014e-05 -2.42824e-06 0 3.54957e-05 -1.96171e-06 0 2.80015e-05 -1.58104e-06 0 2.27504e-05 -1.27411e-06 0
          1.89041e-05 -1.02807e-06 0 1.59929e-05 -8.31213e-07 0 1.37329e-05 -6.7363e-07 0 1.19428e-05 -5.47235e-07 0
          1.05011e-05 -4.45565e-07 0 9.32387e-06 -3.63512e-07 0 8.35125e-06 -2.9705e-07 0 7.53942e-06 -2.43017e-07 0
          6.8557e-06 -1.9892e-07 0 6.27526e-06 -1.62798e-07 0 5.77892e-06 -1.33097e-07 0 5.35167e-06 -1.08585e-07 0
          4.98166e-06 -8.8282e-08 0 4.65938e-06 -7.14032e-08 0 4.37718e-06 -5.73198e-08 0 4.12882e-06 -4.55247e-08 0
          3.9092e-06 -3.56074e-08 0 3.7141e-06 -2.72351e-08 0 3.54002e-06 -2.0138e-08 0 3.38404e-06 -1.41008e-08 0
          3.24372e-06 -8.94745e-09 0 3.11698e-06 -4.50921e-09 0 3.00222e-06 -8.0323e-10 0 2.8981e-06 2.34228e-09 0
          2.80314e-06 4.93167e-09 0 2.71608e-06 7.17176e-09 0 2.63606e-06 9.10669e-09 0 2.56231e-06 1.07781e-08 0
          2.49419e-06 1.22211e-08 0 2.4311e-06 1.34658e-08 0 2.37254e-06 1.45374e-08 0 2.31807e-06 1.54577e-08 0
          2.2673e-06 1.6245e-08 0 2.21987e-06 1.69152e-08 0 2.17549e-06 1.7482e-08 0 2.13387e-06 1.79571e-08 0
          2.09478e-06 1.83509e-08 0 2.058e-06 1.86723e-08 0 2.02333e-06 1.89293e-08 0 1.99059e-06 1.91287e-08 0
          1.95962e-06 1.92767e-08 0 1.93028e-06 1.93786e-08 0 1.90244e-06 1.94393e-08 0 1.87598e-06 1.94629e-08 0
          1.85079e-06 1.94534e-08 0 1.82677e-06 1.9414e-08 0 1.80383e-06 1.93478e-08 0 1.78189e-06 1.92576e-08 0
          1.76088e-06 1.91458e-08 0 1.74072e-06 1.90148e-08 0 1.72134e-06 1.88665e-08 0 1.7027e-06 1.87029e-08 0
          1.68474e-06 1.85257e-08 0 1.6674e-06 1.83365e-08 0 1.65065e-06 1.8137e-08 0 1.63444e-06 1.79283e-08 0
          1.61872e-06 1.77119e-08 0 1.60348e-06 1.7489e-08 0 1.58866e-06 1.72606e-08 0 1.57426e-06 1.70279e-08 0
          1.56022e-06 1.67918e-08 0 1.54654e-06 1.65533e-08 0 1.53319e-06 1.63132e-08 0 1.52014e-06 1.60724e-08 0
          1.50738e-06 1.58316e-08 0 1.49489e-06 1.55916e-08 0 1.48266e-06 1.53529e-08 0 7.38301e-07 7.58232e-09 0
          0.000377379 -2.4957e-06 0 0.000255857 -1.81467e-06 0 0.000107065 -1.50793e-06 0 6.75914e-05 -1.26064e-06 0
          4.84374e-05 -1.04598e-06 0 3.70124e-05 -8.59785e-07 0 2.94382e-05 -7.01421e-07 0 2.40864e-05 -5.6931e-07 0
          2.014e-05 -4.60713e-07 0 1.7139e-05 -3.72333e-07 0 1.48027e-05 -3.00848e-07 0 1.29492e-05 -2.43218e-07 0
          1.14557e-05 -1.9681e-07 0 1.02361e-05 -1.59426e-07 0 9.22847e-06 -1.29263e-07 0 8.38731e-06 -1.0487e-07 0
          7.67848e-06 -8.50811e-08 0 7.07601e-06 -6.89716e-08 0 6.55987e-06 -5.58058e-08 0 6.11442e-06 -4.50007e-08 0
          5.72733e-06 -3.60948e-08 0 5.38879e-06 -2.87218e-08 0 5.09093e-06 -2.25894e-08 0 4.8274e-06 -1.74626e-08 0
          4.59302e-06 -1.3151e-08 0 4.38354e-06 -9.49922e-09 0 4.19544e-06 -6.37637e-09 0 4.02578e-06 -3.68896e-09 0
          3.87221e-06 -1.43346e-09 0 3.73279e-06 5.49373e-10 0 3.60566e-06 2.14987e-09 0 3.48921e-06 3.5067e-09 0
          3.38222e-06 4.67709e-09 0 3.28366e-06 5.6881e-09 0 3.19264e-06 6.56248e-09 0 3.10836e-06 7.31843e-09 0
          3.03016e-06 7.97138e-09 0 2.95743e-06 8.53432e-09 0 2.88966e-06 9.01825e-09 0 2.82637e-06 9.43257e-09 0
          2.76717e-06 9.78535e-09 0 2.71168e-06 1.00836e-08 0 2.65957e-06 1.03334e-08 0 2.61057e-06 1.05402e-08 0
          2.5644e-06 1.07086e-08 0 2.52083e-06 1.08429e-08 0 2.47966e-06 1.09467e-08 0 2.44068e-06 1.10234e-08 0
          2.40373e-06 1.10758e-08 0 2.36864e-06 1.11065e-08 0 2.33527e-06 1.11178e-08 0 2.3035e-06 1.11116e-08 0
          2.2732e-06 1.10899e-08 0 2.24426e-06 1.10541e-08 0 2.21659e-06 1.10058e-08 0 2.19009e-06 1.09462e-08 0
          2.16467e-06 1.08765e-08 0 2.14027e-06 1.07978e-08 0 2.11681e-06 1.07111e-08 0 2.09422e-06 1.06172e-08 0
          2.07245e-06 1.0517e-08 0 2.05143e-06 1.04112e-08 0 2.03113e-06 1.03005e-08 0 2.01148e-06 1.01856e-08 0
          1.99245e-06 1.00671e-08 0 1.974e-06 9.94545e-09 0 1.9561e-06 9.82131e-09 0 1.9387e-06 9.69512e-09 0
          1.92177e-06 9.56738e-09 0 1.9053e-06 9.43852e-09 0 1.88924e-06 9.30897e-09 0 1.87358e-06 9.17914e-09 0
          1.85829e-06 9.04943e-09 0 1.84336e-06 8.92018e-09 0 1.82876e-06 8.79173e-09 0 9.10771e-07 4.34521e-09 0
          0.000377906 -9.55505e-07 0 0.000256713 -6.87676e-07 0 0.000108483 -5.81177e-07 0 6.94031e-05 -4.93779e-07 0
          5.05168e-05 -4.14733e-07 0 3.92647e-05 -3.43952e-07 0 3.1793e-05 -2.82059e-07 0 2.64936e-05 -2.29285e-07 0
          2.25648e-05 -1.85239e-07 0 1.95571e-05 -1.49075e-07 0 1.71971e-05 -1.19727e-07 0 1.53079e-05 -9.60926e-08 0
          1.377e-05 -7.71432e-08 0 1.24998e-05 -6.1978e-08 0 1.14373e-05 -4.98369e-08 0 1.05383e-05 -4.0096e-08 0
          9.76992e-06 -3.22523e-08 0 9.10714e-06 -2.59055e-08 0 8.53071e-06 -2.07402e-08 0 8.02564e-06 -1.65098e-08 0
          7.5801e-06 -1.30226e-08 0 7.18469e-06 -1.01296e-08 0 6.8318e-06 -7.71357e-09 0 6.5153e-06 -5.67993e-09 0
          6.23014e-06 -3.95108e-09 0 5.9722e-06 -2.46148e-09 0 5.73808e-06 -1.146e-09 0 5.525e-06 3.11892e-11 0
          5.33036e-06 9.56977e-10 0 5.15195e-06 1.79771e-09 0 4.98801e-06 2.51445e-09 0 4.83694e-06 3.11971e-09 0
          4.69734e-06 3.64406e-09 0 4.56806e-06 4.09902e-09 0 4.44806e-06 4.49415e-09 0 4.33646e-06 4.83724e-09 0
          4.23246e-06 5.13449e-09 0 4.13536e-06 5.39113e-09 0 4.04455e-06 5.61164e-09 0 3.95947e-06 5.79989e-09 0
          3.87962e-06 5.95933e-09 0 3.80457e-06 6.093e-09 0 3.73392e-06 6.20365e-09 0 3.6673e-06 6.29373e-09 0
          3.60439e-06 6.36548e-09 0 3.5449e-06 6.42091e-09 0 3.48857e-06 6.46179e-09 0 3.43516e-06 6.48973e-09 0
          3.38445e-06 6.50613e-09 0 3.33623e-06 6.51223e-09 0 3.29034e-06 6.50913e-09 0 3.24661e-06 6.49778e-09 0
          3.20488e-06 6.47904e-09 0 3.16501e-06 6.45368e-09 0 3.12689e-06 6.42237e-09 0 3.09038e-06 6.38573e-09 0
          3.05539e-06 6.3443e-09 0 3.02182e-06 6.29857e-09 0 2.98956e-06 6.24901e-09 0 2.95855e-06 6.19601e-09 0
          2.92869e-06 6.13994e-09 0 2.89992e-06 6.08114e-09 0 2.87217e-06 6.01993e-09 0 2.84537e-06 5.95658e-09 0
          2.81947e-06 5.89137e-09 0 2.79442e-06 5.82456e-09 0 2.77015e-06 5.7564e-09 0 2.74663e-06 5.68714e-09 0
          2.72382e-06 5.61701e-09 0 2.70166e-06 5.54624e-09 0 2.68014e-06 5.47505e-09 0 2.6592e-06 5.40367e-09 0
          2.63882e-06 5.33231e-09 0 2.61896e-06 5.26117e-09 0 2.59961e-06 5.19044e-09 0 1.29503e-06 2.56733e-09 0
        </DataArray>
      </PointData>
      <CellData Scalars="process rank">
        <DataArray type="Float32" Name="process rank" NumberOfComponents="1" format="ascii">
          0 0 0 0 0 0 0 0 0 0 0 0
          0 0 0 0 0 0 0 0 0 0 0 0
          0 0 0 0 0 0 0 0 0 0 0 0
          0 0 0 0 0 0 0 0 0 0 0 0
          0 0 0 0 0 0 0 0 0 0 0 0
          0 0 0 0 0 0 0 0 0 0 0 0
          0 0 0 0 0 0 0 0 0 0 0 0
          0 0 0 0 0 0 0 0 0 0 0 0
          0 0 0 0 0 0 0 0 0 0 0 0
          0 0 0 0 0 0 0 0 0 0 0 0
          0 0 0 0 0 0 0 0 0 0 0 0
          0 0 0 0 0 0 0 0 0 0 0 0
          0 0 0 0 0 0 0 0 0 0 0 0
          0 0 0 0 0 0 0 0 0 0 0 0
          0 0 0 0 0 0 0 0 0 0 0 0
          0 0 0 0 0 0 0 0 0 0 0 0
          0 0 0 0 0 0 0 0 0 0 0 0
          0 0 0 0 0 0 0 0 0 0 0 0
          0 0 0 0 0 0 0 0 0 0 0 0
          0 0 0 0 0 0 0 0 0 0 0 0
          0 0 0 0 0 0 0 0 0 0 0 0
          0 0 0 0 0 0 0 0 0 0 0 0
          0 0 0 0 0 0 0 0 0 0 0 0
          0 0 0 0 0 0 0 0 0 0 0 0
          0 0 0 0 0 0 0 0 0 0 0 0
          0 0 0 0 0 0 0 0 0 0 0 0
          0 0 0 0 0 0 0 0 0 0 0 0
          0 0 0 0 0 0 0 0 0 0 0 0
          0 0 0 0 0 0 0 0 0 0 0 0
          0 0 0 0 0 0 0 0 0 0 0 0
          0 0 0 0 0 0 0 0 0 0 0 0
          0 0 0 0 0 0 0 0 0 0 0 0
          0 0 0 0 0 0 0 0 0 0 0 0
          0 0 0 0 0 0 0 0 0 0 0 0
          0 0 0 0 0 0 0 0 0 0 0 0
          0 0 0 0 0 0 0 0 0 0 0 0
          0 0 0 0 0 0 0 0 0 0 0 0
          0 0 0 0 0 0 0 0 0 0 0 0
          0 0 0 0 0 0 0 0 0 0 0 0
          0 0 0 0 0 0 0 0 0 0 0 0
          0 0 0 0 0 0 0 0 0 0 0 0
          0 0 0 0 0 0 0 0 0 0 0 0
          0 0 0 0 0 0 0 0 0 0 0 0
          0 0 0 0 0 0 0 0 0 0 0 0
          0 0 0 0 0 0 0 0 0 0 0 0
          0 0 0 0 0 0 0 0 0 0 0 0
          0 0 0 0 0 0 0 0 0 0 0 0
          0 0 0 0 0 0 0 0 0 0 0 0
          0 0 0 0 0 0 0 0 0 0 0 0
          0 0 0 0 0 0 0 0 0 0 0 0
          0 0 0 0 0 0 0 0 0 0 0 0
          0 0 0 0 0 0 0 0 0 0 0 0
          0 0 0 0 0 0 0 0 0 0 0 0
          0 0 0 0 0 0 0 0 0 0 0 0
          0 0 0 0 0 0 0 0 0 0 0 0
          0 0 0 0 0 0 0 0 0 0 0 0
          0 0 0 0 0 0 0 0 0 0 0 0
          0 0 0 0 0 0 0 0 0 0 0 0
          0 0 0 0 0 0 0 0 0 0 0 0
          0 0 0 0 0 0 0 0 0 0 0 0
          0 0 0 0 0 0 0 0 0 0 0 0
          0 0 0 0 0 0 0 0 0 0 0 0
          0 0 0 0 0 0 0 0 0 0 0 0
          0 0 0 0 0 0 0 0 0 0 0 0
          0 0 0 0 0 0 0 0 0 0 0 0
          0 0 0 0 0 0 0 0 0 0 0 0
          0 0 0 0 0 0 0 0 0 0 0 0
          0 0 0 0 0 0 0 0 0 0 0 0
          0 0 0 0 0 0 0 0 0 0 0 0
          0 0 0 0 0 0 0 0 0 0 0 0
          0 0 0 0 0 0 0 0 0 0 0 0
          0 0 0 0 0 0 0 0 0 0 0 0
          0 0 0 0 0 0 0 0 0 0 0 0
          0 0 0 0 0 0 0 0 0 0 0 0
          0 0 0 0 0 0 0 0 0 0 0 0
          0 0 0 0 0 0 0 0 0 0 0 0
          0 0 0 0 0 0 0 0 0 0 0 0
          0 0 0 0 0 0 0 0 0 0 0 0
          0 0 0 0 0 0 0 0 0 0 0 0
          0 0 0 0 0 0 0 0 0 0 0 0
          0 0 0 0 0 0 0 0 0 0 0 0
          0 0 0 0 0 0 0 0 0 0 0 0
          0 0 0 0 0 0 0 0 0 0 0 0
          0 0 0 0 0 0 0 0 0 0 0 0
          0 0 0 0 0 0 0 0 0 0 0 0
          0 0 0 0 0 0 0 0 0 0 0 0
          0 0 0 0 0 0 0 0 0 0 0 0
          0 0 0 0 0 0 0 0 0 0 0 0
          0 0 0 0 0 0 0 0 0 0 0 0
          0 0 0 0 0 0 0 0 0 0 0 0
          0 0 0 0 0 0 0 0 0 0 0 0
          0 0 0 0 0 0 0 0 0 0 0 0
          0 0 0 0 0 0 0 0 0 0 0 0
          0 0 0 0 0 0 0 0 0 0 0 0
          0 0 0 0 0 0 0 0 0 0 0 0
          0 0 0 0 0 0 0 0 0 0 0 0
          0 0 0 0 0 0 0 0 0 0 0 0
          0 0 0 0 0 0 0 0 0 0 0 0
          0 0 0 0 0 0 0 0 0 0 0 0
          0 0 0 0 0 0 0 0 0 0 0 0
          0 0 0 0 0 0 0 0 0 0 0 0
          0 0 0 0 0 0 0 0 0 0 0 0
          0 0 0 0 0 0 0 0 0 0 0 0
          0 0 0 0 0 0 0 0 0 0 0 0
          0 0 0 0 0 0 0 0 0 0 0 0
          0 0 0 0 0 0 0 0 0 0 0 0
          0 0 0 0 0 0 0 0 0 0 0 0
          0 0 0 0 0 0 0 0 0 0 0 0
          0 0 0 0 0 0 0 0 0 0 0 0
          0 0 0 0 0 0 0 0 0 0 0 0
          0 0 0 0 0 0 0 0 0 0 0 0
          0 0 0 0 0 0 0 0 0 0 0 0
          0 0 0 0 0 0 0 0 0 0 0 0
          0 0 0 0 0 0 0 0 0 0 0 0
          0 0 0 0 0 0 0 0 0 0 0 0
          0 0 0 0 0 0 0 0 0 0 0 0
          0 0 0 0 0 0 0 0 0 0 0 0
          0 0 0 0 0 0 0 0 0 0 0 0
          0 0 0 0 0 0 0 0 0 0 0 0
          0 0 0 0 0 0 0 0 0 0 0 0
          0 0 0 0 0 0 0 0 0 0 0 0
          0 0 0 0 0 0 0 0 0 0 0 0
          0 0 0 0 0 0 0 0 0 0 0 0
          0 0 0 0 0 0 0 0 0 0 0 0
          0 0 0 0 0 0 0 0 0 0 0 0
          0 0 0 0 0 0 0 0 0 0 0 0
          0 0 0 0 0 0 0 0 0 0 0 0
          0 0 0 0 0 0 0 0 0 0 0 0
          0 0 0 0 0 0 0 0 0 0 0 0
          0 0 0 0 0 0 0 0 0 0 0 0
          0 0 0 0 0 0 0 0 0 0 0 0
          0 0 0 0 0 0 0 0 0 0 0 0
          0 0 0 0 0 0 0 0 0 0 0 0
          0 0 0 0 0 0 0 0 0 0 0 0
          0 0 0 0 0 0 0 0 0 0 0 0
          0 0 0 0 0 0 0 0 0 0 0 0
          0 0 0 0 0 0 0 0 0 0 0 0
          0 0 0 0 0 0 0 0 0 0 0 0
          0 0 0 0 0 0 0 0 0 0 0 0
          0 0 0 0 0 0 0 0 0 0 0 0
          0 0 0 0 0 0 0 0 0 0 0 0
          0 0 0 0 0 0 0 0 0 0 0 0
          0 0 0 0 0 0 0 0 0 0 0 0
          0 0 0 0 0 0 0 0 0 0 0 0
          0 0 0 0 0 0 0 0 0 0 0 0
          0 0 0 0 0 0 0 0 0 0 0 0
          0 0 0 0 0 0 0 0 0 0 0 0
          0 0 0 0 0 0 0 0 0 0 0 0
          0 0 0 0 0 0 0 0 0 0 0 0
          0 0 0 0 0 0 0 0 0 0 0 0
          0 0 0 0 0 0 0 0 0 0 0 0
          0 0 0 0 0 0 0 0 0 0 0 0
          0 0 0 0 0 0 0 0 0 0 0 0
          0 0 0 0 0 0 0 0 0 0 0 0
          0 0 0 0 0 0 0 0 0 0 0 0
          0 0 0 0 0 0 0 0 0 0 0 0
          0 0 0 0 0 0 0 0 0 0 0 0
          0 0 0 0 0 0 0 0 0 0 0 0
          0 0 0 0 0 0 0 0 0 0 0 0
          0 0 0 0 0 0 0 0 0 0 0 0
          0 0 0 0 0 0 0 0 0 0 0 0
          0 0 0 0 0 0 0 0 0 0 0 0
          0 0 0 0 0 0 0 0 0 0 0 0
          0 0 0 0 0 0 0 0 0 0 0 0
          0 0 0 0 0 0 0 0 0 0 0 0
          0 0 0 0 0 0 0 0 0 0 0 0
          0 0 0 0 0 0 0 0 0 0 0 0
          0 0 0 0 0 0 0 0 0 0 0 0
          0 0 0 0 0 0 0 0 0 0 0 0
          0 0 0 0 0 0 0 0 0 0 0 0
          0 0 0 0 0 0 0 0 0 0 0 0
          0 0 0 0 0 0 0 0 0 0 0 0
          0 0 0 0 0 0 0 0 0 0 0 0
          0 0 0 0 0 0 0 0 0 0 0 0
          0 0 0 0 0 0 0 0 0 0 0 0
          0 0 0 0 0 0 0 0 0 0 0 0
          0 0 0 0 0 0 0 0 0 0 0 0
          0 0 0 0 0 0 0 0 0 0 0 0
          0 0 0 0 0 0 0 0 0 0 0 0
          0 0 0 0 0 0 0 0 0 0 0 0
          0 0 0 0 0 0 0 0 0 0 0 0
          0 0 0 0 0 0 0 0 0 0 0 0
          0 0 0 0 0 0 0 0 0 0 0 0
          0 0 0 0 0 0 0 0 0 0 0 0
          0 0 0 0 0 0 0 0 0 0 0 0
          0 0 0 0 0 0 0 0 0 0 0 0
          0 0 0 0 0 0 0 0 0 0 0 0
          0 0 0 0 0 0
        </DataArray>
      </CellData>
      <Points>
        <DataArray type="Float32" Name="Coordinates" NumberOfComponents="3" format="ascii">
          0.2 0 0 3.53333 0 0 0.2 2 0 3.53333 2 0
          6.86667 0 0 6.86667 2 0 10.2 0 0 10.2 2 0
          13.5333 0 0 13.5333 2 0 16.8667 0 0 16.8667 2 0
          20.2 0 0 20.2 2 0 23.5333 0 0 23.5333 2 0
          26.8667 0 0 26.8667 2 0 30.2 0 0 30.2 2 0
          33.5333 0 0 33.5333 2 0 36.8667 0 0 36.8667 2 0
          40.2 0 0 40.2 2 0 43.5333 0 0 43.5333 2 0
          46.8667 0 0 46.8667 2 0 50.2 0 0 50.2 2 0
          53.5333 0 0 53.5333 2 0 56.8667 0 0 56.8667 2 0
          60.2 0 0 60.2 2 0 63.5333 0 0 63.5333 2 0
          66.8667 0 0 66.8667 2 0 70.2 0 0 70.2 2 0
          73.5333 0 0 73.5333 2 0 76.8667 0 0 76.8667 2 0
          80.2 0 0 80.2 2 0 83.5333 0 0 83.5333 2 0
          86.8667 0 0 86.8667 2 0 90.2 0 0 90.2 2 0
          93.5333 0 0 93.5333 2 0 96.8667 0 0 96.8667 2 0
          100.2 0 0 100.2 2 0 103.533 0 0 103.533 2 0
          106.867 0 0 106.867 2 0 110.2 0 0 110.2 2 0
          113.533 0 0 113.533 2 0 116.867 0 0 116.867 2 0
          120.2 0 0 120.2 2 0 123.533 0 0 123.533 2 0
          126.867 0 0 126.867 2 0 130.2 0 0 130.2 2 0
          133.533 0 0 133.533 2 0 136.867 0 0 136.867 2 0
          140.2 0 0 140.2 2 0 143.533 0 0 143.533 2 0
          146.867 0 0 146.867 2 0 150.2 0 0 150.2 2 0
          153.533 0 0 153.533 2 0 156.867 0 0 156.867 2 0
          160.2 0 0 160.2 2 0 163.533 0 0 163.533 2 0
          166.867 0 0 166.867 2 0 170.2 0 0 170.2 2 0
          173.533 0 0 173.533 2 0 176.867 0 0 176.867 2 0
          180.2 0 0 180.2 2 0 183.533 0 0 183.533 2 0
          186.867 0 0 186.867 2 0 190.2 0 0 190.2 2 0
          193.533 0 0 193.533 2 0 196.867 0 0 196.867 2 0
          200.2 0 0 200.2 2 0 203.533 0 0 203.533 2 0
          206.867 0 0 206.867 2 0 210.2 0 0 210.2 2 0
          213.533 0 0 213.533 2 0 216.867 0 0 216.867 2 0
          220.2 0 0 220.2 2 0 223.533 0 0 223.533 2 0
          226.867 0 0 226.867 2 0 230.2 0 0 230.2 2 0
          233.533 0 0 233.533 2 0 236.867 0 0 236.867 2 0
          240.2 0 0 240.2 2 0 243.533 0 0 243.533 2 0
          246.867 0 0 246.867 2 0 250.2 0 0 250.2 2 0
          0.2 4 0 3.53333 4 0 6.86667 4 0 10.2 4 0
          13.5333 4 0 16.8667 4 0 20.2 4 0 23.5333 4 0
          26.8667 4 0 30.2 4 0 33.5333 4 0 36.8667 4 0
          40.2 4 0 43.5333 4 0 46.8667 4 0 50.2 4 0
          53.5333 4 0 56.8667 4 0 60.2 4 0 63.5333 4 0
          66.8667 4 0 70.2 4 0 73.5333 4 0 76.8667 4 0
          80.2 4 0 83.5333 4 0 86.8667 4 0 90.2 4 0
          93.5333 4 0 96.8667 4 0 100.2 4 0 103.533 4 0
          106.867 4 0 110.2 4 0 113.533 4 0 116.867 4 0
          120.2 4 0 123.533 4 0 126.867 4 0 130.2 4 0
          133.533 4 0 136.867 4 0 140.2 4 0 143.533 4 0
          146.867 4 0 150.2 4 0 153.533 4 0 156.867 4 0
          160.2 4 0 163.533 4 0 166.867 4 0 170.2 4 0
          173.533 4 0 176.867 4 0 180.2 4 0 183.533 4 0
          186.867 4 0 190.2 4 0 193.533 4 0 196.867 4 0
          200.2 4 0 203.533 4 0 206.867 4 0 210.2 4 0
          213.533 4 0 216.867 4 0 220.2 4 0 223.533 4 0
          226.867 4 0 230.2 4 0 233.533 4 0 236.867 4 0
          240.2 4 0 243.533 4 0 246.867 4 0 250.2 4 0
          0.2 6 0 3.53333 6 0 6.86667 6 0 10.2 6 0
          13.5333 6 0 16.8667 6 0 20.2 6 0 23.5333 6 0
          26.8667 6 0 30.2 6 0 33.5333 6 0 36.8667 6 0
          40.2 6 0 43.5333 6 0 46.8667 6 0 50.2 6 0
          53.5333 6 0 56.8667 6 0 60.2 6 0 63.5333 6 0
          66.8667 6 0 70.2 6 0 73.5333 6 0 76.8667 6 0
          80.2 6 0 83.5333 6 0 86.8667 6 0 90.2 6 0
          93.5333 6 0 96.8667 6 0 100.2 6 0 103.533 6 0
          106.867 6 0 110.2 6 0 113.533 6 0 116.867 6 0
          120.2 6 0 123.533 6 0 126.867 6 0 130.2 6 0
          133.533 6 0 136.867 6 0 140.2 6 0 143.533 6 0
          146.867 6 0 150.2 6 0 153.533 6 0 156.867 6 0
          160.2 6 0 163.533 6 0 166.867 6 0 170.2 6 0
          173.533 6 0 176.867 6 0 180.2 6 0 183.533 6 0
          186.867 6 0 190.2 6 0 193.533 6 0 196.867 6 0
          200.2 6 0 203.533 6 0 206.867 6 0 210.2 6 0
          213.533 6 0 216.867 6 0 220.2 6 0 223.533 6 0
          226.867 6 0 230.2 6 0 233.533 6 0 236.867 6 0
          240.2 6 0 243.533 6 0 246.867 6 0 250.2 6 0
          0.2 8 0 3.53333 8 0 6.86667 8 0 10.2 8 0
          13.5333 8 0 16.8667 8 0 20.2 8 0 23.5333 8 0
          26.8667 8 0 30.2 8 0 33.5333 8 0 36.8667 8 0
          40.2 8 0 43.5333 8 0 46.8667 8 0 50.2 8 0
          53.5333 8 0 56.8667 8 0 60.2 8 0 63.5333 8 0
          66.8667 8 0 70.2 8 0 73.5333 8 0 76.8667 8 0
          80.2 8 0 83.5333 8 0 86.8667 8 0 90.2 8 0
          93.5333 8 0 96.8667 8 0 100.2 8 0 103.533 8 0
          106.867 8 0 110.2 8 0 113.533 8 0 116.867 8 0
          120.2 8 0 123.533 8 0 126.867 8 0 130.2 8 0
          133.533 8 0 136.867 8 0 140.2 8 0 143.533 8 0
          146.867 8 0 150.2 8 0 153.533 8 0 156.867 8 0
          160.2 8 0 163.533 8 0 166.867 8 0 170.2 8 0
          173.533 8 0 176.867 8 0 180.2 8 0 183.533 8 0
          186.867 8 0 190.2 8 0 193.533 8 0 196.867 8 0
          200.2 8 0 203.533 8 0 206.867 8 0 210.2 8 0
          213.533 8 0 216.867 8 0 220.2 8 0 223.533 8 0
          226.867 8 0 230.2 8 0 233.533 8 0 236.867 8 0
          240.2 8 0 243.533 8 0 246.867 8 0 250.2 8 0
          0.2 10 0 3.53333 10 0 6.86667 10 0 10.2 10 0
          13.5333 10 0 16.8667 10 0 20.2 10 0 23.5333 10 0
          26.8667 10 0 30.2 10 0 33.5333 10 0 36.8667 10 0
          40.2 10 0 43.5333 10 0 46.8667 10 0 50.2 10 0
          53.5333 10 0 56.8667 10 0 60.2 10 0 63.5333 10 0
          66.8667 10 0 70.2 10 0 73.5333 10 0 76.8667 10 0
          80.2 10 0 83.5333 10 0 86.8667 10 0 90.2 10 0
          93.5333 10 0 96.8667 10 0 100.2 10 0 103.533 10 0
          106.867 10 0 110.2 10 0 113.533 10 0 116.867 10 0
          120.2 10 0 123.533 10 0 126.867 10 0 130.2 10 0
          133.533 10 0 136.867 10 0 140.2 10 0 143.533 10 0
          146.867 10 0 150.2 10 0 153.533 10 0 156.867 10 0
          160.2 10 0 163.533 10 0 166.867 10 0 170.2 10 0
          173.533 10 0 176.867 10 0 180.2 10 0 183.533 10 0
          186.867 10 0 190.2 10 0 193.533 10 0 196.867 10 0
          200.2 10 0 203.533 10 0 206.867 10 0 210.2 10 0
          213.533 10 0 216.867 10 0 220.2 10 0 223.533 10 0
          226.867 10 0 230.2 10 0 233.533 10 0 236.867 10 0
          240.2 10 0 243.533 10 0 246.867 10 0 250.2 10 0
          0.2 12 0 3.53333 12 0 6.86667 12 0 10.2 12 0
          13.5333 12 0 16.8667 12 0 20.2 12 0 23.5333 12 0
          26.8667 12 0 30.2 12 0 33.5333 12 0 36.8667 12 0
          40.2 12 0 43.5333 12 0 46.8667 12 0 50.2 12 0
          53.5333 12 0 56.8667 12 0 60.2 12 0 63.5333 12 0
          66.8667 12 0 70.2 12 0 73.5333 12 0 76.8667 12 0
          80.2 12 0 83.5333 12 0 86.8667 12 0 90.2 12 0
          93.5333 12 0 96.8667 12 0 100.2 12 0 103.533 12 0
          106.867 12 0 110.2 12 0 113.533 12 0 116.867 12 0
          120.2 12 0 123.533 12 0 126.867 12 0 130.2 12 0
          133.533 12 0 136.867 12 0 140.2 12 0 143.533 12 0
          146.867 12 0 150.2 12 0 153.533 12 0 156.867 12 0
          160.2 12 0 163.533 12 0 166.867 12 0 170.2 12 0
          173.533 12 0 176.867 12 0 180.2 12 0 183.533 12 0
          186.867 12 0 190.2 12 0 193.533 12 0 196.867 12 0
          200.2 12 0 203.533 12 0 206.867 12 0 210.2 12 0
          213.533 12 0 216.867 12 0 220.2 12 0 223.533 12 0
          226.867 12 0 230.2 12 0 233.533 12 0 236.867 12 0
          240.2 12 0 243.533 12 0 246.867 12 0 250.2 12 0
          0.2 14 0 3.53333 14 0 6.86667 14 0 10.2 14 0
          13.5333 14 0 16.8667 14 0 20.2 14 0 23.5333 14 0
          26.8667 14 0 30.2 14 0 33.5333 14 0 36.8667 14 0
          40.2 14 0 43.5333 14 0 46.8667 14 0 50.2 14 0
          53.5333 14 0 56.8667 14 0 60.2 14 0 63.5333 14 0
          66.8667 14 0 70.2 14 0 73.5333 14 0 76.8667 14 0
          80.2 14 0 83.5333 14 0 86.8667 14 0 90.2 14 0
          93.5333 14 0 96.8667 14 0 100.2 14 0 103.533 14 0
          106.867 14 0 110.2 14 0 113.533 14 0 116.867 14 0
          120.2 14 0 123.533 14 0 126.867 14 0 130.2 14 0
          133.533 14 0 136.867 14 0 140.2 14 0 143.533 14 0
          146.867 14 0 150.2 14 0 153.533 14 0 156.867 14 0
          160.2 14 0 163.533 14 0 166.867 14 0 170.2 14 0
          173.533 14 0 176.867 14 0 180.2 14 0 183.533 14 0
          186.867 14 0 190.2 14 0 193.533 14 0 196.867 14 0
          200.2 14 0 203.533 14 0 206.867 14 0 210.2 14 0
          213.533 14 0 216.867 14 0 220.2 14 0 223.533 14 0
          226.867 14 0 230.2 14 0 233.533 14 0 236.867 14 0
          240.2 14 0 243.533 14 0 246.867 14 0 250.2 14 0
          0.2 16 0 3.53333 16 0 6.86667 16 0 10.2 16 0
          13.5333 16 0 16.8667 16 0 20.2 16 0 23.5333 16 0
          26.8667 16 0 30.2 16 0 33.5333 16 0 36.8667 16 0
          40.2 16 0 43.5333 16 0 46.8667 16 0 50.2 16 0
          53.5333 16 0 56.8667 16 0 60.2 16 0 63.5333 16 0
          66.8667 16 0 70.2 16 0 73.5333 16 0 76.8667 16 0
          80.2 16 0 83.5333 16 0 86.8667 16 0 90.2 16 0
          93.5333 16 0 96.8667 16 0 100.2 16 0 103.533 16 0
          106.867 16 0 110.2 16 0 113.533 16 0 116.867 16 0
          120.2 16 0 123.533 16 0 126.867 16 0 130.2 16 0
          133.533 16 0 136.867 16 0 140.2 16 0 143.533 16 0
          146.867 16 0 150.2 16 0 153.533 16 0 156.867 16 0
          160.2 16 0 163.533 16 0 166.867 16 0 170.2 16 0
          173.533 16 0 176.867 16 0 180.2 16 0 183.533 16 0
          186.867 16 0 190.2 16 0 193.533 16 0 196.867 16 0
          200.2 16 0 203.533 16 0 206.867 16 0 210.2 16 0
          213.533 16 0 216.867 16 0 220.2 16 0 223.533 16 0
          226.867 16 0 230.2 16 0 233.533 16 0 236.867 16 0
          240.2 16 0 243.533 16 0 246.867 16 0 250.2 16 0
          0.2 18 0 3.53333 18 0 6.86667 18 0 10.2 18 0
          13.5333 18 0 16.8667 18 0 20.2 18 0 23.5333 18 0
          26.8667 18 0 30.2 18 0 33.5333 18 0 36.8667 18 0
          40.2 18 0 43.5333 18 0 46.8667 18 0 50.2 18 0
          53.5333 18 0 56.8667 18 0 60.2 18 0 63.5333 18 0
          66.8667 18 0 70.2 18 0 73.5333 18 0 76.8667 18 0
          80.2 18 0 83.5333 18 0 86.8667 18 0 90.2 18 0
          93.5333 18 0 96.8667 18 0 100.2 18 0 103.533 18 0
          106.867 18 0 110.2 18 0 113.533 18 0 116.867 18 0
          120.2 18 0 123.533 18 0 126.867 18 0 130.2 18 0
          133.533 18 0 136.867 18 0 140.2 18 0 143.533 18 0
          146.867 18 0 150.2 18 0 153.533 18 0 156.867 18 0
          160.2 18 0 163.533 18 0 166.867 18 0 170.2 18 0
          173.533 18 0 176.867 18 0 180.2 18 0 183.533 18 0
          186.867 18 0 190.2 18 0 193.533 18 0 196.867 18 0
          200.2 18 0 203.533 18 0 206.867 18 0 210.2 18 0
          213.533 18 0 216.867 18 0 220.2 18 0 223.533 18 0
          226.867 18 0 230.2 18 0 233.533 18 0 236.867 18 0
          240.2 18 0 243.533 18 0 246.867 18 0 250.2 18 0
          0.2 20 0 3.53333 20 0 6.86667 20 0 10.2 20 0
          13.5333 20 0 16.8667 20 0 20.2 20 0 23.5333 20 0
          26.8667 20 0 30.2 20 0 33.5333 20 0 36.8667 20 0
          40.2 20 0 43.5333 20 0 46.8667 20 0 50.2 20 0
          53.5333 20 0 56.8667 20 0 60.2 20 0 63.5333 20 0
          66.8667 20 0 70.2 20 0 73.5333 20 0 76.8667 20 0
          80.2 20 0 83.5333 20 0 86.8667 20 0 90.2 20 0
          93.5333 20 0 96.8667 20 0 100.2 20 0 103.533 20 0
          106.867 20 0 110.2 20 0 113.533 20 0 116.867 20 0
          120.2 20 0 123.533 20 0 126.867 20 0 130.2 20 0
          133.533 20 0 136.867 20 0 140.2 20 0 143.533 20 0
          146.867 20 0 150.2 20 0 153.533 20 0 156.867 20 0
          160.2 20 0 163.533 20 0 166.867 20 0 170.2 20 0
          173.533 20 0 176.867 20 0 180.2 20 0 183.533 20 0
          186.867 20 0 190.2 20 0 193.533 20 0 196.867 20 0
          200.2 20 0 203.533 20 0 206.867 20 0 210.2 20 0
          213.533 20 0 216.867 20 0 220.2 20 0 223.533 20 0
          226.867 20 0 230.2 20 0 233.533 20 0 236.867 20 0
          240.2 20 0 243.533 20 0 246.867 20 0 250.2 20 0
          0.2 22 0 3.53333 22 0 6.86667 22 0 10.2 22 0
          13.5333 22 0 16.8667 22 0 20.2 22 0 23.5333 22 0
          26.8667 22 0 30.2 22 0 33.5333 22 0 36.8667 22 0
          40.2 22 0 43.5333 22 0 46.8667 22 0 50.2 22 0
          53.5333 22 0 56.8667 22 0 60.2 22 0 63.5333 22 0
          66.8667 22 0 70.2 22 0 73.5333 22 0 76.8667 22 0
          80.2 22 0 83.5333 22 0 86.8667 22 0 90.2 22 0
          93.5333 22 0 96.8667 22 0 100.2 22 0 103.533 22 0
          106.867 22 0 110.2 22 0 113.533 22 0 116.867 22 0
          120.2 22 0 123.533 22 0 126.867 22 0 130.2 22 0
          133.533 22 0 136.867 22 0 140.2 22 0 143.533 22 0
          146.867 22 0 150.2 22 0 153.533 22 0 156.867 22 0
          160.2 22 0 163.533 22 0 166.867 22 0 170.2 22 0
          173.533 22 0 176.867 22 0 180.2 22 0 183.533 22 0
          186.867 22 0 190.2 22 0 193.533 22 0 196.867 22 0
          200.2 22 0 203.533 22 0 206.867 22 0 210.2 22 0
          213.533 22 0 216.867 22 0 220.2 22 0 223.533 22 0
          226.867 22 0 230.2 22 0 233.533 22 0 236.867 22 0
          240.2 22 0 243.533 22 0 246.867 22 0 250.2 22 0
          0.2 24 0 3.53333 24 0 6.86667 24 0 10.2 24 0
          13.5333 24 0 16.8667 24 0 20.2 24 0 23.5333 24 0
          26.8667 24 0 30.2 24 0 33.5333 24 0 36.8667 24 0
          40.2 24 0 43.5333 24 0 46.8667 24 0 50.2 24 0
          53.5333 24 0 56.8667 24 0 60.2 24 0 63.5333 24 0
          66.8667 24 0 70.2 24 0 73.5333 24 0 76.8667 24 0
          80.2 24 0 83.5333 24 0 86.8667 24 0 90.2 24 0
          93.5333 24 0 96.8667 24 0 100.2 24 0 103.533 24 0
          106.867 24 0 110.2 24 0 113.533 24 0 116.867 24 0
          120.2 24 0 123.533 24 0 126.867 24 0 130.2 24 0
          133.533 24 0 136.867 24 0 140.2 24 0 143.533 24 0
          146.867 24 0 150.2 24 0 153.533 24 0 156.867 24 0
          160.2 24 0 163.533 24 0 166.867 24 0 170.2 24 0
          173.533 24 0 176.867 24 0 180.2 24 0 183.533 24 0
          186.867 24 0 190.2 24 0 193.533 24 0 196.867 24 0
          200.2 24 0 203.533 24 0 206.867 24 0 210.2 24 0
          213.533 24 0 216.867 24 0 220.2 24 0 223.533 24 0
          226.867 24 0 230.2 24 0 233.533 24 0 236.867 24 0
          240.2 24 0 243.533 24 0 246.867 24 0 250.2 24 0
          0.2 26 0 3.53333 26 0 6.86667 26 0 10.2 26 0
          13.5333 26 0 16.8667 26 0 20.2 26 0 23.5333 26 0
          26.8667 26 0 30.2 26 0 33.5333 26 0 36.8667 26 0
          40.2 26 0 43.5333 26 0 46.8667 26 0 50.2 26 0
          53.5333 26 0 56.8667 26 0 60.2 26 0 63.5333 26 0
          66.8667 26 0 70.2 26 0 73.5333 26 0 76.8667 26 0
          80.2 26 0 83.5333 26 0 86.8667 26 0 90.2 26 0
          93.5333 26 0 96.8667 26 0 100.2 26 0 103.533 26 0
          106.867 26 0 110.2 26 0 113.533 26 0 116.867 26 0
          120.2 26 0 123.533 26 0 126.867 26 0 130.2 26 0
          133.533 26 0 136.867 26 0 140.2 26 0 143.533 26 0
          146.867 26 0 150.2 26 0 153.533 26 0 156.867 26 0
          160.2 26 0 163.533 26 0 166.867 26 0 170.2 26 0
          173.533 26 0 176.867 26 0 180.2 26 0 183.533 26 0
          186.867 26 0 190.2 26 0 193.533 26 0 196.867 26 0
          200.2 26 0 203.533 26 0 206.867 26 0 210.2 26 0
          213.533 26 0 216.867 26 0 220.2 26 0 223.533 26 0
          226.867 26 0 230.2 26 0 233.533 26 0 236.867 26 0
          240.2 26 0 243.533 26 0 246.867 26 0 250.2 26 0
          0.2 28 0 3.53333 28 0 6.86667 28 0 10.2 28 0
          13.5333 28 0 16.8667 28 0 20.2 28 0 23.5333 28 0
          26.8667 28 0 30.2 28 0 33.5333 28 0 36.8667 28 0
          40.2 28 0 43.5333 28 0 46.8667 28 0 50.2 28 0
          53.5333 28 0 56.8667 28 0 60.2 28 0 63.5333 28 0
          66.8667 28 0 70.2 28 0 73.5333 28 0 76.8667 28 0
          80.2 28 0 83.5333 28 0 86.8667 28 0 90.2 28 0
          93.5333 28 0 96.8667 28 0 100.2 28 0 103.533 28 0
          106.867 28 0 110.2 28 0 113.533 28 0 116.867 28 0
          120.2 28 0 123.533 28 0 126.867 28 0 130.2 28 0
          133.533 28 0 136.867 28 0 140.2 28 0 143.533 28 0
          146.867 28 0 150.2 28 0 153.533 28 0 156.867 28 0
          160.2 28 0 163.533 28 0 166.867 28 0 170.2 28 0
          173.533 28 0 176.867 28 0 180.2 28 0 183.533 28 0
          186.867 28 0 190.2 28 0 193.533 28 0 196.867 28 0
          200.2 28 0 203.533 28 0 206.867 28 0 210.2 28 0
          213.533 28 0 216.867 28 0 220.2 28 0 223.533 28 0
          226.867 28 0 230.2 28 0 233.533 28 0 236.867 28 0
          240.2 28 0 243.533 28 0 246.867 28 0 250.2 28 0
          0.2 30 0 3.53333 30 0 6.86667 30 0 10.2 30 0
          13.5333 30 0 16.8667 30 0 20.2 30 0 23.5333 30 0
          26.8667 30 0 30.2 30 0 33.5333 30 0 36.8667 30 0
          40.2 30 0 43.5333 30 0 46.8667 30 0 50.2 30 0
          53.5333 30 0 56.8667 30 0 60.2 30 0 63.5333 30 0
          66.8667 30 0 70.2 30 0 73.5333 30 0 76.8667 30 0
          80.2 30 0 83.5333 30 0 86.8667 30 0 90.2 30 0
          93.5333 30 0 96.8667 30 0 100.2 30 0 103.533 30 0
          106.867 30 0 110.2 30 0 113.533 30 0 116.867 30 0
          120.2 30 0 123.533 30 0 126.867 30 0 130.2 30 0
          133.533 30 0 136.867 30 0 140.2 30 0 143.533 30 0
          146.867 30 0 150.2 30 0 153.533 30 0 156.867 30 0
          160.2 30 0 163.533 30 0 166.867 30 0 170.2 30 0
          173.533 30 0 176.867 30 0 180.2 30 0 183.533 30 0
          186.867 30 0 190.2 30 0 193.533 30 0 196.867 30 0
          200.2 30 0 203.533 30 0 206.867 30 0 210.2 30 0
          213.533 30 0 216.867 30 0 220.2 30 0 223.533 30 0
          226.867 30 0 230.2 30 0 233.533 30 0 236.867 30 0
          240.2 30 0 243.533 30 0 246.867 30 0 250.2 30 0
          0.2 32 0 3.53333 32 0 6.86667 32 0 10.2 32 0
          13.5333 32 0 16.8667 32 0 20.2 32 0 23.5333 32 0
          26.8667 32 0 30.2 32 0 33.5333 32 0 36.8667 32 0
          40.2 32 0 43.5333 32 0 46.8667 32 0 50.2 32 0
          53.5333 32 0 56.8667 32 0 60.2 32 0 63.5333 32 0
          66.8667 32 0 70.2 32 0 73.5333 32 0 76.8667 32 0
          80.2 32 0 83.5333 32 0 86.8667 32 0 90.2 32 0
          93.5333 32 0 96.8667 32 0 100.2 32 0 103.533 32 0
          106.867 32 0 110.2 32 0 113.533 32 0 116.867 32 0
          120.2 32 0 123.533 32 0 126.867 32 0 130.2 32 0
          133.533 32 0 136.867 32 0 140.2 32 0 143.533 32 0
          146.867 32 0 150.2 32 0 153.533 32 0 156.867 32 0
          160.2 32 0 163.533 32 0 166.867 32 0 170.2 32 0
          173.533 32 0 176.867 32 0 180.2 32 0 183.533 32 0
          186.867 32 0 190.2 32 0 193.533 32 0 196.867 32 0
          200.2 32 0 203.533 32 0 206.867 32 0 210.2 32 0
          213.533 32 0 216.867 32 0 220.2 32 0 223.533 32 0
          226.867 32 0 230.2 32 0 233.533 32 0 236.867 32 0
          240.2 32 0 243.533 32 0 246.867 32 0 250.2 32 0
          0.2 34 0 3.53333 34 0 6.86667 34 0 10.2 34 0
          13.5333 34 0 16.8667 34 0 20.2 34 0 23.5333 34 0
          26.8667 34 0 30.2 34 0 33.5333 34 0 36.8667 34 0
          40.2 34 0 43.5333 34 0 46.8667 34 0 50.2 34 0
          53.5333 34 0 56.8667 34 0 60.2 34 0 63.5333 34 0
          66.8667 34 0 70.2 34 0 73.5333 34 0 76.8667 34 0
          80.2 34 0 83.5333 34 0 86.8667 34 0 90.2 34 0
          93.5333 34 0 96.8667 34 0 100.2 34 0 103.533 34 0
          106.867 34 0 110.2 34 0 113.533 34 0 116.867 34 0
          120.2 34 0 123.533 34 0 126.867 34 0 130.2 34 0
          133.533 34 0 136.867 34 0 140.2 34 0 143.533 34 0
          146.867 34 0 150.2 34 0 153.533 34 0 156.867 34 0
          160.2 34 0 163.533 34 0 166.867 34 0 170.2 34 0
          173.533 34 0 176.867 34 0 180.2 34 0 183.533 34 0
          186.867 34 0 190.2 34 0 193.533 34 0 196.867 34 0
          200.2 34 0 203.533 34 0 206.867 34 0 210.2 34 0
          213.533 34 0 216.867 34 0 220.2 34 0 223.533 34 0
          226.867 34 0 230.2 34 0 233.533 34 0 236.867 34 0
          240.2 34 0 243.533 34 0 246.867 34 0 250.2 34 0
          0.2 36 0 3.53333 36 0 6.86667 36 0 10.2 36 0
          13.5333 36 0 16.8667 36 0 20.2 36 0 23.5333 36 0
          26.8667 36 0 30.2 36 0 33.5333 36 0 36.8667 36 0
          40.2 36 0 43.5333 36 0 46.8667 36 0 50.2 36 0
          53.5333 36 0 56.8667 36 0 60.2 36 0 63.5333 36 0
          66.8667 36 0 70.2 36 0 73.5333 36 0 76.8667 36 0
          80.2 36 0 83.5333 36 0 86.8667 36 0 90.2 36 0
          93.5333 36 0 96.8667 36 0 100.2 36 0 103.533 36 0
          106.867 36 0 110.2 36 0 113.533 36 0 116.867 36 0
          120.2 36 0 123.533 36 0 126.867 36 0 130.2 36 0
          133.533 36 0 136.867 36 0 140.2 36 0 143.533 36 0
          146.867 36 0 150.2 36 0 153.533 36 0 156.867 36 0
          160.2 36 0 163.533 36 0 166.867 36 0 170.2 36 0
          173.533 36 0 176.867 36 0 180.2 36 0 183.533 36 0
          186.867 36 0 190.2 36 0 193.533 36 0 196.867 36 0
          200.2 36 0 203.533 36 0 206.867 36 0 210.2 36 0
          213.533 36 0 216.867 36 0 220.2 36 0 223.533 36 0
          226.867 36 0 230.2 36 0 233.533 36 0 236.867 36 0
          240.2 36 0 243.533 36 0 246.867 36 0 250.2 36 0
          0.2 38 0 3.53333 38 0 6.86667 38 0 10.2 38 0
          13.5333 38 0 16.8667 38 0 20.2 38 0 23.5333 38 0
          26.8667 38 0 30.2 38 0 33.5333 38 0 36.8667 38 0
          40.2 38 0 43.5333 38 0 46.8667 38 0 50.2 38 0
          53.5333 38 0 56.8667 38 0 60.2 38 0 63.5333 38 0
          66.8667 38 0 70.2 38 0 73.5333 38 0 76.8667 38 0
          80.2 38 0 83.5333 38 0 86.8667 38 0 90.2 38 0
          93.5333 38 0 96.8667 38 0 100.2 38 0 103.533 38 0
          106.867 38 0 110.2 38 0 113.533 38 0 116.867 38 0
          120.2 38 0 123.533 38 0 126.867 38 0 130.2 38 0
          133.533 38 0 136.867 38 0 140.2 38 0 143.533 38 0
          146.867 38 0 150.2 38 0 153.533 38 0 156.867 38 0
          160.2 38 0 163.533 38 0 166.867 38 0 170.2 38 0
          173.533 38 0 176.867 38 0 180.2 38 0 183.533 38 0
          186.867 38 0 190.2 38 0 193.533 38 0 196.867 38 0
          200.2 38 0 203.533 38 0 206.867 38 0 210.2 38 0
          213.533 38 0 216.867 38 0 220.2 38 0 223.533 38 0
          226.867 38 0 230.2 38 0 233.533 38 0 236.867 38 0
          240.2 38 0 243.533 38 0 246.867 38 0 250.2 38 0
          0.2 40 0 3.53333 40 0 6.86667 40 0 10.2 40 0
          13.5333 40 0 16.8667 40 0 20.2 40 0 23.5333 40 0
          26.8667 40 0 30.2 40 0 33.5333 40 0 36.8667 40 0
          40.2 40 0 43.5333 40 0 46.8667 40 0 50.2 40 0
          53.5333 40 0 56.8667 40 0 60.2 40 0 63.5333 40 0
          66.8667 40 0 70.2 40 0 73.5333 40 0 76.8667 40 0
          80.2 40 0 83.5333 40 0 86.8667 40 0 90.2 40 0
          93.5333 40 0 96.8667 40 0 100.2 40 0 103.533 40 0
          106.867 40 0 110.2 40 0 113.533 40 0 116.867 40 0
          120.2 40 0 123.533 40 0 126.867 40 0 130.2 40 0
          133.533 40 0 136.867 40 0 140.2 40 0 143.533 40 0
          146.867 40 0 150.2 40 0 153.533 40 0 156.867 40 0
          160.2 40 0 163.533 40 0 166.867 40 0 170.2 40 0
          173.533 40 0 176.867 40 0 180.2 40 0 183.533 40 0
          186.867 40 0 190.2 40 0 193.533 40 0 196.867 40 0
          200.2 40 0 203.533 40 0 206.867 40 0 210.2 40 0
          213.533 40 0 216.867 40 0 220.2 40 0 223.533 40 0
          226.867 40 0 230.2 40 0 233.533 40 0 236.867 40 0
          240.2 40 0 243.533 40 0 246.867 40 0 250.2 40 0
          0.2 42 0 3.53333 42 0 6.86667 42 0 10.2 42 0
          13.5333 42 0 16.8667 42 0 20.2 42 0 23.5333 42 0
          26.8667 42 0 30.2 42 0 33.5333 42 0 36.8667 42 0
          40.2 42 0 43.5333 42 0 46.8667 42 0 50.2 42 0
          53.5333 42 0 56.8667 42 0 60.2 42 0 63.5333 42 0
          66.8667 42 0 70.2 42 0 73.5333 42 0 76.8667 42 0
          80.2 42 0 83.5333 42 0 86.8667 42 0 90.2 42 0
          93.5333 42 0 96.8667 42 0 100.2 42 0 103.533 42 0
          106.867 42 0 110.2 42 0 113.533 42 0 116.867 42 0
          120.2 42 0 123.533 42 0 126.867 42 0 130.2 42 0
          133.533 42 0 136.867 42 0 140.2 42 0 143.533 42 0
          146.867 42 0 150.2 42 0 153.533 42 0 156.867 42 0
          160.2 42 0 163.533 42 0 166.867 42 0 170.2 42 0
          173.533 42 0 176.867 42 0 180.2 42 0 183.533 42 0
          186.867 42 0 190.2 42 0 193.533 42 0 196.867 42 0
          200.2 42 0 203.533 42 0 206.867 42 0 210.2 42 0
          213.533 42 0 216.867 42 0 220.2 42 0 223.533 42 0
          226.867 42 0 230.2 42 0 233.533 42 0 236.867 42 0
          240.2 42 0 243.533 42 0 246.867 42 0 250.2 42 0
          0.2 44 0 3.53333 44 0 6.86667 44 0 10.2 44 0
          13.5333 44 0 16.8667 44 0 20.2 44 0 23.5333 44 0
          26.8667 44 0 30.2 44 0 33.5333 44 0 36.8667 44 0
          40.2 44 0 43.5333 44 0 46.8667 44 0 50.2 44 0
          53.5333 44 0 56.8667 44 0 60.2 44 0 63.5333 44 0
          66.8667 44 0 70.2 44 0 73.5333 44 0 76.8667 44 0
          80.2 44 0 83.5333 44 0 86.8667 44 0 90.2 44 0
          93.5333 44 0 96.8667 44 0 100.2 44 0 103.533 44 0
          106.867 44 0 110.2 44 0 113.533 44 0 116.867 44 0
          120.2 44 0 123.533 44 0 126.867 44 0 130.2 44 0
          133.533 44 0 136.867 44 0 140.2 44 0 143.533 44 0
          146.867 44 0 150.2 44 0 153.533 44 0 156.867 44 0
          160.2 44 0 163.533 44 0 166.867 44 0 170.2 44 0
          173.533 44 0 176.867 44 0 180.2 44 0 183.533 44 0
          186.867 44 0 190.2 44 0 193.533 44 0 196.867 44 0
          200.2 44 0 203.533 44 0 206.867 44 0 210.2 44 0
          213.533 44 0 216.867 44 0 220.2 44 0 223.533 44 0
          226.867 44 0 230.2 44 0 233.533 44 0 236.867 44 0
          240.2 44 0 243.533 44 0 246.867 44 0 250.2 44 0
          0.2 46 0 3.53333 46 0 6.86667 46 0 10.2 46 0
          13.5333 46 0 16.8667 46 0 20.2 46 0 23.5333 46 0
          26.8667 46 0 30.2 46 0 33.5333 46 0 36.8667 46 0
          40.2 46 0 43.5333 46 0 46.8667 46 0 50.2 46 0
          53.5333 46 0 56.8667 46 0 60.2 46 0 63.5333 46 0
          66.8667 46 0 70.2 46 0 73.5333 46 0 76.8667 46 0
          80.2 46 0 83.5333 46 0 86.8667 46 0 90.2 46 0
          93.5333 46 0 96.8667 46 0 100.2 46 0 103.533 46 0
          106.867 46 0 110.2 46 0 113.533 46 0 116.867 46 0
          120.2 46 0 123.533 46 0 126.867 46 0 130.2 46 0
          133.533 46 0 136.867 46 0 140.2 46 0 143.533 46 0
          146.867 46 0 150.2 46 0 153.533 46 0 156.867 46 0
          160.2 46 0 163.533 46 0 166.867 46 0 170.2 46 0
          173.533 46 0 176.867 46 0 180.2 46 0 183.533 46 0
          186.867 46 0 190.2 46 0 193.533 46 0 196.867 46 0
          200.2 46 0 203.533 46 0 206.867 46 0 210.2 46 0
          213.533 46 0 216.867 46 0 220.2 46 0 223.533 46 0
          226.867 46 0 230.2 46 0 233.533 46 0 236.867 46 0
          240.2 46 0 243.533 46 0 246.867 46 0 250.2 46 0
          0.2 48 0 3.53333 48 0 6.86667 48 0 10.2 48 0
          13.5333 48 0 16.8667 48 0 20.2 48 0 23.5333 48 0
          26.8667 48 0 30.2 48 0 33.5333 48 0 36.8667 48 0
          40.2 48 0 43.5333 48 0 46.8667 48 0 50.2 48 0
          53.5333 48 0 56.8667 48 0 60.2 48 0 63.5333 48 0
          66.8667 48 0 70.2 48 0 73.5333 48 0 76.8667 48 0
          80.2 48 0 83.5333 48 0 86.8667 48 0 90.2 48 0
          93.5333 48 0 96.8667 48 0 100.2 48 0 103.533 48 0
          106.867 48 0 110.2 48 0 113.533 48 0 116.867 48 0
          120.2 48 0 123.533 48 0 126.867 48 0 130.2 48 0
          133.533 48 0 136.867 48 0 140.2 48 0 143.533 48 0
          146.867 48 0 150.2 48 0 153.533 48 0 156.867 48 0
          160.2 48 0 163.533 48 0 166.867 48 0 170.2 48 0
          173.533 48 0 176.867 48 0 180.2 48 0 183.533 48 0
          186.867 48 0 190.2 48 0 193.533 48 0 196.867 48 0
          200.2 48 0 203.533 48 0 206.867 48 0 210.2 48 0
          213.533 48 0 216.867 48 0 220.2 48 0 223.533 48 0
          226.867 48 0 230.2 48 0 233.533 48 0 236.867 48 0
          240.2 48 0 243.533 48 0 246.867 48 0 250.2 48 0
          0.2 50 0 3.53333 50 0 6.86667 50 0 10.2 50 0
          13.5333 50 0 16.8667 50 0 20.2 50 0 23.5333 50 0
          26.8667 50 0 30.2 50 0 33.5333 50 0 36.8667 50 0
          40.2 50 0 43.5333 50 0 46.8667 50 0 50.2 50 0
          53.5333 50 0 56.8667 50 0 60.2 50 0 63.5333 50 0
          66.8667 50 0 70.2 50 0 73.5333 50 0 76.8667 50 0
          80.2 50 0 83.5333 50 0 86.8667 50 0 90.2 50 0
          93.5333 50 0 96.8667 50 0 100.2 50 0 103.533 50 0
          106.867 50 0 110.2 50 0 113.533 50 0 116.867 50 0
          120.2 50 0 123.533 50 0 126.867 50 0 130.2 50 0
          133.533 50 0 136.867 50 0 140.2 50 0 143.533 50 0
          146.867 50 0 150.2 50 0 153.533 50 0 156.867 50 0
          160.2 50 0 163.533 50 0 166.867 50 0 170.2 50 0
          173.533 50 0 176.867 50 0 180.2 50 0 183.533 50 0
          186.867 50 0 190.2 50 0 193.533 50 0 196.867 50 0
          200.2 50 0 203.533 50 0 206.867 50 0 210.2 50 0
          213.533 50 0 216.867 50 0 220.2 50 0 223.533 50 0
          226.867 50 0 230.2 50 0 233.533 50 0 236.867 50 0
          240.2 50 0 243.533 50 0 246.867 50 0 250.2 50 0
          0.2 52 0 3.53333 52 0 6.86667 52 0 10.2 52 0
          13.5333 52 0 16.8667 52 0 20.2 52 0 23.5333 52 0
          26.8667 52 0 30.2 52 0 33.5333 52 0 36.8667 52 0
          40.2 52 0 43.5333 52 0 46.8667 52 0 50.2 52 0
          53.5333 52 0 56.8667 52 0 60.2 52 0 63.5333 52 0
          66.8667 52 0 70.2 52 0 73.5333 52 0 76.8667 52 0
          80.2 52 0 83.5333 52 0 86.8667 52 0 90.2 52 0
          93.5333 52 0 96.8667 52 0 100.2 52 0 103.533 52 0
          106.867 52 0 110.2 52 0 113.533 52 0 116.867 52 0
          120.2 52 0 123.533 52 0 126.867 52 0 130.2 52 0
          133.533 52 0 136.867 52 0 140.2 52 0 143.533 52 0
          146.867 52 0 150.2 52 0 153.533 52 0 156.867 52 0
          160.2 52 0 163.533 52 0 166.867 52 0 170.2 52 0
          173.533 52 0 176.867 52 0 180.2 52 0 183.533 52 0
          186.867 52 0 190.2 52 0 193.533 52 0 196.867 52 0
          200.2 52 0 203.533 52 0 206.867 52 0 210.2 52 0
          213.533 52 0 216.867 52 0 220.2 52 0 223.533 52 0
          226.867 52 0 230.2 52 0 233.533 52 0 236.867 52 0
          240.2 52 0 243.533 52 0 246.867 52 0 250.2 52 0
          0.2 54 0 3.53333 54 0 6.86667 54 0 10.2 54 0
          13.5333 54 0 16.8667 54 0 20.2 54 0 23.5333 54 0
          26.8667 54 0 30.2 54 0 33.5333 54 0 36.8667 54 0
          40.2 54 0 43.5333 54 0 46.8667 54 0 50.2 54 0
          53.5333 54 0 56.8667 54 0 60.2 54 0 63.5333 54 0
          66.8667 54 0 70.2 54 0 73.5333 54 0 76.8667 54 0
          80.2 54 0 83.5333 54 0 86.8667 54 0 90.2 54 0
          93.5333 54 0 96.8667 54 0 100.2 54 0 103.533 54 0
          106.867 54 0 110.2 54 0 113.533 54 0 116.867 54 0
          120.2 54 0 123.533 54 0 126.867 54 0 130.2 54 0
          133.533 54 0 136.867 54 0 140.2 54 0 143.533 54 0
          146.867 54 0 150.2 54 0 153.533 54 0 156.867 54 0
          160.2 54 0 163.533 54 0 166.867 54 0 170.2 54 0
          173.533 54 0 176.867 54 0 180.2 54 0 183.533 54 0
          186.867 54 0 190.2 54 0 193.533 54 0 196.867 54 0
          200.2 54 0 203.533 54 0 206.867 54 0 210.2 54 0
          213.533 54 0 216.867 54 0 220.2 54 0 223.533 54 0
          226.867 54 0 230.2 54 0 233.533 54 0 236.867 54 0
          240.2 54 0 243.533 54 0 246.867 54 0 250.2 54 0
          0.2 56 0 3.53333 56 0 6.86667 56 0 10.2 56 0
          13.5333 56 0 16.8667 56 0 20.2 56 0 23.5333 56 0
          26.8667 56 0 30.2 56 0 33.5333 56 0 36.8667 56 0
          40.2 56 0 43.5333 56 0 46.8667 56 0 50.2 56 0
          53.5333 56 0 56.8667 56 0 60.2 56 0 63.5333 56 0
          66.8667 56 0 70.2 56 0 73.5333 56 0 76.8667 56 0
          80.2 56 0 83.5333 56 0 86.8667 56 0 90.2 56 0
          93.5333 56 0 96.8667 56 0 100.2 56 0 103.533 56 0
          106.867 56 0 110.2 56 0 113.533 56 0 116.867 56 0
          120.2 56 0 123.533 56 0 126.867 56 0 130.2 56 0
          133.533 56 0 136.867 56 0 140.2 56 0 143.533 56 0
          146.867 56 0 150.2 56 0 153.533 56 0 156.867 56 0
          160.2 56 0 163.533 56 0 166.867 56 0 170.2 56 0
          173.533 56 0 176.867 56 0 180.2 56 0 183.533 56 0
          186.867 56 0 190.2 56 0 193.533 56 0 196.867 56 0
          200.2 56 0 203.533 56 0 206.867 56 0 210.2 56 0
          213.533 56 0 216.867 56 0 220.2 56 0 223.533 56 0
          226.867 56 0 230.2 56 0 233.533 56 0 236.867 56 0
          240.2 56 0 243.533 56 0 246.867 56 0 250.2 56 0
          0.2 58 0 3.53333 58 0 6.86667 58 0 10.2 58 0
          13.5333 58 0 16.8667 58 0 20.2 58 0 23.5333 58 0
          26.8667 58 0 30.2 58 0 33.5333 58 0 36.8667 58 0
          40.2 58 0 43.5333 58 0 46.8667 58 0 50.2 58 0
          53.5333 58 0 56.8667 58 0 60.2 58 0 63.5333 58 0
          66.8667 58 0 70.2 58 0 73.5333 58 0 76.8667 58 0
          80.2 58 0 83.5333 58 0 86.8667 58 0 90.2 58 0
          93.5333 58 0 96.8667 58 0 100.2 58 0 103.533 58 0
          106.867 58 0 110.2 58 0 113.533 58 0 116.867 58 0
          120.2 58 0 123.533 58 0 126.867 58 0 130.2 58 0
          133.533 58 0 136.867 58 0 140.2 58 0 143.533 58 0
          146.867 58 0 150.2 58 0 153.533 58 0 156.867 58 0
          160.2 58 0 163.533 58 0 166.867 58 0 170.2 58 0
          173.533 58 0 176.867 58 0 180.2 58 0 183.533 58 0
          186.867 58 0 190.2 58 0 193.533 58 0 196.867 58 0
          200.2 58 0 203.533 58 0 206.867 58 0 210.2 58 0
          213.533 58 0 216.867 58 0 220.2 58 0 223.533 58 0
          226.867 58 0 230.2 58 0 233.533 58 0 236.867 58 0
          240.2 58 0 243.533 58 0 246.867 58 0 250.2 58 0
          0.2 60 0 3.53333 60 0 6.86667 60 0 10.2 60 0
          13.5333 60 0 16.8667 60 0 20.2 60 0 23.5333 60 0
          26.8667 60 0 30.2 60 0 33.5333 60 0 36.8667 60 0
          40.2 60 0 43.5333 60 0 46.8667 60 0 50.2 60 0
          53.5333 60 0 56.8667 60 0 60.2 60 0 63.5333 60 0
          66.8667 60 0 70.2 60 0 73.5333 60 0 76.8667 60 0
          80.2 60 0 83.5333 60 0 86.8667 60 0 90.2 60 0
          93.5333 60 0 96.8667 60 0 100.2 60 0 103.533 60 0
          106.867 60 0 110.2 60 0 113.533 60 0 116.867 60 0
          120.2 60 0 123.533 60 0 126.867 60 0 130.2 60 0
          133.533 60 0 136.867 60 0 140.2 60 0 143.533 60 0
          146.867 60 0 150.2 60 0 153.533 60 0 156.867 60 0
          160.2 60 0 163.533 60 0 166.867 60 0 170.2 60 0
          173.533 60 0 176.867 60 0 180.2 60 0 183.533 60 0
          186.867 60 0 190.2 60 0 193.533 60 0 196.867 60 0
          200.2 60 0 203.533 60 0 206.867 60 0 210.2 60 0
          213.533 60 0 216.867 60 0 220.2 60 0 223.533 60 0
          226.867 60 0 230.2 60 0 233.533 60 0 236.867 60 0
          240.2 60 0 243.533 60 0 246.867 60 0 250.2 60 0
        </DataArray>
      </Points>
      <Cells>
        <DataArray type="Int32" Name="connectivity" NumberOfComponents="1" format="ascii">
          0 1 3 2 1 4 5 3 4 6 7 5
          6 8 9 7 8 10 11 9 10 12 13 11
          12 14 15 13 14 16 17 15 16 18 19 17
          18 20 21 19 20 22 23 21 22 24 25 23
          24 26 27 25 26 28 29 27 28 30 31 29
          30 32 33 31 32 34 35 33 34 36 37 35
          36 38 39 37 38 40 41 39 40 42 43 41
          42 44 45 43 44 46 47 45 46 48 49 47
          48 50 51 49 50 52 53 51 52 54 55 53
          54 56 57 55 56 58 59 57 58 60 61 59
          60 62 63 61 62 64 65 63 64 66 67 65
          66 68 69 67 68 70 71 69 70 72 73 71
          72 74 75 73 74 76 77 75 76 78 79 77
          78 80 81 79 80 82 83 81 82 84 85 83
          84 86 87 85 86 88 89 87 88 90 91 89
          90 92 93 91 92 94 95 93 94 96 97 95
          96 98 99 97 98 100 101 99 100 102 103 101
          102 104 105 103 104 106 107 105 106 108 109 107
          108 110 111 109 110 112 113 111 112 114 115 113
          114 116 117 115 116 118 119 117 118 120 121 119
          120 122 123 121 122 124 125 123 124 126 127 125
          126 128 129 127 128 130 131 129 130 132 133 131
          132 134 135 133 134 136 137 135 136 138 139 137
          138 140 141 139 140 142 143 141 142 144 145 143
          144 146 147 145 146 148 149 147 148 150 151 149
          2 3 153 152 3 5 154 153 5 7 155 154
          7 9 156 155 9 11 157 156 11 13 158 157
          13 15 159 158 15 17 160 159 17 19 161 160
          19 21 162 161 21 23 163 162 23 25 164 163
          25 27 165 164 27 29 166 165 29 31 167 166
          31 33 168 167 33 35 169 168 35 37 170 169
          37 39 171 170 39 41 172 171 41 43 173 172
          43 45 174 173 45 47 175 174 47 49 176 175
          49 51 177 176 51 53 178 177 53 55 179 178
          55 57 180 179 57 59 181 180 59 61 182 181
          61 63 183 182 63 65 184 183 65 67 185 184
          67 69 186 185 69 71 187 186 71 73 188 187
          73 75 189 188 75 77 190 189 77 79 191 190
          79 81 192 191 81 83 193 192 83 85 194 193
          85 87 195 194 87 89 196 195 89 91 197 196
          91 93 198 197 93 95 199 198 95 97 200 199
          97 99 201 200 99 101 202 201 101 103 203 202
          103 105 204 203 105 107 205 204 107 109 206 205
          109 111 207 206 111 113 208 207 113 115 209 208
          115 117 210 209 117 119 211 210 119 121 212 211
          121 123 213 212 123 125 214 213 125 127 215 214
          127 129 216 215 129 131 217 216 131 133 218 217
          133 135 219 218 135 137 220 219 137 139 221 220
          139 141 222 221 141 143 223 222 143 145 224 223
          145 147 225 224 147 149 226 225 149 151 227 226
          152 153 229 228 153 154 230 229 154 155 231 230
          155 156 232 231 156 157 233 232 157 158 234 233
          158 159 235 234 159 160 236 235 160 161 237 236
          161 162 238 237 162 163 239 238 163 164 240 239
          164 165 241 240 165 166 242 241 166 167 243 242
          167 168 244 243 168 169 245 244 169 170 246 245
          170 171 247 246 171 172 248 247 172 173 249 248
          173 174 250 249 174 175 251 250 175 176 252 251
          176 177 253 252 177 178 254 253 178 179 255 254
          179 180 256 255 180 181 257 256 181 182 258 257
          182 183 259 258 183 184 260 259 184 185 261 260
          185 186 262 261 186 187 263 262 187 188 264 263
          188 189 265 264 189 190 266 265 190 191 267 266
          191 192 268 267 192 193 269 268 193 194 270 269
          194 195 271 270 195 196 272 271 196 197 273 272
          197 198 274 273 198 199 275 274 199 200 276 275
          200 201 277 276 201 202 278 277 202 203 279 278
          203 204 280 279 204 205 281 280 205 206 282 281
          206 207 283 282 207 208 284 283 208 209 285 284
          209 210 286 285 210 211 287 286 211 212 288 287
          212 213 289 288 213 214 290 289 214 215 291 290
          215 216 292 291 216 217 293 292 217 218 294 293
          218 219 295 294 219 220 296 295 220 221 297 296
          221 222 298 297 222 223 299 298 223 224 300 299
          224 225 301 300 225 226 302 301 226 227 303 302
          228 229 305 304 229 230 306 305 230 231 307 306
          231 232 308 307 232 233 309 308 233 234 310 309
          234 235 311 310 235 236 312 311 236 237 313 312
          237 238 314 313 238 239 315 314 239 240 316 315
          240 241 317 316 241 242 318 317 242 243 319 318
          243 244 320 319 244 245 321 320 245 246 322 321
          246 247 323 322 247 248 324 323 248 249 325 324
          249 250 326 325 250 251 327 326 251 252 328 327
          252 253 329 328 253 254 330 329 254 255 331 330
          255 256 332 331 256 257 333 332 257 258 334 333
          258 259 335 334 259 260 336 335 260 261 337 336
          261 262 338 337 262 263 339 338 263 264 340 339
          264 265 341 340 265 266 342 341 266 267 343 342
          267 268 344 343 268 269 345 344 269 270 346 345
          270 271 347 346 271 272 348 347 272 273 349 348
          273 274 350 349 274 275 351 350 275 276 352 351
          276 277 353 352 277 278 354 353 278 279 355 354
          279 280 356 355 280 281 357 356 281 282 358 357
          282 283 359 358 283 284 360 359 284 285 361 360
          285 286 362 361 286 287 363 362 287 288 364 363
          288 289 365 364 289 290 366 365 290 291 367 366
          291 292 368 367 292 293 369 368 293 294 370 369
          294 295 371 370 295 296 372 371 296 297 373 372
          297 298 374 373 298 299 375 374 299 300 376 375
          300 301 377 376 301 302 378 377 302 303 379 378
          304 305 381 380 305 306 382 381 306 307 383 382
          307 308 384 383 308 309 385 384 309 310 386 385
          310 311 387 386 311 312 388 387 312 313 389 388
          313 314 390 389 314 315 391 390 315 316 392 391
          316 317 393 392 317 318 394 393 318 319 395 394
          319 320 396 395 320 321 397 396 321 322 398 397
          322 323 399 398 323 324 400 399 324 325 401 400
          325 326 402 401 326 327 403 402 327 328 404 403
          328 329 405 404 329 330 406 405 330 331 407 406
          331 332 408 407 332 333 409 408 333 334 410 409
          334 335 411 410 335 336 412 411 336 337 413 412
          337 338 414 413 338 339 415 414 339 340 416 415
          340 341 417 416 341 342 418 417 342 343 419 418
          343 344 420 419 344 345 421 420 345 346 422 421
          346 347 423 422 347 348 424 423 348 349 425 424
          349 350 426 425 350 351 427 426 351 352 428 427
          352 353 429 428 353 354 430 429 354 355 431 430
          355 356 432 431 356 357 433 432 357 358 434 433
          358 359 435 434 359 360 436 435 360 361 437 436
          361 362 438 437 362 363 439 438 363 364 440 439
          364 365 441 440 365 366 442 441 366 367 443 442
          367 368 444 443 368 369 445 444 369 370 446 445
          370 371 447 446 371 372 448 447 372 373 449 448
          373 374 450 449 374 375 451 450 375 376 452 451
          376 377 453 452 377 378 454 453 378 379 455 454
          380 381 457 456 381 382 458 457 382 383 459 458
          383 384 460 459 384 385 461 460 385 386 462 461
          386 387 463 462 387 388 464 463 388 389 465 464
          389 390 466 465 390 391 467 466 391 392 468 467
          392 393 469 468 393 394 470 469 394 395 471 470
          395 396 472 471 396 397 473 472 397 398 474 473
          398 399 475 474 399 400 476 475 400 401 477 476
          401 402 478 477 402 403 479 478 403 404 480 479
          404 405 481 480 405 406 482 481 406 407 483 482
          407 408 484 483 408 409 485 484 409 410 486 485
          410 411 487 486 411 412 488 487 412 413 489 488
          413 414 490 489 414 415 491 490 415 416 492 491
          416 417 493 492 417 418 494 493 418 419 495 494
          419 420 496 495 420 421 497 496 421 422 498 497
          422 423 499 498 423 424 500 499 424 425 501 500
          425 426 502 501 426 427 503 502 427 428 504 503
          428 429 505 504 429 430 506 505 430 431 507 506
          431 432 508 507 432 433 509 508 433 434 510 509
          434 435 511 510 435 436 512 511 436 437 513 512
          437 438 514 513 438 439 515 514 439 440 516 515
          440 441 517 516 441 442 518 517 442 443 519 518
          443 444 520 519 444 445 521 520 445 446 522 521
          446 447 523 522 447 448 524 523 448 449 525 524
          449 450 526 525 450 451 527 526 451 452 528 527
          452 453 529 528 453 454 530 529 454 455 531 530
          456 457 533 532 457 458 534 533 458 459 535 534
          459 460 536 535 460 461 537 536 461 462 538 537
          462 463 539 538 463 464 540 539 464 465 541 540
          465 466 542 541 466 467 543 542 467 468 544 543
          468 469 545 544 469 470 546 545 470 471 547 546
          471 472 548 547 472 473 549 548 473 474 550 549
          474 475 551 550 475 476 552 551 476 477 553 552
          477 478 554 553 478 479 555 554 479 480 556 555
          480 481 557 556 481 482 558 557 482 483 559 558
          483 484 560 559 484 485 561 560 485 486 562 561
          486 487 563 562 487 488 564 563 488 489 565 564
          489 490 566 565 490 491 567 566 491 492 568 567
          492 493 569 568 493 494 570 569 494 495 571 570
          495 496 572 571 496 497 573 572 497 498 574 573
          498 499 575 574 499 500 576 575 500 501 577 576
          501 502 578 577 502 503 579 578 503 504 580 579
          504 505 581 580 505 506 582 581 506 507 583 582
          507 508 584 583 508 509 585 584 509 510 586 585
          510 511 587 586 511 512 588 587 512 513 589 588
          513 514 590 589 514 515 591 590 515 516 592 591
          516 517 593 592 517 518 594 593 518 519 595 594
          519 520 596 595 520 521 597 596 521 522 598 597
          522 523 599 598 523 524 600 599 524 525 601 600
          525 526 602 601 526 527 603 602 527 528 604 603
          528 529 605 604 529 530 606 605 530 531 607 606
          532 533 609 608 533 534 610 609 534 535 611 610
          535 536 612 611 536 537 613 612 537 538 614 613
          538 539 615 614 539 540 616 615 540 541 617 616
          541 542 618 617 542 543 619 618 543 544 620 619
          544 545 621 620 545 546 622 621 546 547 623 622
          547 548 624 623 548 549 625 624 549 550 626 625
          550 551 627 626 551 552 628 627 552 553 629 628
          553 554 630 629 554 555 631 630 555 556 632 631
          556 557 633 632 557 558 634 633 558 559 635 634
          559 560 636 635 560 561 637 636 561 562 638 637
          562 563 639 638 563 564 640 639 564 565 641 640
          565 566 642 641 566 567 643 642 567 568 644 643
          568 569 645 644 569 570 646 645 570 571 647 646
          571 572 648 647 572 573 649 648 573 574 650 649
          574 575 651 650 575 576 652 651 576 577 653 652
          577 578 654 653 578 579 655 654 579 580 656 655
          580 581 657 656 581 582 658 657 582 583 659 658
          583 584 660 659 584 585 661 660 585 586 662 661
          586 587 663 662 587 588 664 663 588 589 665 664
          589 590 666 665 590 591 667 666 591 592 668 667
          592 593 669 668 593 594 670 669 594 595 671 670
          595 596 672 671 596 597 673 672 597 598 674 673
          598 599 675 674 599 600 676 675 600 601 677 676
          601 602 678 677 602 603 679 678 603 604 680 679
          604 605 681 680 605 606 682 681 606 607 683 682
          608 609 685 684 609 610 686 685 610 611 687 686
          611 612 688 687 612 613 689 688 613 614 690 689
          614 615 691 690 615 616 692 691 616 617 693 692
          617 618 694 693 618 619 695 694 619 620 696 695
          620 621 697 696 621 622 698 697 622 623 699 698
          623 624 700 699 624 625 701 700 625 626 702 701
          626 627 703 702 627 628 704 703 628 629 705 704
          629 630 706 705 630 631 707 706 631 632 708 707
          632 633 709 708 633 634 710 709 634 635 711 710
          635 636 712 711 636 637 713 712 637 638 714 713
          638 639 715 714 639 640 716 715 640 641 717 716
          641 642 718 717 642 643 719 718 643 644 720 719
          644 645 721 720 645 646 722 721 646 647 723 722
          647 648 724 723 648 649 725 724 649 650 726 725
          650 651 727 726 651 652 728 727 652 653 729 728
          653 654 730 729 654 655 731 730 655 656 732 731
          656 657 733 732 657 658 734 733 658 659 735 734
          659 660 736 735 660 661 737 736 661 662 738 737
          662 663 739 738 663 664 740 739 664 665 741 740
          665 666 742 741 666 667 743 742 667 668 744 743
          668 669 745 744 669 670 746 745 670 671 747 746
          671 672 748 747 672 673 749 748 673 674 750 749
          674 675 751 750 675 676 752 751 676 677 753 752
          677 678 754 753 678 679 755 754 679 680 756 755
          680 681 757 756 681 682 758 757 682 683 759 758
          684 685 761 760 685 686 762 761 686 687 763 762
          687 688 764 763 688 689 765 764 689 690 766 765
          690 691 767 766 691 692 768 767 692 693 769 768
          693 694 770 769 694 695 771 770 695 696 772 771
          696 697 773 772 697 698 774 773 698 699 775 774
          699 700 776 775 700 701 777 776 701 702 778 777
          702 703 779 778 703 704 780 779 704 705 781 780
          705 706 782 781 706 707 783 782 707 708 784 783
          708 709 785 784 709 710 786 785 710 711 787 786
          711 712 788 787 712 713 789 788 713 714 790 789
          714 715 791 790 715 716 792 791 716 717 793 792
          717 718 794 793 718 719 795 794 719 720 796 795
          720 721 797 796 721 722 798 797 722 723 799 798
          723 724 800 799 724 725 801 800 725 726 802 801
          726 727 803 802 727 728 804 803 728 729 805 804
          729 730 806 805 730 731 807 806 731 732 808 807
          732 733 809 808 733 734 810 809 734 735 811 810
          735 736 812 811 736 737 813 812 737 738 814 813
          738 739 815 814 739 740 816 815 740 741 817 816
          741 742 818 817 742 743 819 818 743 744 820 819
          744 745 821 820 745 746 822 821 746 747 823 822
          747 748 824 823 748 749 825 824 749 750 826 825
          750 751 827 826 751 752 828 827 752 753 829 828
          753 754 830 829 754 755 831 830 755 756 832 831
          756 757 833 832 757 758 834 833 758 759 835 834
          760 761 837 836 761 762 838 837 762 763 839 838
          763 764 840 839 764 765 841 840 765 766 842 841
          766 767 843 842 767 768 844 843 768 769 845 844
          769 770 846 845 770 771 847 846 771 772 848 847
          772 773 849 848 773 774 850 849 774 775 851 850
          775 776 852 851 776 777 853 852 777 778 854 853
          778 779 855 854 779 780 856 855 780 781 857 856
          781 782 858 857 782 783 859 858 783 784 860 859
          784 785 861 860 785 786 862 861 786 787 863 862
          787 788 864 863 788 789 865 864 789 790 866 865
          790 791 867 866 791 792 868 867 792 793 869 868
          793 794 870 869 794 795 871 870 795 796 872 871
          796 797 873 872 797 798 874 873 798 799 875 874
          799 800 876 875 800 801 877 876 801 802 878 877
          802 803 879 878 803 804 880 879 804 805 881 880
          805 806 882 881 806 807 883 882 807 808 884 883
          808 809 885 884 809 810 886 885 810 811 887 886
          811 812 888 887 812 813 889 888 813 814 890 889
          814 815 891 890 815 816 892 891 816 817 893 892
          817 818 894 893 818 819 895 894 819 820 896 895
          820 821 897 896 821 822 898 897 822 823 899 898
          823 824 900 899 824 825 901 900 825 826 902 901
          826 827 903 902 827 828 904 903 828 829 905 904
          829 830 906 905 830 831 907 906 831 832 908 907
          832 833 909 908 833 834 910 909 834 835 911 910
          836 837 913 912 837 838 914 913 838 839 915 914
          839 840 916 915 840 841 917 916 841 842 918 917
          842 843 919 918 843 844 920 919 844 845 921 920
          845 846 922 921 846 847 923 922 847 848 924 923
          848 849 925 924 849 850 926 925 850 851 927 926
          851 852 928 927 852 853 929 928 853 854 930 929
          854 855 931 930 855 856 932 931 856 857 933 932
          857 858 934 933 858 859 935 934 859 860 936 935
          860 861 937 936 861 862 938 937 862 863 939 938
          863 864 940 939 864 865 941 940 865 866 942 941
          866 867 943 942 867 868 944 943 868 869 945 944
          869 870 946 945 870 871 947 946 871 872 948 947
          872 873 949 948 873 874 950 949 874 875 951 950
          875 876 952 951 876 877 953 952 877 878 954 953
          878 879 955 954 879 880 956 955 880 881 957 956
          881 882 958 957 882 883 959 958 883 884 960 959
          884 885 961 960 885 886 962 961 886 887 963 962
          887 888 964 963 888 889 965 964 889 890 966 965
          890 891 967 966 891 892 968 967 892 893 969 968
          893 894 970 969 894 895 971 970 895 896 972 971
          896 897 973 972 897 898 974 973 898 899 975 974
          899 900 976 975 900 901 977 976 901 902 978 977
          902 903 979 978 903 904 980 979 904 905 981 980
          905 906 982 981 906 907 983 982 907 908 984 983
          908 909 985 984 909 910 986 985 910 911 987 986
          912 913 989 988 913 914 990 989 914 915 991 990
          915 916 992 991 916 917 993 992 917 918 994 993
          918 919 995 994 919 920 996 995 920 921 997 996
          921 922 998 997 922 923 999 998 923 924 1000 999
          924 925 1001 1000 925 926 1002 1001 926 927 1003 1002
          927 928 1004 1003 928 929 1005 1004 929 930 1006 1005
          930 931 1007 1006 931 932 1008 1007 932 933 1009 1008
          933 934 1010 1009 934 935 1011 1010 935 936 1012 1011
          936 937 1013 1012 937 938 1014 1013 938 939 1015 1014
          939 940 1016 1015 940 941 1017 1016 941 942 1018 1017
          942 943 1019 1018 943 944 1020 1019 944 945 1021 1020
          945 946 1022 1021 946 947 1023 1022 947 948 1024 1023
          948 949 1025 1024 949 950 1026 1025 950 951 1027 1026
          951 952 1028 1027 952 953 1029 1028 953 954 1030 1029
          954 955 1031 1030 955 956 1032 1031 956 957 1033 1032
          957 958 1034 1033 958 959 1035 1034 959 960 1036 1035
          960 961 1037 1036 961 962 1038 1037 962 963 1039 1038
          963 964 1040 1039 964 965 1041 1040 965 966 1042 1041
          966 967 1043 1042 967 968 1044 1043 968 969 1045 1044
          969 970 1046 1045 970 971 1047 1046 971 972 1048 1047
          972 973 1049 1048 973 974 1050 1049 974 975 1051 1050
          975 976 1052 1051 976 977 1053 1052 977 978 1054 1053
          978 979 1055 1054 979 980 1056 1055 980 981 1057 1056
          981 982 1058 1057 982 983 1059 1058 983 984 1060 1059
          984 985 1061 1060 985 986 1062 1061 986 987 1063 1062
          988 989 1065 1064 989 990 1066 1065 990 991 1067 1066
          991 992 1068 1067 992 993 1069 1068 993 994 1070 1069
          994 995 1071 1070 995 996 1072 1071 996 997 1073 1072
          997 998 1074 1073 998 999 1075 1074 999 1000 1076 1075
          1000 1001 1077 1076 1001 1002 1078 1077 1002 1003 1079 1078
          1003 1004 1080 1079 1004 1005 1081 1080 1005 1006 1082 1081
          1006 1007 1083 1082 1007 1008 1084 1083 1008 1009 1085 1084
          1009 1010 1086 1085 1010 1011 1087 1086 1011 1012 1088 1087
          1012 1013 1089 1088 1013 1014 1090 1089 1014 1015 1091 1090
          1015 1016 1092 1091 1016 1017 1093 1092 1017 1018 1094 1093
          1018 1019 1095 1094 1019 1020 1096 1095 1020 1021 1097 1096
          1021 1022 1098 1097 1022 1023 1099 1098 1023 1024 1100 1099
          1024 1025 1101 1100 1025 1026 1102 1101 1026 1027 1103 1102
          1027 1028 1104 1103 1028 1029 1105 1104 1029 1030 1106 1105
          1030 1031 1107 1106 1031 1032 1108 1107 1032 1033 1109 1108
          1033 1034 1110 1109 1034 1035 1111 1110 1035 1036 1112 1111
          1036 1037 1113 1112 1037 1038 1114 1113 1038 1039 1115 1114
          1039 1040 1116 1115 1040 1041 1117 1116 1041 1042 1118 1117
          1042 1043 1119 1118 1043 1044 1120 1119 1044 1045 1121 1120
          1045 1046 1122 1121 1046 1047 1123 1122 1047 1048 1124 1123
          1048 1049 1125 1124 1049 1050 1126 1125 1050 1051 1127 1126
          1051 1052 1128 1127 1052 1053 1129 1128 1053 1054 1130 1129
          1054 1055 1131 1130 1055 1056 1132 1131 1056 1057 1133 1132
          1057 1058 1134 1133 1058 1059 1135 1134 1059 1060 1136 1135
          1060 1061 1137 1136 1061 1062 1138 1137 1062 1063 1139 1138
          1064 1065 1141 1140 1065 1066 1142 1141 1066 1067 1143 1142
          1067 1068 1144 1143 1068 1069 1145 1144 1069 1070 1146 1145
          1070 1071 1147 1146 1071 1072 1148 1147 1072 1073 1149 1148
          1073 1074 1150 1149 1074 1075 1151 1150 1075 1076 1152 1151
          1076 1077 1153 1152 1077 1078 1154 1153 1078 1079 1155 1154
          1079 1080 1156 1155 1080 1081 1157 1156 1081 1082 1158 1157
          1082 1083 1159 1158 1083 1084 1160 1159 1084 1085 1161 1160
          1085 1086 1162 1161 1086 1087 1163 1162 1087 1088 1164 1163
          1088 1089 1165 1164 1089 1090 1166 1165 1090 1091 1167 1166
          1091 1092 1168 1167 1092 1093 1169 1168 1093 1094 1170 1169
          1094 1095 1171 1170 1095 1096 1172 1171 1096 1097 1173 1172
          1097 1098 1174 1173 1098 1099 1175 1174 1099 1100 1176 1175
          1100 1101 1177 1176 1101 1102 1178 1177 1102 1103 1179 1178
          1103 1104 1180 1179 1104 1105 1181 1180 1105 1106 1182 1181
          1106 1107 1183 1182 1107 1108 1184 1183 1108 1109 1185 1184
          1109 1110 1186 1185 1110 1111 1187 1186 1111 1112 1188 1187
          1112 1113 1189 1188 1113 1114 1190 1189 1114 1115 1191 1190
          1115 1116 1192 1191 1116 1117 1193 1192 1117 1118 1194 1193
          1118 1119 1195 1194 1119 1120 1196 1195 1120 1121 1197 1196
          1121 1122 1198 1197 1122 1123 1199 1198 1123 1124 1200 1199
          1124 1125 1201 1200 1125 1126 1202 1201 1126 1127 1203 1202
          1127 1128 1204 1203 1128 1129 1205 1204 1129 1130 1206 1205
          1130 1131 1207 1206 1131 1132 1208 1207 1132 1133 1209 1208
          1133 1134 1210 1209 1134 1135 1211 1210 1135 1136 1212 1211
          1136 1137 1213 1212 1137 1138 1214 1213 1138 1139 1215 1214
          1140 1141 1217 1216 1141 1142 1218 1217 1142 1143 1219 1218
          1143 1144 1220 1219 1144 1145 1221 1220 1145 1146 1222 1221
          1146 1147 1223 1222 1147 1148 1224 1223 1148 1149 1225 1224
          1149 1150 1226 1225 1150 1151 1227 1226 1151 1152 1228 1227
          1152 1153 1229 1228 1153 1154 1230 1229 1154 1155 1231 1230
          1155 1156 1232 1231 1156 1157 1233 1232 1157 1158 1234 1233
          1158 1159 1235 1234 1159 1160 1236 1235 1160 1161 1237 1236
          1161 1162 1238 1237 1162 1163 1239 1238 1163 1164 1240 1239
          1164 1165 1241 1240 1165 1166 1242 1241 1166 1167 1243 1242
          1167 1168 1244 1243 1168 1169 1245 1244 1169 1170 1246 1245
          1170 1171 1247 1246 1171 1172 1248 1247 1172 1173 1249 1248
          1173 1174 1250 1249 1174 1175 1251 1250 1175 1176 1252 1251
          1176 1177 1253 1252 1177 1178 1254 1253 1178 1179 1255 1254
          1179 1180 1256 1255 1180 1181 1257 1256 1181 1182 1258 1257
          1182 1183 1259 1258 1183 1184 1260 1259 1184 1185 1261 1260
          1185 1186 1262 1261 1186 1187 1263 1262 1187 1188 1264 1263
          1188 1189 1265 1264 1189 1190 1266 1265 1190 1191 1267 1266
          1191 1192 1268 1267 1192 1193 1269 1268 1193 1194 1270 1269
          1194 1195 1271 1270 1195 1196 1272 1271 1196 1197 1273 1272
          1197 1198 1274 1273 1198 1199 1275 1274 1199 1200 1276 1275
          1200 1201 1277 1276 1201 1202 1278 1277 1202 1203 1279 1278
          1203 1204 1280 1279 1204 1205 1281 1280 1205 1206 1282 1281
          1206 1207 1283 1282 1207 1208 1284 1283 1208 1209 1285 1284
          1209 1210 1286 1285 1210 1211 1287 1286 1211 1212 1288 1287
          1212 1213 1289 1288 1213 1214 1290 1289 1214 1215 1291 1290
          1216 1217 1293 1292 1217 1218 1294 1293 1218 1219 1295 1294
          1219 1220 1296 1295 1220 1221 1297 1296 1221 1222 1298 1297
          1222 1223 1299 1298 1223 1224 1300 1299 1224 1225 1301 1300
          1225 1226 1302 1301 1226 1227 1303 1302 1227 1228 1304 1303
          1228 1229 1305 1304 1229 1230 1306 1305 1230 1231 1307 1306
          1231 1232 1308 1307 1232 1233 1309 1308 1233 1234 1310 1309
          1234 1235 1311 1310 1235 1236 1312 1311 1236 1237 1313 1312
          1237 1238 1314 1313 1238 1239 1315 1314 1239 1240 1316 1315
          1240 1241 1317 1316 1241 1242 1318 1317 1242 1243 1319 1318
          1243 1244 1320 1319 1244 1245 1321 1320 1245 1246 1322 1321
          1246 1247 1323 1322 1247 1248 1324 1323 1248 1249 1325 1324
          1249 1250 1326 1325 1250 1251 1327 1326 1251 1252 1328 1327
          1252 1253 1329 1328 1253 1254 1330 1329 1254 1255 1331 1330
          1255 1256 1332 1331 1256 1257 1333 1332 1257 1258 1334 1333
          1258 1259 1335 1334 1259 1260 1336 1335 1260 1261 1337 1336
          1261 1262 1338 1337 1262 1263 1339 1338 1263 1264 1340 1339
          1264 1265 1341 1340 1265 1266 1342 1341 1266 1267 1343 1342
          1267 1268 1344 1343 1268 1269 1345 1344 1269 1270 1346 1345
          1270 1271 1347 1346 1271 1272 1348 1347 1272 1273 1349 1348
          1273 1274 1350 1349 1274 1275 1351 1350 1275 1276 1352 1351
          1276 1277 1353 1352 1277 1278 1354 1353 1278 1279 1355 1354
          1279 1280 1356 1355 1280 1281 1357 1356 1281 1282 1358 1357
          1282 1283 1359 1358 1283 1284 1360 1359 1284 1285 1361 1360
          1285 1286 1362 1361 1286 1287 1363 1362 1287 1288 1364 1363
          1288 1289 1365 1364 1289 1290 1366 1365 1290 1291 1367 1366
          1292 1293 1369 1368 1293 1294 1370 1369 1294 1295 1371 1370
          1295 1296 1372 1371 1296 1297 1373 1372 1297 1298 1374 1373
          1298 1299 1375 1374 1299 1300 1376 1375 1300 1301 1377 1376
          1301 1302 1378 1377 1302 1303 1379 1378 1303 1304 1380 1379
          1304 1305 1381 1380 1305 1306 1382 1381 1306 1307 1383 1382
          1307 1308 1384 1383 1308 1309 1385 1384 1309 1310 1386 1385
          1310 1311 1387 1386 1311 1312 1388 1387 1312 1313 1389 1388
          1313 1314 1390 1389 1314 1315 1391 1390 1315 1316 1392 1391
          1316 1317 1393 1392 1317 1318 1394 1393 1318 1319 1395 1394
          1319 1320 1396 1395 1320 1321 1397 1396 1321 1322 1398 1397
          1322 1323 1399 1398 1323 1324 1400 1399 1324 1325 1401 1400
          1325 1326 1402 1401 1326 1327 1403 1402 1327 1328 1404 1403
          1328 1329 1405 1404 1329 1330 1406 1405 1330 1331 1407 1406
          1331 1332 1408 1407 1332 1333 1409 1408 1333 1334 1410 1409
          1334 1335 1411 1410 1335 1336 1412 1411 1336 1337 1413 1412
          1337 1338 1414 1413 1338 1339 1415 1414 1339 1340 1416 1415
          1340 1341 1417 1416 1341 1342 1418 1417 1342 1343 1419 1418
          1343 1344 1420 1419 1344 1345 1421 1420 1345 1346 1422 1421
          1346 1347 1423 1422 1347 1348 1424 1423 1348 1349 1425 1424
          1349 1350 1426 1425 1350 1351 1427 1426 1351 1352 1428 1427
          1352 1353 1429 1428 1353 1354 1430 1429 1354 1355 1431 1430
          1355 1356 1432 1431 1356 1357 1433 1432 1357 1358 1434 1433
          1358 1359 1435 1434 1359 1360 1436 1435 1360 1361 1437 1436
          1361 1362 1438 1437 1362 1363 1439 1438 1363 1364 1440 1439
          1364 1365 1441 1440 1365 1366 1442 1441 1366 1367 1443 1442
          1368 1369 1445 1444 1369 1370 1446 1445 1370 1371 1447 1446
          1371 1372 1448 1447 1372 1373 1449 1448 1373 1374 1450 1449
          1374 1375 1451 1450 1375 1376 1452 1451 1376 1377 1453 1452
          1377 1378 1454 1453 1378 1379 1455 1454 1379 1380 1456 1455
          1380 1381 1457 1456 1381 1382 1458 1457 1382 1383 1459 1458
          1383 1384 1460 1459 1384 1385 1461 1460 1385 1386 1462 1461
          1386 1387 1463 1462 1387 1388 1464 1463 1388 1389 1465 1464
          1389 1390 1466 1465 1390 1391 1467 1466 1391 1392 1468 1467
          1392 1393 1469 1468 1393 1394 1470 1469 1394 1395 1471 1470
          1395 1396 1472 1471 1396 1397 1473 1472 1397 1398 1474 1473
          1398 1399 1475 1474 1399 1400 1476 1475 1400 1401 1477 1476
          1401 1402 1478 1477 1402 1403 1479 1478 1403 1404 1480 1479
          1404 1405 1481 1480 1405 1406 1482 1481 1406 1407 1483 1482
          1407 1408 1484 1483 1408 1409 1485 1484 1409 1410 1486 1485
          1410 1411 1487 1486 1411 1412 1488 1487 1412 1413 1489 1488
          1413 1414 1490 1489 1414 1415 1491 1490 1415 1416 1492 1491
          1416 1417 1493 1492 1417 1418 1494 1493 1418 1419 1495 1494
          1419 1420 1496 1495 1420 1421 1497 1496 1421 1422 1498 1497
          1422 1423 1499 1498 1423 1424 1500 1499 1424 1425 1501 1500
          1425 1426 1502 1501 1426 1427 1503 1502 1427 1428 1504 1503
          1428 1429 1505 1504 1429 1430 1506 1505 1430 1431 1507 1506
          1431 1432 1508 1507 1432 1433 1509 1508 1433 1434 1510 1509
          1434 1435 1511 1510 1435 1436 1512 1511 1436 1437 1513 1512
          1437 1438 1514 1513 1438 1439 1515 1514 1439 1440 1516 1515
          1440 1441 1517 1516 1441 1442 1518 1517 1442 1443 1519 1518
          1444 1445 1521 1520 1445 1446 1522 1521 1446 1447 1523 1522
          1447 1448 1524 1523 1448 1449 1525 1524 1449 1450 1526 1525
          1450 1451 1527 1526 1451 1452 1528 1527 1452 1453 1529 1528
          1453 1454 1530 1529 1454 1455 1531 1530 1455 1456 1532 1531
          1456 1457 1533 1532 1457 1458 1534 1533 1458 1459 1535 1534
          1459 1460 1536 1535 1460 1461 1537 1536 1461 1462 1538 1537
          1462 1463 1539 1538 1463 1464 1540 1539 1464 1465 1541 1540
          1465 1466 1542 1541 1466 1467 1543 1542 1467 1468 1544 1543
          1468 1469 1545 1544 1469 1470 1546 1545 1470 1471 1547 1546
          1471 1472 1548 1547 1472 1473 1549 1548 1473 1474 1550 1549
          1474 1475 1551 1550 1475 1476 1552 1551 1476 1477 1553 1552
          1477 1478 1554 1553 1478 1479 1555 1554 1479 1480 1556 1555
          1480 1481 1557 1556 1481 1482 1558 1557 1482 1483 1559 1558
          1483 1484 1560 1559 1484 1485 1561 1560 1485 1486 1562 1561
          1486 1487 1563 1562 1487 1488 1564 1563 1488 1489 1565 1564
          1489 1490 1566 1565 1490 1491 1567 1566 1491 1492 1568 1567
          1492 1493 1569 1568 1493 1494 1570 1569 1494 1495 1571 1570
          1495 1496 1572 1571 1496 1497 1573 1572 1497 1498 1574 1573
          1498 1499 1575 1574 1499 1500 1576 1575 1500 1501 1577 1576
          1501 1502 1578 1577 1502 1503 1579 1578 1503 1504 1580 1579
          1504 1505 1581 1580 1505 1506 1582 1581 1506 1507 1583 1582
          1507 1508 1584 1583 1508 1509 1585 1584 1509 1510 1586 1585
          1510 1511 1587 1586 1511 1512 1588 1587 1512 1513 1589 1588
          1513 1514 1590 1589 1514 1515 1591 1590 1515 1516 1592 1591
          1516 1517 1593 1592 1517 1518 1594 1593 1518 1519 1595 1594
          1520 1521 1597 1596 1521 1522 1598 1597 1522 1523 1599 1598
          1523 1524 1600 1599 1524 1525 1601 1600 1525 1526 1602 1601
          1526 1527 1603 1602 1527 1528 1604 1603 1528 1529 1605 1604
          1529 1530 1606 1605 1530 1531 1607 1606 1531 1532 1608 1607
          1532 1533 1609 1608 1533 1534 1610 1609 1534 1535 1611 1610
          1535 1536 1612 1611 1536 1537 1613 1612 1537 1538 1614 1613
          1538 1539 1615 1614 1539 1540 1616 1615 1540 1541 1617 1616
          1541 1542 1618 1617 1542 1543 1619 1618 1543 1544 1620 1619
          1544 1545 1621 1620 1545 1546 1622 1621 1546 1547 1623 1622
          1547 1548 1624 1623 1548 1549 1625 1624 1549 1550 1626 1625
          1550 1551 1627 1626 1551 1552 1628 1627 1552 1553 1629 1628
          1553 1554 1630 1629 1554 1555 1631 1630 1555 1556 1632 1631
          1556 1557 1633 1632 1557 1558 1634 1633 1558 1559 1635 1634
          1559 1560 1636 1635 1560 1561 1637 1636 1561 1562 1638 1637
          1562 1563 1639 1638 1563 1564 1640 1639 1564 1565 1641 1640
          1565 1566 1642 1641 1566 1567 1643 1642 1567 1568 1644 1643
          1568 1569 1645 1644 1569 1570 1646 1645 1570 1571 1647 1646
          1571 1572 1648 1647 1572 1573 1649 1648 1573 1574 1650 1649
          1574 1575 1651 1650 1575 1576 1652 1651 1576 1577 1653 1652
          1577 1578 1654 1653 1578 1579 1655 1654 1579 1580 1656 1655
          1580 1581 1657 1656 1581 1582 1658 1657 1582 1583 1659 1658
          1583 1584 1660 1659 1584 1585 1661 1660 1585 1586 1662 1661
          1586 1587 1663 1662 1587 1588 1664 1663 1588 1589 1665 1664
          1589 1590 1666 1665 1590 1591 1667 1666 1591 1592 1668 1667
          1592 1593 1669 1668 1593 1594 1670 1669 1594 1595 1671 1670
          1596 1597 1673 1672 1597 1598 1674 1673 1598 1599 1675 1674
          1599 1600 1676 1675 1600 1601 1677 1676 1601 1602 1678 1677
          1602 1603 1679 1678 1603 1604 1680 1679 1604 1605 1681 1680
          1605 1606 1682 1681 1606 1607 1683 1682 1607 1608 1684 1683
          1608 1609 1685 1684 1609 1610 1686 1685 1610 1611 1687 1686
          1611 1612 1688 1687 1612 1613 1689 1688 1613 1614 1690 1689
          1614 1615 1691 1690 1615 1616 1692 1691 1616 1617 1693 1692
          1617 1618 1694 1693 1618 1619 1695 1694 1619 1620 1696 1695
          1620 1621 1697 1696 1621 1622 1698 1697 1622 1623 1699 1698
          1623 1624 1700 1699 1624 1625 1701 1700 1625 1626 1702 1701
          1626 1627 1703 1702 1627 1628 1704 1703 1628 1629 1705 1704
          1629 1630 1706 1705 1630 1631 1707 1706 1631 1632 1708 1707
          1632 1633 1709 1708 1633 1634 1710 1709 1634 1635 1711 1710
          1635 1636 1712 1711 1636 1637 1713 1712 1637 1638 1714 1713
          1638 1639 1715 1714 1639 1640 1716 1715 1640 1641 1717 1716
          1641 1642 1718 1717 1642 1643 1719 1718 1643 1644 1720 1719
          1644 1645 1721 1720 1645 1646 1722 1721 1646 1647 1723 1722
          1647 1648 1724 1723 1648 1649 1725 1724 1649 1650 1726 1725
          1650 1651 1727 1726 1651 1652 1728 1727 1652 1653 1729 1728
          1653 1654 1730 1729 1654 1655 1731 1730 1655 1656 1732 1731
          1656 1657 1733 1732 1657 1658 1734 1733 1658 1659 1735 1734
          1659 1660 1736 1735 1660 1661 1737 1736 1661 1662 1738 1737
          1662 1663 1739 1738 1663 1664 1740 1739 1664 1665 1741 1740
          1665 1666 1742 1741 1666 1667 1743 1742 1667 1668 1744 1743
          1668 1669 1745 1744 1669 1670 1746 1745 1670 1671 1747 1746
          1672 1673 1749 1748 1673 1674 1750 1749 1674 1675 1751 1750
          1675 1676 1752 1751 1676 1677 1753 1752 1677 1678 1754 1753
          1678 1679 1755 1754 1679 1680 1756 1755 1680 1681 1757 1756
          1681 1682 1758 1757 1682 1683 1759 1758 1683 1684 1760 1759
          1684 1685 1761 1760 1685 1686 1762 1761 1686 1687 1763 1762
          1687 1688 1764 1763 1688 1689 1765 1764 1689 1690 1766 1765
          1690 1691 1767 1766 1691 1692 1768 1767 1692 1693 1769 1768
          1693 1694 1770 1769 1694 1695 1771 1770 1695 1696 1772 1771
          1696 1697 1773 1772 1697 1698 1774 1773 1698 1699 1775 1774
          1699 1700 1776 1775 1700 1701 1777 1776 1701 1702 1778 1777
          1702 1703 1779 1778 1703 1704 1780 1779 1704 1705 1781 1780
          1705 1706 1782 1781 1706 1707 1783 1782 1707 1708 1784 1783
          1708 1709 1785 1784 1709 1710 1786 1785 1710 1711 1787 1786
          1711 1712 1788 1787 1712 1713 1789 1788 1713 1714 1790 1789
          1714 1715 1791 1790 1715 1716 1792 1791 1716 1717 1793 1792
          1717 1718 1794 1793 1718 1719 1795 1794 1719 1720 1796 1795
          1720 1721 1797 1796 1721 1722 1798 1797 1722 1723 1799 1798
          1723 1724 1800 1799 1724 1725 1801 1800 1725 1726 1802 1801
          1726 1727 1803 1802 1727 1728 1804 1803 1728 1729 1805 1804
          1729 1730 1806 1805 1730 1731 1807 1806 1731 1732 1808 1807
          1732 1733 1809 1808 1733 1734 1810 1809 1734 1735 1811 1810
          1735 1736 1812 1811 1736 1737 1813 1812 1737 1738 1814 1813
          1738 1739 1815 1814 1739 1740 1816 1815 1740 1741 1817 1816
          1741 1742 1818 1817 1742 1743 1819 1818 1743 1744 1820 1819
          1744 1745 1821 1820 1745 1746 1822 1821 1746 1747 1823 1822
          1748 1749 1825 1824 1749 1750 1826 1825 1750 1751 1827 1826
          1751 1752 1828 1827 1752 1753 1829 1828 1753 1754 1830 1829
          1754 1755 1831 1830 1755 1756 1832 1831 1756 1757 1833 1832
          1757 1758 1834 1833 1758 1759 1835 1834 1759 1760 1836 1835
          1760 1761 1837 1836 1761 1762 1838 1837 1762 1763 1839 1838
          1763 1764 1840 1839 1764 1765 1841 1840 1765 1766 1842 1841
          1766 1767 1843 1842 1767 1768 1844 1843 1768 1769 1845 1844
          1769 1770 1846 1845 1770 1771 1847 1846 1771 1772 1848 1847
          1772 1773 1849 1848 1773 1774 1850 1849 1774 1775 1851 1850
          1775 1776 1852 1851 1776 1777 1853 1852 1777 1778 1854 1853
          1778 1779 1855 1854 1779 1780 1856 1855 1780 1781 1857 1856
          1781 1782 1858 1857 1782 1783 1859 1858 1783 1784 1860 1859
          1784 1785 1861 1860 1785 1786 1862 1861 1786 1787 1863 1862
          1787 1788 1864 1863 1788 1789 1865 1864 1789 1790 1866 1865
          1790 1791 1867 1866 1791 1792 1868 1867 1792 1793 1869 1868
          1793 1794 1870 1869 1794 1795 1871 1870 1795 1796 1872 1871
          1796 1797 1873 1872 1797 1798 1874 1873 1798 1799 1875 1874
          1799 1800 1876 1875 1800 1801 1877 1876 1801 1802 1878 1877
          1802 1803 1879 1878 1803 1804 1880 1879 1804 1805 1881 1880
          1805 1806 1882 1881 1806 1807 1883 1882 1807 1808 1884 1883
          1808 1809 1885 1884 1809 1810 1886 1885 1810 1811 1887 1886
          1811 1812 1888 1887 1812 1813 1889 1888 1813 1814 1890 1889
          1814 1815 1891 1890 1815 1816 1892 1891 1816 1817 1893 1892
          1817 1818 1894 1893 1818 1819 1895 1894 1819 1820 1896 1895
          1820 1821 1897 1896 1821 1822 1898 1897 1822 1823 1899 1898
          1824 1825 1901 1900 1825 1826 1902 1901 1826 1827 1903 1902
          1827 1828 1904 1903 1828 1829 1905 1904 1829 1830 1906 1905
          1830 1831 1907 1906 1831 1832 1908 1907 1832 1833 1909 1908
          1833 1834 1910 1909 1834 1835 1911 1910 1835 1836 1912 1911
          1836 1837 1913 1912 1837 1838 1914 1913 1838 1839 1915 1914
          1839 1840 1916 1915 1840 1841 1917 1916 1841 1842 1918 1917
          1842 1843 1919 1918 1843 1844 1920 1919 1844 1845 1921 1920
          1845 1846 1922 1921 1846 1847 1923 1922 1847 1848 1924 1923
          1848 1849 1925 1924 1849 1850 1926 1925 1850 1851 1927 1926
          1851 1852 1928 1927 1852 1853 1929 1928 1853 1854 1930 1929
          1854 1855 1931 1930 1855 1856 1932 1931 1856 1857 1933 1932
          1857 1858 1934 1933 1858 1859 1935 1934 1859 1860 1936 1935
          1860 1861 1937 1936 1861 1862 1938 1937 1862 1863 1939 1938
          1863 1864 1940 1939 1864 1865 1941 1940 1865 1866 1942 1941
          1866 1867 1943 1942 1867 1868 1944 1943 1868 1869 1945 1944
          1869 1870 1946 1945 1870 1871 1947 1946 1871 1872 1948 1947
          1872 1873 1949 1948 1873 1874 1950 1949 1874 1875 1951 1950
          1875 1876 1952 1951 1876 1877 1953 1952 1877 1878 1954 1953
          1878 1879 1955 1954 1879 1880 1956 1955 1880 1881 1957 1956
          1881 1882 1958 1957 1882 1883 1959 1958 1883 1884 1960 1959
          1884 1885 1961 1960 1885 1886 1962 1961 1886 1887 1963 1962
          1887 1888 1964 1963 1888 1889 1965 1964 1889 1890 1966 1965
          1890 1891 1967 1966 1891 1892 1968 1967 1892 1893 1969 1968
          1893 1894 1970 1969 1894 1895 1971 1970 1895 1896 1972 1971
          1896 1897 1973 1972 1897 1898 1974 1973 1898 1899 1975 1974
          1900 1901 1977 1976 1901 1902 1978 1977 1902 1903 1979 1978
          1903 1904 1980 1979 1904 1905 1981 1980 1905 1906 1982 1981
          1906 1907 1983 1982 1907 1908 1984 1983 1908 1909 1985 1984
          1909 1910 1986 1985 1910 1911 1987 1986 1911 1912 1988 1987
          1912 1913 1989 1988 1913 1914 1990 1989 1914 1915 1991 1990
          1915 1916 1992 1991 1916 1917 1993 1992 1917 1918 1994 1993
          1918 1919 1995 1994 1919 1920 1996 1995 1920 1921 1997 1996
          1921 1922 1998 1997 1922 1923 1999 1998 1923 1924 2000 1999
          1924 1925 2001 2000 1925 1926 2002 2001 1926 1927 2003 2002
          1927 1928 2004 2003 1928 1929 2005 2004 1929 1930 2006 2005
          1930 1931 2007 2006 1931 1932 2008 2007 1932 1933 2009 2008
          1933 1934 2010 2009 1934 1935 2011 2010 1935 1936 2012 2011
          1936 1937 2013 2012 1937 1938 2014 2013 1938 1939 2015 2014
          1939 1940 2016 2015 1940 1941 2017 2016 1941 1942 2018 2017
          1942 1943 2019 2018 1943 1944 2020 2019 1944 1945 2021 2020
          1945 1946 2022 2021 1946 1947 2023 2022 1947 1948 2024 2023
          1948 1949 2025 2024 1949 1950 2026 2025 1950 1951 2027 2026
          1951 1952 2028 2027 1952 1953 2029 2028 1953 1954 2030 2029
          1954 1955 2031 2030 1955 1956 2032 2031 1956 1957 2033 2032
          1957 1958 2034 2033 1958 1959 2035 2034 1959 1960 2036 2035
          1960 1961 2037 2036 1961 1962 2038 2037 1962 1963 2039 2038
          1963 1964 2040 2039 1964 1965 2041 2040 1965 1966 2042 2041
          1966 1967 2043 2042 1967 1968 2044 2043 1968 1969 2045 2044
          1969 1970 2046 2045 1970 1971 2047 2046 1971 1972 2048 2047
          1972 1973 2049 2048 1973 1974 2050 2049 1974 1975 2051 2050
          1976 1977 2053 2052 1977 1978 2054 2053 1978 1979 2055 2054
          1979 1980 2056 2055 1980 1981 2057 2056 1981 1982 2058 2057
          1982 1983 2059 2058 1983 1984 2060 2059 1984 1985 2061 2060
          1985 1986 2062 2061 1986 1987 2063 2062 1987 1988 2064 2063
          1988 1989 2065 2064 1989 1990 2066 2065 1990 1991 2067 2066
          1991 1992 2068 2067 1992 1993 2069 2068 1993 1994 2070 2069
          1994 1995 2071 2070 1995 1996 2072 2071 1996 1997 2073 2072
          1997 1998 2074 2073 1998 1999 2075 2074 1999 2000 2076 2075
          2000 2001 2077 2076 2001 2002 2078 2077 2002 2003 2079 2078
          2003 2004 2080 2079 2004 2005 2081 2080 2005 2006 2082 2081
          2006 2007 2083 2082 2007 2008 2084 2083 2008 2009 2085 2084
          2009 2010 2086 2085 2010 2011 2087 2086 2011 2012 2088 2087
          2012 2013 2089 2088 2013 2014 2090 2089 2014 2015 2091 2090
          2015 2016 2092 2091 2016 2017 2093 2092 2017 2018 2094 2093
          2018 2019 2095 2094 2019 2020 2096 2095 2020 2021 2097 2096
          2021 2022 2098 2097 2022 2023 2099 2098 2023 2024 2100 2099
          2024 2025 2101 2100 2025 2026 2102 2101 2026 2027 2103 2102
          2027 2028 2104 2103 2028 2029 2105 2104 2029 2030 2106 2105
          2030 2031 2107 2106 2031 2032 2108 2107 2032 2033 2109 2108
          2033 2034 2110 2109 2034 2035 2111 2110 2035 2036 2112 2111
          2036 2037 2113 2112 2037 2038 2114 2113 2038 2039 2115 2114
          2039 2040 2116 2115 2040 2041 2117 2116 2041 2042 2118 2117
          2042 2043 2119 2118 2043 2044 2120 2119 2044 2045 2121 2120
          2045 2046 2122 2121 2046 2047 2123 2122 2047 2048 2124 2123
          2048 2049 2125 2124 2049 2050 2126 2125 2050 2051 2127 2126
          2052 2053 2129 2128 2053 2054 2130 2129 2054 2055 2131 2130
          2055 2056 2132 2131 2056 2057 2133 2132 2057 2058 2134 2133
          2058 2059 2135 2134 2059 2060 2136 2135 2060 2061 2137 2136
          2061 2062 2138 2137 2062 2063 2139 2138 2063 2064 2140 2139
          2064 2065 2141 2140 2065 2066 2142 2141 2066 2067 2143 2142
          2067 2068 2144 2143 2068 2069 2145 2144 2069 2070 2146 2145
          2070 2071 2147 2146 2071 2072 2148 2147 2072 2073 2149 2148
          2073 2074 2150 2149 2074 2075 2151 2150 2075 2076 2152 2151
          2076 2077 2153 2152 2077 2078 2154 2153 2078 2079 2155 2154
          2079 2080 2156 2155 2080 2081 2157 2156 2081 2082 2158 2157
          2082 2083 2159 2158 2083 2084 2160 2159 2084 2085 2161 2160
          2085 2086 2162 2161 2086 2087 2163 2162 2087 2088 2164 2163
          2088 2089 2165 2164 2089 2090 2166 2165 2090 2091 2167 2166
          2091 2092 2168 2167 2092 2093 2169 2168 2093 2094 2170 2169
          2094 2095 2171 2170 2095 2096 2172 2171 2096 2097 2173 2172
          2097 2098 2174 2173 2098 2099 2175 2174 2099 2100 2176 2175
          2100 2101 2177 2176 2101 2102 2178 2177 2102 2103 2179 2178
          2103 2104 2180 2179 2104 2105 2181 2180 2105 2106 2182 2181
          2106 2107 2183 2182 2107 2108 2184 2183 2108 2109 2185 2184
          2109 2110 2186 2185 2110 2111 2187 2186 2111 2112 2188 2187
          2112 2113 2189 2188 2113 2114 2190 2189 2114 2115 2191 2190
          2115 2116 2192 2191 2116 2117 2193 2192 2117 2118 2194 2193
          2118 2119 2195 2194 2119 2120 2196 2195 2120 2121 2197 2196
          2121 2122 2198 2197 2122 2123 2199 2198 2123 2124 2200 2199
          2124 2125 2201 2200 2125 2126 2202 2201 2126 2127 2203 2202
          2128 2129 2205 2204 2129 2130 2206 2205 2130 2131 2207 2206
          2131 2132 2208 2207 2132 2133 2209 2208 2133 2134 2210 2209
          2134 2135 2211 2210 2135 2136 2212 2211 2136 2137 2213 2212
          2137 2138 2214 2213 2138 2139 2215 2214 2139 2140 2216 2215
          2140 2141 2217 2216 2141 2142 2218 2217 2142 2143 2219 2218
          2143 2144 2220 2219 2144 2145 2221 2220 2145 2146 2222 2221
          2146 2147 2223 2222 2147 2148 2224 2223 2148 2149 2225 2224
          2149 2150 2226 2225 2150 2151 2227 2226 2151 2152 2228 2227
          2152 2153 2229 2228 2153 2154 2230 2229 2154 2155 2231 2230
          2155 2156 2232 2231 2156 2157 2233 2232 2157 2158 2234 2233
          2158 2159 2235 2234 2159 2160 2236 2235 2160 2161 2237 2236
          2161 2162 2238 2237 2162 2163 2239 2238 2163 2164 2240 2239
          2164 2165 2241 2240 2165 2166 2242 2241 2166 2167 2243 2242
          2167 2168 2244 2243 2168 2169 2245 2244 2169 2170 2246 2245
          2170 2171 2247 2246 2171 2172 2248 2247 2172 2173 2249 2248
          2173 2174 2250 2249 2174 2175 2251 2250 2175 2176 2252 2251
          2176 2177 2253 2252 2177 2178 2254 2253 2178 2179 2255 2254
          2179 2180 2256 2255 2180 2181 2257 2256 2181 2182 2258 2257
          2182 2183 2259 2258 2183 2184 2260 2259 2184 2185 2261 2260
          2185 2186 2262 2261 2186 2187 2263 2262 2187 2188 2264 2263
          2188 2189 2265 2264 2189 2190 2266 2265 2190 2191 2267 2266
          2191 2192 2268 2267 2192 2193 2269 2268 2193 2194 2270 2269
          2194 2195 2271 2270 2195 2196 2272 2271 2196 2197 2273 2272
          2197 2198 2274 2273 2198 2199 2275 2274 2199 2200 2276 2275
          2200 2201 2277 2276 2201 2202 2278 2277 2202 2203 2279 2278
          2204 2205 2281 2280 2205 2206 2282 2281 2206 2207 2283 2282
          2207 2208 2284 2283 2208 2209 2285 2284 2209 2210 2286 2285
          2210 2211 2287 2286 2211 2212 2288 2287 2212 2213 2289 2288
          2213 2214 2290 2289 2214 2215 2291 2290 2215 2216 2292 2291
          2216 2217 2293 2292 2217 2218 2294 2293 2218 2219 2295 2294
          2219 2220 2296 2295 2220 2221 2297 2296 2221 2222 2298 2297
          2222 2223 2299 2298 2223 2224 2300 2299 2224 2225 2301 2300
          2225 2226 2302 2301 2226 2227 2303 2302 2227 2228 2304 2303
          2228 2229 2305 2304 2229 2230 2306 2305 2230 2231 2307 2306
          2231 2232 2308 2307 2232 2233 2309 2308 2233 2234 2310 2309
          2234 2235 2311 2310 2235 2236 2312 2311 2236 2237 2313 2312
          2237 2238 2314 2313 2238 2239 2315 2314 2239 2240 2316 2315
          2240 2241 2317 2316 2241 2242 2318 2317 2242 2243 2319 2318
          2243 2244 2320 2319 2244 2245 2321 2320 2245 2246 2322 2321
          2246 2247 2323 2322 2247 2248 2324 2323 2248 2249 2325 2324
          2249 2250 2326 2325 2250 2251 2327 2326 2251 2252 2328 2327
          2252 2253 2329 2328 2253 2254 2330 2329 2254 2255 2331 2330
          2255 2256 2332 2331 2256 2257 2333 2332 2257 2258 2334 2333
          2258 2259 2335 2334 2259 2260 2336 2335 2260 2261 2337 2336
          2261 2262 2338 2337 2262 2263 2339 2338 2263 2264 2340 2339
          2264 2265 2341 2340 2265 2266 2342 2341 2266 2267 2343 2342
          2267 2268 2344 2343 2268 2269 2345 2344 2269 2270 2346 2345
          2270 2271 2347 2346 2271 2272 2348 2347 2272 2273 2349 2348
          2273 2274 2350 2349 2274 2275 2351 2350 2275 2276 2352 2351
          2276 2277 2353 2352 2277 2278 2354 2353 2278 2279 2355 2354
        </DataArray>
        <DataArray type="Int32" Name="offsets" NumberOfComponents="1" format="ascii">
          4 8 12 16 20 24 28 32 36 40 44 48
          52 56 60 64 68 72 76 80 84 88 92 96
          100 104 108 112 116 120 124 128 132 136 140 144
          148 152 156 160 164 168 172 176 180 184 188 192
          196 200 204 208 212 216 220 224 228 232 236 240
          244 248 252 256 260 264 268 272 276 280 284 288
          292 296 300 304 308 312 316 320 324 328 332 336
          340 344 348 352 356 360 364 368 372 376 380 384
          388 392 396 400 404 408 412 416 420 424 428 432
          436 440 444 448 452 456 460 464 468 472 476 480
          484 488 492 496 500 504 508 512 516 520 524 528
          532 536 540 544 548 552 556 560 564 568 572 576
          580 584 588 592 596 600 604 608 612 616 620 624
          628 632 636 640 644 648 652 656 660 664 668 672
          676 680 684 688 692 696 700 704 708 712 716 720
          724 728 732 736 740 744 748 752 756 760 764 768
          772 776 780 784 788 792 796 800 804 808 812 816
          820 824 828 832 836 840 844 848 852 856 860 864
          868 872 876 880 884 888 892 896 900 904 908 912
          916 920 924 928 932 936 940 944 948 952 956 960
          964 968 972 976 980 984 988 992 996 1000 1004 1008
          1012 1016 1020 1024 1028 1032 1036 1040 1044 1048 1052 1056
          1060 1064 1068 1072 1076 1080 1084 1088 1092 1096 1100 1104
          1108 1112 1116 1120 1124 1128 1132 1136 1140 1144 1148 1152
          1156 1160 1164 1168 1172 1176 1180 1184 1188 1192 1196 1200
          1204 1208 1212 1216 1220 1224 1228 1232 1236 1240 1244 1248
          1252 1256 1260 1264 1268 1272 1276 1280 1284 1288 1292 1296
          1300 1304 1308 1312 1316 1320 1324 1328 1332 1336 1340 1344
          1348 1352 1356 1360 1364 1368 1372 1376 1380 1384 1388 1392
          1396 1400 1404 1408 1412 1416 1420 1424 1428 1432 1436 1440
          1444 1448 1452 1456 1460 1464 1468 1472 1476 1480 1484 1488
          1492 1496 1500 1504 1508 1512 1516 1520 1524 1528 1532 1536
          1540 1544 1548 1552 1556 1560 1564 1568 1572 1576 1580 1584
          1588 1592 1596 1600 1604 1608 1612 1616 1620 1624 1628 1632
          1636 1640 1644 1648 1652 1656 1660 1664 1668 1672 1676 1680
          1684 1688 1692 1696 1700 1704 1708 1712 1716 1720 1724 1728
          1732 1736 1740 1744 1748 1752 1756 1760 1764 1768 1772 1776
          1780 1784 1788 1792 1796 1800 1804 1808 1812 1816 1820 1824
          1828 1832 1836 1840 1844 1848 1852 1856 1860 1864 1868 1872
          1876 1880 1884 1888 1892 1896 1900 1904 1908 1912 1916 1920
          1924 1928 1932 1936 1940 1944 1948 1952 1956 1960 1964 1968
          1972 1976 1980 1984 1988 1992 1996 2000 2004 2008 2012 2016
          2020 2024 2028 2032 2036 2040 2044 2048 2052 2056 2060 2064
          2068 2072 2076 2080 2084 2088 2092 2096 2100 2104 2108 2112
          2116 2120 2124 2128 2132 2136 2140 2144 2148 2152 2156 2160
          2164 2168 2172 2176 2180 2184 2188 2192 2196 2200 2204 2208
          2212 2216 2220 2224 2228 2232 2236 2240 2244 2248 2252 2256
          2260 2264 2268 2272 2276 2280 2284 2288 2292 2296 2300 2304
          2308 2312 2316 2320 2324 2328 2332 2336 2340 2344 2348 2352
          2356 2360 2364 2368 2372 2376 2380 2384 2388 2392 2396 2400
          2404 2408 2412 2416 2420 2424 2428 2432 2436 2440 2444 2448
          2452 2456 2460 2464 2468 2472 2476 2480 2484 2488 2492 2496
          2500 2504 2508 2512 2516 2520 2524 2528 2532 2536 2540 2544
          2548 2552 2556 2560 2564 2568 2572 2576 2580 2584 2588 2592
          2596 2600 2604 2608 2612 2616 2620 2624 2628 2632 2636 2640
          2644 2648 2652 2656 2660 2664 2668 2672 2676 2680 2684 2688
          2692 2696 2700 2704 2708 2712 2716 2720 2724 2728 2732 2736
          2740 2744 2748 2752 2756 2760 2764 2768 2772 2776 2780 2784
          2788 2792 2796 2800 2804 2808 2812 2816 2820 2824 2828 2832
          2836 2840 2844 2848 2852 2856 2860 2864 2868 2872 2876 2880
          2884 2888 2892 2896 2900 2904 2908 2912 2916 2920 2924 2928
          2932 2936 2940 2944 2948 2952 2956 2960 2964 2968 2972 2976
          2980 2984 2988 2992 2996 3000 3004 3008 3012 3016 3020 3024
          3028 3032 3036 3040 3044 3048 3052 3056 3060 3064 3068 3072
          3076 3080 3084 3088 3092 3096 3100 3104 3108 3112 3116 3120
          3124 3128 3132 3136 3140 3144 3148 3152 3156 3160 3164 3168
          3172 3176 3180 3184 3188 3192 3196 3200 3204 3208 3212 3216
          3220 3224 3228 3232 3236 3240 3244 3248 3252 3256 3260 3264
          3268 3272 3276 3280 3284 3288 3292 3296 3300 3304 3308 3312
          3316 3320 3324 3328 3332 3336 3340 3344 3348 3352 3356 3360
          3364 3368 3372 3376 3380 3384 3388 3392 3396 3400 3404 3408
          3412 3416 3420 3424 3428 3432 3436 3440 3444 3448 3452 3456
          3460 3464 3468 3472 3476 3480 3484 3488 3492 3496 3500 3504
          3508 3512 3516 3520 3524 3528 3532 3536 3540 3544 3548 3552
          3556 3560 3564 3568 3572 3576 3580 3584 3588 3592 3596 3600
          3604 3608 3612 3616 3620 3624 3628 3632 3636 3640 3644 3648
          3652 3656 3660 3664 3668 3672 3676 3680 3684 3688 3692 3696
          3700 3704 3708 3712 3716 3720 3724 3728 3732 3736 3740 3744
          3748 3752 3756 3760 3764 3768 3772 3776 3780 3784 3788 3792
          3796 3800 3804 3808 3812 3816 3820 3824 3828 3832 3836 3840
          3844 3848 3852 3856 3860 3864 3868 3872 3876 3880 3884 3888
          3892 3896 3900 3904 3908 3912 3916 3920 3924 3928 3932 3936
          3940 3944 3948 3952 3956 3960 3964 3968 3972 3976 3980 3984
          3988 3992 3996 4000 4004 4008 4012 4016 4020 4024 4028 4032
          4036 4040 4044 4048 4052 4056 4060 4064 4068 4072 4076 4080
          4084 4088 4092 4096 4100 4104 4108 4112 4116 4120 4124 4128
          4132 4136 4140 4144 4148 4152 4156 4160 4164 4168 4172 4176
          4180 4184 4188 4192 4196 4200 4204 4208 4212 4216 4220 4224
          4228 4232 4236 4240 4244 4248 4252 4256 4260 4264 4268 4272
          4276 4280 4284 4288 4292 4296 4300 4304 4308 4312 4316 4320
          4324 4328 4332 4336 4340 4344 4348 4352 4356 4360 4364 4368
          4372 4376 4380 4384 4388 4392 4396 4400 4404 4408 4412 4416
          4420 4424 4428 4432 4436 4440 4444 4448 4452 4456 4460 4464
          4468 4472 4476 4480 4484 4488 4492 4496 4500 4504 4508 4512
          4516 4520 4524 4528 4532 4536 4540 4544 4548 4552 4556 4560
          4564 4568 4572 4576 4580 4584 4588 4592 4596 4600 4604 4608
          4612 4616 4620 4624 4628 4632 4636 4640 4644 4648 4652 4656
          4660 4664 4668 4672 4676 4680 4684 4688 4692 4696 4700 4704
          4708 4712 4716 4720 4724 4728 4732 4736 4740 4744 4748 4752
          4756 4760 4764 4768 4772 4776 4780 4784 4788 4792 4796 4800
          4804 4808 4812 4816 4820 4824 4828 4832 4836 4840 4844 4848
          4852 4856 4860 4864 4868 4872 4876 4880 4884 4888 4892 4896
          4900 4904 4908 4912 4916 4920 4924 4928 4932 4936 4940 4944
          4948 4952 4956 4960 4964 4968 4972 4976 4980 4984 4988 4992
          4996 5000 5004 5008 5012 5016 5020 5024 5028 5032 5036 5040
          5044 5048 5052 5056 5060 5064 5068 5072 5076 5080 5084 5088
          5092 5096 5100 5104 5108 5112 5116 5120 5124 5128 5132 5136
          5140 5144 5148 5152 5156 5160 5164 5168 5172 5176 5180 5184
          5188 5192 5196 5200 5204 5208 5212 5216 5220 5224 5228 5232
          5236 5240 5244 5248 5252 5256 5260 5264 5268 5272 5276 5280
          5284 5288 5292 5296 5300 5304 5308 5312 5316 5320 5324 5328
          5332 5336 5340 5344 5348 5352 5356 5360 5364 5368 5372 5376
          5380 5384 5388 5392 5396 5400 5404 5408 5412 5416 5420 5424
          5428 5432 5436 5440 5444 5448 5452 5456 5460 5464 5468 5472
          5476 5480 5484 5488 5492 5496 5500 5504 5508 5512 5516 5520
          5524 5528 5532 5536 5540 5544 5548 5552 5556 5560 5564 5568
          5572 5576 5580 5584 5588 5592 5596 5600 5604 5608 5612 5616
          5620 5624 5628 5632 5636 5640 5644 5648 5652 5656 5660 5664
          5668 5672 5676 5680 5684 5688 5692 5696 5700 5704 5708 5712
          5716 5720 5724 5728 5732 5736 5740 5744 5748 5752 5756 5760
          5764 5768 5772 5776 5780 5784 5788 5792 5796 5800 5804 5808
          5812 5816 5820 5824 5828 5832 5836 5840 5844 5848 5852 5856
          5860 5864 5868 5872 5876 5880 5884 5888 5892 5896 5900 5904
          5908 5912 5916 5920 5924 5928 5932 5936 5940 5944 5948 5952
          5956 5960 5964 5968 5972 5976 5980 5984 5988 5992 5996 6000
          6004 6008 6012 6016 6020 6024 6028 6032 6036 6040 6044 6048
          6052 6056 6060 6064 6068 6072 6076 6080 6084 6088 6092 6096
          6100 6104 6108 6112 6116 6120 6124 6128 6132 6136 6140 6144
          6148 6152 6156 6160 6164 6168 6172 6176 6180 6184 6188 6192
          6196 6200 6204 6208 6212 6216 6220 6224 6228 6232 6236 6240
          6244 6248 6252 6256 6260 6264 6268 6272 6276 6280 6284 6288
          6292 6296 6300 6304 6308 6312 6316 6320 6324 6328 6332 6336
          6340 6344 6348 6352 6356 6360 6364 6368 6372 6376 6380 6384
          6388 6392 6396 6400 6404 6408 6412 6416 6420 6424 6428 6432
          6436 6440 6444 6448 6452 6456 6460 6464 6468 6472 6476 6480
          6484 6488 6492 6496 6500 6504 6508 6512 6516 6520 6524 6528
          6532 6536 6540 6544 6548 6552 6556 6560 6564 6568 6572 6576
          6580 6584 6588 6592 6596 6600 6604 6608 6612 6616 6620 6624
          6628 6632 6636 6640 6644 6648 6652 6656 6660 6664 6668 6672
          6676 6680 6684 6688 6692 6696 6700 6704 6708 6712 6716 6720
          6724 6728 6732 6736 6740 6744 6748 6752 6756 6760 6764 6768
          6772 6776 6780 6784 6788 6792 6796 6800 6804 6808 6812 6816
          6820 6824 6828 6832 6836 6840 6844 6848 6852 6856 6860 6864
          6868 6872 6876 6880 6884 6888 6892 6896 6900 6904 6908 6912
          6916 6920 6924 6928 6932 6936 6940 6944 6948 6952 6956 6960
          6964 6968 6972 6976 6980 6984 6988 6992 6996 7000 7004 7008
          7012 7016 7020 7024 7028 7032 7036 7040 7044 7048 7052 7056
          7060 7064 7068 7072 7076 7080 7084 7088 7092 7096 7100 7104
          7108 7112 7116 7120 7124 7128 7132 7136 7140 7144 7148 7152
          7156 7160 7164 7168 7172 7176 7180 7184 7188 7192 7196 7200
          7204 7208 7212 7216 7220 7224 7228 7232 7236 7240 7244 7248
          7252 7256 7260 7264 7268 7272 7276 7280 7284 7288 7292 7296
          7300 7304 7308 7312 7316 7320 7324 7328 7332 7336 7340 7344
          7348 7352 7356 7360 7364 7368 7372 7376 7380 7384 7388 7392
          7396 7400 7404 7408 7412 7416 7420 7424 7428 7432 7436 7440
          7444 7448 7452 7456 7460 7464 7468 7472 7476 7480 7484 7488
          7492 7496 7500 7504 7508 7512 7516 7520 7524 7528 7532 7536
          7540 7544 7548 7552 7556 7560 7564 7568 7572 7576 7580 7584
          7588 7592 7596 7600 7604 7608 7612 7616 7620 7624 7628 7632
          7636 7640 7644 7648 7652 7656 7660 7664 7668 7672 7676 7680
          7684 7688 7692 7696 7700 7704 7708 7712 7716 7720 7724 7728
          7732 7736 7740 7744 7748 7752 7756 7760 7764 7768 7772 7776
          7780 7784 7788 7792 7796 7800 7804 7808 7812 7816 7820 7824
          7828 7832 7836 7840 7844 7848 7852 7856 7860 7864 7868 7872
          7876 7880 7884 7888 7892 7896 7900 7904 7908 7912 7916 7920
          7924 7928 7932 7936 7940 7944 7948 7952 7956 7960 7964 7968
          7972 7976 7980 7984 7988 7992 7996 8000 8004 8008 8012 8016
          8020 8024 8028 8032 8036 8040 8044 8048 8052 8056 8060 8064
          8068 8072 8076 8080 8084 8088 8092 8096 8100 8104 8108 8112
          8116 8120 8124 8128 8132 8136 8140 8144 8148 8152 8156 8160
          8164 8168 8172 8176 8180 8184 8188 8192 8196 8200 8204 8208
          8212 8216 8220 8224 8228 8232 8236 8240 8244 8248 8252 8256
          8260 8264 8268 8272 8276 8280 8284 8288 8292 8296 8300 8304
          8308 8312 8316 8320 8324 8328 8332 8336 8340 8344 8348 8352
          8356 8360 8364 8368 8372 8376 8380 8384 8388 8392 8396 8400
          8404 8408 8412 8416 8420 8424 8428 8432 8436 8440 8444 8448
          8452 8456 8460 8464 8468 8472 8476 8480 8484 8488 8492 8496
          8500 8504 8508 8512 8516 8520 8524 8528 8532 8536 8540 8544
          8548 8552 8556 8560 8564 8568 8572 8576 8580 8584 8588 8592
          8596 8600 8604 8608 8612 8616 8620 8624 8628 8632 8636 8640
          8644 8648 8652 8656 8660 8664 8668 8672 8676 8680 8684 8688
          8692 8696 8700 8704 8708 8712 8716 8720 8724 8728 8732 8736
          8740 8744 8748 8752 8756 8760 8764 8768 8772 8776 8780 8784
          8788 8792 8796 8800 8804 8808 8812 8816 8820 8824 8828 8832
          8836 8840 8844 8848 8852 8856 8860 8864 8868 8872 8876 8880
          8884 8888 8892 8896 8900 8904 8908 8912 8916 8920 8924 8928
          8932 8936 8940 8944 8948 8952 8956 8960 8964 8968 8972 8976
          8980 8984 8988 8992 8996 9000
        </DataArray>
        <DataArray type="UInt8" Name="types" NumberOfComponents="1" format="ascii">
          9 9 9 9 9 9 9 9 9 9 9 9
          9 9 9 9 9 9 9 9 9 9 9 9
          9 9 9 9 9 9 9 9 9 9 9 9
          9 9 9 9 9 9 9 9 9 9 9 9
          9 9 9 9 9 9 9 9 9 9 9 9
          9 9 9 9 9 9 9 9 9 9 9 9
          9 9 9 9 9 9 9 9 9 9 9 9
          9 9 9 9 9 9 9 9 9 9 9 9
          9 9 9 9 9 9 9 9 9 9 9 9
          9 9 9 9 9 9 9 9 9 9 9 9
          9 9 9 9 9 9 9 9 9 9 9 9
          9 9 9 9 9 9 9 9 9 9 9 9
          9 9 9 9 9 9 9 9 9 9 9 9
          9 9 9 9 9 9 9 9 9 9 9 9
          9 9 9 9 9 9 9 9 9 9 9 9
          9 9 9 9 9 9 9 9 9 9 9 9
          9 9 9 9 9 9 9 9 9 9 9 9
          9 9 9 9 9 9 9 9 9 9 9 9
          9 9 9 9 9 9 9 9 9 9 9 9
          9 9 9 9 9 9 9 9 9 9 9 9
          9 9 9 9 9 9 9 9 9 9 9 9
          9 9 9 9 9 9 9 9 9 9 9 9
          9 9 9 9 9 9 9 9 9 9 9 9
          9 9 9 9 9 9 9 9 9 9 9 9
          9 9 9 9 9 9 9 9 9 9 9 9
          9 9 9 9 9 9 9 9 9 9 9 9
          9 9 9 9 9 9 9 9 9 9 9 9
          9 9 9 9 9 9 9 9 9 9 9 9
          9 9 9 9 9 9 9 9 9 9 9 9
          9 9 9 9 9 9 9 9 9 9 9 9
          9 9 9 9 9 9 9 9 9 9 9 9
          9 9 9 9 9 9 9 9 9 9 9 9
          9 9 9 9 9 9 9 9 9 9 9 9
          9 9 9 9 9 9 9 9 9 9 9 9
          9 9 9 9 9 9 9 9 9 9 9 9
          9 9 9 9 9 9 9 9 9 9 9 9
          9 9 9 9 9 9 9 9 9 9 9 9
          9 9 9 9 9 9 9 9 9 9 9 9
          9 9 9 9 9 9 9 9 9 9 9 9
          9 9 9 9 9 9 9 9 9 9 9 9
          9 9 9 9 9 9 9 9 9 9 9 9
          9 9 9 9 9 9 9 9 9 9 9 9
          9 9 9 9 9 9 9 9 9 9 9 9
          9 9 9 9 9 9 9 9 9 9 9 9
          9 9 9 9 9 9 9 9 9 9 9 9
          9 9 9 9 9 9 9 9 9 9 9 9
          9 9 9 9 9 9 9 9 9 9 9 9
          9 9 9 9 9 9 9 9 9 9 9 9
          9 9 9 9 9 9 9 9 9 9 9 9
          9 9 9 9 9 9 9 9 9 9 9 9
          9 9 9 9 9 9 9 9 9 9 9 9
          9 9 9 9 9 9 9 9 9 9 9 9
          9 9 9 9 9 9 9 9 9 9 9 9
          9 9 9 9 9 9 9 9 9 9 9 9
          9 9 9 9 9 9 9 9 9 9 9 9
          9 9 9 9 9 9 9 9 9 9 9 9
          9 9 9 9 9 9 9 9 9 9 9 9
          9 9 9 9 9 9 9 9 9 9 9 9
          9 9 9 9 9 9 9 9 9 9 9 9
          9 9 9 9 9 9 9 9 9 9 9 9
          9 9 9 9 9 9 9 9 9 9 9 9
          9 9 9 9 9 9 9 9 9 9 9 9
          9 9 9 9 9 9 9 9 9 9 9 9
          9 9 9 9 9 9 9 9 9 9 9 9
          9 9 9 9 9 9 9 9 9 9 9 9
          9 9 9 9 9 9 9 9 9 9 9 9
          9 9 9 9 9 9 9 9 9 9 9 9
          9 9 9 9 9 9 9 9 9 9 9 9
          9 9 9 9 9 9 9 9 9 9 9 9
          9 9 9 9 9 9 9 9 9 9 9 9
          9 9 9 9 9 9 9 9 9 9 9 9
          9 9 9 9 9 9 9 9 9 9 9 9
          9 9 9 9 9 9 9 9 9 9 9 9
          9 9 9 9 9 9 9 9 9 9 9 9
          9 9 9 9 9 9 9 9 9 9 9 9
          9 9 9 9 9 9 9 9 9 9 9 9
          9 9 9 9 9 9 9 9 9 9 9 9
          9 9 9 9 9 9 9 9 9 9 9 9
          9 9 9 9 9 9 9 9 9 9 9 9
          9 9 9 9 9 9 9 9 9 9 9 9
          9 9 9 9 9 9 9 9 9 9 9 9
          9 9 9 9 9 9 9 9 9 9 9 9
          9 9 9 9 9 9 9 9 9 9 9 9
          9 9 9 9 9 9 9 9 9 9 9 9
          9 9 9 9 9 9 9 9 9 9 9 9
          9 9 9 9 9 9 9 9 9 9 9 9
          9 9 9 9 9 9 9 9 9 9 9 9
          9 9 9 9 9 9 9 9 9 9 9 9
          9 9 9 9 9 9 9 9 9 9 9 9
          9 9 9 9 9 9 9 9 9 9 9 9
          9 9 9 9 9 9 9 9 9 9 9 9
          9 9 9 9 9 9 9 9 9 9 9 9
          9 9 9 9 9 9 9 9 9 9 9 9
          9 9 9 9 9 9 9 9 9 9 9 9
          9 9 9 9 9 9 9 9 9 9 9 9
          9 9 9 9 9 9 9 9 9 9 9 9
          9 9 9 9 9 9 9 9 9 9 9 9
          9 9 9 9 9 9 9 9 9 9 9 9
          9 9 9 9 9 9 9 9 9 9 9 9
          9 9 9 9 9 9 9 9 9 9 9 9
          9 9 9 9 9 9 9 9 9 9 9 9
          9 9 9 9 9 9 9 9 9 9 9 9
          9 9 9 9 9 9 9 9 9 9 9 9
          9 9 9 9 9 9 9 9 9 9 9 9
          9 9 9 9 9 9 9 9 9 9 9 9
          9 9 9 9 9 9 9 9 9 9 9 9
          9 9 9 9 9 9 9 9 9 9 9 9
          9 9 9 9 9 9 9 9 9 9 9 9
          9 9 9 9 9 9 9 9 9 9 9 9
          9 9 9 9 9 9 9 9 9 9 9 9
          9 9 9 9 9 9 9 9 9 9 9 9
          9 9 9 9 9 9 9 9 9 9 9 9
          9 9 9 9 9 9 9 9 9 9 9 9
          9 9 9 9 9 9 9 9 9 9 9 9
          9 9 9 9 9 9 9 9 9 9 9 9
          9 9 9 9 9 9 9 9 9 9 9 9
          9 9 9 9 9 9 9 9 9 9 9 9
          9 9 9 9 9 9 9 9 9 9 9 9
          9 9 9 9 9 9 9 9 9 9 9 9
          9 9 9 9 9 9 9 9 9 9 9 9
          9 9 9 9 9 9 9 9 9 9 9 9
          9 9 9 9 9 9 9 9 9 9 9 9
          9 9 9 9 9 9 9 9 9 9 9 9
          9 9 9 9 9 9 9 9 9 9 9 9
          9 9 9 9 9 9 9 9 9 9 9 9
          9 9 9 9 9 9 9 9 9 9 9 9
          9 9 9 9 9 9 9 9 9 9 9 9
          9 9 9 9 9 9 9 9 9 9 9 9
          9 9 9 9 9 9 9 9 9 9 9 9
          9 9 9 9 9 9 9 9 9 9 9 9
          9 9 9 9 9 9 9 9 9 9 9 9
          9 9 9 9 9 9 9 9 9 9 9 9
          9 9 9 9 9 9 9 9 9 9 9 9
          9 9 9 9 9 9 9 9 9 9 9 9
          9 9 9 9 9 9 9 9 9 9 9 9
          9 9 9 9 9 9 9 9 9 9 9 9
          9 9 9 9 9 9 9 9 9 9 9 9
          9 9 9 9 9 9 9 9 9 9 9 9
          9 9 9 9 9 9 9 9 9 9 9 9
          9 9 9 9 9 9 9 9 9 9 9 9
          9 9 9 9 9 9 9 9 9 9 9 9
          9 9 9 9 9 9 9 9 9 9 9 9
          9 9 9 9 9 9 9 9 9 9 9 9
          9 9 9 9 9 9 9 9 9 9 9 9
          9 9 9 9 9 9 9 9 9 9 9 9
          9 9 9 9 9 9 9 9 9 9 9 9
          9 9 9 9 9 9 9 9 9 9 9 9
          9 9 9 9 9 9 9 9 9 9 9 9
          9 9 9 9 9 9 9 9 9 9 9 9
          9 9 9 9 9 9 9 9 9 9 9 9
          9 9 9 9 9 9 9 9 9 9 9 9
          9 9 9 9 9 9 9 9 9 9 9 9
          9 9 9 9 9 9 9 9 9 9 9 9
          9 9 9 9 9 9 9 9 9 9 9 9
          9 9 9 9 9 9 9 9 9 9 9 9
          9 9 9 9 9 9 9 9 9 9 9 9
          9 9 9 9 9 9 9 9 9 9 9 9
          9 9 9 9 9 9 9 9 9 9 9 9
          9 9 9 9 9 9 9 9 9 9 9 9
          9 9 9 9 9 9 9 9 9 9 9 9
          9 9 9 9 9 9 9 9 9 9 9 9
          9 9 9 9 9 9 9 9 9 9 9 9
          9 9 9 9 9 9 9 9 9 9 9 9
          9 9 9 9 9 9 9 9 9 9 9 9
          9 9 9 9 9 9 9 9 9 9 9 9
          9 9 9 9 9 9 9 9 9 9 9 9
          9 9 9 9 9 9 9 9 9 9 9 9
          9 9 9 9 9 9 9 9 9 9 9 9
          9 9 9 9 9 9 9 9 9 9 9 9
          9 9 9 9 9 9 9 9 9 9 9 9
          9 9 9 9 9 9 9 9 9 9 9 9
          9 9 9 9 9 9 9 9 9 9 9 9
          9 9 9 9 9 9 9 9 9 9 9 9
          9 9 9 9 9 9 9 9 9 9 9 9
          9 9 9 9 9 9 9 9 9 9 9 9
          9 9 9 9 9 9 9 9 9 9 9 9
          9 9 9 9 9 9 9 9 9 9 9 9
          9 9 9 9 9 9 9 9 9 9 9 9
          9 9 9 9 9 9 9 9 9 9 9 9
          9 9 9 9 9 9 9 9 9 9 9 9
          9 9 9 9 9 9 9 9 9 9 9 9
          9 9 9 9 9 9 9 9 9 9 9 9
          9 9 9 9 9 9 9 9 9 9 9 9
          9 9 9 9 9 9 9 9 9 9 9 9
          9 9 9 9 9 9 9 9 9 9 9 9
          9 9 9 9 9 9 9 9 9 9 9 9
          9 9 9 9 9 9 9 9 9 9 9 9
          9 9 9 9 9 9
        </DataArray>
      </Cells>
    </Piece>
  </UnstructuredGrid>
</VTKFile>
