<?xml version="1.0"?>
<VTKFile type="UnstructuredGrid" version="0.1" byte_order="LittleEndian">
  <UnstructuredGrid>
    <Piece NumberOfCells="2250" NumberOfPoints="2356">
      <PointData Scalars="S_liq" Vectors="velocity_liq (m/s)">
        <DataArray type="Float32" Name="S_liq" NumberOfComponents="1" format="ascii">
          1 1 1 1 1 1 1 1 1 1 1 1
          1 1 1 1 1 1 1 1 1 1 1 1
          1 1 1 1 1 1 1 1 1 1 1 1
          1 1 1 1 1 1 1 1 1 1 1 1
          1 1 1 1 1 1 1 1 1 1 1 1
          1 1 1 1 1 1 1 1 1 1 1 1
          1 1 1 1 1 1 1 1 1 1 1 1
          1 1 1 1 1 1 1 1 1 1 1 1
          1 1 1 1 1 1 1 1 1 1 1 1
          1 1 1 1 1 1 1 1 1 1 1 1
          1 1 1 1 1 1 1 1 1 1 1 1
          1 1 1 1 1 1 1 1 1 1 1 1
          1 1 1 1 1 1 1 1 1 1 1 1
          1 1 1 1 1 1 1 1 1 1 1 1
          1 1 1 1 1 1 1 1 1 1 1 1
          1 1 1 1 1 1 1 1 1 1 1 1
          1 1 1 1 1 1 1 1 1 1 1 1
          1 1 1 1 1 1 1 1 1 1 1 1
          1 1 1 1 1 1 1 1 1 1 1 1
          1 1 1 1 1 1 1 1 1 1 1 1
          1 1 1 1 1 1 1 1 1 1 1 1
          1 1 1 1 1 1 1 1 1 1 1 1
          1 1 1 1 1 1 1 1 1 1 1 1
          1 1 1 1 1 1 1 1 1 1 1 1
          1 1 1 1 1 1 1 1 1 1 1 1
          1 1 1 1 1 1 1 1 1 1 1 1
          1 1 1 1 1 1 1 1 1 1 1 1
          1 1 1 1 1 1 1 1 1 1 1 1
          1 1 1 1 1 1 1 1 1 1 1 1
          1 1 1 1 1 1 1 1 1 1 1 1
          1 1 1 1 1 1 1 1 1 1 1 1
          1 1 1 1 1 1 1 1 1 1 1 1
          1 1 1 1 1 1 1 1 1 1 1 1
          1 1 1 1 1 1 1 1 1 1 1 1
          1 1 1 1 1 1 1 1 1 1 1 1
          1 1 1 1 1 1 1 1 1 1 1 1
          1 1 1 1 1 1 1 1 1 1 1 1
          1 1 1 1 1 1 1 1 1 1 1 1
          1 1 1 1 1 1 1 1 1 1 1 1
          1 1 1 1 1 1 1 1 1 1 1 1
          1 1 1 1 1 1 1 1 1 1 1 1
          1 1 1 1 1 1 1 1 1 1 1 1
          1 1 1 1 1 1 1 1 1 1 1 1
          1 1 1 1 1 1 1 1 1 1 1 1
          1 1 1 1 1 1 1 1 1 1 1 1
          1 1 1 1 1 1 1 1 1 1 1 1
          1 1 1 1 1 1 1 1 1 1 1 1
          1 1 1 1 1 1 1 1 1 1 1 1
          1 1 1 1 1 1 1 1 1 1 1 1
          1 1 1 1 1 1 1 1 1 1 1 1
          1 1 1 1 1 1 1 1 1 1 1 1
          1 1 1 1 1 1 1 1 1 1 1 1
          1 1 1 1 1 1 1 1 1 1 1 1
          1 1 1 1 1 1 1 1 1 1 1 1
          1 1 1 1 1 1 1 1 1 1 1 1
          1 1 1 1 1 1 1 1 1 1 1 1
          1 1 1 1 1 1 1 1 1 1 1 1
          1 1 1 1 1 1 1 1 1 1 1 1
          1 1 1 1 1 1 1 1 1 1 1 1
          1 1 1 1 1 1 1 1 1 1 1 1
          1 1 1 1 1 1 1 1 1 1 1 1
          1 1 1 1 1 1 1 1 1 1 1 1
          1 1 1 1 1 1 1 1 1 1 1 1
          1 1 1 1 1 1 1 1 1 1 1 1
          1 1 1 1 1 1 1 1 1 1 1 1
          1 1 1 1 1 1 1 1 1 1 1 1
          1 1 1 1 1 1 1 1 1 1 1 1
          1 1 1 1 1 1 1 1 1 1 1 1
          1 1 1 1 1 1 1 1 1 1 1 1
          1 1 1 1 1 1 1 1 1 1 1 1
          1 1 1 1 1 1 1 1 1 1 1 1
          1 1 1 1 1 1 1 1 1 1 1 1
          1 1 1 1 1 1 1 1 1 1 1 1
          1 1 1 1 1 1 1 1 1 1 1 1
          1 1 1 1 1 1 1 1 1 1 1 1
          1 1 1 1 1 1 1 1 1 1 1 1
          1 1 1 1 1 1 1 1 1 1 1 1
          1 1 1 1 1 1 1 1 1 1 1 1
          1 1 1 1 1 1 1 1 1 1 1 1
          1 1 1 1 1 1 1 1 1 1 1 1
          1 1 1 1 1 1 1 1 1 1 1 1
          1 1 1 1 1 1 1 1 1 1 1 1
          1 1 1 1 1 1 1 1 1 1 1 1
          1 1 1 1 1 1 1 1 1 1 1 1
          1 1 1 1 1 1 1 1 1 1 1 1
          1 1 1 1 1 1 1 1 1 1 1 1
          1 1 1 1 1 1 1 1 1 1 1 1
          1 1 1 1 1 1 1 1 1 1 1 1
          1 1 1 1 1 1 1 1 1 1 1 1
          1 1 1 1 1 1 1 1 1 1 1 1
          1 1 1 1 1 1 1 1 1 1 1 1
          1 1 1 1 1 1 1 1 1 1 1 1
          1 1 1 1 1 1 1 1 1 1 1 1
          1 1 1 1 1 1 1 1 1 1 1 1
          1 1 1 1 1 1 1 1 1 1 1 1
          1 1 1 1 1 1 1 1 1 1 1 1
          1 1 1 1 1 1 1 1 1 1 1 1
          1 1 1 1 1 1 1 1 1 1 1 1
          1 1 1 1 1 1 1 1 1 1 1 1
          1 1 1 1 1 1 1 1 1 1 1 1
          1 1 1 1 1 1 1 1 1 1 1 1
          1 1 1 1 0.993142 1 1 1 1 1 1 1
          1 1 1 1 1 1 1 1 1 1 1 1
          1 1 1 1 1 1 1 1 1 1 1 1
          1 1 1 1 1 1 1 1 1 1 1 1
          1 1 1 1 1 1 1 1 1 1 1 1
          1 1 1 1 1 1 1 1 1 1 1 1
          1 1 1 1 1 1 1 1 0.853367 0.878335 0.921328 0.987102
          1 1 1 1 1 1 1 1 1 1 1 1
          1 1 1 1 1 1 1 1 1 1 1 1
          1 1 1 1 1 1 1 1 1 1 1 1
          1 1 1 1 1 1 1 1 1 1 1 1
          1 1 1 1 1 1 1 1 1 1 1 1
          1 1 1 1 1 1 1 1 1 1 1 1
          0.809787 0.818628 0.830686 0.846267 0.868992 0.90715 0.976282 1 1 1 1 1
          1 1 1 1 1 1 1 1 1 1 1 1
          1 1 1 1 1 1 1 1 1 1 1 1
          1 1 1 1 1 1 1 1 1 1 1 1
          1 1 1 1 1 1 1 1 1 1 1 1
          1 1 1 1 1 1 1 1 1 1 1 1
          1 1 1 1 0.792904 0.796058 0.800152 0.805653 0.813184 0.823361 0.836486 0.85605
          0.887582 0.951366 0.998318 1 1 1 1 1 1 1 1 1
          1 1 1 1 1 1 1 1 1 1 1 1
          1 1 1 1 1 1 1 1 1 1 1 1
          1 1 1 1 1 1 1 1 1 1 1 1
          1 1 1 1 1 1 1 1 1 1 1 1
          1 1 1 1 1 1 1 1 0.783145 0.784665 0.786435 0.788568
          0.791219 0.794618 0.799125 0.805156 0.813112 0.823175 0.838212 0.861943 0.904963 0.978605 1 1
          1 1 1 1 1 1 1 1 1 1 1 1
          1 1 1 1 1 1 1 1 1 1 1 1
          1 1 1 1 1 1 1 1 1 1 1 1
          1 1 1 1 1 1 1 1 1 1 1 1
          1 1 1 1 1 1 1 1 1 1 1 1
          0.774309 0.775277 0.776311 0.777447 0.778729 0.780218 0.781991 0.784152 0.786858 0.790353 0.794866 0.80057
          0.807486 0.816857 0.832715 0.857267 0.901267 0.975197 1 1 1 1 1 1
          1 1 1 1 1 1 1 1 1 1 1 1
          1 1 1 1 1 1 1 1 1 1 1 1
          1 1 1 1 1 1 1 1 1 1 1 1
          1 1 1 1 1 1 1 1 1 1 1 1
          1 1 1 1 0.764741 0.765478 0.766238 0.767032 0.767876 0.768792 0.769804 0.770944
          0.772251 0.77377 0.775559 0.777708 0.780361 0.783656 0.7876 0.792165 0.797341 0.80486 0.817936 0.837028
          0.864835 0.911883 0.975942 0.999582 1 1 1 1 1 1 1 1
          1 1 1 1 1 1 1 1 1 1 1 1
          1 1 1 1 1 1 1 1 1 1 1 1
          1 1 1 1 1 1 1 1 1 1 1 1
          1 1 1 1 1 1 1 1 0.754012 0.754645 0.755294 0.755965
          0.756667 0.757408 0.758198 0.759049 0.759977 0.760996 0.762128 0.763396 0.764824 0.766444 0.768304 0.770486
          0.773105 0.776238 0.779868 0.784004 0.788662 0.794294 0.802515 0.814803 0.832468 0.856917 0.893558 0.947843
          0.990327 1 1 1 1 1 1 1 1 1 1 1
          1 1 1 1 1 1 1 1 1 1 1 1
          1 1 1 1 1 1 1 1 1 1 1 1
          1 1 1 1 1 1 1 1 1 1 1 1
          0.741966 0.742565 0.743184 0.743826 0.744497 0.7452 0.745941 0.746726 0.747561 0.748454 0.749411 0.750441
          0.751554 0.752761 0.754077 0.755514 0.757086 0.75881 0.760715 0.762845 0.765272 0.768075 0.771296 0.774941
          0.779023 0.783612 0.789082 0.796345 0.806145 0.819833 0.838618 0.863966 0.89966 0.947998 0.986066 0.999291
          1 1 1 1 1 1 1 1 1 1 1 1
          1 1 1 1 1 1 1 1 1 1 1 1
          1 1 1 1 1 1 1 1 1 1 1 1
          1 1 1 1 0.728383 0.728991 0.729621 0.730277 0.730962 0.731677 0.732425 0.73321
          0.734035 0.734901 0.735813 0.736774 0.737787 0.738856 0.739985 0.741179 0.742443 0.743784 0.745211 0.746735
          0.748367 0.750118 0.752003 0.754044 0.756276 0.758748 0.761519 0.764642 0.768143 0.772035 0.776349 0.781244
          0.787187 0.794635 0.804131 0.816697 0.833707 0.855828 0.88494 0.924267 0.966562 0.991721 0.999917 1
          1 1 1 1 1 1 1 1 1 1 1 1
          1 1 1 1 1 1 1 1 1 1 1 1
          1 1 1 1 1 1 1 1 0.712783 0.713417 0.714075 0.714758
          0.715468 0.716206 0.716973 0.717771 0.718601 0.719465 0.720364 0.721299 0.722272 0.723284 0.724338 0.725434
          0.726577 0.727768 0.729011 0.730309 0.731667 0.73309 0.734584 0.736156 0.737815 0.739571 0.741434 0.743415
          0.745527 0.747792 0.750241 0.752914 0.755859 0.759126 0.762744 0.766727 0.771096 0.775981 0.781692 0.788524
          0.796879 0.807327 0.820852 0.838514 0.860737 0.8892 0.926092 0.964466 0.989187 0.99931 1 1
          1 1 1 1 1 1 1 1 1 1 1 1
          1 1 1 1 1 1 1 1 1 1 1 1
          0.694201 0.694859 0.69554 0.696244 0.696973 0.697725 0.698504 0.699308 0.700139 0.700998 0.701885 0.702801
          0.703747 0.704724 0.705734 0.706777 0.707854 0.708969 0.710121 0.711313 0.712547 0.713826 0.715153 0.71653
          0.717962 0.719451 0.721003 0.722622 0.724314 0.726087 0.727948 0.729906 0.73197 0.734149 0.736456 0.738907
          0.741525 0.744341 0.747396 0.750722 0.754347 0.758309 0.762641 0.767376 0.772671 0.778758 0.785892 0.794452
          0.804921 0.818063 0.834885 0.855651 0.88157 0.914589 0.952111 0.981342 0.996596 1 1 1
          1 1 1 1 1 1 1 1 1 1 1 1
          1 1 1 1 0.670674 0.671343 0.672031 0.67274 0.67347 0.674221 0.674993 0.675789
          0.676606 0.677448 0.678313 0.679203 0.680119 0.68106 0.682029 0.683026 0.684051 0.685107 0.686194 0.687314
          0.688467 0.689656 0.690883 0.692148 0.693454 0.694804 0.6962 0.697644 0.699139 0.700688 0.702296 0.703966
          0.705702 0.707509 0.709393 0.71136 0.713417 0.715573 0.717838 0.72022 0.722729 0.725378 0.728182 0.731165
          0.734355 0.737781 0.741472 0.745457 0.749769 0.75445 0.759561 0.765217 0.771599 0.778952 0.787606 0.797971
          0.810605 0.826455 0.846014 0.86994 0.900063 0.937107 0.972005 0.99311 0.999999 1 1 1
          1 1 1 1 1 1 1 1 0.637456 0.638109 0.638779 0.639467
          0.640172 0.640896 0.641639 0.642401 0.643183 0.643985 0.644808 0.645653 0.646519 0.647408 0.648321 0.649258
          0.65022 0.651208 0.652223 0.653266 0.654338 0.65544 0.656573 0.657739 0.65894 0.660176 0.661449 0.662762
          0.664116 0.665513 0.666955 0.668446 0.669987 0.671581 0.673232 0.674943 0.676718 0.678561 0.680477 0.682471
          0.684547 0.686713 0.688975 0.691342 0.693824 0.696431 0.699174 0.702065 0.705116 0.708346 0.711774 0.715431
          0.719345 0.723553 0.728092 0.732997 0.738314 0.744116 0.750505 0.757647 0.765789 0.775269 0.786513 0.800036
          0.816734 0.837619 0.863382 0.895894 0.937073 0.977148 0.997806 1 1 1 1 1
          0.57478 0.575361 0.575956 0.576564 0.577188 0.577827 0.578481 0.57915 0.579836 0.580539 0.581258 0.581995
          0.58275 0.583524 0.584318 0.585131 0.585965 0.58682 0.587698 0.588598 0.589522 0.590471 0.591445 0.592446
          0.593474 0.594531 0.595619 0.596738 0.59789 0.599076 0.600298 0.601557 0.602857 0.604198 0.605582 0.607013
          0.608493 0.610024 0.61161 0.613254 0.614959 0.61673 0.618571 0.620487 0.622483 0.624565 0.62674 0.629015
          0.631398 0.633898 0.636527 0.639297 0.642222 0.645317 0.648601 0.652094 0.655821 0.65981 0.664101 0.668742
          0.673782 0.679288 0.685338 0.692038 0.69951 0.707918 0.717607 0.729049 0.742905 0.760331 0.783501 0.816644
          0.866769 0.946988 0.997908 1
        </DataArray>
        <DataArray type="Float32" Name="p_liq" NumberOfComponents="1" format="ascii">
          1.82933e+07 1.82919e+07 1.82737e+07 1.82723e+07 1.82904e+07 1.82709e+07 1.8289e+07 1.82694e+07 1.82875e+07 1.82679e+07 1.8286e+07 1.82664e+07
          1.82845e+07 1.82649e+07 1.82829e+07 1.82634e+07 1.82814e+07 1.82619e+07 1.82798e+07 1.82603e+07 1.82783e+07 1.82587e+07 1.82767e+07 1.82571e+07
          1.82751e+07 1.82555e+07 1.82734e+07 1.82539e+07 1.82718e+07 1.82523e+07 1.82701e+07 1.82506e+07 1.82685e+07 1.82489e+07 1.82668e+07 1.82472e+07
          1.82651e+07 1.82455e+07 1.82634e+07 1.82438e+07 1.82616e+07 1.82421e+07 1.82599e+07 1.82403e+07 1.82581e+07 1.82386e+07 1.82563e+07 1.82368e+07
          1.82545e+07 1.8235e+07 1.82527e+07 1.82332e+07 1.82509e+07 1.82313e+07 1.8249e+07 1.82295e+07 1.82472e+07 1.82276e+07 1.82453e+07 1.82258e+07
          1.82434e+07 1.82239e+07 1.82415e+07 1.8222e+07 1.82396e+07 1.82201e+07 1.82377e+07 1.82181e+07 1.82358e+07 1.82162e+07 1.82338e+07 1.82143e+07
          1.82319e+07 1.82123e+07 1.82299e+07 1.82103e+07 1.82279e+07 1.82083e+07 1.82259e+07 1.82063e+07 1.82239e+07 1.82043e+07 1.82219e+07 1.82023e+07
          1.82198e+07 1.82003e+07 1.82178e+07 1.81982e+07 1.82157e+07 1.81962e+07 1.82137e+07 1.81941e+07 1.82116e+07 1.8192e+07 1.82095e+07 1.81899e+07
          1.82074e+07 1.81878e+07 1.82053e+07 1.81857e+07 1.82032e+07 1.81836e+07 1.82011e+07 1.81815e+07 1.81989e+07 1.81794e+07 1.81968e+07 1.81772e+07
          1.81947e+07 1.81751e+07 1.81925e+07 1.81729e+07 1.81904e+07 1.81708e+07 1.81882e+07 1.81686e+07 1.8186e+07 1.81664e+07 1.81838e+07 1.81643e+07
          1.81817e+07 1.81621e+07 1.81795e+07 1.81599e+07 1.81773e+07 1.81577e+07 1.81751e+07 1.81555e+07 1.81729e+07 1.81533e+07 1.81707e+07 1.81511e+07
          1.81685e+07 1.81489e+07 1.81663e+07 1.81467e+07 1.81641e+07 1.81445e+07 1.81619e+07 1.81423e+07 1.81597e+07 1.81401e+07 1.81575e+07 1.81379e+07
          1.81553e+07 1.81357e+07 1.8153e+07 1.81335e+07 1.81508e+07 1.81312e+07 1.81486e+07 1.8129e+07 1.82543e+07 1.82529e+07 1.82514e+07 1.825e+07
          1.82485e+07 1.8247e+07 1.82455e+07 1.8244e+07 1.82424e+07 1.82409e+07 1.82393e+07 1.82377e+07 1.82361e+07 1.82345e+07 1.82328e+07 1.82312e+07
          1.82295e+07 1.82278e+07 1.82261e+07 1.82244e+07 1.82226e+07 1.82209e+07 1.82191e+07 1.82173e+07 1.82155e+07 1.82137e+07 1.82119e+07 1.82101e+07
          1.82082e+07 1.82063e+07 1.82044e+07 1.82025e+07 1.82006e+07 1.81987e+07 1.81968e+07 1.81948e+07 1.81928e+07 1.81909e+07 1.81889e+07 1.81869e+07
          1.81849e+07 1.81828e+07 1.81808e+07 1.81788e+07 1.81767e+07 1.81746e+07 1.81725e+07 1.81705e+07 1.81684e+07 1.81663e+07 1.81641e+07 1.8162e+07
          1.81599e+07 1.81577e+07 1.81556e+07 1.81534e+07 1.81513e+07 1.81491e+07 1.81469e+07 1.81448e+07 1.81426e+07 1.81404e+07 1.81382e+07 1.8136e+07
          1.81338e+07 1.81316e+07 1.81294e+07 1.81272e+07 1.8125e+07 1.81228e+07 1.81206e+07 1.81183e+07 1.81161e+07 1.81139e+07 1.81117e+07 1.81095e+07
          1.8235e+07 1.82336e+07 1.82321e+07 1.82307e+07 1.82292e+07 1.82277e+07 1.82262e+07 1.82247e+07 1.82231e+07 1.82216e+07 1.822e+07 1.82184e+07
          1.82168e+07 1.82152e+07 1.82135e+07 1.82119e+07 1.82102e+07 1.82085e+07 1.82068e+07 1.82051e+07 1.82033e+07 1.82016e+07 1.81998e+07 1.8198e+07
          1.81962e+07 1.81944e+07 1.81926e+07 1.81907e+07 1.81889e+07 1.8187e+07 1.81851e+07 1.81832e+07 1.81813e+07 1.81794e+07 1.81774e+07 1.81755e+07
          1.81735e+07 1.81715e+07 1.81695e+07 1.81675e+07 1.81655e+07 1.81635e+07 1.81614e+07 1.81594e+07 1.81573e+07 1.81553e+07 1.81532e+07 1.81511e+07
          1.8149e+07 1.81469e+07 1.81448e+07 1.81426e+07 1.81405e+07 1.81383e+07 1.81362e+07 1.8134e+07 1.81319e+07 1.81297e+07 1.81275e+07 1.81253e+07
          1.81232e+07 1.8121e+07 1.81188e+07 1.81166e+07 1.81144e+07 1.81122e+07 1.811e+07 1.81077e+07 1.81055e+07 1.81033e+07 1.81011e+07 1.80989e+07
          1.80967e+07 1.80944e+07 1.80922e+07 1.809e+07 1.82158e+07 1.82144e+07 1.8213e+07 1.82115e+07 1.821e+07 1.82085e+07 1.8207e+07 1.82055e+07
          1.8204e+07 1.82024e+07 1.82008e+07 1.81992e+07 1.81976e+07 1.8196e+07 1.81943e+07 1.81927e+07 1.8191e+07 1.81893e+07 1.81876e+07 1.81859e+07
          1.81841e+07 1.81824e+07 1.81806e+07 1.81788e+07 1.8177e+07 1.81752e+07 1.81734e+07 1.81715e+07 1.81697e+07 1.81678e+07 1.81659e+07 1.8164e+07
          1.81621e+07 1.81601e+07 1.81582e+07 1.81562e+07 1.81543e+07 1.81523e+07 1.81503e+07 1.81483e+07 1.81463e+07 1.81442e+07 1.81422e+07 1.81401e+07
          1.81381e+07 1.8136e+07 1.81339e+07 1.81318e+07 1.81297e+07 1.81276e+07 1.81255e+07 1.81233e+07 1.81212e+07 1.8119e+07 1.81169e+07 1.81147e+07
          1.81125e+07 1.81104e+07 1.81082e+07 1.8106e+07 1.81038e+07 1.81016e+07 1.80994e+07 1.80972e+07 1.8095e+07 1.80928e+07 1.80906e+07 1.80883e+07
          1.80861e+07 1.80839e+07 1.80817e+07 1.80795e+07 1.80772e+07 1.8075e+07 1.80728e+07 1.80706e+07 1.81968e+07 1.81954e+07 1.81939e+07 1.81925e+07
          1.8191e+07 1.81895e+07 1.8188e+07 1.81865e+07 1.81849e+07 1.81834e+07 1.81818e+07 1.81802e+07 1.81786e+07 1.81769e+07 1.81753e+07 1.81736e+07
          1.8172e+07 1.81703e+07 1.81685e+07 1.81668e+07 1.81651e+07 1.81633e+07 1.81615e+07 1.81598e+07 1.8158e+07 1.81561e+07 1.81543e+07 1.81524e+07
          1.81506e+07 1.81487e+07 1.81468e+07 1.81449e+07 1.8143e+07 1.8141e+07 1.81391e+07 1.81371e+07 1.81351e+07 1.81332e+07 1.81312e+07 1.81291e+07
          1.81271e+07 1.81251e+07 1.8123e+07 1.8121e+07 1.81189e+07 1.81168e+07 1.81147e+07 1.81126e+07 1.81105e+07 1.81084e+07 1.81063e+07 1.81041e+07
          1.8102e+07 1.80998e+07 1.80976e+07 1.80955e+07 1.80933e+07 1.80911e+07 1.80889e+07 1.80867e+07 1.80845e+07 1.80823e+07 1.80801e+07 1.80779e+07
          1.80757e+07 1.80735e+07 1.80712e+07 1.8069e+07 1.80668e+07 1.80646e+07 1.80623e+07 1.80601e+07 1.80579e+07 1.80556e+07 1.80534e+07 1.80512e+07
          1.81779e+07 1.81765e+07 1.8175e+07 1.81736e+07 1.81721e+07 1.81706e+07 1.81691e+07 1.81675e+07 1.8166e+07 1.81644e+07 1.81629e+07 1.81613e+07
          1.81596e+07 1.8158e+07 1.81564e+07 1.81547e+07 1.8153e+07 1.81513e+07 1.81496e+07 1.81479e+07 1.81461e+07 1.81444e+07 1.81426e+07 1.81408e+07
          1.8139e+07 1.81372e+07 1.81353e+07 1.81335e+07 1.81316e+07 1.81297e+07 1.81278e+07 1.81259e+07 1.8124e+07 1.8122e+07 1.81201e+07 1.81181e+07
          1.81161e+07 1.81141e+07 1.81121e+07 1.81101e+07 1.81081e+07 1.8106e+07 1.8104e+07 1.81019e+07 1.80998e+07 1.80977e+07 1.80956e+07 1.80935e+07
          1.80914e+07 1.80893e+07 1.80871e+07 1.8085e+07 1.80828e+07 1.80807e+07 1.80785e+07 1.80763e+07 1.80741e+07 1.80719e+07 1.80698e+07 1.80675e+07
          1.80653e+07 1.80631e+07 1.80609e+07 1.80587e+07 1.80564e+07 1.80542e+07 1.8052e+07 1.80498e+07 1.80475e+07 1.80453e+07 1.8043e+07 1.80408e+07
          1.80385e+07 1.80363e+07 1.80341e+07 1.80318e+07 1.81591e+07 1.81577e+07 1.81562e+07 1.81548e+07 1.81533e+07 1.81518e+07 1.81503e+07 1.81488e+07
          1.81472e+07 1.81456e+07 1.81441e+07 1.81425e+07 1.81409e+07 1.81392e+07 1.81376e+07 1.81359e+07 1.81342e+07 1.81325e+07 1.81308e+07 1.81291e+07
          1.81273e+07 1.81256e+07 1.81238e+07 1.8122e+07 1.81202e+07 1.81183e+07 1.81165e+07 1.81146e+07 1.81128e+07 1.81109e+07 1.8109e+07 1.8107e+07
          1.81051e+07 1.81032e+07 1.81012e+07 1.80992e+07 1.80972e+07 1.80952e+07 1.80932e+07 1.80912e+07 1.80891e+07 1.80871e+07 1.8085e+07 1.8083e+07
          1.80809e+07 1.80788e+07 1.80767e+07 1.80745e+07 1.80724e+07 1.80703e+07 1.80681e+07 1.8066e+07 1.80638e+07 1.80616e+07 1.80594e+07 1.80573e+07
          1.80551e+07 1.80529e+07 1.80506e+07 1.80484e+07 1.80462e+07 1.8044e+07 1.80418e+07 1.80395e+07 1.80373e+07 1.8035e+07 1.80328e+07 1.80306e+07
          1.80283e+07 1.8026e+07 1.80238e+07 1.80215e+07 1.80193e+07 1.8017e+07 1.80148e+07 1.80125e+07 1.81404e+07 1.8139e+07 1.81376e+07 1.81361e+07
          1.81346e+07 1.81331e+07 1.81316e+07 1.81301e+07 1.81286e+07 1.8127e+07 1.81254e+07 1.81238e+07 1.81222e+07 1.81206e+07 1.81189e+07 1.81172e+07
          1.81155e+07 1.81138e+07 1.81121e+07 1.81104e+07 1.81086e+07 1.81069e+07 1.81051e+07 1.81033e+07 1.81014e+07 1.80996e+07 1.80978e+07 1.80959e+07
          1.8094e+07 1.80921e+07 1.80902e+07 1.80883e+07 1.80863e+07 1.80844e+07 1.80824e+07 1.80804e+07 1.80784e+07 1.80764e+07 1.80744e+07 1.80724e+07
          1.80703e+07 1.80683e+07 1.80662e+07 1.80641e+07 1.8062e+07 1.80599e+07 1.80578e+07 1.80556e+07 1.80535e+07 1.80514e+07 1.80492e+07 1.8047e+07
          1.80449e+07 1.80427e+07 1.80405e+07 1.80383e+07 1.80361e+07 1.80339e+07 1.80316e+07 1.80294e+07 1.80272e+07 1.80249e+07 1.80227e+07 1.80204e+07
          1.80182e+07 1.80159e+07 1.80137e+07 1.80114e+07 1.80092e+07 1.80069e+07 1.80046e+07 1.80024e+07 1.80001e+07 1.79978e+07 1.79956e+07 1.79933e+07
          1.81219e+07 1.81205e+07 1.8119e+07 1.81176e+07 1.81161e+07 1.81146e+07 1.81131e+07 1.81116e+07 1.811e+07 1.81085e+07 1.81069e+07 1.81053e+07
          1.81037e+07 1.8102e+07 1.81004e+07 1.80987e+07 1.8097e+07 1.80953e+07 1.80936e+07 1.80918e+07 1.80901e+07 1.80883e+07 1.80865e+07 1.80847e+07
          1.80829e+07 1.8081e+07 1.80792e+07 1.80773e+07 1.80754e+07 1.80735e+07 1.80716e+07 1.80696e+07 1.80677e+07 1.80657e+07 1.80638e+07 1.80618e+07
          1.80598e+07 1.80577e+07 1.80557e+07 1.80537e+07 1.80516e+07 1.80495e+07 1.80474e+07 1.80454e+07 1.80432e+07 1.80411e+07 1.8039e+07 1.80369e+07
          1.80347e+07 1.80325e+07 1.80304e+07 1.80282e+07 1.8026e+07 1.80238e+07 1.80216e+07 1.80194e+07 1.80172e+07 1.80149e+07 1.80127e+07 1.80105e+07
          1.80082e+07 1.8006e+07 1.80037e+07 1.80014e+07 1.79992e+07 1.79969e+07 1.79946e+07 1.79923e+07 1.79901e+07 1.79878e+07 1.79855e+07 1.79832e+07
          1.79809e+07 1.79787e+07 1.79764e+07 1.79741e+07 1.81035e+07 1.81021e+07 1.81007e+07 1.80992e+07 1.80977e+07 1.80962e+07 1.80947e+07 1.80932e+07
          1.80916e+07 1.80901e+07 1.80885e+07 1.80869e+07 1.80852e+07 1.80836e+07 1.8082e+07 1.80803e+07 1.80786e+07 1.80769e+07 1.80751e+07 1.80734e+07
          1.80716e+07 1.80698e+07 1.8068e+07 1.80662e+07 1.80644e+07 1.80626e+07 1.80607e+07 1.80588e+07 1.80569e+07 1.8055e+07 1.80531e+07 1.80511e+07
          1.80492e+07 1.80472e+07 1.80452e+07 1.80432e+07 1.80412e+07 1.80392e+07 1.80371e+07 1.80351e+07 1.8033e+07 1.80309e+07 1.80288e+07 1.80267e+07
          1.80246e+07 1.80225e+07 1.80203e+07 1.80182e+07 1.8016e+07 1.80138e+07 1.80116e+07 1.80094e+07 1.80072e+07 1.8005e+07 1.80028e+07 1.80006e+07
          1.79983e+07 1.79961e+07 1.79938e+07 1.79916e+07 1.79893e+07 1.7987e+07 1.79848e+07 1.79825e+07 1.79802e+07 1.79779e+07 1.79756e+07 1.79733e+07
          1.7971e+07 1.79687e+07 1.79664e+07 1.79641e+07 1.79618e+07 1.79595e+07 1.79572e+07 1.7955e+07 1.80852e+07 1.80838e+07 1.80824e+07 1.80809e+07
          1.80795e+07 1.8078e+07 1.80764e+07 1.80749e+07 1.80734e+07 1.80718e+07 1.80702e+07 1.80686e+07 1.8067e+07 1.80653e+07 1.80637e+07 1.8062e+07
          1.80603e+07 1.80586e+07 1.80568e+07 1.80551e+07 1.80533e+07 1.80515e+07 1.80497e+07 1.80479e+07 1.80461e+07 1.80442e+07 1.80423e+07 1.80404e+07
          1.80385e+07 1.80366e+07 1.80347e+07 1.80327e+07 1.80308e+07 1.80288e+07 1.80268e+07 1.80248e+07 1.80228e+07 1.80207e+07 1.80187e+07 1.80166e+07
          1.80145e+07 1.80124e+07 1.80103e+07 1.80082e+07 1.8006e+07 1.80039e+07 1.80018e+07 1.79996e+07 1.79974e+07 1.79952e+07 1.7993e+07 1.79908e+07
          1.79886e+07 1.79864e+07 1.79841e+07 1.79819e+07 1.79796e+07 1.79773e+07 1.79751e+07 1.79728e+07 1.79705e+07 1.79682e+07 1.79659e+07 1.79636e+07
          1.79613e+07 1.7959e+07 1.79567e+07 1.79544e+07 1.79521e+07 1.79498e+07 1.79474e+07 1.79451e+07 1.79428e+07 1.79405e+07 1.79382e+07 1.79359e+07
          1.80671e+07 1.80657e+07 1.80643e+07 1.80628e+07 1.80613e+07 1.80598e+07 1.80583e+07 1.80568e+07 1.80552e+07 1.80537e+07 1.80521e+07 1.80505e+07
          1.80488e+07 1.80472e+07 1.80455e+07 1.80438e+07 1.80421e+07 1.80404e+07 1.80387e+07 1.80369e+07 1.80351e+07 1.80333e+07 1.80315e+07 1.80297e+07
          1.80279e+07 1.8026e+07 1.80241e+07 1.80222e+07 1.80203e+07 1.80184e+07 1.80164e+07 1.80145e+07 1.80125e+07 1.80105e+07 1.80085e+07 1.80065e+07
          1.80044e+07 1.80024e+07 1.80003e+07 1.79982e+07 1.79961e+07 1.7994e+07 1.79919e+07 1.79898e+07 1.79876e+07 1.79855e+07 1.79833e+07 1.79811e+07
          1.79789e+07 1.79767e+07 1.79745e+07 1.79722e+07 1.797e+07 1.79678e+07 1.79655e+07 1.79632e+07 1.7961e+07 1.79587e+07 1.79564e+07 1.79541e+07
          1.79518e+07 1.79495e+07 1.79472e+07 1.79448e+07 1.79425e+07 1.79402e+07 1.79379e+07 1.79355e+07 1.79332e+07 1.79308e+07 1.79285e+07 1.79262e+07
          1.79238e+07 1.79215e+07 1.79191e+07 1.79168e+07 1.80491e+07 1.80477e+07 1.80463e+07 1.80448e+07 1.80433e+07 1.80419e+07 1.80403e+07 1.80388e+07
          1.80373e+07 1.80357e+07 1.80341e+07 1.80325e+07 1.80308e+07 1.80292e+07 1.80275e+07 1.80258e+07 1.80241e+07 1.80224e+07 1.80206e+07 1.80189e+07
          1.80171e+07 1.80153e+07 1.80135e+07 1.80116e+07 1.80098e+07 1.80079e+07 1.8006e+07 1.80041e+07 1.80022e+07 1.80002e+07 1.79983e+07 1.79963e+07
          1.79943e+07 1.79923e+07 1.79903e+07 1.79883e+07 1.79862e+07 1.79841e+07 1.79821e+07 1.798e+07 1.79779e+07 1.79757e+07 1.79736e+07 1.79714e+07
          1.79693e+07 1.79671e+07 1.79649e+07 1.79627e+07 1.79605e+07 1.79583e+07 1.7956e+07 1.79538e+07 1.79515e+07 1.79493e+07 1.7947e+07 1.79447e+07
          1.79424e+07 1.79401e+07 1.79378e+07 1.79355e+07 1.79331e+07 1.79308e+07 1.79285e+07 1.79261e+07 1.79238e+07 1.79214e+07 1.79191e+07 1.79167e+07
          1.79144e+07 1.7912e+07 1.79096e+07 1.79073e+07 1.79049e+07 1.79025e+07 1.79002e+07 1.78978e+07 1.80313e+07 1.80299e+07 1.80284e+07 1.8027e+07
          1.80255e+07 1.8024e+07 1.80225e+07 1.8021e+07 1.80194e+07 1.80178e+07 1.80162e+07 1.80146e+07 1.8013e+07 1.80113e+07 1.80096e+07 1.80079e+07
          1.80062e+07 1.80045e+07 1.80027e+07 1.8001e+07 1.79992e+07 1.79974e+07 1.79955e+07 1.79937e+07 1.79918e+07 1.79899e+07 1.7988e+07 1.79861e+07
          1.79842e+07 1.79822e+07 1.79803e+07 1.79783e+07 1.79763e+07 1.79743e+07 1.79722e+07 1.79702e+07 1.79681e+07 1.7966e+07 1.79639e+07 1.79618e+07
          1.79597e+07 1.79576e+07 1.79554e+07 1.79533e+07 1.79511e+07 1.79489e+07 1.79467e+07 1.79445e+07 1.79422e+07 1.794e+07 1.79377e+07 1.79355e+07
          1.79332e+07 1.79309e+07 1.79286e+07 1.79263e+07 1.7924e+07 1.79216e+07 1.79193e+07 1.79169e+07 1.79146e+07 1.79122e+07 1.79099e+07 1.79075e+07
          1.79051e+07 1.79027e+07 1.79004e+07 1.7898e+07 1.78956e+07 1.78932e+07 1.78908e+07 1.78884e+07 1.7886e+07 1.78836e+07 1.78812e+07 1.78788e+07
          1.80136e+07 1.80121e+07 1.80107e+07 1.80093e+07 1.80078e+07 1.80063e+07 1.80048e+07 1.80033e+07 1.80017e+07 1.80001e+07 1.79985e+07 1.79969e+07
          1.79953e+07 1.79936e+07 1.79919e+07 1.79902e+07 1.79885e+07 1.79867e+07 1.7985e+07 1.79832e+07 1.79814e+07 1.79796e+07 1.79777e+07 1.79759e+07
          1.7974e+07 1.79721e+07 1.79702e+07 1.79683e+07 1.79663e+07 1.79644e+07 1.79624e+07 1.79604e+07 1.79584e+07 1.79563e+07 1.79543e+07 1.79522e+07
          1.79502e+07 1.79481e+07 1.79459e+07 1.79438e+07 1.79417e+07 1.79395e+07 1.79374e+07 1.79352e+07 1.7933e+07 1.79308e+07 1.79285e+07 1.79263e+07
          1.7924e+07 1.79218e+07 1.79195e+07 1.79172e+07 1.79149e+07 1.79126e+07 1.79103e+07 1.79079e+07 1.79056e+07 1.79032e+07 1.79009e+07 1.78985e+07
          1.78961e+07 1.78937e+07 1.78913e+07 1.78889e+07 1.78865e+07 1.78841e+07 1.78817e+07 1.78793e+07 1.78769e+07 1.78745e+07 1.7872e+07 1.78696e+07
          1.78672e+07 1.78648e+07 1.78624e+07 1.78599e+07 1.79958e+07 1.79944e+07 1.79931e+07 1.79918e+07 1.79903e+07 1.79887e+07 1.79872e+07 1.79857e+07
          1.79841e+07 1.79826e+07 1.7981e+07 1.79793e+07 1.79777e+07 1.7976e+07 1.79743e+07 1.79726e+07 1.79709e+07 1.79691e+07 1.79674e+07 1.79656e+07
          1.79638e+07 1.79619e+07 1.79601e+07 1.79582e+07 1.79563e+07 1.79544e+07 1.79525e+07 1.79505e+07 1.79486e+07 1.79466e+07 1.79446e+07 1.79426e+07
          1.79406e+07 1.79385e+07 1.79365e+07 1.79344e+07 1.79323e+07 1.79302e+07 1.79281e+07 1.79259e+07 1.79238e+07 1.79216e+07 1.79194e+07 1.79172e+07
          1.7915e+07 1.79128e+07 1.79105e+07 1.79083e+07 1.7906e+07 1.79037e+07 1.79014e+07 1.78991e+07 1.78968e+07 1.78944e+07 1.78921e+07 1.78897e+07
          1.78873e+07 1.7885e+07 1.78826e+07 1.78802e+07 1.78778e+07 1.78753e+07 1.78729e+07 1.78705e+07 1.7868e+07 1.78656e+07 1.78632e+07 1.78607e+07
          1.78582e+07 1.78558e+07 1.78533e+07 1.78509e+07 1.78484e+07 1.7846e+07 1.78435e+07 1.78411e+07 1.79849e+07 1.79811e+07 1.79776e+07 1.79743e+07
          1.79726e+07 1.79712e+07 1.79699e+07 1.79683e+07 1.79667e+07 1.79651e+07 1.79635e+07 1.79619e+07 1.79602e+07 1.79586e+07 1.79569e+07 1.79552e+07
          1.79534e+07 1.79516e+07 1.79499e+07 1.79481e+07 1.79462e+07 1.79444e+07 1.79425e+07 1.79407e+07 1.79388e+07 1.79368e+07 1.79349e+07 1.7933e+07
          1.7931e+07 1.7929e+07 1.7927e+07 1.7925e+07 1.79229e+07 1.79209e+07 1.79188e+07 1.79167e+07 1.79146e+07 1.79125e+07 1.79103e+07 1.79082e+07
          1.7906e+07 1.79038e+07 1.79016e+07 1.78994e+07 1.78971e+07 1.78949e+07 1.78926e+07 1.78903e+07 1.7888e+07 1.78857e+07 1.78834e+07 1.78811e+07
          1.78787e+07 1.78763e+07 1.7874e+07 1.78716e+07 1.78692e+07 1.78668e+07 1.78643e+07 1.78619e+07 1.78595e+07 1.7857e+07 1.78546e+07 1.78521e+07
          1.78496e+07 1.78471e+07 1.78447e+07 1.78422e+07 1.78397e+07 1.78372e+07 1.78347e+07 1.78322e+07 1.78297e+07 1.78272e+07 1.78247e+07 1.78223e+07
          1.79776e+07 1.79731e+07 1.79687e+07 1.79645e+07 1.79605e+07 1.79567e+07 1.79529e+07 1.79508e+07 1.79493e+07 1.79479e+07 1.79464e+07 1.79446e+07
          1.79429e+07 1.79413e+07 1.79396e+07 1.79378e+07 1.79361e+07 1.79343e+07 1.79325e+07 1.79307e+07 1.79289e+07 1.7927e+07 1.79252e+07 1.79233e+07
          1.79214e+07 1.79194e+07 1.79175e+07 1.79155e+07 1.79135e+07 1.79115e+07 1.79095e+07 1.79075e+07 1.79054e+07 1.79033e+07 1.79012e+07 1.78991e+07
          1.7897e+07 1.78949e+07 1.78927e+07 1.78905e+07 1.78883e+07 1.78861e+07 1.78839e+07 1.78816e+07 1.78794e+07 1.78771e+07 1.78748e+07 1.78725e+07
          1.78702e+07 1.78679e+07 1.78655e+07 1.78631e+07 1.78608e+07 1.78584e+07 1.7856e+07 1.78535e+07 1.78511e+07 1.78487e+07 1.78462e+07 1.78438e+07
          1.78413e+07 1.78388e+07 1.78363e+07 1.78338e+07 1.78313e+07 1.78288e+07 1.78262e+07 1.78237e+07 1.78212e+07 1.78187e+07 1.78161e+07 1.78136e+07
          1.78111e+07 1.78085e+07 1.7806e+07 1.78035e+07 1.79717e+07 1.7967e+07 1.79624e+07 1.79578e+07 1.79532e+07 1.79487e+07 1.79444e+07 1.79403e+07
          1.79362e+07 1.7932e+07 1.79289e+07 1.79272e+07 1.79257e+07 1.79243e+07 1.79225e+07 1.79207e+07 1.79189e+07 1.79171e+07 1.79153e+07 1.79135e+07
          1.79116e+07 1.79098e+07 1.79079e+07 1.7906e+07 1.79041e+07 1.79021e+07 1.79002e+07 1.78982e+07 1.78962e+07 1.78942e+07 1.78921e+07 1.78901e+07
          1.7888e+07 1.78859e+07 1.78838e+07 1.78817e+07 1.78795e+07 1.78774e+07 1.78752e+07 1.7873e+07 1.78708e+07 1.78686e+07 1.78663e+07 1.7864e+07
          1.78618e+07 1.78595e+07 1.78572e+07 1.78548e+07 1.78525e+07 1.78501e+07 1.78477e+07 1.78454e+07 1.78429e+07 1.78405e+07 1.78381e+07 1.78356e+07
          1.78332e+07 1.78307e+07 1.78282e+07 1.78257e+07 1.78232e+07 1.78207e+07 1.78181e+07 1.78156e+07 1.7813e+07 1.78105e+07 1.78079e+07 1.78053e+07
          1.78028e+07 1.78002e+07 1.77976e+07 1.7795e+07 1.77925e+07 1.77899e+07 1.77873e+07 1.77847e+07 1.79664e+07 1.79617e+07 1.7957e+07 1.79523e+07
          1.79477e+07 1.79431e+07 1.79385e+07 1.79339e+07 1.79294e+07 1.7925e+07 1.79208e+07 1.79166e+07 1.79122e+07 1.79075e+07 1.79051e+07 1.79034e+07
          1.79018e+07 1.79003e+07 1.78984e+07 1.78964e+07 1.78945e+07 1.78927e+07 1.78908e+07 1.78889e+07 1.78869e+07 1.7885e+07 1.7883e+07 1.7881e+07
          1.7879e+07 1.7877e+07 1.78749e+07 1.78728e+07 1.78708e+07 1.78686e+07 1.78665e+07 1.78644e+07 1.78622e+07 1.786e+07 1.78578e+07 1.78556e+07
          1.78534e+07 1.78511e+07 1.78489e+07 1.78466e+07 1.78443e+07 1.7842e+07 1.78396e+07 1.78373e+07 1.78349e+07 1.78325e+07 1.78301e+07 1.78277e+07
          1.78252e+07 1.78228e+07 1.78203e+07 1.78178e+07 1.78153e+07 1.78128e+07 1.78103e+07 1.78078e+07 1.78052e+07 1.78026e+07 1.78001e+07 1.77975e+07
          1.77949e+07 1.77923e+07 1.77897e+07 1.7787e+07 1.77844e+07 1.77818e+07 1.77792e+07 1.77765e+07 1.77739e+07 1.77713e+07 1.77687e+07 1.77661e+07
          1.79614e+07 1.79567e+07 1.79521e+07 1.79474e+07 1.79428e+07 1.79382e+07 1.79336e+07 1.7929e+07 1.79244e+07 1.79199e+07 1.79153e+07 1.79108e+07
          1.79064e+07 1.79022e+07 1.7898e+07 1.78937e+07 1.7889e+07 1.78839e+07 1.7881e+07 1.78792e+07 1.78774e+07 1.78757e+07 1.7874e+07 1.7872e+07
          1.78699e+07 1.78679e+07 1.7866e+07 1.7864e+07 1.7862e+07 1.78599e+07 1.78578e+07 1.78557e+07 1.78536e+07 1.78515e+07 1.78494e+07 1.78472e+07
          1.7845e+07 1.78428e+07 1.78406e+07 1.78384e+07 1.78361e+07 1.78338e+07 1.78316e+07 1.78292e+07 1.78269e+07 1.78246e+07 1.78222e+07 1.78198e+07
          1.78174e+07 1.7815e+07 1.78126e+07 1.78101e+07 1.78077e+07 1.78052e+07 1.78027e+07 1.78002e+07 1.77976e+07 1.77951e+07 1.77925e+07 1.77899e+07
          1.77873e+07 1.77847e+07 1.77821e+07 1.77795e+07 1.77768e+07 1.77742e+07 1.77715e+07 1.77688e+07 1.77662e+07 1.77635e+07 1.77608e+07 1.77581e+07
          1.77554e+07 1.77527e+07 1.77501e+07 1.77474e+07 1.79568e+07 1.79521e+07 1.79475e+07 1.79429e+07 1.79383e+07 1.79337e+07 1.79291e+07 1.79246e+07
          1.792e+07 1.79155e+07 1.7911e+07 1.79065e+07 1.79021e+07 1.78976e+07 1.78931e+07 1.78887e+07 1.78843e+07 1.78803e+07 1.78762e+07 1.7872e+07
          1.78676e+07 1.78628e+07 1.78578e+07 1.78548e+07 1.78527e+07 1.78508e+07 1.7849e+07 1.78472e+07 1.78452e+07 1.7843e+07 1.78408e+07 1.78387e+07
          1.78366e+07 1.78345e+07 1.78324e+07 1.78302e+07 1.7828e+07 1.78257e+07 1.78235e+07 1.78213e+07 1.7819e+07 1.78167e+07 1.78144e+07 1.78121e+07
          1.78097e+07 1.78073e+07 1.7805e+07 1.78025e+07 1.78001e+07 1.77977e+07 1.77952e+07 1.77927e+07 1.77902e+07 1.77877e+07 1.77852e+07 1.77826e+07
          1.77801e+07 1.77775e+07 1.77749e+07 1.77722e+07 1.77696e+07 1.77669e+07 1.77643e+07 1.77616e+07 1.77589e+07 1.77562e+07 1.77534e+07 1.77507e+07
          1.7748e+07 1.77452e+07 1.77425e+07 1.77397e+07 1.7737e+07 1.77342e+07 1.77315e+07 1.77288e+07 1.79525e+07 1.79479e+07 1.79433e+07 1.79387e+07
          1.79341e+07 1.79296e+07 1.79251e+07 1.79205e+07 1.7916e+07 1.79115e+07 1.79071e+07 1.79026e+07 1.78982e+07 1.78937e+07 1.78893e+07 1.78849e+07
          1.78806e+07 1.78762e+07 1.78719e+07 1.78675e+07 1.78631e+07 1.78588e+07 1.78547e+07 1.78507e+07 1.78465e+07 1.78422e+07 1.78375e+07 1.78325e+07
          1.78284e+07 1.78258e+07 1.78237e+07 1.78217e+07 1.78197e+07 1.78178e+07 1.78156e+07 1.78133e+07 1.7811e+07 1.78088e+07 1.78065e+07 1.78043e+07
          1.7802e+07 1.77997e+07 1.77974e+07 1.7795e+07 1.77926e+07 1.77902e+07 1.77878e+07 1.77854e+07 1.77829e+07 1.77805e+07 1.7778e+07 1.77755e+07
          1.77729e+07 1.77704e+07 1.77678e+07 1.77652e+07 1.77626e+07 1.776e+07 1.77573e+07 1.77547e+07 1.7752e+07 1.77493e+07 1.77465e+07 1.77438e+07
          1.7741e+07 1.77383e+07 1.77355e+07 1.77327e+07 1.77299e+07 1.77271e+07 1.77242e+07 1.77214e+07 1.77186e+07 1.77158e+07 1.7713e+07 1.77102e+07
          1.79485e+07 1.79439e+07 1.79394e+07 1.79348e+07 1.79303e+07 1.79258e+07 1.79213e+07 1.79168e+07 1.79123e+07 1.79078e+07 1.79034e+07 1.7899e+07
          1.78946e+07 1.78902e+07 1.78858e+07 1.78814e+07 1.7877e+07 1.78727e+07 1.78683e+07 1.7864e+07 1.78597e+07 1.78554e+07 1.78511e+07 1.78468e+07
          1.78424e+07 1.78381e+07 1.78337e+07 1.78295e+07 1.78255e+07 1.78214e+07 1.78173e+07 1.78129e+07 1.78082e+07 1.78032e+07 1.77991e+07 1.77962e+07
          1.77939e+07 1.77918e+07 1.77896e+07 1.77875e+07 1.77853e+07 1.77829e+07 1.77805e+07 1.7778e+07 1.77756e+07 1.77732e+07 1.77708e+07 1.77684e+07
          1.77659e+07 1.77634e+07 1.77609e+07 1.77583e+07 1.77558e+07 1.77532e+07 1.77506e+07 1.7748e+07 1.77453e+07 1.77426e+07 1.77399e+07 1.77372e+07
          1.77345e+07 1.77317e+07 1.77289e+07 1.77261e+07 1.77233e+07 1.77205e+07 1.77176e+07 1.77147e+07 1.77119e+07 1.7709e+07 1.77061e+07 1.77032e+07
          1.77003e+07 1.76974e+07 1.76945e+07 1.76916e+07 1.79448e+07 1.79402e+07 1.79357e+07 1.79312e+07 1.79267e+07 1.79222e+07 1.79177e+07 1.79132e+07
          1.79088e+07 1.79044e+07 1.78999e+07 1.78955e+07 1.78911e+07 1.78868e+07 1.78824e+07 1.7878e+07 1.78737e+07 1.78694e+07 1.7865e+07 1.78607e+07
          1.78564e+07 1.78521e+07 1.78478e+07 1.78435e+07 1.78392e+07 1.78349e+07 1.78306e+07 1.78263e+07 1.7822e+07 1.78178e+07 1.78134e+07 1.78091e+07
          1.78047e+07 1.78005e+07 1.77964e+07 1.77924e+07 1.77883e+07 1.7784e+07 1.77793e+07 1.77744e+07 1.77697e+07 1.77661e+07 1.77633e+07 1.7761e+07
          1.77587e+07 1.77564e+07 1.77541e+07 1.77517e+07 1.77491e+07 1.77465e+07 1.77439e+07 1.77413e+07 1.77388e+07 1.77362e+07 1.77336e+07 1.77309e+07
          1.77282e+07 1.77255e+07 1.77227e+07 1.77199e+07 1.77171e+07 1.77143e+07 1.77115e+07 1.77086e+07 1.77057e+07 1.77028e+07 1.76999e+07 1.76969e+07
          1.7694e+07 1.7691e+07 1.7688e+07 1.7685e+07 1.7682e+07 1.7679e+07 1.7676e+07 1.76731e+07 1.79413e+07 1.79368e+07 1.79322e+07 1.79277e+07
          1.79232e+07 1.79188e+07 1.79143e+07 1.79099e+07 1.79054e+07 1.7901e+07 1.78966e+07 1.78922e+07 1.78879e+07 1.78835e+07 1.78792e+07 1.78748e+07
          1.78705e+07 1.78661e+07 1.78618e+07 1.78575e+07 1.78532e+07 1.78489e+07 1.78446e+07 1.78403e+07 1.7836e+07 1.78318e+07 1.78275e+07 1.78232e+07
          1.78189e+07 1.78146e+07 1.78104e+07 1.78061e+07 1.78018e+07 1.77975e+07 1.77933e+07 1.7789e+07 1.77847e+07 1.77803e+07 1.7776e+07 1.77716e+07
          1.77674e+07 1.77633e+07 1.77592e+07 1.7755e+07 1.77506e+07 1.77459e+07 1.7741e+07 1.77362e+07 1.77324e+07 1.77294e+07 1.77268e+07 1.77243e+07
          1.77218e+07 1.77194e+07 1.77168e+07 1.77141e+07 1.77112e+07 1.77084e+07 1.77056e+07 1.77028e+07 1.77e+07 1.76971e+07 1.76942e+07 1.76913e+07
          1.76883e+07 1.76853e+07 1.76823e+07 1.76792e+07 1.76762e+07 1.76731e+07 1.767e+07 1.76669e+07 1.76638e+07 1.76607e+07 1.76576e+07 1.76545e+07
          1.7938e+07 1.79334e+07 1.79289e+07 1.79244e+07 1.792e+07 1.79155e+07 1.7911e+07 1.79066e+07 1.79022e+07 1.78978e+07 1.78934e+07 1.7889e+07
          1.78847e+07 1.78803e+07 1.7876e+07 1.78716e+07 1.78673e+07 1.7863e+07 1.78587e+07 1.78544e+07 1.78501e+07 1.78458e+07 1.78415e+07 1.78373e+07
          1.7833e+07 1.78287e+07 1.78244e+07 1.78202e+07 1.78159e+07 1.78116e+07 1.78074e+07 1.78031e+07 1.77988e+07 1.77946e+07 1.77903e+07 1.7786e+07
          1.77817e+07 1.77774e+07 1.77731e+07 1.77688e+07 1.77645e+07 1.77602e+07 1.77559e+07 1.77516e+07 1.77472e+07 1.77427e+07 1.77383e+07 1.7734e+07
          1.77297e+07 1.77256e+07 1.77214e+07 1.77169e+07 1.77121e+07 1.77071e+07 1.7702e+07 1.76977e+07 1.76942e+07 1.76912e+07 1.76885e+07 1.76857e+07
          1.7683e+07 1.76802e+07 1.76773e+07 1.76742e+07 1.7671e+07 1.76679e+07 1.76648e+07 1.76617e+07 1.76586e+07 1.76554e+07 1.76522e+07 1.76489e+07
          1.76456e+07 1.76424e+07 1.76392e+07 1.7636e+07 1.79347e+07 1.79302e+07 1.79257e+07 1.79212e+07 1.79167e+07 1.79123e+07 1.79078e+07 1.79034e+07
          1.7899e+07 1.78946e+07 1.78902e+07 1.78859e+07 1.78815e+07 1.78772e+07 1.78728e+07 1.78685e+07 1.78642e+07 1.78599e+07 1.78556e+07 1.78513e+07
          1.7847e+07 1.78427e+07 1.78384e+07 1.78342e+07 1.78299e+07 1.78256e+07 1.78214e+07 1.78171e+07 1.78128e+07 1.78086e+07 1.78043e+07 1.78001e+07
          1.77958e+07 1.77915e+07 1.77873e+07 1.7783e+07 1.77787e+07 1.77744e+07 1.77702e+07 1.77659e+07 1.77616e+07 1.77573e+07 1.77529e+07 1.77486e+07
          1.77442e+07 1.77399e+07 1.77355e+07 1.77311e+07 1.77268e+07 1.77224e+07 1.77179e+07 1.77134e+07 1.77088e+07 1.77042e+07 1.76997e+07 1.76953e+07
          1.76909e+07 1.76865e+07 1.76819e+07 1.76769e+07 1.76717e+07 1.76662e+07 1.76611e+07 1.7657e+07 1.76536e+07 1.76505e+07 1.76475e+07 1.76444e+07
          1.76413e+07 1.76379e+07 1.76344e+07 1.76309e+07 1.76275e+07 1.76241e+07 1.76207e+07 1.76174e+07 1.79313e+07 1.79267e+07 1.79222e+07 1.79178e+07
          1.79133e+07 1.79089e+07 1.79044e+07 1.79e+07 1.78956e+07 1.78912e+07 1.78869e+07 1.78825e+07 1.78782e+07 1.78738e+07 1.78695e+07 1.78652e+07
          1.78609e+07 1.78566e+07 1.78523e+07 1.7848e+07 1.78437e+07 1.78394e+07 1.78351e+07 1.78309e+07 1.78266e+07 1.78224e+07 1.78181e+07 1.78138e+07
          1.78096e+07 1.78053e+07 1.78011e+07 1.77968e+07 1.77926e+07 1.77883e+07 1.77841e+07 1.77798e+07 1.77755e+07 1.77713e+07 1.7767e+07 1.77627e+07
          1.77584e+07 1.77541e+07 1.77498e+07 1.77454e+07 1.77411e+07 1.77368e+07 1.77324e+07 1.7728e+07 1.77236e+07 1.77192e+07 1.77147e+07 1.77103e+07
          1.77058e+07 1.77012e+07 1.76967e+07 1.76921e+07 1.76876e+07 1.76829e+07 1.76782e+07 1.76734e+07 1.76685e+07 1.76636e+07 1.76588e+07 1.7654e+07
          1.76493e+07 1.76441e+07 1.76386e+07 1.76328e+07 1.76266e+07 1.76208e+07 1.76163e+07 1.76128e+07 1.76094e+07 1.76062e+07 1.76024e+07 1.75986e+07
          1.79268e+07 1.79223e+07 1.79178e+07 1.79133e+07 1.79089e+07 1.79045e+07 1.79e+07 1.78956e+07 1.78912e+07 1.78868e+07 1.78825e+07 1.78781e+07
          1.78738e+07 1.78694e+07 1.78651e+07 1.78608e+07 1.78565e+07 1.78522e+07 1.78479e+07 1.78436e+07 1.78394e+07 1.78351e+07 1.78308e+07 1.78266e+07
          1.78223e+07 1.78181e+07 1.78138e+07 1.78096e+07 1.78053e+07 1.78011e+07 1.77968e+07 1.77926e+07 1.77883e+07 1.77841e+07 1.77798e+07 1.77756e+07
          1.77713e+07 1.77671e+07 1.77628e+07 1.77585e+07 1.77542e+07 1.77499e+07 1.77456e+07 1.77413e+07 1.7737e+07 1.77326e+07 1.77283e+07 1.77239e+07
          1.77195e+07 1.77151e+07 1.77106e+07 1.77062e+07 1.77017e+07 1.76972e+07 1.76927e+07 1.76881e+07 1.76835e+07 1.76788e+07 1.76741e+07 1.76694e+07
          1.76645e+07 1.76597e+07 1.76548e+07 1.76499e+07 1.76448e+07 1.76396e+07 1.76342e+07 1.76287e+07 1.76231e+07 1.76178e+07 1.76125e+07 1.76063e+07
          1.75989e+07 1.75895e+07 1.75827e+07 1.75791e+07
        </DataArray>
        <DataArray type="Float32" Name="rho_liq" NumberOfComponents="1" format="ascii">
          999.732 999.732 999.732 999.732 999.732 999.732 999.732 999.732 999.732 999.732 999.732 999.732
          999.732 999.732 999.732 999.732 999.732 999.732 999.732 999.732 999.732 999.732 999.732 999.732
          999.732 999.732 999.732 999.732 999.732 999.732 999.732 999.732 999.732 999.732 999.732 999.732
          999.732 999.732 999.732 999.732 999.732 999.732 999.732 999.732 999.732 999.732 999.732 999.732
          999.732 999.732 999.732 999.732 999.732 999.732 999.732 999.732 999.732 999.732 999.732 999.732
          999.732 999.732 999.732 999.732 999.732 999.732 999.732 999.732 999.732 999.732 999.732 999.732
          999.732 999.732 999.732 999.732 999.732 999.732 999.732 999.732 999.732 999.732 999.732 999.732
          999.732 999.732 999.732 999.732 999.732 999.732 999.732 999.732 999.732 999.732 999.732 999.732
          999.732 999.732 999.732 999.732 999.732 999.732 999.732 999.732 999.732 999.732 999.732 999.732
          999.732 999.732 999.732 999.732 999.732 999.732 999.732 999.732 999.732 999.732 999.732 999.732
          999.732 999.732 999.732 999.732 999.732 999.732 999.732 999.732 999.732 999.732 999.732 999.732
          999.732 999.732 999.732 999.732 999.732 999.732 999.732 999.732 999.732 999.732 999.732 999.732
          999.732 999.732 999.732 999.732 999.732 999.732 999.732 999.732 999.732 999.732 999.732 999.732
          999.732 999.732 999.732 999.732 999.732 999.732 999.732 999.732 999.732 999.732 999.732 999.732
          999.732 999.732 999.732 999.732 999.732 999.732 999.732 999.732 999.732 999.732 999.732 999.732
          999.732 999.732 999.732 999.732 999.732 999.732 999.732 999.732 999.732 999.732 999.732 999.732
          999.732 999.732 999.732 999.732 999.732 999.732 999.732 999.732 999.732 999.732 999.732 999.732
          999.732 999.732 999.732 999.732 999.732 999.732 999.732 999.732 999.732 999.732 999.732 999.732
          999.732 999.732 999.732 999.732 999.732 999.732 999.732 999.732 999.732 999.732 999.732 999.732
          999.733 999.733 999.733 999.733 999.733 999.733 999.733 999.733 999.733 999.733 999.733 999.733
          999.733 999.733 999.733 999.733 999.733 999.733 999.733 999.733 999.733 999.733 999.733 999.733
          999.733 999.733 999.732 999.732 999.732 999.732 999.732 999.732 999.732 999.732 999.732 999.732
          999.732 999.732 999.732 999.732 999.732 999.732 999.732 999.732 999.732 999.732 999.732 999.732
          999.732 999.732 999.732 999.732 999.732 999.732 999.732 999.732 999.732 999.732 999.732 999.732
          999.732 999.732 999.732 999.732 999.732 999.732 999.732 999.732 999.732 999.732 999.732 999.732
          999.732 999.732 999.732 999.732 999.733 999.733 999.733 999.733 999.733 999.733 999.733 999.733
          999.733 999.733 999.733 999.733 999.733 999.733 999.733 999.733 999.733 999.733 999.733 999.733
          999.733 999.733 999.733 999.733 999.733 999.733 999.733 999.733 999.733 999.733 999.733 999.733
          999.733 999.733 999.733 999.733 999.733 999.733 999.733 999.733 999.733 999.733 999.733 999.733
          999.733 999.733 999.733 999.733 999.733 999.733 999.733 999.733 999.733 999.733 999.733 999.733
          999.733 999.733 999.733 999.733 999.733 999.733 999.733 999.733 999.733 999.733 999.733 999.733
          999.733 999.733 999.733 999.733 999.733 999.733 999.733 999.733 999.733 999.733 999.733 999.733
          999.733 999.733 999.733 999.733 999.733 999.733 999.733 999.733 999.733 999.733 999.733 999.733
          999.733 999.733 999.733 999.733 999.733 999.733 999.733 999.733 999.733 999.733 999.733 999.733
          999.733 999.733 999.733 999.733 999.733 999.733 999.733 999.733 999.733 999.733 999.733 999.733
          999.733 999.733 999.733 999.733 999.733 999.733 999.733 999.733 999.733 999.733 999.733 999.733
          999.733 999.733 999.733 999.733 999.733 999.733 999.733 999.733 999.733 999.733 999.733 999.733
          999.733 999.733 999.733 999.733 999.733 999.733 999.733 999.733 999.733 999.733 999.733 999.733
          999.733 999.733 999.733 999.733 999.733 999.733 999.733 999.733 999.733 999.733 999.733 999.733
          999.733 999.733 999.733 999.733 999.733 999.733 999.733 999.733 999.733 999.733 999.733 999.733
          999.733 999.733 999.733 999.733 999.733 999.733 999.733 999.733 999.733 999.733 999.733 999.733
          999.733 999.733 999.733 999.733 999.733 999.733 999.733 999.733 999.733 999.733 999.733 999.733
          999.733 999.733 999.733 999.733 999.733 999.733 999.733 999.733 999.733 999.733 999.733 999.733
          999.733 999.733 999.733 999.733 999.733 999.733 999.733 999.733 999.733 999.733 999.733 999.733
          999.733 999.733 999.733 999.733 999.734 999.734 999.734 999.734 999.734 999.734 999.734 999.734
          999.734 999.734 999.734 999.734 999.734 999.734 999.734 999.734 999.734 999.734 999.734 999.734
          999.734 999.734 999.734 999.734 999.734 999.734 999.734 999.734 999.734 999.734 999.734 999.734
          999.734 999.734 999.734 999.734 999.734 999.734 999.734 999.734 999.734 999.734 999.734 999.734
          999.734 999.734 999.734 999.734 999.734 999.734 999.734 999.734 999.734 999.734 999.734 999.734
          999.734 999.734 999.734 999.734 999.734 999.734 999.734 999.734 999.734 999.734 999.734 999.734
          999.734 999.734 999.734 999.734 999.734 999.734 999.734 999.734 999.734 999.734 999.734 999.734
          999.734 999.734 999.734 999.734 999.734 999.734 999.734 999.734 999.734 999.734 999.734 999.734
          999.734 999.734 999.734 999.734 999.734 999.734 999.734 999.734 999.734 999.734 999.734 999.734
          999.734 999.734 999.734 999.734 999.734 999.734 999.734 999.734 999.734 999.734 999.734 999.734
          999.734 999.734 999.734 999.734 999.734 999.734 999.734 999.734 999.734 999.734 999.734 999.734
          999.734 999.734 999.734 999.734 999.734 999.734 999.734 999.734 999.734 999.734 999.734 999.734
          999.734 999.734 999.734 999.734 999.734 999.734 999.734 999.734 999.734 999.734 999.734 999.734
          999.734 999.734 999.734 999.734 999.734 999.734 999.734 999.734 999.734 999.734 999.734 999.734
          999.734 999.734 999.734 999.734 999.734 999.734 999.734 999.734 999.734 999.734 999.734 999.734
          999.734 999.734 999.734 999.734 999.734 999.734 999.734 999.734 999.734 999.734 999.734 999.734
          999.734 999.734 999.734 999.734 999.734 999.734 999.734 999.734 999.734 999.734 999.734 999.734
          999.734 999.734 999.734 999.734 999.734 999.734 999.734 999.734 999.734 999.734 999.734 999.734
          999.734 999.734 999.734 999.734 999.734 999.734 999.734 999.734 999.734 999.734 999.734 999.734
          999.734 999.734 999.734 999.734 999.735 999.735 999.735 999.735 999.735 999.735 999.734 999.734
          999.734 999.734 999.734 999.734 999.734 999.734 999.734 999.734 999.734 999.734 999.734 999.734
          999.734 999.734 999.734 999.734 999.734 999.734 999.734 999.734 999.734 999.734 999.734 999.734
          999.734 999.734 999.734 999.734 999.734 999.734 999.734 999.734 999.734 999.734 999.734 999.734
          999.734 999.734 999.734 999.734 999.734 999.734 999.734 999.734 999.734 999.734 999.734 999.734
          999.734 999.734 999.734 999.734 999.734 999.734 999.734 999.734 999.734 999.734 999.734 999.734
          999.734 999.734 999.734 999.734 999.734 999.734 999.734 999.734 999.735 999.735 999.735 999.735
          999.735 999.735 999.735 999.735 999.735 999.735 999.735 999.735 999.735 999.735 999.735 999.735
          999.735 999.735 999.735 999.735 999.735 999.735 999.735 999.735 999.735 999.735 999.735 999.735
          999.735 999.735 999.735 999.735 999.735 999.735 999.735 999.735 999.735 999.735 999.735 999.735
          999.735 999.735 999.735 999.735 999.735 999.735 999.735 999.735 999.735 999.735 999.735 999.735
          999.735 999.735 999.735 999.735 999.735 999.735 999.735 999.735 999.735 999.735 999.735 999.735
          999.735 999.735 999.735 999.735 999.735 999.735 999.735 999.735 999.735 999.735 999.735 999.735
          999.735 999.735 999.735 999.735 999.735 999.735 999.735 999.735 999.735 999.735 999.735 999.735
          999.735 999.735 999.735 999.735 999.735 999.735 999.735 999.735 999.735 999.735 999.735 999.735
          999.735 999.735 999.735 999.735 999.735 999.735 999.735 999.735 999.735 999.735 999.735 999.735
          999.735 999.735 999.735 999.735 999.735 999.735 999.735 999.735 999.735 999.735 999.735 999.735
          999.735 999.735 999.735 999.735 999.735 999.735 999.735 999.735 999.735 999.735 999.735 999.735
          999.735 999.735 999.735 999.735 999.735 999.735 999.735 999.735 999.735 999.735 999.735 999.735
          999.735 999.735 999.735 999.735 999.735 999.735 999.735 999.735 999.735 999.735 999.735 999.735
          999.735 999.735 999.735 999.735 999.735 999.735 999.735 999.735 999.735 999.735 999.735 999.735
          999.735 999.735 999.735 999.735 999.735 999.735 999.735 999.735 999.735 999.735 999.735 999.735
          999.735 999.735 999.735 999.735 999.735 999.735 999.735 999.735 999.735 999.735 999.735 999.735
          999.735 999.735 999.735 999.735 999.735 999.735 999.735 999.735 999.735 999.735 999.735 999.735
          999.735 999.735 999.735 999.735 999.735 999.735 999.735 999.735 999.735 999.735 999.735 999.735
          999.735 999.735 999.735 999.735 999.735 999.735 999.735 999.735 999.736 999.736 999.736 999.736
          999.736 999.736 999.736 999.736 999.736 999.736 999.736 999.736 999.736 999.736 999.736 999.736
          999.736 999.736 999.736 999.736 999.736 999.736 999.736 999.736 999.736 999.736 999.736 999.735
          999.735 999.735 999.735 999.735 999.735 999.735 999.735 999.735 999.735 999.735 999.735 999.735
          999.735 999.735 999.735 999.735 999.735 999.735 999.735 999.735 999.735 999.735 999.735 999.735
          999.735 999.735 999.735 999.735 999.735 999.735 999.735 999.735 999.735 999.735 999.735 999.735
          999.735 999.735 999.735 999.735 999.735 999.735 999.735 999.735 999.735 999.735 999.735 999.735
          999.735 999.736 999.736 999.736 999.736 999.736 999.736 999.736 999.736 999.736 999.736 999.736
          999.736 999.736 999.736 999.736 999.736 999.736 999.736 999.736 999.736 999.736 999.736 999.736
          999.736 999.736 999.736 999.736 999.736 999.736 999.736 999.736 999.736 999.736 999.736 999.736
          999.736 999.736 999.736 999.736 999.736 999.736 999.736 999.736 999.736 999.736 999.736 999.736
          999.736 999.736 999.736 999.736 999.736 999.736 999.736 999.736 999.736 999.736 999.736 999.736
          999.736 999.736 999.736 999.736 999.736 999.736 999.736 999.736 999.736 999.736 999.736 999.736
          999.736 999.736 999.736 999.736 999.73 999.734 999.735 999.736 999.736 999.736 999.736 999.736
          999.736 999.736 999.736 999.736 999.736 999.736 999.736 999.736 999.736 999.736 999.736 999.736
          999.736 999.736 999.736 999.736 999.736 999.736 999.736 999.736 999.736 999.736 999.736 999.736
          999.736 999.736 999.736 999.736 999.736 999.736 999.736 999.736 999.736 999.736 999.736 999.736
          999.736 999.736 999.736 999.736 999.736 999.736 999.736 999.736 999.736 999.736 999.736 999.736
          999.736 999.736 999.736 999.736 999.736 999.736 999.736 999.736 999.736 999.736 999.736 999.736
          999.736 999.736 999.736 999.736 999.736 999.736 999.736 999.736 999.73 999.73 999.731 999.731
          999.734 999.735 999.736 999.736 999.736 999.736 999.736 999.736 999.736 999.736 999.736 999.736
          999.736 999.736 999.736 999.736 999.736 999.736 999.736 999.736 999.736 999.736 999.736 999.736
          999.736 999.736 999.736 999.736 999.736 999.736 999.736 999.736 999.736 999.736 999.736 999.736
          999.736 999.736 999.736 999.736 999.736 999.736 999.736 999.736 999.736 999.736 999.736 999.736
          999.736 999.736 999.736 999.736 999.736 999.736 999.736 999.736 999.736 999.736 999.736 999.736
          999.736 999.736 999.736 999.736 999.736 999.736 999.736 999.736 999.736 999.736 999.736 999.736
          999.73 999.731 999.731 999.731 999.731 999.731 999.731 999.732 999.735 999.736 999.736 999.737
          999.737 999.737 999.737 999.737 999.737 999.737 999.737 999.737 999.737 999.737 999.737 999.737
          999.737 999.737 999.737 999.737 999.737 999.737 999.737 999.737 999.737 999.737 999.737 999.737
          999.737 999.737 999.737 999.737 999.737 999.737 999.737 999.737 999.736 999.736 999.736 999.736
          999.736 999.736 999.736 999.736 999.736 999.736 999.736 999.736 999.736 999.736 999.736 999.736
          999.736 999.736 999.736 999.736 999.736 999.736 999.736 999.736 999.736 999.736 999.736 999.736
          999.736 999.736 999.736 999.736 999.731 999.731 999.731 999.731 999.731 999.731 999.731 999.731
          999.731 999.731 999.731 999.735 999.736 999.736 999.737 999.737 999.737 999.737 999.737 999.737
          999.737 999.737 999.737 999.737 999.737 999.737 999.737 999.737 999.737 999.737 999.737 999.737
          999.737 999.737 999.737 999.737 999.737 999.737 999.737 999.737 999.737 999.737 999.737 999.737
          999.737 999.737 999.737 999.737 999.737 999.737 999.737 999.737 999.737 999.737 999.737 999.737
          999.737 999.737 999.737 999.737 999.737 999.737 999.737 999.737 999.737 999.737 999.737 999.737
          999.737 999.737 999.737 999.737 999.737 999.737 999.737 999.737 999.731 999.731 999.731 999.731
          999.731 999.731 999.731 999.731 999.731 999.731 999.731 999.731 999.731 999.731 999.733 999.736
          999.736 999.737 999.737 999.737 999.737 999.737 999.737 999.737 999.737 999.737 999.737 999.737
          999.737 999.737 999.737 999.737 999.737 999.737 999.737 999.737 999.737 999.737 999.737 999.737
          999.737 999.737 999.737 999.737 999.737 999.737 999.737 999.737 999.737 999.737 999.737 999.737
          999.737 999.737 999.737 999.737 999.737 999.737 999.737 999.737 999.737 999.737 999.737 999.737
          999.737 999.737 999.737 999.737 999.737 999.737 999.737 999.737 999.737 999.737 999.737 999.737
          999.731 999.731 999.731 999.731 999.731 999.731 999.731 999.731 999.731 999.731 999.731 999.731
          999.731 999.732 999.732 999.732 999.732 999.732 999.732 999.736 999.736 999.737 999.737 999.737
          999.737 999.737 999.737 999.737 999.737 999.737 999.737 999.737 999.737 999.737 999.737 999.737
          999.737 999.737 999.737 999.737 999.737 999.737 999.737 999.737 999.737 999.737 999.737 999.737
          999.737 999.737 999.737 999.737 999.737 999.737 999.737 999.737 999.737 999.737 999.737 999.737
          999.737 999.737 999.737 999.737 999.737 999.737 999.737 999.737 999.737 999.737 999.737 999.737
          999.737 999.737 999.737 999.737 999.731 999.731 999.731 999.731 999.731 999.731 999.731 999.731
          999.731 999.731 999.731 999.731 999.732 999.732 999.732 999.732 999.732 999.732 999.732 999.732
          999.732 999.732 999.732 999.732 999.736 999.737 999.737 999.737 999.737 999.737 999.737 999.737
          999.738 999.738 999.738 999.738 999.738 999.738 999.738 999.738 999.738 999.738 999.738 999.738
          999.738 999.738 999.738 999.737 999.737 999.737 999.737 999.737 999.737 999.737 999.737 999.737
          999.737 999.737 999.737 999.737 999.737 999.737 999.737 999.737 999.737 999.737 999.737 999.737
          999.737 999.737 999.737 999.737 999.737 999.737 999.737 999.737 999.731 999.731 999.731 999.731
          999.731 999.731 999.731 999.731 999.731 999.731 999.731 999.731 999.732 999.732 999.732 999.732
          999.732 999.732 999.732 999.732 999.732 999.732 999.732 999.732 999.732 999.732 999.732 999.732
          999.732 999.734 999.737 999.737 999.737 999.737 999.737 999.738 999.738 999.738 999.738 999.738
          999.738 999.738 999.738 999.738 999.738 999.738 999.738 999.738 999.738 999.738 999.738 999.738
          999.738 999.738 999.738 999.738 999.738 999.738 999.738 999.738 999.738 999.738 999.738 999.738
          999.738 999.738 999.738 999.738 999.738 999.738 999.738 999.738 999.738 999.738 999.738 999.738
          999.731 999.731 999.731 999.731 999.731 999.731 999.731 999.731 999.731 999.731 999.731 999.732
          999.732 999.732 999.732 999.732 999.732 999.732 999.732 999.732 999.732 999.732 999.732 999.732
          999.732 999.732 999.732 999.732 999.732 999.733 999.733 999.733 999.733 999.733 999.733 999.733
          999.737 999.737 999.737 999.737 999.738 999.738 999.738 999.738 999.738 999.738 999.738 999.738
          999.738 999.738 999.738 999.738 999.738 999.738 999.738 999.738 999.738 999.738 999.738 999.738
          999.738 999.738 999.738 999.738 999.738 999.738 999.738 999.738 999.738 999.738 999.738 999.738
          999.738 999.738 999.738 999.738 999.731 999.731 999.731 999.731 999.731 999.731 999.731 999.731
          999.731 999.731 999.732 999.732 999.732 999.732 999.732 999.732 999.732 999.732 999.732 999.732
          999.732 999.732 999.732 999.732 999.732 999.732 999.732 999.732 999.733 999.733 999.733 999.733
          999.733 999.733 999.733 999.733 999.733 999.733 999.733 999.733 999.733 999.733 999.733 999.737
          999.737 999.737 999.738 999.738 999.738 999.738 999.738 999.738 999.738 999.738 999.738 999.738
          999.738 999.738 999.738 999.738 999.738 999.738 999.738 999.738 999.738 999.738 999.738 999.738
          999.738 999.738 999.738 999.738 999.738 999.738 999.738 999.738 999.731 999.731 999.731 999.731
          999.731 999.731 999.731 999.731 999.731 999.732 999.732 999.732 999.732 999.732 999.732 999.732
          999.732 999.732 999.732 999.732 999.732 999.732 999.732 999.732 999.732 999.732 999.732 999.732
          999.733 999.733 999.733 999.733 999.733 999.733 999.733 999.733 999.733 999.733 999.733 999.733
          999.733 999.733 999.733 999.733 999.733 999.734 999.734 999.734 999.734 999.734 999.737 999.738
          999.738 999.738 999.738 999.738 999.738 999.738 999.738 999.738 999.738 999.738 999.738 999.738
          999.738 999.738 999.738 999.738 999.738 999.738 999.738 999.738 999.738 999.738 999.738 999.738
          999.731 999.731 999.731 999.731 999.731 999.731 999.731 999.731 999.731 999.732 999.732 999.732
          999.732 999.732 999.732 999.732 999.732 999.732 999.732 999.732 999.732 999.732 999.732 999.732
          999.732 999.732 999.732 999.733 999.733 999.733 999.733 999.733 999.733 999.733 999.733 999.733
          999.733 999.733 999.733 999.733 999.733 999.733 999.733 999.733 999.734 999.734 999.734 999.734
          999.734 999.734 999.734 999.734 999.734 999.734 999.734 999.734 999.734 999.738 999.738 999.738
          999.738 999.738 999.738 999.739 999.739 999.739 999.739 999.739 999.739 999.739 999.739 999.739
          999.739 999.739 999.739 999.739 999.731 999.731 999.731 999.731 999.731 999.731 999.731 999.731
          999.732 999.732 999.732 999.732 999.732 999.732 999.732 999.732 999.732 999.732 999.732 999.732
          999.732 999.732 999.732 999.732 999.732 999.732 999.733 999.733 999.733 999.733 999.733 999.733
          999.733 999.733 999.733 999.733 999.733 999.733 999.733 999.733 999.733 999.733 999.733 999.733
          999.734 999.734 999.734 999.734 999.734 999.734 999.734 999.734 999.734 999.734 999.734 999.734
          999.734 999.734 999.734 999.734 999.734 999.735 999.735 999.735 999.735 999.738 999.739 999.739
          999.739 999.739 999.739 999.739 999.739 999.739 999.739 999.739 999.731 999.731 999.731 999.731
          999.731 999.731 999.731 999.731 999.732 999.732 999.732 999.732 999.732 999.732 999.732 999.732
          999.732 999.732 999.732 999.732 999.732 999.732 999.732 999.732 999.732 999.732 999.733 999.733
          999.733 999.733 999.733 999.733 999.733 999.733 999.733 999.733 999.733 999.733 999.733 999.733
          999.733 999.733 999.733 999.734 999.734 999.734 999.734 999.734 999.734 999.734 999.734 999.734
          999.734 999.734 999.734 999.734 999.734 999.734 999.734 999.734 999.735 999.735 999.735 999.735
          999.735 999.735 999.735 999.735 999.735 999.735 999.735 999.739 999.739 999.739 999.739 999.739
          999.731 999.731 999.731 999.731 999.731 999.731 999.731 999.732 999.732 999.732 999.732 999.732
          999.732 999.732 999.732 999.732 999.732 999.732 999.732 999.732 999.732 999.732 999.732 999.732
          999.732 999.733 999.733 999.733 999.733 999.733 999.733 999.733 999.733 999.733 999.733 999.733
          999.733 999.733 999.733 999.733 999.733 999.733 999.733 999.734 999.734 999.734 999.734 999.734
          999.734 999.734 999.734 999.734 999.734 999.734 999.734 999.734 999.734 999.734 999.734 999.734
          999.735 999.735 999.735 999.735 999.735 999.735 999.735 999.735 999.735 999.735 999.735 999.735
          999.735 999.736 999.736 999.739
        </DataArray>
        <DataArray type="Float32" Name="mob_liq" NumberOfComponents="1" format="ascii">
          1000 1000 1000 1000 1000 1000 1000 1000 1000 1000 1000 1000
          1000 1000 1000 1000 1000 1000 1000 1000 1000 1000 1000 1000
          1000 1000 1000 1000 1000 1000 1000 1000 1000 1000 1000 1000
          1000 1000 1000 1000 1000 1000 1000 1000 1000 1000 1000 1000
          1000 1000 1000 1000 1000 1000 1000 1000 1000 1000 1000 1000
          1000 1000 1000 1000 1000 1000 1000 1000 1000 1000 1000 1000
          1000 1000 1000 1000 1000 1000 1000 1000 1000 1000 1000 1000
          1000 1000 1000 1000 1000 1000 1000 1000 1000 1000 1000 1000
          1000 1000 1000 1000 1000 1000 1000 1000 1000 1000 1000 1000
          1000 1000 1000 1000 1000 1000 1000 1000 1000 1000 1000 1000
          1000 1000 1000 1000 1000 1000 1000 1000 1000 1000 1000 1000
          1000 1000 1000 1000 1000 1000 1000 1000 1000 1000 1000 1000
          1000 1000 1000 1000 1000 1000 1000 1000 1000 1000 1000 1000
          1000 1000 1000 1000 1000 1000 1000 1000 1000 1000 1000 1000
          1000 1000 1000 1000 1000 1000 1000 1000 1000 1000 1000 1000
          1000 1000 1000 1000 1000 1000 1000 1000 1000 1000 1000 1000
          1000 1000 1000 1000 1000 1000 1000 1000 1000 1000 1000 1000
          1000 1000 1000 1000 1000 1000 1000 1000 1000 1000 1000 1000
          1000 1000 1000 1000 1000 1000 1000 1000 1000 1000 1000 1000
          1000 1000 1000 1000 1000 1000 1000 1000 1000 1000 1000 1000
          1000 1000 1000 1000 1000 1000 1000 1000 1000 1000 1000 1000
          1000 1000 1000 1000 1000 1000 1000 1000 1000 1000 1000 1000
          1000 1000 1000 1000 1000 1000 1000 1000 1000 1000 1000 1000
          1000 1000 1000 1000 1000 1000 1000 1000 1000 1000 1000 1000
          1000 1000 1000 1000 1000 1000 1000 1000 1000 1000 1000 1000
          1000 1000 1000 1000 1000 1000 1000 1000 1000 1000 1000 1000
          1000 1000 1000 1000 1000 1000 1000 1000 1000 1000 1000 1000
          1000 1000 1000 1000 1000 1000 1000 1000 1000 1000 1000 1000
          1000 1000 1000 1000 1000 1000 1000 1000 1000 1000 1000 1000
          1000 1000 1000 1000 1000 1000 1000 1000 1000 1000 1000 1000
          1000 1000 1000 1000 1000 1000 1000 1000 1000 1000 1000 1000
          1000 1000 1000 1000 1000 1000 1000 1000 1000 1000 1000 1000
          1000 1000 1000 1000 1000 1000 1000 1000 1000 1000 1000 1000
          1000 1000 1000 1000 1000 1000 1000 1000 1000 1000 1000 1000
          1000 1000 1000 1000 1000 1000 1000 1000 1000 1000 1000 1000
          1000 1000 1000 1000 1000 1000 1000 1000 1000 1000 1000 1000
          1000 1000 1000 1000 1000 1000 1000 1000 1000 1000 1000 1000
          1000 1000 1000 1000 1000 1000 1000 1000 1000 1000 1000 1000
          1000 1000 1000 1000 1000 1000 1000 1000 1000 1000 1000 1000
          1000 1000 1000 1000 1000 1000 1000 1000 1000 1000 1000 1000
          1000 1000 1000 1000 1000 1000 1000 1000 1000 1000 1000 1000
          1000 1000 1000 1000 1000 1000 1000 1000 1000 1000 1000 1000
          1000 1000 1000 1000 1000 1000 1000 1000 1000 1000 1000 1000
          1000 1000 1000 1000 1000 1000 1000 1000 1000 1000 1000 1000
          1000 1000 1000 1000 1000 1000 1000 1000 1000 1000 1000 1000
          1000 1000 1000 1000 1000 1000 1000 1000 1000 1000 1000 1000
          1000 1000 1000 1000 1000 1000 1000 1000 1000 1000 1000 1000
          1000 1000 1000 1000 1000 1000 1000 1000 1000 1000 1000 1000
          1000 1000 1000 1000 1000 1000 1000 1000 1000 1000 1000 1000
          1000 1000 1000 1000 1000 1000 1000 1000 1000 1000 1000 1000
          1000 1000 1000 1000 1000 1000 1000 1000 1000 1000 1000 1000
          1000 1000 1000 1000 1000 1000 1000 1000 1000 1000 1000 1000
          1000 1000 1000 1000 1000 1000 1000 1000 1000 1000 1000 1000
          1000 1000 1000 1000 1000 1000 1000 1000 1000 1000 1000 1000
          1000 1000 1000 1000 1000 1000 1000 1000 1000 1000 1000 1000
          1000 1000 1000 1000 1000 1000 1000 1000 1000 1000 1000 1000
          1000 1000 1000 1000 1000 1000 1000 1000 1000 1000 1000 1000
          1000 1000 1000 1000 1000 1000 1000 1000 1000 1000 1000 1000
          1000 1000 1000 1000 1000 1000 1000 1000 1000 1000 1000 1000
          1000 1000 1000 1000 1000 1000 1000 1000 1000 1000 1000 1000
          1000 1000 1000 1000 1000 1000 1000 1000 1000 1000 1000 1000
          1000 1000 1000 1000 1000 1000 1000 1000 1000 1000 1000 1000
          1000 1000 1000 1000 1000 1000 1000 1000 1000 1000 1000 1000
          1000 1000 1000 1000 1000 1000 1000 1000 1000 1000 1000 1000
          1000 1000 1000 1000 1000 1000 1000 1000 1000 1000 1000 1000
          1000 1000 1000 1000 1000 1000 1000 1000 1000 1000 1000 1000
          1000 1000 1000 1000 1000 1000 1000 1000 1000 1000 1000 1000
          1000 1000 1000 1000 1000 1000 1000 1000 1000 1000 1000 1000
          1000 1000 1000 1000 1000 1000 1000 1000 1000 1000 1000 1000
          1000 1000 1000 1000 1000 1000 1000 1000 1000 1000 1000 1000
          1000 1000 1000 1000 1000 1000 1000 1000 1000 1000 1000 1000
          1000 1000 1000 1000 1000 1000 1000 1000 1000 1000 1000 1000
          1000 1000 1000 1000 1000 1000 1000 1000 1000 1000 1000 1000
          1000 1000 1000 1000 1000 1000 1000 1000 1000 1000 1000 1000
          1000 1000 1000 1000 1000 1000 1000 1000 1000 1000 1000 1000
          1000 1000 1000 1000 1000 1000 1000 1000 1000 1000 1000 1000
          1000 1000 1000 1000 1000 1000 1000 1000 1000 1000 1000 1000
          1000 1000 1000 1000 1000 1000 1000 1000 1000 1000 1000 1000
          1000 1000 1000 1000 1000 1000 1000 1000 1000 1000 1000 1000
          1000 1000 1000 1000 1000 1000 1000 1000 1000 1000 1000 1000
          1000 1000 1000 1000 1000 1000 1000 1000 1000 1000 1000 1000
          1000 1000 1000 1000 1000 1000 1000 1000 1000 1000 1000 1000
          1000 1000 1000 1000 1000 1000 1000 1000 1000 1000 1000 1000
          1000 1000 1000 1000 1000 1000 1000 1000 1000 1000 1000 1000
          1000 1000 1000 1000 1000 1000 1000 1000 1000 1000 1000 1000
          1000 1000 1000 1000 1000 1000 1000 1000 1000 1000 1000 1000
          1000 1000 1000 1000 1000 1000 1000 1000 1000 1000 1000 1000
          1000 1000 1000 1000 1000 1000 1000 1000 1000 1000 1000 1000
          1000 1000 1000 1000 1000 1000 1000 1000 1000 1000 1000 1000
          1000 1000 1000 1000 1000 1000 1000 1000 1000 1000 1000 1000
          1000 1000 1000 1000 1000 1000 1000 1000 1000 1000 1000 1000
          1000 1000 1000 1000 1000 1000 1000 1000 1000 1000 1000 1000
          1000 1000 1000 1000 1000 1000 1000 1000 1000 1000 1000 1000
          1000 1000 1000 1000 1000 1000 1000 1000 1000 1000 1000 1000
          1000 1000 1000 1000 1000 1000 1000 1000 1000 1000 1000 1000
          1000 1000 1000 1000 1000 1000 1000 1000 1000 1000 1000 1000
          1000 1000 1000 1000 1000 1000 1000 1000 1000 1000 1000 1000
          1000 1000 1000 1000 1000 1000 1000 1000 1000 1000 1000 1000
          1000 1000 1000 1000 1000 1000 1000 1000 1000 1000 1000 1000
          1000 1000 1000 1000 1000 1000 1000 1000 1000 1000 1000 1000
          1000 1000 1000 1000 1000 1000 1000 1000 1000 1000 1000 1000
          1000 1000 1000 1000 937.249 1000 1000 1000 1000 1000 1000 1000
          1000 1000 1000 1000 1000 1000 1000 1000 1000 1000 1000 1000
          1000 1000 1000 1000 1000 1000 1000 1000 1000 1000 1000 1000
          1000 1000 1000 1000 1000 1000 1000 1000 1000 1000 1000 1000
          1000 1000 1000 1000 1000 1000 1000 1000 1000 1000 1000 1000
          1000 1000 1000 1000 1000 1000 1000 1000 1000 1000 1000 1000
          1000 1000 1000 1000 1000 1000 1000 1000 219.84 290.602 459.792 884.859
          1000 1000 1000 1000 1000 1000 1000 1000 1000 1000 1000 1000
          1000 1000 1000 1000 1000 1000 1000 1000 1000 1000 1000 1000
          1000 1000 1000 1000 1000 1000 1000 1000 1000 1000 1000 1000
          1000 1000 1000 1000 1000 1000 1000 1000 1000 1000 1000 1000
          1000 1000 1000 1000 1000 1000 1000 1000 1000 1000 1000 1000
          1000 1000 1000 1000 1000 1000 1000 1000 1000 1000 1000 1000
          131.789 146.597 169.13 202.7 262.085 396.373 797.398 1000 1000 1000 1000 1000
          1000 1000 1000 1000 1000 1000 1000 1000 1000 1000 1000 1000
          1000 1000 1000 1000 1000 1000 1000 1000 1000 1000 1000 1000
          1000 1000 1000 1000 1000 1000 1000 1000 1000 1000 1000 1000
          1000 1000 1000 1000 1000 1000 1000 1000 1000 1000 1000 1000
          1000 1000 1000 1000 1000 1000 1000 1000 1000 1000 1000 1000
          1000 1000 1000 1000 107.107 111.384 117.158 125.326 137.317 155.108 181.01 226.638
          321.463 624.158 984.276 1000 1000 1000 1000 1000 1000 1000 1000 1000
          1000 1000 1000 1000 1000 1000 1000 1000 1000 1000 1000 1000
          1000 1000 1000 1000 1000 1000 1000 1000 1000 1000 1000 1000
          1000 1000 1000 1000 1000 1000 1000 1000 1000 1000 1000 1000
          1000 1000 1000 1000 1000 1000 1000 1000 1000 1000 1000 1000
          1000 1000 1000 1000 1000 1000 1000 1000 94.7708 96.6062 98.7833 101.463
          104.882 109.413 115.684 124.567 137.196 154.766 184.683 242.219 387.305 815.511 1000 1000
          1000 1000 1000 1000 1000 1000 1000 1000 1000 1000 1000 1000
          1000 1000 1000 1000 1000 1000 1000 1000 1000 1000 1000 1000
          1000 1000 1000 1000 1000 1000 1000 1000 1000 1000 1000 1000
          1000 1000 1000 1000 1000 1000 1000 1000 1000 1000 1000 1000
          1000 1000 1000 1000 1000 1000 1000 1000 1000 1000 1000 1000
          84.6926 85.7486 86.8902 88.1583 89.6096 91.3216 93.3975 95.9836 99.3091 103.754 109.75 117.76
          128.156 143.52 173.206 229.781 372.393 789.062 1000 1000 1000 1000 1000 1000
          1000 1000 1000 1000 1000 1000 1000 1000 1000 1000 1000 1000
          1000 1000 1000 1000 1000 1000 1000 1000 1000 1000 1000 1000
          1000 1000 1000 1000 1000 1000 1000 1000 1000 1000 1000 1000
          1000 1000 1000 1000 1000 1000 1000 1000 1000 1000 1000 1000
          1000 1000 1000 1000 74.8492 75.5703 76.3192 77.1095 77.9582 78.8872 79.9252 81.1089
          82.485 84.1095 86.0592 88.4526 91.4878 95.3847 100.239 106.125 113.165 124.119 145.387 182.157
          250.203 416.633 794.776 996.072 1000 1000 1000 1000 1000 1000 1000 1000
          1000 1000 1000 1000 1000 1000 1000 1000 1000 1000 1000 1000
          1000 1000 1000 1000 1000 1000 1000 1000 1000 1000 1000 1000
          1000 1000 1000 1000 1000 1000 1000 1000 1000 1000 1000 1000
          1000 1000 1000 1000 1000 1000 1000 1000 65.0148 65.5621 66.1272 66.7162
          67.3366 67.997 68.7079 69.4815 70.3322 71.2782 72.3415 73.5487 74.93 76.5237 78.391 80.631
          83.3949 86.8086 90.9166 95.8037 101.582 108.974 120.607 140.021 172.706 228.875 342.901 602.543
          912.505 1000 1000 1000 1000 1000 1000 1000 1000 1000 1000 1000
          1000 1000 1000 1000 1000 1000 1000 1000 1000 1000 1000 1000
          1000 1000 1000 1000 1000 1000 1000 1000 1000 1000 1000 1000
          1000 1000 1000 1000 1000 1000 1000 1000 1000 1000 1000 1000
          55.3376 55.7877 56.2555 56.7446 57.2589 57.8028 58.3812 58.9993 59.6633 60.3799 61.1567 62.0027
          62.9281 63.9457 65.0705 66.3193 67.7095 69.2635 71.0165 73.0225 75.3681 78.1593 81.4778 85.3808
          89.9458 95.3309 102.118 111.78 126.08 148.724 185.555 247.781 366.07 603.482 876.143 993.35
          1000 1000 1000 1000 1000 1000 1000 1000 1000 1000 1000 1000
          1000 1000 1000 1000 1000 1000 1000 1000 1000 1000 1000 1000
          1000 1000 1000 1000 1000 1000 1000 1000 1000 1000 1000 1000
          1000 1000 1000 1000 45.9592 46.347 46.7524 47.1774 47.6242 48.0951 48.5926 49.119
          49.6772 50.27 50.9006 51.5723 52.2889 53.0546 53.8738 54.752 55.6955 56.7122 57.8121 59.007
          60.3101 61.7364 63.3048 65.0425 66.9898 69.2065 71.768 74.7522 78.2278 82.2555 86.9319 92.5181
          99.7205 109.435 123.017 143.243 175.229 226.069 312.366 473.995 725.376 924.686 999.22 1000
          1000 1000 1000 1000 1000 1000 1000 1000 1000 1000 1000 1000
          1000 1000 1000 1000 1000 1000 1000 1000 1000 1000 1000 1000
          1000 1000 1000 1000 1000 1000 1000 1000 36.93 37.2641 37.6135 37.9794
          38.3629 38.7652 39.1875 39.631 40.097 40.587 41.1022 41.6444 42.2151 42.8161 43.4497 44.118
          44.8237 45.5699 46.36 47.1982 48.089 49.0381 50.0521 51.1391 52.3087 53.5721 54.9413 56.4305
          58.0579 59.8484 61.838 64.0757 66.6228 69.5511 72.9263 76.8059 81.268 86.524 93.0443 101.407
          112.52 127.909 150.543 185.332 238.958 327.147 483.007 710.61 902.646 993.524 1000 1000
          1000 1000 1000 1000 1000 1000 1000 1000 1000 1000 1000 1000
          1000 1000 1000 1000 1000 1000 1000 1000 1000 1000 1000 1000
          28.2306 28.5051 28.7914 29.09 29.4017 29.7271 30.0667 30.4212 30.7913 31.1779 31.5817 32.0035
          32.4444 32.9053 33.3874 33.892 34.4204 34.9742 35.5551 36.165 36.8062 37.4811 38.1924 38.9434
          39.7376 40.579 41.4721 42.4222 43.4357 44.5198 45.6833 46.9361 48.2893 49.7553 51.3492 53.091
          55.0087 57.1392 59.5312 62.2357 65.3043 68.8082 72.8273 77.4544 82.9314 89.6433 98.1111 109.187
          124.211 145.609 177.659 225.615 301.088 428.619 628.82 837.312 968.412 1000 1000 1000
          1000 1000 1000 1000 1000 1000 1000 1000 1000 1000 1000 1000
          1000 1000 1000 1000 19.8234 20.0279 20.2405 20.4614 20.691 20.9296 21.1777 21.4357
          21.7039 21.9829 22.273 22.575 22.8893 23.2166 23.5576 23.9129 24.2835 24.6702 25.074 25.4959
          25.9371 26.3989 26.8827 27.3899 27.9225 28.4821 29.071 29.6915 30.3462 31.0382 31.7706 32.5473
          33.3723 34.2505 35.1873 36.1892 37.2639 38.4202 39.6681 41.0191 42.4858 44.0835 45.8318 47.7575
          49.8956 52.2847 54.9693 58.0035 61.4498 65.3933 69.9501 75.3138 81.7955 89.8643 100.246 114.05
          133.102 160.902 202.111 264.863 367.648 540.653 764.969 936.963 999.995 1000 1000 1000
          1000 1000 1000 1000 1000 1000 1000 1000 11.6986 11.8245 11.955 12.0902
          12.2303 12.3756 12.5262 12.6824 12.8444 13.0125 13.187 13.3681 13.5562 13.7516 13.9548 14.1661
          14.3859 14.6148 14.8532 15.1018 15.361 15.6316 15.9142 16.2097 16.5188 16.8425 17.1818 17.5378
          17.9116 18.3047 18.7185 19.1547 19.6149 20.1012 20.6159 21.1615 21.7408 22.3569 23.0135 23.7145
          24.4644 25.2687 26.1334 27.0658 28.0746 29.1696 30.3619 31.6641 33.0918 34.6636 36.4036 38.3427
          40.5183 42.9773 45.7747 48.9757 52.6653 56.9666 62.0559 68.2115 75.8759 85.7398 98.8801 116.99
          143.308 183.413 246.166 351.612 540.467 804.111 979.533 1000 1000 1000 1000 1000
          3.89013 3.93287 3.97706 4.02277 4.07006 4.11899 4.16963 4.22206 4.27634 4.33257 4.39083 4.45123
          4.51386 4.57886 4.64633 4.71639 4.78919 4.86488 4.9436 5.02553 5.11085 5.19977 5.29249 5.38924
          5.49028 5.59589 5.70634 5.82198 5.94314 6.07022 6.20363 6.34384 6.49135 6.64673 6.81059 6.98361
          7.16657 7.3603 7.56575 7.78399 8.0162 8.26373 8.52811 8.81109 9.11463 9.44098 9.79272 10.1728
          10.5848 11.0327 11.5213 12.0566 12.6455 13.2959 14.0176 14.8227 15.7261 16.7462 17.9076 19.2423
          20.79 22.604 24.7557 27.3455 30.5107 34.4516 39.5393 46.3843 56.0438 70.6596 95.1981 143.152
          255.673 597.399 980.484 1000
        </DataArray>
        <DataArray type="Float32" Name="S_gas" NumberOfComponents="1" format="ascii">
          0 0 0 0 0 0 0 0 0 0 0 0
          0 0 0 0 0 0 0 0 0 0 0 0
          0 0 0 0 0 0 0 0 0 0 0 0
          0 0 0 0 0 0 0 0 0 0 0 0
          0 0 0 0 0 0 0 0 0 0 0 0
          0 0 0 0 0 0 0 0 0 0 0 0
          0 0 0 0 0 0 0 0 0 0 0 0
          0 0 0 0 0 0 0 0 0 0 0 0
          0 0 0 0 0 0 0 0 0 0 0 0
          0 0 0 0 0 0 0 0 0 0 0 0
          0 0 0 0 0 0 0 0 0 0 0 0
          0 0 0 0 0 0 0 0 0 0 0 0
          0 0 0 0 0 0 0 0 0 0 0 0
          0 0 0 0 0 0 0 0 0 0 0 0
          0 0 0 0 0 0 0 0 0 0 0 0
          0 0 0 0 0 0 0 0 0 0 0 0
          0 0 0 0 0 0 0 0 0 0 0 0
          0 0 0 0 0 0 0 0 0 0 0 0
          0 0 0 0 0 0 0 0 0 0 0 0
          0 0 0 0 0 0 0 0 0 0 0 0
          0 0 0 0 0 0 0 0 0 0 0 0
          0 0 0 0 0 0 0 0 0 0 0 0
          0 0 0 0 0 0 0 0 0 0 0 0
          0 0 0 0 0 0 0 0 0 0 0 0
          0 0 0 0 0 0 0 0 0 0 0 0
          0 0 0 0 0 0 0 0 0 0 0 0
          0 0 0 0 0 0 0 0 0 0 0 0
          0 0 0 0 0 0 0 0 0 0 0 0
          0 0 0 0 0 0 0 0 0 0 0 0
          0 0 0 0 0 0 0 0 0 0 0 0
          0 0 0 0 0 0 0 0 0 0 0 0
          0 0 0 0 0 0 0 0 0 0 0 0
          0 0 0 0 0 0 0 0 0 0 0 0
          0 0 0 0 0 0 0 0 0 0 0 0
          0 0 0 0 0 0 0 0 0 0 0 0
          0 0 0 0 0 0 0 0 0 0 0 0
          0 0 0 0 0 0 0 0 0 0 0 0
          0 0 0 0 0 0 0 0 0 0 0 0
          0 0 0 0 0 0 0 0 0 0 0 0
          0 0 0 0 0 0 0 0 0 0 0 0
          0 0 0 0 0 0 0 0 0 0 0 0
          0 0 0 0 0 0 0 0 0 0 0 0
          0 0 0 0 0 0 0 0 0 0 0 0
          0 0 0 0 0 0 0 0 0 0 0 0
          0 0 0 0 0 0 0 0 0 0 0 0
          0 0 0 0 0 0 0 0 0 0 0 0
          0 0 0 0 0 0 0 0 0 0 0 0
          0 0 0 0 0 0 0 0 0 0 0 0
          0 0 0 0 0 0 0 0 0 0 0 0
          0 0 0 0 0 0 0 0 0 0 0 0
          0 0 0 0 0 0 0 0 0 0 0 0
          0 0 0 0 0 0 0 0 0 0 0 0
          0 0 0 0 0 0 0 0 0 0 0 0
          0 0 0 0 0 0 0 0 0 0 0 0
          0 0 0 0 0 0 0 0 0 0 0 0
          0 0 0 0 0 0 0 0 0 0 0 0
          0 0 0 0 0 0 0 0 0 0 0 0
          0 0 0 0 0 0 0 0 0 0 0 0
          0 0 0 0 0 0 0 0 0 0 0 0
          0 0 0 0 0 0 0 0 0 0 0 0
          0 0 0 0 0 0 0 0 0 0 0 0
          0 0 0 0 0 0 0 0 0 0 0 0
          0 0 0 0 0 0 0 0 0 0 0 0
          0 0 0 0 0 0 0 0 0 0 0 0
          0 0 0 0 0 0 0 0 0 0 0 0
          0 0 0 0 0 0 0 0 0 0 0 0
          0 0 0 0 0 0 0 0 0 0 0 0
          0 0 0 0 0 0 0 0 0 0 0 0
          0 0 0 0 0 0 0 0 0 0 0 0
          0 0 0 0 0 0 0 0 0 0 0 0
          0 0 0 0 0 0 0 0 0 0 0 0
          0 0 0 0 0 0 0 0 0 0 0 0
          0 0 0 0 0 0 0 0 0 0 0 0
          0 0 0 0 0 0 0 0 0 0 0 0
          0 0 0 0 0 0 0 0 0 0 0 0
          0 0 0 0 0 0 0 0 0 0 0 0
          0 0 0 0 0 0 0 0 0 0 0 0
          0 0 0 0 0 0 0 0 0 0 0 0
          0 0 0 0 0 0 0 0 0 0 0 0
          0 0 0 0 0 0 0 0 0 0 0 0
          0 0 0 0 0 0 0 0 0 0 0 0
          0 0 0 0 0 0 0 0 0 0 0 0
          0 0 0 0 0 0 0 0 0 0 0 0
          0 0 0 0 0 0 0 0 0 0 0 0
          0 0 0 0 0 0 0 0 0 0 0 0
          0 0 0 0 0 0 0 0 0 0 0 0
          0 0 0 0 0 0 0 0 0 0 0 0
          0 0 0 0 0 0 0 0 0 0 0 0
          0 0 0 0 0 0 0 0 0 0 0 0
          0 0 0 0 0 0 0 0 0 0 0 0
          0 0 0 0 0 0 0 0 0 0 0 0
          0 0 0 0 0 0 0 0 0 0 0 0
          0 0 0 0 0 0 0 0 0 0 0 0
          0 0 0 0 0 0 0 0 0 0 0 0
          0 0 0 0 0 0 0 0 0 0 0 0
          0 0 0 0 0 0 0 0 0 0 0 0
          0 0 0 0 0 0 0 0 0 0 0 0
          0 0 0 0 0 0 0 0 0 0 0 0
          0 0 0 0 0 0 0 0 0 0 0 0
          0 0 0 0 0 0 0 0 0 0 0 0
          0 0 0 0 0 0 0 0 0 0 0 0
          0 0 0 0 0.00685785 0 0 0 0 0 0 0
          0 0 0 0 0 0 0 0 0 0 0 0
          0 0 0 0 0 0 0 0 0 0 0 0
          0 0 0 0 0 0 0 0 0 0 0 0
          0 0 0 0 0 0 0 0 0 0 0 0
          0 0 0 0 0 0 0 0 0 0 0 0
          0 0 0 0 0 0 0 0 0.146633 0.121665 0.078672 0.0128984
          0 0 0 0 0 0 0 0 0 0 0 0
          0 0 0 0 0 0 0 0 0 0 0 0
          0 0 0 0 0 0 0 0 0 0 0 0
          0 0 0 0 0 0 0 0 0 0 0 0
          0 0 0 0 0 0 0 0 0 0 0 0
          0 0 0 0 0 0 0 0 0 0 0 0
          0.190213 0.181372 0.169314 0.153733 0.131008 0.0928499 0.023718 0 0 0 0 0
          0 0 0 0 0 0 0 0 0 0 0 0
          0 0 0 0 0 0 0 0 0 0 0 0
          0 0 0 0 0 0 0 0 0 0 0 0
          0 0 0 0 0 0 0 0 0 0 0 0
          0 0 0 0 0 0 0 0 0 0 0 0
          0 0 0 0 0.207096 0.203942 0.199848 0.194347 0.186816 0.176639 0.163514 0.14395
          0.112418 0.0486344 0.00168229 0 0 0 0 0 0 0 0 0
          0 0 0 0 0 0 0 0 0 0 0 0
          0 0 0 0 0 0 0 0 0 0 0 0
          0 0 0 0 0 0 0 0 0 0 0 0
          0 0 0 0 0 0 0 0 0 0 0 0
          0 0 0 0 0 0 0 0 0.216855 0.215335 0.213565 0.211432
          0.208781 0.205382 0.200875 0.194844 0.186888 0.176825 0.161788 0.138057 0.0950372 0.0213948 0 0
          0 0 0 0 0 0 0 0 0 0 0 0
          0 0 0 0 0 0 0 0 0 0 0 0
          0 0 0 0 0 0 0 0 0 0 0 0
          0 0 0 0 0 0 0 0 0 0 0 0
          0 0 0 0 0 0 0 0 0 0 0 0
          0.225691 0.224723 0.223689 0.222553 0.221271 0.219782 0.218009 0.215848 0.213142 0.209647 0.205134 0.19943
          0.192514 0.183143 0.167285 0.142733 0.0987333 0.0248027 0 0 0 0 0 0
          0 0 0 0 0 0 0 0 0 0 0 0
          0 0 0 0 0 0 0 0 0 0 0 0
          0 0 0 0 0 0 0 0 0 0 0 0
          0 0 0 0 0 0 0 0 0 0 0 0
          0 0 0 0 0.235259 0.234522 0.233762 0.232968 0.232124 0.231208 0.230196 0.229056
          0.227749 0.22623 0.224441 0.222292 0.219639 0.216344 0.2124 0.207836 0.202659 0.19514 0.182064 0.162972
          0.135165 0.0881172 0.024058 0.000418087 0 0 0 0 0 0 0 0
          0 0 0 0 0 0 0 0 0 0 0 0
          0 0 0 0 0 0 0 0 0 0 0 0
          0 0 0 0 0 0 0 0 0 0 0 0
          0 0 0 0 0 0 0 0 0.245988 0.245355 0.244706 0.244035
          0.243333 0.242592 0.241802 0.240951 0.240023 0.239004 0.237872 0.236604 0.235176 0.233556 0.231696 0.229514
          0.226895 0.223762 0.220132 0.215996 0.211338 0.205706 0.197485 0.185197 0.167532 0.143083 0.106442 0.052157
          0.00967303 0 0 0 0 0 0 0 0 0 0 0
          0 0 0 0 0 0 0 0 0 0 0 0
          0 0 0 0 0 0 0 0 0 0 0 0
          0 0 0 0 0 0 0 0 0 0 0 0
          0.258034 0.257435 0.256816 0.256174 0.255503 0.2548 0.254059 0.253274 0.252439 0.251546 0.250589 0.249559
          0.248446 0.247239 0.245923 0.244486 0.242914 0.24119 0.239285 0.237155 0.234728 0.231925 0.228704 0.225059
          0.220977 0.216388 0.210918 0.203655 0.193855 0.180167 0.161383 0.136034 0.10034 0.0520017 0.0139335 0.000708621
          0 0 0 0 0 0 0 0 0 0 0 0
          0 0 0 0 0 0 0 0 0 0 0 0
          0 0 0 0 0 0 0 0 0 0 0 0
          0 0 0 0 0.271617 0.271009 0.270379 0.269723 0.269038 0.268323 0.267575 0.26679
          0.265965 0.265099 0.264187 0.263226 0.262213 0.261144 0.260015 0.258821 0.257557 0.256216 0.254789 0.253265
          0.251633 0.249882 0.247997 0.245956 0.243724 0.241252 0.238481 0.235358 0.231857 0.227965 0.223651 0.218756
          0.212813 0.205365 0.195869 0.183303 0.166293 0.144172 0.11506 0.0757332 0.0334377 0.00827892 8.29105e-05 0
          0 0 0 0 0 0 0 0 0 0 0 0
          0 0 0 0 0 0 0 0 0 0 0 0
          0 0 0 0 0 0 0 0 0.287217 0.286583 0.285925 0.285242
          0.284532 0.283794 0.283027 0.282229 0.281399 0.280535 0.279636 0.278701 0.277728 0.276716 0.275662 0.274566
          0.273423 0.272232 0.270989 0.269691 0.268333 0.26691 0.265416 0.263844 0.262185 0.260429 0.258566 0.256585
          0.254473 0.252207 0.249759 0.247086 0.244141 0.240874 0.237255 0.233273 0.228904 0.224019 0.218308 0.211476
          0.203121 0.192673 0.179148 0.161486 0.139263 0.1108 0.0739082 0.0355342 0.0108133 0.000689983 0 0
          0 0 0 0 0 0 0 0 0 0 0 0
          0 0 0 0 0 0 0 0 0 0 0 0
          0.305799 0.305141 0.30446 0.303756 0.303027 0.302275 0.301496 0.300692 0.299861 0.299002 0.298115 0.297199
          0.296253 0.295276 0.294266 0.293223 0.292146 0.291031 0.289879 0.288687 0.287453 0.286174 0.284847 0.28347
          0.282038 0.280549 0.278997 0.277378 0.275686 0.273913 0.272052 0.270094 0.26803 0.265851 0.263544 0.261093
          0.258475 0.255659 0.252604 0.249278 0.245653 0.241691 0.237359 0.232624 0.227329 0.221242 0.214107 0.205548
          0.195079 0.181937 0.165115 0.144349 0.11843 0.0854114 0.0478886 0.0186578 0.00340359 0 0 0
          0 0 0 0 0 0 0 0 0 0 0 0
          0 0 0 0 0.329326 0.328657 0.327969 0.32726 0.32653 0.325779 0.325007 0.324211
          0.323394 0.322552 0.321687 0.320797 0.319881 0.31894 0.317971 0.316974 0.315949 0.314893 0.313806 0.312686
          0.311533 0.310344 0.309117 0.307852 0.306546 0.305196 0.3038 0.302357 0.300861 0.299312 0.297704 0.296034
          0.294298 0.292491 0.290607 0.28864 0.286583 0.284427 0.282162 0.27978 0.277271 0.274622 0.271818 0.268835
          0.265645 0.262219 0.258528 0.254543 0.250231 0.24555 0.240439 0.234783 0.228401 0.221048 0.212394 0.202029
          0.189395 0.173545 0.153986 0.13006 0.0999366 0.0628931 0.0279951 0.00688999 5.18082e-07 0 0 0
          0 0 0 0 0 0 0 0 0.362544 0.361891 0.361221 0.360533
          0.359828 0.359104 0.358361 0.357599 0.356817 0.356015 0.355192 0.354347 0.353481 0.352592 0.351679 0.350742
          0.34978 0.348792 0.347777 0.346734 0.345662 0.34456 0.343427 0.342261 0.34106 0.339824 0.338551 0.337238
          0.335884 0.334487 0.333045 0.331554 0.330013 0.328419 0.326768 0.325057 0.323282 0.321439 0.319523 0.317529
          0.315453 0.313288 0.311025 0.308658 0.306176 0.303569 0.300826 0.297935 0.294884 0.291654 0.288226 0.284569
          0.280655 0.276447 0.271908 0.267003 0.261686 0.255884 0.249495 0.242353 0.234211 0.224731 0.213487 0.199964
          0.183266 0.162381 0.136618 0.104106 0.0629268 0.0228516 0.0021943 0 0 0 0 0
          0.42522 0.424639 0.424044 0.423436 0.422812 0.422173 0.421519 0.42085 0.420164 0.419461 0.418742 0.418005
          0.41725 0.416476 0.415682 0.414869 0.414035 0.41318 0.412302 0.411402 0.410478 0.409529 0.408555 0.407554
          0.406526 0.405469 0.404381 0.403262 0.40211 0.400924 0.399702 0.398443 0.397143 0.395802 0.394418 0.392987
          0.391507 0.389976 0.38839 0.386746 0.385041 0.38327 0.381429 0.379513 0.377517 0.375435 0.37326 0.370985
          0.368602 0.366102 0.363473 0.360703 0.357778 0.354683 0.351399 0.347906 0.344179 0.34019 0.335899 0.331258
          0.326218 0.320712 0.314662 0.307962 0.30049 0.292082 0.282393 0.270951 0.257095 0.239669 0.216499 0.183356
          0.133231 0.0530117 0.00209155 0
        </DataArray>
        <DataArray type="Float32" Name="p_gas" NumberOfComponents="1" format="ascii">
          1.82983e+07 1.82969e+07 1.82787e+07 1.82773e+07 1.82954e+07 1.82759e+07 1.8294e+07 1.82744e+07 1.82925e+07 1.82729e+07 1.8291e+07 1.82714e+07
          1.82895e+07 1.82699e+07 1.82879e+07 1.82684e+07 1.82864e+07 1.82669e+07 1.82848e+07 1.82653e+07 1.82833e+07 1.82637e+07 1.82817e+07 1.82621e+07
          1.82801e+07 1.82605e+07 1.82784e+07 1.82589e+07 1.82768e+07 1.82573e+07 1.82751e+07 1.82556e+07 1.82735e+07 1.82539e+07 1.82718e+07 1.82522e+07
          1.82701e+07 1.82505e+07 1.82684e+07 1.82488e+07 1.82666e+07 1.82471e+07 1.82649e+07 1.82453e+07 1.82631e+07 1.82436e+07 1.82613e+07 1.82418e+07
          1.82595e+07 1.824e+07 1.82577e+07 1.82382e+07 1.82559e+07 1.82363e+07 1.8254e+07 1.82345e+07 1.82522e+07 1.82326e+07 1.82503e+07 1.82308e+07
          1.82484e+07 1.82289e+07 1.82465e+07 1.8227e+07 1.82446e+07 1.82251e+07 1.82427e+07 1.82231e+07 1.82408e+07 1.82212e+07 1.82388e+07 1.82193e+07
          1.82369e+07 1.82173e+07 1.82349e+07 1.82153e+07 1.82329e+07 1.82133e+07 1.82309e+07 1.82113e+07 1.82289e+07 1.82093e+07 1.82269e+07 1.82073e+07
          1.82248e+07 1.82053e+07 1.82228e+07 1.82032e+07 1.82207e+07 1.82012e+07 1.82187e+07 1.81991e+07 1.82166e+07 1.8197e+07 1.82145e+07 1.81949e+07
          1.82124e+07 1.81928e+07 1.82103e+07 1.81907e+07 1.82082e+07 1.81886e+07 1.82061e+07 1.81865e+07 1.82039e+07 1.81844e+07 1.82018e+07 1.81822e+07
          1.81997e+07 1.81801e+07 1.81975e+07 1.81779e+07 1.81954e+07 1.81758e+07 1.81932e+07 1.81736e+07 1.8191e+07 1.81714e+07 1.81888e+07 1.81693e+07
          1.81867e+07 1.81671e+07 1.81845e+07 1.81649e+07 1.81823e+07 1.81627e+07 1.81801e+07 1.81605e+07 1.81779e+07 1.81583e+07 1.81757e+07 1.81561e+07
          1.81735e+07 1.81539e+07 1.81713e+07 1.81517e+07 1.81691e+07 1.81495e+07 1.81669e+07 1.81473e+07 1.81647e+07 1.81451e+07 1.81625e+07 1.81429e+07
          1.81603e+07 1.81407e+07 1.8158e+07 1.81385e+07 1.81558e+07 1.81362e+07 1.81536e+07 1.8134e+07 1.82593e+07 1.82579e+07 1.82564e+07 1.8255e+07
          1.82535e+07 1.8252e+07 1.82505e+07 1.8249e+07 1.82474e+07 1.82459e+07 1.82443e+07 1.82427e+07 1.82411e+07 1.82395e+07 1.82378e+07 1.82362e+07
          1.82345e+07 1.82328e+07 1.82311e+07 1.82294e+07 1.82276e+07 1.82259e+07 1.82241e+07 1.82223e+07 1.82205e+07 1.82187e+07 1.82169e+07 1.82151e+07
          1.82132e+07 1.82113e+07 1.82094e+07 1.82075e+07 1.82056e+07 1.82037e+07 1.82018e+07 1.81998e+07 1.81978e+07 1.81959e+07 1.81939e+07 1.81919e+07
          1.81899e+07 1.81878e+07 1.81858e+07 1.81838e+07 1.81817e+07 1.81796e+07 1.81775e+07 1.81755e+07 1.81734e+07 1.81713e+07 1.81691e+07 1.8167e+07
          1.81649e+07 1.81627e+07 1.81606e+07 1.81584e+07 1.81563e+07 1.81541e+07 1.81519e+07 1.81498e+07 1.81476e+07 1.81454e+07 1.81432e+07 1.8141e+07
          1.81388e+07 1.81366e+07 1.81344e+07 1.81322e+07 1.813e+07 1.81278e+07 1.81256e+07 1.81233e+07 1.81211e+07 1.81189e+07 1.81167e+07 1.81145e+07
          1.824e+07 1.82386e+07 1.82371e+07 1.82357e+07 1.82342e+07 1.82327e+07 1.82312e+07 1.82297e+07 1.82281e+07 1.82266e+07 1.8225e+07 1.82234e+07
          1.82218e+07 1.82202e+07 1.82185e+07 1.82169e+07 1.82152e+07 1.82135e+07 1.82118e+07 1.82101e+07 1.82083e+07 1.82066e+07 1.82048e+07 1.8203e+07
          1.82012e+07 1.81994e+07 1.81976e+07 1.81957e+07 1.81939e+07 1.8192e+07 1.81901e+07 1.81882e+07 1.81863e+07 1.81844e+07 1.81824e+07 1.81805e+07
          1.81785e+07 1.81765e+07 1.81745e+07 1.81725e+07 1.81705e+07 1.81685e+07 1.81664e+07 1.81644e+07 1.81623e+07 1.81603e+07 1.81582e+07 1.81561e+07
          1.8154e+07 1.81519e+07 1.81498e+07 1.81476e+07 1.81455e+07 1.81433e+07 1.81412e+07 1.8139e+07 1.81369e+07 1.81347e+07 1.81325e+07 1.81303e+07
          1.81282e+07 1.8126e+07 1.81238e+07 1.81216e+07 1.81194e+07 1.81172e+07 1.8115e+07 1.81127e+07 1.81105e+07 1.81083e+07 1.81061e+07 1.81039e+07
          1.81017e+07 1.80994e+07 1.80972e+07 1.8095e+07 1.82208e+07 1.82194e+07 1.8218e+07 1.82165e+07 1.8215e+07 1.82135e+07 1.8212e+07 1.82105e+07
          1.8209e+07 1.82074e+07 1.82058e+07 1.82042e+07 1.82026e+07 1.8201e+07 1.81993e+07 1.81977e+07 1.8196e+07 1.81943e+07 1.81926e+07 1.81909e+07
          1.81891e+07 1.81874e+07 1.81856e+07 1.81838e+07 1.8182e+07 1.81802e+07 1.81784e+07 1.81765e+07 1.81747e+07 1.81728e+07 1.81709e+07 1.8169e+07
          1.81671e+07 1.81651e+07 1.81632e+07 1.81612e+07 1.81593e+07 1.81573e+07 1.81553e+07 1.81533e+07 1.81513e+07 1.81492e+07 1.81472e+07 1.81451e+07
          1.81431e+07 1.8141e+07 1.81389e+07 1.81368e+07 1.81347e+07 1.81326e+07 1.81305e+07 1.81283e+07 1.81262e+07 1.8124e+07 1.81219e+07 1.81197e+07
          1.81175e+07 1.81154e+07 1.81132e+07 1.8111e+07 1.81088e+07 1.81066e+07 1.81044e+07 1.81022e+07 1.81e+07 1.80978e+07 1.80956e+07 1.80933e+07
          1.80911e+07 1.80889e+07 1.80867e+07 1.80845e+07 1.80822e+07 1.808e+07 1.80778e+07 1.80756e+07 1.82018e+07 1.82004e+07 1.81989e+07 1.81975e+07
          1.8196e+07 1.81945e+07 1.8193e+07 1.81915e+07 1.81899e+07 1.81884e+07 1.81868e+07 1.81852e+07 1.81836e+07 1.81819e+07 1.81803e+07 1.81786e+07
          1.8177e+07 1.81753e+07 1.81735e+07 1.81718e+07 1.81701e+07 1.81683e+07 1.81665e+07 1.81648e+07 1.8163e+07 1.81611e+07 1.81593e+07 1.81574e+07
          1.81556e+07 1.81537e+07 1.81518e+07 1.81499e+07 1.8148e+07 1.8146e+07 1.81441e+07 1.81421e+07 1.81401e+07 1.81382e+07 1.81362e+07 1.81341e+07
          1.81321e+07 1.81301e+07 1.8128e+07 1.8126e+07 1.81239e+07 1.81218e+07 1.81197e+07 1.81176e+07 1.81155e+07 1.81134e+07 1.81113e+07 1.81091e+07
          1.8107e+07 1.81048e+07 1.81026e+07 1.81005e+07 1.80983e+07 1.80961e+07 1.80939e+07 1.80917e+07 1.80895e+07 1.80873e+07 1.80851e+07 1.80829e+07
          1.80807e+07 1.80785e+07 1.80762e+07 1.8074e+07 1.80718e+07 1.80696e+07 1.80673e+07 1.80651e+07 1.80629e+07 1.80606e+07 1.80584e+07 1.80562e+07
          1.81829e+07 1.81815e+07 1.818e+07 1.81786e+07 1.81771e+07 1.81756e+07 1.81741e+07 1.81725e+07 1.8171e+07 1.81694e+07 1.81679e+07 1.81663e+07
          1.81646e+07 1.8163e+07 1.81614e+07 1.81597e+07 1.8158e+07 1.81563e+07 1.81546e+07 1.81529e+07 1.81511e+07 1.81494e+07 1.81476e+07 1.81458e+07
          1.8144e+07 1.81422e+07 1.81403e+07 1.81385e+07 1.81366e+07 1.81347e+07 1.81328e+07 1.81309e+07 1.8129e+07 1.8127e+07 1.81251e+07 1.81231e+07
          1.81211e+07 1.81191e+07 1.81171e+07 1.81151e+07 1.81131e+07 1.8111e+07 1.8109e+07 1.81069e+07 1.81048e+07 1.81027e+07 1.81006e+07 1.80985e+07
          1.80964e+07 1.80943e+07 1.80921e+07 1.809e+07 1.80878e+07 1.80857e+07 1.80835e+07 1.80813e+07 1.80791e+07 1.80769e+07 1.80748e+07 1.80725e+07
          1.80703e+07 1.80681e+07 1.80659e+07 1.80637e+07 1.80614e+07 1.80592e+07 1.8057e+07 1.80548e+07 1.80525e+07 1.80503e+07 1.8048e+07 1.80458e+07
          1.80435e+07 1.80413e+07 1.80391e+07 1.80368e+07 1.81641e+07 1.81627e+07 1.81612e+07 1.81598e+07 1.81583e+07 1.81568e+07 1.81553e+07 1.81538e+07
          1.81522e+07 1.81506e+07 1.81491e+07 1.81475e+07 1.81459e+07 1.81442e+07 1.81426e+07 1.81409e+07 1.81392e+07 1.81375e+07 1.81358e+07 1.81341e+07
          1.81323e+07 1.81306e+07 1.81288e+07 1.8127e+07 1.81252e+07 1.81233e+07 1.81215e+07 1.81196e+07 1.81178e+07 1.81159e+07 1.8114e+07 1.8112e+07
          1.81101e+07 1.81082e+07 1.81062e+07 1.81042e+07 1.81022e+07 1.81002e+07 1.80982e+07 1.80962e+07 1.80941e+07 1.80921e+07 1.809e+07 1.8088e+07
          1.80859e+07 1.80838e+07 1.80817e+07 1.80795e+07 1.80774e+07 1.80753e+07 1.80731e+07 1.8071e+07 1.80688e+07 1.80666e+07 1.80644e+07 1.80623e+07
          1.80601e+07 1.80579e+07 1.80556e+07 1.80534e+07 1.80512e+07 1.8049e+07 1.80468e+07 1.80445e+07 1.80423e+07 1.804e+07 1.80378e+07 1.80356e+07
          1.80333e+07 1.8031e+07 1.80288e+07 1.80265e+07 1.80243e+07 1.8022e+07 1.80198e+07 1.80175e+07 1.81454e+07 1.8144e+07 1.81426e+07 1.81411e+07
          1.81396e+07 1.81381e+07 1.81366e+07 1.81351e+07 1.81336e+07 1.8132e+07 1.81304e+07 1.81288e+07 1.81272e+07 1.81256e+07 1.81239e+07 1.81222e+07
          1.81205e+07 1.81188e+07 1.81171e+07 1.81154e+07 1.81136e+07 1.81119e+07 1.81101e+07 1.81083e+07 1.81064e+07 1.81046e+07 1.81028e+07 1.81009e+07
          1.8099e+07 1.80971e+07 1.80952e+07 1.80933e+07 1.80913e+07 1.80894e+07 1.80874e+07 1.80854e+07 1.80834e+07 1.80814e+07 1.80794e+07 1.80774e+07
          1.80753e+07 1.80733e+07 1.80712e+07 1.80691e+07 1.8067e+07 1.80649e+07 1.80628e+07 1.80606e+07 1.80585e+07 1.80564e+07 1.80542e+07 1.8052e+07
          1.80499e+07 1.80477e+07 1.80455e+07 1.80433e+07 1.80411e+07 1.80389e+07 1.80366e+07 1.80344e+07 1.80322e+07 1.80299e+07 1.80277e+07 1.80254e+07
          1.80232e+07 1.80209e+07 1.80187e+07 1.80164e+07 1.80142e+07 1.80119e+07 1.80096e+07 1.80074e+07 1.80051e+07 1.80028e+07 1.80006e+07 1.79983e+07
          1.81269e+07 1.81255e+07 1.8124e+07 1.81226e+07 1.81211e+07 1.81196e+07 1.81181e+07 1.81166e+07 1.8115e+07 1.81135e+07 1.81119e+07 1.81103e+07
          1.81087e+07 1.8107e+07 1.81054e+07 1.81037e+07 1.8102e+07 1.81003e+07 1.80986e+07 1.80968e+07 1.80951e+07 1.80933e+07 1.80915e+07 1.80897e+07
          1.80879e+07 1.8086e+07 1.80842e+07 1.80823e+07 1.80804e+07 1.80785e+07 1.80766e+07 1.80746e+07 1.80727e+07 1.80707e+07 1.80688e+07 1.80668e+07
          1.80648e+07 1.80627e+07 1.80607e+07 1.80587e+07 1.80566e+07 1.80545e+07 1.80524e+07 1.80504e+07 1.80482e+07 1.80461e+07 1.8044e+07 1.80419e+07
          1.80397e+07 1.80375e+07 1.80354e+07 1.80332e+07 1.8031e+07 1.80288e+07 1.80266e+07 1.80244e+07 1.80222e+07 1.80199e+07 1.80177e+07 1.80155e+07
          1.80132e+07 1.8011e+07 1.80087e+07 1.80064e+07 1.80042e+07 1.80019e+07 1.79996e+07 1.79973e+07 1.79951e+07 1.79928e+07 1.79905e+07 1.79882e+07
          1.79859e+07 1.79837e+07 1.79814e+07 1.79791e+07 1.81085e+07 1.81071e+07 1.81057e+07 1.81042e+07 1.81027e+07 1.81012e+07 1.80997e+07 1.80982e+07
          1.80966e+07 1.80951e+07 1.80935e+07 1.80919e+07 1.80902e+07 1.80886e+07 1.8087e+07 1.80853e+07 1.80836e+07 1.80819e+07 1.80801e+07 1.80784e+07
          1.80766e+07 1.80748e+07 1.8073e+07 1.80712e+07 1.80694e+07 1.80676e+07 1.80657e+07 1.80638e+07 1.80619e+07 1.806e+07 1.80581e+07 1.80561e+07
          1.80542e+07 1.80522e+07 1.80502e+07 1.80482e+07 1.80462e+07 1.80442e+07 1.80421e+07 1.80401e+07 1.8038e+07 1.80359e+07 1.80338e+07 1.80317e+07
          1.80296e+07 1.80275e+07 1.80253e+07 1.80232e+07 1.8021e+07 1.80188e+07 1.80166e+07 1.80144e+07 1.80122e+07 1.801e+07 1.80078e+07 1.80056e+07
          1.80033e+07 1.80011e+07 1.79988e+07 1.79966e+07 1.79943e+07 1.7992e+07 1.79898e+07 1.79875e+07 1.79852e+07 1.79829e+07 1.79806e+07 1.79783e+07
          1.7976e+07 1.79737e+07 1.79714e+07 1.79691e+07 1.79668e+07 1.79645e+07 1.79622e+07 1.796e+07 1.80902e+07 1.80888e+07 1.80874e+07 1.80859e+07
          1.80845e+07 1.8083e+07 1.80814e+07 1.80799e+07 1.80784e+07 1.80768e+07 1.80752e+07 1.80736e+07 1.8072e+07 1.80703e+07 1.80687e+07 1.8067e+07
          1.80653e+07 1.80636e+07 1.80618e+07 1.80601e+07 1.80583e+07 1.80565e+07 1.80547e+07 1.80529e+07 1.80511e+07 1.80492e+07 1.80473e+07 1.80454e+07
          1.80435e+07 1.80416e+07 1.80397e+07 1.80377e+07 1.80358e+07 1.80338e+07 1.80318e+07 1.80298e+07 1.80278e+07 1.80257e+07 1.80237e+07 1.80216e+07
          1.80195e+07 1.80174e+07 1.80153e+07 1.80132e+07 1.8011e+07 1.80089e+07 1.80068e+07 1.80046e+07 1.80024e+07 1.80002e+07 1.7998e+07 1.79958e+07
          1.79936e+07 1.79914e+07 1.79891e+07 1.79869e+07 1.79846e+07 1.79823e+07 1.79801e+07 1.79778e+07 1.79755e+07 1.79732e+07 1.79709e+07 1.79686e+07
          1.79663e+07 1.7964e+07 1.79617e+07 1.79594e+07 1.79571e+07 1.79548e+07 1.79524e+07 1.79501e+07 1.79478e+07 1.79455e+07 1.79432e+07 1.79409e+07
          1.80721e+07 1.80707e+07 1.80693e+07 1.80678e+07 1.80663e+07 1.80648e+07 1.80633e+07 1.80618e+07 1.80602e+07 1.80587e+07 1.80571e+07 1.80555e+07
          1.80538e+07 1.80522e+07 1.80505e+07 1.80488e+07 1.80471e+07 1.80454e+07 1.80437e+07 1.80419e+07 1.80401e+07 1.80383e+07 1.80365e+07 1.80347e+07
          1.80329e+07 1.8031e+07 1.80291e+07 1.80272e+07 1.80253e+07 1.80234e+07 1.80214e+07 1.80195e+07 1.80175e+07 1.80155e+07 1.80135e+07 1.80115e+07
          1.80094e+07 1.80074e+07 1.80053e+07 1.80032e+07 1.80011e+07 1.7999e+07 1.79969e+07 1.79948e+07 1.79926e+07 1.79905e+07 1.79883e+07 1.79861e+07
          1.79839e+07 1.79817e+07 1.79795e+07 1.79772e+07 1.7975e+07 1.79728e+07 1.79705e+07 1.79682e+07 1.7966e+07 1.79637e+07 1.79614e+07 1.79591e+07
          1.79568e+07 1.79545e+07 1.79522e+07 1.79498e+07 1.79475e+07 1.79452e+07 1.79429e+07 1.79405e+07 1.79382e+07 1.79358e+07 1.79335e+07 1.79312e+07
          1.79288e+07 1.79265e+07 1.79241e+07 1.79218e+07 1.80541e+07 1.80527e+07 1.80513e+07 1.80498e+07 1.80483e+07 1.80469e+07 1.80453e+07 1.80438e+07
          1.80423e+07 1.80407e+07 1.80391e+07 1.80375e+07 1.80358e+07 1.80342e+07 1.80325e+07 1.80308e+07 1.80291e+07 1.80274e+07 1.80256e+07 1.80239e+07
          1.80221e+07 1.80203e+07 1.80185e+07 1.80166e+07 1.80148e+07 1.80129e+07 1.8011e+07 1.80091e+07 1.80072e+07 1.80052e+07 1.80033e+07 1.80013e+07
          1.79993e+07 1.79973e+07 1.79953e+07 1.79933e+07 1.79912e+07 1.79891e+07 1.79871e+07 1.7985e+07 1.79829e+07 1.79807e+07 1.79786e+07 1.79764e+07
          1.79743e+07 1.79721e+07 1.79699e+07 1.79677e+07 1.79655e+07 1.79633e+07 1.7961e+07 1.79588e+07 1.79565e+07 1.79543e+07 1.7952e+07 1.79497e+07
          1.79474e+07 1.79451e+07 1.79428e+07 1.79405e+07 1.79381e+07 1.79358e+07 1.79335e+07 1.79311e+07 1.79288e+07 1.79264e+07 1.79241e+07 1.79217e+07
          1.79194e+07 1.7917e+07 1.79146e+07 1.79123e+07 1.79099e+07 1.79075e+07 1.79052e+07 1.79028e+07 1.80363e+07 1.80349e+07 1.80334e+07 1.8032e+07
          1.80305e+07 1.8029e+07 1.80275e+07 1.8026e+07 1.80244e+07 1.80228e+07 1.80212e+07 1.80196e+07 1.8018e+07 1.80163e+07 1.80146e+07 1.80129e+07
          1.80112e+07 1.80095e+07 1.80077e+07 1.8006e+07 1.80042e+07 1.80024e+07 1.80005e+07 1.79987e+07 1.79968e+07 1.79949e+07 1.7993e+07 1.79911e+07
          1.79892e+07 1.79872e+07 1.79853e+07 1.79833e+07 1.79813e+07 1.79793e+07 1.79772e+07 1.79752e+07 1.79731e+07 1.7971e+07 1.79689e+07 1.79668e+07
          1.79647e+07 1.79626e+07 1.79604e+07 1.79583e+07 1.79561e+07 1.79539e+07 1.79517e+07 1.79495e+07 1.79472e+07 1.7945e+07 1.79427e+07 1.79405e+07
          1.79382e+07 1.79359e+07 1.79336e+07 1.79313e+07 1.7929e+07 1.79266e+07 1.79243e+07 1.79219e+07 1.79196e+07 1.79172e+07 1.79149e+07 1.79125e+07
          1.79101e+07 1.79077e+07 1.79054e+07 1.7903e+07 1.79006e+07 1.78982e+07 1.78958e+07 1.78934e+07 1.7891e+07 1.78886e+07 1.78862e+07 1.78838e+07
          1.80186e+07 1.80171e+07 1.80157e+07 1.80143e+07 1.80128e+07 1.80113e+07 1.80098e+07 1.80083e+07 1.80067e+07 1.80051e+07 1.80035e+07 1.80019e+07
          1.80003e+07 1.79986e+07 1.79969e+07 1.79952e+07 1.79935e+07 1.79917e+07 1.799e+07 1.79882e+07 1.79864e+07 1.79846e+07 1.79827e+07 1.79809e+07
          1.7979e+07 1.79771e+07 1.79752e+07 1.79733e+07 1.79713e+07 1.79694e+07 1.79674e+07 1.79654e+07 1.79634e+07 1.79613e+07 1.79593e+07 1.79572e+07
          1.79552e+07 1.79531e+07 1.79509e+07 1.79488e+07 1.79467e+07 1.79445e+07 1.79424e+07 1.79402e+07 1.7938e+07 1.79358e+07 1.79335e+07 1.79313e+07
          1.7929e+07 1.79268e+07 1.79245e+07 1.79222e+07 1.79199e+07 1.79176e+07 1.79153e+07 1.79129e+07 1.79106e+07 1.79082e+07 1.79059e+07 1.79035e+07
          1.79011e+07 1.78987e+07 1.78963e+07 1.78939e+07 1.78915e+07 1.78891e+07 1.78867e+07 1.78843e+07 1.78819e+07 1.78795e+07 1.7877e+07 1.78746e+07
          1.78722e+07 1.78698e+07 1.78674e+07 1.78649e+07 1.80009e+07 1.79994e+07 1.79981e+07 1.79968e+07 1.79953e+07 1.79937e+07 1.79922e+07 1.79907e+07
          1.79891e+07 1.79876e+07 1.7986e+07 1.79843e+07 1.79827e+07 1.7981e+07 1.79793e+07 1.79776e+07 1.79759e+07 1.79741e+07 1.79724e+07 1.79706e+07
          1.79688e+07 1.79669e+07 1.79651e+07 1.79632e+07 1.79613e+07 1.79594e+07 1.79575e+07 1.79555e+07 1.79536e+07 1.79516e+07 1.79496e+07 1.79476e+07
          1.79456e+07 1.79435e+07 1.79415e+07 1.79394e+07 1.79373e+07 1.79352e+07 1.79331e+07 1.79309e+07 1.79288e+07 1.79266e+07 1.79244e+07 1.79222e+07
          1.792e+07 1.79178e+07 1.79155e+07 1.79133e+07 1.7911e+07 1.79087e+07 1.79064e+07 1.79041e+07 1.79018e+07 1.78994e+07 1.78971e+07 1.78947e+07
          1.78923e+07 1.789e+07 1.78876e+07 1.78852e+07 1.78828e+07 1.78803e+07 1.78779e+07 1.78755e+07 1.7873e+07 1.78706e+07 1.78682e+07 1.78657e+07
          1.78632e+07 1.78608e+07 1.78583e+07 1.78559e+07 1.78534e+07 1.7851e+07 1.78485e+07 1.78461e+07 1.79913e+07 1.79873e+07 1.79833e+07 1.79794e+07
          1.79776e+07 1.79762e+07 1.79749e+07 1.79733e+07 1.79717e+07 1.79701e+07 1.79685e+07 1.79669e+07 1.79652e+07 1.79636e+07 1.79619e+07 1.79602e+07
          1.79584e+07 1.79566e+07 1.79549e+07 1.79531e+07 1.79512e+07 1.79494e+07 1.79475e+07 1.79457e+07 1.79438e+07 1.79418e+07 1.79399e+07 1.7938e+07
          1.7936e+07 1.7934e+07 1.7932e+07 1.793e+07 1.79279e+07 1.79259e+07 1.79238e+07 1.79217e+07 1.79196e+07 1.79175e+07 1.79153e+07 1.79132e+07
          1.7911e+07 1.79088e+07 1.79066e+07 1.79044e+07 1.79021e+07 1.78999e+07 1.78976e+07 1.78953e+07 1.7893e+07 1.78907e+07 1.78884e+07 1.78861e+07
          1.78837e+07 1.78813e+07 1.7879e+07 1.78766e+07 1.78742e+07 1.78718e+07 1.78693e+07 1.78669e+07 1.78645e+07 1.7862e+07 1.78596e+07 1.78571e+07
          1.78546e+07 1.78521e+07 1.78497e+07 1.78472e+07 1.78447e+07 1.78422e+07 1.78397e+07 1.78372e+07 1.78347e+07 1.78322e+07 1.78297e+07 1.78273e+07
          1.79845e+07 1.79799e+07 1.79753e+07 1.7971e+07 1.79667e+07 1.79625e+07 1.79581e+07 1.79558e+07 1.79543e+07 1.79529e+07 1.79514e+07 1.79496e+07
          1.79479e+07 1.79463e+07 1.79446e+07 1.79428e+07 1.79411e+07 1.79393e+07 1.79375e+07 1.79357e+07 1.79339e+07 1.7932e+07 1.79302e+07 1.79283e+07
          1.79264e+07 1.79244e+07 1.79225e+07 1.79205e+07 1.79185e+07 1.79165e+07 1.79145e+07 1.79125e+07 1.79104e+07 1.79083e+07 1.79062e+07 1.79041e+07
          1.7902e+07 1.78999e+07 1.78977e+07 1.78955e+07 1.78933e+07 1.78911e+07 1.78889e+07 1.78866e+07 1.78844e+07 1.78821e+07 1.78798e+07 1.78775e+07
          1.78752e+07 1.78729e+07 1.78705e+07 1.78681e+07 1.78658e+07 1.78634e+07 1.7861e+07 1.78585e+07 1.78561e+07 1.78537e+07 1.78512e+07 1.78488e+07
          1.78463e+07 1.78438e+07 1.78413e+07 1.78388e+07 1.78363e+07 1.78338e+07 1.78312e+07 1.78287e+07 1.78262e+07 1.78237e+07 1.78211e+07 1.78186e+07
          1.78161e+07 1.78135e+07 1.7811e+07 1.78085e+07 1.79789e+07 1.79742e+07 1.79695e+07 1.79648e+07 1.79601e+07 1.79555e+07 1.79511e+07 1.79467e+07
          1.79422e+07 1.79374e+07 1.79339e+07 1.79322e+07 1.79307e+07 1.79293e+07 1.79275e+07 1.79257e+07 1.79239e+07 1.79221e+07 1.79203e+07 1.79185e+07
          1.79166e+07 1.79148e+07 1.79129e+07 1.7911e+07 1.79091e+07 1.79071e+07 1.79052e+07 1.79032e+07 1.79012e+07 1.78992e+07 1.78971e+07 1.78951e+07
          1.7893e+07 1.78909e+07 1.78888e+07 1.78867e+07 1.78845e+07 1.78824e+07 1.78802e+07 1.7878e+07 1.78758e+07 1.78736e+07 1.78713e+07 1.7869e+07
          1.78668e+07 1.78645e+07 1.78622e+07 1.78598e+07 1.78575e+07 1.78551e+07 1.78527e+07 1.78504e+07 1.78479e+07 1.78455e+07 1.78431e+07 1.78406e+07
          1.78382e+07 1.78357e+07 1.78332e+07 1.78307e+07 1.78282e+07 1.78257e+07 1.78231e+07 1.78206e+07 1.7818e+07 1.78155e+07 1.78129e+07 1.78103e+07
          1.78078e+07 1.78052e+07 1.78026e+07 1.78e+07 1.77975e+07 1.77949e+07 1.77923e+07 1.77897e+07 1.79737e+07 1.7969e+07 1.79643e+07 1.79596e+07
          1.79549e+07 1.79502e+07 1.79456e+07 1.79409e+07 1.79363e+07 1.79318e+07 1.79274e+07 1.79229e+07 1.7918e+07 1.79127e+07 1.79101e+07 1.79084e+07
          1.79068e+07 1.79053e+07 1.79034e+07 1.79014e+07 1.78995e+07 1.78977e+07 1.78958e+07 1.78939e+07 1.78919e+07 1.789e+07 1.7888e+07 1.7886e+07
          1.7884e+07 1.7882e+07 1.78799e+07 1.78778e+07 1.78758e+07 1.78736e+07 1.78715e+07 1.78694e+07 1.78672e+07 1.7865e+07 1.78628e+07 1.78606e+07
          1.78584e+07 1.78561e+07 1.78539e+07 1.78516e+07 1.78493e+07 1.7847e+07 1.78446e+07 1.78423e+07 1.78399e+07 1.78375e+07 1.78351e+07 1.78327e+07
          1.78302e+07 1.78278e+07 1.78253e+07 1.78228e+07 1.78203e+07 1.78178e+07 1.78153e+07 1.78128e+07 1.78102e+07 1.78076e+07 1.78051e+07 1.78025e+07
          1.77999e+07 1.77973e+07 1.77947e+07 1.7792e+07 1.77894e+07 1.77868e+07 1.77842e+07 1.77815e+07 1.77789e+07 1.77763e+07 1.77737e+07 1.77711e+07
          1.79689e+07 1.79642e+07 1.79595e+07 1.79548e+07 1.79502e+07 1.79455e+07 1.79409e+07 1.79363e+07 1.79317e+07 1.79271e+07 1.79225e+07 1.79179e+07
          1.79133e+07 1.79091e+07 1.79046e+07 1.79e+07 1.78949e+07 1.78891e+07 1.7886e+07 1.78842e+07 1.78824e+07 1.78807e+07 1.7879e+07 1.7877e+07
          1.78749e+07 1.78729e+07 1.7871e+07 1.7869e+07 1.7867e+07 1.78649e+07 1.78628e+07 1.78607e+07 1.78586e+07 1.78565e+07 1.78544e+07 1.78522e+07
          1.785e+07 1.78478e+07 1.78456e+07 1.78434e+07 1.78411e+07 1.78388e+07 1.78366e+07 1.78342e+07 1.78319e+07 1.78296e+07 1.78272e+07 1.78248e+07
          1.78224e+07 1.782e+07 1.78176e+07 1.78151e+07 1.78127e+07 1.78102e+07 1.78077e+07 1.78052e+07 1.78026e+07 1.78001e+07 1.77975e+07 1.77949e+07
          1.77923e+07 1.77897e+07 1.77871e+07 1.77845e+07 1.77818e+07 1.77792e+07 1.77765e+07 1.77738e+07 1.77712e+07 1.77685e+07 1.77658e+07 1.77631e+07
          1.77604e+07 1.77577e+07 1.77551e+07 1.77524e+07 1.79644e+07 1.79598e+07 1.79551e+07 1.79505e+07 1.79459e+07 1.79413e+07 1.79367e+07 1.79321e+07
          1.79275e+07 1.7923e+07 1.79185e+07 1.79139e+07 1.79094e+07 1.79049e+07 1.79004e+07 1.78959e+07 1.78914e+07 1.78873e+07 1.7883e+07 1.78786e+07
          1.78739e+07 1.78685e+07 1.7863e+07 1.78598e+07 1.78577e+07 1.78558e+07 1.7854e+07 1.78522e+07 1.78502e+07 1.7848e+07 1.78458e+07 1.78437e+07
          1.78416e+07 1.78395e+07 1.78374e+07 1.78352e+07 1.7833e+07 1.78307e+07 1.78285e+07 1.78263e+07 1.7824e+07 1.78217e+07 1.78194e+07 1.78171e+07
          1.78147e+07 1.78123e+07 1.781e+07 1.78075e+07 1.78051e+07 1.78027e+07 1.78002e+07 1.77977e+07 1.77952e+07 1.77927e+07 1.77902e+07 1.77876e+07
          1.77851e+07 1.77825e+07 1.77799e+07 1.77772e+07 1.77746e+07 1.77719e+07 1.77693e+07 1.77666e+07 1.77639e+07 1.77612e+07 1.77584e+07 1.77557e+07
          1.7753e+07 1.77502e+07 1.77475e+07 1.77447e+07 1.7742e+07 1.77392e+07 1.77365e+07 1.77338e+07 1.79603e+07 1.79557e+07 1.79511e+07 1.79465e+07
          1.79419e+07 1.79373e+07 1.79328e+07 1.79283e+07 1.79237e+07 1.79192e+07 1.79147e+07 1.79103e+07 1.79058e+07 1.79013e+07 1.78969e+07 1.78925e+07
          1.78881e+07 1.78837e+07 1.78793e+07 1.78748e+07 1.78703e+07 1.7866e+07 1.78618e+07 1.78576e+07 1.78532e+07 1.78486e+07 1.78435e+07 1.78379e+07
          1.78335e+07 1.78308e+07 1.78287e+07 1.78267e+07 1.78247e+07 1.78228e+07 1.78206e+07 1.78183e+07 1.7816e+07 1.78138e+07 1.78115e+07 1.78093e+07
          1.7807e+07 1.78047e+07 1.78024e+07 1.78e+07 1.77976e+07 1.77952e+07 1.77928e+07 1.77904e+07 1.77879e+07 1.77855e+07 1.7783e+07 1.77805e+07
          1.77779e+07 1.77754e+07 1.77728e+07 1.77702e+07 1.77676e+07 1.7765e+07 1.77623e+07 1.77597e+07 1.7757e+07 1.77543e+07 1.77515e+07 1.77488e+07
          1.7746e+07 1.77433e+07 1.77405e+07 1.77377e+07 1.77349e+07 1.77321e+07 1.77292e+07 1.77264e+07 1.77236e+07 1.77208e+07 1.7718e+07 1.77152e+07
          1.79565e+07 1.79519e+07 1.79474e+07 1.79428e+07 1.79382e+07 1.79337e+07 1.79292e+07 1.79247e+07 1.79202e+07 1.79157e+07 1.79113e+07 1.79068e+07
          1.79024e+07 1.7898e+07 1.78936e+07 1.78892e+07 1.78848e+07 1.78804e+07 1.7876e+07 1.78717e+07 1.78673e+07 1.7863e+07 1.78586e+07 1.78542e+07
          1.78498e+07 1.78454e+07 1.7841e+07 1.78367e+07 1.78325e+07 1.78283e+07 1.78239e+07 1.78192e+07 1.7814e+07 1.78086e+07 1.78042e+07 1.78012e+07
          1.77989e+07 1.77968e+07 1.77946e+07 1.77925e+07 1.77903e+07 1.77879e+07 1.77855e+07 1.7783e+07 1.77806e+07 1.77782e+07 1.77758e+07 1.77734e+07
          1.77709e+07 1.77684e+07 1.77659e+07 1.77633e+07 1.77608e+07 1.77582e+07 1.77556e+07 1.7753e+07 1.77503e+07 1.77476e+07 1.77449e+07 1.77422e+07
          1.77395e+07 1.77367e+07 1.77339e+07 1.77311e+07 1.77283e+07 1.77255e+07 1.77226e+07 1.77197e+07 1.77169e+07 1.7714e+07 1.77111e+07 1.77082e+07
          1.77053e+07 1.77024e+07 1.76995e+07 1.76966e+07 1.79531e+07 1.79485e+07 1.79439e+07 1.79394e+07 1.79349e+07 1.79304e+07 1.79259e+07 1.79214e+07
          1.79169e+07 1.79125e+07 1.79081e+07 1.79036e+07 1.78992e+07 1.78948e+07 1.78904e+07 1.78861e+07 1.78817e+07 1.78773e+07 1.7873e+07 1.78686e+07
          1.78643e+07 1.786e+07 1.78556e+07 1.78513e+07 1.78469e+07 1.78426e+07 1.78383e+07 1.7834e+07 1.78296e+07 1.78253e+07 1.78209e+07 1.78164e+07
          1.7812e+07 1.78077e+07 1.78034e+07 1.77992e+07 1.77949e+07 1.77903e+07 1.77854e+07 1.77801e+07 1.7775e+07 1.77712e+07 1.77683e+07 1.7766e+07
          1.77637e+07 1.77614e+07 1.77591e+07 1.77567e+07 1.77541e+07 1.77515e+07 1.77489e+07 1.77463e+07 1.77438e+07 1.77412e+07 1.77386e+07 1.77359e+07
          1.77332e+07 1.77305e+07 1.77277e+07 1.77249e+07 1.77221e+07 1.77193e+07 1.77165e+07 1.77136e+07 1.77107e+07 1.77078e+07 1.77049e+07 1.77019e+07
          1.7699e+07 1.7696e+07 1.7693e+07 1.769e+07 1.7687e+07 1.7684e+07 1.7681e+07 1.76781e+07 1.79499e+07 1.79453e+07 1.79408e+07 1.79363e+07
          1.79317e+07 1.79273e+07 1.79228e+07 1.79183e+07 1.79139e+07 1.79095e+07 1.7905e+07 1.79006e+07 1.78962e+07 1.78919e+07 1.78875e+07 1.78831e+07
          1.78788e+07 1.78744e+07 1.78701e+07 1.78657e+07 1.78614e+07 1.78571e+07 1.78528e+07 1.78484e+07 1.78441e+07 1.78398e+07 1.78355e+07 1.78312e+07
          1.78269e+07 1.78226e+07 1.78182e+07 1.78139e+07 1.78096e+07 1.78053e+07 1.78009e+07 1.77966e+07 1.77922e+07 1.77878e+07 1.77833e+07 1.77789e+07
          1.77745e+07 1.77702e+07 1.7766e+07 1.77616e+07 1.77569e+07 1.77519e+07 1.77466e+07 1.77415e+07 1.77375e+07 1.77344e+07 1.77318e+07 1.77293e+07
          1.77268e+07 1.77244e+07 1.77218e+07 1.77191e+07 1.77162e+07 1.77134e+07 1.77106e+07 1.77078e+07 1.7705e+07 1.77021e+07 1.76992e+07 1.76963e+07
          1.76933e+07 1.76903e+07 1.76873e+07 1.76842e+07 1.76812e+07 1.76781e+07 1.7675e+07 1.76719e+07 1.76688e+07 1.76657e+07 1.76626e+07 1.76595e+07
          1.79469e+07 1.79424e+07 1.79378e+07 1.79333e+07 1.79288e+07 1.79244e+07 1.79199e+07 1.79155e+07 1.7911e+07 1.79066e+07 1.79022e+07 1.78978e+07
          1.78934e+07 1.7889e+07 1.78847e+07 1.78803e+07 1.7876e+07 1.78716e+07 1.78673e+07 1.7863e+07 1.78587e+07 1.78544e+07 1.785e+07 1.78457e+07
          1.78414e+07 1.78371e+07 1.78328e+07 1.78285e+07 1.78242e+07 1.78199e+07 1.78156e+07 1.78113e+07 1.7807e+07 1.78027e+07 1.77984e+07 1.77941e+07
          1.77897e+07 1.77854e+07 1.7781e+07 1.77767e+07 1.77723e+07 1.7768e+07 1.77636e+07 1.77592e+07 1.77547e+07 1.77501e+07 1.77456e+07 1.77411e+07
          1.77368e+07 1.77325e+07 1.7728e+07 1.77232e+07 1.77182e+07 1.77128e+07 1.77074e+07 1.77028e+07 1.76992e+07 1.76962e+07 1.76935e+07 1.76907e+07
          1.7688e+07 1.76852e+07 1.76823e+07 1.76792e+07 1.7676e+07 1.76729e+07 1.76698e+07 1.76667e+07 1.76636e+07 1.76604e+07 1.76572e+07 1.76539e+07
          1.76506e+07 1.76474e+07 1.76442e+07 1.7641e+07 1.79442e+07 1.79396e+07 1.79351e+07 1.79306e+07 1.79261e+07 1.79216e+07 1.79172e+07 1.79128e+07
          1.79083e+07 1.79039e+07 1.78995e+07 1.78951e+07 1.78908e+07 1.78864e+07 1.7882e+07 1.78777e+07 1.78733e+07 1.7869e+07 1.78647e+07 1.78604e+07
          1.78561e+07 1.78518e+07 1.78475e+07 1.78432e+07 1.78389e+07 1.78346e+07 1.78303e+07 1.7826e+07 1.78217e+07 1.78174e+07 1.78131e+07 1.78088e+07
          1.78045e+07 1.78002e+07 1.77959e+07 1.77916e+07 1.77873e+07 1.7783e+07 1.77786e+07 1.77743e+07 1.77699e+07 1.77656e+07 1.77612e+07 1.77568e+07
          1.77524e+07 1.7748e+07 1.77435e+07 1.77391e+07 1.77346e+07 1.77302e+07 1.77256e+07 1.7721e+07 1.77163e+07 1.77116e+07 1.7707e+07 1.77024e+07
          1.76979e+07 1.76932e+07 1.76883e+07 1.76831e+07 1.76776e+07 1.76717e+07 1.76663e+07 1.7662e+07 1.76586e+07 1.76555e+07 1.76525e+07 1.76494e+07
          1.76463e+07 1.76429e+07 1.76394e+07 1.76359e+07 1.76325e+07 1.76291e+07 1.76257e+07 1.76224e+07 1.79416e+07 1.7937e+07 1.79325e+07 1.7928e+07
          1.79236e+07 1.79191e+07 1.79146e+07 1.79102e+07 1.79058e+07 1.79014e+07 1.7897e+07 1.78926e+07 1.78882e+07 1.78839e+07 1.78795e+07 1.78752e+07
          1.78708e+07 1.78665e+07 1.78622e+07 1.78579e+07 1.78536e+07 1.78493e+07 1.7845e+07 1.78407e+07 1.78364e+07 1.78321e+07 1.78278e+07 1.78235e+07
          1.78192e+07 1.78149e+07 1.78106e+07 1.78064e+07 1.78021e+07 1.77978e+07 1.77935e+07 1.77892e+07 1.77849e+07 1.77805e+07 1.77762e+07 1.77719e+07
          1.77675e+07 1.77632e+07 1.77588e+07 1.77544e+07 1.77501e+07 1.77456e+07 1.77412e+07 1.77368e+07 1.77323e+07 1.77278e+07 1.77233e+07 1.77188e+07
          1.77142e+07 1.77096e+07 1.7705e+07 1.77003e+07 1.76956e+07 1.76909e+07 1.76861e+07 1.76811e+07 1.76761e+07 1.76711e+07 1.76661e+07 1.76611e+07
          1.76561e+07 1.76507e+07 1.76449e+07 1.76387e+07 1.76321e+07 1.7626e+07 1.76213e+07 1.76178e+07 1.76144e+07 1.76112e+07 1.76074e+07 1.76036e+07
          1.79392e+07 1.79346e+07 1.79301e+07 1.79256e+07 1.79212e+07 1.79167e+07 1.79122e+07 1.79078e+07 1.79034e+07 1.7899e+07 1.78946e+07 1.78902e+07
          1.78858e+07 1.78815e+07 1.78771e+07 1.78728e+07 1.78684e+07 1.78641e+07 1.78598e+07 1.78555e+07 1.78512e+07 1.78469e+07 1.78426e+07 1.78383e+07
          1.7834e+07 1.78297e+07 1.78254e+07 1.78211e+07 1.78169e+07 1.78126e+07 1.78083e+07 1.7804e+07 1.77997e+07 1.77954e+07 1.77911e+07 1.77868e+07
          1.77825e+07 1.77782e+07 1.77739e+07 1.77695e+07 1.77652e+07 1.77608e+07 1.77565e+07 1.77521e+07 1.77477e+07 1.77433e+07 1.77389e+07 1.77344e+07
          1.773e+07 1.77255e+07 1.7721e+07 1.77165e+07 1.77119e+07 1.77073e+07 1.77027e+07 1.7698e+07 1.76933e+07 1.76886e+07 1.76838e+07 1.76789e+07
          1.76739e+07 1.7669e+07 1.7664e+07 1.76589e+07 1.76536e+07 1.76483e+07 1.76427e+07 1.76369e+07 1.76311e+07 1.76255e+07 1.76198e+07 1.76132e+07
          1.76051e+07 1.75949e+07 1.75877e+07 1.75841e+07
        </DataArray>
        <DataArray type="Float32" Name="rho_gas" NumberOfComponents="1" format="ascii">
          117.849 117.851 117.713 117.716 117.854 117.719 117.856 117.722 117.859 117.724 117.861 117.727
          117.864 117.73 117.866 117.733 117.869 117.735 117.872 117.738 117.874 117.741 117.877 117.744
          117.88 117.747 117.882 117.75 117.885 117.752 117.888 117.755 117.89 117.758 117.893 117.761
          117.896 117.764 117.899 117.767 117.902 117.77 117.905 117.773 117.907 117.776 117.91 117.779
          117.913 117.782 117.916 117.785 117.919 117.788 117.922 117.792 117.925 117.795 117.928 117.798
          117.931 117.801 117.934 117.804 117.937 117.807 117.94 117.811 117.944 117.814 117.947 117.817
          117.95 117.82 117.953 117.823 117.956 117.827 117.959 117.83 117.962 117.833 117.966 117.837
          117.969 117.84 117.972 117.843 117.975 117.847 117.979 117.85 117.982 117.853 117.985 117.857
          117.989 117.86 117.992 117.863 117.995 117.867 117.999 117.87 118.002 117.874 118.005 117.877
          118.009 117.881 118.012 117.884 118.015 117.887 118.019 117.891 118.022 117.894 118.025 117.898
          118.029 117.901 118.032 117.905 118.036 117.908 118.039 117.912 118.043 117.915 118.046 117.919
          118.049 117.922 118.053 117.926 118.056 117.929 118.06 117.933 118.063 117.936 118.067 117.94
          118.07 117.943 118.073 117.947 118.077 117.95 118.08 117.953 117.569 117.572 117.576 117.579
          117.582 117.585 117.588 117.591 117.594 117.597 117.6 117.604 117.607 117.61 117.613 117.616
          117.62 117.623 117.626 117.629 117.633 117.636 117.639 117.642 117.646 117.649 117.652 117.656
          117.659 117.663 117.666 117.669 117.673 117.676 117.68 117.683 117.686 117.69 117.693 117.697
          117.7 117.704 117.707 117.711 117.714 117.718 117.721 117.725 117.729 117.732 117.736 117.739
          117.743 117.746 117.75 117.754 117.757 117.761 117.764 117.768 117.772 117.775 117.779 117.782
          117.786 117.789 117.793 117.797 117.8 117.804 117.807 117.811 117.815 117.818 117.822 117.825
          117.425 117.428 117.432 117.435 117.439 117.442 117.446 117.449 117.453 117.456 117.46 117.463
          117.467 117.47 117.474 117.477 117.481 117.484 117.488 117.491 117.495 117.498 117.502 117.505
          117.509 117.513 117.516 117.52 117.523 117.527 117.531 117.534 117.538 117.542 117.545 117.549
          117.553 117.556 117.56 117.564 117.567 117.571 117.575 117.578 117.582 117.586 117.589 117.593
          117.597 117.601 117.604 117.608 117.612 117.616 117.619 117.623 117.627 117.63 117.634 117.638
          117.642 117.645 117.649 117.653 117.656 117.66 117.664 117.668 117.671 117.675 117.679 117.682
          117.686 117.69 117.693 117.697 117.28 117.284 117.288 117.292 117.296 117.3 117.303 117.307
          117.311 117.315 117.319 117.322 117.326 117.33 117.334 117.338 117.341 117.345 117.349 117.353
          117.357 117.361 117.364 117.368 117.372 117.376 117.38 117.384 117.388 117.391 117.395 117.399
          117.403 117.407 117.411 117.415 117.418 117.422 117.426 117.43 117.434 117.438 117.442 117.446
          117.45 117.453 117.457 117.461 117.465 117.469 117.473 117.477 117.481 117.485 117.488 117.492
          117.496 117.5 117.504 117.508 117.512 117.515 117.519 117.523 117.527 117.531 117.535 117.538
          117.542 117.546 117.55 117.553 117.557 117.561 117.565 117.568 117.136 117.14 117.144 117.148
          117.152 117.157 117.161 117.165 117.169 117.173 117.177 117.182 117.186 117.19 117.194 117.198
          117.202 117.206 117.21 117.214 117.219 117.223 117.227 117.231 117.235 117.239 117.243 117.247
          117.251 117.255 117.26 117.264 117.268 117.272 117.276 117.28 117.284 117.288 117.292 117.296
          117.3 117.305 117.309 117.313 117.317 117.321 117.325 117.329 117.333 117.337 117.341 117.345
          117.349 117.353 117.357 117.361 117.365 117.369 117.373 117.377 117.381 117.385 117.389 117.393
          117.397 117.401 117.405 117.409 117.413 117.417 117.421 117.424 117.428 117.432 117.436 117.44
          116.991 116.995 117 117.004 117.009 117.013 117.018 117.022 117.027 117.031 117.036 117.04
          117.045 117.049 117.054 117.058 117.063 117.067 117.071 117.076 117.08 117.085 117.089 117.093
          117.098 117.102 117.106 117.111 117.115 117.119 117.124 117.128 117.132 117.137 117.141 117.145
          117.15 117.154 117.158 117.163 117.167 117.171 117.175 117.18 117.184 117.188 117.192 117.197
          117.201 117.205 117.209 117.214 117.218 117.222 117.226 117.23 117.235 117.239 117.243 117.247
          117.251 117.255 117.259 117.263 117.267 117.272 117.276 117.28 117.284 117.288 117.292 117.295
          117.299 117.303 117.307 117.311 116.845 116.85 116.855 116.86 116.865 116.87 116.875 116.88
          116.885 116.889 116.894 116.899 116.904 116.909 116.913 116.918 116.923 116.927 116.932 116.937
          116.942 116.946 116.951 116.956 116.96 116.965 116.969 116.974 116.979 116.983 116.988 116.992
          116.997 117.001 117.006 117.011 117.015 117.02 117.024 117.029 117.033 117.038 117.042 117.046
          117.051 117.055 117.06 117.064 117.069 117.073 117.077 117.082 117.086 117.091 117.095 117.099
          117.104 117.108 117.112 117.116 117.121 117.125 117.129 117.133 117.138 117.142 117.146 117.15
          117.154 117.158 117.162 117.166 117.17 117.174 117.178 117.182 116.7 116.705 116.711 116.716
          116.721 116.726 116.732 116.737 116.742 116.747 116.752 116.757 116.763 116.768 116.773 116.778
          116.783 116.788 116.793 116.798 116.803 116.808 116.813 116.818 116.822 116.827 116.832 116.837
          116.842 116.847 116.852 116.856 116.861 116.866 116.871 116.875 116.88 116.885 116.89 116.894
          116.899 116.904 116.908 116.913 116.918 116.922 116.927 116.932 116.936 116.941 116.945 116.95
          116.955 116.959 116.964 116.968 116.973 116.977 116.981 116.986 116.99 116.995 116.999 117.003
          117.008 117.012 117.016 117.02 117.025 117.029 117.033 117.037 117.041 117.046 117.05 117.054
          116.554 116.56 116.566 116.571 116.577 116.583 116.588 116.594 116.599 116.605 116.61 116.616
          116.621 116.627 116.632 116.637 116.643 116.648 116.653 116.658 116.664 116.669 116.674 116.679
          116.685 116.69 116.695 116.7 116.705 116.71 116.715 116.72 116.725 116.73 116.735 116.74
          116.745 116.75 116.755 116.76 116.765 116.77 116.775 116.78 116.784 116.789 116.794 116.799
          116.804 116.808 116.813 116.818 116.823 116.827 116.832 116.837 116.841 116.846 116.851 116.855
          116.86 116.864 116.869 116.873 116.878 116.882 116.886 116.891 116.895 116.9 116.904 116.908
          116.912 116.917 116.921 116.925 116.408 116.414 116.421 116.427 116.433 116.439 116.445 116.45
          116.456 116.462 116.468 116.474 116.479 116.485 116.491 116.497 116.502 116.508 116.513 116.519
          116.525 116.53 116.536 116.541 116.546 116.552 116.557 116.563 116.568 116.573 116.579 116.584
          116.589 116.594 116.6 116.605 116.61 116.615 116.62 116.626 116.631 116.636 116.641 116.646
          116.651 116.656 116.661 116.666 116.671 116.676 116.681 116.686 116.691 116.696 116.7 116.705
          116.71 116.715 116.72 116.724 116.729 116.734 116.738 116.743 116.748 116.752 116.757 116.761
          116.766 116.77 116.774 116.779 116.783 116.787 116.792 116.796 116.262 116.269 116.275 116.282
          116.288 116.294 116.301 116.307 116.313 116.319 116.325 116.332 116.338 116.344 116.35 116.356
          116.362 116.368 116.374 116.379 116.385 116.391 116.397 116.403 116.408 116.414 116.42 116.425
          116.431 116.436 116.442 116.448 116.453 116.459 116.464 116.469 116.475 116.48 116.486 116.491
          116.496 116.502 116.507 116.512 116.517 116.523 116.528 116.533 116.538 116.543 116.549 116.554
          116.559 116.564 116.569 116.574 116.579 116.584 116.589 116.593 116.598 116.603 116.608 116.613
          116.617 116.622 116.627 116.631 116.636 116.641 116.645 116.65 116.654 116.658 116.663 116.667
          116.116 116.123 116.13 116.136 116.143 116.15 116.156 116.163 116.17 116.176 116.183 116.189
          116.196 116.202 116.208 116.215 116.221 116.227 116.233 116.24 116.246 116.252 116.258 116.264
          116.27 116.276 116.282 116.288 116.293 116.299 116.305 116.311 116.317 116.322 116.328 116.334
          116.339 116.345 116.351 116.356 116.362 116.367 116.373 116.378 116.384 116.389 116.395 116.4
          116.405 116.411 116.416 116.421 116.427 116.432 116.437 116.442 116.447 116.452 116.457 116.462
          116.467 116.472 116.477 116.482 116.487 116.492 116.497 116.502 116.506 116.511 116.516 116.52
          116.525 116.529 116.534 116.538 115.972 115.978 115.984 115.991 115.998 116.005 116.012 116.019
          116.026 116.033 116.04 116.047 116.053 116.06 116.067 116.073 116.08 116.087 116.093 116.1
          116.106 116.112 116.119 116.125 116.131 116.137 116.144 116.15 116.156 116.162 116.168 116.174
          116.18 116.186 116.192 116.198 116.204 116.21 116.216 116.221 116.227 116.233 116.239 116.244
          116.25 116.256 116.261 116.267 116.272 116.278 116.283 116.289 116.294 116.3 116.305 116.31
          116.316 116.321 116.326 116.331 116.337 116.342 116.347 116.352 116.357 116.362 116.367 116.372
          116.377 116.381 116.386 116.391 116.396 116.4 116.405 116.409 115.861 115.847 115.845 115.848
          115.854 115.861 115.868 115.875 115.882 115.889 115.897 115.904 115.911 115.918 115.925 115.932
          115.939 115.946 115.953 115.959 115.966 115.973 115.979 115.986 115.993 115.999 116.006 116.012
          116.018 116.025 116.031 116.037 116.044 116.05 116.056 116.062 116.068 116.074 116.08 116.086
          116.092 116.098 116.104 116.11 116.116 116.122 116.128 116.133 116.139 116.145 116.151 116.156
          116.162 116.168 116.173 116.179 116.184 116.19 116.195 116.2 116.206 116.211 116.216 116.221
          116.227 116.232 116.237 116.242 116.247 116.252 116.257 116.262 116.266 116.271 116.276 116.281
          116.083 115.852 115.775 115.74 115.724 115.723 115.726 115.732 115.739 115.746 115.753 115.761
          115.768 115.776 115.783 115.79 115.798 115.805 115.812 115.819 115.826 115.833 115.84 115.847
          115.854 115.86 115.867 115.874 115.881 115.887 115.894 115.9 115.907 115.913 115.92 115.926
          115.932 115.939 115.945 115.951 115.957 115.964 115.97 115.976 115.982 115.988 115.994 116
          116.006 116.012 116.018 116.024 116.03 116.035 116.041 116.047 116.052 116.058 116.064 116.069
          116.075 116.08 116.086 116.091 116.096 116.102 116.107 116.112 116.117 116.122 116.127 116.132
          116.137 116.142 116.147 116.152 119.179 116.911 116.263 115.983 115.739 115.656 115.62 115.604
          115.602 115.606 115.612 115.619 115.626 115.634 115.641 115.649 115.656 115.664 115.671 115.679
          115.686 115.693 115.7 115.708 115.715 115.722 115.729 115.736 115.743 115.749 115.756 115.763
          115.77 115.776 115.783 115.79 115.796 115.803 115.809 115.816 115.822 115.829 115.835 115.842
          115.848 115.854 115.86 115.867 115.873 115.879 115.885 115.891 115.897 115.903 115.909 115.915
          115.921 115.927 115.932 115.938 115.944 115.949 115.955 115.961 115.966 115.971 115.977 115.982
          115.988 115.993 115.998 116.003 116.008 116.013 116.018 116.023 119.117 119.091 119.066 119.04
          117.082 116.164 115.886 115.642 115.541 115.506 115.488 115.485 115.488 115.493 115.5 115.507
          115.515 115.523 115.53 115.538 115.546 115.553 115.561 115.568 115.575 115.583 115.59 115.597
          115.604 115.612 115.619 115.626 115.633 115.64 115.647 115.653 115.66 115.667 115.674 115.681
          115.687 115.694 115.7 115.707 115.714 115.72 115.726 115.733 115.739 115.746 115.752 115.758
          115.764 115.771 115.777 115.783 115.789 115.795 115.801 115.807 115.813 115.819 115.824 115.83
          115.836 115.841 115.847 115.852 115.858 115.863 115.869 115.874 115.879 115.884 115.889 115.894
          119.074 119.044 119.014 118.986 118.959 118.931 118.903 118.456 116.119 115.813 115.586 115.442
          115.4 115.38 115.372 115.373 115.378 115.384 115.391 115.398 115.406 115.413 115.421 115.429
          115.436 115.444 115.451 115.459 115.466 115.474 115.481 115.488 115.495 115.503 115.51 115.517
          115.524 115.531 115.538 115.545 115.552 115.559 115.566 115.572 115.579 115.586 115.593 115.599
          115.606 115.612 115.619 115.625 115.632 115.638 115.645 115.651 115.657 115.663 115.67 115.676
          115.682 115.688 115.694 115.7 115.705 115.711 115.717 115.723 115.728 115.734 115.739 115.745
          115.75 115.755 115.76 115.765 119.037 119.007 118.976 118.946 118.916 118.886 118.858 118.829
          118.801 118.77 118.747 116.191 115.786 115.578 115.381 115.313 115.287 115.272 115.266 115.268
          115.272 115.277 115.283 115.29 115.298 115.305 115.313 115.32 115.328 115.336 115.343 115.351
          115.358 115.366 115.373 115.38 115.388 115.395 115.402 115.409 115.416 115.424 115.431 115.438
          115.445 115.452 115.458 115.465 115.472 115.479 115.486 115.492 115.499 115.506 115.512 115.519
          115.525 115.532 115.538 115.544 115.551 115.557 115.563 115.569 115.575 115.581 115.587 115.593
          115.599 115.604 115.61 115.616 115.621 115.626 115.632 115.637 119.004 118.973 118.943 118.913
          118.882 118.852 118.822 118.792 118.762 118.733 118.705 118.675 118.644 118.61 117.547 115.859
          115.638 115.463 115.291 115.224 115.2 115.183 115.172 115.167 115.169 115.173 115.178 115.185
          115.191 115.198 115.206 115.213 115.221 115.229 115.236 115.244 115.251 115.259 115.266 115.274
          115.281 115.288 115.296 115.303 115.31 115.317 115.324 115.331 115.338 115.345 115.352 115.359
          115.366 115.373 115.38 115.387 115.393 115.4 115.407 115.413 115.42 115.426 115.432 115.439
          115.445 115.451 115.457 115.463 115.469 115.475 115.481 115.487 115.492 115.498 115.503 115.508
          118.973 118.942 118.912 118.882 118.852 118.822 118.792 118.762 118.733 118.703 118.673 118.643
          118.614 118.586 118.558 118.528 118.495 118.457 118.084 115.845 115.639 115.502 115.35 115.203
          115.133 115.11 115.093 115.082 115.075 115.074 115.077 115.082 115.088 115.094 115.101 115.108
          115.115 115.123 115.13 115.138 115.145 115.153 115.16 115.168 115.175 115.183 115.19 115.197
          115.205 115.212 115.219 115.226 115.233 115.24 115.247 115.254 115.261 115.268 115.275 115.282
          115.289 115.295 115.302 115.308 115.315 115.321 115.327 115.334 115.34 115.346 115.352 115.358
          115.363 115.369 115.375 115.38 118.944 118.914 118.884 118.854 118.824 118.794 118.765 118.735
          118.706 118.676 118.647 118.618 118.589 118.56 118.53 118.501 118.473 118.446 118.418 118.389
          118.359 118.324 118.288 118.268 115.796 115.58 115.459 115.331 115.194 115.071 115.031 115.013
          115 114.99 114.985 114.984 114.988 114.993 114.998 115.005 115.011 115.018 115.026 115.033
          115.041 115.048 115.056 115.063 115.071 115.078 115.086 115.093 115.1 115.108 115.115 115.122
          115.129 115.136 115.144 115.151 115.158 115.164 115.171 115.178 115.185 115.191 115.198 115.204
          115.211 115.217 115.223 115.229 115.235 115.241 115.246 115.252 118.917 118.887 118.858 118.828
          118.798 118.769 118.74 118.71 118.681 118.652 118.623 118.594 118.565 118.536 118.508 118.479
          118.451 118.422 118.394 118.365 118.336 118.308 118.281 118.253 118.225 118.195 118.162 118.126
          118.098 116.96 115.592 115.453 115.345 115.228 115.11 115.002 114.943 114.926 114.915 114.906
          114.9 114.898 114.9 114.905 114.91 114.917 114.923 114.93 114.937 114.945 114.952 114.96
          114.967 114.975 114.982 114.99 114.997 115.005 115.012 115.019 115.026 115.034 115.041 115.048
          115.055 115.062 115.068 115.075 115.082 115.088 115.094 115.101 115.107 115.113 115.119 115.124
          118.893 118.863 118.834 118.804 118.775 118.746 118.716 118.687 118.658 118.63 118.601 118.572
          118.543 118.515 118.486 118.458 118.43 118.401 118.373 118.345 118.316 118.288 118.26 118.232
          118.203 118.175 118.146 118.118 118.091 118.064 118.035 118.005 117.972 117.937 117.908 117.889
          115.569 115.37 115.275 115.177 115.072 114.975 114.883 114.845 114.834 114.825 114.819 114.816
          114.816 114.819 114.824 114.83 114.837 114.843 114.851 114.858 114.865 114.873 114.881 114.888
          114.895 114.903 114.91 114.918 114.925 114.932 114.939 114.946 114.953 114.959 114.966 114.972
          114.979 114.985 114.991 114.997 118.871 118.841 118.812 118.782 118.753 118.724 118.695 118.666
          118.637 118.609 118.58 118.551 118.523 118.494 118.466 118.438 118.41 118.381 118.353 118.325
          118.297 118.269 118.241 118.213 118.185 118.157 118.129 118.101 118.073 118.045 118.016 117.988
          117.959 117.931 117.903 117.876 117.848 117.818 117.786 117.752 117.719 117.695 117.676 115.365
          115.222 115.139 115.052 114.961 114.877 114.801 114.756 114.746 114.74 114.737 114.735 114.736
          114.739 114.745 114.751 114.758 114.765 114.773 114.78 114.787 114.795 114.802 114.81 114.817
          114.824 114.831 114.838 114.844 114.851 114.857 114.864 114.87 118.85 118.82 118.791 118.762
          118.733 118.704 118.675 118.646 118.618 118.589 118.56 118.532 118.504 118.475 118.447 118.419
          118.391 118.362 118.334 118.306 118.278 118.25 118.222 118.195 118.167 118.139 118.111 118.083
          118.055 118.027 117.999 117.971 117.943 117.915 117.887 117.859 117.831 117.802 117.773 117.744
          117.716 117.688 117.661 117.632 117.602 117.57 117.535 117.502 117.476 117.456 115.277 115.095
          115.02 114.947 114.867 114.791 114.724 114.667 114.657 114.654 114.653 114.654 114.656 114.661
          114.667 114.674 114.681 114.688 114.696 114.703 114.71 114.717 114.724 114.73 114.737 114.743
          118.831 118.801 118.772 118.743 118.714 118.685 118.656 118.628 118.599 118.57 118.542 118.514
          118.485 118.457 118.429 118.401 118.373 118.345 118.317 118.289 118.261 118.233 118.205 118.177
          118.149 118.121 118.094 118.066 118.038 118.01 117.982 117.954 117.926 117.899 117.871 117.843
          117.815 117.786 117.758 117.73 117.702 117.674 117.645 117.617 117.587 117.558 117.529 117.5
          117.471 117.444 117.415 117.384 117.351 117.316 117.281 117.251 117.228 115.208 114.951 114.879
          114.817 114.748 114.686 114.626 114.581 114.564 114.564 114.567 114.571 114.577 114.583 114.59
          114.597 114.604 114.61 114.617 118.813 118.784 118.755 118.725 118.696 118.668 118.639 118.61
          118.582 118.553 118.525 118.496 118.468 118.44 118.412 118.384 118.356 118.328 118.3 118.272
          118.244 118.216 118.188 118.16 118.132 118.105 118.077 118.049 118.021 117.994 117.966 117.938
          117.91 117.882 117.855 117.827 117.799 117.771 117.743 117.715 117.686 117.658 117.63 117.601
          117.573 117.544 117.515 117.486 117.458 117.429 117.399 117.369 117.339 117.308 117.278 117.249
          117.219 117.189 117.157 117.124 117.088 117.05 117.015 116.987 116.964 114.804 114.68 114.625
          114.573 114.522 114.486 114.469 114.472 114.478 114.485 114.492 118.796 118.767 118.738 118.709
          118.68 118.651 118.622 118.594 118.565 118.537 118.508 118.48 118.452 118.424 118.395 118.367
          118.339 118.311 118.283 118.255 118.228 118.2 118.172 118.144 118.116 118.089 118.061 118.033
          118.005 117.978 117.95 117.922 117.894 117.867 117.839 117.811 117.783 117.755 117.727 117.699
          117.671 117.643 117.614 117.586 117.558 117.529 117.5 117.472 117.443 117.414 117.384 117.355
          117.325 117.295 117.265 117.235 117.205 117.174 117.143 117.111 117.078 117.045 117.013 116.981
          116.948 116.913 116.876 116.835 116.793 116.753 116.722 114.633 114.44 114.39 114.367 114.368
          118.781 118.752 118.722 118.693 118.664 118.636 118.607 118.578 118.55 118.521 118.493 118.465
          118.436 118.408 118.38 118.352 118.324 118.296 118.268 118.24 118.212 118.184 118.157 118.129
          118.101 118.073 118.046 118.018 117.99 117.962 117.935 117.907 117.879 117.851 117.823 117.796
          117.768 117.74 117.712 117.684 117.656 117.627 117.599 117.571 117.542 117.514 117.485 117.456
          117.428 117.398 117.369 117.34 117.31 117.28 117.25 117.22 117.19 117.159 117.128 117.096
          117.064 117.032 116.999 116.966 116.932 116.897 116.861 116.824 116.786 116.75 116.713 116.67
          116.617 116.551 116.504 114.41
        </DataArray>
        <DataArray type="Float32" Name="mob_gas" NumberOfComponents="1" format="ascii">
          0 0 0 0 0 0 0 0 0 0 0 0
          0 0 0 0 0 0 0 0 0 0 0 0
          0 0 0 0 0 0 0 0 0 0 0 0
          0 0 0 0 0 0 0 0 0 0 0 0
          0 0 0 0 0 0 0 0 0 0 0 0
          0 0 0 0 0 0 0 0 0 0 0 0
          0 0 0 0 0 0 0 0 0 0 0 0
          0 0 0 0 0 0 0 0 0 0 0 0
          0 0 0 0 0 0 0 0 0 0 0 0
          0 0 0 0 0 0 0 0 0 0 0 0
          0 0 0 0 0 0 0 0 0 0 0 0
          0 0 0 0 0 0 0 0 0 0 0 0
          0 0 0 0 0 0 0 0 0 0 0 0
          0 0 0 0 0 0 0 0 0 0 0 0
          0 0 0 0 0 0 0 0 0 0 0 0
          0 0 0 0 0 0 0 0 0 0 0 0
          0 0 0 0 0 0 0 0 0 0 0 0
          0 0 0 0 0 0 0 0 0 0 0 0
          0 0 0 0 0 0 0 0 0 0 0 0
          0 0 0 0 0 0 0 0 0 0 0 0
          0 0 0 0 0 0 0 0 0 0 0 0
          0 0 0 0 0 0 0 0 0 0 0 0
          0 0 0 0 0 0 0 0 0 0 0 0
          0 0 0 0 0 0 0 0 0 0 0 0
          0 0 0 0 0 0 0 0 0 0 0 0
          0 0 0 0 0 0 0 0 0 0 0 0
          0 0 0 0 0 0 0 0 0 0 0 0
          0 0 0 0 0 0 0 0 0 0 0 0
          0 0 0 0 0 0 0 0 0 0 0 0
          0 0 0 0 0 0 0 0 0 0 0 0
          0 0 0 0 0 0 0 0 0 0 0 0
          0 0 0 0 0 0 0 0 0 0 0 0
          0 0 0 0 0 0 0 0 0 0 0 0
          0 0 0 0 0 0 0 0 0 0 0 0
          0 0 0 0 0 0 0 0 0 0 0 0
          0 0 0 0 0 0 0 0 0 0 0 0
          0 0 0 0 0 0 0 0 0 0 0 0
          0 0 0 0 0 0 0 0 0 0 0 0
          0 0 0 0 0 0 0 0 0 0 0 0
          0 0 0 0 0 0 0 0 0 0 0 0
          0 0 0 0 0 0 0 0 0 0 0 0
          0 0 0 0 0 0 0 0 0 0 0 0
          0 0 0 0 0 0 0 0 0 0 0 0
          0 0 0 0 0 0 0 0 0 0 0 0
          0 0 0 0 0 0 0 0 0 0 0 0
          0 0 0 0 0 0 0 0 0 0 0 0
          0 0 0 0 0 0 0 0 0 0 0 0
          0 0 0 0 0 0 0 0 0 0 0 0
          0 0 0 0 0 0 0 0 0 0 0 0
          0 0 0 0 0 0 0 0 0 0 0 0
          0 0 0 0 0 0 0 0 0 0 0 0
          0 0 0 0 0 0 0 0 0 0 0 0
          0 0 0 0 0 0 0 0 0 0 0 0
          0 0 0 0 0 0 0 0 0 0 0 0
          0 0 0 0 0 0 0 0 0 0 0 0
          0 0 0 0 0 0 0 0 0 0 0 0
          0 0 0 0 0 0 0 0 0 0 0 0
          0 0 0 0 0 0 0 0 0 0 0 0
          0 0 0 0 0 0 0 0 0 0 0 0
          0 0 0 0 0 0 0 0 0 0 0 0
          0 0 0 0 0 0 0 0 0 0 0 0
          0 0 0 0 0 0 0 0 0 0 0 0
          0 0 0 0 0 0 0 0 0 0 0 0
          0 0 0 0 0 0 0 0 0 0 0 0
          0 0 0 0 0 0 0 0 0 0 0 0
          0 0 0 0 0 0 0 0 0 0 0 0
          0 0 0 0 0 0 0 0 0 0 0 0
          0 0 0 0 0 0 0 0 0 0 0 0
          0 0 0 0 0 0 0 0 0 0 0 0
          0 0 0 0 0 0 0 0 0 0 0 0
          0 0 0 0 0 0 0 0 0 0 0 0
          0 0 0 0 0 0 0 0 0 0 0 0
          0 0 0 0 0 0 0 0 0 0 0 0
          0 0 0 0 0 0 0 0 0 0 0 0
          0 0 0 0 0 0 0 0 0 0 0 0
          0 0 0 0 0 0 0 0 0 0 0 0
          0 0 0 0 0 0 0 0 0 0 0 0
          0 0 0 0 0 0 0 0 0 0 0 0
          0 0 0 0 0 0 0 0 0 0 0 0
          0 0 0 0 0 0 0 0 0 0 0 0
          0 0 0 0 0 0 0 0 0 0 0 0
          0 0 0 0 0 0 0 0 0 0 0 0
          0 0 0 0 0 0 0 0 0 0 0 0
          0 0 0 0 0 0 0 0 0 0 0 0
          0 0 0 0 0 0 0 0 0 0 0 0
          0 0 0 0 0 0 0 0 0 0 0 0
          0 0 0 0 0 0 0 0 0 0 0 0
          0 0 0 0 0 0 0 0 0 0 0 0
          0 0 0 0 0 0 0 0 0 0 0 0
          0 0 0 0 0 0 0 0 0 0 0 0
          0 0 0 0 0 0 0 0 0 0 0 0
          0 0 0 0 0 0 0 0 0 0 0 0
          0 0 0 0 0 0 0 0 0 0 0 0
          0 0 0 0 0 0 0 0 0 0 0 0
          0 0 0 0 0 0 0 0 0 0 0 0
          0 0 0 0 0 0 0 0 0 0 0 0
          0 0 0 0 0 0 0 0 0 0 0 0
          0 0 0 0 0 0 0 0 0 0 0 0
          0 0 0 0 0 0 0 0 0 0 0 0
          0 0 0 0 0 0 0 0 0 0 0 0
          0 0 0 0 0 0 0 0 0 0 0 0
          0 0 0 0 0.204987 0 0 0 0 0 0 0
          0 0 0 0 0 0 0 0 0 0 0 0
          0 0 0 0 0 0 0 0 0 0 0 0
          0 0 0 0 0 0 0 0 0 0 0 0
          0 0 0 0 0 0 0 0 0 0 0 0
          0 0 0 0 0 0 0 0 0 0 0 0
          0 0 0 0 0 0 0 0 433.443 271.838 91.4088 0.994983
          0 0 0 0 0 0 0 0 0 0 0 0
          0 0 0 0 0 0 0 0 0 0 0 0
          0 0 0 0 0 0 0 0 0 0 0 0
          0 0 0 0 0 0 0 0 0 0 0 0
          0 0 0 0 0 0 0 0 0 0 0 0
          0 0 0 0 0 0 0 0 0 0 0 0
          830.851 737.732 621.231 488.072 327.227 138.39 4.56448 0 0 0 0 0
          0 0 0 0 0 0 0 0 0 0 0 0
          0 0 0 0 0 0 0 0 0 0 0 0
          0 0 0 0 0 0 0 0 0 0 0 0
          0 0 0 0 0 0 0 0 0 0 0 0
          0 0 0 0 0 0 0 0 0 0 0 0
          0 0 0 0 1027.8 989.225 940.429 877.145 794.708 690.937 569.71 414.327
          223.331 27.4958 0.00611921 0 0 0 0 0 0 0 0 0
          0 0 0 0 0 0 0 0 0 0 0 0
          0 0 0 0 0 0 0 0 0 0 0 0
          0 0 0 0 0 0 0 0 0 0 0 0
          0 0 0 0 0 0 0 0 0 0 0 0
          0 0 0 0 0 0 0 0 1153.34 1133.37 1110.34 1082.94
          1049.43 1007.36 953.108 883.266 795.93 693.143 555.105 373.428 146.839 3.5313 0 0
          0 0 0 0 0 0 0 0 0 0 0 0
          0 0 0 0 0 0 0 0 0 0 0 0
          0 0 0 0 0 0 0 0 0 0 0 0
          0 0 0 0 0 0 0 0 0 0 0 0
          0 0 0 0 0 0 0 0 0 0 0 0
          1274.59 1261.11 1246.78 1231.16 1213.64 1193.46 1169.66 1141.01 1105.71 1061.05 1004.98 936.67
          857.655 757.135 603.792 406.075 161.623 5.11274 0 0 0 0 0 0
          0 0 0 0 0 0 0 0 0 0 0 0
          0 0 0 0 0 0 0 0 0 0 0 0
          0 0 0 0 0 0 0 0 0 0 0 0
          0 0 0 0 0 0 0 0 0 0 0 0
          0 0 0 0 1414.15 1403.25 1392.08 1380.44 1368.11 1354.8 1340.17 1323.78
          1305.12 1283.6 1258.51 1228.74 1192.53 1148.42 1096.91 1039.04 975.653 887.741 746.497 565.969
          354.589 121.694 4.74048 0.000188743 0 0 0 0 0 0 0 0
          0 0 0 0 0 0 0 0 0 0 0 0
          0 0 0 0 0 0 0 0 0 0 0 0
          0 0 0 0 0 0 0 0 0 0 0 0
          0 0 0 0 0 0 0 0 1581.1 1571.11 1560.92 1550.4
          1539.45 1527.93 1515.68 1502.53 1488.27 1472.68 1455.46 1436.29 1414.87 1390.78 1363.39 1331.66
          1294.12 1250.05 1200.09 1144.64 1084.03 1013.34 915.21 779.492 606.76 409.06 195.278 32.8255
          0.486275 0 0 0 0 0 0 0 0 0 0 0
          0 0 0 0 0 0 0 0 0 0 0 0
          0 0 0 0 0 0 0 0 0 0 0 0
          0 0 0 0 0 0 0 0 0 0 0 0
          1781.99 1771.85 1761.41 1750.61 1739.37 1727.61 1715.26 1702.22 1688.4 1673.69 1657.99 1641.18
          1623.11 1603.63 1582.55 1559.7 1534.9 1507.96 1478.51 1445.98 1409.42 1367.85 1320.99 1269.12
          1212.48 1150.64 1079.4 988.963 874.339 728.147 552.988 360.781 168.6 32.6044 1.2118 0.000706873
          0 0 0 0 0 0 0 0 0 0 0 0
          0 0 0 0 0 0 0 0 0 0 0 0
          0 0 0 0 0 0 0 0 0 0 0 0
          0 0 0 0 2026 2014.91 2003.42 1991.5 1979.11 1966.2 1952.72 1938.63
          1923.9 1908.46 1892.29 1875.32 1857.53 1838.84 1819.22 1798.6 1776.91 1754.05 1729.9 1704.32
          1677.17 1648.32 1617.58 1584.66 1549.12 1510.29 1467.43 1420.02 1367.93 1311.39 1250.35 1183.18
          1104.56 1010.55 897.84 760.771 596.43 417.464 237.564 83.5103 10.8185 0.330027 3.3126e-06 0
          0 0 0 0 0 0 0 0 0 0 0 0
          0 0 0 0 0 0 0 0 0 0 0 0
          0 0 0 0 0 0 0 0 2329.72 2317.14 2304.11 2290.62
          2276.64 2262.15 2247.13 2231.56 2215.41 2198.68 2181.34 2163.38 2144.77 2125.5 2105.55 2084.88
          2063.47 2041.28 2018.27 1994.39 1969.58 1943.77 1916.89 1888.82 1859.45 1828.66 1796.32 1762.3
          1726.42 1688.43 1647.91 1604.34 1557.12 1505.71 1449.94 1390 1325.97 1256.49 1178.06 1088.15
          983.946 862.34 718.952 554.694 383.133 216.354 78.6321 12.6048 0.643953 0.000662353 0 0
          0 0 0 0 0 0 0 0 0 0 0 0
          0 0 0 0 0 0 0 0 0 0 0 0
          2725.23 2710.87 2696.06 2680.78 2665.02 2648.78 2632.04 2614.8 2597.04 2578.76 2559.95 2540.59
          2520.68 2500.2 2479.14 2457.48 2435.21 2412.31 2388.75 2364.51 2339.55 2313.85 2287.36 2260.04
          2231.84 2202.72 2172.61 2141.44 2109.14 2075.61 2040.75 2004.44 1966.56 1927.02 1885.68 1842.34
          1796.69 1748.33 1696.75 1641.6 1582.73 1519.85 1452.82 1381.58 1304.43 1218.99 1123.2 1014.4
          890.219 747.851 586.852 419.414 255.752 112.981 26.5982 2.52039 0.0358261 0 0 0
          0 0 0 0 0 0 0 0 0 0 0 0
          0 0 0 0 3280.22 3263.95 3247.23 3230.06 3212.43 3194.32 3175.75 3156.69
          3137.15 3117.11 3096.57 3075.52 3053.94 3031.83 3009.17 2985.95 2962.16 2937.77 2912.78 2887.17
          2860.91 2833.97 2806.34 2778 2748.89 2719.01 2688.31 2656.75 2624.3 2590.89 2556.5 2521.06
          2484.51 2446.79 2407.83 2367.54 2325.82 2282.55 2237.62 2190.92 2142.34 2091.76 2038.98 1983.72
          1925.59 1864.29 1799.58 1731.2 1658.99 1582.66 1501.74 1415.14 1321.07 1217.44 1101.88 972.426
          827.543 665.189 493.371 323.502 167.452 52.6194 6.95661 0.209066 1.02511e-11 0 0 0
          0 0 0 0 0 0 0 0 4171.25 4152.95 4134.2 4114.99
          4095.31 4075.17 4054.56 4033.46 4011.86 3989.77 3967.17 3944.04 3920.38 3896.17 3871.41 3846.07
          3820.14 3793.61 3766.46 3738.67 3710.22 3681.09 3651.27 3620.72 3589.42 3557.35 3524.47 3490.76
          3456.18 3420.7 3384.28 3346.89 3308.47 3268.99 3228.39 3186.61 3143.61 3099.31 3053.65 3006.55
          2957.95 2907.74 2855.83 2802.09 2746.39 2688.58 2628.52 2566.11 2501.16 2433.51 2362.87 2288.89
          2211.23 2129.5 2043.39 1952.69 1857.13 1756.09 1648.71 1533.43 1408.03 1270 1117.18 948.693
          762.96 563.89 366.168 185.639 52.7394 4.1918 0.0119783 0 0 0 0 0
          6214.75 6194.22 6173.22 6151.74 6129.76 6107.29 6084.3 6060.8 6036.76 6012.19 5987.07 5961.37
          5935.1 5908.22 5880.73 5852.6 5823.83 5794.4 5764.27 5733.44 5701.89 5669.58 5636.49 5602.61
          5567.89 5532.32 5495.86 5458.47 5420.13 5380.8 5340.43 5298.99 5256.43 5212.7 5167.75 5121.53
          5073.97 5025.02 4974.6 4922.63 4869.05 4813.75 4756.65 4697.63 4636.58 4573.39 4507.91 4440.01
          4369.52 4296.25 4220 4140.51 4057.51 3970.75 3879.91 3784.63 3684.5 3579.06 3467.66 3349.52
          3223.92 3089.97 2946.64 2792.63 2626.64 2447.05 2249.43 2028.73 1779.47 1493.29 1158.27 764.681
          344.218 34.384 0.0106334 0
        </DataArray>
        <DataArray type="Float32" Name="pc" NumberOfComponents="1" format="ascii">
          5000 5000 5000 5000 5000 5000 5000 5000 5000 5000 5000 5000
          5000 5000 5000 5000 5000 5000 5000 5000 5000 5000 5000 5000
          5000 5000 5000 5000 5000 5000 5000 5000 5000 5000 5000 5000
          5000 5000 5000 5000 5000 5000 5000 5000 5000 5000 5000 5000
          5000 5000 5000 5000 5000 5000 5000 5000 5000 5000 5000 5000
          5000 5000 5000 5000 5000 5000 5000 5000 5000 5000 5000 5000
          5000 5000 5000 5000 5000 5000 5000 5000 5000 5000 5000 5000
          5000 5000 5000 5000 5000 5000 5000 5000 5000 5000 5000 5000
          5000 5000 5000 5000 5000 5000 5000 5000 5000 5000 5000 5000
          5000 5000 5000 5000 5000 5000 5000 5000 5000 5000 5000 5000
          5000 5000 5000 5000 5000 5000 5000 5000 5000 5000 5000 5000
          5000 5000 5000 5000 5000 5000 5000 5000 5000 5000 5000 5000
          5000 5000 5000 5000 5000 5000 5000 5000 5000 5000 5000 5000
          5000 5000 5000 5000 5000 5000 5000 5000 5000 5000 5000 5000
          5000 5000 5000 5000 5000 5000 5000 5000 5000 5000 5000 5000
          5000 5000 5000 5000 5000 5000 5000 5000 5000 5000 5000 5000
          5000 5000 5000 5000 5000 5000 5000 5000 5000 5000 5000 5000
          5000 5000 5000 5000 5000 5000 5000 5000 5000 5000 5000 5000
          5000 5000 5000 5000 5000 5000 5000 5000 5000 5000 5000 5000
          5000 5000 5000 5000 5000 5000 5000 5000 5000 5000 5000 5000
          5000 5000 5000 5000 5000 5000 5000 5000 5000 5000 5000 5000
          5000 5000 5000 5000 5000 5000 5000 5000 5000 5000 5000 5000
          5000 5000 5000 5000 5000 5000 5000 5000 5000 5000 5000 5000
          5000 5000 5000 5000 5000 5000 5000 5000 5000 5000 5000 5000
          5000 5000 5000 5000 5000 5000 5000 5000 5000 5000 5000 5000
          5000 5000 5000 5000 5000 5000 5000 5000 5000 5000 5000 5000
          5000 5000 5000 5000 5000 5000 5000 5000 5000 5000 5000 5000
          5000 5000 5000 5000 5000 5000 5000 5000 5000 5000 5000 5000
          5000 5000 5000 5000 5000 5000 5000 5000 5000 5000 5000 5000
          5000 5000 5000 5000 5000 5000 5000 5000 5000 5000 5000 5000
          5000 5000 5000 5000 5000 5000 5000 5000 5000 5000 5000 5000
          5000 5000 5000 5000 5000 5000 5000 5000 5000 5000 5000 5000
          5000 5000 5000 5000 5000 5000 5000 5000 5000 5000 5000 5000
          5000 5000 5000 5000 5000 5000 5000 5000 5000 5000 5000 5000
          5000 5000 5000 5000 5000 5000 5000 5000 5000 5000 5000 5000
          5000 5000 5000 5000 5000 5000 5000 5000 5000 5000 5000 5000
          5000 5000 5000 5000 5000 5000 5000 5000 5000 5000 5000 5000
          5000 5000 5000 5000 5000 5000 5000 5000 5000 5000 5000 5000
          5000 5000 5000 5000 5000 5000 5000 5000 5000 5000 5000 5000
          5000 5000 5000 5000 5000 5000 5000 5000 5000 5000 5000 5000
          5000 5000 5000 5000 5000 5000 5000 5000 5000 5000 5000 5000
          5000 5000 5000 5000 5000 5000 5000 5000 5000 5000 5000 5000
          5000 5000 5000 5000 5000 5000 5000 5000 5000 5000 5000 5000
          5000 5000 5000 5000 5000 5000 5000 5000 5000 5000 5000 5000
          5000 5000 5000 5000 5000 5000 5000 5000 5000 5000 5000 5000
          5000 5000 5000 5000 5000 5000 5000 5000 5000 5000 5000 5000
          5000 5000 5000 5000 5000 5000 5000 5000 5000 5000 5000 5000
          5000 5000 5000 5000 5000 5000 5000 5000 5000 5000 5000 5000
          5000 5000 5000 5000 5000 5000 5000 5000 5000 5000 5000 5000
          5000 5000 5000 5000 5000 5000 5000 5000 5000 5000 5000 5000
          5000 5000 5000 5000 5000 5000 5000 5000 5000 5000 5000 5000
          5000 5000 5000 5000 5000 5000 5000 5000 5000 5000 5000 5000
          5000 5000 5000 5000 5000 5000 5000 5000 5000 5000 5000 5000
          5000 5000 5000 5000 5000 5000 5000 5000 5000 5000 5000 5000
          5000 5000 5000 5000 5000 5000 5000 5000 5000 5000 5000 5000
          5000 5000 5000 5000 5000 5000 5000 5000 5000 5000 5000 5000
          5000 5000 5000 5000 5000 5000 5000 5000 5000 5000 5000 5000
          5000 5000 5000 5000 5000 5000 5000 5000 5000 5000 5000 5000
          5000 5000 5000 5000 5000 5000 5000 5000 5000 5000 5000 5000
          5000 5000 5000 5000 5000 5000 5000 5000 5000 5000 5000 5000
          5000 5000 5000 5000 5000 5000 5000 5000 5000 5000 5000 5000
          5000 5000 5000 5000 5000 5000 5000 5000 5000 5000 5000 5000
          5000 5000 5000 5000 5000 5000 5000 5000 5000 5000 5000 5000
          5000 5000 5000 5000 5000 5000 5000 5000 5000 5000 5000 5000
          5000 5000 5000 5000 5000 5000 5000 5000 5000 5000 5000 5000
          5000 5000 5000 5000 5000 5000 5000 5000 5000 5000 5000 5000
          5000 5000 5000 5000 5000 5000 5000 5000 5000 5000 5000 5000
          5000 5000 5000 5000 5000 5000 5000 5000 5000 5000 5000 5000
          5000 5000 5000 5000 5000 5000 5000 5000 5000 5000 5000 5000
          5000 5000 5000 5000 5000 5000 5000 5000 5000 5000 5000 5000
          5000 5000 5000 5000 5000 5000 5000 5000 5000 5000 5000 5000
          5000 5000 5000 5000 5000 5000 5000 5000 5000 5000 5000 5000
          5000 5000 5000 5000 5000 5000 5000 5000 5000 5000 5000 5000
          5000 5000 5000 5000 5000 5000 5000 5000 5000 5000 5000 5000
          5000 5000 5000 5000 5000 5000 5000 5000 5000 5000 5000 5000
          5000 5000 5000 5000 5000 5000 5000 5000 5000 5000 5000 5000
          5000 5000 5000 5000 5000 5000 5000 5000 5000 5000 5000 5000
          5000 5000 5000 5000 5000 5000 5000 5000 5000 5000 5000 5000
          5000 5000 5000 5000 5000 5000 5000 5000 5000 5000 5000 5000
          5000 5000 5000 5000 5000 5000 5000 5000 5000 5000 5000 5000
          5000 5000 5000 5000 5000 5000 5000 5000 5000 5000 5000 5000
          5000 5000 5000 5000 5000 5000 5000 5000 5000 5000 5000 5000
          5000 5000 5000 5000 5000 5000 5000 5000 5000 5000 5000 5000
          5000 5000 5000 5000 5000 5000 5000 5000 5000 5000 5000 5000
          5000 5000 5000 5000 5000 5000 5000 5000 5000 5000 5000 5000
          5000 5000 5000 5000 5000 5000 5000 5000 5000 5000 5000 5000
          5000 5000 5000 5000 5000 5000 5000 5000 5000 5000 5000 5000
          5000 5000 5000 5000 5000 5000 5000 5000 5000 5000 5000 5000
          5000 5000 5000 5000 5000 5000 5000 5000 5000 5000 5000 5000
          5000 5000 5000 5000 5000 5000 5000 5000 5000 5000 5000 5000
          5000 5000 5000 5000 5000 5000 5000 5000 5000 5000 5000 5000
          5000 5000 5000 5000 5000 5000 5000 5000 5000 5000 5000 5000
          5000 5000 5000 5000 5000 5000 5000 5000 5000 5000 5000 5000
          5000 5000 5000 5000 5000 5000 5000 5000 5000 5000 5000 5000
          5000 5000 5000 5000 5000 5000 5000 5000 5000 5000 5000 5000
          5000 5000 5000 5000 5000 5000 5000 5000 5000 5000 5000 5000
          5000 5000 5000 5000 5000 5000 5000 5000 5000 5000 5000 5000
          5000 5000 5000 5000 5000 5000 5000 5000 5000 5000 5000 5000
          5000 5000 5000 5000 5000 5000 5000 5000 5000 5000 5000 5000
          5000 5000 5000 5000 5000 5000 5000 5000 5000 5000 5000 5000
          5000 5000 5000 5000 5000 5000 5000 5000 5000 5000 5000 5000
          5000 5000 5000 5000 5053.08 5000 5000 5000 5000 5000 5000 5000
          5000 5000 5000 5000 5000 5000 5000 5000 5000 5000 5000 5000
          5000 5000 5000 5000 5000 5000 5000 5000 5000 5000 5000 5000
          5000 5000 5000 5000 5000 5000 5000 5000 5000 5000 5000 5000
          5000 5000 5000 5000 5000 5000 5000 5000 5000 5000 5000 5000
          5000 5000 5000 5000 5000 5000 5000 5000 5000 5000 5000 5000
          5000 5000 5000 5000 5000 5000 5000 5000 6399.85 6115.37 5674.84 5100.66
          5000 5000 5000 5000 5000 5000 5000 5000 5000 5000 5000 5000
          5000 5000 5000 5000 5000 5000 5000 5000 5000 5000 5000 5000
          5000 5000 5000 5000 5000 5000 5000 5000 5000 5000 5000 5000
          5000 5000 5000 5000 5000 5000 5000 5000 5000 5000 5000 5000
          5000 5000 5000 5000 5000 5000 5000 5000 5000 5000 5000 5000
          5000 5000 5000 5000 5000 5000 5000 5000 5000 5000 5000 5000
          6956.34 6836.68 6679.24 6485.07 6219.16 5813.75 5187.9 5000 5000 5000 5000 5000
          5000 5000 5000 5000 5000 5000 5000 5000 5000 5000 5000 5000
          5000 5000 5000 5000 5000 5000 5000 5000 5000 5000 5000 5000
          5000 5000 5000 5000 5000 5000 5000 5000 5000 5000 5000 5000
          5000 5000 5000 5000 5000 5000 5000 5000 5000 5000 5000 5000
          5000 5000 5000 5000 5000 5000 5000 5000 5000 5000 5000 5000
          5000 5000 5000 5000 7195.41 7149.65 7091.02 7013.57 6909.92 6774.1 6605.76 6368.18
          6015.62 5399.15 5012.93 5000 5000 5000 5000 5000 5000 5000 5000 5000
          5000 5000 5000 5000 5000 5000 5000 5000 5000 5000 5000 5000
          5000 5000 5000 5000 5000 5000 5000 5000 5000 5000 5000 5000
          5000 5000 5000 5000 5000 5000 5000 5000 5000 5000 5000 5000
          5000 5000 5000 5000 5000 5000 5000 5000 5000 5000 5000 5000
          5000 5000 5000 5000 5000 5000 5000 5000 7340.32 7317.42 7290.89 7259.16
          7220.07 7170.49 7105.66 7020.51 6910.91 6776.54 6584.18 6299.55 5835.72 5168.95 5000 5000
          5000 5000 5000 5000 5000 5000 5000 5000 5000 5000 5000 5000
          5000 5000 5000 5000 5000 5000 5000 5000 5000 5000 5000 5000
          5000 5000 5000 5000 5000 5000 5000 5000 5000 5000 5000 5000
          5000 5000 5000 5000 5000 5000 5000 5000 5000 5000 5000 5000
          5000 5000 5000 5000 5000 5000 5000 5000 5000 5000 5000 5000
          7476.04 7460.96 7444.9 7427.34 7407.61 7384.8 7357.8 7325.13 7284.59 7232.8 7166.89 7085.09
          6988.1 6860.35 6653.37 6353.9 5873.17 5196.79 5000 5000 5000 5000 5000 5000
          5000 5000 5000 5000 5000 5000 5000 5000 5000 5000 5000 5000
          5000 5000 5000 5000 5000 5000 5000 5000 5000 5000 5000 5000
          5000 5000 5000 5000 5000 5000 5000 5000 5000 5000 5000 5000
          5000 5000 5000 5000 5000 5000 5000 5000 5000 5000 5000 5000
          5000 5000 5000 5000 7628.07 7616.17 7603.94 7591.18 7577.66 7563.04 7546.95 7528.89
          7508.28 7484.46 7456.56 7423.31 7382.61 7332.6 7273.53 7206.22 7131.19 7024.64 6845.92 6598.97
          6266.35 5766.72 5190.68 5003.21 5000 5000 5000 5000 5000 5000 5000 5000
          5000 5000 5000 5000 5000 5000 5000 5000 5000 5000 5000 5000
          5000 5000 5000 5000 5000 5000 5000 5000 5000 5000 5000 5000
          5000 5000 5000 5000 5000 5000 5000 5000 5000 5000 5000 5000
          5000 5000 5000 5000 5000 5000 5000 5000 7805.18 7794.53 7783.63 7772.4
          7760.68 7748.35 7735.23 7721.13 7705.83 7689.08 7670.55 7649.89 7626.73 7600.62 7570.82 7536.15
          7494.87 7446.04 7390.15 7327.37 7257.78 7175.18 7057.57 6888 6656.51 6357.99 5952.67 5430.25
          5075.16 5000 5000 5000 5000 5000 5000 5000 5000 5000 5000 5000
          5000 5000 5000 5000 5000 5000 5000 5000 5000 5000 5000 5000
          5000 5000 5000 5000 5000 5000 5000 5000 5000 5000 5000 5000
          5000 5000 5000 5000 5000 5000 5000 5000 5000 5000 5000 5000
          8012.86 8002.29 7991.41 7980.15 7968.42 7956.16 7943.26 7929.64 7915.19 7899.81 7883.37 7865.75
          7846.78 7826.3 7804.09 7779.96 7753.7 7725.08 7693.69 7658.85 7619.49 7574.48 7523.33 7466.19
          7403.09 7333.28 7251.55 7145.52 7006.72 6820.65 6579.13 6276.29 5889.59 5428.87 5108.9 5005.44
          5000 5000 5000 5000 5000 5000 5000 5000 5000 5000 5000 5000
          5000 5000 5000 5000 5000 5000 5000 5000 5000 5000 5000 5000
          5000 5000 5000 5000 5000 5000 5000 5000 5000 5000 5000 5000
          5000 5000 5000 5000 8259.03 8247.73 8236.03 8223.89 8211.27 8198.12 8184.39 8170.03
          8155 8139.25 8122.73 8105.4 8087.19 8068.06 8047.94 8026.77 8004.45 7980.89 7955.95 7929.47
          7901.3 7871.26 7839.15 7804.64 7767.21 7726.12 7680.5 7629.69 7573.4 7511.69 7444.32 7369.15
          7279.68 7170.24 7034.85 6862.51 6640.79 6370.78 6043.82 5646.78 5268.54 5064.2 5000.64 5000
          5000 5000 5000 5000 5000 5000 5000 5000 5000 5000 5000 5000
          5000 5000 5000 5000 5000 5000 5000 5000 5000 5000 5000 5000
          5000 5000 5000 5000 5000 5000 5000 5000 8558.69 8546.14 8533.16 8519.71
          8505.77 8491.32 8476.35 8460.82 8444.71 8428.02 8410.71 8392.77 8374.18 8354.91 8334.94 8314.23
          8292.76 8270.48 8247.35 8223.31 8198.29 8172.22 8145.01 8116.55 8086.7 8055.31 8022.25 7987.37
          7950.45 7911.2 7869.16 7823.71 7774.17 7719.87 7660.49 7596.06 7526.49 7450.02 7362.35 7259.82
          7137.84 6990.3 6807.15 6580.42 6313.48 5998.46 5629.48 5286.23 5084.15 5005.3 5000 5000
          5000 5000 5000 5000 5000 5000 5000 5000 5000 5000 5000 5000
          5000 5000 5000 5000 5000 5000 5000 5000 5000 5000 5000 5000
          8941.62 8927.54 8913.01 8898.04 8882.6 8866.68 8850.29 8833.4 8816.01 8798.11 8779.68 8760.72
          8741.21 8721.14 8700.49 8679.25 8657.4 8634.92 8611.77 8587.93 8563.38 8538.06 8511.95 8484.98
          8457.11 8428.29 8398.45 8367.5 8335.38 8301.96 8267.13 8230.77 8192.74 8152.91 8111.13 8067.16
          8020.65 7971.14 7918.05 7860.94 7799.53 7733.39 7662.19 7585.67 7501.68 7407.15 7299.01 7172.9
          7023.79 6844.21 6625.91 6372.87 6080.15 5740.13 5392.61 5146.77 5026.22 5000 5000 5000
          5000 5000 5000 5000 5000 5000 5000 5000 5000 5000 5000 5000
          5000 5000 5000 5000 9471.86 9456.03 9439.78 9423.1 9405.98 9388.42 9370.41 9351.94
          9333.01 9313.61 9293.73 9273.36 9252.49 9231.11 9209.21 9186.77 9163.77 9140.21 9116.07 9091.31
          9065.93 9039.9 9013.19 8985.78 8957.63 8928.71 8898.99 8868.42 8836.95 8804.55 8771.15 8736.7
          8701.13 8664.39 8626.37 8587 8546.15 8503.7 8459.53 8413.49 8365.46 8315.29 8262.76 8207.54
          8149.17 8087.3 8021.59 7951.67 7877.23 7797.8 7712.68 7620.39 7518.56 7404.18 7273.45 7122.15
          6945.11 6733.74 6488.14 6208.48 5885.46 5527 5223.11 5053.33 5000 5000 5000 5000
          5000 5000 5000 5000 5000 5000 5000 5000 10321.8 10303.8 10285.4 10266.6
          10247.3 10227.6 10207.5 10186.9 10165.9 10144.3 10122.4 10099.9 10076.9 10053.4 10029.4 10004.9
          9979.84 9954.21 9927.99 9901.18 9873.76 9845.71 9817 9787.62 9757.54 9726.74 9695.18 9662.83
          9629.68 9595.67 9560.79 9524.97 9488.19 9450.4 9411.55 9371.58 9330.43 9288.04 9244.33 9199.25
          9152.7 9104.59 9054.81 9003.23 8949.7 8894.08 8836.21 8775.95 8713.11 8647.48 8578.74 8506.5
          8430.34 8349.8 8264.44 8173.92 8077.75 7975.07 7864.65 7744.38 7611.16 7461.08 7289.73 7092.67
          6862 6591.59 6282.98 5928.38 5527.31 5180.82 5016.88 5000 5000 5000 5000 5000
          12350.1 12328.2 12305.7 12282.8 12259.5 12235.6 12211.3 12186.5 12161.1 12135.3 12108.9 12081.9
          12054.5 12026.4 11997.8 11968.6 11938.7 11908.3 11877.2 11845.4 11812.9 11779.8 11745.9 11711.3
          11675.9 11639.7 11602.7 11564.8 11526.1 11486.4 11445.8 11404.2 11361.6 11317.8 11273 11227
          11179.8 11131.3 11081.5 11030.3 10977.6 10923.3 10867.4 10809.8 10750.3 10688.8 10625.3 10559.6
          10491.5 10420.9 10347.5 10271.3 10191.8 10108.8 10022.1 9931.33 9836.05 9735.83 9630.04 9517.89
          9398.66 9271.42 9135.06 8988.15 8829.17 8656.12 8464.01 8246.64 7996.32 7700.01 7334.94 6863.22
          6244.31 5437.84 5016.08 5000
        </DataArray>
        <DataArray type="Float32" Name="porosity" NumberOfComponents="1" format="ascii">
          0.14 0.14 0.14 0.14 0.14 0.14 0.14 0.14 0.14 0.14 0.14 0.14
          0.14 0.14 0.14 0.14 0.14 0.14 0.14 0.14 0.14 0.14 0.14 0.14
          0.14 0.14 0.14 0.14 0.14 0.14 0.14 0.14 0.14 0.14 0.14 0.14
          0.14 0.14 0.14 0.14 0.14 0.14 0.14 0.14 0.14 0.14 0.14 0.14
          0.14 0.14 0.14 0.14 0.14 0.14 0.14 0.14 0.14 0.14 0.14 0.14
          0.14 0.14 0.14 0.14 0.14 0.14 0.14 0.14 0.14 0.14 0.14 0.14
          0.14 0.14 0.14 0.14 0.14 0.14 0.14 0.14 0.14 0.14 0.14 0.14
          0.14 0.14 0.14 0.14 0.14 0.14 0.14 0.14 0.14 0.14 0.14 0.14
          0.14 0.14 0.14 0.14 0.14 0.14 0.14 0.14 0.14 0.14 0.14 0.14
          0.14 0.14 0.14 0.14 0.14 0.14 0.14 0.14 0.14 0.14 0.14 0.14
          0.14 0.14 0.14 0.14 0.14 0.14 0.14 0.14 0.14 0.14 0.14 0.14
          0.14 0.14 0.14 0.14 0.14 0.14 0.14 0.14 0.14 0.14 0.14 0.14
          0.14 0.14 0.14 0.14 0.14 0.14 0.14 0.14 0.14 0.14 0.14 0.14
          0.14 0.14 0.14 0.14 0.14 0.14 0.14 0.14 0.14 0.14 0.14 0.14
          0.14 0.14 0.14 0.14 0.14 0.14 0.14 0.14 0.14 0.14 0.14 0.14
          0.14 0.14 0.14 0.14 0.14 0.14 0.14 0.14 0.14 0.14 0.14 0.14
          0.14 0.14 0.14 0.14 0.14 0.14 0.14 0.14 0.14 0.14 0.14 0.14
          0.14 0.14 0.14 0.14 0.14 0.14 0.14 0.14 0.14 0.14 0.14 0.14
          0.14 0.14 0.14 0.14 0.14 0.14 0.14 0.14 0.14 0.14 0.14 0.14
          0.14 0.14 0.14 0.14 0.14 0.14 0.14 0.14 0.14 0.14 0.14 0.14
          0.14 0.14 0.14 0.14 0.14 0.14 0.14 0.14 0.14 0.14 0.14 0.14
          0.14 0.14 0.14 0.14 0.14 0.14 0.14 0.14 0.14 0.14 0.14 0.14
          0.14 0.14 0.14 0.14 0.14 0.14 0.14 0.14 0.14 0.14 0.14 0.14
          0.14 0.14 0.14 0.14 0.14 0.14 0.14 0.14 0.14 0.14 0.14 0.14
          0.14 0.14 0.14 0.14 0.14 0.14 0.14 0.14 0.14 0.14 0.14 0.14
          0.14 0.14 0.14 0.14 0.14 0.14 0.14 0.14 0.14 0.14 0.14 0.14
          0.14 0.14 0.14 0.14 0.14 0.14 0.14 0.14 0.14 0.14 0.14 0.14
          0.14 0.14 0.14 0.14 0.14 0.14 0.14 0.14 0.14 0.14 0.14 0.14
          0.14 0.14 0.14 0.14 0.14 0.14 0.14 0.14 0.14 0.14 0.14 0.14
          0.14 0.14 0.14 0.14 0.14 0.14 0.14 0.14 0.14 0.14 0.14 0.14
          0.14 0.14 0.14 0.14 0.14 0.14 0.14 0.14 0.14 0.14 0.14 0.14
          0.14 0.14 0.14 0.14 0.14 0.14 0.14 0.14 0.14 0.14 0.14 0.14
          0.14 0.14 0.14 0.14 0.14 0.14 0.14 0.14 0.14 0.14 0.14 0.14
          0.14 0.14 0.14 0.14 0.14 0.14 0.14 0.14 0.14 0.14 0.14 0.14
          0.14 0.14 0.14 0.14 0.14 0.14 0.14 0.14 0.14 0.14 0.14 0.14
          0.14 0.14 0.14 0.14 0.14 0.14 0.14 0.14 0.14 0.14 0.14 0.14
          0.14 0.14 0.14 0.14 0.14 0.14 0.14 0.14 0.14 0.14 0.14 0.14
          0.14 0.14 0.14 0.14 0.14 0.14 0.14 0.14 0.14 0.14 0.14 0.14
          0.14 0.14 0.14 0.14 0.14 0.14 0.14 0.14 0.14 0.14 0.14 0.14
          0.14 0.14 0.14 0.14 0.14 0.14 0.14 0.14 0.14 0.14 0.14 0.14
          0.14 0.14 0.14 0.14 0.14 0.14 0.14 0.14 0.14 0.14 0.14 0.14
          0.14 0.14 0.14 0.14 0.14 0.14 0.14 0.14 0.14 0.14 0.14 0.14
          0.14 0.14 0.14 0.14 0.14 0.14 0.14 0.14 0.14 0.14 0.14 0.14
          0.14 0.14 0.14 0.14 0.14 0.14 0.14 0.14 0.14 0.14 0.14 0.14
          0.14 0.14 0.14 0.14 0.14 0.14 0.14 0.14 0.14 0.14 0.14 0.14
          0.14 0.14 0.14 0.14 0.14 0.14 0.14 0.14 0.14 0.14 0.14 0.14
          0.14 0.14 0.14 0.14 0.14 0.14 0.14 0.14 0.14 0.14 0.14 0.14
          0.14 0.14 0.14 0.14 0.14 0.14 0.14 0.14 0.14 0.14 0.14 0.14
          0.14 0.14 0.14 0.14 0.14 0.14 0.14 0.14 0.14 0.14 0.14 0.14
          0.14 0.14 0.14 0.14 0.14 0.14 0.14 0.14 0.14 0.14 0.14 0.14
          0.14 0.14 0.14 0.14 0.14 0.14 0.14 0.14 0.14 0.14 0.14 0.14
          0.14 0.14 0.14 0.14 0.14 0.14 0.14 0.14 0.14 0.14 0.14 0.14
          0.14 0.14 0.14 0.14 0.14 0.14 0.14 0.14 0.14 0.14 0.14 0.14
          0.14 0.14 0.14 0.14 0.14 0.14 0.14 0.14 0.14 0.14 0.14 0.14
          0.14 0.14 0.14 0.14 0.14 0.14 0.14 0.14 0.14 0.14 0.14 0.14
          0.14 0.14 0.14 0.14 0.14 0.14 0.14 0.14 0.14 0.14 0.14 0.14
          0.14 0.14 0.14 0.14 0.14 0.14 0.14 0.14 0.14 0.14 0.14 0.14
          0.14 0.14 0.14 0.14 0.14 0.14 0.14 0.14 0.14 0.14 0.14 0.14
          0.14 0.14 0.14 0.14 0.14 0.14 0.14 0.14 0.14 0.14 0.14 0.14
          0.14 0.14 0.14 0.14 0.14 0.14 0.14 0.14 0.14 0.14 0.14 0.14
          0.14 0.14 0.14 0.14 0.14 0.14 0.14 0.14 0.14 0.14 0.14 0.14
          0.14 0.14 0.14 0.14 0.14 0.14 0.14 0.14 0.14 0.14 0.14 0.14
          0.14 0.14 0.14 0.14 0.14 0.14 0.14 0.14 0.14 0.14 0.14 0.14
          0.14 0.14 0.14 0.14 0.14 0.14 0.14 0.14 0.14 0.14 0.14 0.14
          0.14 0.14 0.14 0.14 0.14 0.14 0.14 0.14 0.14 0.14 0.14 0.14
          0.14 0.14 0.14 0.14 0.14 0.14 0.14 0.14 0.14 0.14 0.14 0.14
          0.14 0.14 0.14 0.14 0.14 0.14 0.14 0.14 0.14 0.14 0.14 0.14
          0.14 0.14 0.14 0.14 0.14 0.14 0.14 0.14 0.14 0.14 0.14 0.14
          0.14 0.14 0.14 0.14 0.14 0.14 0.14 0.14 0.14 0.14 0.14 0.14
          0.14 0.14 0.14 0.14 0.14 0.14 0.14 0.14 0.14 0.14 0.14 0.14
          0.14 0.14 0.14 0.14 0.14 0.14 0.14 0.14 0.14 0.14 0.14 0.14
          0.14 0.14 0.14 0.14 0.14 0.14 0.14 0.14 0.14 0.14 0.14 0.14
          0.14 0.14 0.14 0.14 0.14 0.14 0.14 0.14 0.14 0.14 0.14 0.14
          0.14 0.14 0.14 0.14 0.14 0.14 0.14 0.14 0.14 0.14 0.14 0.14
          0.14 0.14 0.14 0.14 0.14 0.14 0.14 0.14 0.14 0.14 0.14 0.14
          0.14 0.14 0.14 0.14 0.14 0.14 0.14 0.14 0.14 0.14 0.14 0.14
          0.14 0.14 0.14 0.14 0.14 0.14 0.14 0.14 0.14 0.14 0.14 0.14
          0.14 0.14 0.14 0.14 0.14 0.14 0.14 0.14 0.14 0.14 0.14 0.14
          0.14 0.14 0.14 0.14 0.14 0.14 0.14 0.14 0.14 0.14 0.14 0.14
          0.14 0.14 0.14 0.14 0.14 0.14 0.14 0.14 0.14 0.14 0.14 0.14
          0.14 0.14 0.14 0.14 0.14 0.14 0.14 0.14 0.14 0.14 0.14 0.14
          0.14 0.14 0.14 0.14 0.14 0.14 0.14 0.14 0.14 0.14 0.14 0.14
          0.14 0.14 0.14 0.14 0.14 0.14 0.14 0.14 0.14 0.14 0.14 0.14
          0.14 0.14 0.14 0.14 0.14 0.14 0.14 0.14 0.14 0.14 0.14 0.14
          0.14 0.14 0.14 0.14 0.14 0.14 0.14 0.14 0.14 0.14 0.14 0.14
          0.14 0.14 0.14 0.14 0.14 0.14 0.14 0.14 0.14 0.14 0.14 0.14
          0.14 0.14 0.14 0.14 0.14 0.14 0.14 0.14 0.14 0.14 0.14 0.14
          0.14 0.14 0.14 0.14 0.14 0.14 0.14 0.14 0.14 0.14 0.14 0.14
          0.14 0.14 0.14 0.14 0.14 0.14 0.14 0.14 0.14 0.14 0.14 0.14
          0.14 0.14 0.14 0.14 0.14 0.14 0.14 0.14 0.14 0.14 0.14 0.14
          0.14 0.14 0.14 0.14 0.14 0.14 0.14 0.14 0.14 0.14 0.14 0.14
          0.14 0.14 0.14 0.14 0.14 0.14 0.14 0.14 0.14 0.14 0.14 0.14
          0.14 0.14 0.14 0.14 0.14 0.14 0.14 0.14 0.14 0.14 0.14 0.14
          0.14 0.14 0.14 0.14 0.14 0.14 0.14 0.14 0.14 0.14 0.14 0.14
          0.14 0.14 0.14 0.14 0.14 0.14 0.14 0.14 0.14 0.14 0.14 0.14
          0.14 0.14 0.14 0.14 0.14 0.14 0.14 0.14 0.14 0.14 0.14 0.14
          0.14 0.14 0.14 0.14 0.14 0.14 0.14 0.14 0.14 0.14 0.14 0.14
          0.14 0.14 0.14 0.14 0.14 0.14 0.14 0.14 0.14 0.14 0.14 0.14
          0.14 0.14 0.14 0.14 0.14 0.14 0.14 0.14 0.14 0.14 0.14 0.14
          0.14 0.14 0.14 0.14 0.14 0.14 0.14 0.14 0.14 0.14 0.14 0.14
          0.14 0.14 0.14 0.14 0.14 0.14 0.14 0.14 0.14 0.14 0.14 0.14
          0.14 0.14 0.14 0.14 0.14 0.14 0.14 0.14 0.14 0.14 0.14 0.14
          0.14 0.14 0.14 0.14 0.14 0.14 0.14 0.14 0.14 0.14 0.14 0.14
          0.14 0.14 0.14 0.14 0.14 0.14 0.14 0.14 0.14 0.14 0.14 0.14
          0.14 0.14 0.14 0.14 0.14 0.14 0.14 0.14 0.14 0.14 0.14 0.14
          0.14 0.14 0.14 0.14 0.14 0.14 0.14 0.14 0.14 0.14 0.14 0.14
          0.14 0.14 0.14 0.14 0.14 0.14 0.14 0.14 0.14 0.14 0.14 0.14
          0.14 0.14 0.14 0.14 0.14 0.14 0.14 0.14 0.14 0.14 0.14 0.14
          0.14 0.14 0.14 0.14 0.14 0.14 0.14 0.14 0.14 0.14 0.14 0.14
          0.14 0.14 0.14 0.14 0.14 0.14 0.14 0.14 0.14 0.14 0.14 0.14
          0.14 0.14 0.14 0.14 0.14 0.14 0.14 0.14 0.14 0.14 0.14 0.14
          0.14 0.14 0.14 0.14 0.14 0.14 0.14 0.14 0.14 0.14 0.14 0.14
          0.14 0.14 0.14 0.14 0.14 0.14 0.14 0.14 0.14 0.14 0.14 0.14
          0.14 0.14 0.14 0.14 0.14 0.14 0.14 0.14 0.14 0.14 0.14 0.14
          0.14 0.14 0.14 0.14 0.14 0.14 0.14 0.14 0.14 0.14 0.14 0.14
          0.14 0.14 0.14 0.14 0.14 0.14 0.14 0.14 0.14 0.14 0.14 0.14
          0.14 0.14 0.14 0.14 0.14 0.14 0.14 0.14 0.14 0.14 0.14 0.14
          0.14 0.14 0.14 0.14 0.14 0.14 0.14 0.14 0.14 0.14 0.14 0.14
          0.14 0.14 0.14 0.14 0.14 0.14 0.14 0.14 0.14 0.14 0.14 0.14
          0.14 0.14 0.14 0.14 0.14 0.14 0.14 0.14 0.14 0.14 0.14 0.14
          0.14 0.14 0.14 0.14 0.14 0.14 0.14 0.14 0.14 0.14 0.14 0.14
          0.14 0.14 0.14 0.14 0.14 0.14 0.14 0.14 0.14 0.14 0.14 0.14
          0.14 0.14 0.14 0.14 0.14 0.14 0.14 0.14 0.14 0.14 0.14 0.14
          0.14 0.14 0.14 0.14 0.14 0.14 0.14 0.14 0.14 0.14 0.14 0.14
          0.14 0.14 0.14 0.14 0.14 0.14 0.14 0.14 0.14 0.14 0.14 0.14
          0.14 0.14 0.14 0.14 0.14 0.14 0.14 0.14 0.14 0.14 0.14 0.14
          0.14 0.14 0.14 0.14 0.14 0.14 0.14 0.14 0.14 0.14 0.14 0.14
          0.14 0.14 0.14 0.14 0.14 0.14 0.14 0.14 0.14 0.14 0.14 0.14
          0.14 0.14 0.14 0.14 0.14 0.14 0.14 0.14 0.14 0.14 0.14 0.14
          0.14 0.14 0.14 0.14 0.14 0.14 0.14 0.14 0.14 0.14 0.14 0.14
          0.14 0.14 0.14 0.14 0.14 0.14 0.14 0.14 0.14 0.14 0.14 0.14
          0.14 0.14 0.14 0.14 0.14 0.14 0.14 0.14 0.14 0.14 0.14 0.14
          0.14 0.14 0.14 0.14 0.14 0.14 0.14 0.14 0.14 0.14 0.14 0.14
          0.14 0.14 0.14 0.14 0.14 0.14 0.14 0.14 0.14 0.14 0.14 0.14
          0.14 0.14 0.14 0.14 0.14 0.14 0.14 0.14 0.14 0.14 0.14 0.14
          0.14 0.14 0.14 0.14 0.14 0.14 0.14 0.14 0.14 0.14 0.14 0.14
          0.14 0.14 0.14 0.14 0.14 0.14 0.14 0.14 0.14 0.14 0.14 0.14
          0.14 0.14 0.14 0.14 0.14 0.14 0.14 0.14 0.14 0.14 0.14 0.14
          0.14 0.14 0.14 0.14 0.14 0.14 0.14 0.14 0.14 0.14 0.14 0.14
          0.14 0.14 0.14 0.14 0.14 0.14 0.14 0.14 0.14 0.14 0.14 0.14
          0.14 0.14 0.14 0.14 0.14 0.14 0.14 0.14 0.14 0.14 0.14 0.14
          0.14 0.14 0.14 0.14 0.14 0.14 0.14 0.14 0.14 0.14 0.14 0.14
          0.14 0.14 0.14 0.14 0.14 0.14 0.14 0.14 0.14 0.14 0.14 0.14
          0.14 0.14 0.14 0.14 0.14 0.14 0.14 0.14 0.14 0.14 0.14 0.14
          0.14 0.14 0.14 0.14 0.14 0.14 0.14 0.14 0.14 0.14 0.14 0.14
          0.14 0.14 0.14 0.14 0.14 0.14 0.14 0.14 0.14 0.14 0.14 0.14
          0.14 0.14 0.14 0.14 0.14 0.14 0.14 0.14 0.14 0.14 0.14 0.14
          0.14 0.14 0.14 0.14 0.14 0.14 0.14 0.14 0.14 0.14 0.14 0.14
          0.14 0.14 0.14 0.14 0.14 0.14 0.14 0.14 0.14 0.14 0.14 0.14
          0.14 0.14 0.14 0.14 0.14 0.14 0.14 0.14 0.14 0.14 0.14 0.14
          0.14 0.14 0.14 0.14 0.14 0.14 0.14 0.14 0.14 0.14 0.14 0.14
          0.14 0.14 0.14 0.14 0.14 0.14 0.14 0.14 0.14 0.14 0.14 0.14
          0.14 0.14 0.14 0.14 0.14 0.14 0.14 0.14 0.14 0.14 0.14 0.14
          0.14 0.14 0.14 0.14 0.14 0.14 0.14 0.14 0.14 0.14 0.14 0.14
          0.14 0.14 0.14 0.14 0.14 0.14 0.14 0.14 0.14 0.14 0.14 0.14
          0.14 0.14 0.14 0.14 0.14 0.14 0.14 0.14 0.14 0.14 0.14 0.14
          0.14 0.14 0.14 0.14 0.14 0.14 0.14 0.14 0.14 0.14 0.14 0.14
          0.14 0.14 0.14 0.14 0.14 0.14 0.14 0.14 0.14 0.14 0.14 0.14
          0.14 0.14 0.14 0.14 0.14 0.14 0.14 0.14 0.14 0.14 0.14 0.14
          0.14 0.14 0.14 0.14 0.14 0.14 0.14 0.14 0.14 0.14 0.14 0.14
          0.14 0.14 0.14 0.14 0.14 0.14 0.14 0.14 0.14 0.14 0.14 0.14
          0.14 0.14 0.14 0.14 0.14 0.14 0.14 0.14 0.14 0.14 0.14 0.14
          0.14 0.14 0.14 0.14 0.14 0.14 0.14 0.14 0.14 0.14 0.14 0.14
          0.14 0.14 0.14 0.14 0.14 0.14 0.14 0.14 0.14 0.14 0.14 0.14
          0.14 0.14 0.14 0.14 0.14 0.14 0.14 0.14 0.14 0.14 0.14 0.14
          0.14 0.14 0.14 0.14 0.14 0.14 0.14 0.14 0.14 0.14 0.14 0.14
          0.14 0.14 0.14 0.14 0.14 0.14 0.14 0.14 0.14 0.14 0.14 0.14
          0.14 0.14 0.14 0.14 0.14 0.14 0.14 0.14 0.14 0.14 0.14 0.14
          0.14 0.14 0.14 0.14 0.14 0.14 0.14 0.14 0.14 0.14 0.14 0.14
          0.14 0.14 0.14 0.14 0.14 0.14 0.14 0.14 0.14 0.14 0.14 0.14
          0.14 0.14 0.14 0.14 0.14 0.14 0.14 0.14 0.14 0.14 0.14 0.14
          0.14 0.14 0.14 0.14 0.14 0.14 0.14 0.14 0.14 0.14 0.14 0.14
          0.14 0.14 0.14 0.14 0.14 0.14 0.14 0.14 0.14 0.14 0.14 0.14
          0.14 0.14 0.14 0.14 0.14 0.14 0.14 0.14 0.14 0.14 0.14 0.14
          0.14 0.14 0.14 0.14 0.14 0.14 0.14 0.14 0.14 0.14 0.14 0.14
          0.14 0.14 0.14 0.14 0.14 0.14 0.14 0.14 0.14 0.14 0.14 0.14
          0.14 0.14 0.14 0.14 0.14 0.14 0.14 0.14 0.14 0.14 0.14 0.14
          0.14 0.14 0.14 0.14 0.14 0.14 0.14 0.14 0.14 0.14 0.14 0.14
          0.14 0.14 0.14 0.14 0.14 0.14 0.14 0.14 0.14 0.14 0.14 0.14
          0.14 0.14 0.14 0.14 0.14 0.14 0.14 0.14 0.14 0.14 0.14 0.14
          0.14 0.14 0.14 0.14 0.14 0.14 0.14 0.14 0.14 0.14 0.14 0.14
          0.14 0.14 0.14 0.14 0.14 0.14 0.14 0.14 0.14 0.14 0.14 0.14
          0.14 0.14 0.14 0.14 0.14 0.14 0.14 0.14 0.14 0.14 0.14 0.14
          0.14 0.14 0.14 0.14 0.14 0.14 0.14 0.14 0.14 0.14 0.14 0.14
          0.14 0.14 0.14 0.14 0.14 0.14 0.14 0.14 0.14 0.14 0.14 0.14
          0.14 0.14 0.14 0.14 0.14 0.14 0.14 0.14 0.14 0.14 0.14 0.14
          0.14 0.14 0.14 0.14 0.14 0.14 0.14 0.14 0.14 0.14 0.14 0.14
          0.14 0.14 0.14 0.14 0.14 0.14 0.14 0.14 0.14 0.14 0.14 0.14
          0.14 0.14 0.14 0.14 0.14 0.14 0.14 0.14 0.14 0.14 0.14 0.14
          0.14 0.14 0.14 0.14 0.14 0.14 0.14 0.14 0.14 0.14 0.14 0.14
          0.14 0.14 0.14 0.14 0.14 0.14 0.14 0.14 0.14 0.14 0.14 0.14
          0.14 0.14 0.14 0.14 0.14 0.14 0.14 0.14 0.14 0.14 0.14 0.14
          0.14 0.14 0.14 0.14 0.14 0.14 0.14 0.14 0.14 0.14 0.14 0.14
          0.14 0.14 0.14 0.14 0.14 0.14 0.14 0.14 0.14 0.14 0.14 0.14
          0.14 0.14 0.14 0.14 0.14 0.14 0.14 0.14 0.14 0.14 0.14 0.14
          0.14 0.14 0.14 0.14 0.14 0.14 0.14 0.14 0.14 0.14 0.14 0.14
          0.14 0.14 0.14 0.14
        </DataArray>
        <DataArray type="Float32" Name="x^SimpleH2O_liq" NumberOfComponents="1" format="ascii">
          0.997532 0.997532 0.997535 0.997535 0.997532 0.997535 0.997532 0.997535 0.997532 0.997535 0.997532 0.997535
          0.997532 0.997535 0.997532 0.997535 0.997532 0.997535 0.997532 0.997535 0.997532 0.997535 0.997532 0.997535
          0.997532 0.997535 0.997532 0.997535 0.997532 0.997535 0.997532 0.997535 0.997532 0.997535 0.997532 0.997535
          0.997532 0.997535 0.997532 0.997535 0.997532 0.997535 0.997532 0.997535 0.997532 0.997535 0.997532 0.997535
          0.997532 0.997535 0.997532 0.997535 0.997532 0.997535 0.997532 0.997535 0.997532 0.997535 0.997532 0.997535
          0.997532 0.997535 0.997532 0.997535 0.997532 0.997535 0.997532 0.997535 0.997532 0.997535 0.997532 0.997535
          0.997532 0.997535 0.997532 0.997535 0.997532 0.997535 0.997532 0.997535 0.997532 0.997535 0.997532 0.997535
          0.997532 0.997535 0.997532 0.997535 0.997532 0.997535 0.997532 0.997535 0.997532 0.997535 0.997532 0.997535
          0.997532 0.997535 0.997532 0.997535 0.997532 0.997535 0.997532 0.997535 0.997532 0.997535 0.997532 0.997535
          0.997532 0.997535 0.997532 0.997535 0.997532 0.997535 0.997532 0.997535 0.997532 0.997535 0.997532 0.997535
          0.997532 0.997535 0.997532 0.997535 0.997532 0.997535 0.997532 0.997535 0.997532 0.997535 0.997532 0.997535
          0.997532 0.997535 0.997532 0.997535 0.997532 0.997535 0.997532 0.997535 0.997532 0.997535 0.997532 0.997535
          0.997532 0.997535 0.997532 0.997535 0.997532 0.997535 0.997532 0.997535 0.997537 0.997537 0.997537 0.997537
          0.997537 0.997537 0.997537 0.997537 0.997537 0.997537 0.997537 0.997537 0.997537 0.997537 0.997537 0.997537
          0.997537 0.997537 0.997537 0.997537 0.997537 0.997537 0.997537 0.997537 0.997537 0.997537 0.997537 0.997537
          0.997537 0.997537 0.997537 0.997537 0.997537 0.997537 0.997537 0.997537 0.997537 0.997537 0.997537 0.997537
          0.997537 0.997537 0.997537 0.997537 0.997537 0.997537 0.997537 0.997537 0.997537 0.997537 0.997537 0.997537
          0.997537 0.997537 0.997537 0.997537 0.997537 0.997537 0.997537 0.997537 0.997537 0.997537 0.997537 0.997537
          0.997537 0.997537 0.997537 0.997537 0.997537 0.997537 0.997537 0.997537 0.997537 0.997537 0.997537 0.997537
          0.99754 0.99754 0.99754 0.99754 0.99754 0.99754 0.99754 0.99754 0.99754 0.99754 0.99754 0.99754
          0.99754 0.99754 0.99754 0.99754 0.99754 0.99754 0.99754 0.99754 0.99754 0.99754 0.99754 0.99754
          0.99754 0.99754 0.99754 0.99754 0.99754 0.99754 0.99754 0.99754 0.99754 0.99754 0.99754 0.99754
          0.99754 0.99754 0.99754 0.99754 0.99754 0.99754 0.99754 0.99754 0.99754 0.99754 0.997539 0.997539
          0.997539 0.997539 0.997539 0.997539 0.997539 0.997539 0.997539 0.997539 0.997539 0.997539 0.997539 0.997539
          0.997539 0.997539 0.997539 0.997539 0.997539 0.997539 0.997539 0.997539 0.997539 0.997539 0.997539 0.997539
          0.997539 0.997539 0.997539 0.997539 0.997543 0.997543 0.997543 0.997543 0.997543 0.997543 0.997543 0.997543
          0.997543 0.997543 0.997543 0.997543 0.997543 0.997542 0.997542 0.997542 0.997542 0.997542 0.997542 0.997542
          0.997542 0.997542 0.997542 0.997542 0.997542 0.997542 0.997542 0.997542 0.997542 0.997542 0.997542 0.997542
          0.997542 0.997542 0.997542 0.997542 0.997542 0.997542 0.997542 0.997542 0.997542 0.997542 0.997542 0.997542
          0.997542 0.997542 0.997542 0.997542 0.997542 0.997542 0.997542 0.997542 0.997542 0.997542 0.997542 0.997542
          0.997542 0.997542 0.997542 0.997542 0.997542 0.997542 0.997542 0.997542 0.997542 0.997542 0.997542 0.997542
          0.997542 0.997542 0.997542 0.997542 0.997542 0.997542 0.997542 0.997542 0.997545 0.997545 0.997545 0.997545
          0.997545 0.997545 0.997545 0.997545 0.997545 0.997545 0.997545 0.997545 0.997545 0.997545 0.997545 0.997545
          0.997545 0.997545 0.997545 0.997545 0.997545 0.997545 0.997545 0.997545 0.997545 0.997545 0.997545 0.997545
          0.997545 0.997545 0.997545 0.997545 0.997545 0.997545 0.997545 0.997545 0.997545 0.997545 0.997545 0.997544
          0.997544 0.997544 0.997544 0.997544 0.997544 0.997544 0.997544 0.997544 0.997544 0.997544 0.997544 0.997544
          0.997544 0.997544 0.997544 0.997544 0.997544 0.997544 0.997544 0.997544 0.997544 0.997544 0.997544 0.997544
          0.997544 0.997544 0.997544 0.997544 0.997544 0.997544 0.997544 0.997544 0.997544 0.997544 0.997544 0.997544
          0.997548 0.997548 0.997548 0.997548 0.997548 0.997548 0.997548 0.997548 0.997548 0.997548 0.997548 0.997548
          0.997548 0.997548 0.997548 0.997548 0.997548 0.997548 0.997547 0.997547 0.997547 0.997547 0.997547 0.997547
          0.997547 0.997547 0.997547 0.997547 0.997547 0.997547 0.997547 0.997547 0.997547 0.997547 0.997547 0.997547
          0.997547 0.997547 0.997547 0.997547 0.997547 0.997547 0.997547 0.997547 0.997547 0.997547 0.997547 0.997547
          0.997547 0.997547 0.997547 0.997547 0.997547 0.997547 0.997547 0.997547 0.997547 0.997547 0.997547 0.997547
          0.997547 0.997547 0.997547 0.997547 0.997547 0.997547 0.997547 0.997547 0.997547 0.997546 0.997546 0.997546
          0.997546 0.997546 0.997546 0.997546 0.997551 0.997551 0.997551 0.997551 0.99755 0.99755 0.99755 0.99755
          0.99755 0.99755 0.99755 0.99755 0.99755 0.99755 0.99755 0.99755 0.99755 0.99755 0.99755 0.99755
          0.99755 0.99755 0.99755 0.99755 0.99755 0.99755 0.99755 0.99755 0.99755 0.99755 0.99755 0.99755
          0.99755 0.99755 0.99755 0.99755 0.997549 0.997549 0.997549 0.997549 0.997549 0.997549 0.997549 0.997549
          0.997549 0.997549 0.997549 0.997549 0.997549 0.997549 0.997549 0.997549 0.997549 0.997549 0.997549 0.997549
          0.997549 0.997549 0.997549 0.997549 0.997549 0.997549 0.997549 0.997549 0.997549 0.997549 0.997549 0.997549
          0.997549 0.997549 0.997549 0.997549 0.997549 0.997549 0.997549 0.997549 0.997553 0.997553 0.997553 0.997553
          0.997553 0.997553 0.997553 0.997553 0.997553 0.997553 0.997553 0.997553 0.997553 0.997553 0.997553 0.997553
          0.997553 0.997553 0.997553 0.997553 0.997552 0.997552 0.997552 0.997552 0.997552 0.997552 0.997552 0.997552
          0.997552 0.997552 0.997552 0.997552 0.997552 0.997552 0.997552 0.997552 0.997552 0.997552 0.997552 0.997552
          0.997552 0.997552 0.997552 0.997552 0.997552 0.997552 0.997552 0.997552 0.997552 0.997552 0.997552 0.997552
          0.997552 0.997552 0.997552 0.997552 0.997552 0.997552 0.997551 0.997551 0.997551 0.997551 0.997551 0.997551
          0.997551 0.997551 0.997551 0.997551 0.997551 0.997551 0.997551 0.997551 0.997551 0.997551 0.997551 0.997551
          0.997556 0.997556 0.997556 0.997556 0.997556 0.997556 0.997556 0.997556 0.997556 0.997555 0.997555 0.997555
          0.997555 0.997555 0.997555 0.997555 0.997555 0.997555 0.997555 0.997555 0.997555 0.997555 0.997555 0.997555
          0.997555 0.997555 0.997555 0.997555 0.997555 0.997555 0.997555 0.997555 0.997555 0.997555 0.997554 0.997554
          0.997554 0.997554 0.997554 0.997554 0.997554 0.997554 0.997554 0.997554 0.997554 0.997554 0.997554 0.997554
          0.997554 0.997554 0.997554 0.997554 0.997554 0.997554 0.997554 0.997554 0.997554 0.997554 0.997554 0.997554
          0.997554 0.997554 0.997554 0.997554 0.997554 0.997554 0.997554 0.997554 0.997554 0.997554 0.997554 0.997554
          0.997554 0.997554 0.997554 0.997554 0.997559 0.997559 0.997558 0.997558 0.997558 0.997558 0.997558 0.997558
          0.997558 0.997558 0.997558 0.997558 0.997558 0.997558 0.997558 0.997558 0.997558 0.997558 0.997558 0.997558
          0.997558 0.997557 0.997557 0.997557 0.997557 0.997557 0.997557 0.997557 0.997557 0.997557 0.997557 0.997557
          0.997557 0.997557 0.997557 0.997557 0.997557 0.997557 0.997557 0.997557 0.997557 0.997557 0.997557 0.997557
          0.997557 0.997557 0.997557 0.997557 0.997557 0.997557 0.997557 0.997556 0.997556 0.997556 0.997556 0.997556
          0.997556 0.997556 0.997556 0.997556 0.997556 0.997556 0.997556 0.997556 0.997556 0.997556 0.997556 0.997556
          0.997556 0.997556 0.997556 0.997556 0.997556 0.997556 0.997556 0.997556 0.997561 0.997561 0.997561 0.997561
          0.997561 0.997561 0.997561 0.997561 0.997561 0.997561 0.997561 0.997561 0.997561 0.99756 0.99756 0.99756
          0.99756 0.99756 0.99756 0.99756 0.99756 0.99756 0.99756 0.99756 0.99756 0.99756 0.99756 0.99756
          0.99756 0.99756 0.99756 0.99756 0.99756 0.997559 0.997559 0.997559 0.997559 0.997559 0.997559 0.997559
          0.997559 0.997559 0.997559 0.997559 0.997559 0.997559 0.997559 0.997559 0.997559 0.997559 0.997559 0.997559
          0.997559 0.997559 0.997559 0.997559 0.997559 0.997559 0.997559 0.997559 0.997559 0.997559 0.997559 0.997559
          0.997559 0.997559 0.997559 0.997559 0.997559 0.997558 0.997558 0.997558 0.997558 0.997558 0.997558 0.997558
          0.997564 0.997564 0.997564 0.997564 0.997564 0.997563 0.997563 0.997563 0.997563 0.997563 0.997563 0.997563
          0.997563 0.997563 0.997563 0.997563 0.997563 0.997563 0.997563 0.997563 0.997563 0.997563 0.997562 0.997562
          0.997562 0.997562 0.997562 0.997562 0.997562 0.997562 0.997562 0.997562 0.997562 0.997562 0.997562 0.997562
          0.997562 0.997562 0.997562 0.997562 0.997562 0.997562 0.997562 0.997562 0.997562 0.997562 0.997561 0.997561
          0.997561 0.997561 0.997561 0.997561 0.997561 0.997561 0.997561 0.997561 0.997561 0.997561 0.997561 0.997561
          0.997561 0.997561 0.997561 0.997561 0.997561 0.997561 0.997561 0.997561 0.997561 0.997561 0.997561 0.997561
          0.997561 0.997561 0.997561 0.997561 0.997566 0.997566 0.997566 0.997566 0.997566 0.997566 0.997566 0.997566
          0.997566 0.997566 0.997566 0.997566 0.997566 0.997566 0.997565 0.997565 0.997565 0.997565 0.997565 0.997565
          0.997565 0.997565 0.997565 0.997565 0.997565 0.997565 0.997565 0.997565 0.997565 0.997565 0.997565 0.997565
          0.997564 0.997564 0.997564 0.997564 0.997564 0.997564 0.997564 0.997564 0.997564 0.997564 0.997564 0.997564
          0.997564 0.997564 0.997564 0.997564 0.997564 0.997564 0.997564 0.997564 0.997564 0.997564 0.997564 0.997564
          0.997564 0.997564 0.997564 0.997563 0.997563 0.997563 0.997563 0.997563 0.997563 0.997563 0.997563 0.997563
          0.997563 0.997563 0.997563 0.997563 0.997563 0.997563 0.997563 0.997563 0.997569 0.997569 0.997569 0.997569
          0.997569 0.997569 0.997569 0.997569 0.997568 0.997568 0.997568 0.997568 0.997568 0.997568 0.997568 0.997568
          0.997568 0.997568 0.997568 0.997568 0.997568 0.997568 0.997568 0.997567 0.997567 0.997567 0.997567 0.997567
          0.997567 0.997567 0.997567 0.997567 0.997567 0.997567 0.997567 0.997567 0.997567 0.997567 0.997567 0.997567
          0.997567 0.997567 0.997567 0.997566 0.997566 0.997566 0.997566 0.997566 0.997566 0.997566 0.997566 0.997566
          0.997566 0.997566 0.997566 0.997566 0.997566 0.997566 0.997566 0.997566 0.997566 0.997566 0.997566 0.997566
          0.997566 0.997566 0.997566 0.997566 0.997566 0.997566 0.997566 0.997566 0.997566 0.997566 0.997566 0.997566
          0.997566 0.997569 0.99757 0.997571 0.997571 0.997571 0.997571 0.997571 0.997571 0.997571 0.997571 0.997571
          0.997571 0.997571 0.997571 0.997571 0.99757 0.99757 0.99757 0.99757 0.99757 0.99757 0.99757 0.99757
          0.99757 0.99757 0.99757 0.99757 0.99757 0.99757 0.99757 0.99757 0.997569 0.997569 0.997569 0.997569
          0.997569 0.997569 0.997569 0.997569 0.997569 0.997569 0.997569 0.997569 0.997569 0.997569 0.997569 0.997569
          0.997569 0.997569 0.997569 0.997569 0.997569 0.997568 0.997568 0.997568 0.997568 0.997568 0.997568 0.997568
          0.997568 0.997568 0.997568 0.997568 0.997568 0.997568 0.997568 0.997568 0.997568 0.997568 0.997568 0.997568
          0.997568 0.997568 0.997568 0.997568 0.997519 0.997553 0.997563 0.997568 0.997571 0.997573 0.997573 0.997573
          0.997573 0.997573 0.997573 0.997573 0.997573 0.997573 0.997573 0.997573 0.997573 0.997573 0.997573 0.997573
          0.997573 0.997573 0.997573 0.997572 0.997572 0.997572 0.997572 0.997572 0.997572 0.997572 0.997572 0.997572
          0.997572 0.997572 0.997572 0.997572 0.997572 0.997572 0.997572 0.997572 0.997572 0.997571 0.997571 0.997571
          0.997571 0.997571 0.997571 0.997571 0.997571 0.997571 0.997571 0.997571 0.997571 0.997571 0.997571 0.997571
          0.997571 0.997571 0.997571 0.997571 0.997571 0.997571 0.997571 0.997571 0.997571 0.997571 0.997571 0.99757
          0.99757 0.99757 0.99757 0.99757 0.99757 0.99757 0.99757 0.99757 0.99752 0.997521 0.997521 0.997522
          0.997551 0.997565 0.99757 0.997573 0.997575 0.997575 0.997576 0.997576 0.997576 0.997576 0.997576 0.997576
          0.997576 0.997575 0.997575 0.997575 0.997575 0.997575 0.997575 0.997575 0.997575 0.997575 0.997575 0.997575
          0.997575 0.997575 0.997575 0.997574 0.997574 0.997574 0.997574 0.997574 0.997574 0.997574 0.997574 0.997574
          0.997574 0.997574 0.997574 0.997574 0.997574 0.997574 0.997574 0.997574 0.997574 0.997573 0.997573 0.997573
          0.997573 0.997573 0.997573 0.997573 0.997573 0.997573 0.997573 0.997573 0.997573 0.997573 0.997573 0.997573
          0.997573 0.997573 0.997573 0.997573 0.997573 0.997573 0.997573 0.997573 0.997573 0.997573 0.997573 0.997573
          0.997521 0.997522 0.997522 0.997523 0.997523 0.997524 0.997524 0.997531 0.997566 0.997571 0.997575 0.997577
          0.997577 0.997578 0.997578 0.997578 0.997578 0.997578 0.997578 0.997578 0.997578 0.997578 0.997578 0.997577
          0.997577 0.997577 0.997577 0.997577 0.997577 0.997577 0.997577 0.997577 0.997577 0.997577 0.997577 0.997577
          0.997577 0.997577 0.997577 0.997576 0.997576 0.997576 0.997576 0.997576 0.997576 0.997576 0.997576 0.997576
          0.997576 0.997576 0.997576 0.997576 0.997576 0.997576 0.997576 0.997576 0.997576 0.997576 0.997576 0.997576
          0.997575 0.997575 0.997575 0.997575 0.997575 0.997575 0.997575 0.997575 0.997575 0.997575 0.997575 0.997575
          0.997575 0.997575 0.997575 0.997575 0.997522 0.997522 0.997523 0.997524 0.997524 0.997525 0.997525 0.997526
          0.997526 0.997527 0.997527 0.997566 0.997572 0.997575 0.997578 0.997579 0.99758 0.99758 0.99758 0.99758
          0.99758 0.99758 0.99758 0.99758 0.99758 0.99758 0.99758 0.99758 0.99758 0.99758 0.99758 0.997579
          0.997579 0.997579 0.997579 0.997579 0.997579 0.997579 0.997579 0.997579 0.997579 0.997579 0.997579 0.997579
          0.997579 0.997579 0.997579 0.997578 0.997578 0.997578 0.997578 0.997578 0.997578 0.997578 0.997578 0.997578
          0.997578 0.997578 0.997578 0.997578 0.997578 0.997578 0.997578 0.997578 0.997578 0.997578 0.997578 0.997578
          0.997578 0.997578 0.997578 0.997577 0.997577 0.997577 0.997577 0.997577 0.997522 0.997523 0.997524 0.997524
          0.997525 0.997525 0.997526 0.997526 0.997527 0.997528 0.997528 0.997529 0.997529 0.99753 0.997546 0.997571
          0.997575 0.997577 0.99758 0.997581 0.997582 0.997582 0.997582 0.997582 0.997582 0.997582 0.997582 0.997582
          0.997582 0.997582 0.997582 0.997582 0.997582 0.997582 0.997582 0.997582 0.997582 0.997581 0.997581 0.997581
          0.997581 0.997581 0.997581 0.997581 0.997581 0.997581 0.997581 0.997581 0.997581 0.997581 0.997581 0.997581
          0.997581 0.997581 0.997581 0.99758 0.99758 0.99758 0.99758 0.99758 0.99758 0.99758 0.99758 0.99758
          0.99758 0.99758 0.99758 0.99758 0.99758 0.99758 0.99758 0.99758 0.99758 0.99758 0.99758 0.99758
          0.997523 0.997524 0.997524 0.997525 0.997525 0.997526 0.997526 0.997527 0.997528 0.997528 0.997529 0.997529
          0.99753 0.99753 0.997531 0.997531 0.997532 0.997533 0.997538 0.997572 0.997575 0.997577 0.99758 0.997582
          0.997583 0.997584 0.997584 0.997584 0.997584 0.997584 0.997584 0.997584 0.997584 0.997584 0.997584 0.997584
          0.997584 0.997584 0.997584 0.997584 0.997584 0.997584 0.997584 0.997584 0.997584 0.997583 0.997583 0.997583
          0.997583 0.997583 0.997583 0.997583 0.997583 0.997583 0.997583 0.997583 0.997583 0.997583 0.997583 0.997583
          0.997583 0.997583 0.997583 0.997582 0.997582 0.997582 0.997582 0.997582 0.997582 0.997582 0.997582 0.997582
          0.997582 0.997582 0.997582 0.997582 0.997524 0.997524 0.997525 0.997525 0.997526 0.997526 0.997527 0.997527
          0.997528 0.997529 0.997529 0.99753 0.99753 0.997531 0.997531 0.997532 0.997532 0.997533 0.997533 0.997534
          0.997535 0.997535 0.997536 0.997536 0.997573 0.997577 0.997579 0.997581 0.997583 0.997585 0.997585 0.997586
          0.997586 0.997586 0.997586 0.997586 0.997586 0.997586 0.997586 0.997586 0.997586 0.997586 0.997586 0.997586
          0.997586 0.997586 0.997586 0.997586 0.997586 0.997586 0.997586 0.997585 0.997585 0.997585 0.997585 0.997585
          0.997585 0.997585 0.997585 0.997585 0.997585 0.997585 0.997585 0.997585 0.997585 0.997585 0.997585 0.997585
          0.997585 0.997585 0.997585 0.997585 0.997585 0.997585 0.997585 0.997585 0.997524 0.997525 0.997525 0.997526
          0.997526 0.997527 0.997527 0.997528 0.997528 0.997529 0.99753 0.99753 0.997531 0.997531 0.997532 0.997532
          0.997533 0.997533 0.997534 0.997534 0.997535 0.997535 0.997536 0.997536 0.997537 0.997538 0.997538 0.997539
          0.997539 0.997557 0.997577 0.997579 0.997581 0.997583 0.997585 0.997586 0.997587 0.997588 0.997588 0.997588
          0.997588 0.997588 0.997588 0.997588 0.997588 0.997588 0.997588 0.997588 0.997588 0.997588 0.997588 0.997588
          0.997588 0.997588 0.997588 0.997588 0.997588 0.997588 0.997588 0.997587 0.997587 0.997587 0.997587 0.997587
          0.997587 0.997587 0.997587 0.997587 0.997587 0.997587 0.997587 0.997587 0.997587 0.997587 0.997587 0.997587
          0.997525 0.997525 0.997526 0.997526 0.997527 0.997527 0.997528 0.997528 0.997529 0.997529 0.99753 0.997531
          0.997531 0.997532 0.997532 0.997533 0.997533 0.997534 0.997534 0.997535 0.997535 0.997536 0.997536 0.997537
          0.997537 0.997538 0.997538 0.997539 0.997539 0.99754 0.997541 0.997541 0.997542 0.997542 0.997543 0.997543
          0.997578 0.997581 0.997583 0.997584 0.997586 0.997588 0.997589 0.99759 0.99759 0.99759 0.99759 0.99759
          0.99759 0.99759 0.99759 0.99759 0.99759 0.99759 0.99759 0.99759 0.99759 0.99759 0.99759 0.99759
          0.99759 0.99759 0.99759 0.99759 0.99759 0.99759 0.99759 0.997589 0.997589 0.997589 0.997589 0.997589
          0.997589 0.997589 0.997589 0.997589 0.997525 0.997526 0.997526 0.997527 0.997527 0.997528 0.997528 0.997529
          0.997529 0.99753 0.99753 0.997531 0.997531 0.997532 0.997532 0.997533 0.997534 0.997534 0.997535 0.997535
          0.997536 0.997536 0.997537 0.997537 0.997538 0.997538 0.997539 0.997539 0.99754 0.99754 0.997541 0.997541
          0.997542 0.997543 0.997543 0.997544 0.997544 0.997545 0.997545 0.997546 0.997546 0.997547 0.997547 0.997582
          0.997584 0.997586 0.997587 0.997588 0.99759 0.997591 0.997592 0.997592 0.997592 0.997592 0.997592 0.997592
          0.997592 0.997592 0.997592 0.997592 0.997592 0.997592 0.997592 0.997592 0.997592 0.997592 0.997592 0.997592
          0.997592 0.997592 0.997592 0.997592 0.997592 0.997592 0.997592 0.997592 0.997525 0.997526 0.997526 0.997527
          0.997528 0.997528 0.997529 0.997529 0.99753 0.99753 0.997531 0.997531 0.997532 0.997532 0.997533 0.997533
          0.997534 0.997534 0.997535 0.997535 0.997536 0.997537 0.997537 0.997538 0.997538 0.997539 0.997539 0.99754
          0.99754 0.997541 0.997541 0.997542 0.997542 0.997543 0.997543 0.997544 0.997544 0.997545 0.997545 0.997546
          0.997546 0.997547 0.997548 0.997548 0.997549 0.997549 0.99755 0.99755 0.997551 0.997551 0.997584 0.997587
          0.997588 0.997589 0.997591 0.997592 0.997593 0.997594 0.997594 0.997594 0.997594 0.997594 0.997594 0.997594
          0.997594 0.997594 0.997594 0.997594 0.997594 0.997594 0.997594 0.997594 0.997594 0.997594 0.997594 0.997594
          0.997526 0.997526 0.997527 0.997527 0.997528 0.997528 0.997529 0.99753 0.99753 0.997531 0.997531 0.997532
          0.997532 0.997533 0.997533 0.997534 0.997534 0.997535 0.997535 0.997536 0.997536 0.997537 0.997537 0.997538
          0.997538 0.997539 0.997539 0.99754 0.99754 0.997541 0.997541 0.997542 0.997543 0.997543 0.997544 0.997544
          0.997545 0.997545 0.997546 0.997546 0.997547 0.997547 0.997548 0.997548 0.997549 0.997549 0.99755 0.99755
          0.997551 0.997552 0.997552 0.997553 0.997553 0.997554 0.997555 0.997555 0.997556 0.997586 0.99759 0.997591
          0.997592 0.997593 0.997594 0.997595 0.997596 0.997596 0.997596 0.997596 0.997596 0.997596 0.997596 0.997596
          0.997596 0.997596 0.997596 0.997596 0.997526 0.997527 0.997527 0.997528 0.997528 0.997529 0.997529 0.99753
          0.99753 0.997531 0.997531 0.997532 0.997532 0.997533 0.997534 0.997534 0.997535 0.997535 0.997536 0.997536
          0.997537 0.997537 0.997538 0.997538 0.997539 0.997539 0.99754 0.99754 0.997541 0.997541 0.997542 0.997542
          0.997543 0.997543 0.997544 0.997544 0.997545 0.997545 0.997546 0.997546 0.997547 0.997548 0.997548 0.997549
          0.997549 0.99755 0.99755 0.997551 0.997551 0.997552 0.997552 0.997553 0.997553 0.997554 0.997555 0.997555
          0.997556 0.997556 0.997557 0.997557 0.997558 0.997559 0.997559 0.99756 0.99756 0.997593 0.997595 0.997596
          0.997597 0.997598 0.997598 0.997599 0.997599 0.997599 0.997599 0.997599 0.997526 0.997527 0.997527 0.997528
          0.997528 0.997529 0.99753 0.99753 0.997531 0.997531 0.997532 0.997532 0.997533 0.997533 0.997534 0.997534
          0.997535 0.997535 0.997536 0.997536 0.997537 0.997537 0.997538 0.997539 0.997539 0.99754 0.99754 0.997541
          0.997541 0.997542 0.997542 0.997543 0.997543 0.997544 0.997544 0.997545 0.997545 0.997546 0.997546 0.997547
          0.997547 0.997548 0.997548 0.997549 0.997549 0.99755 0.99755 0.997551 0.997552 0.997552 0.997553 0.997553
          0.997554 0.997554 0.997555 0.997555 0.997556 0.997557 0.997557 0.997558 0.997558 0.997559 0.99756 0.99756
          0.997561 0.997561 0.997562 0.997563 0.997564 0.997564 0.997565 0.997597 0.997599 0.9976 0.997601 0.997601
          0.997527 0.997527 0.997528 0.997528 0.997529 0.997529 0.99753 0.99753 0.997531 0.997531 0.997532 0.997533
          0.997533 0.997534 0.997534 0.997535 0.997535 0.997536 0.997536 0.997537 0.997537 0.997538 0.997538 0.997539
          0.997539 0.99754 0.99754 0.997541 0.997541 0.997542 0.997542 0.997543 0.997543 0.997544 0.997544 0.997545
          0.997545 0.997546 0.997547 0.997547 0.997548 0.997548 0.997549 0.997549 0.99755 0.99755 0.997551 0.997551
          0.997552 0.997552 0.997553 0.997553 0.997554 0.997555 0.997555 0.997556 0.997556 0.997557 0.997557 0.997558
          0.997559 0.997559 0.99756 0.99756 0.997561 0.997562 0.997562 0.997563 0.997564 0.997564 0.997565 0.997566
          0.997567 0.997568 0.997569 0.997601
        </DataArray>
        <DataArray type="Float32" Name="x^CH4_liq" NumberOfComponents="1" format="ascii">
          0.00246762 0.00246762 0.00246512 0.00246513 0.00246763 0.00246513 0.00246763 0.00246514 0.00246764 0.00246515 0.00246764 0.00246516
          0.00246765 0.00246517 0.00246765 0.00246518 0.00246766 0.00246518 0.00246766 0.00246519 0.00246767 0.0024652 0.00246767 0.00246521
          0.00246768 0.00246521 0.00246768 0.00246522 0.00246769 0.00246523 0.00246769 0.00246524 0.0024677 0.00246524 0.0024677 0.00246525
          0.0024677 0.00246526 0.00246771 0.00246526 0.00246771 0.00246527 0.00246772 0.00246527 0.00246772 0.00246528 0.00246772 0.00246529
          0.00246773 0.00246529 0.00246773 0.0024653 0.00246774 0.0024653 0.00246774 0.00246531 0.00246774 0.00246532 0.00246775 0.00246532
          0.00246775 0.00246533 0.00246775 0.00246533 0.00246776 0.00246534 0.00246776 0.00246534 0.00246776 0.00246535 0.00246777 0.00246535
          0.00246777 0.00246536 0.00246777 0.00246536 0.00246778 0.00246537 0.00246778 0.00246537 0.00246778 0.00246538 0.00246778 0.00246538
          0.00246779 0.00246538 0.00246779 0.00246539 0.00246779 0.00246539 0.0024678 0.0024654 0.0024678 0.0024654 0.0024678 0.0024654
          0.0024678 0.00246541 0.00246781 0.00246541 0.00246781 0.00246542 0.00246781 0.00246542 0.00246781 0.00246542 0.00246781 0.00246543
          0.00246782 0.00246543 0.00246782 0.00246543 0.00246782 0.00246544 0.00246782 0.00246544 0.00246782 0.00246544 0.00246783 0.00246544
          0.00246783 0.00246545 0.00246783 0.00246545 0.00246783 0.00246545 0.00246783 0.00246546 0.00246784 0.00246546 0.00246784 0.00246546
          0.00246784 0.00246546 0.00246784 0.00246546 0.00246784 0.00246547 0.00246784 0.00246547 0.00246784 0.00246547 0.00246785 0.00246547
          0.00246785 0.00246548 0.00246785 0.00246548 0.00246785 0.00246548 0.00246785 0.00246548 0.00246248 0.0024625 0.00246251 0.00246253
          0.00246254 0.00246256 0.00246257 0.00246258 0.0024626 0.00246261 0.00246262 0.00246263 0.00246265 0.00246266 0.00246267 0.00246268
          0.00246269 0.0024627 0.00246271 0.00246273 0.00246274 0.00246275 0.00246276 0.00246277 0.00246278 0.00246279 0.0024628 0.00246281
          0.00246282 0.00246282 0.00246283 0.00246284 0.00246285 0.00246286 0.00246287 0.00246288 0.00246288 0.00246289 0.0024629 0.00246291
          0.00246291 0.00246292 0.00246293 0.00246294 0.00246294 0.00246295 0.00246296 0.00246296 0.00246297 0.00246297 0.00246298 0.00246299
          0.00246299 0.002463 0.002463 0.00246301 0.00246301 0.00246302 0.00246302 0.00246303 0.00246303 0.00246304 0.00246304 0.00246305
          0.00246305 0.00246306 0.00246306 0.00246306 0.00246307 0.00246307 0.00246308 0.00246308 0.00246308 0.00246309 0.00246309 0.00246309
          0.00245985 0.00245987 0.00245989 0.00245991 0.00245993 0.00245995 0.00245997 0.00245999 0.00246001 0.00246003 0.00246004 0.00246006
          0.00246008 0.00246009 0.00246011 0.00246013 0.00246014 0.00246016 0.00246017 0.00246019 0.0024602 0.00246022 0.00246023 0.00246025
          0.00246026 0.00246027 0.00246029 0.0024603 0.00246031 0.00246033 0.00246034 0.00246035 0.00246036 0.00246038 0.00246039 0.0024604
          0.00246041 0.00246042 0.00246043 0.00246044 0.00246045 0.00246046 0.00246047 0.00246048 0.00246049 0.0024605 0.00246051 0.00246052
          0.00246053 0.00246054 0.00246055 0.00246056 0.00246056 0.00246057 0.00246058 0.00246059 0.00246059 0.0024606 0.00246061 0.00246062
          0.00246062 0.00246063 0.00246063 0.00246064 0.00246065 0.00246065 0.00246066 0.00246066 0.00246067 0.00246067 0.00246068 0.00246068
          0.00246069 0.00246069 0.0024607 0.0024607 0.00245722 0.00245725 0.00245727 0.0024573 0.00245732 0.00245735 0.00245737 0.00245739
          0.00245742 0.00245744 0.00245746 0.00245749 0.00245751 0.00245753 0.00245755 0.00245757 0.00245759 0.00245761 0.00245763 0.00245765
          0.00245767 0.00245769 0.00245771 0.00245773 0.00245775 0.00245776 0.00245778 0.0024578 0.00245781 0.00245783 0.00245785 0.00245786
          0.00245788 0.00245789 0.00245791 0.00245792 0.00245794 0.00245795 0.00245797 0.00245798 0.00245799 0.00245801 0.00245802 0.00245803
          0.00245804 0.00245806 0.00245807 0.00245808 0.00245809 0.0024581 0.00245811 0.00245812 0.00245813 0.00245814 0.00245815 0.00245816
          0.00245817 0.00245818 0.00245819 0.0024582 0.00245821 0.00245822 0.00245823 0.00245823 0.00245824 0.00245825 0.00245826 0.00245826
          0.00245827 0.00245828 0.00245828 0.00245829 0.00245829 0.0024583 0.00245831 0.00245831 0.00245459 0.00245462 0.00245465 0.00245468
          0.00245471 0.00245474 0.00245477 0.0024548 0.00245483 0.00245486 0.00245489 0.00245491 0.00245494 0.00245497 0.00245499 0.00245502
          0.00245504 0.00245507 0.00245509 0.00245512 0.00245514 0.00245516 0.00245519 0.00245521 0.00245523 0.00245525 0.00245527 0.00245529
          0.00245531 0.00245533 0.00245535 0.00245537 0.00245539 0.00245541 0.00245543 0.00245545 0.00245546 0.00245548 0.0024555 0.00245552
          0.00245553 0.00245555 0.00245556 0.00245558 0.00245559 0.00245561 0.00245562 0.00245564 0.00245565 0.00245567 0.00245568 0.00245569
          0.00245571 0.00245572 0.00245573 0.00245574 0.00245575 0.00245576 0.00245578 0.00245579 0.0024558 0.00245581 0.00245582 0.00245583
          0.00245584 0.00245585 0.00245585 0.00245586 0.00245587 0.00245588 0.00245589 0.00245589 0.0024559 0.00245591 0.00245592 0.00245592
          0.00245195 0.00245199 0.00245203 0.00245206 0.0024521 0.00245214 0.00245217 0.00245221 0.00245224 0.00245227 0.00245231 0.00245234
          0.00245237 0.0024524 0.00245243 0.00245246 0.00245249 0.00245252 0.00245255 0.00245258 0.00245261 0.00245263 0.00245266 0.00245269
          0.00245271 0.00245274 0.00245276 0.00245279 0.00245281 0.00245284 0.00245286 0.00245288 0.00245291 0.00245293 0.00245295 0.00245297
          0.00245299 0.00245301 0.00245303 0.00245305 0.00245307 0.00245309 0.00245311 0.00245313 0.00245315 0.00245316 0.00245318 0.0024532
          0.00245321 0.00245323 0.00245325 0.00245326 0.00245328 0.00245329 0.00245331 0.00245332 0.00245333 0.00245335 0.00245336 0.00245337
          0.00245339 0.0024534 0.00245341 0.00245342 0.00245343 0.00245344 0.00245345 0.00245346 0.00245347 0.00245348 0.00245349 0.0024535
          0.00245351 0.00245352 0.00245353 0.00245353 0.00244932 0.00244936 0.00244941 0.00244945 0.00244949 0.00244953 0.00244957 0.00244961
          0.00244965 0.00244969 0.00244973 0.00244977 0.0024498 0.00244984 0.00244987 0.00244991 0.00244994 0.00244998 0.00245001 0.00245004
          0.00245008 0.00245011 0.00245014 0.00245017 0.0024502 0.00245023 0.00245026 0.00245029 0.00245031 0.00245034 0.00245037 0.00245039
          0.00245042 0.00245045 0.00245047 0.0024505 0.00245052 0.00245054 0.00245057 0.00245059 0.00245061 0.00245063 0.00245066 0.00245068
          0.0024507 0.00245072 0.00245074 0.00245076 0.00245078 0.00245079 0.00245081 0.00245083 0.00245085 0.00245087 0.00245088 0.0024509
          0.00245091 0.00245093 0.00245094 0.00245096 0.00245097 0.00245099 0.002451 0.00245101 0.00245103 0.00245104 0.00245105 0.00245106
          0.00245108 0.00245109 0.0024511 0.00245111 0.00245112 0.00245113 0.00245114 0.00245114 0.00244668 0.00244673 0.00244678 0.00244683
          0.00244688 0.00244693 0.00244697 0.00244702 0.00244706 0.00244711 0.00244715 0.00244719 0.00244723 0.00244727 0.00244732 0.00244735
          0.00244739 0.00244743 0.00244747 0.00244751 0.00244754 0.00244758 0.00244761 0.00244765 0.00244768 0.00244772 0.00244775 0.00244778
          0.00244781 0.00244784 0.00244787 0.0024479 0.00244793 0.00244796 0.00244799 0.00244802 0.00244805 0.00244807 0.0024481 0.00244813
          0.00244815 0.00244818 0.0024482 0.00244823 0.00244825 0.00244827 0.00244829 0.00244832 0.00244834 0.00244836 0.00244838 0.0024484
          0.00244842 0.00244844 0.00244846 0.00244848 0.0024485 0.00244851 0.00244853 0.00244855 0.00244856 0.00244858 0.00244859 0.00244861
          0.00244862 0.00244864 0.00244865 0.00244866 0.00244868 0.00244869 0.0024487 0.00244871 0.00244873 0.00244874 0.00244875 0.00244876
          0.00244405 0.00244411 0.00244416 0.00244422 0.00244427 0.00244432 0.00244437 0.00244442 0.00244447 0.00244452 0.00244457 0.00244462
          0.00244466 0.00244471 0.00244476 0.0024448 0.00244484 0.00244489 0.00244493 0.00244497 0.00244501 0.00244505 0.00244509 0.00244513
          0.00244517 0.00244521 0.00244524 0.00244528 0.00244531 0.00244535 0.00244538 0.00244542 0.00244545 0.00244548 0.00244551 0.00244554
          0.00244558 0.00244561 0.00244564 0.00244566 0.00244569 0.00244572 0.00244575 0.00244578 0.0024458 0.00244583 0.00244585 0.00244588
          0.0024459 0.00244593 0.00244595 0.00244597 0.00244599 0.00244602 0.00244604 0.00244606 0.00244608 0.0024461 0.00244612 0.00244614
          0.00244615 0.00244617 0.00244619 0.00244621 0.00244622 0.00244624 0.00244625 0.00244627 0.00244628 0.0024463 0.00244631 0.00244632
          0.00244633 0.00244635 0.00244636 0.00244637 0.00244142 0.00244148 0.00244154 0.0024416 0.00244166 0.00244172 0.00244177 0.00244183
          0.00244188 0.00244194 0.00244199 0.00244204 0.0024421 0.00244215 0.0024422 0.00244225 0.00244229 0.00244234 0.00244239 0.00244244
          0.00244248 0.00244252 0.00244257 0.00244261 0.00244265 0.00244269 0.00244274 0.00244278 0.00244281 0.00244285 0.00244289 0.00244293
          0.00244296 0.002443 0.00244304 0.00244307 0.0024431 0.00244314 0.00244317 0.0024432 0.00244323 0.00244327 0.0024433 0.00244333
          0.00244335 0.00244338 0.00244341 0.00244344 0.00244347 0.00244349 0.00244352 0.00244354 0.00244357 0.00244359 0.00244361 0.00244364
          0.00244366 0.00244368 0.0024437 0.00244372 0.00244374 0.00244376 0.00244378 0.0024438 0.00244382 0.00244384 0.00244385 0.00244387
          0.00244389 0.0024439 0.00244392 0.00244393 0.00244394 0.00244396 0.00244397 0.00244398 0.00243878 0.00243885 0.00243891 0.00243898
          0.00243905 0.00243911 0.00243917 0.00243923 0.00243929 0.00243935 0.00243941 0.00243947 0.00243953 0.00243958 0.00243964 0.00243969
          0.00243975 0.0024398 0.00243985 0.0024399 0.00243995 0.00244 0.00244005 0.00244009 0.00244014 0.00244018 0.00244023 0.00244027
          0.00244032 0.00244036 0.0024404 0.00244044 0.00244048 0.00244052 0.00244056 0.0024406 0.00244063 0.00244067 0.00244071 0.00244074
          0.00244078 0.00244081 0.00244084 0.00244088 0.00244091 0.00244094 0.00244097 0.002441 0.00244103 0.00244106 0.00244109 0.00244111
          0.00244114 0.00244117 0.00244119 0.00244122 0.00244124 0.00244127 0.00244129 0.00244131 0.00244134 0.00244136 0.00244138 0.0024414
          0.00244142 0.00244144 0.00244146 0.00244147 0.00244149 0.00244151 0.00244153 0.00244154 0.00244156 0.00244157 0.00244158 0.0024416
          0.00243615 0.00243622 0.00243629 0.00243636 0.00243643 0.0024365 0.00243657 0.00243664 0.0024367 0.00243677 0.00243683 0.0024369
          0.00243696 0.00243702 0.00243708 0.00243714 0.0024372 0.00243725 0.00243731 0.00243736 0.00243742 0.00243747 0.00243752 0.00243758
          0.00243763 0.00243767 0.00243772 0.00243777 0.00243782 0.00243786 0.00243791 0.00243795 0.002438 0.00243804 0.00243808 0.00243812
          0.00243816 0.0024382 0.00243824 0.00243828 0.00243832 0.00243836 0.00243839 0.00243843 0.00243846 0.0024385 0.00243853 0.00243856
          0.0024386 0.00243863 0.00243866 0.00243869 0.00243872 0.00243875 0.00243877 0.0024388 0.00243883 0.00243886 0.00243888 0.00243891
          0.00243893 0.00243895 0.00243898 0.002439 0.00243902 0.00243904 0.00243906 0.00243908 0.0024391 0.00243912 0.00243914 0.00243915
          0.00243917 0.00243918 0.0024392 0.00243921 0.00243356 0.00243361 0.00243368 0.00243375 0.00243382 0.0024339 0.00243397 0.00243404
          0.00243412 0.00243419 0.00243426 0.00243432 0.00243439 0.00243446 0.00243452 0.00243459 0.00243465 0.00243471 0.00243477 0.00243483
          0.00243489 0.00243495 0.002435 0.00243506 0.00243511 0.00243517 0.00243522 0.00243527 0.00243532 0.00243537 0.00243542 0.00243547
          0.00243551 0.00243556 0.00243561 0.00243565 0.00243569 0.00243574 0.00243578 0.00243582 0.00243586 0.0024359 0.00243594 0.00243598
          0.00243602 0.00243606 0.00243609 0.00243613 0.00243616 0.0024362 0.00243623 0.00243626 0.00243629 0.00243633 0.00243636 0.00243639
          0.00243642 0.00243644 0.00243647 0.0024365 0.00243652 0.00243655 0.00243657 0.0024366 0.00243662 0.00243664 0.00243667 0.00243669
          0.00243671 0.00243673 0.00243675 0.00243677 0.00243678 0.0024368 0.00243682 0.00243683 0.00243147 0.00243122 0.00243116 0.00243118
          0.00243123 0.0024313 0.00243137 0.00243145 0.00243153 0.0024316 0.00243168 0.00243175 0.00243182 0.00243189 0.00243196 0.00243203
          0.0024321 0.00243217 0.00243223 0.0024323 0.00243236 0.00243242 0.00243248 0.00243254 0.0024326 0.00243266 0.00243271 0.00243277
          0.00243282 0.00243288 0.00243293 0.00243298 0.00243303 0.00243308 0.00243313 0.00243318 0.00243323 0.00243327 0.00243332 0.00243336
          0.00243341 0.00243345 0.00243349 0.00243353 0.00243357 0.00243362 0.00243365 0.00243369 0.00243373 0.00243377 0.0024338 0.00243384
          0.00243387 0.00243391 0.00243394 0.00243397 0.002434 0.00243403 0.00243406 0.00243409 0.00243412 0.00243415 0.00243417 0.0024342
          0.00243423 0.00243425 0.00243427 0.0024343 0.00243432 0.00243434 0.00243436 0.00243438 0.0024344 0.00243442 0.00243443 0.00243445
          0.00243446 0.00243091 0.0024297 0.00242913 0.00242886 0.0024288 0.00242882 0.00242888 0.00242895 0.00242902 0.0024291 0.00242918
          0.00242926 0.00242933 0.00242941 0.00242948 0.00242955 0.00242963 0.0024297 0.00242976 0.00242983 0.0024299 0.00242996 0.00243003
          0.00243009 0.00243015 0.00243021 0.00243027 0.00243033 0.00243039 0.00243044 0.0024305 0.00243055 0.0024306 0.00243066 0.00243071
          0.00243076 0.00243081 0.00243086 0.00243091 0.00243095 0.002431 0.00243104 0.00243109 0.00243113 0.00243118 0.00243122 0.00243126
          0.0024313 0.00243134 0.00243138 0.00243142 0.00243145 0.00243149 0.00243152 0.00243156 0.00243159 0.00243162 0.00243166 0.00243169
          0.00243172 0.00243175 0.00243178 0.0024318 0.00243183 0.00243186 0.00243188 0.00243191 0.00243193 0.00243195 0.00243197 0.002432
          0.00243202 0.00243204 0.00243205 0.00243207 0.0024808 0.00244662 0.00243675 0.00243245 0.00242869 0.00242739 0.00242682 0.00242654
          0.00242648 0.0024265 0.00242655 0.00242662 0.0024267 0.00242678 0.00242685 0.00242693 0.00242701 0.00242709 0.00242716 0.00242723
          0.0024273 0.00242737 0.00242744 0.00242751 0.00242758 0.00242764 0.00242771 0.00242777 0.00242783 0.00242789 0.00242795 0.00242801
          0.00242807 0.00242813 0.00242818 0.00242824 0.00242829 0.00242835 0.0024284 0.00242845 0.0024285 0.00242855 0.0024286 0.00242864
          0.00242869 0.00242874 0.00242878 0.00242883 0.00242887 0.00242891 0.00242895 0.00242899 0.00242903 0.00242907 0.00242911 0.00242915
          0.00242918 0.00242922 0.00242925 0.00242929 0.00242932 0.00242935 0.00242938 0.00242941 0.00242944 0.00242947 0.00242949 0.00242952
          0.00242954 0.00242957 0.00242959 0.00242961 0.00242964 0.00242966 0.00242968 0.00242969 0.00247966 0.00247917 0.00247869 0.00247822
          0.00244871 0.00243476 0.00243048 0.00242673 0.00242516 0.00242458 0.00242428 0.00242419 0.0024242 0.00242425 0.00242432 0.00242439
          0.00242447 0.00242455 0.00242463 0.0024247 0.00242478 0.00242485 0.00242493 0.002425 0.00242507 0.00242514 0.00242521 0.00242527
          0.00242534 0.0024254 0.00242547 0.00242553 0.00242559 0.00242565 0.00242571 0.00242577 0.00242583 0.00242588 0.00242594 0.00242599
          0.00242605 0.0024261 0.00242615 0.0024262 0.00242625 0.0024263 0.00242635 0.00242639 0.00242644 0.00242649 0.00242653 0.00242657
          0.00242662 0.00242666 0.0024267 0.00242674 0.00242678 0.00242681 0.00242685 0.00242689 0.00242692 0.00242695 0.00242699 0.00242702
          0.00242705 0.00242708 0.00242711 0.00242713 0.00242716 0.00242719 0.00242721 0.00242723 0.00242726 0.00242728 0.0024273 0.00242732
          0.00247884 0.00247828 0.00247773 0.00247721 0.00247669 0.00247618 0.00247565 0.0024689 0.00243358 0.00242889 0.00242539 0.00242315
          0.00242249 0.00242214 0.00242198 0.00242197 0.002422 0.00242205 0.00242211 0.00242219 0.00242226 0.00242234 0.00242241 0.00242249
          0.00242256 0.00242263 0.00242271 0.00242278 0.00242285 0.00242292 0.00242298 0.00242305 0.00242311 0.00242318 0.00242324 0.0024233
          0.00242336 0.00242342 0.00242348 0.00242354 0.0024236 0.00242365 0.00242371 0.00242376 0.00242381 0.00242386 0.00242391 0.00242396
          0.00242401 0.00242406 0.00242411 0.00242415 0.0024242 0.00242424 0.00242429 0.00242433 0.00242437 0.00242441 0.00242445 0.00242449
          0.00242452 0.00242456 0.00242459 0.00242463 0.00242466 0.00242469 0.00242472 0.00242475 0.00242478 0.00242481 0.00242483 0.00242486
          0.00242488 0.0024249 0.00242493 0.00242495 0.00247816 0.00247759 0.00247702 0.00247646 0.0024759 0.00247534 0.0024748 0.00247427
          0.00247374 0.00247316 0.00247274 0.00243418 0.00242799 0.00242479 0.00242175 0.00242066 0.00242024 0.00241997 0.00241983 0.00241982
          0.00241984 0.00241988 0.00241993 0.00242 0.00242007 0.00242014 0.00242021 0.00242029 0.00242036 0.00242043 0.0024205 0.00242057
          0.00242064 0.0024207 0.00242077 0.00242084 0.0024209 0.00242096 0.00242102 0.00242109 0.00242115 0.0024212 0.00242126 0.00242132
          0.00242137 0.00242143 0.00242148 0.00242154 0.00242159 0.00242164 0.00242169 0.00242174 0.00242179 0.00242183 0.00242188 0.00242192
          0.00242197 0.00242201 0.00242205 0.00242209 0.00242213 0.00242217 0.0024222 0.00242224 0.00242228 0.00242231 0.00242234 0.00242237
          0.0024224 0.00242243 0.00242246 0.00242248 0.00242251 0.00242253 0.00242256 0.00242258 0.00247753 0.00247696 0.0024764 0.00247583
          0.00247527 0.00247471 0.00247414 0.00247358 0.00247302 0.00247248 0.00247195 0.00247141 0.00247083 0.00247019 0.00245418 0.00242861
          0.00242521 0.00242251 0.00241984 0.00241878 0.00241836 0.00241807 0.00241785 0.00241774 0.00241773 0.00241775 0.00241779 0.00241784
          0.00241789 0.00241796 0.00241803 0.0024181 0.00241817 0.00241823 0.0024183 0.00241837 0.00241844 0.0024185 0.00241857 0.00241863
          0.0024187 0.00241876 0.00241882 0.00241888 0.00241894 0.002419 0.00241905 0.00241911 0.00241916 0.00241922 0.00241927 0.00241932
          0.00241937 0.00241942 0.00241947 0.00241952 0.00241956 0.00241961 0.00241965 0.0024197 0.00241974 0.00241978 0.00241982 0.00241986
          0.00241989 0.00241993 0.00241996 0.00242 0.00242003 0.00242006 0.00242009 0.00242011 0.00242014 0.00242017 0.00242019 0.00242021
          0.00247695 0.00247639 0.00247582 0.00247526 0.0024747 0.00247414 0.00247358 0.00247303 0.00247247 0.00247192 0.00247137 0.00247081
          0.00247026 0.00246975 0.00246921 0.00246866 0.00246804 0.00246734 0.00246168 0.00242786 0.00242468 0.00242255 0.00242021 0.00241791
          0.0024168 0.00241641 0.00241611 0.00241589 0.00241574 0.00241568 0.00241569 0.00241572 0.00241575 0.0024158 0.00241586 0.00241592
          0.00241599 0.00241605 0.00241612 0.00241619 0.00241625 0.00241631 0.00241638 0.00241644 0.0024165 0.00241656 0.00241662 0.00241668
          0.00241674 0.0024168 0.00241685 0.00241691 0.00241696 0.00241701 0.00241707 0.00241712 0.00241717 0.00241721 0.00241726 0.00241731
          0.00241735 0.00241739 0.00241743 0.00241747 0.00241751 0.00241755 0.00241759 0.00241762 0.00241766 0.00241769 0.00241772 0.00241775
          0.00241777 0.0024178 0.00241783 0.00241785 0.00247641 0.00247585 0.00247529 0.00247474 0.00247418 0.00247363 0.00247307 0.00247252
          0.00247197 0.00247142 0.00247088 0.00247033 0.00246979 0.00246925 0.00246871 0.00246816 0.00246762 0.00246713 0.00246661 0.00246607
          0.00246551 0.00246486 0.00246419 0.00246381 0.00242651 0.00242319 0.00242131 0.00241932 0.00241719 0.00241527 0.00241461 0.0024143
          0.00241405 0.00241385 0.00241372 0.00241367 0.00241367 0.00241369 0.00241373 0.00241378 0.00241383 0.00241389 0.00241395 0.00241401
          0.00241407 0.00241414 0.0024142 0.00241426 0.00241432 0.00241438 0.00241444 0.0024145 0.00241455 0.00241461 0.00241466 0.00241472
          0.00241477 0.00241482 0.00241487 0.00241492 0.00241496 0.00241501 0.00241505 0.0024151 0.00241514 0.00241518 0.00241522 0.00241525
          0.00241529 0.00241532 0.00241535 0.00241538 0.00241541 0.00241544 0.00241547 0.00241549 0.00247592 0.00247536 0.00247481 0.00247425
          0.0024737 0.00247315 0.0024726 0.00247206 0.00247151 0.00247097 0.00247043 0.00246989 0.00246935 0.00246882 0.00246828 0.00246775
          0.00246722 0.00246669 0.00246616 0.00246562 0.00246508 0.00246456 0.00246405 0.00246354 0.00246301 0.00246246 0.00246185 0.00246117
          0.00246064 0.0024435 0.00242278 0.00242061 0.00241893 0.00241711 0.00241526 0.00241356 0.00241262 0.00241231 0.00241208 0.0024119
          0.00241177 0.00241169 0.00241166 0.00241168 0.00241171 0.00241176 0.0024118 0.00241186 0.00241191 0.00241197 0.00241203 0.00241209
          0.00241215 0.00241221 0.00241226 0.00241232 0.00241237 0.00241243 0.00241248 0.00241253 0.00241258 0.00241263 0.00241268 0.00241272
          0.00241277 0.00241281 0.00241285 0.00241289 0.00241293 0.00241296 0.002413 0.00241303 0.00241306 0.00241308 0.00241311 0.00241314
          0.00247546 0.00247491 0.00247436 0.00247381 0.00247326 0.00247272 0.00247217 0.00247163 0.00247109 0.00247055 0.00247001 0.00246948
          0.00246895 0.00246841 0.00246788 0.00246735 0.00246682 0.0024663 0.00246577 0.00246524 0.00246472 0.00246419 0.00246367 0.00246314
          0.00246261 0.00246208 0.00246154 0.00246103 0.00246052 0.00246001 0.00245948 0.00245892 0.0024583 0.00245764 0.00245711 0.00245675
          0.00242176 0.00241869 0.00241719 0.00241566 0.00241401 0.00241248 0.00241103 0.0024104 0.00241017 0.00240999 0.00240985 0.00240975
          0.00240969 0.00240968 0.0024097 0.00240974 0.00240978 0.00240983 0.00240988 0.00240993 0.00240999 0.00241004 0.0024101 0.00241015
          0.0024102 0.00241025 0.0024103 0.00241035 0.0024104 0.00241044 0.00241049 0.00241053 0.00241057 0.00241061 0.00241064 0.00241067
          0.00241071 0.00241074 0.00241076 0.00241079 0.00247505 0.0024745 0.00247395 0.0024734 0.00247286 0.00247231 0.00247177 0.00247123
          0.0024707 0.00247016 0.00246963 0.00246909 0.00246856 0.00246803 0.0024675 0.00246698 0.00246645 0.00246592 0.0024654 0.00246488
          0.00246435 0.00246383 0.00246331 0.00246278 0.00246226 0.00246174 0.00246122 0.0024607 0.00246017 0.00245965 0.00245912 0.00245859
          0.00245805 0.00245753 0.00245702 0.00245651 0.00245599 0.00245544 0.00245484 0.0024542 0.00245359 0.00245313 0.00245279 0.00241791
          0.00241571 0.00241439 0.00241301 0.00241158 0.00241024 0.00240903 0.00240829 0.00240808 0.00240794 0.00240783 0.00240775 0.0024077
          0.00240769 0.00240771 0.00240775 0.00240779 0.00240784 0.00240789 0.00240794 0.00240799 0.00240804 0.00240809 0.00240813 0.00240818
          0.00240822 0.00240826 0.00240829 0.00240833 0.00240836 0.00240839 0.00240842 0.00240844 0.00247466 0.00247411 0.00247357 0.00247302
          0.00247248 0.00247194 0.0024714 0.00247086 0.00247033 0.00246979 0.00246926 0.00246873 0.0024682 0.00246767 0.00246715 0.00246662
          0.0024661 0.00246557 0.00246505 0.00246453 0.00246401 0.00246349 0.00246296 0.00246244 0.00246192 0.0024614 0.00246088 0.00246036
          0.00245984 0.00245932 0.0024588 0.00245828 0.00245776 0.00245724 0.00245672 0.00245619 0.00245567 0.00245513 0.00245459 0.00245406
          0.00245353 0.00245302 0.00245251 0.00245198 0.00245141 0.00245081 0.00245017 0.00244955 0.00244907 0.0024487 0.00241582 0.00241301
          0.00241182 0.00241064 0.00240938 0.00240816 0.00240709 0.00240615 0.00240593 0.00240583 0.00240575 0.0024057 0.00240568 0.00240568
          0.0024057 0.00240574 0.00240579 0.00240583 0.00240587 0.00240592 0.00240595 0.00240599 0.00240603 0.00240606 0.00240608 0.00240611
          0.0024743 0.00247376 0.00247321 0.00247267 0.00247213 0.00247159 0.00247105 0.00247052 0.00246998 0.00246945 0.00246892 0.00246839
          0.00246786 0.00246734 0.00246681 0.00246629 0.00246576 0.00246524 0.00246472 0.0024642 0.00246368 0.00246316 0.00246264 0.00246212
          0.0024616 0.00246108 0.00246056 0.00246004 0.00245953 0.00245901 0.00245849 0.00245797 0.00245745 0.00245693 0.00245641 0.00245589
          0.00245537 0.00245484 0.00245432 0.00245379 0.00245327 0.00245274 0.00245221 0.00245168 0.00245114 0.00245059 0.00245004 0.00244951
          0.00244898 0.00244846 0.00244792 0.00244735 0.00244674 0.00244609 0.00244544 0.00244488 0.00244445 0.00241398 0.00241003 0.00240887
          0.00240786 0.00240676 0.00240575 0.00240477 0.00240402 0.00240369 0.00240363 0.0024036 0.00240359 0.00240361 0.00240363 0.00240367
          0.0024037 0.00240373 0.00240376 0.00240378 0.00247397 0.00247343 0.00247288 0.00247234 0.0024718 0.00247126 0.00247073 0.00247019
          0.00246966 0.00246913 0.0024686 0.00246807 0.00246754 0.00246702 0.00246649 0.00246597 0.00246544 0.00246492 0.0024644 0.00246388
          0.00246336 0.00246284 0.00246232 0.00246181 0.00246129 0.00246077 0.00246025 0.00245974 0.00245922 0.0024587 0.00245818 0.00245767
          0.00245715 0.00245663 0.00245611 0.00245559 0.00245507 0.00245455 0.00245403 0.0024535 0.00245298 0.00245245 0.00245193 0.0024514
          0.00245086 0.00245033 0.00244979 0.00244926 0.00244872 0.00244818 0.00244764 0.00244708 0.00244652 0.00244595 0.00244539 0.00244483
          0.00244429 0.00244373 0.00244314 0.00244251 0.00244184 0.00244114 0.00244049 0.00243997 0.00243955 0.00240694 0.00240501 0.0024041
          0.00240323 0.00240238 0.00240177 0.00240143 0.00240141 0.00240142 0.00240145 0.00240147 0.00247366 0.00247312 0.00247257 0.00247203
          0.00247149 0.00247096 0.00247042 0.00246988 0.00246935 0.00246882 0.00246829 0.00246776 0.00246724 0.00246671 0.00246619 0.00246566
          0.00246514 0.00246462 0.0024641 0.00246358 0.00246306 0.00246254 0.00246202 0.00246151 0.00246099 0.00246047 0.00245996 0.00245944
          0.00245892 0.0024584 0.00245789 0.00245737 0.00245685 0.00245634 0.00245582 0.0024553 0.00245478 0.00245426 0.00245374 0.00245322
          0.00245269 0.00245217 0.00245164 0.00245111 0.00245058 0.00245005 0.00244952 0.00244898 0.00244844 0.0024479 0.00244736 0.00244681
          0.00244626 0.0024457 0.00244515 0.00244459 0.00244402 0.00244345 0.00244287 0.00244227 0.00244166 0.00244106 0.00244046 0.00243986
          0.00243925 0.0024386 0.0024379 0.00243716 0.00243636 0.00243562 0.00243505 0.00240352 0.00240052 0.00239968 0.00239926 0.00239919
          0.00247337 0.00247283 0.00247228 0.00247174 0.0024712 0.00247067 0.00247013 0.0024696 0.00246906 0.00246853 0.002468 0.00246748
          0.00246695 0.00246642 0.0024659 0.00246538 0.00246485 0.00246433 0.00246381 0.00246329 0.00246277 0.00246225 0.00246174 0.00246122
          0.0024607 0.00246019 0.00245967 0.00245915 0.00245864 0.00245812 0.0024576 0.00245709 0.00245657 0.00245605 0.00245553 0.00245501
          0.00245449 0.00245397 0.00245345 0.00245293 0.00245241 0.00245188 0.00245136 0.00245083 0.0024503 0.00244977 0.00244924 0.0024487
          0.00244816 0.00244762 0.00244708 0.00244653 0.00244598 0.00244543 0.00244487 0.00244431 0.00244374 0.00244317 0.00244259 0.002442
          0.0024414 0.0024408 0.0024402 0.00243959 0.00243896 0.0024383 0.00243763 0.00243693 0.00243624 0.00243556 0.00243487 0.00243407
          0.0024331 0.00243187 0.002431 0.00239939
        </DataArray>
        <DataArray type="Float32" Name="x^H2_liq" NumberOfComponents="1" format="ascii">
          0 0 0 0 0 0 0 0 0 0 0 0
          0 0 0 0 0 0 0 0 0 0 0 0
          0 0 0 0 0 0 0 0 0 0 0 0
          0 0 0 0 0 0 0 0 0 0 0 0
          0 0 0 0 0 0 0 0 0 0 0 0
          0 0 0 0 0 0 0 0 0 0 0 0
          0 0 0 0 0 0 0 0 0 0 0 0
          0 0 0 0 0 0 0 0 0 0 0 0
          0 0 0 0 0 0 0 0 0 0 0 0
          0 0 0 0 0 0 0 0 0 0 0 0
          0 0 0 0 0 0 0 0 0 0 0 0
          0 0 0 0 0 0 0 0 0 0 0 0
          0 0 0 0 0 0 0 0 0 0 0 0
          0 0 0 0 0 0 0 0 0 0 0 0
          0 0 0 0 0 0 0 0 0 0 0 0
          0 0 0 0 0 0 0 0 0 0 0 0
          0 0 0 0 0 0 0 0 0 0 0 0
          0 0 0 0 0 0 0 0 0 0 0 0
          0 0 0 0 0 0 0 0 0 0 0 0
          0 0 0 0 0 0 0 0 0 0 0 0
          0 0 0 0 0 0 0 0 0 0 0 0
          0 0 0 0 0 0 0 0 0 0 0 0
          0 0 0 0 0 0 0 0 0 0 0 0
          0 0 0 0 0 0 0 0 0 0 0 0
          0 0 0 0 0 0 0 0 0 0 0 0
          0 0 0 0 0 0 0 0 0 0 0 0
          0 0 0 0 0 0 0 0 0 0 0 0
          0 0 0 0 0 0 0 0 0 0 0 0
          0 0 0 0 0 0 0 0 0 0 0 0
          0 0 0 0 0 0 0 0 0 0 0 0
          0 0 0 0 0 0 0 0 0 0 0 0
          0 0 0 0 0 0 0 0 0 0 0 0
          0 0 0 0 0 0 0 0 0 0 0 0
          0 0 0 0 0 0 0 0 0 0 0 0
          0 0 0 0 0 0 0 0 0 0 0 0
          0 0 0 0 0 0 0 0 0 0 0 0
          0 0 0 0 0 0 0 0 0 0 0 0
          0 0 0 0 0 0 0 0 0 0 0 0
          0 0 0 0 0 0 0 0 0 0 0 0
          0 0 0 0 0 0 0 0 0 0 0 0
          0 0 0 0 0 0 0 0 0 0 0 0
          0 0 0 0 0 0 0 0 0 0 0 0
          0 0 0 0 0 0 0 0 0 0 0 0
          0 0 0 0 0 0 0 0 0 0 0 0
          0 0 0 0 0 0 0 0 0 0 0 0
          0 0 0 0 0 0 0 0 0 0 0 0
          0 0 0 0 0 0 0 0 0 0 0 0
          0 0 0 0 0 0 0 0 0 0 0 0
          0 0 0 0 0 0 0 0 0 0 0 0
          0 0 0 0 0 0 0 0 0 0 0 0
          0 0 0 0 0 0 0 0 0 0 0 0
          0 0 0 0 0 0 0 0 0 0 0 0
          0 0 0 0 0 0 0 0 0 0 0 0
          0 0 0 0 0 0 0 0 0 0 0 0
          0 0 0 0 0 0 0 0 0 0 0 0
          0 0 0 0 0 0 0 0 0 0 0 0
          0 0 0 0 0 0 0 0 0 0 0 0
          0 0 0 0 0 0 0 0 0 0 0 0
          0 0 0 0 0 0 0 0 0 0 0 0
          0 0 0 0 0 0 0 0 0 0 0 0
          0 0 0 0 0 0 0 0 0 0 0 0
          0 0 0 0 0 0 0 0 0 0 0 0
          0 0 0 0 0 0 0 0 0 0 0 0
          0 0 0 0 0 0 0 0 0 0 0 0
          0 0 0 0 0 0 0 0 0 0 0 0
          0 0 0 0 0 0 0 0 0 0 0 0
          0 0 0 0 0 0 0 0 0 0 0 0
          0 0 0 0 0 0 0 0 0 0 0 0
          0 0 0 0 0 0 0 0 0 0 0 0
          0 0 0 0 0 0 0 0 0 0 0 0
          0 0 0 0 0 0 0 0 0 0 0 0
          0 0 0 0 0 0 0 0 0 0 0 0
          0 0 0 0 0 0 0 0 0 0 0 0
          0 0 0 0 0 0 0 0 0 0 0 0
          0 0 0 0 0 0 0 0 0 0 0 0
          0 0 0 0 0 0 0 0 0 0 0 0
          0 0 0 0 0 0 0 0 0 0 0 0
          0 0 0 0 0 0 0 0 0 0 0 0
          0 0 0 0 0 0 0 0 0 0 0 0
          0 0 0 0 0 0 0 0 0 0 0 0
          0 0 0 0 0 0 0 0 0 0 0 0
          0 0 0 0 0 0 0 0 0 0 0 0
          0 0 0 0 0 0 0 0 0 0 0 0
          0 0 0 0 0 0 0 0 0 0 0 0
          0 0 0 0 0 0 0 0 0 0 0 0
          0 0 0 0 0 0 0 0 0 0 0 0
          0 0 0 0 0 0 0 0 0 0 0 0
          0 0 0 0 0 0 0 0 0 0 0 0
          0 0 0 0 0 0 0 0 0 0 0 0
          0 0 0 0 0 0 0 0 0 0 0 0
          0 0 0 0 0 0 0 0 0 0 0 0
          0 0 0 0 0 0 0 0 0 0 0 0
          0 0 0 0 0 0 0 0 0 0 0 0
          0 0 0 0 0 0 0 0 0 0 0 0
          0 0 0 0 0 0 0 0 0 0 0 0
          0 0 0 0 0 0 0 0 0 0 0 0
          0 0 0 0 0 0 0 0 0 0 0 0
          0 0 0 0 0 0 0 0 0 0 0 0
          0 0 0 0 0 0 0 0 0 0 0 0
          0 0 0 0 0 0 0 0 0 0 0 0
          0 0 0 0 0 0 0 0 0 0 0 0
          0 0 0 0 0 0 0 0 0 0 0 0
          0 0 0 0 0 0 0 0 0 0 0 0
          0 0 0 0 0 0 0 0 0 0 0 0
          0 0 0 0 0 0 0 0 0 0 0 0
          0 0 0 0 0 0 0 0 0 0 0 0
          0 0 0 0 0 0 0 0 0 0 0 0
          0 0 0 0 0 0 0 0 0 0 0 0
          0 0 0 0 0 0 0 0 0 0 0 0
          0 0 0 0 0 0 0 0 0 0 0 0
          0 0 0 0 0 0 0 0 0 0 0 0
          0 0 0 0 0 0 0 0 0 0 0 0
          0 0 0 0 0 0 0 0 0 0 0 0
          0 0 0 0 0 0 0 0 0 0 0 0
          0 0 0 0 0 0 0 0 0 0 0 0
          0 0 0 0 0 0 0 0 0 0 0 0
          0 0 0 0 0 0 0 0 0 0 0 0
          0 0 0 0 0 0 0 0 0 0 0 0
          0 0 0 0 0 0 0 0 0 0 0 0
          0 0 0 0 0 0 0 0 0 0 0 0
          0 0 0 0 0 0 0 0 0 0 0 0
          0 0 0 0 0 0 0 0 0 0 0 0
          0 0 0 0 0 0 0 0 0 0 0 0
          0 0 0 0 0 0 0 0 0 0 0 0
          0 0 0 0 0 0 0 0 0 0 0 0
          0 0 0 0 0 0 0 0 0 0 0 0
          0 0 0 0 0 0 0 0 0 0 0 0
          0 0 0 0 0 0 0 0 0 0 0 0
          0 0 0 0 0 0 0 0 0 0 0 0
          0 0 0 0 0 0 0 0 0 0 0 0
          0 0 0 0 0 0 0 0 0 0 0 0
          0 0 0 0 0 0 0 0 0 0 0 0
          0 0 0 0 0 0 0 0 0 0 0 0
          0 0 0 0 0 0 0 0 0 0 0 0
          0 0 0 0 0 0 0 0 0 0 0 0
          0 0 0 0 0 0 0 0 0 0 0 0
          0 0 0 0 0 0 0 0 0 0 0 0
          0 0 0 0 0 0 0 0 0 0 0 0
          0 0 0 0 0 0 0 0 0 0 0 0
          0 0 0 0 0 0 0 0 0 0 0 0
          0 0 0 0 0 0 0 0 0 0 0 0
          0 0 0 0 0 0 0 0 0 0 0 0
          0 0 0 0 0 0 0 0 0 0 0 0
          0 0 0 0 0 0 0 0 0 0 0 0
          0 0 0 0 0 0 0 0 0 0 0 0
          0 0 0 0 0 0 0 0 0 0 0 0
          0 0 0 0 0 0 0 0 0 0 0 0
          0 0 0 0 0 0 0 0 0 0 0 0
          0 0 0 0 0 0 0 0 0 0 0 0
          0 0 0 0 0 0 0 0 0 0 0 0
          0 0 0 0 0 0 0 0 0 0 0 0
          0 0 0 0 0 0 0 0 0 0 0 0
          0 0 0 0 0 0 0 0 0 0 0 0
          0 0 0 0 0 0 0 0 0 0 0 0
          0 0 0 0 0 0 0 0 0 0 0 0
          0 0 0 0 0 0 0 0 0 0 0 0
          0 0 0 0 0 0 0 0 0 0 0 0
          0 0 0 0 0 0 0 0 0 0 0 0
          0 0 0 0 0 0 0 0 0 0 0 0
          0 0 0 0 0 0 0 0 0 0 0 0
          0 0 0 0 0 0 0 0 0 0 0 0
          0 0 0 0 0 0 0 0 0 0 0 0
          0 0 0 0 0 0 0 0 0 0 0 0
          0 0 0 0 0 0 0 0 0 0 0 0
          0 0 0 0 0 0 0 0 0 0 0 0
          0 0 0 0 0 0 0 0 0 0 0 0
          0 0 0 0 0 0 0 0 0 0 0 0
          0 0 0 0 0 0 0 0 0 0 0 0
          0 0 0 0 0 0 0 0 0 0 0 0
          0 0 0 0 0 0 0 0 0 0 0 0
          0 0 0 0 0 0 0 0 0 0 0 0
          0 0 0 0 0 0 0 0 0 0 0 0
          0 0 0 0 0 0 0 0 0 0 0 0
          0 0 0 0 0 0 0 0 0 0 0 0
          0 0 0 0 0 0 0 0 0 0 0 0
          0 0 0 0 0 0 0 0 0 0 0 0
          0 0 0 0 0 0 0 0 0 0 0 0
          0 0 0 0 0 0 0 0 0 0 0 0
          0 0 0 0 0 0 0 0 0 0 0 0
          0 0 0 0 0 0 0 0 0 0 0 0
          0 0 0 0 0 0 0 0 0 0 0 0
          0 0 0 0 0 0 0 0 0 0 0 0
          0 0 0 0 0 0 0 0 0 0 0 0
          0 0 0 0 0 0 0 0 0 0 0 0
          0 0 0 0 0 0 0 0 0 0 0 0
          0 0 0 0 0 0 0 0 0 0 0 0
          0 0 0 0 0 0 0 0 0 0 0 0
          0 0 0 0 0 0 0 0 0 0 0 0
          0 0 0 0 0 0 0 0 0 0 0 0
          0 0 0 0 0 0 0 0 0 0 0 0
          0 0 0 0 0 0 0 0 0 0 0 0
          0 0 0 0 0 0 0 0 0 0 0 0
          0 0 0 0 0 0 0 0 0 0 0 0
          0 0 0 0 0 0 0 0 0 0 0 0
          0 0 0 0 0 0 0 0 0 0 0 0
          0 0 0 0 0 0 0 0 0 0 0 0
          0 0 0 0
        </DataArray>
        <DataArray type="Float32" Name="x^CO2_liq" NumberOfComponents="1" format="ascii">
          0 0 0 0 0 0 0 0 0 0 0 0
          0 0 0 0 0 0 0 0 0 0 0 0
          0 0 0 0 0 0 0 0 0 0 0 0
          0 0 0 0 0 0 0 0 0 0 0 0
          0 0 0 0 0 0 0 0 0 0 0 0
          0 0 0 0 0 0 0 0 0 0 0 0
          0 0 0 0 0 0 0 0 0 0 0 0
          0 0 0 0 0 0 0 0 0 0 0 0
          0 0 0 0 0 0 0 0 0 0 0 0
          0 0 0 0 0 0 0 0 0 0 0 0
          0 0 0 0 0 0 0 0 0 0 0 0
          0 0 0 0 0 0 0 0 0 0 0 0
          0 0 0 0 0 0 0 0 0 0 0 0
          0 0 0 0 0 0 0 0 0 0 0 0
          0 0 0 0 0 0 0 0 0 0 0 0
          0 0 0 0 0 0 0 0 0 0 0 0
          0 0 0 0 0 0 0 0 0 0 0 0
          0 0 0 0 0 0 0 0 0 0 0 0
          0 0 0 0 0 0 0 0 0 0 0 0
          0 0 0 0 0 0 0 0 0 0 0 0
          0 0 0 0 0 0 0 0 0 0 0 0
          0 0 0 0 0 0 0 0 0 0 0 0
          0 0 0 0 0 0 0 0 0 0 0 0
          0 0 0 0 0 0 0 0 0 0 0 0
          0 0 0 0 0 0 0 0 0 0 0 0
          0 0 0 0 0 0 0 0 0 0 0 0
          0 0 0 0 0 0 0 0 0 0 0 0
          0 0 0 0 0 0 0 0 0 0 0 0
          0 0 0 0 0 0 0 0 0 0 0 0
          0 0 0 0 0 0 0 0 0 0 0 0
          0 0 0 0 0 0 0 0 0 0 0 0
          0 0 0 0 0 0 0 0 0 0 0 0
          0 0 0 0 0 0 0 0 0 0 0 0
          0 0 0 0 0 0 0 0 0 0 0 0
          0 0 0 0 0 0 0 0 0 0 0 0
          0 0 0 0 0 0 0 0 0 0 0 0
          0 0 0 0 0 0 0 0 0 0 0 0
          0 0 0 0 0 0 0 0 0 0 0 0
          0 0 0 0 0 0 0 0 0 0 0 0
          0 0 0 0 0 0 0 0 0 0 0 0
          0 0 0 0 0 0 0 0 0 0 0 0
          0 0 0 0 0 0 0 0 0 0 0 0
          0 0 0 0 0 0 0 0 0 0 0 0
          0 0 0 0 0 0 0 0 0 0 0 0
          0 0 0 0 0 0 0 0 0 0 0 0
          0 0 0 0 0 0 0 0 0 0 0 0
          0 0 0 0 0 0 0 0 0 0 0 0
          0 0 0 0 0 0 0 0 0 0 0 0
          0 0 0 0 0 0 0 0 0 0 0 0
          0 0 0 0 0 0 0 0 0 0 0 0
          0 0 0 0 0 0 0 0 0 0 0 0
          0 0 0 0 0 0 0 0 0 0 0 0
          0 0 0 0 0 0 0 0 0 0 0 0
          0 0 0 0 0 0 0 0 0 0 0 0
          0 0 0 0 0 0 0 0 0 0 0 0
          0 0 0 0 0 0 0 0 0 0 0 0
          0 0 0 0 0 0 0 0 0 0 0 0
          0 0 0 0 0 0 0 0 0 0 0 0
          0 0 0 0 0 0 0 0 0 0 0 0
          0 0 0 0 0 0 0 0 0 0 0 0
          0 0 0 0 0 0 0 0 0 0 0 0
          0 0 0 0 0 0 0 0 0 0 0 0
          0 0 0 0 0 0 0 0 0 0 0 0
          0 0 0 0 0 0 0 0 0 0 0 0
          0 0 0 0 0 0 0 0 0 0 0 0
          0 0 0 0 0 0 0 0 0 0 0 0
          0 0 0 0 0 0 0 0 0 0 0 0
          0 0 0 0 0 0 0 0 0 0 0 0
          0 0 0 0 0 0 0 0 0 0 0 0
          0 0 0 0 0 0 0 0 0 0 0 0
          0 0 0 0 0 0 0 0 0 0 0 0
          0 0 0 0 0 0 0 0 0 0 0 0
          0 0 0 0 0 0 0 0 0 0 0 0
          0 0 0 0 0 0 0 0 0 0 0 0
          0 0 0 0 0 0 0 0 0 0 0 0
          0 0 0 0 0 0 0 0 0 0 0 0
          0 0 0 0 0 0 0 0 0 0 0 0
          0 0 0 0 0 0 0 0 0 0 0 0
          0 0 0 0 0 0 0 0 0 0 0 0
          0 0 0 0 0 0 0 0 0 0 0 0
          0 0 0 0 0 0 0 0 0 0 0 0
          0 0 0 0 0 0 0 0 0 0 0 0
          0 0 0 0 0 0 0 0 0 0 0 0
          0 0 0 0 0 0 0 0 0 0 0 0
          0 0 0 0 0 0 0 0 0 0 0 0
          0 0 0 0 0 0 0 0 0 0 0 0
          0 0 0 0 0 0 0 0 0 0 0 0
          0 0 0 0 0 0 0 0 0 0 0 0
          0 0 0 0 0 0 0 0 0 0 0 0
          0 0 0 0 0 0 0 0 0 0 0 0
          0 0 0 0 0 0 0 0 0 0 0 0
          0 0 0 0 0 0 0 0 0 0 0 0
          0 0 0 0 0 0 0 0 0 0 0 0
          0 0 0 0 0 0 0 0 0 0 0 0
          0 0 0 0 0 0 0 0 0 0 0 0
          0 0 0 0 0 0 0 0 0 0 0 0
          0 0 0 0 0 0 0 0 0 0 0 0
          0 0 0 0 0 0 0 0 0 0 0 0
          0 0 0 0 0 0 0 0 0 0 0 0
          0 0 0 0 0 0 0 0 0 0 0 0
          0 0 0 0 0 0 0 0 0 0 0 0
          0 0 0 0 0 0 0 0 0 0 0 0
          0 0 0 0 0 0 0 0 0 0 0 0
          0 0 0 0 0 0 0 0 0 0 0 0
          0 0 0 0 0 0 0 0 0 0 0 0
          0 0 0 0 0 0 0 0 0 0 0 0
          0 0 0 0 0 0 0 0 0 0 0 0
          0 0 0 0 0 0 0 0 0 0 0 0
          0 0 0 0 0 0 0 0 0 0 0 0
          0 0 0 0 0 0 0 0 0 0 0 0
          0 0 0 0 0 0 0 0 0 0 0 0
          0 0 0 0 0 0 0 0 0 0 0 0
          0 0 0 0 0 0 0 0 0 0 0 0
          0 0 0 0 0 0 0 0 0 0 0 0
          0 0 0 0 0 0 0 0 0 0 0 0
          0 0 0 0 0 0 0 0 0 0 0 0
          0 0 0 0 0 0 0 0 0 0 0 0
          0 0 0 0 0 0 0 0 0 0 0 0
          0 0 0 0 0 0 0 0 0 0 0 0
          0 0 0 0 0 0 0 0 0 0 0 0
          0 0 0 0 0 0 0 0 0 0 0 0
          0 0 0 0 0 0 0 0 0 0 0 0
          0 0 0 0 0 0 0 0 0 0 0 0
          0 0 0 0 0 0 0 0 0 0 0 0
          0 0 0 0 0 0 0 0 0 0 0 0
          0 0 0 0 0 0 0 0 0 0 0 0
          0 0 0 0 0 0 0 0 0 0 0 0
          0 0 0 0 0 0 0 0 0 0 0 0
          0 0 0 0 0 0 0 0 0 0 0 0
          0 0 0 0 0 0 0 0 0 0 0 0
          0 0 0 0 0 0 0 0 0 0 0 0
          0 0 0 0 0 0 0 0 0 0 0 0
          0 0 0 0 0 0 0 0 0 0 0 0
          0 0 0 0 0 0 0 0 0 0 0 0
          0 0 0 0 0 0 0 0 0 0 0 0
          0 0 0 0 0 0 0 0 0 0 0 0
          0 0 0 0 0 0 0 0 0 0 0 0
          0 0 0 0 0 0 0 0 0 0 0 0
          0 0 0 0 0 0 0 0 0 0 0 0
          0 0 0 0 0 0 0 0 0 0 0 0
          0 0 0 0 0 0 0 0 0 0 0 0
          0 0 0 0 0 0 0 0 0 0 0 0
          0 0 0 0 0 0 0 0 0 0 0 0
          0 0 0 0 0 0 0 0 0 0 0 0
          0 0 0 0 0 0 0 0 0 0 0 0
          0 0 0 0 0 0 0 0 0 0 0 0
          0 0 0 0 0 0 0 0 0 0 0 0
          0 0 0 0 0 0 0 0 0 0 0 0
          0 0 0 0 0 0 0 0 0 0 0 0
          0 0 0 0 0 0 0 0 0 0 0 0
          0 0 0 0 0 0 0 0 0 0 0 0
          0 0 0 0 0 0 0 0 0 0 0 0
          0 0 0 0 0 0 0 0 0 0 0 0
          0 0 0 0 0 0 0 0 0 0 0 0
          0 0 0 0 0 0 0 0 0 0 0 0
          0 0 0 0 0 0 0 0 0 0 0 0
          0 0 0 0 0 0 0 0 0 0 0 0
          0 0 0 0 0 0 0 0 0 0 0 0
          0 0 0 0 0 0 0 0 0 0 0 0
          0 0 0 0 0 0 0 0 0 0 0 0
          0 0 0 0 0 0 0 0 0 0 0 0
          0 0 0 0 0 0 0 0 0 0 0 0
          0 0 0 0 0 0 0 0 0 0 0 0
          0 0 0 0 0 0 0 0 0 0 0 0
          0 0 0 0 0 0 0 0 0 0 0 0
          0 0 0 0 0 0 0 0 0 0 0 0
          0 0 0 0 0 0 0 0 0 0 0 0
          0 0 0 0 0 0 0 0 0 0 0 0
          0 0 0 0 0 0 0 0 0 0 0 0
          0 0 0 0 0 0 0 0 0 0 0 0
          0 0 0 0 0 0 0 0 0 0 0 0
          0 0 0 0 0 0 0 0 0 0 0 0
          0 0 0 0 0 0 0 0 0 0 0 0
          0 0 0 0 0 0 0 0 0 0 0 0
          0 0 0 0 0 0 0 0 0 0 0 0
          0 0 0 0 0 0 0 0 0 0 0 0
          0 0 0 0 0 0 0 0 0 0 0 0
          0 0 0 0 0 0 0 0 0 0 0 0
          0 0 0 0 0 0 0 0 0 0 0 0
          0 0 0 0 0 0 0 0 0 0 0 0
          0 0 0 0 0 0 0 0 0 0 0 0
          0 0 0 0 0 0 0 0 0 0 0 0
          0 0 0 0 0 0 0 0 0 0 0 0
          0 0 0 0 0 0 0 0 0 0 0 0
          0 0 0 0 0 0 0 0 0 0 0 0
          0 0 0 0 0 0 0 0 0 0 0 0
          0 0 0 0 0 0 0 0 0 0 0 0
          0 0 0 0 0 0 0 0 0 0 0 0
          0 0 0 0 0 0 0 0 0 0 0 0
          0 0 0 0 0 0 0 0 0 0 0 0
          0 0 0 0 0 0 0 0 0 0 0 0
          0 0 0 0 0 0 0 0 0 0 0 0
          0 0 0 0 0 0 0 0 0 0 0 0
          0 0 0 0 0 0 0 0 0 0 0 0
          0 0 0 0 0 0 0 0 0 0 0 0
          0 0 0 0 0 0 0 0 0 0 0 0
          0 0 0 0
        </DataArray>
        <DataArray type="Float32" Name="x^N2_liq" NumberOfComponents="1" format="ascii">
          0 0 0 0 0 0 0 0 0 0 0 0
          0 0 0 0 0 0 0 0 0 0 0 0
          0 0 0 0 0 0 0 0 0 0 0 0
          0 0 0 0 0 0 0 0 0 0 0 0
          0 0 0 0 0 0 0 0 0 0 0 0
          0 0 0 0 0 0 0 0 0 0 0 0
          0 0 0 0 0 0 0 0 0 0 0 0
          0 0 0 0 0 0 0 0 0 0 0 0
          0 0 0 0 0 0 0 0 0 0 0 0
          0 0 0 0 0 0 0 0 0 0 0 0
          0 0 0 0 0 0 0 0 0 0 0 0
          0 0 0 0 0 0 0 0 0 0 0 0
          0 0 0 0 0 0 0 0 0 0 0 0
          0 0 0 0 0 0 0 0 0 0 0 0
          0 0 0 0 0 0 0 0 0 0 0 0
          0 0 0 0 0 0 0 0 0 0 0 0
          0 0 0 0 0 0 0 0 0 0 0 0
          0 0 0 0 0 0 0 0 0 0 0 0
          0 0 0 0 0 0 0 0 0 0 0 0
          0 0 0 0 0 0 0 0 0 0 0 0
          0 0 0 0 0 0 0 0 0 0 0 0
          0 0 0 0 0 0 0 0 0 0 0 0
          0 0 0 0 0 0 0 0 0 0 0 0
          0 0 0 0 0 0 0 0 0 0 0 0
          0 0 0 0 0 0 0 0 0 0 0 0
          0 0 0 0 0 0 0 0 0 0 0 0
          0 0 0 0 0 0 0 0 0 0 0 0
          0 0 0 0 0 0 0 0 0 0 0 0
          0 0 0 0 0 0 0 0 0 0 0 0
          0 0 0 0 0 0 0 0 0 0 0 0
          0 0 0 0 0 0 0 0 0 0 0 0
          0 0 0 0 0 0 0 0 0 0 0 0
          0 0 0 0 0 0 0 0 0 0 0 0
          0 0 0 0 0 0 0 0 0 0 0 0
          0 0 0 0 0 0 0 0 0 0 0 0
          0 0 0 0 0 0 0 0 0 0 0 0
          0 0 0 0 0 0 0 0 0 0 0 0
          0 0 0 0 0 0 0 0 0 0 0 0
          0 0 0 0 0 0 0 0 0 0 0 0
          0 0 0 0 0 0 0 0 0 0 0 0
          0 0 0 0 0 0 0 0 0 0 0 0
          0 0 0 0 0 0 0 0 0 0 0 0
          0 0 0 0 0 0 0 0 0 0 0 0
          0 0 0 0 0 0 0 0 0 0 0 0
          0 0 0 0 0 0 0 0 0 0 0 0
          0 0 0 0 0 0 0 0 0 0 0 0
          0 0 0 0 0 0 0 0 0 0 0 0
          0 0 0 0 0 0 0 0 0 0 0 0
          0 0 0 0 0 0 0 0 0 0 0 0
          0 0 0 0 0 0 0 0 0 0 0 0
          0 0 0 0 0 0 0 0 0 0 0 0
          0 0 0 0 0 0 0 0 0 0 0 0
          0 0 0 0 0 0 0 0 0 0 0 0
          0 0 0 0 0 0 0 0 0 0 0 0
          0 0 0 0 0 0 0 0 0 0 0 0
          0 0 0 0 0 0 0 0 0 0 0 0
          0 0 0 0 0 0 0 0 0 0 0 0
          0 0 0 0 0 0 0 0 0 0 0 0
          0 0 0 0 0 0 0 0 0 0 0 0
          0 0 0 0 0 0 0 0 0 0 0 0
          0 0 0 0 0 0 0 0 0 0 0 0
          0 0 0 0 0 0 0 0 0 0 0 0
          0 0 0 0 0 0 0 0 0 0 0 0
          0 0 0 0 0 0 0 0 0 0 0 0
          0 0 0 0 0 0 0 0 0 0 0 0
          0 0 0 0 0 0 0 0 0 0 0 0
          0 0 0 0 0 0 0 0 0 0 0 0
          0 0 0 0 0 0 0 0 0 0 0 0
          0 0 0 0 0 0 0 0 0 0 0 0
          0 0 0 0 0 0 0 0 0 0 0 0
          0 0 0 0 0 0 0 0 0 0 0 0
          0 0 0 0 0 0 0 0 0 0 0 0
          0 0 0 0 0 0 0 0 0 0 0 0
          0 0 0 0 0 0 0 0 0 0 0 0
          0 0 0 0 0 0 0 0 0 0 0 0
          0 0 0 0 0 0 0 0 0 0 0 0
          0 0 0 0 0 0 0 0 0 0 0 0
          0 0 0 0 0 0 0 0 0 0 0 0
          0 0 0 0 0 0 0 0 0 0 0 0
          0 0 0 0 0 0 0 0 0 0 0 0
          0 0 0 0 0 0 0 0 0 0 0 0
          0 0 0 0 0 0 0 0 0 0 0 0
          0 0 0 0 0 0 0 0 0 0 0 0
          0 0 0 0 0 0 0 0 0 0 0 0
          0 0 0 0 0 0 0 0 0 0 0 0
          0 0 0 0 0 0 0 0 0 0 0 0
          0 0 0 0 0 0 0 0 0 0 0 0
          0 0 0 0 0 0 0 0 0 0 0 0
          0 0 0 0 0 0 0 0 0 0 0 0
          0 0 0 0 0 0 0 0 0 0 0 0
          0 0 0 0 0 0 0 0 0 0 0 0
          0 0 0 0 0 0 0 0 0 0 0 0
          0 0 0 0 0 0 0 0 0 0 0 0
          0 0 0 0 0 0 0 0 0 0 0 0
          0 0 0 0 0 0 0 0 0 0 0 0
          0 0 0 0 0 0 0 0 0 0 0 0
          0 0 0 0 0 0 0 0 0 0 0 0
          0 0 0 0 0 0 0 0 0 0 0 0
          0 0 0 0 0 0 0 0 0 0 0 0
          0 0 0 0 0 0 0 0 0 0 0 0
          0 0 0 0 0 0 0 0 0 0 0 0
          0 0 0 0 0 0 0 0 0 0 0 0
          0 0 0 0 0 0 0 0 0 0 0 0
          0 0 0 0 0 0 0 0 0 0 0 0
          0 0 0 0 0 0 0 0 0 0 0 0
          0 0 0 0 0 0 0 0 0 0 0 0
          0 0 0 0 0 0 0 0 0 0 0 0
          0 0 0 0 0 0 0 0 0 0 0 0
          0 0 0 0 0 0 0 0 0 0 0 0
          0 0 0 0 0 0 0 0 0 0 0 0
          0 0 0 0 0 0 0 0 0 0 0 0
          0 0 0 0 0 0 0 0 0 0 0 0
          0 0 0 0 0 0 0 0 0 0 0 0
          0 0 0 0 0 0 0 0 0 0 0 0
          0 0 0 0 0 0 0 0 0 0 0 0
          0 0 0 0 0 0 0 0 0 0 0 0
          0 0 0 0 0 0 0 0 0 0 0 0
          0 0 0 0 0 0 0 0 0 0 0 0
          0 0 0 0 0 0 0 0 0 0 0 0
          0 0 0 0 0 0 0 0 0 0 0 0
          0 0 0 0 0 0 0 0 0 0 0 0
          0 0 0 0 0 0 0 0 0 0 0 0
          0 0 0 0 0 0 0 0 0 0 0 0
          0 0 0 0 0 0 0 0 0 0 0 0
          0 0 0 0 0 0 0 0 0 0 0 0
          0 0 0 0 0 0 0 0 0 0 0 0
          0 0 0 0 0 0 0 0 0 0 0 0
          0 0 0 0 0 0 0 0 0 0 0 0
          0 0 0 0 0 0 0 0 0 0 0 0
          0 0 0 0 0 0 0 0 0 0 0 0
          0 0 0 0 0 0 0 0 0 0 0 0
          0 0 0 0 0 0 0 0 0 0 0 0
          0 0 0 0 0 0 0 0 0 0 0 0
          0 0 0 0 0 0 0 0 0 0 0 0
          0 0 0 0 0 0 0 0 0 0 0 0
          0 0 0 0 0 0 0 0 0 0 0 0
          0 0 0 0 0 0 0 0 0 0 0 0
          0 0 0 0 0 0 0 0 0 0 0 0
          0 0 0 0 0 0 0 0 0 0 0 0
          0 0 0 0 0 0 0 0 0 0 0 0
          0 0 0 0 0 0 0 0 0 0 0 0
          0 0 0 0 0 0 0 0 0 0 0 0
          0 0 0 0 0 0 0 0 0 0 0 0
          0 0 0 0 0 0 0 0 0 0 0 0
          0 0 0 0 0 0 0 0 0 0 0 0
          0 0 0 0 0 0 0 0 0 0 0 0
          0 0 0 0 0 0 0 0 0 0 0 0
          0 0 0 0 0 0 0 0 0 0 0 0
          0 0 0 0 0 0 0 0 0 0 0 0
          0 0 0 0 0 0 0 0 0 0 0 0
          0 0 0 0 0 0 0 0 0 0 0 0
          0 0 0 0 0 0 0 0 0 0 0 0
          0 0 0 0 0 0 0 0 0 0 0 0
          0 0 0 0 0 0 0 0 0 0 0 0
          0 0 0 0 0 0 0 0 0 0 0 0
          0 0 0 0 0 0 0 0 0 0 0 0
          0 0 0 0 0 0 0 0 0 0 0 0
          0 0 0 0 0 0 0 0 0 0 0 0
          0 0 0 0 0 0 0 0 0 0 0 0
          0 0 0 0 0 0 0 0 0 0 0 0
          0 0 0 0 0 0 0 0 0 0 0 0
          0 0 0 0 0 0 0 0 0 0 0 0
          0 0 0 0 0 0 0 0 0 0 0 0
          0 0 0 0 0 0 0 0 0 0 0 0
          0 0 0 0 0 0 0 0 0 0 0 0
          0 0 0 0 0 0 0 0 0 0 0 0
          0 0 0 0 0 0 0 0 0 0 0 0
          0 0 0 0 0 0 0 0 0 0 0 0
          0 0 0 0 0 0 0 0 0 0 0 0
          0 0 0 0 0 0 0 0 0 0 0 0
          0 0 0 0 0 0 0 0 0 0 0 0
          0 0 0 0 0 0 0 0 0 0 0 0
          0 0 0 0 0 0 0 0 0 0 0 0
          0 0 0 0 0 0 0 0 0 0 0 0
          0 0 0 0 0 0 0 0 0 0 0 0
          0 0 0 0 0 0 0 0 0 0 0 0
          0 0 0 0 0 0 0 0 0 0 0 0
          0 0 0 0 0 0 0 0 0 0 0 0
          0 0 0 0 0 0 0 0 0 0 0 0
          0 0 0 0 0 0 0 0 0 0 0 0
          0 0 0 0 0 0 0 0 0 0 0 0
          0 0 0 0 0 0 0 0 0 0 0 0
          0 0 0 0 0 0 0 0 0 0 0 0
          0 0 0 0 0 0 0 0 0 0 0 0
          0 0 0 0 0 0 0 0 0 0 0 0
          0 0 0 0 0 0 0 0 0 0 0 0
          0 0 0 0 0 0 0 0 0 0 0 0
          0 0 0 0 0 0 0 0 0 0 0 0
          0 0 0 0 0 0 0 0 0 0 0 0
          0 0 0 0 0 0 0 0 0 0 0 0
          0 0 0 0 0 0 0 0 0 0 0 0
          0 0 0 0 0 0 0 0 0 0 0 0
          0 0 0 0 0 0 0 0 0 0 0 0
          0 0 0 0 0 0 0 0 0 0 0 0
          0 0 0 0 0 0 0 0 0 0 0 0
          0 0 0 0 0 0 0 0 0 0 0 0
          0 0 0 0
        </DataArray>
        <DataArray type="Float32" Name="rhoMolar_liq" NumberOfComponents="1" format="ascii">
          55555.6 55555.6 55555.6 55555.6 55555.6 55555.6 55555.6 55555.6 55555.6 55555.6 55555.6 55555.6
          55555.6 55555.6 55555.6 55555.6 55555.6 55555.6 55555.6 55555.6 55555.6 55555.6 55555.6 55555.6
          55555.6 55555.6 55555.6 55555.6 55555.6 55555.6 55555.6 55555.6 55555.6 55555.6 55555.6 55555.6
          55555.6 55555.6 55555.6 55555.6 55555.6 55555.6 55555.6 55555.6 55555.6 55555.6 55555.6 55555.6
          55555.6 55555.6 55555.6 55555.6 55555.6 55555.6 55555.6 55555.6 55555.6 55555.6 55555.6 55555.6
          55555.6 55555.6 55555.6 55555.6 55555.6 55555.6 55555.6 55555.6 55555.6 55555.6 55555.6 55555.6
          55555.6 55555.6 55555.6 55555.6 55555.6 55555.6 55555.6 55555.6 55555.6 55555.6 55555.6 55555.6
          55555.6 55555.6 55555.6 55555.6 55555.6 55555.6 55555.6 55555.6 55555.6 55555.6 55555.6 55555.6
          55555.6 55555.6 55555.6 55555.6 55555.6 55555.6 55555.6 55555.6 55555.6 55555.6 55555.6 55555.6
          55555.6 55555.6 55555.6 55555.6 55555.6 55555.6 55555.6 55555.6 55555.6 55555.6 55555.6 55555.6
          55555.6 55555.6 55555.6 55555.6 55555.6 55555.6 55555.6 55555.6 55555.6 55555.6 55555.6 55555.6
          55555.6 55555.6 55555.6 55555.6 55555.6 55555.6 55555.6 55555.6 55555.6 55555.6 55555.6 55555.6
          55555.6 55555.6 55555.6 55555.6 55555.6 55555.6 55555.6 55555.6 55555.6 55555.6 55555.6 55555.6
          55555.6 55555.6 55555.6 55555.6 55555.6 55555.6 55555.6 55555.6 55555.6 55555.6 55555.6 55555.6
          55555.6 55555.6 55555.6 55555.6 55555.6 55555.6 55555.6 55555.6 55555.6 55555.6 55555.6 55555.6
          55555.6 55555.6 55555.6 55555.6 55555.6 55555.6 55555.6 55555.6 55555.6 55555.6 55555.6 55555.6
          55555.6 55555.6 55555.6 55555.6 55555.6 55555.6 55555.6 55555.6 55555.6 55555.6 55555.6 55555.6
          55555.6 55555.6 55555.6 55555.6 55555.6 55555.6 55555.6 55555.6 55555.6 55555.6 55555.6 55555.6
          55555.6 55555.6 55555.6 55555.6 55555.6 55555.6 55555.6 55555.6 55555.6 55555.6 55555.6 55555.6
          55555.6 55555.6 55555.6 55555.6 55555.6 55555.6 55555.6 55555.6 55555.6 55555.6 55555.6 55555.6
          55555.6 55555.6 55555.6 55555.6 55555.6 55555.6 55555.6 55555.6 55555.6 55555.6 55555.6 55555.6
          55555.6 55555.6 55555.6 55555.6 55555.6 55555.6 55555.6 55555.6 55555.6 55555.6 55555.6 55555.6
          55555.6 55555.6 55555.6 55555.6 55555.6 55555.6 55555.6 55555.6 55555.6 55555.6 55555.6 55555.6
          55555.6 55555.6 55555.6 55555.6 55555.6 55555.6 55555.6 55555.6 55555.6 55555.6 55555.6 55555.6
          55555.6 55555.6 55555.6 55555.6 55555.6 55555.6 55555.6 55555.6 55555.6 55555.6 55555.6 55555.6
          55555.6 55555.6 55555.6 55555.6 55555.6 55555.6 55555.6 55555.6 55555.6 55555.6 55555.6 55555.6
          55555.6 55555.6 55555.6 55555.6 55555.6 55555.6 55555.6 55555.6 55555.6 55555.6 55555.6 55555.6
          55555.6 55555.6 55555.6 55555.6 55555.6 55555.6 55555.6 55555.6 55555.6 55555.6 55555.6 55555.6
          55555.6 55555.6 55555.6 55555.6 55555.6 55555.6 55555.6 55555.6 55555.6 55555.6 55555.6 55555.6
          55555.6 55555.6 55555.6 55555.6 55555.6 55555.6 55555.6 55555.6 55555.6 55555.6 55555.6 55555.6
          55555.6 55555.6 55555.6 55555.6 55555.6 55555.6 55555.6 55555.6 55555.6 55555.6 55555.6 55555.6
          55555.6 55555.6 55555.6 55555.6 55555.6 55555.6 55555.6 55555.6 55555.6 55555.6 55555.6 55555.6
          55555.6 55555.6 55555.6 55555.6 55555.6 55555.6 55555.6 55555.6 55555.6 55555.6 55555.6 55555.6
          55555.6 55555.6 55555.6 55555.6 55555.6 55555.6 55555.6 55555.6 55555.6 55555.6 55555.6 55555.6
          55555.6 55555.6 55555.6 55555.6 55555.6 55555.6 55555.6 55555.6 55555.6 55555.6 55555.6 55555.6
          55555.6 55555.6 55555.6 55555.6 55555.6 55555.6 55555.6 55555.6 55555.6 55555.6 55555.6 55555.6
          55555.6 55555.6 55555.6 55555.6 55555.6 55555.6 55555.6 55555.6 55555.6 55555.6 55555.6 55555.6
          55555.6 55555.6 55555.6 55555.6 55555.6 55555.6 55555.6 55555.6 55555.6 55555.6 55555.6 55555.6
          55555.6 55555.6 55555.6 55555.6 55555.6 55555.6 55555.6 55555.6 55555.6 55555.6 55555.6 55555.6
          55555.6 55555.6 55555.6 55555.6 55555.6 55555.6 55555.6 55555.6 55555.6 55555.6 55555.6 55555.6
          55555.6 55555.6 55555.6 55555.6 55555.6 55555.6 55555.6 55555.6 55555.6 55555.6 55555.6 55555.6
          55555.6 55555.6 55555.6 55555.6 55555.6 55555.6 55555.6 55555.6 55555.6 55555.6 55555.6 55555.6
          55555.6 55555.6 55555.6 55555.6 55555.6 55555.6 55555.6 55555.6 55555.6 55555.6 55555.6 55555.6
          55555.6 55555.6 55555.6 55555.6 55555.6 55555.6 55555.6 55555.6 55555.6 55555.6 55555.6 55555.6
          55555.6 55555.6 55555.6 55555.6 55555.6 55555.6 55555.6 55555.6 55555.6 55555.6 55555.6 55555.6
          55555.6 55555.6 55555.6 55555.6 55555.6 55555.6 55555.6 55555.6 55555.6 55555.6 55555.6 55555.6
          55555.6 55555.6 55555.6 55555.6 55555.6 55555.6 55555.6 55555.6 55555.6 55555.6 55555.6 55555.6
          55555.6 55555.6 55555.6 55555.6 55555.6 55555.6 55555.6 55555.6 55555.6 55555.6 55555.6 55555.6
          55555.6 55555.6 55555.6 55555.6 55555.6 55555.6 55555.6 55555.6 55555.6 55555.6 55555.6 55555.6
          55555.6 55555.6 55555.6 55555.6 55555.6 55555.6 55555.6 55555.6 55555.6 55555.6 55555.6 55555.6
          55555.6 55555.6 55555.6 55555.6 55555.6 55555.6 55555.6 55555.6 55555.6 55555.6 55555.6 55555.6
          55555.6 55555.6 55555.6 55555.6 55555.6 55555.6 55555.6 55555.6 55555.6 55555.6 55555.6 55555.6
          55555.6 55555.6 55555.6 55555.6 55555.6 55555.6 55555.6 55555.6 55555.6 55555.6 55555.6 55555.6
          55555.6 55555.6 55555.6 55555.6 55555.6 55555.6 55555.6 55555.6 55555.6 55555.6 55555.6 55555.6
          55555.6 55555.6 55555.6 55555.6 55555.6 55555.6 55555.6 55555.6 55555.6 55555.6 55555.6 55555.6
          55555.6 55555.6 55555.6 55555.6 55555.6 55555.6 55555.6 55555.6 55555.6 55555.6 55555.6 55555.6
          55555.6 55555.6 55555.6 55555.6 55555.6 55555.6 55555.6 55555.6 55555.6 55555.6 55555.6 55555.6
          55555.6 55555.6 55555.6 55555.6 55555.6 55555.6 55555.6 55555.6 55555.6 55555.6 55555.6 55555.6
          55555.6 55555.6 55555.6 55555.6 55555.6 55555.6 55555.6 55555.6 55555.6 55555.6 55555.6 55555.6
          55555.6 55555.6 55555.6 55555.6 55555.6 55555.6 55555.6 55555.6 55555.6 55555.6 55555.6 55555.6
          55555.6 55555.6 55555.6 55555.6 55555.6 55555.6 55555.6 55555.6 55555.6 55555.6 55555.6 55555.6
          55555.6 55555.6 55555.6 55555.6 55555.6 55555.6 55555.6 55555.6 55555.6 55555.6 55555.6 55555.6
          55555.6 55555.6 55555.6 55555.6 55555.6 55555.6 55555.6 55555.6 55555.6 55555.6 55555.6 55555.6
          55555.6 55555.6 55555.6 55555.6 55555.6 55555.6 55555.6 55555.6 55555.6 55555.6 55555.6 55555.6
          55555.6 55555.6 55555.6 55555.6 55555.6 55555.6 55555.6 55555.6 55555.6 55555.6 55555.6 55555.6
          55555.6 55555.6 55555.6 55555.6 55555.6 55555.6 55555.6 55555.6 55555.6 55555.6 55555.6 55555.6
          55555.6 55555.6 55555.6 55555.6 55555.6 55555.6 55555.6 55555.6 55555.6 55555.6 55555.6 55555.6
          55555.6 55555.6 55555.6 55555.6 55555.6 55555.6 55555.6 55555.6 55555.6 55555.6 55555.6 55555.6
          55555.6 55555.6 55555.6 55555.6 55555.6 55555.6 55555.6 55555.6 55555.6 55555.6 55555.6 55555.6
          55555.6 55555.6 55555.6 55555.6 55555.6 55555.6 55555.6 55555.6 55555.6 55555.6 55555.6 55555.6
          55555.6 55555.6 55555.6 55555.6 55555.6 55555.6 55555.6 55555.6 55555.6 55555.6 55555.6 55555.6
          55555.6 55555.6 55555.6 55555.6 55555.6 55555.6 55555.6 55555.6 55555.6 55555.6 55555.6 55555.6
          55555.6 55555.6 55555.6 55555.6 55555.6 55555.6 55555.6 55555.6 55555.6 55555.6 55555.6 55555.6
          55555.6 55555.6 55555.6 55555.6 55555.6 55555.6 55555.6 55555.6 55555.6 55555.6 55555.6 55555.6
          55555.6 55555.6 55555.6 55555.6 55555.6 55555.6 55555.6 55555.6 55555.6 55555.6 55555.6 55555.6
          55555.6 55555.6 55555.6 55555.6 55555.6 55555.6 55555.6 55555.6 55555.6 55555.6 55555.6 55555.6
          55555.6 55555.6 55555.6 55555.6 55555.6 55555.6 55555.6 55555.6 55555.6 55555.6 55555.6 55555.6
          55555.6 55555.6 55555.6 55555.6 55555.6 55555.6 55555.6 55555.6 55555.6 55555.6 55555.6 55555.6
          55555.6 55555.6 55555.6 55555.6 55555.6 55555.6 55555.6 55555.6 55555.6 55555.6 55555.6 55555.6
          55555.6 55555.6 55555.6 55555.6 55555.6 55555.6 55555.6 55555.6 55555.6 55555.6 55555.6 55555.6
          55555.6 55555.6 55555.6 55555.6 55555.6 55555.6 55555.6 55555.6 55555.6 55555.6 55555.6 55555.6
          55555.6 55555.6 55555.6 55555.6 55555.6 55555.6 55555.6 55555.6 55555.6 55555.6 55555.6 55555.6
          55555.6 55555.6 55555.6 55555.6 55555.6 55555.6 55555.6 55555.6 55555.6 55555.6 55555.6 55555.6
          55555.6 55555.6 55555.6 55555.6 55555.6 55555.6 55555.6 55555.6 55555.6 55555.6 55555.6 55555.6
          55555.6 55555.6 55555.6 55555.6 55555.6 55555.6 55555.6 55555.6 55555.6 55555.6 55555.6 55555.6
          55555.6 55555.6 55555.6 55555.6 55555.6 55555.6 55555.6 55555.6 55555.6 55555.6 55555.6 55555.6
          55555.6 55555.6 55555.6 55555.6 55555.6 55555.6 55555.6 55555.6 55555.6 55555.6 55555.6 55555.6
          55555.6 55555.6 55555.6 55555.6 55555.6 55555.6 55555.6 55555.6 55555.6 55555.6 55555.6 55555.6
          55555.6 55555.6 55555.6 55555.6 55555.6 55555.6 55555.6 55555.6 55555.6 55555.6 55555.6 55555.6
          55555.6 55555.6 55555.6 55555.6 55555.6 55555.6 55555.6 55555.6 55555.6 55555.6 55555.6 55555.6
          55555.6 55555.6 55555.6 55555.6 55555.6 55555.6 55555.6 55555.6 55555.6 55555.6 55555.6 55555.6
          55555.6 55555.6 55555.6 55555.6 55555.6 55555.6 55555.6 55555.6 55555.6 55555.6 55555.6 55555.6
          55555.6 55555.6 55555.6 55555.6 55555.6 55555.6 55555.6 55555.6 55555.6 55555.6 55555.6 55555.6
          55555.6 55555.6 55555.6 55555.6 55555.6 55555.6 55555.6 55555.6 55555.6 55555.6 55555.6 55555.6
          55555.6 55555.6 55555.6 55555.6 55555.6 55555.6 55555.6 55555.6 55555.6 55555.6 55555.6 55555.6
          55555.6 55555.6 55555.6 55555.6 55555.6 55555.6 55555.6 55555.6 55555.6 55555.6 55555.6 55555.6
          55555.6 55555.6 55555.6 55555.6 55555.6 55555.6 55555.6 55555.6 55555.6 55555.6 55555.6 55555.6
          55555.6 55555.6 55555.6 55555.6 55555.6 55555.6 55555.6 55555.6 55555.6 55555.6 55555.6 55555.6
          55555.6 55555.6 55555.6 55555.6 55555.6 55555.6 55555.6 55555.6 55555.6 55555.6 55555.6 55555.6
          55555.6 55555.6 55555.6 55555.6 55555.6 55555.6 55555.6 55555.6 55555.6 55555.6 55555.6 55555.6
          55555.6 55555.6 55555.6 55555.6 55555.6 55555.6 55555.6 55555.6 55555.6 55555.6 55555.6 55555.6
          55555.6 55555.6 55555.6 55555.6 55555.6 55555.6 55555.6 55555.6 55555.6 55555.6 55555.6 55555.6
          55555.6 55555.6 55555.6 55555.6 55555.6 55555.6 55555.6 55555.6 55555.6 55555.6 55555.6 55555.6
          55555.6 55555.6 55555.6 55555.6 55555.6 55555.6 55555.6 55555.6 55555.6 55555.6 55555.6 55555.6
          55555.6 55555.6 55555.6 55555.6 55555.6 55555.6 55555.6 55555.6 55555.6 55555.6 55555.6 55555.6
          55555.6 55555.6 55555.6 55555.6 55555.6 55555.6 55555.6 55555.6 55555.6 55555.6 55555.6 55555.6
          55555.6 55555.6 55555.6 55555.6 55555.6 55555.6 55555.6 55555.6 55555.6 55555.6 55555.6 55555.6
          55555.6 55555.6 55555.6 55555.6 55555.6 55555.6 55555.6 55555.6 55555.6 55555.6 55555.6 55555.6
          55555.6 55555.6 55555.6 55555.6 55555.6 55555.6 55555.6 55555.6 55555.6 55555.6 55555.6 55555.6
          55555.6 55555.6 55555.6 55555.6 55555.6 55555.6 55555.6 55555.6 55555.6 55555.6 55555.6 55555.6
          55555.6 55555.6 55555.6 55555.6 55555.6 55555.6 55555.6 55555.6 55555.6 55555.6 55555.6 55555.6
          55555.6 55555.6 55555.6 55555.6 55555.6 55555.6 55555.6 55555.6 55555.6 55555.6 55555.6 55555.6
          55555.6 55555.6 55555.6 55555.6 55555.6 55555.6 55555.6 55555.6 55555.6 55555.6 55555.6 55555.6
          55555.6 55555.6 55555.6 55555.6 55555.6 55555.6 55555.6 55555.6 55555.6 55555.6 55555.6 55555.6
          55555.6 55555.6 55555.6 55555.6 55555.6 55555.6 55555.6 55555.6 55555.6 55555.6 55555.6 55555.6
          55555.6 55555.6 55555.6 55555.6 55555.6 55555.6 55555.6 55555.6 55555.6 55555.6 55555.6 55555.6
          55555.6 55555.6 55555.6 55555.6 55555.6 55555.6 55555.6 55555.6 55555.6 55555.6 55555.6 55555.6
          55555.6 55555.6 55555.6 55555.6 55555.6 55555.6 55555.6 55555.6 55555.6 55555.6 55555.6 55555.6
          55555.6 55555.6 55555.6 55555.6 55555.6 55555.6 55555.6 55555.6 55555.6 55555.6 55555.6 55555.6
          55555.6 55555.6 55555.6 55555.6 55555.6 55555.6 55555.6 55555.6 55555.6 55555.6 55555.6 55555.6
          55555.6 55555.6 55555.6 55555.6 55555.6 55555.6 55555.6 55555.6 55555.6 55555.6 55555.6 55555.6
          55555.6 55555.6 55555.6 55555.6 55555.6 55555.6 55555.6 55555.6 55555.6 55555.6 55555.6 55555.6
          55555.6 55555.6 55555.6 55555.6 55555.6 55555.6 55555.6 55555.6 55555.6 55555.6 55555.6 55555.6
          55555.6 55555.6 55555.6 55555.6 55555.6 55555.6 55555.6 55555.6 55555.6 55555.6 55555.6 55555.6
          55555.6 55555.6 55555.6 55555.6 55555.6 55555.6 55555.6 55555.6 55555.6 55555.6 55555.6 55555.6
          55555.6 55555.6 55555.6 55555.6 55555.6 55555.6 55555.6 55555.6 55555.6 55555.6 55555.6 55555.6
          55555.6 55555.6 55555.6 55555.6 55555.6 55555.6 55555.6 55555.6 55555.6 55555.6 55555.6 55555.6
          55555.6 55555.6 55555.6 55555.6 55555.6 55555.6 55555.6 55555.6 55555.6 55555.6 55555.6 55555.6
          55555.6 55555.6 55555.6 55555.6 55555.6 55555.6 55555.6 55555.6 55555.6 55555.6 55555.6 55555.6
          55555.6 55555.6 55555.6 55555.6 55555.6 55555.6 55555.6 55555.6 55555.6 55555.6 55555.6 55555.6
          55555.6 55555.6 55555.6 55555.6 55555.6 55555.6 55555.6 55555.6 55555.6 55555.6 55555.6 55555.6
          55555.6 55555.6 55555.6 55555.6 55555.6 55555.6 55555.6 55555.6 55555.6 55555.6 55555.6 55555.6
          55555.6 55555.6 55555.6 55555.6 55555.6 55555.6 55555.6 55555.6 55555.6 55555.6 55555.6 55555.6
          55555.6 55555.6 55555.6 55555.6 55555.6 55555.6 55555.6 55555.6 55555.6 55555.6 55555.6 55555.6
          55555.6 55555.6 55555.6 55555.6 55555.6 55555.6 55555.6 55555.6 55555.6 55555.6 55555.6 55555.6
          55555.6 55555.6 55555.6 55555.6 55555.6 55555.6 55555.6 55555.6 55555.6 55555.6 55555.6 55555.6
          55555.6 55555.6 55555.6 55555.6 55555.6 55555.6 55555.6 55555.6 55555.6 55555.6 55555.6 55555.6
          55555.6 55555.6 55555.6 55555.6 55555.6 55555.6 55555.6 55555.6 55555.6 55555.6 55555.6 55555.6
          55555.6 55555.6 55555.6 55555.6 55555.6 55555.6 55555.6 55555.6 55555.6 55555.6 55555.6 55555.6
          55555.6 55555.6 55555.6 55555.6 55555.6 55555.6 55555.6 55555.6 55555.6 55555.6 55555.6 55555.6
          55555.6 55555.6 55555.6 55555.6 55555.6 55555.6 55555.6 55555.6 55555.6 55555.6 55555.6 55555.6
          55555.6 55555.6 55555.6 55555.6 55555.6 55555.6 55555.6 55555.6 55555.6 55555.6 55555.6 55555.6
          55555.6 55555.6 55555.6 55555.6 55555.6 55555.6 55555.6 55555.6 55555.6 55555.6 55555.6 55555.6
          55555.6 55555.6 55555.6 55555.6 55555.6 55555.6 55555.6 55555.6 55555.6 55555.6 55555.6 55555.6
          55555.6 55555.6 55555.6 55555.6 55555.6 55555.6 55555.6 55555.6 55555.6 55555.6 55555.6 55555.6
          55555.6 55555.6 55555.6 55555.6 55555.6 55555.6 55555.6 55555.6 55555.6 55555.6 55555.6 55555.6
          55555.6 55555.6 55555.6 55555.6 55555.6 55555.6 55555.6 55555.6 55555.6 55555.6 55555.6 55555.6
          55555.6 55555.6 55555.6 55555.6 55555.6 55555.6 55555.6 55555.6 55555.6 55555.6 55555.6 55555.6
          55555.6 55555.6 55555.6 55555.6 55555.6 55555.6 55555.6 55555.6 55555.6 55555.6 55555.6 55555.6
          55555.6 55555.6 55555.6 55555.6 55555.6 55555.6 55555.6 55555.6 55555.6 55555.6 55555.6 55555.6
          55555.6 55555.6 55555.6 55555.6 55555.6 55555.6 55555.6 55555.6 55555.6 55555.6 55555.6 55555.6
          55555.6 55555.6 55555.6 55555.6 55555.6 55555.6 55555.6 55555.6 55555.6 55555.6 55555.6 55555.6
          55555.6 55555.6 55555.6 55555.6 55555.6 55555.6 55555.6 55555.6 55555.6 55555.6 55555.6 55555.6
          55555.6 55555.6 55555.6 55555.6 55555.6 55555.6 55555.6 55555.6 55555.6 55555.6 55555.6 55555.6
          55555.6 55555.6 55555.6 55555.6 55555.6 55555.6 55555.6 55555.6 55555.6 55555.6 55555.6 55555.6
          55555.6 55555.6 55555.6 55555.6 55555.6 55555.6 55555.6 55555.6 55555.6 55555.6 55555.6 55555.6
          55555.6 55555.6 55555.6 55555.6 55555.6 55555.6 55555.6 55555.6 55555.6 55555.6 55555.6 55555.6
          55555.6 55555.6 55555.6 55555.6 55555.6 55555.6 55555.6 55555.6 55555.6 55555.6 55555.6 55555.6
          55555.6 55555.6 55555.6 55555.6 55555.6 55555.6 55555.6 55555.6 55555.6 55555.6 55555.6 55555.6
          55555.6 55555.6 55555.6 55555.6 55555.6 55555.6 55555.6 55555.6 55555.6 55555.6 55555.6 55555.6
          55555.6 55555.6 55555.6 55555.6 55555.6 55555.6 55555.6 55555.6 55555.6 55555.6 55555.6 55555.6
          55555.6 55555.6 55555.6 55555.6 55555.6 55555.6 55555.6 55555.6 55555.6 55555.6 55555.6 55555.6
          55555.6 55555.6 55555.6 55555.6 55555.6 55555.6 55555.6 55555.6 55555.6 55555.6 55555.6 55555.6
          55555.6 55555.6 55555.6 55555.6 55555.6 55555.6 55555.6 55555.6 55555.6 55555.6 55555.6 55555.6
          55555.6 55555.6 55555.6 55555.6 55555.6 55555.6 55555.6 55555.6 55555.6 55555.6 55555.6 55555.6
          55555.6 55555.6 55555.6 55555.6 55555.6 55555.6 55555.6 55555.6 55555.6 55555.6 55555.6 55555.6
          55555.6 55555.6 55555.6 55555.6 55555.6 55555.6 55555.6 55555.6 55555.6 55555.6 55555.6 55555.6
          55555.6 55555.6 55555.6 55555.6 55555.6 55555.6 55555.6 55555.6 55555.6 55555.6 55555.6 55555.6
          55555.6 55555.6 55555.6 55555.6 55555.6 55555.6 55555.6 55555.6 55555.6 55555.6 55555.6 55555.6
          55555.6 55555.6 55555.6 55555.6 55555.6 55555.6 55555.6 55555.6 55555.6 55555.6 55555.6 55555.6
          55555.6 55555.6 55555.6 55555.6 55555.6 55555.6 55555.6 55555.6 55555.6 55555.6 55555.6 55555.6
          55555.6 55555.6 55555.6 55555.6 55555.6 55555.6 55555.6 55555.6 55555.6 55555.6 55555.6 55555.6
          55555.6 55555.6 55555.6 55555.6 55555.6 55555.6 55555.6 55555.6 55555.6 55555.6 55555.6 55555.6
          55555.6 55555.6 55555.6 55555.6 55555.6 55555.6 55555.6 55555.6 55555.6 55555.6 55555.6 55555.6
          55555.6 55555.6 55555.6 55555.6 55555.6 55555.6 55555.6 55555.6 55555.6 55555.6 55555.6 55555.6
          55555.6 55555.6 55555.6 55555.6 55555.6 55555.6 55555.6 55555.6 55555.6 55555.6 55555.6 55555.6
          55555.6 55555.6 55555.6 55555.6 55555.6 55555.6 55555.6 55555.6 55555.6 55555.6 55555.6 55555.6
          55555.6 55555.6 55555.6 55555.6 55555.6 55555.6 55555.6 55555.6 55555.6 55555.6 55555.6 55555.6
          55555.6 55555.6 55555.6 55555.6 55555.6 55555.6 55555.6 55555.6 55555.6 55555.6 55555.6 55555.6
          55555.6 55555.6 55555.6 55555.6 55555.6 55555.6 55555.6 55555.6 55555.6 55555.6 55555.6 55555.6
          55555.6 55555.6 55555.6 55555.6 55555.6 55555.6 55555.6 55555.6 55555.6 55555.6 55555.6 55555.6
          55555.6 55555.6 55555.6 55555.6 55555.6 55555.6 55555.6 55555.6 55555.6 55555.6 55555.6 55555.6
          55555.6 55555.6 55555.6 55555.6 55555.6 55555.6 55555.6 55555.6 55555.6 55555.6 55555.6 55555.6
          55555.6 55555.6 55555.6 55555.6 55555.6 55555.6 55555.6 55555.6 55555.6 55555.6 55555.6 55555.6
          55555.6 55555.6 55555.6 55555.6 55555.6 55555.6 55555.6 55555.6 55555.6 55555.6 55555.6 55555.6
          55555.6 55555.6 55555.6 55555.6 55555.6 55555.6 55555.6 55555.6 55555.6 55555.6 55555.6 55555.6
          55555.6 55555.6 55555.6 55555.6 55555.6 55555.6 55555.6 55555.6 55555.6 55555.6 55555.6 55555.6
          55555.6 55555.6 55555.6 55555.6 55555.6 55555.6 55555.6 55555.6 55555.6 55555.6 55555.6 55555.6
          55555.6 55555.6 55555.6 55555.6 55555.6 55555.6 55555.6 55555.6 55555.6 55555.6 55555.6 55555.6
          55555.6 55555.6 55555.6 55555.6 55555.6 55555.6 55555.6 55555.6 55555.6 55555.6 55555.6 55555.6
          55555.6 55555.6 55555.6 55555.6 55555.6 55555.6 55555.6 55555.6 55555.6 55555.6 55555.6 55555.6
          55555.6 55555.6 55555.6 55555.6 55555.6 55555.6 55555.6 55555.6 55555.6 55555.6 55555.6 55555.6
          55555.6 55555.6 55555.6 55555.6 55555.6 55555.6 55555.6 55555.6 55555.6 55555.6 55555.6 55555.6
          55555.6 55555.6 55555.6 55555.6 55555.6 55555.6 55555.6 55555.6 55555.6 55555.6 55555.6 55555.6
          55555.6 55555.6 55555.6 55555.6 55555.6 55555.6 55555.6 55555.6 55555.6 55555.6 55555.6 55555.6
          55555.6 55555.6 55555.6 55555.6 55555.6 55555.6 55555.6 55555.6 55555.6 55555.6 55555.6 55555.6
          55555.6 55555.6 55555.6 55555.6
        </DataArray>
        <DataArray type="Float32" Name="x^SimpleH2O_gas" NumberOfComponents="1" format="ascii">
          5.11197e-06 5.11023e-06 5.08833e-06 5.08661e-06 5.10848e-06 5.08487e-06 5.10671e-06 5.08311e-06 5.10493e-06 5.08133e-06 5.10312e-06 5.07953e-06
          5.10129e-06 5.07771e-06 5.09945e-06 5.07587e-06 5.09758e-06 5.07401e-06 5.0957e-06 5.07214e-06 5.09379e-06 5.07024e-06 5.09187e-06 5.06833e-06
          5.08993e-06 5.0664e-06 5.08797e-06 5.06445e-06 5.08599e-06 5.06248e-06 5.08399e-06 5.06049e-06 5.08197e-06 5.05848e-06 5.07994e-06 5.05646e-06
          5.07789e-06 5.05441e-06 5.07582e-06 5.05235e-06 5.07373e-06 5.05027e-06 5.07162e-06 5.04818e-06 5.0695e-06 5.04606e-06 5.06736e-06 5.04393e-06
          5.0652e-06 5.04178e-06 5.06302e-06 5.03962e-06 5.06083e-06 5.03744e-06 5.05862e-06 5.03524e-06 5.0564e-06 5.03302e-06 5.05416e-06 5.03079e-06
          5.0519e-06 5.02854e-06 5.04963e-06 5.02628e-06 5.04734e-06 5.02401e-06 5.04504e-06 5.02171e-06 5.04272e-06 5.01941e-06 5.04039e-06 5.01709e-06
          5.03804e-06 5.01475e-06 5.03569e-06 5.0124e-06 5.03331e-06 5.01004e-06 5.03093e-06 5.00767e-06 5.02853e-06 5.00528e-06 5.02612e-06 5.00288e-06
          5.0237e-06 5.00047e-06 5.02126e-06 4.99805e-06 5.01882e-06 4.99561e-06 5.01636e-06 4.99317e-06 5.01389e-06 4.99071e-06 5.01142e-06 4.98824e-06
          5.00893e-06 4.98577e-06 5.00643e-06 4.98328e-06 5.00393e-06 4.98079e-06 5.00141e-06 4.97829e-06 4.99889e-06 4.97577e-06 4.99636e-06 4.97326e-06
          4.99382e-06 4.97073e-06 4.99128e-06 4.9682e-06 4.98873e-06 4.96566e-06 4.98617e-06 4.96311e-06 4.98361e-06 4.96056e-06 4.98104e-06 4.95801e-06
          4.97847e-06 4.95545e-06 4.9759e-06 4.95288e-06 4.97332e-06 4.95031e-06 4.97073e-06 4.94774e-06 4.96815e-06 4.94517e-06 4.96556e-06 4.94259e-06
          4.96297e-06 4.94001e-06 4.96038e-06 4.93743e-06 4.95778e-06 4.93485e-06 4.95519e-06 4.93227e-06 4.9526e-06 4.92969e-06 4.95001e-06 4.9271e-06
          4.94741e-06 4.92452e-06 4.94482e-06 4.92194e-06 4.94223e-06 4.91936e-06 4.93964e-06 4.91679e-06 5.06496e-06 5.06325e-06 5.06152e-06 5.05976e-06
          5.05799e-06 5.0562e-06 5.05439e-06 5.05256e-06 5.05071e-06 5.04885e-06 5.04696e-06 5.04506e-06 5.04313e-06 5.04119e-06 5.03923e-06 5.03725e-06
          5.03525e-06 5.03323e-06 5.0312e-06 5.02915e-06 5.02708e-06 5.02499e-06 5.02288e-06 5.02076e-06 5.01862e-06 5.01647e-06 5.01429e-06 5.0121e-06
          5.0099e-06 5.00768e-06 5.00544e-06 5.00319e-06 5.00092e-06 4.99864e-06 4.99634e-06 4.99403e-06 4.9917e-06 4.98936e-06 4.98701e-06 4.98464e-06
          4.98227e-06 4.97988e-06 4.97747e-06 4.97506e-06 4.97263e-06 4.9702e-06 4.96775e-06 4.96529e-06 4.96283e-06 4.96035e-06 4.95787e-06 4.95537e-06
          4.95287e-06 4.95036e-06 4.94785e-06 4.94532e-06 4.94279e-06 4.94026e-06 4.93771e-06 4.93517e-06 4.93262e-06 4.93006e-06 4.9275e-06 4.92494e-06
          4.92237e-06 4.91981e-06 4.91724e-06 4.91467e-06 4.91209e-06 4.90952e-06 4.90695e-06 4.90438e-06 4.90181e-06 4.89924e-06 4.89667e-06 4.8941e-06
          5.04186e-06 5.04015e-06 5.03843e-06 5.03668e-06 5.03492e-06 5.03314e-06 5.03133e-06 5.02951e-06 5.02767e-06 5.02582e-06 5.02394e-06 5.02204e-06
          5.02013e-06 5.01819e-06 5.01624e-06 5.01427e-06 5.01228e-06 5.01027e-06 5.00824e-06 5.0062e-06 5.00414e-06 5.00206e-06 4.99996e-06 4.99784e-06
          4.99571e-06 4.99356e-06 4.9914e-06 4.98922e-06 4.98702e-06 4.98481e-06 4.98258e-06 4.98033e-06 4.97807e-06 4.9758e-06 4.97351e-06 4.9712e-06
          4.96889e-06 4.96656e-06 4.96421e-06 4.96185e-06 4.95948e-06 4.9571e-06 4.95471e-06 4.9523e-06 4.94988e-06 4.94745e-06 4.94501e-06 4.94257e-06
          4.94011e-06 4.93764e-06 4.93516e-06 4.93267e-06 4.93018e-06 4.92768e-06 4.92517e-06 4.92265e-06 4.92013e-06 4.9176e-06 4.91507e-06 4.91253e-06
          4.90998e-06 4.90744e-06 4.90488e-06 4.90233e-06 4.89977e-06 4.89721e-06 4.89465e-06 4.89208e-06 4.88952e-06 4.88695e-06 4.88439e-06 4.88182e-06
          4.87926e-06 4.8767e-06 4.87414e-06 4.87158e-06 5.01901e-06 5.01731e-06 5.0156e-06 5.01386e-06 5.01211e-06 5.01033e-06 5.00854e-06 5.00673e-06
          5.00489e-06 5.00304e-06 5.00117e-06 4.99928e-06 4.99738e-06 4.99545e-06 4.9935e-06 4.99154e-06 4.98956e-06 4.98756e-06 4.98554e-06 4.9835e-06
          4.98145e-06 4.97937e-06 4.97728e-06 4.97518e-06 4.97305e-06 4.97091e-06 4.96875e-06 4.96658e-06 4.96439e-06 4.96218e-06 4.95996e-06 4.95772e-06
          4.95547e-06 4.9532e-06 4.95092e-06 4.94862e-06 4.94631e-06 4.94398e-06 4.94165e-06 4.9393e-06 4.93693e-06 4.93455e-06 4.93217e-06 4.92977e-06
          4.92735e-06 4.92493e-06 4.9225e-06 4.92006e-06 4.9176e-06 4.91514e-06 4.91267e-06 4.91019e-06 4.9077e-06 4.9052e-06 4.9027e-06 4.90019e-06
          4.89767e-06 4.89515e-06 4.89262e-06 4.89009e-06 4.88755e-06 4.885e-06 4.88246e-06 4.87991e-06 4.87735e-06 4.8748e-06 4.87224e-06 4.86968e-06
          4.86712e-06 4.86456e-06 4.862e-06 4.85944e-06 4.85688e-06 4.85433e-06 4.85177e-06 4.84922e-06 4.99642e-06 4.99474e-06 4.99303e-06 4.9913e-06
          4.98955e-06 4.98779e-06 4.986e-06 4.98419e-06 4.98237e-06 4.98053e-06 4.97866e-06 4.97678e-06 4.97488e-06 4.97296e-06 4.97103e-06 4.96907e-06
          4.96709e-06 4.9651e-06 4.96309e-06 4.96106e-06 4.95901e-06 4.95694e-06 4.95486e-06 4.95276e-06 4.95064e-06 4.9485e-06 4.94635e-06 4.94418e-06
          4.942e-06 4.9398e-06 4.93758e-06 4.93535e-06 4.9331e-06 4.93084e-06 4.92856e-06 4.92627e-06 4.92397e-06 4.92165e-06 4.91931e-06 4.91697e-06
          4.91461e-06 4.91224e-06 4.90985e-06 4.90746e-06 4.90505e-06 4.90263e-06 4.9002e-06 4.89776e-06 4.89532e-06 4.89286e-06 4.89039e-06 4.88791e-06
          4.88543e-06 4.88293e-06 4.88043e-06 4.87793e-06 4.87541e-06 4.87289e-06 4.87037e-06 4.86784e-06 4.8653e-06 4.86276e-06 4.86022e-06 4.85767e-06
          4.85512e-06 4.85257e-06 4.85002e-06 4.84746e-06 4.8449e-06 4.84235e-06 4.83979e-06 4.83723e-06 4.83468e-06 4.83212e-06 4.82957e-06 4.82702e-06
          4.97409e-06 4.97241e-06 4.97071e-06 4.96899e-06 4.96725e-06 4.96549e-06 4.96372e-06 4.96192e-06 4.9601e-06 4.95827e-06 4.95641e-06 4.95454e-06
          4.95264e-06 4.95073e-06 4.9488e-06 4.94685e-06 4.94488e-06 4.94289e-06 4.94089e-06 4.93886e-06 4.93682e-06 4.93476e-06 4.93268e-06 4.93058e-06
          4.92847e-06 4.92634e-06 4.9242e-06 4.92203e-06 4.91985e-06 4.91766e-06 4.91544e-06 4.91322e-06 4.91097e-06 4.90872e-06 4.90644e-06 4.90416e-06
          4.90185e-06 4.89954e-06 4.89721e-06 4.89487e-06 4.89251e-06 4.89014e-06 4.88776e-06 4.88537e-06 4.88297e-06 4.88055e-06 4.87812e-06 4.87569e-06
          4.87324e-06 4.87079e-06 4.86832e-06 4.86585e-06 4.86336e-06 4.86087e-06 4.85837e-06 4.85587e-06 4.85336e-06 4.85084e-06 4.84831e-06 4.84578e-06
          4.84325e-06 4.84071e-06 4.83817e-06 4.83562e-06 4.83307e-06 4.83052e-06 4.82797e-06 4.82542e-06 4.82286e-06 4.8203e-06 4.81775e-06 4.81519e-06
          4.81264e-06 4.81009e-06 4.80753e-06 4.80499e-06 4.95201e-06 4.95034e-06 4.94865e-06 4.94694e-06 4.94521e-06 4.94346e-06 4.94169e-06 4.9399e-06
          4.93809e-06 4.93626e-06 4.93441e-06 4.93254e-06 4.93066e-06 4.92875e-06 4.92682e-06 4.92488e-06 4.92292e-06 4.92093e-06 4.91893e-06 4.91691e-06
          4.91488e-06 4.91282e-06 4.91075e-06 4.90866e-06 4.90655e-06 4.90442e-06 4.90228e-06 4.90012e-06 4.89795e-06 4.89575e-06 4.89354e-06 4.89132e-06
          4.88908e-06 4.88683e-06 4.88456e-06 4.88227e-06 4.87997e-06 4.87766e-06 4.87533e-06 4.87299e-06 4.87064e-06 4.86827e-06 4.8659e-06 4.8635e-06
          4.8611e-06 4.85869e-06 4.85626e-06 4.85383e-06 4.85138e-06 4.84893e-06 4.84646e-06 4.84399e-06 4.84151e-06 4.83901e-06 4.83652e-06 4.83401e-06
          4.8315e-06 4.82898e-06 4.82645e-06 4.82392e-06 4.82139e-06 4.81885e-06 4.81631e-06 4.81376e-06 4.81121e-06 4.80866e-06 4.8061e-06 4.80355e-06
          4.80099e-06 4.79843e-06 4.79588e-06 4.79332e-06 4.79076e-06 4.78821e-06 4.78566e-06 4.78311e-06 4.93019e-06 4.92852e-06 4.92684e-06 4.92514e-06
          4.92341e-06 4.92167e-06 4.91991e-06 4.91813e-06 4.91632e-06 4.9145e-06 4.91266e-06 4.9108e-06 4.90892e-06 4.90702e-06 4.9051e-06 4.90316e-06
          4.9012e-06 4.89922e-06 4.89723e-06 4.89521e-06 4.89318e-06 4.89113e-06 4.88906e-06 4.88697e-06 4.88487e-06 4.88275e-06 4.88061e-06 4.87845e-06
          4.87628e-06 4.87409e-06 4.87188e-06 4.86966e-06 4.86742e-06 4.86517e-06 4.8629e-06 4.86062e-06 4.85832e-06 4.85601e-06 4.85369e-06 4.85135e-06
          4.84899e-06 4.84663e-06 4.84425e-06 4.84186e-06 4.83946e-06 4.83704e-06 4.83462e-06 4.83218e-06 4.82974e-06 4.82728e-06 4.82481e-06 4.82234e-06
          4.81985e-06 4.81736e-06 4.81486e-06 4.81235e-06 4.80984e-06 4.80732e-06 4.80479e-06 4.80226e-06 4.79972e-06 4.79718e-06 4.79463e-06 4.79208e-06
          4.78953e-06 4.78697e-06 4.78441e-06 4.78185e-06 4.77929e-06 4.77673e-06 4.77417e-06 4.77161e-06 4.76906e-06 4.7665e-06 4.76394e-06 4.76139e-06
          4.90861e-06 4.90696e-06 4.90528e-06 4.90359e-06 4.90187e-06 4.90014e-06 4.89838e-06 4.89661e-06 4.89481e-06 4.893e-06 4.89116e-06 4.88931e-06
          4.88743e-06 4.88554e-06 4.88362e-06 4.88169e-06 4.87973e-06 4.87776e-06 4.87577e-06 4.87376e-06 4.87173e-06 4.86968e-06 4.86762e-06 4.86553e-06
          4.86343e-06 4.86131e-06 4.85917e-06 4.85702e-06 4.85485e-06 4.85266e-06 4.85046e-06 4.84823e-06 4.846e-06 4.84375e-06 4.84148e-06 4.8392e-06
          4.8369e-06 4.83459e-06 4.83226e-06 4.82992e-06 4.82757e-06 4.8252e-06 4.82283e-06 4.82043e-06 4.81803e-06 4.81561e-06 4.81319e-06 4.81075e-06
          4.8083e-06 4.80584e-06 4.80337e-06 4.80089e-06 4.79841e-06 4.79591e-06 4.79341e-06 4.79089e-06 4.78838e-06 4.78585e-06 4.78332e-06 4.78078e-06
          4.77824e-06 4.77569e-06 4.77314e-06 4.77058e-06 4.76802e-06 4.76546e-06 4.7629e-06 4.76034e-06 4.75777e-06 4.7552e-06 4.75264e-06 4.75007e-06
          4.74751e-06 4.74495e-06 4.74239e-06 4.73983e-06 4.88729e-06 4.88564e-06 4.88397e-06 4.88229e-06 4.88058e-06 4.87886e-06 4.87711e-06 4.87534e-06
          4.87355e-06 4.87174e-06 4.86991e-06 4.86806e-06 4.86619e-06 4.8643e-06 4.86239e-06 4.86046e-06 4.85851e-06 4.85654e-06 4.85455e-06 4.85255e-06
          4.85052e-06 4.84848e-06 4.84641e-06 4.84433e-06 4.84223e-06 4.84011e-06 4.83798e-06 4.83582e-06 4.83365e-06 4.83147e-06 4.82926e-06 4.82704e-06
          4.82481e-06 4.82255e-06 4.82029e-06 4.818e-06 4.81571e-06 4.81339e-06 4.81107e-06 4.80873e-06 4.80637e-06 4.804e-06 4.80162e-06 4.79923e-06
          4.79682e-06 4.7944e-06 4.79197e-06 4.78953e-06 4.78708e-06 4.78461e-06 4.78214e-06 4.77966e-06 4.77716e-06 4.77466e-06 4.77215e-06 4.76963e-06
          4.76711e-06 4.76458e-06 4.76204e-06 4.75949e-06 4.75694e-06 4.75439e-06 4.75183e-06 4.74927e-06 4.7467e-06 4.74413e-06 4.74156e-06 4.73899e-06
          4.73642e-06 4.73384e-06 4.73127e-06 4.7287e-06 4.72613e-06 4.72356e-06 4.72099e-06 4.71843e-06 4.86621e-06 4.86457e-06 4.86292e-06 4.86124e-06
          4.85954e-06 4.85782e-06 4.85608e-06 4.85432e-06 4.85254e-06 4.85073e-06 4.84891e-06 4.84707e-06 4.8452e-06 4.84332e-06 4.84141e-06 4.83948e-06
          4.83754e-06 4.83557e-06 4.83358e-06 4.83158e-06 4.82955e-06 4.82751e-06 4.82545e-06 4.82337e-06 4.82127e-06 4.81915e-06 4.81702e-06 4.81486e-06
          4.81269e-06 4.81051e-06 4.8083e-06 4.80608e-06 4.80385e-06 4.80159e-06 4.79932e-06 4.79704e-06 4.79474e-06 4.79242e-06 4.7901e-06 4.78775e-06
          4.78539e-06 4.78302e-06 4.78064e-06 4.77824e-06 4.77583e-06 4.7734e-06 4.77097e-06 4.76852e-06 4.76606e-06 4.76359e-06 4.76111e-06 4.75862e-06
          4.75613e-06 4.75362e-06 4.7511e-06 4.74857e-06 4.74604e-06 4.7435e-06 4.74095e-06 4.7384e-06 4.73584e-06 4.73328e-06 4.73071e-06 4.72813e-06
          4.72556e-06 4.72298e-06 4.7204e-06 4.71782e-06 4.71523e-06 4.71265e-06 4.71007e-06 4.70748e-06 4.7049e-06 4.70232e-06 4.69975e-06 4.69717e-06
          4.84538e-06 4.84375e-06 4.8421e-06 4.84044e-06 4.83875e-06 4.83704e-06 4.8353e-06 4.83355e-06 4.83177e-06 4.82998e-06 4.82816e-06 4.82632e-06
          4.82446e-06 4.82257e-06 4.82067e-06 4.81875e-06 4.8168e-06 4.81484e-06 4.81286e-06 4.81085e-06 4.80883e-06 4.80679e-06 4.80473e-06 4.80265e-06
          4.80055e-06 4.79843e-06 4.79629e-06 4.79414e-06 4.79197e-06 4.78978e-06 4.78758e-06 4.78536e-06 4.78312e-06 4.78086e-06 4.77859e-06 4.7763e-06
          4.774e-06 4.77168e-06 4.76935e-06 4.767e-06 4.76464e-06 4.76226e-06 4.75987e-06 4.75747e-06 4.75505e-06 4.75262e-06 4.75018e-06 4.74773e-06
          4.74526e-06 4.74278e-06 4.7403e-06 4.7378e-06 4.73529e-06 4.73277e-06 4.73025e-06 4.72771e-06 4.72517e-06 4.72262e-06 4.72006e-06 4.71749e-06
          4.71492e-06 4.71235e-06 4.70977e-06 4.70718e-06 4.70459e-06 4.702e-06 4.69941e-06 4.69682e-06 4.69422e-06 4.69162e-06 4.68903e-06 4.68643e-06
          4.68384e-06 4.68125e-06 4.67866e-06 4.67607e-06 4.82479e-06 4.82318e-06 4.82154e-06 4.81988e-06 4.8182e-06 4.8165e-06 4.81477e-06 4.81303e-06
          4.81126e-06 4.80946e-06 4.80765e-06 4.80582e-06 4.80396e-06 4.80208e-06 4.80018e-06 4.79826e-06 4.79632e-06 4.79435e-06 4.79237e-06 4.79037e-06
          4.78835e-06 4.7863e-06 4.78424e-06 4.78216e-06 4.78006e-06 4.77794e-06 4.77581e-06 4.77365e-06 4.77148e-06 4.76929e-06 4.76708e-06 4.76486e-06
          4.76262e-06 4.76036e-06 4.75808e-06 4.75579e-06 4.75349e-06 4.75116e-06 4.74883e-06 4.74647e-06 4.7441e-06 4.74172e-06 4.73933e-06 4.73692e-06
          4.73449e-06 4.73206e-06 4.72961e-06 4.72714e-06 4.72467e-06 4.72218e-06 4.71969e-06 4.71718e-06 4.71466e-06 4.71213e-06 4.70959e-06 4.70705e-06
          4.70449e-06 4.70193e-06 4.69936e-06 4.69678e-06 4.6942e-06 4.69161e-06 4.68901e-06 4.68641e-06 4.68381e-06 4.6812e-06 4.67859e-06 4.67598e-06
          4.67337e-06 4.67076e-06 4.66815e-06 4.66554e-06 4.66293e-06 4.66033e-06 4.65772e-06 4.65512e-06 4.80445e-06 4.80286e-06 4.80123e-06 4.79958e-06
          4.79791e-06 4.79621e-06 4.79449e-06 4.79275e-06 4.79099e-06 4.7892e-06 4.78739e-06 4.78556e-06 4.78371e-06 4.78183e-06 4.77993e-06 4.77801e-06
          4.77607e-06 4.77411e-06 4.77213e-06 4.77013e-06 4.7681e-06 4.76606e-06 4.764e-06 4.76192e-06 4.75982e-06 4.7577e-06 4.75556e-06 4.7534e-06
          4.75122e-06 4.74903e-06 4.74682e-06 4.74459e-06 4.74235e-06 4.74008e-06 4.73781e-06 4.73551e-06 4.7332e-06 4.73087e-06 4.72853e-06 4.72617e-06
          4.72379e-06 4.7214e-06 4.719e-06 4.71658e-06 4.71415e-06 4.71171e-06 4.70925e-06 4.70678e-06 4.70429e-06 4.70179e-06 4.69929e-06 4.69677e-06
          4.69424e-06 4.69169e-06 4.68914e-06 4.68658e-06 4.68401e-06 4.68144e-06 4.67885e-06 4.67626e-06 4.67366e-06 4.67105e-06 4.66844e-06 4.66582e-06
          4.6632e-06 4.66058e-06 4.65795e-06 4.65532e-06 4.6527e-06 4.65007e-06 4.64744e-06 4.64481e-06 4.64218e-06 4.63956e-06 4.63694e-06 4.63432e-06
          4.78442e-06 4.78277e-06 4.78115e-06 4.77951e-06 4.77786e-06 4.77618e-06 4.77446e-06 4.77273e-06 4.77097e-06 4.76919e-06 4.76738e-06 4.76555e-06
          4.7637e-06 4.76183e-06 4.75993e-06 4.75801e-06 4.75607e-06 4.75411e-06 4.75213e-06 4.75012e-06 4.7481e-06 4.74606e-06 4.74399e-06 4.74191e-06
          4.7398e-06 4.73768e-06 4.73554e-06 4.73338e-06 4.7312e-06 4.729e-06 4.72679e-06 4.72456e-06 4.72231e-06 4.72004e-06 4.71775e-06 4.71545e-06
          4.71314e-06 4.7108e-06 4.70845e-06 4.70608e-06 4.7037e-06 4.70131e-06 4.69889e-06 4.69647e-06 4.69403e-06 4.69157e-06 4.6891e-06 4.68662e-06
          4.68412e-06 4.68161e-06 4.67909e-06 4.67656e-06 4.67402e-06 4.67146e-06 4.6689e-06 4.66632e-06 4.66373e-06 4.66114e-06 4.65854e-06 4.65592e-06
          4.65331e-06 4.65068e-06 4.64805e-06 4.64541e-06 4.64277e-06 4.64013e-06 4.63748e-06 4.63483e-06 4.63218e-06 4.62953e-06 4.62688e-06 4.62423e-06
          4.62159e-06 4.61894e-06 4.6163e-06 4.61367e-06 4.76415e-06 4.76264e-06 4.76121e-06 4.75977e-06 4.75807e-06 4.75637e-06 4.75467e-06 4.75296e-06
          4.7512e-06 4.74942e-06 4.74762e-06 4.74579e-06 4.74394e-06 4.74207e-06 4.74017e-06 4.73826e-06 4.73632e-06 4.73435e-06 4.73237e-06 4.73036e-06
          4.72834e-06 4.72629e-06 4.72422e-06 4.72214e-06 4.72003e-06 4.7179e-06 4.71576e-06 4.71359e-06 4.71141e-06 4.70921e-06 4.70699e-06 4.70475e-06
          4.7025e-06 4.70022e-06 4.69793e-06 4.69562e-06 4.6933e-06 4.69096e-06 4.6886e-06 4.68623e-06 4.68383e-06 4.68143e-06 4.67901e-06 4.67657e-06
          4.67412e-06 4.67165e-06 4.66917e-06 4.66668e-06 4.66417e-06 4.66165e-06 4.65911e-06 4.65656e-06 4.654e-06 4.65143e-06 4.64885e-06 4.64626e-06
          4.64365e-06 4.64104e-06 4.63842e-06 4.63578e-06 4.63315e-06 4.6305e-06 4.62785e-06 4.62519e-06 4.62252e-06 4.61986e-06 4.61719e-06 4.61451e-06
          4.61184e-06 4.60916e-06 4.60649e-06 4.60382e-06 4.60115e-06 4.59848e-06 4.59582e-06 4.59316e-06 4.75305e-06 4.74855e-06 4.7442e-06 4.73998e-06
          4.73814e-06 4.73666e-06 4.7352e-06 4.73346e-06 4.73167e-06 4.72989e-06 4.7281e-06 4.72629e-06 4.72443e-06 4.72256e-06 4.72066e-06 4.71874e-06
          4.7168e-06 4.71484e-06 4.71285e-06 4.71084e-06 4.70881e-06 4.70676e-06 4.70469e-06 4.7026e-06 4.70049e-06 4.69836e-06 4.69621e-06 4.69404e-06
          4.69185e-06 4.68964e-06 4.68742e-06 4.68518e-06 4.68291e-06 4.68063e-06 4.67834e-06 4.67602e-06 4.67369e-06 4.67134e-06 4.66897e-06 4.66659e-06
          4.66419e-06 4.66177e-06 4.65934e-06 4.65689e-06 4.65443e-06 4.65195e-06 4.64946e-06 4.64695e-06 4.64443e-06 4.64189e-06 4.63934e-06 4.63678e-06
          4.6342e-06 4.63161e-06 4.62901e-06 4.6264e-06 4.62377e-06 4.62114e-06 4.61849e-06 4.61584e-06 4.61318e-06 4.61051e-06 4.60783e-06 4.60514e-06
          4.60246e-06 4.59976e-06 4.59706e-06 4.59436e-06 4.59166e-06 4.58896e-06 4.58626e-06 4.58356e-06 4.58086e-06 4.57817e-06 4.57548e-06 4.57279e-06
          4.74527e-06 4.74011e-06 4.73502e-06 4.73022e-06 4.72552e-06 4.72091e-06 4.71613e-06 4.71362e-06 4.71216e-06 4.71064e-06 4.70893e-06 4.70701e-06
          4.70515e-06 4.70328e-06 4.7014e-06 4.69948e-06 4.69753e-06 4.69556e-06 4.69357e-06 4.69156e-06 4.68952e-06 4.68747e-06 4.68539e-06 4.6833e-06
          4.68118e-06 4.67905e-06 4.67689e-06 4.67472e-06 4.67252e-06 4.67031e-06 4.66808e-06 4.66583e-06 4.66356e-06 4.66127e-06 4.65897e-06 4.65664e-06
          4.6543e-06 4.65194e-06 4.64957e-06 4.64718e-06 4.64477e-06 4.64234e-06 4.6399e-06 4.63744e-06 4.63496e-06 4.63247e-06 4.62996e-06 4.62744e-06
          4.6249e-06 4.62235e-06 4.61978e-06 4.6172e-06 4.61461e-06 4.612e-06 4.60938e-06 4.60674e-06 4.6041e-06 4.60144e-06 4.59877e-06 4.59609e-06
          4.5934e-06 4.5907e-06 4.588e-06 4.58529e-06 4.58257e-06 4.57984e-06 4.57712e-06 4.57439e-06 4.57165e-06 4.56892e-06 4.56618e-06 4.56345e-06
          4.56072e-06 4.558e-06 4.55528e-06 4.55256e-06 4.73887e-06 4.7336e-06 4.72836e-06 4.72315e-06 4.71797e-06 4.71283e-06 4.70794e-06 4.70311e-06
          4.69829e-06 4.69311e-06 4.68928e-06 4.68764e-06 4.68597e-06 4.68439e-06 4.68242e-06 4.68042e-06 4.67848e-06 4.67651e-06 4.67454e-06 4.67252e-06
          4.67047e-06 4.66841e-06 4.66633e-06 4.66423e-06 4.66211e-06 4.65997e-06 4.65781e-06 4.65563e-06 4.65343e-06 4.65121e-06 4.64897e-06 4.64671e-06
          4.64443e-06 4.64214e-06 4.63983e-06 4.63749e-06 4.63514e-06 4.63278e-06 4.63039e-06 4.62799e-06 4.62557e-06 4.62313e-06 4.62067e-06 4.6182e-06
          4.61571e-06 4.61321e-06 4.61069e-06 4.60815e-06 4.6056e-06 4.60303e-06 4.60044e-06 4.59784e-06 4.59523e-06 4.5926e-06 4.58995e-06 4.5873e-06
          4.58463e-06 4.58194e-06 4.57925e-06 4.57654e-06 4.57382e-06 4.5711e-06 4.56836e-06 4.56562e-06 4.56286e-06 4.56011e-06 4.55734e-06 4.55458e-06
          4.55181e-06 4.54904e-06 4.54627e-06 4.5435e-06 4.54074e-06 4.53798e-06 4.53522e-06 4.53247e-06 4.73302e-06 4.72775e-06 4.7225e-06 4.71727e-06
          4.71206e-06 4.70688e-06 4.70172e-06 4.69657e-06 4.69144e-06 4.68649e-06 4.68168e-06 4.67674e-06 4.67155e-06 4.66583e-06 4.66306e-06 4.66129e-06
          4.65953e-06 4.65789e-06 4.65581e-06 4.65367e-06 4.6516e-06 4.64956e-06 4.6475e-06 4.64541e-06 4.64328e-06 4.64112e-06 4.63895e-06 4.63677e-06
          4.63456e-06 4.63234e-06 4.63009e-06 4.62782e-06 4.62554e-06 4.62323e-06 4.62091e-06 4.61857e-06 4.61621e-06 4.61383e-06 4.61144e-06 4.60902e-06
          4.60659e-06 4.60414e-06 4.60168e-06 4.59919e-06 4.59669e-06 4.59417e-06 4.59163e-06 4.58908e-06 4.58651e-06 4.58392e-06 4.58132e-06 4.5787e-06
          4.57606e-06 4.57341e-06 4.57074e-06 4.56806e-06 4.56536e-06 4.56265e-06 4.55993e-06 4.55719e-06 4.55444e-06 4.55168e-06 4.54891e-06 4.54613e-06
          4.54335e-06 4.54055e-06 4.53775e-06 4.53494e-06 4.53214e-06 4.52932e-06 4.52651e-06 4.52371e-06 4.5209e-06 4.5181e-06 4.5153e-06 4.51251e-06
          4.72759e-06 4.72236e-06 4.71714e-06 4.71195e-06 4.70677e-06 4.70161e-06 4.69647e-06 4.69136e-06 4.68627e-06 4.6812e-06 4.67613e-06 4.67106e-06
          4.66607e-06 4.66138e-06 4.65654e-06 4.65155e-06 4.64608e-06 4.63985e-06 4.63659e-06 4.63469e-06 4.63274e-06 4.63091e-06 4.62909e-06 4.62689e-06
          4.62464e-06 4.62245e-06 4.6203e-06 4.61814e-06 4.61594e-06 4.61371e-06 4.61144e-06 4.60916e-06 4.60686e-06 4.60455e-06 4.60223e-06 4.59988e-06
          4.59751e-06 4.59512e-06 4.59271e-06 4.59029e-06 4.58784e-06 4.58538e-06 4.5829e-06 4.5804e-06 4.57789e-06 4.57535e-06 4.5728e-06 4.57023e-06
          4.56764e-06 4.56504e-06 4.56241e-06 4.55977e-06 4.55712e-06 4.55444e-06 4.55175e-06 4.54904e-06 4.54632e-06 4.54358e-06 4.54082e-06 4.53805e-06
          4.53527e-06 4.53248e-06 4.52967e-06 4.52685e-06 4.52402e-06 4.52118e-06 4.51834e-06 4.51549e-06 4.51263e-06 4.50978e-06 4.50692e-06 4.50406e-06
          4.50121e-06 4.49836e-06 4.49552e-06 4.49269e-06 4.72257e-06 4.71737e-06 4.7122e-06 4.70705e-06 4.70192e-06 4.69681e-06 4.69173e-06 4.68666e-06
          4.68162e-06 4.67659e-06 4.67159e-06 4.66661e-06 4.66167e-06 4.65671e-06 4.65176e-06 4.6468e-06 4.64195e-06 4.63743e-06 4.63277e-06 4.62798e-06
          4.62294e-06 4.61724e-06 4.61131e-06 4.60791e-06 4.60586e-06 4.60378e-06 4.60179e-06 4.59985e-06 4.59769e-06 4.59531e-06 4.59296e-06 4.59067e-06
          4.5884e-06 4.58611e-06 4.58379e-06 4.58142e-06 4.57903e-06 4.57662e-06 4.5742e-06 4.57177e-06 4.56932e-06 4.56685e-06 4.56435e-06 4.56184e-06
          4.55931e-06 4.55676e-06 4.55419e-06 4.55161e-06 4.549e-06 4.54638e-06 4.54373e-06 4.54107e-06 4.53839e-06 4.53569e-06 4.53298e-06 4.53024e-06
          4.52749e-06 4.52472e-06 4.52193e-06 4.51913e-06 4.51631e-06 4.51347e-06 4.51062e-06 4.50776e-06 4.50489e-06 4.502e-06 4.49911e-06 4.49621e-06
          4.4933e-06 4.49039e-06 4.48748e-06 4.48457e-06 4.48167e-06 4.47876e-06 4.47587e-06 4.47299e-06 4.71794e-06 4.71278e-06 4.70765e-06 4.70255e-06
          4.69746e-06 4.6924e-06 4.68737e-06 4.68235e-06 4.67736e-06 4.67238e-06 4.66743e-06 4.6625e-06 4.65759e-06 4.65269e-06 4.64782e-06 4.64298e-06
          4.63818e-06 4.63336e-06 4.62855e-06 4.62369e-06 4.61883e-06 4.6141e-06 4.60955e-06 4.60499e-06 4.6003e-06 4.59538e-06 4.58996e-06 4.58405e-06
          4.57935e-06 4.57659e-06 4.5744e-06 4.57222e-06 4.57011e-06 4.56801e-06 4.56569e-06 4.56321e-06 4.56072e-06 4.55829e-06 4.55589e-06 4.55348e-06
          4.55104e-06 4.54856e-06 4.54604e-06 4.5435e-06 4.54095e-06 4.53838e-06 4.53581e-06 4.53321e-06 4.53059e-06 4.52795e-06 4.52528e-06 4.5226e-06
          4.51989e-06 4.51717e-06 4.51443e-06 4.51167e-06 4.50889e-06 4.50608e-06 4.50326e-06 4.50042e-06 4.49756e-06 4.49469e-06 4.49179e-06 4.48888e-06
          4.48596e-06 4.48302e-06 4.48007e-06 4.47712e-06 4.47415e-06 4.47118e-06 4.46821e-06 4.46524e-06 4.46227e-06 4.45931e-06 4.45635e-06 4.45341e-06
          4.71368e-06 4.70856e-06 4.70347e-06 4.6984e-06 4.69335e-06 4.68833e-06 4.68334e-06 4.67836e-06 4.67341e-06 4.66848e-06 4.66357e-06 4.65868e-06
          4.6538e-06 4.64895e-06 4.64412e-06 4.6393e-06 4.6345e-06 4.62971e-06 4.62493e-06 4.62016e-06 4.61542e-06 4.6107e-06 4.60597e-06 4.60123e-06
          4.59646e-06 4.59166e-06 4.58691e-06 4.58227e-06 4.57775e-06 4.57325e-06 4.56857e-06 4.56359e-06 4.55816e-06 4.55243e-06 4.54777e-06 4.54464e-06
          4.54232e-06 4.54e-06 4.53773e-06 4.53547e-06 4.53312e-06 4.53055e-06 4.52793e-06 4.52532e-06 4.52276e-06 4.52022e-06 4.51766e-06 4.51507e-06
          4.51243e-06 4.50976e-06 4.50706e-06 4.50435e-06 4.50162e-06 4.49888e-06 4.49612e-06 4.49333e-06 4.49052e-06 4.48768e-06 4.48482e-06 4.48194e-06
          4.47904e-06 4.47612e-06 4.47318e-06 4.47022e-06 4.46724e-06 4.46425e-06 4.46124e-06 4.45822e-06 4.45518e-06 4.45215e-06 4.4491e-06 4.44606e-06
          4.44302e-06 4.43998e-06 4.43695e-06 4.43394e-06 4.70975e-06 4.70466e-06 4.6996e-06 4.69456e-06 4.68955e-06 4.68456e-06 4.6796e-06 4.67465e-06
          4.66973e-06 4.66483e-06 4.65995e-06 4.65509e-06 4.65025e-06 4.64542e-06 4.64061e-06 4.63582e-06 4.63104e-06 4.62628e-06 4.62153e-06 4.61679e-06
          4.61206e-06 4.60735e-06 4.60264e-06 4.59793e-06 4.59323e-06 4.58854e-06 4.58386e-06 4.5792e-06 4.57454e-06 4.56985e-06 4.56513e-06 4.56038e-06
          4.55564e-06 4.55098e-06 4.54645e-06 4.54202e-06 4.53744e-06 4.53259e-06 4.52739e-06 4.52183e-06 4.51649e-06 4.5125e-06 4.50948e-06 4.5071e-06
          4.50465e-06 4.50224e-06 4.49982e-06 4.49729e-06 4.49456e-06 4.49178e-06 4.48901e-06 4.48628e-06 4.48357e-06 4.48084e-06 4.47807e-06 4.47526e-06
          4.4724e-06 4.46952e-06 4.46661e-06 4.46369e-06 4.46076e-06 4.4578e-06 4.45481e-06 4.45179e-06 4.44875e-06 4.44569e-06 4.44261e-06 4.43952e-06
          4.43641e-06 4.43329e-06 4.43017e-06 4.42704e-06 4.42391e-06 4.42079e-06 4.41767e-06 4.41458e-06 4.70611e-06 4.70105e-06 4.69601e-06 4.691e-06
          4.68601e-06 4.68105e-06 4.6761e-06 4.67118e-06 4.66629e-06 4.66141e-06 4.65655e-06 4.65171e-06 4.64689e-06 4.64208e-06 4.63729e-06 4.63252e-06
          4.62776e-06 4.62302e-06 4.61828e-06 4.61356e-06 4.60886e-06 4.60416e-06 4.59947e-06 4.59478e-06 4.59011e-06 4.58544e-06 4.58079e-06 4.57613e-06
          4.57148e-06 4.56682e-06 4.56217e-06 4.55752e-06 4.55289e-06 4.54826e-06 4.54364e-06 4.539e-06 4.53432e-06 4.5296e-06 4.52485e-06 4.52011e-06
          4.51549e-06 4.511e-06 4.50657e-06 4.50192e-06 4.49701e-06 4.49179e-06 4.48624e-06 4.48093e-06 4.47678e-06 4.47351e-06 4.47091e-06 4.46829e-06
          4.46569e-06 4.46308e-06 4.46039e-06 4.45752e-06 4.45454e-06 4.45155e-06 4.44859e-06 4.44566e-06 4.44272e-06 4.43974e-06 4.43671e-06 4.43363e-06
          4.43051e-06 4.42737e-06 4.42421e-06 4.42104e-06 4.41785e-06 4.41464e-06 4.41141e-06 4.40818e-06 4.40495e-06 4.40172e-06 4.3985e-06 4.39531e-06
          4.70272e-06 4.69767e-06 4.69265e-06 4.68766e-06 4.68269e-06 4.67774e-06 4.67282e-06 4.66791e-06 4.66303e-06 4.65817e-06 4.65333e-06 4.6485e-06
          4.64369e-06 4.6389e-06 4.63413e-06 4.62937e-06 4.62463e-06 4.6199e-06 4.61518e-06 4.61047e-06 4.60578e-06 4.60109e-06 4.59642e-06 4.59175e-06
          4.5871e-06 4.58244e-06 4.5778e-06 4.57316e-06 4.56853e-06 4.5639e-06 4.55927e-06 4.55465e-06 4.55003e-06 4.54541e-06 4.54079e-06 4.53617e-06
          4.53153e-06 4.5269e-06 4.52226e-06 4.51763e-06 4.51301e-06 4.50839e-06 4.50374e-06 4.49905e-06 4.49431e-06 4.48951e-06 4.48473e-06 4.48005e-06
          4.47549e-06 4.471e-06 4.46632e-06 4.46138e-06 4.45615e-06 4.45058e-06 4.44497e-06 4.44023e-06 4.43648e-06 4.43349e-06 4.43064e-06 4.42781e-06
          4.42497e-06 4.42206e-06 4.41899e-06 4.41575e-06 4.41248e-06 4.40923e-06 4.40602e-06 4.40279e-06 4.39953e-06 4.39622e-06 4.39287e-06 4.3895e-06
          4.38613e-06 4.38277e-06 4.37943e-06 4.37611e-06 4.69952e-06 4.69448e-06 4.68948e-06 4.6845e-06 4.67954e-06 4.6746e-06 4.66969e-06 4.6648e-06
          4.65993e-06 4.65508e-06 4.65025e-06 4.64543e-06 4.64064e-06 4.63586e-06 4.6311e-06 4.62635e-06 4.62161e-06 4.61689e-06 4.61219e-06 4.60749e-06
          4.60281e-06 4.59813e-06 4.59347e-06 4.58881e-06 4.58417e-06 4.57953e-06 4.57489e-06 4.57027e-06 4.56565e-06 4.56103e-06 4.55642e-06 4.55181e-06
          4.5472e-06 4.54259e-06 4.53799e-06 4.53338e-06 4.52877e-06 4.52416e-06 4.51955e-06 4.51494e-06 4.51032e-06 4.50569e-06 4.50105e-06 4.4964e-06
          4.49173e-06 4.48704e-06 4.48236e-06 4.47769e-06 4.47302e-06 4.46831e-06 4.46356e-06 4.45874e-06 4.45383e-06 4.44891e-06 4.44406e-06 4.4393e-06
          4.43461e-06 4.42983e-06 4.42477e-06 4.41942e-06 4.41371e-06 4.40772e-06 4.40218e-06 4.39777e-06 4.39417e-06 4.39116e-06 4.38803e-06 4.38486e-06
          4.3816e-06 4.37816e-06 4.37456e-06 4.37095e-06 4.36744e-06 4.36393e-06 4.36045e-06 4.35697e-06 4.69643e-06 4.69141e-06 4.68641e-06 4.68144e-06
          4.67649e-06 4.67157e-06 4.66666e-06 4.66178e-06 4.65692e-06 4.65208e-06 4.64725e-06 4.64245e-06 4.63766e-06 4.63289e-06 4.62813e-06 4.62339e-06
          4.61866e-06 4.61395e-06 4.60925e-06 4.60456e-06 4.59989e-06 4.59522e-06 4.59056e-06 4.58592e-06 4.58128e-06 4.57665e-06 4.57202e-06 4.5674e-06
          4.56279e-06 4.55818e-06 4.55358e-06 4.54898e-06 4.54438e-06 4.53978e-06 4.53518e-06 4.53059e-06 4.52599e-06 4.52139e-06 4.51679e-06 4.51218e-06
          4.50757e-06 4.50296e-06 4.49833e-06 4.4937e-06 4.48905e-06 4.4844e-06 4.47973e-06 4.47506e-06 4.47037e-06 4.46565e-06 4.46091e-06 4.45614e-06
          4.45134e-06 4.44653e-06 4.44171e-06 4.43687e-06 4.43201e-06 4.42707e-06 4.42205e-06 4.41693e-06 4.41174e-06 4.40655e-06 4.40142e-06 4.39632e-06
          4.39117e-06 4.38566e-06 4.37975e-06 4.37344e-06 4.36673e-06 4.36048e-06 4.35572e-06 4.35223e-06 4.34884e-06 4.34553e-06 4.34168e-06 4.33772e-06
          4.69322e-06 4.68821e-06 4.68322e-06 4.67825e-06 4.67331e-06 4.66839e-06 4.66349e-06 4.65861e-06 4.65376e-06 4.64892e-06 4.6441e-06 4.6393e-06
          4.63452e-06 4.62976e-06 4.62501e-06 4.62027e-06 4.61555e-06 4.61084e-06 4.60615e-06 4.60147e-06 4.5968e-06 4.59214e-06 4.58749e-06 4.58285e-06
          4.57821e-06 4.57359e-06 4.56897e-06 4.56436e-06 4.55975e-06 4.55515e-06 4.55055e-06 4.54595e-06 4.54136e-06 4.53677e-06 4.53218e-06 4.52759e-06
          4.523e-06 4.51841e-06 4.51381e-06 4.50921e-06 4.50461e-06 4.5e-06 4.49538e-06 4.49075e-06 4.48612e-06 4.48147e-06 4.47682e-06 4.47215e-06
          4.46746e-06 4.46275e-06 4.45802e-06 4.45327e-06 4.4485e-06 4.4437e-06 4.43888e-06 4.43403e-06 4.42914e-06 4.4242e-06 4.4192e-06 4.41414e-06
          4.40904e-06 4.4039e-06 4.39874e-06 4.39351e-06 4.38813e-06 4.3826e-06 4.37688e-06 4.37098e-06 4.3651e-06 4.35938e-06 4.35361e-06 4.34695e-06
          4.33882e-06 4.32861e-06 4.3214e-06 4.31783e-06
        </DataArray>
        <DataArray type="Float32" Name="x^CH4_gas" NumberOfComponents="1" format="ascii">
          0.980537 0.980606 0.98046 0.98053 0.980676 0.980601 0.980746 0.980673 0.980818 0.980746 0.98089 0.980819
          0.980963 0.980893 0.981036 0.980968 0.98111 0.981044 0.981185 0.98112 0.981261 0.981197 0.981338 0.981275
          0.981415 0.981353 0.981493 0.981432 0.981572 0.981512 0.981652 0.981593 0.981732 0.981674 0.981813 0.981756
          0.981895 0.981839 0.981977 0.981922 0.98206 0.982007 0.982144 0.982092 0.982229 0.982177 0.982314 0.982263
          0.9824 0.98235 0.982487 0.982438 0.982574 0.982526 0.982663 0.982615 0.982751 0.982705 0.982841 0.982795
          0.982931 0.982886 0.983021 0.982978 0.983113 0.98307 0.983205 0.983163 0.983297 0.983256 0.983391 0.98335
          0.983484 0.983445 0.983579 0.98354 0.983674 0.983635 0.983769 0.983732 0.983865 0.983829 0.983962 0.983926
          0.984059 0.984024 0.984156 0.984122 0.984254 0.984221 0.984353 0.98432 0.984452 0.98442 0.984552 0.98452
          0.984652 0.984621 0.984752 0.984722 0.984853 0.984823 0.984954 0.984925 0.985055 0.985027 0.985157 0.985129
          0.98526 0.985232 0.985362 0.985335 0.985465 0.985439 0.985568 0.985543 0.985672 0.985647 0.985776 0.985751
          0.98588 0.985856 0.985984 0.98596 0.986088 0.986065 0.986193 0.98617 0.986298 0.986276 0.986403 0.986381
          0.986508 0.986487 0.986613 0.986592 0.986718 0.986698 0.986824 0.986804 0.986929 0.98691 0.987035 0.987016
          0.98714 0.987122 0.987246 0.987228 0.987351 0.987334 0.987457 0.98744 0.980323 0.980396 0.98047 0.980544
          0.980619 0.980694 0.980771 0.980848 0.980925 0.981004 0.981083 0.981163 0.981243 0.981324 0.981406 0.981489
          0.981572 0.981656 0.981741 0.981826 0.981912 0.981999 0.982086 0.982174 0.982263 0.982352 0.982442 0.982533
          0.982624 0.982716 0.982808 0.982902 0.982995 0.98309 0.983184 0.98328 0.983376 0.983472 0.98357 0.983667
          0.983765 0.983864 0.983963 0.984063 0.984163 0.984263 0.984364 0.984466 0.984568 0.98467 0.984772 0.984875
          0.984979 0.985082 0.985186 0.98529 0.985395 0.9855 0.985605 0.98571 0.985816 0.985921 0.986027 0.986133
          0.98624 0.986346 0.986452 0.986559 0.986665 0.986772 0.986879 0.986986 0.987092 0.987199 0.987306 0.987412
          0.980181 0.980256 0.980332 0.980408 0.980485 0.980563 0.980642 0.980721 0.980801 0.980881 0.980963 0.981045
          0.981127 0.98121 0.981294 0.981379 0.981464 0.98155 0.981636 0.981724 0.981812 0.9819 0.981989 0.982079
          0.982169 0.982261 0.982352 0.982445 0.982538 0.982631 0.982725 0.98282 0.982915 0.983011 0.983107 0.983204
          0.983302 0.9834 0.983499 0.983598 0.983697 0.983797 0.983898 0.983999 0.9841 0.984202 0.984304 0.984407
          0.98451 0.984614 0.984717 0.984822 0.984926 0.985031 0.985136 0.985241 0.985347 0.985453 0.985559 0.985666
          0.985772 0.985879 0.985986 0.986093 0.9862 0.986307 0.986415 0.986522 0.98663 0.986737 0.986845 0.986953
          0.98706 0.987168 0.987275 0.987383 0.980032 0.980109 0.980188 0.980266 0.980346 0.980426 0.980507 0.980588
          0.98067 0.980753 0.980836 0.98092 0.981005 0.98109 0.981176 0.981263 0.98135 0.981438 0.981526 0.981615
          0.981705 0.981795 0.981887 0.981978 0.98207 0.982163 0.982257 0.982351 0.982445 0.982541 0.982636 0.982733
          0.98283 0.982927 0.983025 0.983124 0.983223 0.983322 0.983422 0.983523 0.983624 0.983725 0.983827 0.98393
          0.984033 0.984136 0.98424 0.984344 0.984448 0.984553 0.984658 0.984764 0.984869 0.984976 0.985082 0.985189
          0.985295 0.985403 0.98551 0.985618 0.985725 0.985833 0.985941 0.986049 0.986158 0.986266 0.986374 0.986483
          0.986591 0.9867 0.986808 0.986917 0.987025 0.987134 0.987242 0.987351 0.979876 0.979957 0.980037 0.980118
          0.9802 0.980283 0.980366 0.980449 0.980534 0.980618 0.980704 0.98079 0.980877 0.980964 0.981052 0.981141
          0.98123 0.98132 0.98141 0.981501 0.981593 0.981685 0.981778 0.981871 0.981965 0.98206 0.982155 0.982251
          0.982348 0.982445 0.982542 0.98264 0.982739 0.982838 0.982937 0.983038 0.983138 0.983239 0.983341 0.983443
          0.983546 0.983649 0.983752 0.983856 0.983961 0.984065 0.98417 0.984276 0.984382 0.984488 0.984595 0.984701
          0.984809 0.984916 0.985024 0.985132 0.98524 0.985348 0.985457 0.985566 0.985675 0.985784 0.985893 0.986002
          0.986112 0.986221 0.986331 0.986441 0.98655 0.98666 0.986769 0.986879 0.986988 0.987098 0.987207 0.987316
          0.979715 0.979797 0.97988 0.979964 0.980048 0.980133 0.980218 0.980304 0.98039 0.980478 0.980565 0.980653
          0.980742 0.980832 0.980922 0.981012 0.981104 0.981195 0.981288 0.981381 0.981475 0.981569 0.981663 0.981759
          0.981855 0.981951 0.982048 0.982146 0.982244 0.982343 0.982442 0.982542 0.982642 0.982743 0.982844 0.982946
          0.983049 0.983151 0.983255 0.983359 0.983463 0.983567 0.983672 0.983778 0.983884 0.98399 0.984097 0.984204
          0.984311 0.984419 0.984527 0.984635 0.984744 0.984853 0.984962 0.985071 0.985181 0.98529 0.9854 0.98551
          0.985621 0.985731 0.985842 0.985952 0.986063 0.986174 0.986285 0.986395 0.986506 0.986617 0.986728 0.986838
          0.986949 0.987059 0.98717 0.98728 0.979547 0.979632 0.979717 0.979803 0.97989 0.979977 0.980064 0.980152
          0.980241 0.98033 0.98042 0.980511 0.980602 0.980693 0.980785 0.980878 0.980971 0.981065 0.98116 0.981255
          0.98135 0.981446 0.981543 0.98164 0.981738 0.981837 0.981936 0.982035 0.982135 0.982236 0.982337 0.982438
          0.98254 0.982643 0.982746 0.98285 0.982954 0.983058 0.983163 0.983269 0.983375 0.983481 0.983588 0.983695
          0.983802 0.98391 0.984018 0.984127 0.984236 0.984345 0.984455 0.984564 0.984675 0.984785 0.984896 0.985006
          0.985117 0.985229 0.98534 0.985452 0.985563 0.985675 0.985787 0.985899 0.986011 0.986123 0.986235 0.986347
          0.986459 0.986571 0.986683 0.986795 0.986907 0.987019 0.98713 0.987242 0.979373 0.97946 0.979548 0.979636
          0.979725 0.979814 0.979904 0.979994 0.980085 0.980177 0.980269 0.980362 0.980455 0.980548 0.980643 0.980738
          0.980833 0.980929 0.981025 0.981122 0.98122 0.981318 0.981417 0.981516 0.981616 0.981716 0.981817 0.981919
          0.98202 0.982123 0.982226 0.982329 0.982433 0.982538 0.982643 0.982748 0.982854 0.98296 0.983067 0.983174
          0.983281 0.983389 0.983498 0.983607 0.983716 0.983825 0.983935 0.984046 0.984156 0.984267 0.984378 0.98449
          0.984601 0.984713 0.984825 0.984938 0.98505 0.985163 0.985276 0.985389 0.985502 0.985616 0.985729 0.985843
          0.985956 0.98607 0.986183 0.986296 0.98641 0.986523 0.986637 0.98675 0.986863 0.986976 0.987088 0.987201
          0.979192 0.979282 0.979372 0.979463 0.979554 0.979645 0.979737 0.97983 0.979923 0.980017 0.980111 0.980206
          0.980301 0.980397 0.980494 0.980591 0.980688 0.980786 0.980885 0.980984 0.981084 0.981184 0.981285 0.981386
          0.981488 0.98159 0.981693 0.981796 0.9819 0.982004 0.982109 0.982215 0.98232 0.982427 0.982533 0.982641
          0.982748 0.982856 0.982965 0.983074 0.983183 0.983293 0.983403 0.983514 0.983625 0.983736 0.983848 0.98396
          0.984072 0.984184 0.984297 0.98441 0.984524 0.984637 0.984751 0.984865 0.98498 0.985094 0.985209 0.985323
          0.985438 0.985553 0.985668 0.985783 0.985898 0.986013 0.986128 0.986243 0.986358 0.986473 0.986587 0.986702
          0.986816 0.98693 0.987045 0.987158 0.979005 0.979097 0.97919 0.979282 0.979376 0.97947 0.979564 0.979659
          0.979755 0.979851 0.979947 0.980044 0.980142 0.98024 0.980339 0.980438 0.980537 0.980638 0.980738 0.98084
          0.980941 0.981044 0.981147 0.98125 0.981354 0.981458 0.981563 0.981668 0.981774 0.98188 0.981987 0.982094
          0.982202 0.98231 0.982419 0.982528 0.982638 0.982748 0.982858 0.982969 0.98308 0.983192 0.983304 0.983416
          0.983529 0.983642 0.983755 0.983869 0.983983 0.984097 0.984212 0.984327 0.984442 0.984558 0.984673 0.984789
          0.984905 0.985021 0.985137 0.985254 0.98537 0.985487 0.985604 0.98572 0.985837 0.985953 0.98607 0.986187
          0.986303 0.986419 0.986535 0.986652 0.986767 0.986883 0.986999 0.987114 0.978811 0.978905 0.979 0.979096
          0.979191 0.979288 0.979384 0.979482 0.979579 0.979678 0.979777 0.979876 0.979976 0.980076 0.980177 0.980278
          0.98038 0.980483 0.980586 0.980689 0.980793 0.980897 0.981002 0.981108 0.981214 0.98132 0.981427 0.981534
          0.981642 0.98175 0.981859 0.981968 0.982078 0.982188 0.982299 0.98241 0.982521 0.982633 0.982746 0.982858
          0.982972 0.983085 0.983199 0.983313 0.983428 0.983543 0.983658 0.983774 0.98389 0.984006 0.984123 0.984239
          0.984356 0.984474 0.984591 0.984709 0.984827 0.984945 0.985063 0.985181 0.985299 0.985417 0.985536 0.985654
          0.985773 0.985891 0.986009 0.986127 0.986246 0.986364 0.986481 0.986599 0.986717 0.986834 0.986951 0.987068
          0.978612 0.978708 0.978804 0.978902 0.979 0.979099 0.979198 0.979297 0.979398 0.979498 0.979599 0.979701
          0.979803 0.979906 0.980009 0.980113 0.980217 0.980322 0.980427 0.980532 0.980639 0.980745 0.980852 0.98096
          0.981068 0.981176 0.981285 0.981395 0.981504 0.981615 0.981726 0.981837 0.981949 0.982061 0.982173 0.982286
          0.9824 0.982514 0.982628 0.982743 0.982858 0.982973 0.983089 0.983205 0.983322 0.983439 0.983556 0.983674
          0.983792 0.98391 0.984029 0.984147 0.984266 0.984385 0.984505 0.984624 0.984744 0.984864 0.984984 0.985104
          0.985224 0.985345 0.985465 0.985585 0.985705 0.985826 0.985946 0.986066 0.986186 0.986305 0.986425 0.986544
          0.986664 0.986782 0.986901 0.987019 0.978423 0.97851 0.978605 0.978703 0.978802 0.978903 0.979004 0.979106
          0.979209 0.979312 0.979416 0.97952 0.979624 0.979729 0.979835 0.979941 0.980047 0.980154 0.980262 0.980369
          0.980478 0.980587 0.980696 0.980806 0.980916 0.981026 0.981137 0.981249 0.981361 0.981473 0.981586 0.9817
          0.981813 0.981928 0.982042 0.982157 0.982273 0.982389 0.982505 0.982622 0.982739 0.982857 0.982974 0.983093
          0.983211 0.98333 0.98345 0.983569 0.983689 0.983809 0.98393 0.984051 0.984172 0.984293 0.984414 0.984536
          0.984658 0.98478 0.984902 0.985024 0.985146 0.985268 0.985391 0.985513 0.985635 0.985757 0.985879 0.986001
          0.986123 0.986245 0.986366 0.986487 0.986608 0.986729 0.986849 0.986969 0.978427 0.978393 0.978439 0.978514
          0.978605 0.978704 0.978805 0.978909 0.979014 0.979119 0.979225 0.979332 0.979439 0.979546 0.979654 0.979762
          0.979871 0.97998 0.98009 0.9802 0.980311 0.980422 0.980533 0.980645 0.980758 0.98087 0.980984 0.981097
          0.981211 0.981326 0.981441 0.981557 0.981672 0.981789 0.981906 0.982023 0.98214 0.982258 0.982377 0.982496
          0.982615 0.982734 0.982854 0.982975 0.983096 0.983217 0.983338 0.98346 0.983582 0.983704 0.983827 0.98395
          0.984073 0.984196 0.98432 0.984443 0.984567 0.984692 0.984816 0.98494 0.985064 0.985189 0.985313 0.985438
          0.985562 0.985686 0.98581 0.985934 0.986058 0.986182 0.986305 0.986428 0.986551 0.986674 0.986796 0.986918
          0.98047 0.97911 0.978692 0.978529 0.978491 0.978539 0.978618 0.978713 0.978815 0.978921 0.979029 0.979137
          0.979246 0.979356 0.979466 0.979577 0.979688 0.9798 0.979912 0.980025 0.980138 0.980251 0.980365 0.980479
          0.980593 0.980708 0.980824 0.98094 0.981056 0.981173 0.98129 0.981408 0.981526 0.981644 0.981763 0.981882
          0.982002 0.982122 0.982243 0.982364 0.982485 0.982607 0.982729 0.982852 0.982975 0.983098 0.983221 0.983345
          0.983469 0.983594 0.983719 0.983844 0.983969 0.984095 0.984221 0.984347 0.984473 0.984599 0.984726 0.984852
          0.984979 0.985106 0.985232 0.985359 0.985486 0.985612 0.985739 0.985865 0.985991 0.986117 0.986242 0.986367
          0.986492 0.986617 0.986741 0.986865 0.999995 0.986287 0.982369 0.9807 0.979257 0.978804 0.978645 0.978604
          0.978654 0.978737 0.978834 0.97894 0.97905 0.979161 0.979273 0.979386 0.9795 0.979613 0.979728 0.979843
          0.979958 0.980074 0.98019 0.980306 0.980423 0.98054 0.980658 0.980776 0.980895 0.981014 0.981133 0.981253
          0.981373 0.981494 0.981615 0.981736 0.981858 0.981981 0.982103 0.982226 0.98235 0.982474 0.982598 0.982723
          0.982848 0.982974 0.9831 0.983226 0.983352 0.983479 0.983606 0.983734 0.983861 0.983989 0.984117 0.984246
          0.984374 0.984503 0.984632 0.984761 0.98489 0.985019 0.985148 0.985277 0.985406 0.985535 0.985664 0.985793
          0.985921 0.986049 0.986177 0.986304 0.986432 0.986558 0.986685 0.986811 0.999995 0.999995 0.999995 0.999995
          0.988174 0.982611 0.980949 0.979509 0.978952 0.978794 0.978748 0.97879 0.978873 0.978972 0.97908 0.979192
          0.979306 0.979422 0.979538 0.979655 0.979772 0.97989 0.980008 0.980127 0.980246 0.980366 0.980486 0.980606
          0.980727 0.980848 0.98097 0.981092 0.981214 0.981337 0.981461 0.981584 0.981709 0.981833 0.981958 0.982083
          0.982209 0.982336 0.982462 0.982589 0.982717 0.982844 0.982973 0.983101 0.98323 0.983359 0.983489 0.983618
          0.983749 0.983879 0.98401 0.98414 0.984272 0.984403 0.984534 0.984666 0.984797 0.984929 0.985061 0.985192
          0.985324 0.985455 0.985587 0.985718 0.985849 0.985979 0.98611 0.98624 0.986369 0.986498 0.986627 0.986755
          0.999995 0.999995 0.999995 0.999995 0.999995 0.999995 0.999995 0.997383 0.983183 0.981354 0.980016 0.979193
          0.979005 0.978944 0.97896 0.979036 0.979132 0.979238 0.97935 0.979466 0.979583 0.979702 0.979822 0.979943
          0.980064 0.980186 0.980308 0.98043 0.980553 0.980677 0.980801 0.980925 0.98105 0.981175 0.9813 0.981426
          0.981553 0.98168 0.981807 0.981935 0.982063 0.982191 0.98232 0.98245 0.982579 0.98271 0.98284 0.982971
          0.983102 0.983234 0.983366 0.983498 0.983631 0.983764 0.983897 0.984031 0.984164 0.984298 0.984432 0.984566
          0.984701 0.984835 0.984969 0.985104 0.985238 0.985372 0.985507 0.98564 0.985774 0.985907 0.98604 0.986173
          0.986305 0.986437 0.986568 0.986698 0.999995 0.999995 0.999995 0.999995 0.999995 0.999995 0.999995 0.999995
          0.999995 0.999995 0.999995 0.984483 0.982051 0.980826 0.979681 0.979328 0.97924 0.979215 0.979247 0.979328
          0.979425 0.979531 0.979643 0.97976 0.97988 0.980002 0.980125 0.980249 0.980374 0.9805 0.980626 0.980752
          0.980879 0.981006 0.981134 0.981263 0.981391 0.98152 0.98165 0.98178 0.981911 0.982041 0.982173 0.982304
          0.982437 0.982569 0.982702 0.982836 0.982969 0.983103 0.983238 0.983373 0.983508 0.983644 0.98378 0.983916
          0.984052 0.984189 0.984326 0.984463 0.9846 0.984737 0.984875 0.985012 0.985149 0.985287 0.985424 0.98556
          0.985697 0.985833 0.985969 0.986105 0.986239 0.986374 0.986508 0.986641 0.999995 0.999995 0.999995 0.999995
          0.999995 0.999995 0.999995 0.999995 0.999995 0.999995 0.999995 0.999995 0.999995 0.999995 0.993642 0.983371
          0.982072 0.981051 0.980063 0.979725 0.979647 0.979614 0.979618 0.979665 0.979752 0.979855 0.979964 0.980079
          0.980199 0.980323 0.980449 0.980576 0.980704 0.980833 0.980963 0.981093 0.981224 0.981355 0.981487 0.981619
          0.981752 0.981885 0.982019 0.982153 0.982288 0.982423 0.982558 0.982694 0.982831 0.982967 0.983105 0.983242
          0.98338 0.983519 0.983657 0.983796 0.983936 0.984075 0.984215 0.984355 0.984495 0.984636 0.984776 0.984917
          0.985057 0.985198 0.985338 0.985478 0.985618 0.985757 0.985896 0.986035 0.986173 0.98631 0.986446 0.986582
          0.999995 0.999995 0.999995 0.999995 0.999995 0.999995 0.999995 0.999995 0.999995 0.999995 0.999995 0.999995
          0.999995 0.999995 0.999995 0.999995 0.999995 0.999995 0.997852 0.98423 0.98303 0.982246 0.981376 0.980542
          0.98019 0.980126 0.980102 0.980106 0.980142 0.980217 0.980319 0.98043 0.980547 0.980668 0.980794 0.980923
          0.981054 0.981187 0.98132 0.981454 0.981588 0.981724 0.98186 0.981996 0.982133 0.982271 0.982409 0.982547
          0.982686 0.982826 0.982966 0.983106 0.983247 0.983388 0.98353 0.983671 0.983814 0.983957 0.9841 0.984243
          0.984386 0.98453 0.984674 0.984818 0.984962 0.985105 0.985249 0.985393 0.985536 0.985679 0.985821 0.985963
          0.986104 0.986245 0.986385 0.986524 0.999995 0.999995 0.999995 0.999995 0.999995 0.999995 0.999995 0.999995
          0.999995 0.999995 0.999995 0.999995 0.999995 0.999995 0.999995 0.999995 0.999995 0.999995 0.999995 0.999995
          0.999995 0.999995 0.999995 0.999995 0.984954 0.9837 0.983024 0.982301 0.981534 0.980859 0.980695 0.98067
          0.98067 0.980691 0.980742 0.980823 0.980931 0.981049 0.981171 0.981298 0.981429 0.981563 0.981699 0.981836
          0.981975 0.982114 0.982254 0.982395 0.982536 0.982678 0.982821 0.982964 0.983108 0.983252 0.983396 0.983541
          0.983687 0.983833 0.983979 0.984126 0.984273 0.98442 0.984567 0.984715 0.984862 0.98501 0.985157 0.985305
          0.985452 0.985599 0.985745 0.985891 0.986035 0.98618 0.986323 0.986465 0.999995 0.999995 0.999995 0.999995
          0.999995 0.999995 0.999995 0.999995 0.999995 0.999995 0.999995 0.999995 0.999995 0.999995 0.999995 0.999995
          0.999995 0.999995 0.999995 0.999995 0.999995 0.999995 0.999995 0.999995 0.999995 0.999995 0.999995 0.999995
          0.999995 0.993157 0.984837 0.984056 0.983467 0.98282 0.98217 0.981593 0.98132 0.981302 0.981318 0.981352
          0.981406 0.981485 0.981588 0.98171 0.981838 0.981969 0.982105 0.982243 0.982384 0.982527 0.982672 0.982817
          0.982963 0.98311 0.983257 0.983405 0.983554 0.983703 0.983853 0.984003 0.984154 0.984305 0.984456 0.984607
          0.984759 0.984911 0.985062 0.985214 0.985365 0.985516 0.985667 0.985817 0.985966 0.986114 0.986261 0.986407
          0.999995 0.999995 0.999995 0.999995 0.999995 0.999995 0.999995 0.999995 0.999995 0.999995 0.999995 0.999995
          0.999995 0.999995 0.999995 0.999995 0.999995 0.999995 0.999995 0.999995 0.999995 0.999995 0.999995 0.999995
          0.999995 0.999995 0.999995 0.999995 0.999995 0.999995 0.999995 0.999995 0.999995 0.999995 0.999995 0.999995
          0.985863 0.984719 0.984211 0.983689 0.983124 0.982616 0.982144 0.982007 0.982027 0.98207 0.982128 0.982203
          0.9823 0.982416 0.982547 0.982685 0.982826 0.98297 0.983117 0.983266 0.983417 0.983569 0.983722 0.983875
          0.98403 0.984184 0.98434 0.984495 0.984651 0.984808 0.984964 0.98512 0.985276 0.985432 0.985587 0.985742
          0.985896 0.986048 0.9862 0.98635 0.999995 0.999995 0.999995 0.999995 0.999995 0.999995 0.999995 0.999995
          0.999995 0.999995 0.999995 0.999995 0.999995 0.999995 0.999995 0.999995 0.999995 0.999995 0.999995 0.999995
          0.999995 0.999995 0.999995 0.999995 0.999995 0.999995 0.999995 0.999995 0.999995 0.999995 0.999995 0.999995
          0.999995 0.999995 0.999995 0.999995 0.999995 0.999995 0.999995 0.999995 0.999995 0.999995 0.999995 0.985893
          0.985104 0.984679 0.984226 0.983758 0.983337 0.98297 0.982794 0.982832 0.982898 0.982978 0.983071 0.983181
          0.983308 0.983449 0.983598 0.98375 0.983904 0.984061 0.984219 0.984379 0.984539 0.9847 0.984862 0.985023
          0.985184 0.985346 0.985506 0.985666 0.985825 0.985983 0.98614 0.986294 0.999995 0.999995 0.999995 0.999995
          0.999995 0.999995 0.999995 0.999995 0.999995 0.999995 0.999995 0.999995 0.999995 0.999995 0.999995 0.999995
          0.999995 0.999995 0.999995 0.999995 0.999995 0.999995 0.999995 0.999995 0.999995 0.999995 0.999995 0.999995
          0.999995 0.999995 0.999995 0.999995 0.999995 0.999995 0.999995 0.999995 0.999995 0.999995 0.999995 0.999995
          0.999995 0.999995 0.999995 0.999995 0.999996 0.999996 0.999996 0.999996 0.999996 0.999996 0.986694 0.98567
          0.985301 0.984943 0.984552 0.984184 0.983885 0.983638 0.983686 0.983779 0.983884 0.984001 0.984132 0.984276
          0.984431 0.984593 0.984758 0.984923 0.98509 0.985257 0.985424 0.98559 0.985755 0.985919 0.986082 0.986242
          0.999995 0.999995 0.999995 0.999995 0.999995 0.999995 0.999995 0.999995 0.999995 0.999995 0.999995 0.999995
          0.999995 0.999995 0.999995 0.999995 0.999995 0.999995 0.999995 0.999995 0.999995 0.999995 0.999995 0.999995
          0.999995 0.999995 0.999995 0.999995 0.999995 0.999995 0.999995 0.999995 0.999995 0.999995 0.999995 0.999995
          0.999995 0.999995 0.999995 0.999995 0.999995 0.999995 0.999995 0.999996 0.999996 0.999996 0.999996 0.999996
          0.999996 0.999996 0.999996 0.999996 0.999996 0.999996 0.999996 0.999996 0.999996 0.987675 0.986193 0.985853
          0.985571 0.985254 0.984984 0.984737 0.98458 0.984599 0.984723 0.984863 0.985014 0.985174 0.985342 0.985514
          0.985687 0.985858 0.986027 0.986194 0.999995 0.999995 0.999995 0.999995 0.999995 0.999995 0.999995 0.999995
          0.999995 0.999995 0.999995 0.999995 0.999995 0.999995 0.999995 0.999995 0.999995 0.999995 0.999995 0.999995
          0.999995 0.999995 0.999995 0.999995 0.999995 0.999995 0.999995 0.999995 0.999995 0.999995 0.999995 0.999995
          0.999995 0.999995 0.999995 0.999995 0.999995 0.999995 0.999995 0.999995 0.999995 0.999995 0.999995 0.999996
          0.999996 0.999996 0.999996 0.999996 0.999996 0.999996 0.999996 0.999996 0.999996 0.999996 0.999996 0.999996
          0.999996 0.999996 0.999996 0.999996 0.999996 0.999996 0.999996 0.999996 0.999996 0.986778 0.986133 0.985911
          0.985708 0.985523 0.985441 0.985475 0.98563 0.985802 0.985978 0.986153 0.999995 0.999995 0.999995 0.999995
          0.999995 0.999995 0.999995 0.999995 0.999995 0.999995 0.999995 0.999995 0.999995 0.999995 0.999995 0.999995
          0.999995 0.999995 0.999995 0.999995 0.999995 0.999995 0.999995 0.999995 0.999995 0.999995 0.999995 0.999995
          0.999995 0.999995 0.999995 0.999995 0.999995 0.999995 0.999995 0.999995 0.999995 0.999995 0.999995 0.999995
          0.999995 0.999995 0.999996 0.999996 0.999996 0.999996 0.999996 0.999996 0.999996 0.999996 0.999996 0.999996
          0.999996 0.999996 0.999996 0.999996 0.999996 0.999996 0.999996 0.999996 0.999996 0.999996 0.999996 0.999996
          0.999996 0.999996 0.999996 0.999996 0.999996 0.999996 0.999996 0.98722 0.986149 0.985963 0.985972 0.986133
          0.999995 0.999995 0.999995 0.999995 0.999995 0.999995 0.999995 0.999995 0.999995 0.999995 0.999995 0.999995
          0.999995 0.999995 0.999995 0.999995 0.999995 0.999995 0.999995 0.999995 0.999995 0.999995 0.999995 0.999995
          0.999995 0.999995 0.999995 0.999995 0.999995 0.999995 0.999995 0.999995 0.999995 0.999995 0.999995 0.999995
          0.999995 0.999995 0.999995 0.999995 0.999995 0.999996 0.999996 0.999996 0.999996 0.999996 0.999996 0.999996
          0.999996 0.999996 0.999996 0.999996 0.999996 0.999996 0.999996 0.999996 0.999996 0.999996 0.999996 0.999996
          0.999996 0.999996 0.999996 0.999996 0.999996 0.999996 0.999996 0.999996 0.999996 0.999996 0.999996 0.999996
          0.999996 0.999996 0.999996 0.98717
        </DataArray>
        <DataArray type="Float32" Name="x^H2_gas" NumberOfComponents="1" format="ascii">
          0 0 0 0 0 0 0 0 0 0 0 0
          0 0 0 0 0 0 0 0 0 0 0 0
          0 0 0 0 0 0 0 0 0 0 0 0
          0 0 0 0 0 0 0 0 0 0 0 0
          0 0 0 0 0 0 0 0 0 0 0 0
          0 0 0 0 0 0 0 0 0 0 0 0
          0 0 0 0 0 0 0 0 0 0 0 0
          0 0 0 0 0 0 0 0 0 0 0 0
          0 0 0 0 0 0 0 0 0 0 0 0
          0 0 0 0 0 0 0 0 0 0 0 0
          0 0 0 0 0 0 0 0 0 0 0 0
          0 0 0 0 0 0 0 0 0 0 0 0
          0 0 0 0 0 0 0 0 0 0 0 0
          0 0 0 0 0 0 0 0 0 0 0 0
          0 0 0 0 0 0 0 0 0 0 0 0
          0 0 0 0 0 0 0 0 0 0 0 0
          0 0 0 0 0 0 0 0 0 0 0 0
          0 0 0 0 0 0 0 0 0 0 0 0
          0 0 0 0 0 0 0 0 0 0 0 0
          0 0 0 0 0 0 0 0 0 0 0 0
          0 0 0 0 0 0 0 0 0 0 0 0
          0 0 0 0 0 0 0 0 0 0 0 0
          0 0 0 0 0 0 0 0 0 0 0 0
          0 0 0 0 0 0 0 0 0 0 0 0
          0 0 0 0 0 0 0 0 0 0 0 0
          0 0 0 0 0 0 0 0 0 0 0 0
          0 0 0 0 0 0 0 0 0 0 0 0
          0 0 0 0 0 0 0 0 0 0 0 0
          0 0 0 0 0 0 0 0 0 0 0 0
          0 0 0 0 0 0 0 0 0 0 0 0
          0 0 0 0 0 0 0 0 0 0 0 0
          0 0 0 0 0 0 0 0 0 0 0 0
          0 0 0 0 0 0 0 0 0 0 0 0
          0 0 0 0 0 0 0 0 0 0 0 0
          0 0 0 0 0 0 0 0 0 0 0 0
          0 0 0 0 0 0 0 0 0 0 0 0
          0 0 0 0 0 0 0 0 0 0 0 0
          0 0 0 0 0 0 0 0 0 0 0 0
          0 0 0 0 0 0 0 0 0 0 0 0
          0 0 0 0 0 0 0 0 0 0 0 0
          0 0 0 0 0 0 0 0 0 0 0 0
          0 0 0 0 0 0 0 0 0 0 0 0
          0 0 0 0 0 0 0 0 0 0 0 0
          0 0 0 0 0 0 0 0 0 0 0 0
          0 0 0 0 0 0 0 0 0 0 0 0
          0 0 0 0 0 0 0 0 0 0 0 0
          0 0 0 0 0 0 0 0 0 0 0 0
          0 0 0 0 0 0 0 0 0 0 0 0
          0 0 0 0 0 0 0 0 0 0 0 0
          0 0 0 0 0 0 0 0 0 0 0 0
          0 0 0 0 0 0 0 0 0 0 0 0
          0 0 0 0 0 0 0 0 0 0 0 0
          0 0 0 0 0 0 0 0 0 0 0 0
          0 0 0 0 0 0 0 0 0 0 0 0
          0 0 0 0 0 0 0 0 0 0 0 0
          0 0 0 0 0 0 0 0 0 0 0 0
          0 0 0 0 0 0 0 0 0 0 0 0
          0 0 0 0 0 0 0 0 0 0 0 0
          0 0 0 0 0 0 0 0 0 0 0 0
          0 0 0 0 0 0 0 0 0 0 0 0
          0 0 0 0 0 0 0 0 0 0 0 0
          0 0 0 0 0 0 0 0 0 0 0 0
          0 0 0 0 0 0 0 0 0 0 0 0
          0 0 0 0 0 0 0 0 0 0 0 0
          0 0 0 0 0 0 0 0 0 0 0 0
          0 0 0 0 0 0 0 0 0 0 0 0
          0 0 0 0 0 0 0 0 0 0 0 0
          0 0 0 0 0 0 0 0 0 0 0 0
          0 0 0 0 0 0 0 0 0 0 0 0
          0 0 0 0 0 0 0 0 0 0 0 0
          0 0 0 0 0 0 0 0 0 0 0 0
          0 0 0 0 0 0 0 0 0 0 0 0
          0 0 0 0 0 0 0 0 0 0 0 0
          0 0 0 0 0 0 0 0 0 0 0 0
          0 0 0 0 0 0 0 0 0 0 0 0
          0 0 0 0 0 0 0 0 0 0 0 0
          0 0 0 0 0 0 0 0 0 0 0 0
          0 0 0 0 0 0 0 0 0 0 0 0
          0 0 0 0 0 0 0 0 0 0 0 0
          0 0 0 0 0 0 0 0 0 0 0 0
          0 0 0 0 0 0 0 0 0 0 0 0
          0 0 0 0 0 0 0 0 0 0 0 0
          0 0 0 0 0 0 0 0 0 0 0 0
          0 0 0 0 0 0 0 0 0 0 0 0
          0 0 0 0 0 0 0 0 0 0 0 0
          0 0 0 0 0 0 0 0 0 0 0 0
          0 0 0 0 0 0 0 0 0 0 0 0
          0 0 0 0 0 0 0 0 0 0 0 0
          0 0 0 0 0 0 0 0 0 0 0 0
          0 0 0 0 0 0 0 0 0 0 0 0
          0 0 0 0 0 0 0 0 0 0 0 0
          0 0 0 0 0 0 0 0 0 0 0 0
          0 0 0 0 0 0 0 0 0 0 0 0
          0 0 0 0 0 0 0 0 0 0 0 0
          0 0 0 0 0 0 0 0 0 0 0 0
          0 0 0 0 0 0 0 0 0 0 0 0
          0 0 0 0 0 0 0 0 0 0 0 0
          0 0 0 0 0 0 0 0 0 0 0 0
          0 0 0 0 0 0 0 0 0 0 0 0
          0 0 0 0 0 0 0 0 0 0 0 0
          0 0 0 0 0 0 0 0 0 0 0 0
          0 0 0 0 0 0 0 0 0 0 0 0
          0 0 0 0 0 0 0 0 0 0 0 0
          0 0 0 0 0 0 0 0 0 0 0 0
          0 0 0 0 0 0 0 0 0 0 0 0
          0 0 0 0 0 0 0 0 0 0 0 0
          0 0 0 0 0 0 0 0 0 0 0 0
          0 0 0 0 0 0 0 0 0 0 0 0
          0 0 0 0 0 0 0 0 0 0 0 0
          0 0 0 0 0 0 0 0 0 0 0 0
          0 0 0 0 0 0 0 0 0 0 0 0
          0 0 0 0 0 0 0 0 0 0 0 0
          0 0 0 0 0 0 0 0 0 0 0 0
          0 0 0 0 0 0 0 0 0 0 0 0
          0 0 0 0 0 0 0 0 0 0 0 0
          0 0 0 0 0 0 0 0 0 0 0 0
          0 0 0 0 0 0 0 0 0 0 0 0
          0 0 0 0 0 0 0 0 0 0 0 0
          0 0 0 0 0 0 0 0 0 0 0 0
          0 0 0 0 0 0 0 0 0 0 0 0
          0 0 0 0 0 0 0 0 0 0 0 0
          0 0 0 0 0 0 0 0 0 0 0 0
          0 0 0 0 0 0 0 0 0 0 0 0
          0 0 0 0 0 0 0 0 0 0 0 0
          0 0 0 0 0 0 0 0 0 0 0 0
          0 0 0 0 0 0 0 0 0 0 0 0
          0 0 0 0 0 0 0 0 0 0 0 0
          0 0 0 0 0 0 0 0 0 0 0 0
          0 0 0 0 0 0 0 0 0 0 0 0
          0 0 0 0 0 0 0 0 0 0 0 0
          0 0 0 0 0 0 0 0 0 0 0 0
          0 0 0 0 0 0 0 0 0 0 0 0
          0 0 0 0 0 0 0 0 0 0 0 0
          0 0 0 0 0 0 0 0 0 0 0 0
          0 0 0 0 0 0 0 0 0 0 0 0
          0 0 0 0 0 0 0 0 0 0 0 0
          0 0 0 0 0 0 0 0 0 0 0 0
          0 0 0 0 0 0 0 0 0 0 0 0
          0 0 0 0 0 0 0 0 0 0 0 0
          0 0 0 0 0 0 0 0 0 0 0 0
          0 0 0 0 0 0 0 0 0 0 0 0
          0 0 0 0 0 0 0 0 0 0 0 0
          0 0 0 0 0 0 0 0 0 0 0 0
          0 0 0 0 0 0 0 0 0 0 0 0
          0 0 0 0 0 0 0 0 0 0 0 0
          0 0 0 0 0 0 0 0 0 0 0 0
          0 0 0 0 0 0 0 0 0 0 0 0
          0 0 0 0 0 0 0 0 0 0 0 0
          0 0 0 0 0 0 0 0 0 0 0 0
          0 0 0 0 0 0 0 0 0 0 0 0
          0 0 0 0 0 0 0 0 0 0 0 0
          0 0 0 0 0 0 0 0 0 0 0 0
          0 0 0 0 0 0 0 0 0 0 0 0
          0 0 0 0 0 0 0 0 0 0 0 0
          0 0 0 0 0 0 0 0 0 0 0 0
          0 0 0 0 0 0 0 0 0 0 0 0
          0 0 0 0 0 0 0 0 0 0 0 0
          0 0 0 0 0 0 0 0 0 0 0 0
          0 0 0 0 0 0 0 0 0 0 0 0
          0 0 0 0 0 0 0 0 0 0 0 0
          0 0 0 0 0 0 0 0 0 0 0 0
          0 0 0 0 0 0 0 0 0 0 0 0
          0 0 0 0 0 0 0 0 0 0 0 0
          0 0 0 0 0 0 0 0 0 0 0 0
          0 0 0 0 0 0 0 0 0 0 0 0
          0 0 0 0 0 0 0 0 0 0 0 0
          0 0 0 0 0 0 0 0 0 0 0 0
          0 0 0 0 0 0 0 0 0 0 0 0
          0 0 0 0 0 0 0 0 0 0 0 0
          0 0 0 0 0 0 0 0 0 0 0 0
          0 0 0 0 0 0 0 0 0 0 0 0
          0 0 0 0 0 0 0 0 0 0 0 0
          0 0 0 0 0 0 0 0 0 0 0 0
          0 0 0 0 0 0 0 0 0 0 0 0
          0 0 0 0 0 0 0 0 0 0 0 0
          0 0 0 0 0 0 0 0 0 0 0 0
          0 0 0 0 0 0 0 0 0 0 0 0
          0 0 0 0 0 0 0 0 0 0 0 0
          0 0 0 0 0 0 0 0 0 0 0 0
          0 0 0 0 0 0 0 0 0 0 0 0
          0 0 0 0 0 0 0 0 0 0 0 0
          0 0 0 0 0 0 0 0 0 0 0 0
          0 0 0 0 0 0 0 0 0 0 0 0
          0 0 0 0 0 0 0 0 0 0 0 0
          0 0 0 0 0 0 0 0 0 0 0 0
          0 0 0 0 0 0 0 0 0 0 0 0
          0 0 0 0 0 0 0 0 0 0 0 0
          0 0 0 0 0 0 0 0 0 0 0 0
          0 0 0 0 0 0 0 0 0 0 0 0
          0 0 0 0 0 0 0 0 0 0 0 0
          0 0 0 0 0 0 0 0 0 0 0 0
          0 0 0 0 0 0 0 0 0 0 0 0
          0 0 0 0 0 0 0 0 0 0 0 0
          0 0 0 0 0 0 0 0 0 0 0 0
          0 0 0 0 0 0 0 0 0 0 0 0
          0 0 0 0 0 0 0 0 0 0 0 0
          0 0 0 0
        </DataArray>
        <DataArray type="Float32" Name="x^CO2_gas" NumberOfComponents="1" format="ascii">
          0 0 0 0 0 0 0 0 0 0 0 0
          0 0 0 0 0 0 0 0 0 0 0 0
          0 0 0 0 0 0 0 0 0 0 0 0
          0 0 0 0 0 0 0 0 0 0 0 0
          0 0 0 0 0 0 0 0 0 0 0 0
          0 0 0 0 0 0 0 0 0 0 0 0
          0 0 0 0 0 0 0 0 0 0 0 0
          0 0 0 0 0 0 0 0 0 0 0 0
          0 0 0 0 0 0 0 0 0 0 0 0
          0 0 0 0 0 0 0 0 0 0 0 0
          0 0 0 0 0 0 0 0 0 0 0 0
          0 0 0 0 0 0 0 0 0 0 0 0
          0 0 0 0 0 0 0 0 0 0 0 0
          0 0 0 0 0 0 0 0 0 0 0 0
          0 0 0 0 0 0 0 0 0 0 0 0
          0 0 0 0 0 0 0 0 0 0 0 0
          0 0 0 0 0 0 0 0 0 0 0 0
          0 0 0 0 0 0 0 0 0 0 0 0
          0 0 0 0 0 0 0 0 0 0 0 0
          0 0 0 0 0 0 0 0 0 0 0 0
          0 0 0 0 0 0 0 0 0 0 0 0
          0 0 0 0 0 0 0 0 0 0 0 0
          0 0 0 0 0 0 0 0 0 0 0 0
          0 0 0 0 0 0 0 0 0 0 0 0
          0 0 0 0 0 0 0 0 0 0 0 0
          0 0 0 0 0 0 0 0 0 0 0 0
          0 0 0 0 0 0 0 0 0 0 0 0
          0 0 0 0 0 0 0 0 0 0 0 0
          0 0 0 0 0 0 0 0 0 0 0 0
          0 0 0 0 0 0 0 0 0 0 0 0
          0 0 0 0 0 0 0 0 0 0 0 0
          0 0 0 0 0 0 0 0 0 0 0 0
          0 0 0 0 0 0 0 0 0 0 0 0
          0 0 0 0 0 0 0 0 0 0 0 0
          0 0 0 0 0 0 0 0 0 0 0 0
          0 0 0 0 0 0 0 0 0 0 0 0
          0 0 0 0 0 0 0 0 0 0 0 0
          0 0 0 0 0 0 0 0 0 0 0 0
          0 0 0 0 0 0 0 0 0 0 0 0
          0 0 0 0 0 0 0 0 0 0 0 0
          0 0 0 0 0 0 0 0 0 0 0 0
          0 0 0 0 0 0 0 0 0 0 0 0
          0 0 0 0 0 0 0 0 0 0 0 0
          0 0 0 0 0 0 0 0 0 0 0 0
          0 0 0 0 0 0 0 0 0 0 0 0
          0 0 0 0 0 0 0 0 0 0 0 0
          0 0 0 0 0 0 0 0 0 0 0 0
          0 0 0 0 0 0 0 0 0 0 0 0
          0 0 0 0 0 0 0 0 0 0 0 0
          0 0 0 0 0 0 0 0 0 0 0 0
          0 0 0 0 0 0 0 0 0 0 0 0
          0 0 0 0 0 0 0 0 0 0 0 0
          0 0 0 0 0 0 0 0 0 0 0 0
          0 0 0 0 0 0 0 0 0 0 0 0
          0 0 0 0 0 0 0 0 0 0 0 0
          0 0 0 0 0 0 0 0 0 0 0 0
          0 0 0 0 0 0 0 0 0 0 0 0
          0 0 0 0 0 0 0 0 0 0 0 0
          0 0 0 0 0 0 0 0 0 0 0 0
          0 0 0 0 0 0 0 0 0 0 0 0
          0 0 0 0 0 0 0 0 0 0 0 0
          0 0 0 0 0 0 0 0 0 0 0 0
          0 0 0 0 0 0 0 0 0 0 0 0
          0 0 0 0 0 0 0 0 0 0 0 0
          0 0 0 0 0 0 0 0 0 0 0 0
          0 0 0 0 0 0 0 0 0 0 0 0
          0 0 0 0 0 0 0 0 0 0 0 0
          0 0 0 0 0 0 0 0 0 0 0 0
          0 0 0 0 0 0 0 0 0 0 0 0
          0 0 0 0 0 0 0 0 0 0 0 0
          0 0 0 0 0 0 0 0 0 0 0 0
          0 0 0 0 0 0 0 0 0 0 0 0
          0 0 0 0 0 0 0 0 0 0 0 0
          0 0 0 0 0 0 0 0 0 0 0 0
          0 0 0 0 0 0 0 0 0 0 0 0
          0 0 0 0 0 0 0 0 0 0 0 0
          0 0 0 0 0 0 0 0 0 0 0 0
          0 0 0 0 0 0 0 0 0 0 0 0
          0 0 0 0 0 0 0 0 0 0 0 0
          0 0 0 0 0 0 0 0 0 0 0 0
          0 0 0 0 0 0 0 0 0 0 0 0
          0 0 0 0 0 0 0 0 0 0 0 0
          0 0 0 0 0 0 0 0 0 0 0 0
          0 0 0 0 0 0 0 0 0 0 0 0
          0 0 0 0 0 0 0 0 0 0 0 0
          0 0 0 0 0 0 0 0 0 0 0 0
          0 0 0 0 0 0 0 0 0 0 0 0
          0 0 0 0 0 0 0 0 0 0 0 0
          0 0 0 0 0 0 0 0 0 0 0 0
          0 0 0 0 0 0 0 0 0 0 0 0
          0 0 0 0 0 0 0 0 0 0 0 0
          0 0 0 0 0 0 0 0 0 0 0 0
          0 0 0 0 0 0 0 0 0 0 0 0
          0 0 0 0 0 0 0 0 0 0 0 0
          0 0 0 0 0 0 0 0 0 0 0 0
          0 0 0 0 0 0 0 0 0 0 0 0
          0 0 0 0 0 0 0 0 0 0 0 0
          0 0 0 0 0 0 0 0 0 0 0 0
          0 0 0 0 0 0 0 0 0 0 0 0
          0 0 0 0 0 0 0 0 0 0 0 0
          0 0 0 0 0 0 0 0 0 0 0 0
          0 0 0 0 0 0 0 0 0 0 0 0
          0 0 0 0 0 0 0 0 0 0 0 0
          0 0 0 0 0 0 0 0 0 0 0 0
          0 0 0 0 0 0 0 0 0 0 0 0
          0 0 0 0 0 0 0 0 0 0 0 0
          0 0 0 0 0 0 0 0 0 0 0 0
          0 0 0 0 0 0 0 0 0 0 0 0
          0 0 0 0 0 0 0 0 0 0 0 0
          0 0 0 0 0 0 0 0 0 0 0 0
          0 0 0 0 0 0 0 0 0 0 0 0
          0 0 0 0 0 0 0 0 0 0 0 0
          0 0 0 0 0 0 0 0 0 0 0 0
          0 0 0 0 0 0 0 0 0 0 0 0
          0 0 0 0 0 0 0 0 0 0 0 0
          0 0 0 0 0 0 0 0 0 0 0 0
          0 0 0 0 0 0 0 0 0 0 0 0
          0 0 0 0 0 0 0 0 0 0 0 0
          0 0 0 0 0 0 0 0 0 0 0 0
          0 0 0 0 0 0 0 0 0 0 0 0
          0 0 0 0 0 0 0 0 0 0 0 0
          0 0 0 0 0 0 0 0 0 0 0 0
          0 0 0 0 0 0 0 0 0 0 0 0
          0 0 0 0 0 0 0 0 0 0 0 0
          0 0 0 0 0 0 0 0 0 0 0 0
          0 0 0 0 0 0 0 0 0 0 0 0
          0 0 0 0 0 0 0 0 0 0 0 0
          0 0 0 0 0 0 0 0 0 0 0 0
          0 0 0 0 0 0 0 0 0 0 0 0
          0 0 0 0 0 0 0 0 0 0 0 0
          0 0 0 0 0 0 0 0 0 0 0 0
          0 0 0 0 0 0 0 0 0 0 0 0
          0 0 0 0 0 0 0 0 0 0 0 0
          0 0 0 0 0 0 0 0 0 0 0 0
          0 0 0 0 0 0 0 0 0 0 0 0
          0 0 0 0 0 0 0 0 0 0 0 0
          0 0 0 0 0 0 0 0 0 0 0 0
          0 0 0 0 0 0 0 0 0 0 0 0
          0 0 0 0 0 0 0 0 0 0 0 0
          0 0 0 0 0 0 0 0 0 0 0 0
          0 0 0 0 0 0 0 0 0 0 0 0
          0 0 0 0 0 0 0 0 0 0 0 0
          0 0 0 0 0 0 0 0 0 0 0 0
          0 0 0 0 0 0 0 0 0 0 0 0
          0 0 0 0 0 0 0 0 0 0 0 0
          0 0 0 0 0 0 0 0 0 0 0 0
          0 0 0 0 0 0 0 0 0 0 0 0
          0 0 0 0 0 0 0 0 0 0 0 0
          0 0 0 0 0 0 0 0 0 0 0 0
          0 0 0 0 0 0 0 0 0 0 0 0
          0 0 0 0 0 0 0 0 0 0 0 0
          0 0 0 0 0 0 0 0 0 0 0 0
          0 0 0 0 0 0 0 0 0 0 0 0
          0 0 0 0 0 0 0 0 0 0 0 0
          0 0 0 0 0 0 0 0 0 0 0 0
          0 0 0 0 0 0 0 0 0 0 0 0
          0 0 0 0 0 0 0 0 0 0 0 0
          0 0 0 0 0 0 0 0 0 0 0 0
          0 0 0 0 0 0 0 0 0 0 0 0
          0 0 0 0 0 0 0 0 0 0 0 0
          0 0 0 0 0 0 0 0 0 0 0 0
          0 0 0 0 0 0 0 0 0 0 0 0
          0 0 0 0 0 0 0 0 0 0 0 0
          0 0 0 0 0 0 0 0 0 0 0 0
          0 0 0 0 0 0 0 0 0 0 0 0
          0 0 0 0 0 0 0 0 0 0 0 0
          0 0 0 0 0 0 0 0 0 0 0 0
          0 0 0 0 0 0 0 0 0 0 0 0
          0 0 0 0 0 0 0 0 0 0 0 0
          0 0 0 0 0 0 0 0 0 0 0 0
          0 0 0 0 0 0 0 0 0 0 0 0
          0 0 0 0 0 0 0 0 0 0 0 0
          0 0 0 0 0 0 0 0 0 0 0 0
          0 0 0 0 0 0 0 0 0 0 0 0
          0 0 0 0 0 0 0 0 0 0 0 0
          0 0 0 0 0 0 0 0 0 0 0 0
          0 0 0 0 0 0 0 0 0 0 0 0
          0 0 0 0 0 0 0 0 0 0 0 0
          0 0 0 0 0 0 0 0 0 0 0 0
          0 0 0 0 0 0 0 0 0 0 0 0
          0 0 0 0 0 0 0 0 0 0 0 0
          0 0 0 0 0 0 0 0 0 0 0 0
          0 0 0 0 0 0 0 0 0 0 0 0
          0 0 0 0 0 0 0 0 0 0 0 0
          0 0 0 0 0 0 0 0 0 0 0 0
          0 0 0 0 0 0 0 0 0 0 0 0
          0 0 0 0 0 0 0 0 0 0 0 0
          0 0 0 0 0 0 0 0 0 0 0 0
          0 0 0 0 0 0 0 0 0 0 0 0
          0 0 0 0 0 0 0 0 0 0 0 0
          0 0 0 0 0 0 0 0 0 0 0 0
          0 0 0 0 0 0 0 0 0 0 0 0
          0 0 0 0 0 0 0 0 0 0 0 0
          0 0 0 0 0 0 0 0 0 0 0 0
          0 0 0 0 0 0 0 0 0 0 0 0
          0 0 0 0 0 0 0 0 0 0 0 0
          0 0 0 0
        </DataArray>
        <DataArray type="Float32" Name="x^N2_gas" NumberOfComponents="1" format="ascii">
          0 0 0 0 0 0 0 0 0 0 0 0
          0 0 0 0 0 0 0 0 0 0 0 0
          0 0 0 0 0 0 0 0 0 0 0 0
          0 0 0 0 0 0 0 0 0 0 0 0
          0 0 0 0 0 0 0 0 0 0 0 0
          0 0 0 0 0 0 0 0 0 0 0 0
          0 0 0 0 0 0 0 0 0 0 0 0
          0 0 0 0 0 0 0 0 0 0 0 0
          0 0 0 0 0 0 0 0 0 0 0 0
          0 0 0 0 0 0 0 0 0 0 0 0
          0 0 0 0 0 0 0 0 0 0 0 0
          0 0 0 0 0 0 0 0 0 0 0 0
          0 0 0 0 0 0 0 0 0 0 0 0
          0 0 0 0 0 0 0 0 0 0 0 0
          0 0 0 0 0 0 0 0 0 0 0 0
          0 0 0 0 0 0 0 0 0 0 0 0
          0 0 0 0 0 0 0 0 0 0 0 0
          0 0 0 0 0 0 0 0 0 0 0 0
          0 0 0 0 0 0 0 0 0 0 0 0
          0 0 0 0 0 0 0 0 0 0 0 0
          0 0 0 0 0 0 0 0 0 0 0 0
          0 0 0 0 0 0 0 0 0 0 0 0
          0 0 0 0 0 0 0 0 0 0 0 0
          0 0 0 0 0 0 0 0 0 0 0 0
          0 0 0 0 0 0 0 0 0 0 0 0
          0 0 0 0 0 0 0 0 0 0 0 0
          0 0 0 0 0 0 0 0 0 0 0 0
          0 0 0 0 0 0 0 0 0 0 0 0
          0 0 0 0 0 0 0 0 0 0 0 0
          0 0 0 0 0 0 0 0 0 0 0 0
          0 0 0 0 0 0 0 0 0 0 0 0
          0 0 0 0 0 0 0 0 0 0 0 0
          0 0 0 0 0 0 0 0 0 0 0 0
          0 0 0 0 0 0 0 0 0 0 0 0
          0 0 0 0 0 0 0 0 0 0 0 0
          0 0 0 0 0 0 0 0 0 0 0 0
          0 0 0 0 0 0 0 0 0 0 0 0
          0 0 0 0 0 0 0 0 0 0 0 0
          0 0 0 0 0 0 0 0 0 0 0 0
          0 0 0 0 0 0 0 0 0 0 0 0
          0 0 0 0 0 0 0 0 0 0 0 0
          0 0 0 0 0 0 0 0 0 0 0 0
          0 0 0 0 0 0 0 0 0 0 0 0
          0 0 0 0 0 0 0 0 0 0 0 0
          0 0 0 0 0 0 0 0 0 0 0 0
          0 0 0 0 0 0 0 0 0 0 0 0
          0 0 0 0 0 0 0 0 0 0 0 0
          0 0 0 0 0 0 0 0 0 0 0 0
          0 0 0 0 0 0 0 0 0 0 0 0
          0 0 0 0 0 0 0 0 0 0 0 0
          0 0 0 0 0 0 0 0 0 0 0 0
          0 0 0 0 0 0 0 0 0 0 0 0
          0 0 0 0 0 0 0 0 0 0 0 0
          0 0 0 0 0 0 0 0 0 0 0 0
          0 0 0 0 0 0 0 0 0 0 0 0
          0 0 0 0 0 0 0 0 0 0 0 0
          0 0 0 0 0 0 0 0 0 0 0 0
          0 0 0 0 0 0 0 0 0 0 0 0
          0 0 0 0 0 0 0 0 0 0 0 0
          0 0 0 0 0 0 0 0 0 0 0 0
          0 0 0 0 0 0 0 0 0 0 0 0
          0 0 0 0 0 0 0 0 0 0 0 0
          0 0 0 0 0 0 0 0 0 0 0 0
          0 0 0 0 0 0 0 0 0 0 0 0
          0 0 0 0 0 0 0 0 0 0 0 0
          0 0 0 0 0 0 0 0 0 0 0 0
          0 0 0 0 0 0 0 0 0 0 0 0
          0 0 0 0 0 0 0 0 0 0 0 0
          0 0 0 0 0 0 0 0 0 0 0 0
          0 0 0 0 0 0 0 0 0 0 0 0
          0 0 0 0 0 0 0 0 0 0 0 0
          0 0 0 0 0 0 0 0 0 0 0 0
          0 0 0 0 0 0 0 0 0 0 0 0
          0 0 0 0 0 0 0 0 0 0 0 0
          0 0 0 0 0 0 0 0 0 0 0 0
          0 0 0 0 0 0 0 0 0 0 0 0
          0 0 0 0 0 0 0 0 0 0 0 0
          0 0 0 0 0 0 0 0 0 0 0 0
          0 0 0 0 0 0 0 0 0 0 0 0
          0 0 0 0 0 0 0 0 0 0 0 0
          0 0 0 0 0 0 0 0 0 0 0 0
          0 0 0 0 0 0 0 0 0 0 0 0
          0 0 0 0 0 0 0 0 0 0 0 0
          0 0 0 0 0 0 0 0 0 0 0 0
          0 0 0 0 0 0 0 0 0 0 0 0
          0 0 0 0 0 0 0 0 0 0 0 0
          0 0 0 0 0 0 0 0 0 0 0 0
          0 0 0 0 0 0 0 0 0 0 0 0
          0 0 0 0 0 0 0 0 0 0 0 0
          0 0 0 0 0 0 0 0 0 0 0 0
          0 0 0 0 0 0 0 0 0 0 0 0
          0 0 0 0 0 0 0 0 0 0 0 0
          0 0 0 0 0 0 0 0 0 0 0 0
          0 0 0 0 0 0 0 0 0 0 0 0
          0 0 0 0 0 0 0 0 0 0 0 0
          0 0 0 0 0 0 0 0 0 0 0 0
          0 0 0 0 0 0 0 0 0 0 0 0
          0 0 0 0 0 0 0 0 0 0 0 0
          0 0 0 0 0 0 0 0 0 0 0 0
          0 0 0 0 0 0 0 0 0 0 0 0
          0 0 0 0 0 0 0 0 0 0 0 0
          0 0 0 0 0 0 0 0 0 0 0 0
          0 0 0 0 0 0 0 0 0 0 0 0
          0 0 0 0 0 0 0 0 0 0 0 0
          0 0 0 0 0 0 0 0 0 0 0 0
          0 0 0 0 0 0 0 0 0 0 0 0
          0 0 0 0 0 0 0 0 0 0 0 0
          0 0 0 0 0 0 0 0 0 0 0 0
          0 0 0 0 0 0 0 0 0 0 0 0
          0 0 0 0 0 0 0 0 0 0 0 0
          0 0 0 0 0 0 0 0 0 0 0 0
          0 0 0 0 0 0 0 0 0 0 0 0
          0 0 0 0 0 0 0 0 0 0 0 0
          0 0 0 0 0 0 0 0 0 0 0 0
          0 0 0 0 0 0 0 0 0 0 0 0
          0 0 0 0 0 0 0 0 0 0 0 0
          0 0 0 0 0 0 0 0 0 0 0 0
          0 0 0 0 0 0 0 0 0 0 0 0
          0 0 0 0 0 0 0 0 0 0 0 0
          0 0 0 0 0 0 0 0 0 0 0 0
          0 0 0 0 0 0 0 0 0 0 0 0
          0 0 0 0 0 0 0 0 0 0 0 0
          0 0 0 0 0 0 0 0 0 0 0 0
          0 0 0 0 0 0 0 0 0 0 0 0
          0 0 0 0 0 0 0 0 0 0 0 0
          0 0 0 0 0 0 0 0 0 0 0 0
          0 0 0 0 0 0 0 0 0 0 0 0
          0 0 0 0 0 0 0 0 0 0 0 0
          0 0 0 0 0 0 0 0 0 0 0 0
          0 0 0 0 0 0 0 0 0 0 0 0
          0 0 0 0 0 0 0 0 0 0 0 0
          0 0 0 0 0 0 0 0 0 0 0 0
          0 0 0 0 0 0 0 0 0 0 0 0
          0 0 0 0 0 0 0 0 0 0 0 0
          0 0 0 0 0 0 0 0 0 0 0 0
          0 0 0 0 0 0 0 0 0 0 0 0
          0 0 0 0 0 0 0 0 0 0 0 0
          0 0 0 0 0 0 0 0 0 0 0 0
          0 0 0 0 0 0 0 0 0 0 0 0
          0 0 0 0 0 0 0 0 0 0 0 0
          0 0 0 0 0 0 0 0 0 0 0 0
          0 0 0 0 0 0 0 0 0 0 0 0
          0 0 0 0 0 0 0 0 0 0 0 0
          0 0 0 0 0 0 0 0 0 0 0 0
          0 0 0 0 0 0 0 0 0 0 0 0
          0 0 0 0 0 0 0 0 0 0 0 0
          0 0 0 0 0 0 0 0 0 0 0 0
          0 0 0 0 0 0 0 0 0 0 0 0
          0 0 0 0 0 0 0 0 0 0 0 0
          0 0 0 0 0 0 0 0 0 0 0 0
          0 0 0 0 0 0 0 0 0 0 0 0
          0 0 0 0 0 0 0 0 0 0 0 0
          0 0 0 0 0 0 0 0 0 0 0 0
          0 0 0 0 0 0 0 0 0 0 0 0
          0 0 0 0 0 0 0 0 0 0 0 0
          0 0 0 0 0 0 0 0 0 0 0 0
          0 0 0 0 0 0 0 0 0 0 0 0
          0 0 0 0 0 0 0 0 0 0 0 0
          0 0 0 0 0 0 0 0 0 0 0 0
          0 0 0 0 0 0 0 0 0 0 0 0
          0 0 0 0 0 0 0 0 0 0 0 0
          0 0 0 0 0 0 0 0 0 0 0 0
          0 0 0 0 0 0 0 0 0 0 0 0
          0 0 0 0 0 0 0 0 0 0 0 0
          0 0 0 0 0 0 0 0 0 0 0 0
          0 0 0 0 0 0 0 0 0 0 0 0
          0 0 0 0 0 0 0 0 0 0 0 0
          0 0 0 0 0 0 0 0 0 0 0 0
          0 0 0 0 0 0 0 0 0 0 0 0
          0 0 0 0 0 0 0 0 0 0 0 0
          0 0 0 0 0 0 0 0 0 0 0 0
          0 0 0 0 0 0 0 0 0 0 0 0
          0 0 0 0 0 0 0 0 0 0 0 0
          0 0 0 0 0 0 0 0 0 0 0 0
          0 0 0 0 0 0 0 0 0 0 0 0
          0 0 0 0 0 0 0 0 0 0 0 0
          0 0 0 0 0 0 0 0 0 0 0 0
          0 0 0 0 0 0 0 0 0 0 0 0
          0 0 0 0 0 0 0 0 0 0 0 0
          0 0 0 0 0 0 0 0 0 0 0 0
          0 0 0 0 0 0 0 0 0 0 0 0
          0 0 0 0 0 0 0 0 0 0 0 0
          0 0 0 0 0 0 0 0 0 0 0 0
          0 0 0 0 0 0 0 0 0 0 0 0
          0 0 0 0 0 0 0 0 0 0 0 0
          0 0 0 0 0 0 0 0 0 0 0 0
          0 0 0 0 0 0 0 0 0 0 0 0
          0 0 0 0 0 0 0 0 0 0 0 0
          0 0 0 0 0 0 0 0 0 0 0 0
          0 0 0 0 0 0 0 0 0 0 0 0
          0 0 0 0 0 0 0 0 0 0 0 0
          0 0 0 0 0 0 0 0 0 0 0 0
          0 0 0 0 0 0 0 0 0 0 0 0
          0 0 0 0 0 0 0 0 0 0 0 0
          0 0 0 0 0 0 0 0 0 0 0 0
          0 0 0 0 0 0 0 0 0 0 0 0
          0 0 0 0
        </DataArray>
        <DataArray type="Float32" Name="rhoMolar_gas" NumberOfComponents="1" format="ascii">
          7491.56 7491.19 7483.56 7483.2 7490.82 7482.82 7490.44 7482.45 7490.05 7482.07 7489.66 7481.68
          7489.27 7481.29 7488.87 7480.9 7488.47 7480.5 7488.07 7480.1 7487.66 7479.69 7487.24 7479.28
          7486.82 7478.86 7486.4 7478.44 7485.97 7478.01 7485.54 7477.58 7485.1 7477.15 7484.66 7476.71
          7484.22 7476.27 7483.77 7475.82 7483.31 7475.37 7482.85 7474.92 7482.39 7474.46 7481.93 7473.99
          7481.46 7473.52 7480.98 7473.05 7480.51 7472.58 7480.02 7472.1 7479.54 7471.61 7479.05 7471.13
          7478.56 7470.64 7478.06 7470.14 7477.56 7469.64 7477.06 7469.14 7476.55 7468.63 7476.04 7468.12
          7475.52 7467.61 7475.01 7467.1 7474.49 7466.58 7473.96 7466.05 7473.43 7465.53 7472.9 7465
          7472.37 7464.47 7471.84 7463.93 7471.3 7463.4 7470.76 7462.86 7470.21 7462.31 7469.66 7461.77
          7469.12 7461.22 7468.56 7460.67 7468.01 7460.12 7467.45 7459.56 7466.9 7459 7466.34 7458.44
          7465.77 7457.88 7465.21 7457.32 7464.64 7456.75 7464.08 7456.19 7463.51 7455.62 7462.94 7455.05
          7462.36 7454.48 7461.79 7453.91 7461.22 7453.33 7460.64 7452.76 7460.06 7452.18 7459.49 7451.61
          7458.91 7451.03 7458.33 7450.45 7457.75 7449.87 7457.17 7449.29 7456.59 7448.71 7456.01 7448.13
          7455.43 7447.55 7454.85 7446.97 7454.27 7446.39 7453.69 7445.81 7475.44 7475.08 7474.71 7474.34
          7473.97 7473.59 7473.21 7472.82 7472.43 7472.03 7471.63 7471.22 7470.81 7470.39 7469.97 7469.55
          7469.12 7468.68 7468.25 7467.8 7467.36 7466.91 7466.45 7465.99 7465.53 7465.06 7464.59 7464.11
          7463.63 7463.15 7462.66 7462.17 7461.67 7461.18 7460.67 7460.17 7459.66 7459.15 7458.63 7458.11
          7457.59 7457.06 7456.53 7456 7455.46 7454.93 7454.39 7453.84 7453.3 7452.75 7452.2 7451.64
          7451.09 7450.53 7449.97 7449.41 7448.85 7448.28 7447.71 7447.15 7446.58 7446 7445.43 7444.86
          7444.28 7443.71 7443.13 7442.55 7441.98 7441.4 7440.82 7440.24 7439.66 7439.08 7438.5 7437.92
          7467.35 7467 7466.64 7466.27 7465.9 7465.53 7465.15 7464.77 7464.38 7463.99 7463.59 7463.19
          7462.79 7462.38 7461.96 7461.54 7461.12 7460.69 7460.25 7459.82 7459.37 7458.93 7458.48 7458.02
          7457.56 7457.1 7456.63 7456.16 7455.68 7455.2 7454.72 7454.23 7453.74 7453.24 7452.74 7452.24
          7451.73 7451.22 7450.71 7450.19 7449.67 7449.14 7448.62 7448.09 7447.55 7447.02 7446.48 7445.94
          7445.39 7444.85 7444.3 7443.75 7443.19 7442.64 7442.08 7441.52 7440.96 7440.39 7439.83 7439.26
          7438.69 7438.12 7437.55 7436.97 7436.4 7435.82 7435.25 7434.67 7434.09 7433.52 7432.94 7432.36
          7431.78 7431.2 7430.62 7430.04 7459.29 7458.94 7458.59 7458.23 7457.87 7457.5 7457.13 7456.75
          7456.37 7455.99 7455.59 7455.2 7454.8 7454.39 7453.98 7453.57 7453.15 7452.72 7452.29 7451.86
          7451.42 7450.98 7450.53 7450.08 7449.62 7449.16 7448.7 7448.23 7447.76 7447.28 7446.8 7446.31
          7445.82 7445.33 7444.83 7444.33 7443.83 7443.32 7442.81 7442.29 7441.78 7441.25 7440.73 7440.2
          7439.67 7439.14 7438.6 7438.06 7437.52 7436.97 7436.42 7435.87 7435.32 7434.76 7434.21 7433.65
          7433.08 7432.52 7431.96 7431.39 7430.82 7430.25 7429.68 7429.11 7428.53 7427.96 7427.38 7426.8
          7426.23 7425.65 7425.07 7424.49 7423.91 7423.33 7422.75 7422.17 7451.26 7450.92 7450.57 7450.22
          7449.87 7449.51 7449.14 7448.77 7448.39 7448.01 7447.62 7447.23 7446.84 7446.44 7446.03 7445.62
          7445.21 7444.79 7444.36 7443.93 7443.5 7443.06 7442.61 7442.17 7441.71 7441.26 7440.8 7440.33
          7439.86 7439.39 7438.91 7438.42 7437.94 7437.45 7436.95 7436.46 7435.95 7435.45 7434.94 7434.42
          7433.91 7433.39 7432.87 7432.34 7431.81 7431.28 7430.74 7430.2 7429.66 7429.11 7428.57 7428.02
          7427.47 7426.91 7426.35 7425.79 7425.23 7424.67 7424.1 7423.54 7422.97 7422.4 7421.83 7421.25
          7420.68 7420.1 7419.53 7418.95 7418.37 7417.79 7417.21 7416.63 7416.05 7415.47 7414.89 7414.31
          7443.26 7442.93 7442.59 7442.24 7441.89 7441.54 7441.18 7440.81 7440.44 7440.07 7439.69 7439.3
          7438.91 7438.51 7438.11 7437.71 7437.3 7436.88 7436.46 7436.03 7435.6 7435.17 7434.73 7434.28
          7433.83 7433.38 7432.92 7432.46 7431.99 7431.52 7431.05 7430.57 7430.08 7429.59 7429.1 7428.61
          7428.1 7427.6 7427.09 7426.58 7426.07 7425.55 7425.03 7424.5 7423.97 7423.44 7422.91 7422.37
          7421.83 7421.28 7420.74 7420.19 7419.63 7419.08 7418.52 7417.96 7417.4 7416.84 7416.27 7415.71
          7415.14 7414.57 7413.99 7413.42 7412.84 7412.27 7411.69 7411.11 7410.53 7409.95 7409.37 7408.79
          7408.21 7407.63 7407.05 7406.46 7435.3 7434.97 7434.64 7434.3 7433.95 7433.6 7433.25 7432.89
          7432.53 7432.16 7431.78 7431.4 7431.01 7430.62 7430.23 7429.82 7429.42 7429.01 7428.59 7428.17
          7427.74 7427.31 7426.87 7426.43 7425.99 7425.54 7425.08 7424.62 7424.16 7423.69 7423.21 7422.74
          7422.25 7421.77 7421.28 7420.78 7420.28 7419.78 7419.28 7418.77 7418.25 7417.73 7417.21 7416.69
          7416.16 7415.63 7415.09 7414.56 7414.02 7413.47 7412.93 7412.38 7411.82 7411.27 7410.71 7410.15
          7409.59 7409.03 7408.46 7407.89 7407.32 7406.75 7406.18 7405.6 7405.03 7404.45 7403.87 7403.29
          7402.71 7402.13 7401.54 7400.96 7400.38 7399.79 7399.21 7398.63 7427.36 7427.04 7426.71 7426.38
          7426.05 7425.7 7425.35 7425 7424.64 7424.28 7423.91 7423.53 7423.15 7422.76 7422.37 7421.97
          7421.57 7421.16 7420.75 7420.33 7419.91 7419.48 7419.05 7418.61 7418.17 7417.72 7417.27 7416.81
          7416.35 7415.88 7415.41 7414.93 7414.45 7413.97 7413.48 7412.99 7412.49 7411.99 7411.48 7410.98
          7410.46 7409.95 7409.43 7408.9 7408.37 7407.84 7407.31 7406.77 7406.23 7405.69 7405.14 7404.59
          7404.04 7403.48 7402.92 7402.36 7401.8 7401.23 7400.67 7400.1 7399.53 7398.95 7398.38 7397.8
          7397.22 7396.64 7396.06 7395.48 7394.9 7394.31 7393.73 7393.15 7392.56 7391.97 7391.39 7390.8
          7419.46 7419.15 7418.83 7418.5 7418.17 7417.83 7417.49 7417.14 7416.79 7416.43 7416.06 7415.69
          7415.32 7414.93 7414.55 7414.15 7413.76 7413.35 7412.94 7412.53 7412.11 7411.68 7411.25 7410.82
          7410.38 7409.93 7409.48 7409.03 7408.57 7408.1 7407.64 7407.16 7406.68 7406.2 7405.71 7405.22
          7404.73 7404.23 7403.72 7403.21 7402.7 7402.19 7401.67 7401.14 7400.61 7400.08 7399.55 7399.01
          7398.47 7397.92 7397.38 7396.83 7396.27 7395.72 7395.16 7394.6 7394.03 7393.46 7392.9 7392.32
          7391.75 7391.17 7390.6 7390.02 7389.44 7388.86 7388.27 7387.69 7387.1 7386.52 7385.93 7385.34
          7384.75 7384.17 7383.58 7382.99 7411.59 7411.28 7410.97 7410.65 7410.32 7409.99 7409.66 7409.31
          7408.97 7408.61 7408.25 7407.89 7407.52 7407.14 7406.76 7406.37 7405.97 7405.57 7405.17 7404.76
          7404.34 7403.92 7403.49 7403.06 7402.62 7402.18 7401.73 7401.28 7400.82 7400.36 7399.89 7399.42
          7398.94 7398.46 7397.98 7397.48 7396.99 7396.49 7395.99 7395.48 7394.97 7394.45 7393.93 7393.41
          7392.88 7392.35 7391.81 7391.27 7390.73 7390.19 7389.64 7389.09 7388.53 7387.97 7387.41 7386.85
          7386.28 7385.71 7385.14 7384.57 7383.99 7383.42 7382.84 7382.25 7381.67 7381.09 7380.5 7379.91
          7379.32 7378.73 7378.14 7377.55 7376.96 7376.37 7375.78 7375.19 7403.75 7403.45 7403.14 7402.83
          7402.51 7402.19 7401.86 7401.52 7401.18 7400.83 7400.48 7400.12 7399.75 7399.38 7399 7398.61
          7398.22 7397.83 7397.42 7397.02 7396.6 7396.19 7395.76 7395.33 7394.9 7394.46 7394.01 7393.56
          7393.1 7392.64 7392.18 7391.71 7391.23 7390.75 7390.27 7389.78 7389.28 7388.78 7388.28 7387.77
          7387.26 7386.75 7386.23 7385.7 7385.17 7384.64 7384.1 7383.56 7383.02 7382.48 7381.92 7381.37
          7380.81 7380.25 7379.69 7379.13 7378.56 7377.99 7377.41 7376.84 7376.26 7375.68 7375.09 7374.51
          7373.92 7373.33 7372.74 7372.15 7371.56 7370.97 7370.37 7369.78 7369.18 7368.59 7367.99 7367.39
          7395.95 7395.65 7395.35 7395.05 7394.74 7394.42 7394.09 7393.76 7393.43 7393.08 7392.73 7392.38
          7392.02 7391.65 7391.27 7390.89 7390.51 7390.11 7389.71 7389.31 7388.9 7388.48 7388.06 7387.64
          7387.2 7386.77 7386.32 7385.87 7385.42 7384.96 7384.5 7384.03 7383.55 7383.07 7382.59 7382.1
          7381.6 7381.11 7380.6 7380.1 7379.58 7379.07 7378.55 7378.02 7377.49 7376.96 7376.42 7375.88
          7375.34 7374.79 7374.24 7373.68 7373.12 7372.56 7371.99 7371.43 7370.85 7370.28 7369.7 7369.12
          7368.54 7367.96 7367.37 7366.78 7366.19 7365.6 7365.01 7364.41 7363.81 7363.22 7362.62 7362.02
          7361.42 7360.82 7360.22 7359.62 7388.23 7387.91 7387.6 7387.3 7386.99 7386.68 7386.36 7386.04
          7385.71 7385.37 7385.02 7384.67 7384.32 7383.95 7383.58 7383.21 7382.82 7382.43 7382.04 7381.64
          7381.23 7380.82 7380.4 7379.97 7379.54 7379.11 7378.67 7378.22 7377.77 7377.31 7376.84 7376.38
          7375.9 7375.42 7374.94 7374.45 7373.96 7373.46 7372.96 7372.45 7371.93 7371.42 7370.9 7370.37
          7369.84 7369.31 7368.77 7368.23 7367.68 7367.13 7366.57 7366.02 7365.45 7364.89 7364.32 7363.75
          7363.18 7362.6 7362.02 7361.43 7360.85 7360.26 7359.67 7359.08 7358.48 7357.88 7357.28 7356.68
          7356.08 7355.48 7354.88 7354.27 7353.67 7353.06 7352.45 7351.85 7381.1 7380.45 7380.01 7379.64
          7379.31 7378.99 7378.67 7378.35 7378.02 7377.69 7377.35 7377.01 7376.65 7376.29 7375.93 7375.55
          7375.18 7374.79 7374.4 7374 7373.59 7373.18 7372.77 7372.34 7371.92 7371.48 7371.04 7370.6
          7370.14 7369.69 7369.23 7368.76 7368.28 7367.81 7367.32 7366.83 7366.34 7365.84 7365.34 7364.83
          7364.32 7363.8 7363.28 7362.75 7362.22 7361.68 7361.14 7360.6 7360.05 7359.49 7358.94 7358.38
          7357.81 7357.25 7356.67 7356.1 7355.52 7354.94 7354.35 7353.77 7353.18 7352.58 7351.99 7351.39
          7350.79 7350.19 7349.58 7348.98 7348.37 7347.76 7347.15 7346.54 7345.93 7345.32 7344.7 7344.09
          7379.82 7375.39 7373.64 7372.6 7371.91 7371.45 7371.07 7370.72 7370.39 7370.05 7369.72 7369.37
          7369.02 7368.67 7368.31 7367.94 7367.56 7367.18 7366.79 7366.4 7365.99 7365.58 7365.17 7364.75
          7364.32 7363.89 7363.45 7363.01 7362.56 7362.1 7361.64 7361.17 7360.7 7360.22 7359.74 7359.25
          7358.75 7358.25 7357.75 7357.24 7356.73 7356.21 7355.68 7355.16 7354.62 7354.08 7353.54 7353
          7352.44 7351.89 7351.33 7350.77 7350.2 7349.63 7349.05 7348.47 7347.89 7347.3 7346.71 7346.12
          7345.53 7344.93 7344.33 7343.72 7343.12 7342.51 7341.9 7341.29 7340.67 7340.06 7339.44 7338.82
          7338.21 7337.59 7336.97 7336.35 7428.72 7388.64 7376.98 7371.74 7367.05 7365.17 7364.12 7363.39
          7362.91 7362.51 7362.14 7361.79 7361.44 7361.09 7360.73 7360.36 7359.99 7359.61 7359.22 7358.83
          7358.43 7358.02 7357.61 7357.19 7356.76 7356.33 7355.9 7355.45 7355 7354.55 7354.08 7353.62
          7353.15 7352.67 7352.18 7351.69 7351.2 7350.7 7350.2 7349.69 7349.17 7348.65 7348.12 7347.59
          7347.06 7346.52 7345.97 7345.42 7344.87 7344.31 7343.75 7343.18 7342.61 7342.04 7341.46 7340.87
          7340.29 7339.69 7339.1 7338.5 7337.9 7337.3 7336.69 7336.08 7335.47 7334.85 7334.23 7333.61
          7332.99 7332.37 7331.75 7331.12 7330.5 7329.87 7329.24 7328.62 7424.88 7423.25 7421.65 7420.08
          7385.29 7368.91 7363.68 7358.99 7356.78 7355.7 7354.93 7354.4 7353.97 7353.58 7353.2 7352.83
          7352.45 7352.07 7351.69 7351.3 7350.9 7350.49 7350.08 7349.66 7349.24 7348.81 7348.37 7347.93
          7347.48 7347.03 7346.57 7346.1 7345.63 7345.15 7344.66 7344.17 7343.68 7343.18 7342.67 7342.16
          7341.64 7341.12 7340.6 7340.06 7339.53 7338.98 7338.44 7337.88 7337.33 7336.77 7336.2 7335.63
          7335.05 7334.47 7333.89 7333.3 7332.71 7332.11 7331.51 7330.91 7330.3 7329.69 7329.07 7328.46
          7327.84 7327.21 7326.59 7325.96 7325.33 7324.7 7324.07 7323.44 7322.8 7322.17 7321.53 7320.9
          7422.15 7420.29 7418.45 7416.7 7414.99 7413.29 7411.5 7402.99 7361.75 7356.02 7351.63 7348.62
          7347.42 7346.58 7345.94 7345.46 7345.03 7344.62 7344.22 7343.82 7343.41 7343.01 7342.59 7342.18
          7341.75 7341.32 7340.89 7340.44 7340 7339.54 7339.08 7338.61 7338.14 7337.66 7337.18 7336.69
          7336.19 7335.69 7335.18 7334.67 7334.15 7333.63 7333.1 7332.56 7332.02 7331.48 7330.93 7330.37
          7329.81 7329.25 7328.68 7328.1 7327.52 7326.94 7326.35 7325.76 7325.16 7324.56 7323.95 7323.34
          7322.72 7322.11 7321.48 7320.86 7320.23 7319.6 7318.97 7318.33 7317.69 7317.05 7316.41 7315.77
          7315.12 7314.48 7313.83 7313.19 7419.88 7417.98 7416.09 7414.21 7412.33 7410.46 7408.68 7406.91
          7405.13 7403.19 7401.77 7356.59 7349.1 7345.06 7341.12 7339.4 7338.45 7337.67 7337.05 7336.54
          7336.07 7335.62 7335.18 7334.75 7334.32 7333.88 7333.44 7333 7332.55 7332.09 7331.63 7331.16
          7330.69 7330.21 7329.73 7329.23 7328.74 7328.23 7327.73 7327.21 7326.69 7326.17 7325.64 7325.1
          7324.56 7324.01 7323.46 7322.9 7322.33 7321.76 7321.19 7320.61 7320.03 7319.44 7318.84 7318.24
          7317.64 7317.03 7316.42 7315.8 7315.18 7314.55 7313.92 7313.29 7312.65 7312.01 7311.37 7310.72
          7310.07 7309.42 7308.77 7308.12 7307.46 7306.81 7306.15 7305.49 7417.79 7415.89 7414 7412.11
          7410.23 7408.35 7406.48 7404.6 7402.73 7400.92 7399.15 7397.33 7395.39 7393.24 7373.84 7343.88
          7339.56 7336.08 7332.54 7330.81 7329.83 7329 7328.26 7327.63 7327.09 7326.59 7326.11 7325.63
          7325.16 7324.7 7324.23 7323.76 7323.28 7322.8 7322.31 7321.82 7321.32 7320.81 7320.3 7319.79
          7319.27 7318.74 7318.21 7317.67 7317.12 7316.57 7316.01 7315.45 7314.89 7314.31 7313.73 7313.15
          7312.56 7311.97 7311.37 7310.76 7310.15 7309.53 7308.91 7308.29 7307.66 7307.02 7306.38 7305.74
          7305.09 7304.44 7303.79 7303.13 7302.47 7301.81 7301.15 7300.48 7299.81 7299.15 7298.48 7297.81
          7415.85 7413.96 7412.08 7410.21 7408.33 7406.46 7404.6 7402.74 7400.89 7399.04 7397.19 7395.33
          7393.5 7391.78 7389.98 7388.13 7386.08 7383.73 7376.3 7336.59 7332.49 7329.6 7326.48 7323.32
          7321.5 7320.52 7319.66 7318.88 7318.17 7317.56 7317.02 7316.49 7315.97 7315.46 7314.96 7314.45
          7313.95 7313.44 7312.92 7312.4 7311.88 7311.35 7310.81 7310.27 7309.72 7309.17 7308.61 7308.04
          7307.47 7306.9 7306.31 7305.72 7305.13 7304.53 7303.92 7303.31 7302.69 7302.07 7301.44 7300.81
          7300.17 7299.53 7298.88 7298.22 7297.57 7296.9 7296.24 7295.57 7294.9 7294.22 7293.54 7292.86
          7292.18 7291.5 7290.82 7290.14 7414.06 7412.18 7410.31 7408.45 7406.59 7404.74 7402.9 7401.05
          7399.22 7397.39 7395.56 7393.74 7391.93 7390.11 7388.29 7386.47 7384.68 7383.01 7381.28 7379.49
          7377.6 7375.45 7373.2 7371.93 7328.05 7323.73 7321.08 7318.33 7315.37 7312.59 7311.25 7310.34
          7309.5 7308.71 7307.99 7307.35 7306.76 7306.2 7305.64 7305.1 7304.55 7304.01 7303.47 7302.92
          7302.36 7301.8 7301.24 7300.67 7300.1 7299.51 7298.93 7298.33 7297.73 7297.13 7296.51 7295.9
          7295.27 7294.64 7294.01 7293.36 7292.71 7292.06 7291.4 7290.74 7290.07 7289.39 7288.71 7288.03
          7287.34 7286.65 7285.96 7285.27 7284.57 7283.87 7283.18 7282.48 7412.4 7410.54 7408.69 7406.84
          7405 7403.16 7401.33 7399.5 7397.69 7395.87 7394.06 7392.26 7390.46 7388.67 7386.88 7385.1
          7383.33 7381.56 7379.78 7377.98 7376.18 7374.42 7372.73 7371.02 7369.26 7367.41 7365.35 7363.1
          7361.32 7340.57 7316.06 7313.04 7310.59 7307.98 7305.29 7302.74 7301.05 7300.09 7299.24 7298.44
          7297.68 7296.97 7296.32 7295.71 7295.11 7294.53 7293.94 7293.36 7292.77 7292.18 7291.58 7290.98
          7290.38 7289.76 7289.14 7288.52 7287.89 7287.25 7286.6 7285.95 7285.29 7284.63 7283.96 7283.28
          7282.6 7281.91 7281.22 7280.52 7279.82 7279.11 7278.4 7277.69 7276.98 7276.26 7275.55 7274.83
          7410.89 7409.04 7407.19 7405.36 7403.53 7401.7 7399.89 7398.07 7396.27 7394.47 7392.67 7390.88
          7389.1 7387.32 7385.54 7383.77 7382 7380.24 7378.47 7376.71 7374.95 7373.2 7371.45 7369.69
          7367.91 7366.12 7364.35 7362.61 7360.91 7359.21 7357.44 7355.55 7353.48 7351.28 7349.5 7348.31
          7306.99 7302.88 7300.6 7298.28 7295.8 7293.41 7291.09 7289.73 7288.82 7287.99 7287.19 7286.42
          7285.7 7285.01 7284.36 7283.73 7283.09 7282.46 7281.83 7281.19 7280.55 7279.9 7279.25 7278.58
          7277.91 7277.24 7276.56 7275.87 7275.17 7274.47 7273.76 7273.04 7272.32 7271.6 7270.87 7270.13
          7269.4 7268.66 7267.93 7267.19 7409.49 7407.65 7405.82 7403.99 7402.17 7400.36 7398.55 7396.75
          7394.95 7393.16 7391.37 7389.59 7387.82 7386.05 7384.28 7382.52 7380.76 7379 7377.24 7375.49
          7373.74 7371.99 7370.24 7368.49 7366.74 7365 7363.25 7361.51 7359.76 7358.01 7356.23 7354.45
          7352.66 7350.91 7349.19 7347.51 7345.76 7343.91 7341.92 7339.78 7337.72 7336.19 7335.04 7293.81
          7290.66 7288.55 7286.35 7284.08 7281.86 7279.77 7278.22 7277.3 7276.45 7275.64 7274.85 7274.09
          7273.36 7272.65 7271.96 7271.28 7270.59 7269.9 7269.2 7268.49 7267.78 7267.06 7266.33 7265.6
          7264.86 7264.11 7263.36 7262.6 7261.84 7261.08 7260.32 7259.56 7408.2 7406.37 7404.54 7402.72
          7400.91 7399.1 7397.3 7395.51 7393.72 7391.94 7390.16 7388.38 7386.61 7384.85 7383.09 7381.33
          7379.57 7377.82 7376.07 7374.33 7372.58 7370.84 7369.1 7367.36 7365.62 7363.88 7362.14 7360.4
          7358.66 7356.91 7355.17 7353.42 7351.68 7349.94 7348.19 7346.44 7344.67 7342.89 7341.08 7339.28
          7337.52 7335.8 7334.1 7332.32 7330.43 7328.41 7326.26 7324.2 7322.59 7321.33 7282.34 7278.44
          7276.41 7274.4 7272.27 7270.13 7268.15 7266.31 7265.32 7264.45 7263.62 7262.8 7262.01 7261.23
          7260.46 7259.71 7258.95 7258.2 7257.43 7256.66 7255.88 7255.1 7254.31 7253.52 7252.73 7251.94
          7407.01 7405.18 7403.36 7401.55 7399.74 7397.94 7396.14 7394.35 7392.57 7390.79 7389.01 7387.24
          7385.48 7383.72 7381.96 7380.2 7378.45 7376.71 7374.96 7373.22 7371.48 7369.74 7368 7366.26
          7364.53 7362.79 7361.06 7359.33 7357.59 7355.86 7354.12 7352.38 7350.65 7348.91 7347.17 7345.42
          7343.67 7341.91 7340.16 7338.4 7336.64 7334.89 7333.11 7331.33 7329.51 7327.67 7325.84 7324.04
          7322.28 7320.55 7318.73 7316.82 7314.78 7312.6 7310.41 7308.56 7307.1 7270.76 7265.48 7263.43
          7261.54 7259.52 7257.58 7255.63 7253.92 7252.72 7251.82 7250.97 7250.12 7249.29 7248.46 7247.63
          7246.8 7245.98 7245.15 7244.32 7405.9 7404.08 7402.26 7400.45 7398.64 7396.84 7395.05 7393.26
          7391.48 7389.71 7387.93 7386.17 7384.4 7382.64 7380.89 7379.14 7377.39 7375.64 7373.9 7372.16
          7370.42 7368.69 7366.95 7365.22 7363.49 7361.76 7360.02 7358.29 7356.56 7354.83 7353.1 7351.37
          7349.63 7347.9 7346.16 7344.42 7342.68 7340.93 7339.18 7337.43 7335.68 7333.92 7332.15 7330.38
          7328.59 7326.8 7325.01 7323.22 7321.42 7319.61 7317.78 7315.92 7314.03 7312.12 7310.24 7308.39
          7306.56 7304.69 7302.71 7300.61 7298.36 7296 7293.81 7292.08 7290.67 7251.84 7248.8 7246.94
          7245.1 7243.24 7241.6 7240.28 7239.34 7238.46 7237.59 7236.71 7404.87 7403.04 7401.23 7399.42
          7397.61 7395.82 7394.02 7392.24 7390.46 7388.68 7386.91 7385.15 7383.39 7381.63 7379.88 7378.13
          7376.38 7374.63 7372.89 7371.15 7369.42 7367.68 7365.95 7364.22 7362.49 7360.76 7359.03 7357.3
          7355.57 7353.84 7352.11 7350.38 7348.65 7346.91 7345.18 7343.44 7341.7 7339.96 7338.21 7336.47
          7334.71 7332.96 7331.19 7329.42 7327.65 7325.87 7324.08 7322.29 7320.49 7318.67 7316.85 7315.01
          7313.16 7311.3 7309.43 7307.55 7305.66 7303.75 7301.79 7299.79 7297.76 7295.73 7293.71 7291.71
          7289.68 7287.5 7285.15 7282.64 7279.97 7277.47 7275.58 7237.85 7233.51 7231.68 7230.19 7229.08
          7403.9 7402.07 7400.26 7398.45 7396.64 7394.85 7393.06 7391.27 7389.49 7387.72 7385.95 7384.18
          7382.42 7380.67 7378.91 7377.16 7375.42 7373.67 7371.93 7370.19 7368.46 7366.72 7364.99 7363.26
          7361.53 7359.8 7358.07 7356.34 7354.61 7352.88 7351.15 7349.42 7347.69 7345.96 7344.23 7342.49
          7340.75 7339.01 7337.26 7335.52 7333.76 7332.01 7330.24 7328.48 7326.7 7324.93 7323.14 7321.35
          7319.54 7317.73 7315.91 7314.08 7312.23 7310.38 7308.51 7306.63 7304.73 7302.8 7300.85 7298.88
          7296.88 7294.87 7292.85 7290.8 7288.68 7286.5 7284.24 7281.9 7279.57 7277.29 7274.98 7272.3
          7269.03 7264.9 7262 7224.13
        </DataArray>
        <DataArray type="Float32" Name="phase presence" NumberOfComponents="1" format="ascii">
          1 1 1 1 1 1 1 1 1 1 1 1
          1 1 1 1 1 1 1 1 1 1 1 1
          1 1 1 1 1 1 1 1 1 1 1 1
          1 1 1 1 1 1 1 1 1 1 1 1
          1 1 1 1 1 1 1 1 1 1 1 1
          1 1 1 1 1 1 1 1 1 1 1 1
          1 1 1 1 1 1 1 1 1 1 1 1
          1 1 1 1 1 1 1 1 1 1 1 1
          1 1 1 1 1 1 1 1 1 1 1 1
          1 1 1 1 1 1 1 1 1 1 1 1
          1 1 1 1 1 1 1 1 1 1 1 1
          1 1 1 1 1 1 1 1 1 1 1 1
          1 1 1 1 1 1 1 1 1 1 1 1
          1 1 1 1 1 1 1 1 1 1 1 1
          1 1 1 1 1 1 1 1 1 1 1 1
          1 1 1 1 1 1 1 1 1 1 1 1
          1 1 1 1 1 1 1 1 1 1 1 1
          1 1 1 1 1 1 1 1 1 1 1 1
          1 1 1 1 1 1 1 1 1 1 1 1
          1 1 1 1 1 1 1 1 1 1 1 1
          1 1 1 1 1 1 1 1 1 1 1 1
          1 1 1 1 1 1 1 1 1 1 1 1
          1 1 1 1 1 1 1 1 1 1 1 1
          1 1 1 1 1 1 1 1 1 1 1 1
          1 1 1 1 1 1 1 1 1 1 1 1
          1 1 1 1 1 1 1 1 1 1 1 1
          1 1 1 1 1 1 1 1 1 1 1 1
          1 1 1 1 1 1 1 1 1 1 1 1
          1 1 1 1 1 1 1 1 1 1 1 1
          1 1 1 1 1 1 1 1 1 1 1 1
          1 1 1 1 1 1 1 1 1 1 1 1
          1 1 1 1 1 1 1 1 1 1 1 1
          1 1 1 1 1 1 1 1 1 1 1 1
          1 1 1 1 1 1 1 1 1 1 1 1
          1 1 1 1 1 1 1 1 1 1 1 1
          1 1 1 1 1 1 1 1 1 1 1 1
          1 1 1 1 1 1 1 1 1 1 1 1
          1 1 1 1 1 1 1 1 1 1 1 1
          1 1 1 1 1 1 1 1 1 1 1 1
          1 1 1 1 1 1 1 1 1 1 1 1
          1 1 1 1 1 1 1 1 1 1 1 1
          1 1 1 1 1 1 1 1 1 1 1 1
          1 1 1 1 1 1 1 1 1 1 1 1
          1 1 1 1 1 1 1 1 1 1 1 1
          1 1 1 1 1 1 1 1 1 1 1 1
          1 1 1 1 1 1 1 1 1 1 1 1
          1 1 1 1 1 1 1 1 1 1 1 1
          1 1 1 1 1 1 1 1 1 1 1 1
          1 1 1 1 1 1 1 1 1 1 1 1
          1 1 1 1 1 1 1 1 1 1 1 1
          1 1 1 1 1 1 1 1 1 1 1 1
          1 1 1 1 1 1 1 1 1 1 1 1
          1 1 1 1 1 1 1 1 1 1 1 1
          1 1 1 1 1 1 1 1 1 1 1 1
          1 1 1 1 1 1 1 1 1 1 1 1
          1 1 1 1 1 1 1 1 1 1 1 1
          1 1 1 1 1 1 1 1 1 1 1 1
          1 1 1 1 1 1 1 1 1 1 1 1
          1 1 1 1 1 1 1 1 1 1 1 1
          1 1 1 1 1 1 1 1 1 1 1 1
          1 1 1 1 1 1 1 1 1 1 1 1
          1 1 1 1 1 1 1 1 1 1 1 1
          1 1 1 1 1 1 1 1 1 1 1 1
          1 1 1 1 1 1 1 1 1 1 1 1
          1 1 1 1 1 1 1 1 1 1 1 1
          1 1 1 1 1 1 1 1 1 1 1 1
          1 1 1 1 1 1 1 1 1 1 1 1
          1 1 1 1 1 1 1 1 1 1 1 1
          1 1 1 1 1 1 1 1 1 1 1 1
          1 1 1 1 1 1 1 1 1 1 1 1
          1 1 1 1 1 1 1 1 1 1 1 1
          1 1 1 1 1 1 1 1 1 1 1 1
          1 1 1 1 1 1 1 1 1 1 1 1
          1 1 1 1 1 1 1 1 1 1 1 1
          1 1 1 1 1 1 1 1 1 1 1 1
          1 1 1 1 1 1 1 1 1 1 1 1
          1 1 1 1 1 1 1 1 1 1 1 1
          1 1 1 1 1 1 1 1 1 1 1 1
          1 1 1 1 1 1 1 1 1 1 1 1
          1 1 1 1 1 1 1 1 1 1 1 1
          1 1 1 1 1 1 1 1 1 1 1 1
          1 1 1 1 1 1 1 1 1 1 1 1
          1 1 1 1 1 1 1 1 1 1 1 1
          1 1 1 1 1 1 1 1 1 1 1 1
          1 1 1 1 1 1 1 1 1 1 1 1
          1 1 1 1 1 1 1 1 1 1 1 1
          1 1 1 1 1 1 1 1 1 1 1 1
          1 1 1 1 1 1 1 1 1 1 1 1
          1 1 1 1 1 1 1 1 1 1 1 1
          1 1 1 1 1 1 1 1 1 1 1 1
          1 1 1 1 1 1 1 1 1 1 1 1
          1 1 1 1 1 1 1 1 1 1 1 1
          1 1 1 1 1 1 1 1 1 1 1 1
          1 1 1 1 1 1 1 1 1 1 1 1
          1 1 1 1 1 1 1 1 1 1 1 1
          1 1 1 1 1 1 1 1 1 1 1 1
          1 1 1 1 1 1 1 1 1 1 1 1
          1 1 1 1 1 1 1 1 1 1 1 1
          1 1 1 1 1 1 1 1 1 1 1 1
          1 1 1 1 1 1 1 1 1 1 1 1
          1 1 1 1 1 1 1 1 1 1 1 1
          1 1 1 1 3 1 1 1 1 1 1 1
          1 1 1 1 1 1 1 1 1 1 1 1
          1 1 1 1 1 1 1 1 1 1 1 1
          1 1 1 1 1 1 1 1 1 1 1 1
          1 1 1 1 1 1 1 1 1 1 1 1
          1 1 1 1 1 1 1 1 1 1 1 1
          1 1 1 1 1 1 1 1 3 3 3 3
          1 1 1 1 1 1 1 1 1 1 1 1
          1 1 1 1 1 1 1 1 1 1 1 1
          1 1 1 1 1 1 1 1 1 1 1 1
          1 1 1 1 1 1 1 1 1 1 1 1
          1 1 1 1 1 1 1 1 1 1 1 1
          1 1 1 1 1 1 1 1 1 1 1 1
          3 3 3 3 3 3 3 1 1 1 1 1
          1 1 1 1 1 1 1 1 1 1 1 1
          1 1 1 1 1 1 1 1 1 1 1 1
          1 1 1 1 1 1 1 1 1 1 1 1
          1 1 1 1 1 1 1 1 1 1 1 1
          1 1 1 1 1 1 1 1 1 1 1 1
          1 1 1 1 3 3 3 3 3 3 3 3
          3 3 3 1 1 1 1 1 1 1 1 1
          1 1 1 1 1 1 1 1 1 1 1 1
          1 1 1 1 1 1 1 1 1 1 1 1
          1 1 1 1 1 1 1 1 1 1 1 1
          1 1 1 1 1 1 1 1 1 1 1 1
          1 1 1 1 1 1 1 1 3 3 3 3
          3 3 3 3 3 3 3 3 3 3 1 1
          1 1 1 1 1 1 1 1 1 1 1 1
          1 1 1 1 1 1 1 1 1 1 1 1
          1 1 1 1 1 1 1 1 1 1 1 1
          1 1 1 1 1 1 1 1 1 1 1 1
          1 1 1 1 1 1 1 1 1 1 1 1
          3 3 3 3 3 3 3 3 3 3 3 3
          3 3 3 3 3 3 1 1 1 1 1 1
          1 1 1 1 1 1 1 1 1 1 1 1
          1 1 1 1 1 1 1 1 1 1 1 1
          1 1 1 1 1 1 1 1 1 1 1 1
          1 1 1 1 1 1 1 1 1 1 1 1
          1 1 1 1 3 3 3 3 3 3 3 3
          3 3 3 3 3 3 3 3 3 3 3 3
          3 3 3 3 1 1 1 1 1 1 1 1
          1 1 1 1 1 1 1 1 1 1 1 1
          1 1 1 1 1 1 1 1 1 1 1 1
          1 1 1 1 1 1 1 1 1 1 1 1
          1 1 1 1 1 1 1 1 3 3 3 3
          3 3 3 3 3 3 3 3 3 3 3 3
          3 3 3 3 3 3 3 3 3 3 3 3
          3 1 1 1 1 1 1 1 1 1 1 1
          1 1 1 1 1 1 1 1 1 1 1 1
          1 1 1 1 1 1 1 1 1 1 1 1
          1 1 1 1 1 1 1 1 1 1 1 1
          3 3 3 3 3 3 3 3 3 3 3 3
          3 3 3 3 3 3 3 3 3 3 3 3
          3 3 3 3 3 3 3 3 3 3 3 3
          1 1 1 1 1 1 1 1 1 1 1 1
          1 1 1 1 1 1 1 1 1 1 1 1
          1 1 1 1 1 1 1 1 1 1 1 1
          1 1 1 1 3 3 3 3 3 3 3 3
          3 3 3 3 3 3 3 3 3 3 3 3
          3 3 3 3 3 3 3 3 3 3 3 3
          3 3 3 3 3 3 3 3 3 3 3 1
          1 1 1 1 1 1 1 1 1 1 1 1
          1 1 1 1 1 1 1 1 1 1 1 1
          1 1 1 1 1 1 1 1 3 3 3 3
          3 3 3 3 3 3 3 3 3 3 3 3
          3 3 3 3 3 3 3 3 3 3 3 3
          3 3 3 3 3 3 3 3 3 3 3 3
          3 3 3 3 3 3 3 3 3 3 1 1
          1 1 1 1 1 1 1 1 1 1 1 1
          1 1 1 1 1 1 1 1 1 1 1 1
          3 3 3 3 3 3 3 3 3 3 3 3
          3 3 3 3 3 3 3 3 3 3 3 3
          3 3 3 3 3 3 3 3 3 3 3 3
          3 3 3 3 3 3 3 3 3 3 3 3
          3 3 3 3 3 3 3 3 3 1 1 1
          1 1 1 1 1 1 1 1 1 1 1 1
          1 1 1 1 3 3 3 3 3 3 3 3
          3 3 3 3 3 3 3 3 3 3 3 3
          3 3 3 3 3 3 3 3 3 3 3 3
          3 3 3 3 3 3 3 3 3 3 3 3
          3 3 3 3 3 3 3 3 3 3 3 3
          3 3 3 3 3 3 3 3 3 1 1 1
          1 1 1 1 1 1 1 1 3 3 3 3
          3 3 3 3 3 3 3 3 3 3 3 3
          3 3 3 3 3 3 3 3 3 3 3 3
          3 3 3 3 3 3 3 3 3 3 3 3
          3 3 3 3 3 3 3 3 3 3 3 3
          3 3 3 3 3 3 3 3 3 3 3 3
          3 3 3 3 3 3 3 1 1 1 1 1
          3 3 3 3 3 3 3 3 3 3 3 3
          3 3 3 3 3 3 3 3 3 3 3 3
          3 3 3 3 3 3 3 3 3 3 3 3
          3 3 3 3 3 3 3 3 3 3 3 3
          3 3 3 3 3 3 3 3 3 3 3 3
          3 3 3 3 3 3 3 3 3 3 3 3
          3 3 3 1
        </DataArray>
        <DataArray type="Float32" Name="velocity_liq (m/s)" NumberOfComponents="3" format="ascii">
          6.9767e-08 -5.15471e-10 0 1.4033e-07 -1.03133e-09 0 6.97653e-08 -1.03113e-09 0 1.40328e-07 -2.06307e-09 0
          1.41925e-07 -1.03167e-09 0 1.41924e-07 -2.06376e-09 0 1.43524e-07 -1.03176e-09 0 1.43524e-07 -2.06397e-09 0
          1.45126e-07 -1.0316e-09 0 1.45128e-07 -2.06368e-09 0 1.4673e-07 -1.03118e-09 0 1.46733e-07 -2.06286e-09 0
          1.48335e-07 -1.0305e-09 0 1.4834e-07 -2.06151e-09 0 1.49939e-07 -1.02954e-09 0 1.49946e-07 -2.05961e-09 0
          1.51543e-07 -1.02831e-09 0 1.51552e-07 -2.05716e-09 0 1.53145e-07 -1.0268e-09 0 1.53155e-07 -2.05414e-09 0
          1.54744e-07 -1.025e-09 0 1.54756e-07 -2.05055e-09 0 1.5634e-07 -1.02292e-09 0 1.56353e-07 -2.0464e-09 0
          1.5793e-07 -1.02056e-09 0 1.57945e-07 -2.04168e-09 0 1.59515e-07 -1.01792e-09 0 1.59532e-07 -2.03639e-09 0
          1.61093e-07 -1.01499e-09 0 1.61111e-07 -2.03054e-09 0 1.62663e-07 -1.01178e-09 0 1.62683e-07 -2.02414e-09 0
          1.64225e-07 -1.0083e-09 0 1.64247e-07 -2.01717e-09 0 1.65778e-07 -1.00455e-09 0 1.65801e-07 -2.00966e-09 0
          1.6732e-07 -1.00052e-09 0 1.67345e-07 -2.0016e-09 0 1.68852e-07 -9.96223e-10 0 1.68878e-07 -1.99301e-09 0
          1.70371e-07 -9.91662e-10 0 1.70399e-07 -1.98389e-09 0 1.71878e-07 -9.86838e-10 0 1.71908e-07 -1.97424e-09 0
          1.73371e-07 -9.81754e-10 0 1.73402e-07 -1.96407e-09 0 1.7485e-07 -9.76413e-10 0 1.74883e-07 -1.95338e-09 0
          1.76314e-07 -9.70818e-10 0 1.76348e-07 -1.94219e-09 0 1.77762e-07 -9.64971e-10 0 1.77798e-07 -1.9305e-09 0
          1.79194e-07 -9.58874e-10 0 1.79231e-07 -1.91831e-09 0 1.80608e-07 -9.52529e-10 0 1.80647e-07 -1.90562e-09 0
          1.82004e-07 -9.45938e-10 0 1.82044e-07 -1.89243e-09 0 1.83382e-07 -9.39103e-10 0 1.83423e-07 -1.87876e-09 0
          1.8474e-07 -9.32023e-10 0 1.84783e-07 -1.86461e-09 0 1.86078e-07 -9.24701e-10 0 1.86123e-07 -1.84996e-09 0
          1.87395e-07 -9.17137e-10 0 1.87441e-07 -1.83484e-09 0 1.88691e-07 -9.09331e-10 0 1.88739e-07 -1.81923e-09 0
          1.89965e-07 -9.01285e-10 0 1.90014e-07 -1.80314e-09 0 1.91216e-07 -8.92997e-10 0 1.91266e-07 -1.78656e-09 0
          1.92443e-07 -8.8447e-10 0 1.92495e-07 -1.76951e-09 0 1.93646e-07 -8.75702e-10 0 1.937e-07 -1.75198e-09 0
          1.94825e-07 -8.66694e-10 0 1.94879e-07 -1.73396e-09 0 1.95977e-07 -8.57447e-10 0 1.96034e-07 -1.71547e-09 0
          1.97104e-07 -8.4796e-10 0 1.97162e-07 -1.6965e-09 0 1.98204e-07 -8.38236e-10 0 1.98263e-07 -1.67705e-09 0
          1.99276e-07 -8.28273e-10 0 1.99337e-07 -1.65713e-09 0 2.00321e-07 -8.18075e-10 0 2.00383e-07 -1.63673e-09 0
          2.01336e-07 -8.07641e-10 0 2.014e-07 -1.61586e-09 0 2.02323e-07 -7.96975e-10 0 2.02387e-07 -1.59453e-09 0
          2.03279e-07 -7.86079e-10 0 2.03345e-07 -1.57273e-09 0 2.04204e-07 -7.74954e-10 0 2.04272e-07 -1.55048e-09 0
          2.05099e-07 -7.63606e-10 0 2.05168e-07 -1.52778e-09 0 2.05962e-07 -7.52039e-10 0 2.06032e-07 -1.50463e-09 0
          2.06792e-07 -7.40256e-10 0 2.06863e-07 -1.48106e-09 0 2.07589e-07 -7.28263e-10 0 2.07662e-07 -1.45707e-09 0
          2.08353e-07 -7.16068e-10 0 2.08427e-07 -1.43266e-09 0 2.09083e-07 -7.03676e-10 0 2.09158e-07 -1.40787e-09 0
          2.09779e-07 -6.91096e-10 0 2.09855e-07 -1.38269e-09 0 2.10439e-07 -6.78336e-10 0 2.10516e-07 -1.35716e-09 0
          2.11065e-07 -6.65406e-10 0 2.11143e-07 -1.33128e-09 0 2.11654e-07 -6.52317e-10 0 2.11733e-07 -1.30508e-09 0
          2.12208e-07 -6.39079e-10 0 2.12288e-07 -1.27858e-09 0 2.12725e-07 -6.25704e-10 0 2.12806e-07 -1.25181e-09 0
          2.13205e-07 -6.12205e-10 0 2.13287e-07 -1.22479e-09 0 2.13649e-07 -5.98597e-10 0 2.13731e-07 -1.19755e-09 0
          2.14055e-07 -5.84892e-10 0 2.14138e-07 -1.17011e-09 0 2.14425e-07 -5.71107e-10 0 2.14507e-07 -1.14251e-09 0
          2.14756e-07 -5.57257e-10 0 2.1484e-07 -1.11478e-09 0 2.15051e-07 -5.43358e-10 0 2.15134e-07 -1.08695e-09 0
          2.15308e-07 -5.29428e-10 0 2.15392e-07 -1.05906e-09 0 2.15528e-07 -5.15482e-10 0 2.15611e-07 -1.03114e-09 0
          2.1571e-07 -5.01538e-10 0 2.15794e-07 -1.00322e-09 0 2.15856e-07 -4.87615e-10 0 2.15939e-07 -9.75335e-10 0
          2.15964e-07 -4.7373e-10 0 2.16047e-07 -9.47531e-10 0 2.16036e-07 -4.59901e-10 0 2.16119e-07 -9.19838e-10 0
          2.16072e-07 -4.46145e-10 0 2.16155e-07 -8.92293e-10 0 2.16072e-07 -4.32481e-10 0 2.16154e-07 -8.64931e-10 0
          2.16037e-07 -4.18925e-10 0 2.16118e-07 -8.37787e-10 0 1.08005e-07 -2.04418e-10 0 1.08046e-07 -4.08791e-10 0
          6.976e-08 -2.06302e-09 0 1.40319e-07 -4.12775e-09 0 1.4192e-07 -4.12925e-09 0 1.43525e-07 -4.12977e-09 0
          1.45133e-07 -4.12927e-09 0 1.46743e-07 -4.12771e-09 0 1.48354e-07 -4.12507e-09 0 1.49966e-07 -4.12133e-09 0
          1.51576e-07 -4.11646e-09 0 1.53185e-07 -4.11046e-09 0 1.54791e-07 -4.10332e-09 0 1.56393e-07 -4.09504e-09 0
          1.5799e-07 -4.08561e-09 0 1.59582e-07 -4.07505e-09 0 1.61167e-07 -4.06335e-09 0 1.62744e-07 -4.05054e-09 0
          1.64312e-07 -4.03661e-09 0 1.65871e-07 -4.02158e-09 0 1.6742e-07 -4.00546e-09 0 1.68958e-07 -3.98827e-09 0
          1.70484e-07 -3.97002e-09 0 1.71997e-07 -3.95071e-09 0 1.73496e-07 -3.93037e-09 0 1.74981e-07 -3.909e-09 0
          1.76451e-07 -3.88662e-09 0 1.77905e-07 -3.86322e-09 0 1.79343e-07 -3.83884e-09 0 1.80763e-07 -3.81346e-09 0
          1.82165e-07 -3.7871e-09 0 1.83549e-07 -3.75976e-09 0 1.84913e-07 -3.73145e-09 0 1.86257e-07 -3.70217e-09 0
          1.8758e-07 -3.67193e-09 0 1.88881e-07 -3.64072e-09 0 1.90161e-07 -3.60855e-09 0 1.91417e-07 -3.57541e-09 0
          1.92651e-07 -3.54131e-09 0 1.93859e-07 -3.50626e-09 0 1.95044e-07 -3.47024e-09 0 1.96202e-07 -3.43326e-09 0
          1.97335e-07 -3.39532e-09 0 1.9844e-07 -3.35643e-09 0 1.99518e-07 -3.31658e-09 0 2.00568e-07 -3.27578e-09 0
          2.0159e-07 -3.23404e-09 0 2.02581e-07 -3.19137e-09 0 2.03543e-07 -3.14776e-09 0 2.04474e-07 -3.10324e-09 0
          2.05374e-07 -3.05781e-09 0 2.06242e-07 -3.0115e-09 0 2.07077e-07 -2.96432e-09 0 2.0788e-07 -2.9163e-09 0
          2.08648e-07 -2.86745e-09 0 2.09383e-07 -2.8178e-09 0 2.10083e-07 -2.7674e-09 0 2.10748e-07 -2.71626e-09 0
          2.11377e-07 -2.66444e-09 0 2.11971e-07 -2.61196e-09 0 2.12527e-07 -2.55888e-09 0 2.13048e-07 -2.50525e-09 0
          2.13531e-07 -2.45111e-09 0 2.13977e-07 -2.39652e-09 0 2.14386e-07 -2.34154e-09 0 2.14757e-07 -2.28622e-09 0
          2.1509e-07 -2.23064e-09 0 2.15385e-07 -2.17486e-09 0 2.15643e-07 -2.11895e-09 0 2.15863e-07 -2.06297e-09 0
          2.16045e-07 -2.00699e-09 0 2.1619e-07 -1.9511e-09 0 2.16298e-07 -1.89535e-09 0 2.16368e-07 -1.83983e-09 0
          2.16402e-07 -1.7846e-09 0 2.164e-07 -1.72974e-09 0 2.16361e-07 -1.67532e-09 0 1.08167e-07 -8.17406e-10 0
          6.97505e-08 -3.09644e-09 0 1.40304e-07 -6.19569e-09 0 1.41912e-07 -6.19822e-09 0 1.43524e-07 -6.19925e-09 0
          1.4514e-07 -6.19872e-09 0 1.46758e-07 -6.19657e-09 0 1.48378e-07 -6.19277e-09 0 1.49998e-07 -6.18729e-09 0
          1.51617e-07 -6.18009e-09 0 1.53234e-07 -6.17118e-09 0 1.54849e-07 -6.16053e-09 0 1.56459e-07 -6.14816e-09 0
          1.58065e-07 -6.13405e-09 0 1.59665e-07 -6.11823e-09 0 1.61258e-07 -6.1007e-09 0 1.62844e-07 -6.08148e-09 0
          1.64421e-07 -6.06058e-09 0 1.65988e-07 -6.03803e-09 0 1.67545e-07 -6.01384e-09 0 1.69091e-07 -5.98804e-09 0
          1.70625e-07 -5.96064e-09 0 1.72146e-07 -5.93167e-09 0 1.73653e-07 -5.90114e-09 0 1.75145e-07 -5.86907e-09 0
          1.76623e-07 -5.83549e-09 0 1.78085e-07 -5.8004e-09 0 1.7953e-07 -5.76381e-09 0 1.80957e-07 -5.72575e-09 0
          1.82367e-07 -5.68622e-09 0 1.83757e-07 -5.64522e-09 0 1.85129e-07 -5.60277e-09 0 1.8648e-07 -5.55887e-09 0
          1.8781e-07 -5.51352e-09 0 1.89119e-07 -5.46673e-09 0 1.90406e-07 -5.41849e-09 0 1.91669e-07 -5.36882e-09 0
          1.9291e-07 -5.3177e-09 0 1.94126e-07 -5.26513e-09 0 1.95317e-07 -5.21113e-09 0 1.96483e-07 -5.15568e-09 0
          1.97623e-07 -5.09879e-09 0 1.98735e-07 -5.04046e-09 0 1.99821e-07 -4.9807e-09 0 2.00878e-07 -4.9195e-09 0
          2.01906e-07 -4.85688e-09 0 2.02905e-07 -4.79284e-09 0 2.03874e-07 -4.72741e-09 0 2.04812e-07 -4.66058e-09 0
          2.05718e-07 -4.59239e-09 0 2.06593e-07 -4.52286e-09 0 2.07435e-07 -4.45201e-09 0 2.08243e-07 -4.37988e-09 0
          2.09018e-07 -4.30649e-09 0 2.09759e-07 -4.2319e-09 0 2.10464e-07 -4.15615e-09 0 2.11134e-07 -4.07929e-09 0
          2.11769e-07 -4.00137e-09 0 2.12367e-07 -3.92246e-09 0 2.12928e-07 -3.84263e-09 0 2.13453e-07 -3.76195e-09 0
          2.13939e-07 -3.6805e-09 0 2.14389e-07 -3.59835e-09 0 2.148e-07 -3.51561e-09 0 2.15173e-07 -3.43235e-09 0
          2.15508e-07 -3.34868e-09 0 2.15805e-07 -3.26469e-09 0 2.16063e-07 -3.1805e-09 0 2.16284e-07 -3.0962e-09 0
          2.16466e-07 -3.0119e-09 0 2.16609e-07 -2.92771e-09 0 2.16716e-07 -2.84375e-09 0 2.16784e-07 -2.76012e-09 0
          2.16816e-07 -2.67693e-09 0 2.1681e-07 -2.5943e-09 0 2.16768e-07 -2.51233e-09 0 1.08369e-07 -1.22566e-09 0
          6.97359e-08 -4.13224e-09 0 1.4028e-07 -8.26864e-09 0 1.41898e-07 -8.27253e-09 0 1.43521e-07 -8.27437e-09 0
          1.45148e-07 -8.27406e-09 0 1.46778e-07 -8.27154e-09 0 1.48409e-07 -8.26676e-09 0 1.50041e-07 -8.25969e-09 0
          1.51673e-07 -8.25029e-09 0 1.53302e-07 -8.23856e-09 0 1.54929e-07 -8.22448e-09 0 1.56552e-07 -8.20806e-09 0
          1.5817e-07 -8.18931e-09 0 1.59782e-07 -8.16825e-09 0 1.61387e-07 -8.14489e-09 0 1.62984e-07 -8.11925e-09 0
          1.64573e-07 -8.09137e-09 0 1.66152e-07 -8.06128e-09 0 1.6772e-07 -8.029e-09 0 1.69277e-07 -7.99456e-09 0
          1.70822e-07 -7.958e-09 0 1.72354e-07 -7.91933e-09 0 1.73872e-07 -7.8786e-09 0 1.75375e-07 -7.83582e-09 0
          1.76863e-07 -7.79102e-09 0 1.78335e-07 -7.74423e-09 0 1.79791e-07 -7.69545e-09 0 1.81229e-07 -7.6447e-09 0
          1.82648e-07 -7.592e-09 0 1.84049e-07 -7.53736e-09 0 1.85431e-07 -7.48079e-09 0 1.86792e-07 -7.42229e-09 0
          1.88133e-07 -7.36186e-09 0 1.89451e-07 -7.29952e-09 0 1.90748e-07 -7.23525e-09 0 1.92022e-07 -7.16907e-09 0
          1.93273e-07 -7.10095e-09 0 1.94499e-07 -7.03092e-09 0 1.957e-07 -6.95896e-09 0 1.96876e-07 -6.88507e-09 0
          1.98026e-07 -6.80925e-09 0 1.99149e-07 -6.7315e-09 0 2.00244e-07 -6.65183e-09 0 2.01311e-07 -6.57023e-09 0
          2.0235e-07 -6.48672e-09 0 2.03358e-07 -6.40131e-09 0 2.04337e-07 -6.31402e-09 0 2.05284e-07 -6.22485e-09 0
          2.062e-07 -6.13383e-09 0 2.07084e-07 -6.04101e-09 0 2.07935e-07 -5.94639e-09 0 2.08753e-07 -5.85004e-09 0
          2.09536e-07 -5.75199e-09 0 2.10285e-07 -5.65231e-09 0 2.10999e-07 -5.55104e-09 0 2.11677e-07 -5.44826e-09 0
          2.12319e-07 -5.34404e-09 0 2.12923e-07 -5.23847e-09 0 2.13491e-07 -5.13163e-09 0 2.14021e-07 -5.02363e-09 0
          2.14513e-07 -4.91457e-09 0 2.14967e-07 -4.80455e-09 0 2.15382e-07 -4.69371e-09 0 2.15759e-07 -4.58215e-09 0
          2.16097e-07 -4.47002e-09 0 2.16395e-07 -4.35745e-09 0 2.16655e-07 -4.24458e-09 0 2.16875e-07 -4.13156e-09 0
          2.17057e-07 -4.01852e-09 0 2.172e-07 -3.90563e-09 0 2.17304e-07 -3.79302e-09 0 2.1737e-07 -3.68086e-09 0
          2.17398e-07 -3.5693e-09 0 2.17388e-07 -3.45848e-09 0 2.17341e-07 -3.34855e-09 0 1.08654e-07 -1.63337e-09 0
          6.97148e-08 -5.17129e-09 0 1.40244e-07 -1.03485e-08 0 1.41876e-07 -1.03542e-08 0 1.43514e-07 -1.03572e-08 0
          1.45156e-07 -1.03574e-08 0 1.46801e-07 -1.03548e-08 0 1.48448e-07 -1.03493e-08 0 1.50096e-07 -1.03408e-08 0
          1.51743e-07 -1.03294e-08 0 1.53389e-07 -1.03149e-08 0 1.55031e-07 -1.02975e-08 0 1.5667e-07 -1.02771e-08 0
          1.58304e-07 -1.02537e-08 0 1.59932e-07 -1.02274e-08 0 1.61552e-07 -1.01982e-08 0 1.63165e-07 -1.01662e-08 0
          1.64769e-07 -1.01313e-08 0 1.66363e-07 -1.00936e-08 0 1.67946e-07 -1.00532e-08 0 1.69517e-07 -1.00101e-08 0
          1.71076e-07 -9.96433e-09 0 1.72622e-07 -9.91594e-09 0 1.74154e-07 -9.86497e-09 0 1.75671e-07 -9.81145e-09 0
          1.77173e-07 -9.75542e-09 0 1.78658e-07 -9.6969e-09 0 1.80127e-07 -9.63592e-09 0 1.81578e-07 -9.5725e-09 0
          1.83011e-07 -9.50665e-09 0 1.84425e-07 -9.43838e-09 0 1.85819e-07 -9.36771e-09 0 1.87193e-07 -9.29465e-09 0
          1.88547e-07 -9.21918e-09 0 1.89879e-07 -9.14133e-09 0 1.91188e-07 -9.06108e-09 0 1.92475e-07 -8.97843e-09 0
          1.93739e-07 -8.89338e-09 0 1.94978e-07 -8.80592e-09 0 1.96192e-07 -8.71605e-09 0 1.97381e-07 -8.62376e-09 0
          1.98544e-07 -8.52905e-09 0 1.9968e-07 -8.43192e-09 0 2.00788e-07 -8.33236e-09 0 2.01869e-07 -8.23038e-09 0
          2.0292e-07 -8.12598e-09 0 2.03941e-07 -8.01918e-09 0 2.04933e-07 -7.90999e-09 0 2.05893e-07 -7.79842e-09 0
          2.06821e-07 -7.68452e-09 0 2.07718e-07 -7.5683e-09 0 2.08581e-07 -7.44981e-09 0 2.0941e-07 -7.3291e-09 0
          2.10205e-07 -7.20622e-09 0 2.10965e-07 -7.08124e-09 0 2.11689e-07 -6.95423e-09 0 2.12377e-07 -6.82528e-09 0
          2.13028e-07 -6.69448e-09 0 2.13642e-07 -6.56194e-09 0 2.14218e-07 -6.42776e-09 0 2.14756e-07 -6.29206e-09 0
          2.15255e-07 -6.15499e-09 0 2.15715e-07 -6.01668e-09 0 2.16135e-07 -5.87729e-09 0 2.16516e-07 -5.73696e-09 0
          2.16857e-07 -5.59588e-09 0 2.17159e-07 -5.45421e-09 0 2.1742e-07 -5.31213e-09 0 2.17641e-07 -5.16982e-09 0
          2.17822e-07 -5.02749e-09 0 2.17964e-07 -4.88532e-09 0 2.18065e-07 -4.7435e-09 0 2.18128e-07 -4.60223e-09 0
          2.18151e-07 -4.46171e-09 0 2.18136e-07 -4.32213e-09 0 2.18082e-07 -4.18367e-09 0 1.09023e-07 -2.04032e-09 0
          6.96857e-08 -6.21459e-09 0 1.40195e-07 -1.24373e-08 0 1.41845e-07 -1.24453e-08 0 1.43501e-07 -1.245e-08 0
          1.45162e-07 -1.24512e-08 0 1.46826e-07 -1.24488e-08 0 1.48493e-07 -1.24428e-08 0 1.50161e-07 -1.24331e-08 0
          1.51828e-07 -1.24198e-08 0 1.53493e-07 -1.24028e-08 0 1.55156e-07 -1.23821e-08 0 1.56814e-07 -1.23577e-08 0
          1.58468e-07 -1.23298e-08 0 1.60115e-07 -1.22982e-08 0 1.61755e-07 -1.22632e-08 0 1.63386e-07 -1.22246e-08 0
          1.65009e-07 -1.21827e-08 0 1.66621e-07 -1.21374e-08 0 1.68222e-07 -1.20888e-08 0 1.69811e-07 -1.20369e-08 0
          1.71387e-07 -1.19819e-08 0 1.7295e-07 -1.19237e-08 0 1.74499e-07 -1.18624e-08 0 1.76033e-07 -1.17981e-08 0
          1.77551e-07 -1.17309e-08 0 1.79052e-07 -1.16606e-08 0 1.80537e-07 -1.15874e-08 0 1.82004e-07 -1.15113e-08 0
          1.83453e-07 -1.14323e-08 0 1.84883e-07 -1.13505e-08 0 1.86293e-07 -1.12657e-08 0 1.87683e-07 -1.11781e-08 0
          1.89052e-07 -1.10877e-08 0 1.904e-07 -1.09944e-08 0 1.91725e-07 -1.08982e-08 0 1.93028e-07 -1.07992e-08 0
          1.94307e-07 -1.06973e-08 0 1.95563e-07 -1.05925e-08 0 1.96793e-07 -1.04848e-08 0 1.97998e-07 -1.03741e-08 0
          1.99177e-07 -1.02606e-08 0 2.00329e-07 -1.01441e-08 0 2.01453e-07 -1.00247e-08 0 2.0255e-07 -9.90238e-09 0
          2.03617e-07 -9.7771e-09 0 2.04654e-07 -9.6489e-09 0 2.05661e-07 -9.51779e-09 0 2.06637e-07 -9.38378e-09 0
          2.07581e-07 -9.2469e-09 0 2.08493e-07 -9.10719e-09 0 2.09371e-07 -8.96469e-09 0 2.10215e-07 -8.81945e-09 0
          2.11024e-07 -8.67154e-09 0 2.11798e-07 -8.52104e-09 0 2.12535e-07 -8.36802e-09 0 2.13236e-07 -8.21259e-09 0
          2.13899e-07 -8.05486e-09 0 2.14525e-07 -7.89495e-09 0 2.15111e-07 -7.73299e-09 0 2.15659e-07 -7.56915e-09 0
          2.16167e-07 -7.40356e-09 0 2.16634e-07 -7.23642e-09 0 2.17062e-07 -7.0679e-09 0 2.17449e-07 -6.8982e-09 0
          2.17794e-07 -6.72752e-09 0 2.18099e-07 -6.55609e-09 0 2.18362e-07 -6.38411e-09 0 2.18585e-07 -6.21183e-09 0
          2.18765e-07 -6.03947e-09 0 2.18905e-07 -5.86728e-09 0 2.19004e-07 -5.69551e-09 0 2.19062e-07 -5.52439e-09 0
          2.1908e-07 -5.35417e-09 0 2.19058e-07 -5.18508e-09 0 2.18996e-07 -5.01738e-09 0 1.09478e-07 -2.4463e-09 0
          6.96464e-08 -7.26328e-09 0 1.40127e-07 -1.45374e-08 0 1.41799e-07 -1.45484e-08 0 1.43478e-07 -1.45552e-08 0
          1.45163e-07 -1.45578e-08 0 1.46851e-07 -1.45561e-08 0 1.48542e-07 -1.45499e-08 0 1.50234e-07 -1.45393e-08 0
          1.51925e-07 -1.45242e-08 0 1.53615e-07 -1.45047e-08 0 1.55302e-07 -1.44808e-08 0 1.56984e-07 -1.44525e-08 0
          1.58661e-07 -1.44199e-08 0 1.60332e-07 -1.43831e-08 0 1.61994e-07 -1.43421e-08 0 1.63648e-07 -1.4297e-08 0
          1.65293e-07 -1.42479e-08 0 1.66926e-07 -1.41948e-08 0 1.68549e-07 -1.41379e-08 0 1.70159e-07 -1.40772e-08 0
          1.71756e-07 -1.40128e-08 0 1.73339e-07 -1.39448e-08 0 1.74907e-07 -1.38732e-08 0 1.76461e-07 -1.3798e-08 0
          1.77998e-07 -1.37194e-08 0 1.79519e-07 -1.36374e-08 0 1.81022e-07 -1.3552e-08 0 1.82508e-07 -1.34632e-08 0
          1.83976e-07 -1.33711e-08 0 1.85424e-07 -1.32757e-08 0 1.86853e-07 -1.3177e-08 0 1.88261e-07 -1.30749e-08 0
          1.89649e-07 -1.29696e-08 0 1.91015e-07 -1.28609e-08 0 1.92359e-07 -1.27489e-08 0 1.93681e-07 -1.26336e-08 0
          1.94979e-07 -1.25149e-08 0 1.96253e-07 -1.23929e-08 0 1.97502e-07 -1.22674e-08 0 1.98726e-07 -1.21386e-08 0
          1.99924e-07 -1.20063e-08 0 2.01095e-07 -1.18705e-08 0 2.02239e-07 -1.17314e-08 0 2.03354e-07 -1.15887e-08 0
          2.04441e-07 -1.14426e-08 0 2.05497e-07 -1.1293e-08 0 2.06523e-07 -1.114e-08 0 2.07518e-07 -1.09835e-08 0
          2.08481e-07 -1.08236e-08 0 2.09411e-07 -1.06602e-08 0 2.10307e-07 -1.04936e-08 0 2.11169e-07 -1.03236e-08 0
          2.11996e-07 -1.01505e-08 0 2.12786e-07 -9.97417e-09 0 2.1354e-07 -9.79482e-09 0 2.14257e-07 -9.61255e-09 0
          2.14935e-07 -9.42747e-09 0 2.15574e-07 -9.23973e-09 0 2.16174e-07 -9.04949e-09 0 2.16733e-07 -8.85692e-09 0
          2.17252e-07 -8.66222e-09 0 2.1773e-07 -8.46559e-09 0 2.18166e-07 -8.26724e-09 0 2.1856e-07 -8.06742e-09 0
          2.18912e-07 -7.86636e-09 0 2.19221e-07 -7.66434e-09 0 2.19487e-07 -7.46161e-09 0 2.19711e-07 -7.25847e-09 0
          2.19891e-07 -7.05519e-09 0 2.20029e-07 -6.85208e-09 0 2.20124e-07 -6.64942e-09 0 2.20177e-07 -6.44752e-09 0
          2.20189e-07 -6.24667e-09 0 2.20158e-07 -6.04717e-09 0 2.20087e-07 -5.84931e-09 0 1.10021e-07 -2.85105e-09 0
          6.95946e-08 -8.31863e-09 0 1.40037e-07 -1.66514e-08 0 1.41736e-07 -1.66661e-08 0 1.43443e-07 -1.66757e-08 0
          1.45156e-07 -1.66802e-08 0 1.46873e-07 -1.66794e-08 0 1.48593e-07 -1.66733e-08 0 1.50314e-07 -1.6662e-08 0
          1.52035e-07 -1.66453e-08 0 1.53754e-07 -1.66234e-08 0 1.55469e-07 -1.65963e-08 0 1.5718e-07 -1.65641e-08 0
          1.58884e-07 -1.65268e-08 0 1.60582e-07 -1.64846e-08 0 1.62272e-07 -1.64375e-08 0 1.63952e-07 -1.63857e-08 0
          1.65622e-07 -1.63293e-08 0 1.67281e-07 -1.62683e-08 0 1.68928e-07 -1.62029e-08 0 1.70562e-07 -1.61333e-08 0
          1.72182e-07 -1.60594e-08 0 1.73788e-07 -1.59813e-08 0 1.7538e-07 -1.58993e-08 0 1.76955e-07 -1.58132e-08 0
          1.78515e-07 -1.57233e-08 0 1.80057e-07 -1.56294e-08 0 1.81582e-07 -1.55318e-08 0 1.8309e-07 -1.54304e-08 0
          1.84578e-07 -1.53252e-08 0 1.86048e-07 -1.52162e-08 0 1.87498e-07 -1.51036e-08 0 1.88927e-07 -1.49872e-08 0
          1.90336e-07 -1.4867e-08 0 1.91724e-07 -1.47431e-08 0 1.93089e-07 -1.46154e-08 0 1.94432e-07 -1.44839e-08 0
          1.95752e-07 -1.43486e-08 0 1.97047e-07 -1.42094e-08 0 1.98319e-07 -1.40664e-08 0 1.99565e-07 -1.39194e-08 0
          2.00785e-07 -1.37685e-08 0 2.01978e-07 -1.36137e-08 0 2.03144e-07 -1.34548e-08 0 2.04282e-07 -1.3292e-08 0
          2.05391e-07 -1.31251e-08 0 2.0647e-07 -1.29542e-08 0 2.07519e-07 -1.27792e-08 0 2.08536e-07 -1.26002e-08 0
          2.09521e-07 -1.24172e-08 0 2.10473e-07 -1.22301e-08 0 2.11391e-07 -1.20392e-08 0 2.12274e-07 -1.18443e-08 0
          2.13121e-07 -1.16457e-08 0 2.13932e-07 -1.14433e-08 0 2.14706e-07 -1.12372e-08 0 2.15441e-07 -1.10277e-08 0
          2.16137e-07 -1.08148e-08 0 2.16793e-07 -1.05987e-08 0 2.17409e-07 -1.03796e-08 0 2.17984e-07 -1.01576e-08 0
          2.18516e-07 -9.93309e-09 0 2.19006e-07 -9.70617e-09 0 2.19453e-07 -9.47716e-09 0 2.19856e-07 -9.24631e-09 0
          2.20215e-07 -9.01394e-09 0 2.20529e-07 -8.78034e-09 0 2.208e-07 -8.54583e-09 0 2.21025e-07 -8.31076e-09 0
          2.21206e-07 -8.07547e-09 0 2.21342e-07 -7.84031e-09 0 2.21433e-07 -7.60564e-09 0 2.21481e-07 -7.37182e-09 0
          2.21484e-07 -7.13921e-09 0 2.21444e-07 -6.90817e-09 0 2.21361e-07 -6.67905e-09 0 1.10654e-07 -3.2543e-09 0
          6.95278e-08 -9.38215e-09 0 1.39919e-07 -1.87824e-08 0 1.41652e-07 -1.88015e-08 0 1.43393e-07 -1.88145e-08 0
          1.4514e-07 -1.88214e-08 0 1.46891e-07 -1.8822e-08 0 1.48646e-07 -1.88163e-08 0 1.50402e-07 -1.88044e-08 0
          1.52156e-07 -1.87863e-08 0 1.53909e-07 -1.8762e-08 0 1.55658e-07 -1.87316e-08 0 1.57401e-07 -1.86953e-08 0
          1.59139e-07 -1.86532e-08 0 1.60868e-07 -1.86054e-08 0 1.62588e-07 -1.8552e-08 0 1.64298e-07 -1.84933e-08 0
          1.65998e-07 -1.84293e-08 0 1.67685e-07 -1.83602e-08 0 1.69359e-07 -1.82861e-08 0 1.71021e-07 -1.82072e-08 0
          1.72668e-07 -1.81236e-08 0 1.743e-07 -1.80355e-08 0 1.75916e-07 -1.79428e-08 0 1.77517e-07 -1.78457e-08 0
          1.79101e-07 -1.77443e-08 0 1.80668e-07 -1.76386e-08 0 1.82217e-07 -1.75287e-08 0 1.83748e-07 -1.74147e-08 0
          1.8526e-07 -1.72964e-08 0 1.86754e-07 -1.7174e-08 0 1.88227e-07 -1.70475e-08 0 1.89681e-07 -1.69169e-08 0
          1.91113e-07 -1.6782e-08 0 1.92525e-07 -1.6643e-08 0 1.93914e-07 -1.64998e-08 0 1.95281e-07 -1.63523e-08 0
          1.96625e-07 -1.62006e-08 0 1.97946e-07 -1.60445e-08 0 1.99242e-07 -1.58841e-08 0 2.00513e-07 -1.57192e-08 0
          2.01758e-07 -1.55499e-08 0 2.02977e-07 -1.53761e-08 0 2.04169e-07 -1.51977e-08 0 2.05332e-07 -1.50148e-08 0
          2.06467e-07 -1.48272e-08 0 2.07573e-07 -1.46351e-08 0 2.08647e-07 -1.44382e-08 0 2.0969e-07 -1.42367e-08 0
          2.10701e-07 -1.40306e-08 0 2.11679e-07 -1.38198e-08 0 2.12622e-07 -1.36044e-08 0 2.13531e-07 -1.33845e-08 0
          2.14403e-07 -1.316e-08 0 2.15238e-07 -1.29312e-08 0 2.16034e-07 -1.26981e-08 0 2.16792e-07 -1.24609e-08 0
          2.1751e-07 -1.22196e-08 0 2.18187e-07 -1.19746e-08 0 2.18822e-07 -1.17259e-08 0 2.19414e-07 -1.14738e-08 0
          2.19963e-07 -1.12185e-08 0 2.20467e-07 -1.09604e-08 0 2.20927e-07 -1.06997e-08 0 2.21341e-07 -1.04368e-08 0
          2.2171e-07 -1.0172e-08 0 2.22032e-07 -9.90563e-09 0 2.22307e-07 -9.63811e-09 0 2.22535e-07 -9.36984e-09 0
          2.22716e-07 -9.10121e-09 0 2.22851e-07 -8.83267e-09 0 2.22938e-07 -8.56462e-09 0 2.22979e-07 -8.29751e-09 0
          2.22973e-07 -8.03177e-09 0 2.22922e-07 -7.76783e-09 0 2.22825e-07 -7.50611e-09 0 1.11383e-07 -3.65572e-09 0
          6.94433e-08 -1.04556e-08 0 1.3977e-07 -2.09339e-08 0 1.41542e-07 -2.09582e-08 0 1.43323e-07 -2.09752e-08 0
          1.45111e-07 -2.0985e-08 0 1.46903e-07 -2.09873e-08 0 1.48699e-07 -2.09823e-08 0 1.50495e-07 -2.09699e-08 0
          1.5229e-07 -2.09503e-08 0 1.54082e-07 -2.09235e-08 0 1.55869e-07 -2.08898e-08 0 1.57651e-07 -2.08492e-08 0
          1.59425e-07 -2.08019e-08 0 1.6119e-07 -2.07482e-08 0 1.62945e-07 -2.06882e-08 0 1.64689e-07 -2.06221e-08 0
          1.66421e-07 -2.05502e-08 0 1.6814e-07 -2.04727e-08 0 1.69846e-07 -2.03896e-08 0 1.71537e-07 -2.03012e-08 0
          1.73213e-07 -2.02077e-08 0 1.74874e-07 -2.01091e-08 0 1.76518e-07 -2.00056e-08 0 1.78146e-07 -1.98974e-08 0
          1.79757e-07 -1.97844e-08 0 1.81351e-07 -1.96669e-08 0 1.82926e-07 -1.95447e-08 0 1.84483e-07 -1.9418e-08 0
          1.86022e-07 -1.92868e-08 0 1.87541e-07 -1.9151e-08 0 1.89041e-07 -1.90108e-08 0 1.9052e-07 -1.8866e-08 0
          1.91979e-07 -1.87167e-08 0 1.93417e-07 -1.85628e-08 0 1.94833e-07 -1.84043e-08 0 1.96227e-07 -1.8241e-08 0
          1.97598e-07 -1.80731e-08 0 1.98946e-07 -1.79004e-08 0 2.0027e-07 -1.77228e-08 0 2.01569e-07 -1.75403e-08 0
          2.02843e-07 -1.73528e-08 0 2.04091e-07 -1.71603e-08 0 2.05311e-07 -1.69627e-08 0 2.06505e-07 -1.67599e-08 0
          2.07669e-07 -1.65518e-08 0 2.08804e-07 -1.63385e-08 0 2.09909e-07 -1.612e-08 0 2.10982e-07 -1.5896e-08 0
          2.12023e-07 -1.56668e-08 0 2.1303e-07 -1.54322e-08 0 2.14003e-07 -1.51923e-08 0 2.14941e-07 -1.49471e-08 0
          2.15841e-07 -1.46967e-08 0 2.16704e-07 -1.44412e-08 0 2.17529e-07 -1.41806e-08 0 2.18313e-07 -1.39151e-08 0
          2.19056e-07 -1.36449e-08 0 2.19758e-07 -1.33702e-08 0 2.20416e-07 -1.30912e-08 0 2.21029e-07 -1.28081e-08 0
          2.21598e-07 -1.25212e-08 0 2.22121e-07 -1.22308e-08 0 2.22596e-07 -1.19373e-08 0 2.23025e-07 -1.16411e-08 0
          2.23404e-07 -1.13425e-08 0 2.23735e-07 -1.1042e-08 0 2.24017e-07 -1.074e-08 0 2.24249e-07 -1.0437e-08 0
          2.24432e-07 -1.01335e-08 0 2.24564e-07 -9.82993e-09 0 2.24647e-07 -9.52689e-09 0 2.24681e-07 -9.22485e-09 0
          2.24665e-07 -8.92434e-09 0 2.24601e-07 -8.62587e-09 0 2.24489e-07 -8.32996e-09 0 1.1221e-07 -4.05494e-09 0
          6.93386e-08 -1.15411e-08 0 1.39584e-07 -2.31099e-08 0 1.41403e-07 -2.31399e-08 0 1.43231e-07 -2.31618e-08 0
          1.45067e-07 -2.31749e-08 0 1.46907e-07 -2.31794e-08 0 1.4875e-07 -2.31751e-08 0 1.50594e-07 -2.31623e-08 0
          1.52435e-07 -2.31411e-08 0 1.54273e-07 -2.31117e-08 0 1.56105e-07 -2.30742e-08 0 1.5793e-07 -2.30289e-08 0
          1.59745e-07 -2.2976e-08 0 1.61551e-07 -2.29159e-08 0 1.63345e-07 -2.28488e-08 0 1.65127e-07 -2.27749e-08 0
          1.66895e-07 -2.26946e-08 0 1.6865e-07 -2.2608e-08 0 1.70389e-07 -2.25155e-08 0 1.72113e-07 -2.24172e-08 0
          1.73821e-07 -2.23134e-08 0 1.75512e-07 -2.22041e-08 0 1.77187e-07 -2.20897e-08 0 1.78844e-07 -2.19701e-08 0
          1.80484e-07 -2.18454e-08 0 1.82106e-07 -2.17159e-08 0 1.8371e-07 -2.15814e-08 0 1.85295e-07 -2.14421e-08 0
          1.86862e-07 -2.1298e-08 0 1.88409e-07 -2.1149e-08 0 1.89937e-07 -2.09952e-08 0 1.91445e-07 -2.08365e-08 0
          1.92932e-07 -2.0673e-08 0 1.94399e-07 -2.05044e-08 0 1.95844e-07 -2.03309e-08 0 1.97268e-07 -2.01522e-08 0
          1.98669e-07 -1.99684e-08 0 2.00047e-07 -1.97793e-08 0 2.01402e-07 -1.9585e-08 0 2.02732e-07 -1.93852e-08 0
          2.04038e-07 -1.91799e-08 0 2.05317e-07 -1.8969e-08 0 2.06571e-07 -1.87524e-08 0 2.07797e-07 -1.853e-08 0
          2.08995e-07 -1.83018e-08 0 2.10163e-07 -1.80676e-08 0 2.11302e-07 -1.78275e-08 0 2.12409e-07 -1.75813e-08 0
          2.13484e-07 -1.7329e-08 0 2.14526e-07 -1.70707e-08 0 2.15533e-07 -1.68062e-08 0 2.16505e-07 -1.65356e-08 0
          2.17439e-07 -1.6259e-08 0 2.18335e-07 -1.59765e-08 0 2.19191e-07 -1.5688e-08 0 2.20007e-07 -1.53939e-08 0
          2.20781e-07 -1.50941e-08 0 2.21511e-07 -1.4789e-08 0 2.22196e-07 -1.44788e-08 0 2.22836e-07 -1.41637e-08 0
          2.23428e-07 -1.38441e-08 0 2.23973e-07 -1.35203e-08 0 2.24468e-07 -1.31927e-08 0 2.24913e-07 -1.28617e-08 0
          2.25307e-07 -1.25278e-08 0 2.2565e-07 -1.21915e-08 0 2.2594e-07 -1.18533e-08 0 2.26178e-07 -1.15138e-08 0
          2.26362e-07 -1.11735e-08 0 2.26494e-07 -1.0833e-08 0 2.26572e-07 -1.0493e-08 0 2.26598e-07 -1.01541e-08 0
          2.26571e-07 -9.81688e-09 0 2.26492e-07 -9.48195e-09 0 2.26361e-07 -9.14992e-09 0 1.13142e-07 -4.45152e-09 0
          6.92134e-08 -1.2639e-08 0 1.39356e-07 -2.53114e-08 0 1.41225e-07 -2.53519e-08 0 1.43112e-07 -2.53795e-08 0
          1.45006e-07 -2.5396e-08 0 1.46902e-07 -2.54024e-08 0 1.48801e-07 -2.53992e-08 0 1.50699e-07 -2.5386e-08 0
          1.52595e-07 -2.53629e-08 0 1.54485e-07 -2.53302e-08 0 1.56367e-07 -2.52885e-08 0 1.58241e-07 -2.52378e-08 0
          1.60104e-07 -2.51787e-08 0 1.61955e-07 -2.51114e-08 0 1.63792e-07 -2.50364e-08 0 1.65616e-07 -2.4954e-08 0
          1.67424e-07 -2.48645e-08 0 1.69216e-07 -2.47684e-08 0 1.70992e-07 -2.46658e-08 0 1.72751e-07 -2.45571e-08 0
          1.74493e-07 -2.44425e-08 0 1.76217e-07 -2.43222e-08 0 1.77923e-07 -2.41964e-08 0 1.79612e-07 -2.40652e-08 0
          1.81283e-07 -2.39288e-08 0 1.82935e-07 -2.37872e-08 0 1.84569e-07 -2.36404e-08 0 1.86184e-07 -2.34886e-08 0
          1.8778e-07 -2.33317e-08 0 1.89357e-07 -2.31697e-08 0 1.90915e-07 -2.30025e-08 0 1.92453e-07 -2.28302e-08 0
          1.93971e-07 -2.26526e-08 0 1.95469e-07 -2.24698e-08 0 1.96945e-07 -2.22816e-08 0 1.98401e-07 -2.20879e-08 0
          1.99835e-07 -2.18886e-08 0 2.01246e-07 -2.16836e-08 0 2.02634e-07 -2.14729e-08 0 2.03999e-07 -2.12562e-08 0
          2.05339e-07 -2.10336e-08 0 2.06655e-07 -2.08047e-08 0 2.07944e-07 -2.05696e-08 0 2.09207e-07 -2.03281e-08 0
          2.10443e-07 -2.00801e-08 0 2.11649e-07 -1.98254e-08 0 2.12826e-07 -1.9564e-08 0 2.13972e-07 -1.92958e-08 0
          2.15086e-07 -1.90208e-08 0 2.16167e-07 -1.87388e-08 0 2.17213e-07 -1.84498e-08 0 2.18224e-07 -1.81538e-08 0
          2.19197e-07 -1.78509e-08 0 2.20131e-07 -1.7541e-08 0 2.21025e-07 -1.72244e-08 0 2.21878e-07 -1.6901e-08 0
          2.22687e-07 -1.65711e-08 0 2.23451e-07 -1.62348e-08 0 2.24169e-07 -1.58925e-08 0 2.2484e-07 -1.55443e-08 0
          2.25461e-07 -1.51908e-08 0 2.26032e-07 -1.48321e-08 0 2.26551e-07 -1.44689e-08 0 2.27017e-07 -1.41015e-08 0
          2.27429e-07 -1.37305e-08 0 2.27786e-07 -1.33565e-08 0 2.28087e-07 -1.29801e-08 0 2.28332e-07 -1.26019e-08 0
          2.2852e-07 -1.22227e-08 0 2.28651e-07 -1.18431e-08 0 2.28725e-07 -1.14638e-08 0 2.28742e-07 -1.10857e-08 0
          2.28702e-07 -1.07094e-08 0 2.28607e-07 -1.03356e-08 0 2.28456e-07 -9.96522e-09 0 1.14184e-07 -4.84493e-09 0
          6.90105e-08 -1.37414e-08 0 1.39023e-07 -2.75677e-08 0 1.41013e-07 -2.76083e-08 0 1.42978e-07 -2.76319e-08 0
          1.44927e-07 -2.76493e-08 0 1.46884e-07 -2.76621e-08 0 1.48849e-07 -2.76606e-08 0 1.50814e-07 -2.76459e-08 0
          1.52771e-07 -2.76199e-08 0 1.54721e-07 -2.75835e-08 0 1.56661e-07 -2.75367e-08 0 1.5859e-07 -2.74797e-08 0
          1.60506e-07 -2.74132e-08 0 1.62407e-07 -2.73378e-08 0 1.64292e-07 -2.72538e-08 0 1.6616e-07 -2.71618e-08 0
          1.68011e-07 -2.70623e-08 0 1.69844e-07 -2.69556e-08 0 1.71658e-07 -2.68422e-08 0 1.73454e-07 -2.67224e-08 0
          1.75231e-07 -2.65964e-08 0 1.7699e-07 -2.64646e-08 0 1.78729e-07 -2.63272e-08 0 1.8045e-07 -2.61842e-08 0
          1.82153e-07 -2.60358e-08 0 1.83836e-07 -2.58821e-08 0 1.85501e-07 -2.57231e-08 0 1.87148e-07 -2.55588e-08 0
          1.88775e-07 -2.53893e-08 0 1.90384e-07 -2.52144e-08 0 1.91973e-07 -2.50342e-08 0 1.93543e-07 -2.48486e-08 0
          1.95094e-07 -2.46574e-08 0 1.96624e-07 -2.44607e-08 0 1.98135e-07 -2.42583e-08 0 1.99624e-07 -2.405e-08 0
          2.01093e-07 -2.38358e-08 0 2.0254e-07 -2.36154e-08 0 2.03965e-07 -2.33889e-08 0 2.05367e-07 -2.3156e-08 0
          2.06746e-07 -2.29165e-08 0 2.081e-07 -2.26703e-08 0 2.0943e-07 -2.24172e-08 0 2.10733e-07 -2.21571e-08 0
          2.1201e-07 -2.18898e-08 0 2.13259e-07 -2.16152e-08 0 2.14479e-07 -2.1333e-08 0 2.15668e-07 -2.10432e-08 0
          2.16826e-07 -2.07457e-08 0 2.17952e-07 -2.04403e-08 0 2.19043e-07 -2.01269e-08 0 2.20098e-07 -1.98056e-08 0
          2.21116e-07 -1.94763e-08 0 2.22094e-07 -1.9139e-08 0 2.23032e-07 -1.87938e-08 0 2.23928e-07 -1.84408e-08 0
          2.24779e-07 -1.80801e-08 0 2.25584e-07 -1.77119e-08 0 2.26341e-07 -1.73364e-08 0 2.27049e-07 -1.69541e-08 0
          2.27705e-07 -1.65652e-08 0 2.28307e-07 -1.61702e-08 0 2.28855e-07 -1.57696e-08 0 2.29347e-07 -1.53639e-08 0
          2.29782e-07 -1.49538e-08 0 2.30157e-07 -1.45399e-08 0 2.30472e-07 -1.41229e-08 0 2.30727e-07 -1.37036e-08 0
          2.3092e-07 -1.32828e-08 0 2.31052e-07 -1.28613e-08 0 2.31122e-07 -1.244e-08 0 2.3113e-07 -1.20199e-08 0
          2.31076e-07 -1.16017e-08 0 2.30962e-07 -1.11864e-08 0 2.30787e-07 -1.07749e-08 0 1.15343e-07 -5.23453e-09 0
          6.89171e-08 -1.51066e-08 0 1.3895e-07 -2.99352e-08 0 1.4096e-07 -2.98356e-08 0 1.42779e-07 -2.98706e-08 0
          1.44757e-07 -2.99641e-08 0 1.46853e-07 -2.99788e-08 0 1.48917e-07 -2.99645e-08 0 1.50945e-07 -2.99429e-08 0
          1.52966e-07 -2.99171e-08 0 1.54986e-07 -2.98776e-08 0 1.56994e-07 -2.98235e-08 0 1.58985e-07 -2.97583e-08 0
          1.60959e-07 -2.96829e-08 0 1.62914e-07 -2.9598e-08 0 1.64851e-07 -2.95036e-08 0 1.66767e-07 -2.94007e-08 0
          1.68663e-07 -2.92898e-08 0 1.70539e-07 -2.91714e-08 0 1.72393e-07 -2.90462e-08 0 1.74227e-07 -2.89143e-08 0
          1.7604e-07 -2.87763e-08 0 1.77834e-07 -2.86324e-08 0 1.79607e-07 -2.84829e-08 0 1.81361e-07 -2.83278e-08 0
          1.83095e-07 -2.81674e-08 0 1.84811e-07 -2.80016e-08 0 1.86508e-07 -2.78304e-08 0 1.88186e-07 -2.76539e-08 0
          1.89846e-07 -2.7472e-08 0 1.91487e-07 -2.72846e-08 0 1.93109e-07 -2.70917e-08 0 1.94713e-07 -2.68931e-08 0
          1.96298e-07 -2.66889e-08 0 1.97863e-07 -2.64788e-08 0 1.99409e-07 -2.62627e-08 0 2.00935e-07 -2.60404e-08 0
          2.02441e-07 -2.58119e-08 0 2.03926e-07 -2.55769e-08 0 2.0539e-07 -2.53352e-08 0 2.06832e-07 -2.50867e-08 0
          2.08252e-07 -2.48311e-08 0 2.09649e-07 -2.45683e-08 0 2.11022e-07 -2.42981e-08 0 2.1237e-07 -2.40201e-08 0
          2.13693e-07 -2.37342e-08 0 2.14989e-07 -2.34403e-08 0 2.16257e-07 -2.3138e-08 0 2.17495e-07 -2.28272e-08 0
          2.18703e-07 -2.25077e-08 0 2.19879e-07 -2.21794e-08 0 2.21021e-07 -2.18421e-08 0 2.22127e-07 -2.14956e-08 0
          2.23196e-07 -2.11401e-08 0 2.24226e-07 -2.07753e-08 0 2.25215e-07 -2.04013e-08 0 2.26161e-07 -2.00182e-08 0
          2.27062e-07 -1.96261e-08 0 2.27915e-07 -1.92252e-08 0 2.28718e-07 -1.88157e-08 0 2.2947e-07 -1.83979e-08 0
          2.30167e-07 -1.79723e-08 0 2.30809e-07 -1.75393e-08 0 2.31393e-07 -1.70994e-08 0 2.31916e-07 -1.66532e-08 0
          2.32378e-07 -1.62016e-08 0 2.32777e-07 -1.57451e-08 0 2.33111e-07 -1.52848e-08 0 2.33379e-07 -1.48214e-08 0
          2.3358e-07 -1.43559e-08 0 2.33714e-07 -1.38894e-08 0 2.3378e-07 -1.34228e-08 0 2.33778e-07 -1.29573e-08 0
          2.3371e-07 -1.24939e-08 0 2.33574e-07 -1.20338e-08 0 2.33373e-07 -1.15778e-08 0 1.16628e-07 -5.61956e-09 0
          7.11098e-08 -1.49626e-08 0 1.40664e-07 -3.07737e-08 0 1.39392e-07 -3.16328e-08 0 1.41602e-07 -3.26744e-08 0
          1.4484e-07 -3.24812e-08 0 1.47099e-07 -3.22756e-08 0 1.48988e-07 -3.22436e-08 0 1.51009e-07 -3.22994e-08 0
          1.53176e-07 -3.2283e-08 0 1.55311e-07 -3.22179e-08 0 1.57385e-07 -3.21486e-08 0 1.59432e-07 -3.20751e-08 0
          1.61469e-07 -3.19931e-08 0 1.63488e-07 -3.18956e-08 0 1.6548e-07 -3.17881e-08 0 1.67447e-07 -3.16721e-08 0
          1.69389e-07 -3.15484e-08 0 1.71308e-07 -3.14171e-08 0 1.73203e-07 -3.12785e-08 0 1.75075e-07 -3.11335e-08 0
          1.76924e-07 -3.09826e-08 0 1.78751e-07 -3.0826e-08 0 1.80558e-07 -3.06639e-08 0 1.82344e-07 -3.04966e-08 0
          1.8411e-07 -3.03241e-08 0 1.85858e-07 -3.01463e-08 0 1.87587e-07 -2.99632e-08 0 1.89298e-07 -2.97747e-08 0
          1.9099e-07 -2.95807e-08 0 1.92665e-07 -2.93812e-08 0 1.94321e-07 -2.91761e-08 0 1.95959e-07 -2.89651e-08 0
          1.97579e-07 -2.87483e-08 0 1.99181e-07 -2.85254e-08 0 2.00764e-07 -2.82964e-08 0 2.02328e-07 -2.80609e-08 0
          2.03873e-07 -2.78188e-08 0 2.05399e-07 -2.75699e-08 0 2.06904e-07 -2.73139e-08 0 2.0839e-07 -2.70507e-08 0
          2.09854e-07 -2.678e-08 0 2.11297e-07 -2.65015e-08 0 2.12717e-07 -2.6215e-08 0 2.14114e-07 -2.59201e-08 0
          2.15487e-07 -2.56166e-08 0 2.16835e-07 -2.53043e-08 0 2.18155e-07 -2.49827e-08 0 2.19448e-07 -2.46518e-08 0
          2.20712e-07 -2.43111e-08 0 2.21944e-07 -2.39605e-08 0 2.23144e-07 -2.35998e-08 0 2.24309e-07 -2.32288e-08 0
          2.25438e-07 -2.28472e-08 0 2.26527e-07 -2.24551e-08 0 2.27575e-07 -2.20523e-08 0 2.2858e-07 -2.16389e-08 0
          2.29538e-07 -2.12149e-08 0 2.30448e-07 -2.07806e-08 0 2.31307e-07 -2.0336e-08 0 2.32112e-07 -1.98816e-08 0
          2.3286e-07 -1.94176e-08 0 2.33549e-07 -1.89447e-08 0 2.34176e-07 -1.84634e-08 0 2.34739e-07 -1.79744e-08 0
          2.35236e-07 -1.74784e-08 0 2.35664e-07 -1.69765e-08 0 2.36021e-07 -1.64695e-08 0 2.36307e-07 -1.59585e-08 0
          2.3652e-07 -1.54447e-08 0 2.36658e-07 -1.49293e-08 0 2.36722e-07 -1.44135e-08 0 2.36711e-07 -1.38986e-08 0
          2.36625e-07 -1.33859e-08 0 2.36466e-07 -1.28768e-08 0 2.36234e-07 -1.23726e-08 0 1.1805e-07 -5.99904e-09 0
          7.96123e-08 -1.42829e-08 0 1.58057e-07 -3.03206e-08 0 1.5497e-07 -3.18041e-08 0 1.51665e-07 -3.41322e-08 0
          1.48232e-07 -3.31523e-08 0 1.45972e-07 -3.38129e-08 0 1.47713e-07 -3.50793e-08 0 1.51256e-07 -3.50045e-08 0
          1.53829e-07 -3.46366e-08 0 1.55749e-07 -3.45164e-08 0 1.57733e-07 -3.45057e-08 0 1.59903e-07 -3.44734e-08 0
          1.62081e-07 -3.43517e-08 0 1.64161e-07 -3.42274e-08 0 1.66191e-07 -3.41034e-08 0 1.68202e-07 -3.39785e-08 0
          1.70198e-07 -3.38418e-08 0 1.72164e-07 -3.36932e-08 0 1.74098e-07 -3.3539e-08 0 1.76005e-07 -3.33795e-08 0
          1.77887e-07 -3.32148e-08 0 1.79746e-07 -3.30449e-08 0 1.81583e-07 -3.28699e-08 0 1.834e-07 -3.26903e-08 0
          1.85197e-07 -3.2506e-08 0 1.86976e-07 -3.23166e-08 0 1.88737e-07 -3.21219e-08 0 1.9048e-07 -3.19219e-08 0
          1.92206e-07 -3.17163e-08 0 1.93914e-07 -3.15051e-08 0 1.95605e-07 -3.12883e-08 0 1.97278e-07 -3.10656e-08 0
          1.98934e-07 -3.08369e-08 0 2.00573e-07 -3.0602e-08 0 2.02195e-07 -3.03607e-08 0 2.03799e-07 -3.01128e-08 0
          2.05385e-07 -2.98581e-08 0 2.06953e-07 -2.95963e-08 0 2.08503e-07 -2.93271e-08 0 2.10034e-07 -2.90502e-08 0
          2.11545e-07 -2.87655e-08 0 2.13037e-07 -2.84724e-08 0 2.14508e-07 -2.81708e-08 0 2.15958e-07 -2.78602e-08 0
          2.17386e-07 -2.75403e-08 0 2.1879e-07 -2.72108e-08 0 2.20169e-07 -2.68712e-08 0 2.21523e-07 -2.65212e-08 0
          2.22848e-07 -2.61605e-08 0 2.24145e-07 -2.57886e-08 0 2.2541e-07 -2.54054e-08 0 2.26641e-07 -2.50104e-08 0
          2.27837e-07 -2.46035e-08 0 2.28995e-07 -2.41845e-08 0 2.30112e-07 -2.37531e-08 0 2.31186e-07 -2.33094e-08 0
          2.32213e-07 -2.28532e-08 0 2.3319e-07 -2.23848e-08 0 2.34114e-07 -2.19043e-08 0 2.34983e-07 -2.14119e-08 0
          2.35792e-07 -2.0908e-08 0 2.36539e-07 -2.03932e-08 0 2.3722e-07 -1.98681e-08 0 2.37832e-07 -1.93334e-08 0
          2.38372e-07 -1.87901e-08 0 2.38838e-07 -1.82392e-08 0 2.39226e-07 -1.76817e-08 0 2.39536e-07 -1.7119e-08 0
          2.39764e-07 -1.65525e-08 0 2.3991e-07 -1.59835e-08 0 2.39973e-07 -1.54136e-08 0 2.39953e-07 -1.48445e-08 0
          2.39849e-07 -1.42776e-08 0 2.39663e-07 -1.37147e-08 0 2.39396e-07 -1.31573e-08 0 1.19621e-07 -6.37179e-09 0
          3.85086e-08 -1.3764e-08 0 8.6327e-08 -2.88713e-08 0 1.19123e-07 -3.03184e-08 0 1.55854e-07 -3.2877e-08 0
          1.6768e-07 -3.22675e-08 0 1.64015e-07 -3.35048e-08 0 1.60838e-07 -3.68434e-08 0 1.57367e-07 -3.55629e-08 0
          1.53786e-07 -3.57126e-08 0 1.54243e-07 -3.70821e-08 0 1.57861e-07 -3.75197e-08 0 1.6106e-07 -3.69139e-08 0
          1.6302e-07 -3.66334e-08 0 1.64833e-07 -3.65221e-08 0 1.66872e-07 -3.64925e-08 0 1.69061e-07 -3.63546e-08 0
          1.71146e-07 -3.61628e-08 0 1.73129e-07 -3.59913e-08 0 1.7508e-07 -3.58231e-08 0 1.77018e-07 -3.56536e-08 0
          1.78937e-07 -3.54738e-08 0 1.80826e-07 -3.52865e-08 0 1.82684e-07 -3.50975e-08 0 1.84524e-07 -3.49076e-08 0
          1.8635e-07 -3.47134e-08 0 1.88161e-07 -3.45134e-08 0 1.89955e-07 -3.43073e-08 0 1.91731e-07 -3.40957e-08 0
          1.9349e-07 -3.38789e-08 0 1.95231e-07 -3.36569e-08 0 1.96957e-07 -3.34292e-08 0 1.98666e-07 -3.31955e-08 0
          2.00359e-07 -3.29556e-08 0 2.02036e-07 -3.27094e-08 0 2.03697e-07 -3.24568e-08 0 2.05341e-07 -3.21975e-08 0
          2.0697e-07 -3.19313e-08 0 2.08582e-07 -3.16577e-08 0 2.10178e-07 -3.13764e-08 0 2.11757e-07 -3.10872e-08 0
          2.13319e-07 -3.07896e-08 0 2.14862e-07 -3.04834e-08 0 2.16388e-07 -3.01682e-08 0 2.17894e-07 -2.98434e-08 0
          2.19381e-07 -2.95086e-08 0 2.20846e-07 -2.91634e-08 0 2.2229e-07 -2.88073e-08 0 2.2371e-07 -2.84398e-08 0
          2.25105e-07 -2.80605e-08 0 2.26472e-07 -2.76688e-08 0 2.27811e-07 -2.72644e-08 0 2.29118e-07 -2.68467e-08 0
          2.30392e-07 -2.64154e-08 0 2.31628e-07 -2.59702e-08 0 2.32825e-07 -2.55108e-08 0 2.33979e-07 -2.50371e-08 0
          2.35086e-07 -2.45487e-08 0 2.36143e-07 -2.40459e-08 0 2.37147e-07 -2.35286e-08 0 2.38092e-07 -2.29971e-08 0
          2.38975e-07 -2.24517e-08 0 2.39793e-07 -2.18929e-08 0 2.4054e-07 -2.13214e-08 0 2.41213e-07 -2.0738e-08 0
          2.41809e-07 -2.01437e-08 0 2.42322e-07 -1.95397e-08 0 2.42751e-07 -1.89273e-08 0 2.43092e-07 -1.8308e-08 0
          2.43343e-07 -1.76834e-08 0 2.43502e-07 -1.70553e-08 0 2.43567e-07 -1.64256e-08 0 2.43538e-07 -1.57961e-08 0
          2.43415e-07 -1.5169e-08 0 2.43199e-07 -1.45463e-08 0 2.42891e-07 -1.39299e-08 0 1.21357e-07 -6.73627e-09 0
          2.86127e-08 -1.24476e-08 0 5.96483e-08 -2.60426e-08 0 6.49046e-08 -2.73885e-08 0 7.13336e-08 -2.9063e-08 0
          8.35638e-08 -2.97787e-08 0 1.14856e-07 -3.11206e-08 0 1.59075e-07 -3.46279e-08 0 1.78693e-07 -3.40607e-08 0
          1.74427e-07 -3.4884e-08 0 1.71884e-07 -3.90223e-08 0 1.69123e-07 -3.84236e-08 0 1.64082e-07 -3.7196e-08 0
          1.61483e-07 -3.82178e-08 0 1.63934e-07 -3.97323e-08 0 1.68186e-07 -3.93056e-08 0 1.70685e-07 -3.86152e-08 0
          1.72291e-07 -3.83806e-08 0 1.74021e-07 -3.82634e-08 0 1.76035e-07 -3.81933e-08 0 1.78176e-07 -3.79953e-08 0
          1.8016e-07 -3.77412e-08 0 1.82e-07 -3.75221e-08 0 1.83825e-07 -3.73382e-08 0 1.85685e-07 -3.7152e-08 0
          1.87559e-07 -3.69541e-08 0 1.8942e-07 -3.67405e-08 0 1.91249e-07 -3.6518e-08 0 1.9305e-07 -3.62936e-08 0
          1.94834e-07 -3.6068e-08 0 1.96609e-07 -3.58377e-08 0 1.98372e-07 -3.56003e-08 0 2.0012e-07 -3.53557e-08 0
          2.0185e-07 -3.51046e-08 0 2.03564e-07 -3.48479e-08 0 2.05263e-07 -3.45853e-08 0 2.06949e-07 -3.43161e-08 0
          2.08621e-07 -3.40397e-08 0 2.1028e-07 -3.37556e-08 0 2.11923e-07 -3.34634e-08 0 2.13552e-07 -3.31631e-08 0
          2.15165e-07 -3.28544e-08 0 2.16763e-07 -3.25367e-08 0 2.18345e-07 -3.22096e-08 0 2.19912e-07 -3.18725e-08 0
          2.21462e-07 -3.15247e-08 0 2.22994e-07 -3.11658e-08 0 2.24507e-07 -3.07951e-08 0 2.26e-07 -3.04121e-08 0
          2.27471e-07 -3.00162e-08 0 2.28918e-07 -2.96066e-08 0 2.30339e-07 -2.91828e-08 0 2.31732e-07 -2.87441e-08 0
          2.33094e-07 -2.829e-08 0 2.34421e-07 -2.782e-08 0 2.3571e-07 -2.73336e-08 0 2.36957e-07 -2.68305e-08 0
          2.38159e-07 -2.63104e-08 0 2.39311e-07 -2.57731e-08 0 2.40409e-07 -2.52186e-08 0 2.41447e-07 -2.4647e-08 0
          2.42421e-07 -2.40585e-08 0 2.43325e-07 -2.34536e-08 0 2.44155e-07 -2.28331e-08 0 2.44905e-07 -2.21976e-08 0
          2.4557e-07 -2.15483e-08 0 2.46146e-07 -2.08866e-08 0 2.46627e-07 -2.02139e-08 0 2.47011e-07 -1.95321e-08 0
          2.47293e-07 -1.8843e-08 0 2.47471e-07 -1.81489e-08 0 2.47542e-07 -1.74521e-08 0 2.47506e-07 -1.6755e-08 0
          2.47363e-07 -1.60601e-08 0 2.47113e-07 -1.53701e-08 0 2.46757e-07 -1.46873e-08 0 1.23277e-07 -7.09052e-09 0
          2.43419e-08 -1.14728e-08 0 4.94434e-08 -2.3509e-08 0 5.11864e-08 -2.41346e-08 0 5.36695e-08 -2.48271e-08 0
          5.73011e-08 -2.57763e-08 0 6.19046e-08 -2.71504e-08 0 6.71981e-08 -2.90186e-08 0 7.71379e-08 -3.01596e-08 0
          1.02771e-07 -3.13578e-08 0 1.5486e-07 -3.54818e-08 0 1.89074e-07 -3.58192e-08 0 1.87697e-07 -3.57162e-08 0
          1.8426e-07 -3.8504e-08 0 1.82441e-07 -4.22123e-08 0 1.78439e-07 -3.93341e-08 0 1.7249e-07 -3.88284e-08 0
          1.70184e-07 -4.00166e-08 0 1.73133e-07 -4.16928e-08 0 1.7798e-07 -4.11529e-08 0 1.80552e-07 -4.01496e-08 0
          1.81679e-07 -3.97403e-08 0 1.82951e-07 -3.96708e-08 0 1.84705e-07 -3.96157e-08 0 1.86786e-07 -3.95181e-08 0
          1.88925e-07 -3.92753e-08 0 1.90862e-07 -3.89788e-08 0 1.92636e-07 -3.87213e-08 0 1.94393e-07 -3.85033e-08 0
          1.96199e-07 -3.82893e-08 0 1.98033e-07 -3.8058e-08 0 1.99858e-07 -3.78081e-08 0 2.0165e-07 -3.75453e-08 0
          2.03408e-07 -3.72797e-08 0 2.05146e-07 -3.70145e-08 0 2.06879e-07 -3.67465e-08 0 2.0861e-07 -3.64711e-08 0
          2.10332e-07 -3.6186e-08 0 2.1204e-07 -3.58914e-08 0 2.13731e-07 -3.55887e-08 0 2.15408e-07 -3.52785e-08 0
          2.17072e-07 -3.49607e-08 0 2.18726e-07 -3.46341e-08 0 2.20369e-07 -3.42976e-08 0 2.22e-07 -3.39502e-08 0
          2.23617e-07 -3.35915e-08 0 2.2522e-07 -3.32211e-08 0 2.26807e-07 -3.28383e-08 0 2.28378e-07 -3.24426e-08 0
          2.29932e-07 -3.20328e-08 0 2.31468e-07 -3.1608e-08 0 2.32982e-07 -3.11673e-08 0 2.34471e-07 -3.07099e-08 0
          2.35933e-07 -3.02351e-08 0 2.37363e-07 -2.97422e-08 0 2.38759e-07 -2.92305e-08 0 2.40116e-07 -2.86996e-08 0
          2.41429e-07 -2.81487e-08 0 2.42694e-07 -2.75776e-08 0 2.43904e-07 -2.69858e-08 0 2.45054e-07 -2.63735e-08 0
          2.46139e-07 -2.57407e-08 0 2.4715e-07 -2.50877e-08 0 2.48083e-07 -2.44152e-08 0 2.4893e-07 -2.3724e-08 0
          2.49684e-07 -2.30153e-08 0 2.5034e-07 -2.22905e-08 0 2.50891e-07 -2.15513e-08 0 2.51332e-07 -2.07999e-08 0
          2.51658e-07 -2.00386e-08 0 2.51864e-07 -1.927e-08 0 2.51948e-07 -1.84972e-08 0 2.51908e-07 -1.77231e-08 0
          2.51743e-07 -1.6951e-08 0 2.51454e-07 -1.61841e-08 0 2.51043e-07 -1.54257e-08 0 1.25404e-07 -7.43196e-09 0
          2.16944e-08 -1.05637e-08 0 4.37403e-08 -2.14601e-08 0 4.45112e-08 -2.18267e-08 0 4.54328e-08 -2.22525e-08 0
          4.65409e-08 -2.27584e-08 0 4.79251e-08 -2.33575e-08 0 4.991e-08 -2.4014e-08 0 5.2835e-08 -2.48837e-08 0
          5.6524e-08 -2.61375e-08 0 6.03471e-08 -2.79486e-08 0 6.67422e-08 -2.9724e-08 0 8.30734e-08 -3.09048e-08 0
          1.26993e-07 -3.35949e-08 0 1.82982e-07 -3.76556e-08 0 2.03415e-07 -3.63676e-08 0 1.97932e-07 -3.74239e-08 0
          1.95386e-07 -4.09581e-08 0 1.95474e-07 -4.49967e-08 0 1.92133e-07 -4.11587e-08 0 1.85121e-07 -3.9841e-08 0
          1.80684e-07 -4.03716e-08 0 1.80224e-07 -4.18027e-08 0 1.84139e-07 -4.31581e-08 0 1.89112e-07 -4.24989e-08 0
          1.91675e-07 -4.1419e-08 0 1.92696e-07 -4.0913e-08 0 1.93775e-07 -4.07961e-08 0 1.95399e-07 -4.07498e-08 0
          1.97429e-07 -4.06354e-08 0 1.9958e-07 -4.03952e-08 0 2.01571e-07 -4.00535e-08 0 2.03332e-07 -3.97236e-08 0
          2.05003e-07 -3.9448e-08 0 2.06714e-07 -3.92038e-08 0 2.08497e-07 -3.89529e-08 0 2.10312e-07 -3.8677e-08 0
          2.12114e-07 -3.83772e-08 0 2.13876e-07 -3.80634e-08 0 2.15601e-07 -3.77464e-08 0 2.1731e-07 -3.74296e-08 0
          2.1902e-07 -3.71091e-08 0 2.20733e-07 -3.67792e-08 0 2.22445e-07 -3.64362e-08 0 2.24147e-07 -3.60798e-08 0
          2.25834e-07 -3.5711e-08 0 2.27508e-07 -3.5331e-08 0 2.29171e-07 -3.49396e-08 0 2.30825e-07 -3.45353e-08 0
          2.3247e-07 -3.41159e-08 0 2.34104e-07 -3.36796e-08 0 2.35722e-07 -3.32251e-08 0 2.3732e-07 -3.27518e-08 0
          2.38895e-07 -3.22589e-08 0 2.40443e-07 -3.17459e-08 0 2.41961e-07 -3.12117e-08 0 2.43444e-07 -3.06554e-08 0
          2.44888e-07 -3.00758e-08 0 2.46287e-07 -2.94722e-08 0 2.47633e-07 -2.8844e-08 0 2.48919e-07 -2.8191e-08 0
          2.50138e-07 -2.7513e-08 0 2.51282e-07 -2.68103e-08 0 2.52343e-07 -2.60832e-08 0 2.53313e-07 -2.53326e-08 0
          2.54182e-07 -2.45596e-08 0 2.54943e-07 -2.37655e-08 0 2.55586e-07 -2.29525e-08 0 2.56105e-07 -2.2123e-08 0
          2.56491e-07 -2.12799e-08 0 2.5674e-07 -2.04265e-08 0 2.56846e-07 -1.95663e-08 0 2.56806e-07 -1.87034e-08 0
          2.5662e-07 -1.78419e-08 0 2.56287e-07 -1.69861e-08 0 2.5581e-07 -1.61402e-08 0 1.27768e-07 -7.75711e-09 0
          1.93352e-08 -9.62901e-09 0 3.8857e-08 -1.94936e-08 0 3.92452e-08 -1.97522e-08 0 3.96709e-08 -2.00314e-08 0
          4.01545e-08 -2.03366e-08 0 4.07297e-08 -2.06742e-08 0 4.14253e-08 -2.10654e-08 0 4.22553e-08 -2.15292e-08 0
          4.32628e-08 -2.20778e-08 0 4.46732e-08 -2.26704e-08 0 4.6799e-08 -2.33622e-08 0 4.95723e-08 -2.43513e-08 0
          5.22191e-08 -2.58288e-08 0 5.50455e-08 -2.80234e-08 0 6.22172e-08 -2.95644e-08 0 8.11019e-08 -3.11207e-08 0
          1.30209e-07 -3.44797e-08 0 1.94371e-07 -3.88766e-08 0 2.17728e-07 -3.70137e-08 0 2.1001e-07 -3.76713e-08 0
          2.06066e-07 -3.99993e-08 0 2.05684e-07 -4.4107e-08 0 2.07101e-07 -4.64834e-08 0 2.03941e-07 -4.26843e-08 0
          1.97207e-07 -4.11133e-08 0 1.92587e-07 -4.13911e-08 0 1.91342e-07 -4.2515e-08 0 1.94042e-07 -4.39118e-08 0
          1.99061e-07 -4.40015e-08 0 2.02811e-07 -4.28844e-08 0 2.04309e-07 -4.19778e-08 0 2.05049e-07 -4.16142e-08 0
          2.06169e-07 -4.15385e-08 0 2.07894e-07 -4.1478e-08 0 2.10001e-07 -4.13147e-08 0 2.12171e-07 -4.10096e-08 0
          2.14144e-07 -4.06121e-08 0 2.15874e-07 -4.02255e-08 0 2.17502e-07 -3.98964e-08 0 2.19173e-07 -3.96044e-08 0
          2.20934e-07 -3.93118e-08 0 2.22755e-07 -3.89906e-08 0 2.24578e-07 -3.86381e-08 0 2.26367e-07 -3.82626e-08 0
          2.28114e-07 -3.78774e-08 0 2.29838e-07 -3.74899e-08 0 2.31564e-07 -3.70983e-08 0 2.33303e-07 -3.66955e-08 0
          2.35055e-07 -3.62743e-08 0 2.36807e-07 -3.58308e-08 0 2.38545e-07 -3.53645e-08 0 2.40264e-07 -3.48769e-08 0
          2.41961e-07 -3.43688e-08 0 2.43638e-07 -3.38399e-08 0 2.45293e-07 -3.32882e-08 0 2.46923e-07 -3.27111e-08 0
          2.48522e-07 -3.21065e-08 0 2.50081e-07 -3.14729e-08 0 2.5159e-07 -3.08096e-08 0 2.53041e-07 -3.01164e-08 0
          2.54424e-07 -2.93931e-08 0 2.55732e-07 -2.86398e-08 0 2.56954e-07 -2.78563e-08 0 2.5808e-07 -2.7043e-08 0
          2.59098e-07 -2.62005e-08 0 2.59997e-07 -2.53305e-08 0 2.60764e-07 -2.44352e-08 0 2.61389e-07 -2.35174e-08 0
          2.61861e-07 -2.25807e-08 0 2.62172e-07 -2.16291e-08 0 2.62315e-07 -2.06672e-08 0 2.62284e-07 -1.97003e-08 0
          2.62077e-07 -1.87336e-08 0 2.61694e-07 -1.77729e-08 0 2.61138e-07 -1.68239e-08 0 1.30409e-07 -8.06127e-09 0
          1.69907e-08 -8.63295e-09 0 3.40893e-08 -1.74476e-08 0 3.43107e-08 -1.76459e-08 0 3.45461e-08 -1.78549e-08 0
          3.48017e-08 -1.80773e-08 0 3.50846e-08 -1.83168e-08 0 3.5403e-08 -1.85773e-08 0 3.57708e-08 -1.88621e-08 0
          3.62129e-08 -1.91745e-08 0 3.67509e-08 -1.95291e-08 0 3.73819e-08 -1.99468e-08 0 3.8099e-08 -2.04377e-08 0
          3.89923e-08 -2.09762e-08 0 4.0372e-08 -2.14879e-08 0 4.23364e-08 -2.21734e-08 0 4.44958e-08 -2.31176e-08 0
          4.60869e-08 -2.4589e-08 0 4.7501e-08 -2.68981e-08 0 5.21136e-08 -2.86549e-08 0 6.39053e-08 -3.02066e-08 0
          8.94002e-08 -3.24797e-08 0 1.44495e-07 -3.65893e-08 0 2.07213e-07 -3.97457e-08 0 2.28333e-07 -3.80809e-08 0
          2.21376e-07 -3.87145e-08 0 2.17098e-07 -4.09517e-08 0 2.16485e-07 -4.42863e-08 0 2.19061e-07 -4.77445e-08 0
          2.19197e-07 -4.57068e-08 0 2.13685e-07 -4.25462e-08 0 2.075e-07 -4.18806e-08 0 2.0408e-07 -4.24355e-08 0
          2.03879e-07 -4.35737e-08 0 2.07096e-07 -4.47076e-08 0 2.12037e-07 -4.4627e-08 0 2.15723e-07 -4.35394e-08 0
          2.17311e-07 -4.25515e-08 0 2.18008e-07 -4.20696e-08 0 2.18958e-07 -4.19185e-08 0 2.20538e-07 -4.18468e-08 0
          2.22604e-07 -4.16789e-08 0 2.24843e-07 -4.13728e-08 0 2.26959e-07 -4.09342e-08 0 2.28809e-07 -4.04636e-08 0
          2.30474e-07 -4.00355e-08 0 2.3212e-07 -3.96638e-08 0 2.33865e-07 -3.93142e-08 0 2.35726e-07 -3.89463e-08 0
          2.37652e-07 -3.85352e-08 0 2.39577e-07 -3.80804e-08 0 2.41461e-07 -3.75921e-08 0 2.43297e-07 -3.70844e-08 0
          2.45104e-07 -3.65644e-08 0 2.46905e-07 -3.603e-08 0 2.48712e-07 -3.5473e-08 0 2.5052e-07 -3.48849e-08 0
          2.52311e-07 -3.42605e-08 0 2.54066e-07 -3.35988e-08 0 2.55771e-07 -3.2901e-08 0 2.57415e-07 -3.21684e-08 0
          2.58995e-07 -3.14015e-08 0 2.60502e-07 -3.0599e-08 0 2.61926e-07 -2.97592e-08 0 2.63254e-07 -2.88811e-08 0
          2.64469e-07 -2.79645e-08 0 2.65552e-07 -2.7011e-08 0 2.66487e-07 -2.60232e-08 0 2.67258e-07 -2.50047e-08 0
          2.67851e-07 -2.39599e-08 0 2.68254e-07 -2.28936e-08 0 2.68456e-07 -2.18116e-08 0 2.68448e-07 -2.07205e-08 0
          2.68225e-07 -1.96275e-08 0 2.67786e-07 -1.85405e-08 0 2.67133e-07 -1.74674e-08 0 1.33377e-07 -8.33776e-09 0
          1.46636e-08 -7.58316e-09 0 2.93964e-08 -1.53141e-08 0 2.95389e-08 -1.54754e-08 0 2.9691e-08 -1.56443e-08 0
          2.98552e-08 -1.58221e-08 0 3.00351e-08 -1.60103e-08 0 3.02345e-08 -1.62105e-08 0 3.04585e-08 -1.64247e-08 0
          3.07116e-08 -1.66559e-08 0 3.09983e-08 -1.69069e-08 0 3.13253e-08 -1.71797e-08 0 3.17084e-08 -1.74748e-08 0
          3.2171e-08 -1.77967e-08 0 3.27141e-08 -1.81683e-08 0 3.33176e-08 -1.85993e-08 0 3.39643e-08 -1.91017e-08 0
          3.47376e-08 -1.9623e-08 0 3.59488e-08 -2.00772e-08 0 3.77325e-08 -2.06541e-08 0 3.98972e-08 -2.14158e-08 0
          4.21083e-08 -2.24894e-08 0 4.40706e-08 -2.42174e-08 0 4.58075e-08 -2.66262e-08 0 5.00045e-08 -2.84493e-08 0
          6.05578e-08 -3.01598e-08 0 8.17923e-08 -3.2457e-08 0 1.24008e-07 -3.58582e-08 0 1.88249e-07 -3.98484e-08 0
          2.32807e-07 -3.95508e-08 0 2.36673e-07 -3.87933e-08 0 2.29855e-07 -4.03319e-08 0 2.27376e-07 -4.29188e-08 0
          2.28553e-07 -4.61168e-08 0 2.31992e-07 -4.86006e-08 0 2.32462e-07 -4.64346e-08 0 2.27594e-07 -4.34601e-08 0
          2.21682e-07 -4.24312e-08 0 2.17987e-07 -4.27438e-08 0 2.17149e-07 -4.36342e-08 0 2.19299e-07 -4.46817e-08 0
          2.23809e-07 -4.51103e-08 0 2.28305e-07 -4.43181e-08 0 2.3091e-07 -4.31673e-08 0 2.31956e-07 -4.23128e-08 0
          2.32624e-07 -4.19235e-08 0 2.33777e-07 -4.17856e-08 0 2.35608e-07 -4.16654e-08 0 2.37904e-07 -4.1417e-08 0
          2.40336e-07 -4.10085e-08 0 2.42615e-07 -4.04614e-08 0 2.44619e-07 -3.98758e-08 0 2.46432e-07 -3.93216e-08 0
          2.4822e-07 -3.88144e-08 0 2.50104e-07 -3.83206e-08 0 2.52109e-07 -3.77979e-08 0 2.54182e-07 -3.72169e-08 0
          2.5625e-07 -3.65719e-08 0 2.58256e-07 -3.58723e-08 0 2.6018e-07 -3.51319e-08 0 2.6203e-07 -3.43602e-08 0
          2.63824e-07 -3.35572e-08 0 2.65569e-07 -3.27156e-08 0 2.67254e-07 -3.18266e-08 0 2.68853e-07 -3.08845e-08 0
          2.70334e-07 -2.98884e-08 0 2.71667e-07 -2.88414e-08 0 2.72828e-07 -2.77485e-08 0 2.738e-07 -2.66146e-08 0
          2.74564e-07 -2.54446e-08 0 2.75103e-07 -2.42436e-08 0 2.75401e-07 -2.30179e-08 0 2.75442e-07 -2.17759e-08 0
          2.75214e-07 -2.05274e-08 0 2.74712e-07 -1.92839e-08 0 2.73939e-07 -1.80571e-08 0 1.36743e-07 -8.57685e-09 0
          1.24045e-08 -6.49969e-09 0 2.48606e-08 -1.31237e-08 0 2.49684e-08 -1.3259e-08 0 2.50859e-08 -1.34005e-08 0
          2.52147e-08 -1.3549e-08 0 2.53564e-08 -1.37052e-08 0 2.55129e-08 -1.38699e-08 0 2.56863e-08 -1.40441e-08 0
          2.58787e-08 -1.42288e-08 0 2.60928e-08 -1.4425e-08 0 2.63319e-08 -1.46339e-08 0 2.65995e-08 -1.4857e-08 0
          2.68978e-08 -1.50968e-08 0 2.7229e-08 -1.53545e-08 0 2.75981e-08 -1.56305e-08 0 2.80208e-08 -1.59218e-08 0
          2.8523e-08 -1.62313e-08 0 2.91126e-08 -1.65783e-08 0 2.97811e-08 -1.69716e-08 0 3.0506e-08 -1.74319e-08 0
          3.12672e-08 -1.79555e-08 0 3.21494e-08 -1.84872e-08 0 3.33621e-08 -1.89973e-08 0 3.50324e-08 -1.95727e-08 0
          3.71103e-08 -2.02955e-08 0 3.94375e-08 -2.12866e-08 0 4.18592e-08 -2.28148e-08 0 4.39278e-08 -2.50455e-08 0
          4.62526e-08 -2.72337e-08 0 5.23329e-08 -2.90084e-08 0 6.55122e-08 -3.10123e-08 0 8.96513e-08 -3.3634e-08 0
          1.33295e-07 -3.70125e-08 0 1.94209e-07 -4.02296e-08 0 2.38511e-07 -3.9892e-08 0 2.47662e-07 -3.93186e-08 0
          2.4275e-07 -4.06012e-08 0 2.39666e-07 -4.29896e-08 0 2.40486e-07 -4.58231e-08 0 2.4433e-07 -4.85323e-08 0
          2.47517e-07 -4.83377e-08 0 2.45699e-07 -4.51607e-08 0 2.39983e-07 -4.28933e-08 0 2.34684e-07 -4.24281e-08 0
          2.32023e-07 -4.29675e-08 0 2.32169e-07 -4.38546e-08 0 2.35023e-07 -4.47373e-08 0 2.39812e-07 -4.49363e-08 0
          2.44395e-07 -4.40546e-08 0 2.4721e-07 -4.28386e-08 0 2.48528e-07 -4.18592e-08 0 2.49407e-07 -4.13162e-08 0
          2.50711e-07 -4.10332e-08 0 2.52705e-07 -4.07843e-08 0 2.55222e-07 -4.04038e-08 0 2.57931e-07 -3.9841e-08 0
          2.60523e-07 -3.91081e-08 0 2.62825e-07 -3.82876e-08 0 2.64868e-07 -3.74647e-08 0 2.66807e-07 -3.6668e-08 0
          2.68777e-07 -3.58741e-08 0 2.70821e-07 -3.50378e-08 0 2.72892e-07 -3.41231e-08 0 2.749e-07 -3.31161e-08 0
          2.76762e-07 -3.20245e-08 0 2.78428e-07 -3.08634e-08 0 2.79879e-07 -2.96475e-08 0 2.81109e-07 -2.83841e-08 0
          2.82111e-07 -2.70741e-08 0 2.82862e-07 -2.57176e-08 0 2.83326e-07 -2.43188e-08 0 2.83468e-07 -2.28881e-08 0
          2.83261e-07 -2.14412e-08 0 2.82691e-07 -1.99964e-08 0 2.81764e-07 -1.85725e-08 0 1.40606e-07 -8.76359e-09 0
          1.02476e-08 -5.3998e-09 0 2.05396e-08 -1.0905e-08 0 2.06331e-08 -1.10189e-08 0 2.07362e-08 -1.11379e-08 0
          2.08497e-08 -1.12624e-08 0 2.09744e-08 -1.13928e-08 0 2.11114e-08 -1.15296e-08 0 2.12616e-08 -1.16731e-08 0
          2.14262e-08 -1.18239e-08 0 2.16062e-08 -1.19824e-08 0 2.18029e-08 -1.21492e-08 0 2.20175e-08 -1.23248e-08 0
          2.22516e-08 -1.25098e-08 0 2.25071e-08 -1.27048e-08 0 2.27872e-08 -1.29102e-08 0 2.30951e-08 -1.31274e-08 0
          2.34332e-08 -1.33586e-08 0 2.3803e-08 -1.36054e-08 0 2.42048e-08 -1.38705e-08 0 2.46413e-08 -1.41529e-08 0
          2.51246e-08 -1.44512e-08 0 2.56726e-08 -1.47688e-08 0 2.62967e-08 -1.5116e-08 0 2.69975e-08 -1.55044e-08 0
          2.77611e-08 -1.59495e-08 0 2.85663e-08 -1.64568e-08 0 2.94313e-08 -1.70032e-08 0 3.04561e-08 -1.75578e-08 0
          3.17909e-08 -1.81172e-08 0 3.35521e-08 -1.87271e-08 0 3.57307e-08 -1.95085e-08 0 3.82515e-08 -2.06042e-08 0
          4.09503e-08 -2.22348e-08 0 4.32143e-08 -2.44387e-08 0 4.545e-08 -2.66018e-08 0 5.07156e-08 -2.84449e-08 0
          6.20654e-08 -3.04719e-08 0 8.19128e-08 -3.29621e-08 0 1.15623e-07 -3.59494e-08 0 1.69133e-07 -3.91902e-08 0
          2.2468e-07 -4.03886e-08 0 2.553e-07 -3.94926e-08 0 2.59001e-07 -3.9696e-08 0 2.53834e-07 -4.14994e-08 0
          2.52632e-07 -4.40445e-08 0 2.55074e-07 -4.67747e-08 0 2.60069e-07 -4.89797e-08 0 2.63826e-07 -4.82964e-08 0
          2.6251e-07 -4.5137e-08 0 2.57369e-07 -4.28196e-08 0 2.52382e-07 -4.20987e-08 0 2.49804e-07 -4.2446e-08 0
          2.49974e-07 -4.31578e-08 0 2.52743e-07 -4.38825e-08 0 2.57599e-07 -4.41046e-08 0 2.628e-07 -4.32797e-08 0
          2.66514e-07 -4.18612e-08 0 2.68521e-07 -4.05335e-08 0 2.69745e-07 -3.95918e-08 0 2.71164e-07 -3.89648e-08 0
          2.7324e-07 -3.84123e-08 0 2.75898e-07 -3.773e-08 0 2.78798e-07 -3.68263e-08 0 2.81582e-07 -3.5705e-08 0
          2.84002e-07 -3.44243e-08 0 2.86006e-07 -3.30842e-08 0 2.87702e-07 -3.17305e-08 0 2.89209e-07 -3.03553e-08 0
          2.9056e-07 -2.89202e-08 0 2.91688e-07 -2.73963e-08 0 2.9248e-07 -2.57816e-08 0 2.92837e-07 -2.40991e-08 0
          2.927e-07 -2.23827e-08 0 2.92054e-07 -2.06654e-08 0 2.90912e-07 -1.89796e-08 0 1.45111e-07 -8.87394e-09 0
          8.19946e-09 -4.29398e-09 0 1.64391e-08 -8.67505e-09 0 1.65236e-08 -8.76817e-09 0 1.66164e-08 -8.86526e-09 0
          1.67179e-08 -8.96651e-09 0 1.68285e-08 -9.07214e-09 0 1.69487e-08 -9.18238e-09 0 1.70791e-08 -9.29745e-09 0
          1.72201e-08 -9.4176e-09 0 1.73722e-08 -9.5431e-09 0 1.75361e-08 -9.67421e-09 0 1.77125e-08 -9.81122e-09 0
          1.79021e-08 -9.95446e-09 0 1.81059e-08 -1.01043e-08 0 1.83248e-08 -1.02612e-08 0 1.85599e-08 -1.04257e-08 0
          1.88123e-08 -1.05984e-08 0 1.90829e-08 -1.07801e-08 0 1.93733e-08 -1.09712e-08 0 1.96857e-08 -1.11724e-08 0
          2.00227e-08 -1.13848e-08 0 2.03867e-08 -1.16101e-08 0 2.07792e-08 -1.18502e-08 0 2.12009e-08 -1.2107e-08 0
          2.16525e-08 -1.23813e-08 0 2.21393e-08 -1.26724e-08 0 2.26728e-08 -1.29804e-08 0 2.32685e-08 -1.33085e-08 0
          2.39387e-08 -1.36652e-08 0 2.46841e-08 -1.40638e-08 0 2.5494e-08 -1.45149e-08 0 2.63541e-08 -1.50244e-08 0
          2.7266e-08 -1.55836e-08 0 2.82878e-08 -1.61652e-08 0 2.95508e-08 -1.67445e-08 0 3.12065e-08 -1.73421e-08 0
          3.33082e-08 -1.80724e-08 0 3.58378e-08 -1.90583e-08 0 3.86923e-08 -2.04491e-08 0 4.13965e-08 -2.23623e-08 0
          4.36488e-08 -2.46096e-08 0 4.67527e-08 -2.66274e-08 0 5.37384e-08 -2.85939e-08 0 6.69628e-08 -3.08007e-08 0
          8.84566e-08 -3.33819e-08 0 1.23663e-07 -3.63205e-08 0 1.76809e-07 -3.91913e-08 0 2.31573e-07 -4.00535e-08 0
          2.65163e-07 -3.92685e-08 0 2.73857e-07 -3.95074e-08 0 2.70964e-07 -4.11697e-08 0 2.69789e-07 -4.36183e-08 0
          2.72564e-07 -4.62283e-08 0 2.78293e-07 -4.83956e-08 0 2.83845e-07 -4.8348e-08 0 2.84799e-07 -4.52598e-08 0
          2.80834e-07 -4.22512e-08 0 2.75688e-07 -4.07503e-08 0 2.7251e-07 -4.06608e-08 0 2.72327e-07 -4.10755e-08 0
          2.74887e-07 -4.15161e-08 0 2.7977e-07 -4.15927e-08 0 2.85646e-07 -4.06899e-08 0 2.90389e-07 -3.88367e-08 0
          2.93103e-07 -3.68616e-08 0 2.94549e-07 -3.52053e-08 0 2.95855e-07 -3.38953e-08 0 2.97632e-07 -3.26412e-08 0
          2.99766e-07 -3.12021e-08 0 3.01814e-07 -2.94944e-08 0 3.03361e-07 -2.75553e-08 0 3.04144e-07 -2.54683e-08 0
          3.04086e-07 -2.33404e-08 0 3.03278e-07 -2.12595e-08 0 3.01823e-07 -1.92267e-08 0 1.50468e-07 -8.87203e-09 0
          6.24817e-09 -3.18822e-09 0 1.25312e-08 -6.44369e-09 0 1.26041e-08 -6.51486e-09 0 1.26833e-08 -6.58885e-09 0
          1.27691e-08 -6.66577e-09 0 1.28616e-08 -6.74574e-09 0 1.29612e-08 -6.82889e-09 0 1.30681e-08 -6.91535e-09 0
          1.31825e-08 -7.00529e-09 0 1.33048e-08 -7.09884e-09 0 1.34353e-08 -7.19618e-09 0 1.35743e-08 -7.29751e-09 0
          1.37224e-08 -7.40301e-09 0 1.38799e-08 -7.51293e-09 0 1.40475e-08 -7.62752e-09 0 1.42256e-08 -7.74708e-09 0
          1.44149e-08 -7.87191e-09 0 1.4616e-08 -8.00236e-09 0 1.48298e-08 -8.13882e-09 0 1.50571e-08 -8.28173e-09 0
          1.52988e-08 -8.43161e-09 0 1.55558e-08 -8.58905e-09 0 1.58292e-08 -8.75466e-09 0 1.61199e-08 -8.92899e-09 0
          1.64296e-08 -9.1126e-09 0 1.67606e-08 -9.30617e-09 0 1.71153e-08 -9.51068e-09 0 1.74964e-08 -9.72763e-09 0
          1.79056e-08 -9.95889e-09 0 1.83437e-08 -1.02062e-08 0 1.88117e-08 -1.04706e-08 0 1.93128e-08 -1.07522e-08 0
          1.98558e-08 -1.10502e-08 0 2.0455e-08 -1.1366e-08 0 2.11253e-08 -1.17056e-08 0 2.1874e-08 -1.20801e-08 0
          2.26999e-08 -1.24992e-08 0 2.35958e-08 -1.29736e-08 0 2.4546e-08 -1.3509e-08 0 2.55353e-08 -1.40884e-08 0
          2.66292e-08 -1.46746e-08 0 2.80001e-08 -1.52632e-08 0 2.98061e-08 -1.5885e-08 0 3.20766e-08 -1.66687e-08 0
          3.47912e-08 -1.77128e-08 0 3.77943e-08 -1.91278e-08 0 4.06664e-08 -2.10302e-08 0 4.32439e-08 -2.32475e-08 0
          4.66281e-08 -2.53358e-08 0 5.34381e-08 -2.73919e-08 0 6.59102e-08 -2.96404e-08 0 8.58397e-08 -3.21896e-08 0
          1.17629e-07 -3.50216e-08 0 1.67007e-07 -3.78264e-08 0 2.2577e-07 -3.92134e-08 0 2.71136e-07 -3.851e-08 0
          2.91724e-07 -3.82702e-08 0 2.9404e-07 -3.94531e-08 0 2.92563e-07 -4.17345e-08 0 2.95573e-07 -4.42468e-08 0
          3.02184e-07 -4.64061e-08 0 3.10024e-07 -4.69263e-08 0 3.13969e-07 -4.38711e-08 0 3.11349e-07 -3.95557e-08 0
          3.05541e-07 -3.68871e-08 0 3.01485e-07 -3.61814e-08 0 3.01178e-07 -3.60639e-08 0 3.04004e-07 -3.57738e-08 0
          3.09033e-07 -3.49137e-08 0 3.14526e-07 -3.28683e-08 0 3.18e-07 -2.97632e-08 0 3.1866e-07 -2.6692e-08 0
          3.17901e-07 -2.41745e-08 0 3.16727e-07 -2.1762e-08 0 3.15078e-07 -1.93592e-08 0 1.57057e-07 -8.74726e-09 0
          4.37768e-09 -2.08915e-09 0 8.78242e-09 -4.22379e-09 0 8.83869e-09 -4.27154e-09 0 8.89928e-09 -4.32106e-09 0
          8.96432e-09 -4.3724e-09 0 9.03391e-09 -4.42566e-09 0 9.1082e-09 -4.48089e-09 0 9.18733e-09 -4.53818e-09 0
          9.27147e-09 -4.59763e-09 0 9.36082e-09 -4.65933e-09 0 9.45557e-09 -4.72339e-09 0 9.55596e-09 -4.78991e-09 0
          9.66225e-09 -4.85902e-09 0 9.77471e-09 -4.93086e-09 0 9.89365e-09 -5.00558e-09 0 1.00194e-08 -5.08334e-09 0
          1.01523e-08 -5.16431e-09 0 1.02928e-08 -5.24868e-09 0 1.04413e-08 -5.33667e-09 0 1.05983e-08 -5.42851e-09 0
          1.07642e-08 -5.52445e-09 0 1.09396e-08 -5.62476e-09 0 1.11251e-08 -5.72973e-09 0 1.13214e-08 -5.83967e-09 0
          1.15292e-08 -5.95493e-09 0 1.17494e-08 -6.07591e-09 0 1.1983e-08 -6.20305e-09 0 1.22309e-08 -6.3369e-09 0
          1.24941e-08 -6.47799e-09 0 1.27738e-08 -6.62688e-09 0 1.30712e-08 -6.78404e-09 0 1.33885e-08 -6.95004e-09 0
          1.37283e-08 -7.12563e-09 0 1.40932e-08 -7.31199e-09 0 1.44857e-08 -7.5107e-09 0 1.49077e-08 -7.72349e-09 0
          1.53603e-08 -7.95218e-09 0 1.58446e-08 -8.19785e-09 0 1.63642e-08 -8.46047e-09 0 1.69274e-08 -8.73972e-09 0
          1.75485e-08 -9.03605e-09 0 1.82452e-08 -9.35386e-09 0 1.90281e-08 -9.70561e-09 0 1.99005e-08 -1.01e-08 0
          2.08556e-08 -1.05488e-08 0 2.18599e-08 -1.1058e-08 0 2.29008e-08 -1.16087e-08 0 2.40461e-08 -1.21741e-08 0
          2.54327e-08 -1.27473e-08 0 2.7238e-08 -1.33522e-08 0 2.95384e-08 -1.40962e-08 0 3.23081e-08 -1.50637e-08 0
          3.54643e-08 -1.63514e-08 0 3.8748e-08 -1.80897e-08 0 4.18954e-08 -2.02568e-08 0 4.54695e-08 -2.24789e-08 0
          5.14377e-08 -2.4633e-08 0 6.24763e-08 -2.69174e-08 0 8.05101e-08 -2.94175e-08 0 1.08802e-07 -3.21492e-08 0
          1.54285e-07 -3.49205e-08 0 2.17877e-07 -3.67895e-08 0 2.78857e-07 -3.61826e-08 0 3.15276e-07 -3.50673e-08 0
          3.25005e-07 -3.56284e-08 0 3.25297e-07 -3.77871e-08 0 3.30523e-07 -4.00983e-08 0 3.39664e-07 -4.16277e-08 0
          3.49512e-07 -4.07346e-08 0 3.52385e-07 -3.4846e-08 0 3.44713e-07 -2.80324e-08 0 3.34377e-07 -2.53296e-08 0
          3.29325e-07 -2.47102e-08 0 3.3108e-07 -2.42068e-08 0 3.34063e-07 -2.03345e-08 0 1.67237e-07 -8.22642e-09 0
          2.57943e-09 -1.01148e-09 0 5.17597e-09 -2.04546e-09 0 5.2114e-09 -2.06896e-09 0 5.24929e-09 -2.09329e-09 0
          5.28971e-09 -2.11848e-09 0 5.33271e-09 -2.14457e-09 0 5.37839e-09 -2.17159e-09 0 5.42681e-09 -2.19957e-09 0
          5.47809e-09 -2.22857e-09 0 5.53232e-09 -2.25863e-09 0 5.58962e-09 -2.28979e-09 0 5.65012e-09 -2.32212e-09 0
          5.71396e-09 -2.35566e-09 0 5.7813e-09 -2.39049e-09 0 5.8523e-09 -2.42667e-09 0 5.92716e-09 -2.46427e-09 0
          6.00605e-09 -2.50337e-09 0 6.0892e-09 -2.54405e-09 0 6.17682e-09 -2.58641e-09 0 6.26916e-09 -2.63054e-09 0
          6.36649e-09 -2.67655e-09 0 6.4691e-09 -2.72456e-09 0 6.57729e-09 -2.77469e-09 0 6.69141e-09 -2.82708e-09 0
          6.81185e-09 -2.88187e-09 0 6.93901e-09 -2.93922e-09 0 7.07334e-09 -2.99932e-09 0 7.21532e-09 -3.06236e-09 0
          7.3655e-09 -3.12854e-09 0 7.52449e-09 -3.19808e-09 0 7.69299e-09 -3.27122e-09 0 7.87179e-09 -3.34824e-09 0
          8.06178e-09 -3.42947e-09 0 8.2639e-09 -3.51528e-09 0 8.4791e-09 -3.6061e-09 0 8.7084e-09 -3.70239e-09 0
          8.95295e-09 -3.80457e-09 0 9.21422e-09 -3.91306e-09 0 9.49418e-09 -4.02828e-09 0 9.79533e-09 -4.1508e-09 0
          1.01206e-08 -4.28155e-09 0 1.04725e-08 -4.42187e-09 0 1.08537e-08 -4.57319e-09 0 1.12659e-08 -4.73742e-09 0
          1.17105e-08 -4.91598e-09 0 1.21903e-08 -5.10902e-09 0 1.27115e-08 -5.31573e-09 0 1.3287e-08 -5.53624e-09 0
          1.39354e-08 -5.77332e-09 0 1.46714e-08 -6.03499e-09 0 1.55028e-08 -6.33043e-09 0 1.64253e-08 -6.6704e-09 0
          1.74215e-08 -7.0625e-09 0 1.8486e-08 -7.5008e-09 0 1.9659e-08 -7.96737e-09 0 2.10363e-08 -8.45307e-09 0
          2.27704e-08 -8.96421e-09 0 2.49994e-08 -9.56154e-09 0 2.77579e-08 -1.03411e-08 0 3.10274e-08 -1.13778e-08 0
          3.47314e-08 -1.2805e-08 0 3.86724e-08 -1.47408e-08 0 4.3048e-08 -1.6993e-08 0 4.93344e-08 -1.92323e-08 0
          6.07236e-08 -2.15317e-08 0 8.03915e-08 -2.39276e-08 0 1.12031e-07 -2.64152e-08 0 1.64289e-07 -2.8657e-08 0
          2.42225e-07 -2.94281e-08 0 3.19993e-07 -2.67956e-08 0 3.59977e-07 -2.46164e-08 0 3.71728e-07 -2.68826e-08 0
          3.84535e-07 -3.07214e-08 0 3.96095e-07 -2.91273e-08 0 3.84142e-07 -1.29643e-08 0 1.84516e-07 -4.17659e-09 0
          8.56897e-10 -4.80611e-10 0 1.71966e-09 -9.72058e-10 0 1.73179e-09 -9.83354e-10 0 1.7447e-09 -9.95036e-10 0
          1.75843e-09 -1.00712e-09 0 1.77299e-09 -1.01962e-09 0 1.7884e-09 -1.03255e-09 0 1.8047e-09 -1.04593e-09 0
          1.82192e-09 -1.05979e-09 0 1.84008e-09 -1.07414e-09 0 1.85922e-09 -1.08901e-09 0 1.8794e-09 -1.10442e-09 0
          1.90064e-09 -1.1204e-09 0 1.92301e-09 -1.13699e-09 0 1.94656e-09 -1.1542e-09 0 1.97135e-09 -1.17207e-09 0
          1.99743e-09 -1.19064e-09 0 2.02487e-09 -1.20995e-09 0 2.05374e-09 -1.23003e-09 0 2.08412e-09 -1.25093e-09 0
          2.11609e-09 -1.2727e-09 0 2.14973e-09 -1.29539e-09 0 2.18515e-09 -1.31906e-09 0 2.22245e-09 -1.34375e-09 0
          2.26174e-09 -1.36955e-09 0 2.30315e-09 -1.39651e-09 0 2.3468e-09 -1.42472e-09 0 2.39286e-09 -1.45426e-09 0
          2.44148e-09 -1.48521e-09 0 2.49284e-09 -1.51768e-09 0 2.54715e-09 -1.55177e-09 0 2.60462e-09 -1.5876e-09 0
          2.6655e-09 -1.62531e-09 0 2.73006e-09 -1.66504e-09 0 2.79857e-09 -1.70695e-09 0 2.87134e-09 -1.75122e-09 0
          2.94877e-09 -1.79803e-09 0 3.03128e-09 -1.84758e-09 0 3.11938e-09 -1.90012e-09 0 3.21365e-09 -1.95592e-09 0
          3.31469e-09 -2.01531e-09 0 3.42314e-09 -2.07867e-09 0 3.5396e-09 -2.14646e-09 0 3.66477e-09 -2.21911e-09 0
          3.79957e-09 -2.29704e-09 0 3.94525e-09 -2.38068e-09 0 4.10355e-09 -2.47054e-09 0 4.27668e-09 -2.56728e-09 0
          4.46702e-09 -2.67202e-09 0 4.67659e-09 -2.78629e-09 0 4.90674e-09 -2.91201e-09 0 5.15842e-09 -3.05104e-09 0
          5.43243e-09 -3.20414e-09 0 5.73193e-09 -3.3718e-09 0 6.06646e-09 -3.5551e-09 0 6.4524e-09 -3.75582e-09 0
          6.90478e-09 -3.97912e-09 0 7.43274e-09 -4.23434e-09 0 8.04274e-09 -4.53231e-09 0 8.72684e-09 -4.8854e-09 0
          9.46847e-09 -5.29978e-09 0 1.02872e-08 -5.77136e-09 0 1.12737e-08 -6.29615e-09 0 1.25996e-08 -6.87888e-09 0
          1.44254e-08 -7.5528e-09 0 1.68486e-08 -8.4737e-09 0 1.99892e-08 -9.787e-09 0 2.37704e-08 -1.17206e-08 0
          2.78263e-08 -1.47194e-08 0 3.26555e-08 -1.89477e-08 0 4.31812e-08 -2.41487e-08 0 7.04748e-08 -3.02894e-08 0
          1.43007e-07 -3.65532e-08 0 2.7307e-07 -3.18327e-08 0 3.51772e-07 -4.67503e-09 0 1.76695e-07 -5.57118e-10 0
        </DataArray>
        <DataArray type="Float32" Name="velocity_gas (m/s)" NumberOfComponents="3" format="ascii">
          0 0 0 0 0 0 0 0 0 0 0 0
          0 0 0 0 0 0 0 0 0 0 0 0
          0 0 0 0 0 0 0 0 0 0 0 0
          0 0 0 0 0 0 0 0 0 0 0 0
          0 0 0 0 0 0 0 0 0 0 0 0
          0 0 0 0 0 0 0 0 0 0 0 0
          0 0 0 0 0 0 0 0 0 0 0 0
          0 0 0 0 0 0 0 0 0 0 0 0
          0 0 0 0 0 0 0 0 0 0 0 0
          0 0 0 0 0 0 0 0 0 0 0 0
          0 0 0 0 0 0 0 0 0 0 0 0
          0 0 0 0 0 0 0 0 0 0 0 0
          0 0 0 0 0 0 0 0 0 0 0 0
          0 0 0 0 0 0 0 0 0 0 0 0
          0 0 0 0 0 0 0 0 0 0 0 0
          0 0 0 0 0 0 0 0 0 0 0 0
          0 0 0 0 0 0 0 0 0 0 0 0
          0 0 0 0 0 0 0 0 0 0 0 0
          0 0 0 0 0 0 0 0 0 0 0 0
          0 0 0 0 0 0 0 0 0 0 0 0
          0 0 0 0 0 0 0 0 0 0 0 0
          0 0 0 0 0 0 0 0 0 0 0 0
          0 0 0 0 0 0 0 0 0 0 0 0
          0 0 0 0 0 0 0 0 0 0 0 0
          0 0 0 0 0 0 0 0 0 0 0 0
          0 0 0 0 0 0 0 0 0 0 0 0
          0 0 0 0 0 0 0 0 0 0 0 0
          0 0 0 0 0 0 0 0 0 0 0 0
          0 0 0 0 0 0 0 0 0 0 0 0
          0 0 0 0 0 0 0 0 0 0 0 0
          0 0 0 0 0 0 0 0 0 0 0 0
          0 0 0 0 0 0 0 0 0 0 0 0
          0 0 0 0 0 0 0 0 0 0 0 0
          0 0 0 0 0 0 0 0 0 0 0 0
          0 0 0 0 0 0 0 0 0 0 0 0
          0 0 0 0 0 0 0 0 0 0 0 0
          0 0 0 0 0 0 0 0 0 0 0 0
          0 0 0 0 0 0 0 0 0 0 0 0
          0 0 0 0 0 0 0 0 0 0 0 0
          0 0 0 0 0 0 0 0 0 0 0 0
          0 0 0 0 0 0 0 0 0 0 0 0
          0 0 0 0 0 0 0 0 0 0 0 0
          0 0 0 0 0 0 0 0 0 0 0 0
          0 0 0 0 0 0 0 0 0 0 0 0
          0 0 0 0 0 0 0 0 0 0 0 0
          0 0 0 0 0 0 0 0 0 0 0 0
          0 0 0 0 0 0 0 0 0 0 0 0
          0 0 0 0 0 0 0 0 0 0 0 0
          0 0 0 0 0 0 0 0 0 0 0 0
          0 0 0 0 0 0 0 0 0 0 0 0
          0 0 0 0 0 0 0 0 0 0 0 0
          0 0 0 0 0 0 0 0 0 0 0 0
          0 0 0 0 0 0 0 0 0 0 0 0
          0 0 0 0 0 0 0 0 0 0 0 0
          0 0 0 0 0 0 0 0 0 0 0 0
          0 0 0 0 0 0 0 0 0 0 0 0
          0 0 0 0 0 0 0 0 0 0 0 0
          0 0 0 0 0 0 0 0 0 0 0 0
          0 0 0 0 0 0 0 0 0 0 0 0
          0 0 0 0 0 0 0 0 0 0 0 0
          0 0 0 0 0 0 0 0 0 0 0 0
          0 0 0 0 0 0 0 0 0 0 0 0
          0 0 0 0 0 0 0 0 0 0 0 0
          0 0 0 0 0 0 0 0 0 0 0 0
          0 0 0 0 0 0 0 0 0 0 0 0
          0 0 0 0 0 0 0 0 0 0 0 0
          0 0 0 0 0 0 0 0 0 0 0 0
          0 0 0 0 0 0 0 0 0 0 0 0
          0 0 0 0 0 0 0 0 0 0 0 0
          0 0 0 0 0 0 0 0 0 0 0 0
          0 0 0 0 0 0 0 0 0 0 0 0
          0 0 0 0 0 0 0 0 0 0 0 0
          0 0 0 0 0 0 0 0 0 0 0 0
          0 0 0 0 0 0 0 0 0 0 0 0
          0 0 0 0 0 0 0 0 0 0 0 0
          0 0 0 0 0 0 0 0 0 0 0 0
          0 0 0 0 0 0 0 0 0 0 0 0
          0 0 0 0 0 0 0 0 0 0 0 0
          0 0 0 0 0 0 0 0 0 0 0 0
          0 0 0 0 0 0 0 0 0 0 0 0
          0 0 0 0 0 0 0 0 0 0 0 0
          0 0 0 0 0 0 0 0 0 0 0 0
          0 0 0 0 0 0 0 0 0 0 0 0
          0 0 0 0 0 0 0 0 0 0 0 0
          0 0 0 0 0 0 0 0 0 0 0 0
          0 0 0 0 0 0 0 0 0 0 0 0
          0 0 0 0 0 0 0 0 0 0 0 0
          0 0 0 0 0 0 0 0 0 0 0 0
          0 0 0 0 0 0 0 0 0 0 0 0
          0 0 0 0 0 0 0 0 0 0 0 0
          0 0 0 0 0 0 0 0 0 0 0 0
          0 0 0 0 0 0 0 0 0 0 0 0
          0 0 0 0 0 0 0 0 0 0 0 0
          0 0 0 0 0 0 0 0 0 0 0 0
          0 0 0 0 0 0 0 0 0 0 0 0
          0 0 0 0 0 0 0 0 0 0 0 0
          0 0 0 0 0 0 0 0 0 0 0 0
          0 0 0 0 0 0 0 0 0 0 0 0
          0 0 0 0 0 0 0 0 0 0 0 0
          0 0 0 0 0 0 0 0 0 0 0 0
          0 0 0 0 0 0 0 0 0 0 0 0
          0 0 0 0 0 0 0 0 0 0 0 0
          0 0 0 0 0 0 0 0 0 0 0 0
          0 0 0 0 0 0 0 0 0 0 0 0
          0 0 0 0 0 0 0 0 0 0 0 0
          0 0 0 0 0 0 0 0 0 0 0 0
          0 0 0 0 0 0 0 0 0 0 0 0
          0 0 0 0 0 0 0 0 0 0 0 0
          0 0 0 0 0 0 0 0 0 0 0 0
          0 0 0 0 0 0 0 0 0 0 0 0
          0 0 0 0 0 0 0 0 0 0 0 0
          0 0 0 0 0 0 0 0 0 0 0 0
          0 0 0 0 0 0 0 0 0 0 0 0
          0 0 0 0 0 0 0 0 0 0 0 0
          0 0 0 0 0 0 0 0 0 0 0 0
          0 0 0 0 0 0 0 0 0 0 0 0
          0 0 0 0 0 0 0 0 0 0 0 0
          0 0 0 0 0 0 0 0 0 0 0 0
          0 0 0 0 0 0 0 0 0 0 0 0
          0 0 0 0 0 0 0 0 0 0 0 0
          0 0 0 0 0 0 0 0 0 0 0 0
          0 0 0 0 0 0 0 0 0 0 0 0
          0 0 0 0 0 0 0 0 0 0 0 0
          0 0 0 0 0 0 0 0 0 0 0 0
          0 0 0 0 0 0 0 0 0 0 0 0
          0 0 0 0 0 0 0 0 0 0 0 0
          0 0 0 0 0 0 0 0 0 0 0 0
          0 0 0 0 0 0 0 0 0 0 0 0
          0 0 0 0 0 0 0 0 0 0 0 0
          0 0 0 0 0 0 0 0 0 0 0 0
          0 0 0 0 0 0 0 0 0 0 0 0
          0 0 0 0 0 0 0 0 0 0 0 0
          0 0 0 0 0 0 0 0 0 0 0 0
          0 0 0 0 0 0 0 0 0 0 0 0
          0 0 0 0 0 0 0 0 0 0 0 0
          0 0 0 0 0 0 0 0 0 0 0 0
          0 0 0 0 0 0 0 0 0 0 0 0
          0 0 0 0 0 0 0 0 0 0 0 0
          0 0 0 0 0 0 0 0 0 0 0 0
          0 0 0 0 0 0 0 0 0 0 0 0
          0 0 0 0 0 0 0 0 0 0 0 0
          0 0 0 0 0 0 0 0 0 0 0 0
          0 0 0 0 0 0 0 0 0 0 0 0
          0 0 0 0 0 0 0 0 0 0 0 0
          0 0 0 0 0 0 0 0 0 0 0 0
          0 0 0 0 0 0 0 0 0 0 0 0
          0 0 0 0 0 0 0 0 0 0 0 0
          0 0 0 0 0 0 0 0 0 0 0 0
          0 0 0 0 0 0 0 0 0 0 0 0
          0 0 0 0 0 0 0 0 0 0 0 0
          0 0 0 0 0 0 0 0 0 0 0 0
          0 0 0 0 0 0 0 0 0 0 0 0
          0 0 0 0 0 0 0 0 0 0 0 0
          0 0 0 0 0 0 0 0 0 0 0 0
          0 0 0 0 0 0 0 0 0 0 0 0
          0 0 0 0 0 0 0 0 0 0 0 0
          0 0 0 0 0 0 0 0 0 0 0 0
          0 0 0 0 0 0 0 0 0 0 0 0
          0 0 0 0 0 0 0 0 0 0 0 0
          0 0 0 0 0 0 0 0 0 0 0 0
          0 0 0 0 0 0 0 0 0 0 0 0
          0 0 0 0 0 0 0 0 0 0 0 0
          0 0 0 0 0 0 0 0 0 0 0 0
          0 0 0 0 0 0 0 0 0 0 0 0
          0 0 0 0 0 0 0 0 0 0 0 0
          0 0 0 0 0 0 0 0 0 0 0 0
          0 0 0 0 0 0 0 0 0 0 0 0
          0 0 0 0 0 0 0 0 0 0 0 0
          0 0 0 0 0 0 0 0 0 0 0 0
          0 0 0 0 0 0 0 0 0 0 0 0
          0 0 0 0 0 0 0 0 0 0 0 0
          0 0 0 0 0 0 0 0 0 0 0 0
          0 0 0 0 0 0 0 0 0 0 0 0
          0 0 0 0 0 0 0 0 0 0 0 0
          0 0 0 0 0 0 0 0 0 0 0 0
          0 0 0 0 0 0 0 0 0 0 0 0
          0 0 0 0 0 0 0 0 0 0 0 0
          0 0 0 0 0 0 0 0 0 0 0 0
          0 0 0 0 0 0 0 0 0 0 0 0
          0 0 0 0 0 0 0 0 0 0 0 0
          0 0 0 0 0 0 0 0 0 0 0 0
          0 0 0 0 0 0 0 0 0 0 0 0
          0 0 0 0 0 0 0 0 0 0 0 0
          0 0 0 0 0 0 0 0 0 0 0 0
          0 0 0 0 0 0 0 0 0 0 0 0
          0 0 0 0 0 0 0 0 0 0 0 0
          0 0 0 0 0 0 0 0 0 0 0 0
          0 0 0 0 0 0 0 0 0 0 0 0
          0 0 0 0 0 0 0 0 0 0 0 0
          0 0 0 0 0 0 0 0 0 0 0 0
          0 0 0 0 0 0 0 0 0 0 0 0
          0 0 0 0 0 0 0 0 0 0 0 0
          0 0 0 0 0 0 0 0 0 0 0 0
          0 0 0 0 0 0 0 0 0 0 0 0
          0 0 0 0 0 0 0 0 0 0 0 0
          0 0 0 0 0 0 0 0 0 0 0 0
          0 0 0 0 0 0 0 0 0 0 0 0
          0 0 0 0 0 0 0 0 0 0 0 0
          0 0 0 0 0 0 0 0 0 0 0 0
          0 0 0 0 0 0 0 0 0 0 0 0
          0 0 0 0 0 0 0 0 0 0 0 0
          0 0 0 0 0 0 0 0 0 0 0 0
          0 0 0 0 0 0 0 0 0 0 0 0
          0 0 0 0 0 0 0 0 0 0 0 0
          0 0 0 0 0 0 0 0 0 0 0 0
          0 0 0 0 0 0 0 0 0 0 0 0
          0 0 0 0 0 0 0 0 0 0 0 0
          0 0 0 0 0 0 0 0 0 0 0 0
          0 0 0 0 0 0 0 0 0 0 0 0
          0 0 0 0 0 0 0 0 0 0 0 0
          0 0 0 0 0 0 0 0 0 0 0 0
          0 0 0 0 0 0 0 0 0 0 0 0
          0 0 0 0 0 0 0 0 0 0 0 0
          0 0 0 0 0 0 0 0 0 0 0 0
          0 0 0 0 0 0 0 0 0 0 0 0
          0 0 0 0 0 0 0 0 0 0 0 0
          0 0 0 0 0 0 0 0 0 0 0 0
          0 0 0 0 0 0 0 0 0 0 0 0
          0 0 0 0 0 0 0 0 0 0 0 0
          0 0 0 0 0 0 0 0 0 0 0 0
          0 0 0 0 0 0 0 0 0 0 0 0
          0 0 0 0 0 0 0 0 0 0 0 0
          0 0 0 0 0 0 0 0 0 0 0 0
          0 0 0 0 0 0 0 0 0 0 0 0
          0 0 0 0 0 0 0 0 0 0 0 0
          0 0 0 0 0 0 0 0 0 0 0 0
          0 0 0 0 0 0 0 0 0 0 0 0
          0 0 0 0 0 0 0 0 0 0 0 0
          0 0 0 0 0 0 0 0 0 0 0 0
          0 0 0 0 0 0 0 0 0 0 0 0
          0 0 0 0 0 0 0 0 0 0 0 0
          0 0 0 0 0 0 0 0 0 0 0 0
          0 0 0 0 0 0 0 0 0 0 0 0
          0 0 0 0 0 0 0 0 0 0 0 0
          0 0 0 0 0 0 0 0 0 0 0 0
          0 0 0 0 0 0 0 0 0 0 0 0
          0 0 0 0 0 0 0 0 0 0 0 0
          0 0 0 0 0 0 0 0 0 0 0 0
          0 0 0 0 0 0 0 0 0 0 0 0
          0 0 0 0 0 0 0 0 0 0 0 0
          0 0 0 0 0 0 0 0 0 0 0 0
          0 0 0 0 0 0 0 0 0 0 0 0
          0 0 0 0 0 0 0 0 0 0 0 0
          0 0 0 0 0 0 0 0 0 0 0 0
          0 0 0 0 0 0 0 0 0 0 0 0
          0 0 0 0 0 0 0 0 0 0 0 0
          0 0 0 0 0 0 0 0 0 0 0 0
          0 0 0 0 0 0 0 0 0 0 0 0
          0 0 0 0 0 0 0 0 0 0 0 0
          0 0 0 0 0 0 0 0 0 0 0 0
          0 0 0 0 0 0 0 0 0 0 0 0
          0 0 0 0 0 0 0 0 0 0 0 0
          0 0 0 0 0 0 0 0 0 0 0 0
          0 0 0 0 0 0 0 0 0 0 0 0
          0 0 0 0 0 0 0 0 0 0 0 0
          0 0 0 0 0 0 0 0 0 0 0 0
          0 0 0 0 0 0 0 0 0 0 0 0
          0 0 0 0 0 0 0 0 0 0 0 0
          0 0 0 0 0 0 0 0 0 0 0 0
          0 0 0 0 0 0 0 0 0 0 0 0
          0 0 0 0 0 0 0 0 0 0 0 0
          0 0 0 0 0 0 0 0 0 0 0 0
          0 0 0 0 0 0 0 0 0 0 0 0
          0 0 0 0 0 0 0 0 0 0 0 0
          0 0 0 0 0 0 0 0 0 0 0 0
          0 0 0 0 0 0 0 0 0 0 0 0
          0 0 0 0 0 0 0 0 0 0 0 0
          0 0 0 0 0 0 0 0 0 0 0 0
          0 0 0 0 0 0 0 0 0 0 0 0
          0 0 0 0 0 0 0 0 0 0 0 0
          0 0 0 0 0 0 0 0 0 0 0 0
          0 0 0 0 0 0 0 0 0 0 0 0
          0 0 0 0 0 0 0 0 0 0 0 0
          0 0 0 0 0 0 0 0 0 0 0 0
          0 0 0 0 0 0 0 0 0 0 0 0
          0 0 0 0 0 0 0 0 0 0 0 0
          0 0 0 0 0 0 0 0 0 0 0 0
          0 0 0 0 0 0 0 0 0 0 0 0
          0 0 0 0 0 0 0 0 0 0 0 0
          0 0 0 0 0 0 0 0 0 0 0 0
          0 0 0 0 0 0 0 0 0 0 0 0
          0 0 0 0 0 0 0 0 0 0 0 0
          0 0 0 0 0 0 0 0 0 0 0 0
          0 0 0 0 0 0 0 0 0 0 0 0
          0 0 0 0 0 0 0 0 0 0 0 0
          0 0 0 0 0 0 0 0 0 0 0 0
          0 0 0 0 0 0 0 0 0 0 0 0
          0 0 0 0 0 0 0 0 0 0 0 0
          0 0 0 0 0 0 0 0 0 0 0 0
          0 0 0 0 0 0 0 0 0 0 0 0
          0 0 0 0 0 0 0 0 0 0 0 0
          0 0 0 0 0 0 0 0 0 0 0 0
          0 0 0 0 0 0 0 0 0 0 0 0
          0 0 0 0 0 0 0 0 0 0 0 0
          0 0 0 0 0 0 0 0 0 0 0 0
          0 0 0 0 0 0 0 0 0 0 0 0
          0 0 0 0 0 0 0 0 0 0 0 0
          0 0 0 0 0 0 0 0 0 0 0 0
          0 0 0 0 0 0 0 0 0 0 0 0
          0 0 0 0 0 0 0 0 0 0 0 0
          0 0 0 0 0 0 0 0 0 0 0 0
          0 0 0 0 0 0 0 0 0 0 0 0
          0 0 0 0 0 0 0 0 0 0 0 0
          0 0 0 0 0 0 0 0 0 0 0 0
          1.81669e-11 6.55784e-12 0 1.81669e-11 0 0 0 0 0 0 0 0
          0 0 0 0 0 0 0 0 0 0 0 0
          0 0 0 0 0 0 0 0 0 0 0 0
          0 0 0 0 0 0 0 0 0 0 0 0
          0 0 0 0 0 0 0 0 0 0 0 0
          0 0 0 0 0 0 0 0 0 0 0 0
          0 0 0 0 0 0 0 0 0 0 0 0
          0 0 0 0 0 0 0 0 0 0 0 0
          0 0 0 0 0 0 0 0 0 0 0 0
          0 0 0 0 0 0 0 0 0 0 0 0
          0 0 0 0 0 0 0 0 0 0 0 0
          0 0 0 0 0 0 0 0 0 0 0 0
          0 0 0 0 0 0 0 0 0 0 0 0
          0 0 0 0 0 0 0 0 0 0 0 0
          0 0 0 0 0 0 0 0 0 0 0 0
          0 0 0 0 0 0 0 0 0 0 0 0
          0 0 0 0 0 0 0 0 0 0 0 0
          0 0 0 0 0 0 0 0 0 0 0 0
          0 0 0 0 0 0 0 0 0 0 0 0
          8.09e-08 8.11863e-09 0 1.3028e-07 1.11209e-08 0 6.55869e-08 4.16606e-09 0 1.63075e-08 5.11385e-11 0
          1.00357e-10 0 0 0 0 0 0 0 0 0 0 0
          0 0 0 0 0 0 0 0 0 0 0 0
          0 0 0 0 0 0 0 0 0 0 0 0
          0 0 0 0 0 0 0 0 0 0 0 0
          0 0 0 0 0 0 0 0 0 0 0 0
          0 0 0 0 0 0 0 0 0 0 0 0
          0 0 0 0 0 0 0 0 0 0 0 0
          0 0 0 0 0 0 0 0 0 0 0 0
          0 0 0 0 0 0 0 0 0 0 0 0
          0 0 0 0 0 0 0 0 0 0 0 0
          0 0 0 0 0 0 0 0 0 0 0 0
          0 0 0 0 0 0 0 0 0 0 0 0
          0 0 0 0 0 0 0 0 0 0 0 0
          0 0 0 0 0 0 0 0 0 0 0 0
          0 0 0 0 0 0 0 0 0 0 0 0
          0 0 0 0 0 0 0 0 0 0 0 0
          0 0 0 0 0 0 0 0 0 0 0 0
          0 0 0 0 0 0 0 0 0 0 0 0
          1.85704e-07 1.94172e-08 0 3.48391e-07 3.15832e-08 0 2.93983e-07 2.21248e-08 0 2.26869e-07 1.54626e-08 0
          1.58263e-07 1.13891e-08 0 9.00108e-08 5.221e-09 0 2.78765e-08 1.83866e-10 0 5.55046e-10 0 0
          0 0 0 0 0 0 0 0 0 0 0 0
          0 0 0 0 0 0 0 0 0 0 0 0
          0 0 0 0 0 0 0 0 0 0 0 0
          0 0 0 0 0 0 0 0 0 0 0 0
          0 0 0 0 0 0 0 0 0 0 0 0
          0 0 0 0 0 0 0 0 0 0 0 0
          0 0 0 0 0 0 0 0 0 0 0 0
          0 0 0 0 0 0 0 0 0 0 0 0
          0 0 0 0 0 0 0 0 0 0 0 0
          0 0 0 0 0 0 0 0 0 0 0 0
          0 0 0 0 0 0 0 0 0 0 0 0
          0 0 0 0 0 0 0 0 0 0 0 0
          0 0 0 0 0 0 0 0 0 0 0 0
          0 0 0 0 0 0 0 0 0 0 0 0
          0 0 0 0 0 0 0 0 0 0 0 0
          0 0 0 0 0 0 0 0 0 0 0 0
          0 0 0 0 0 0 0 0 0 0 0 0
          2.36203e-07 2.32406e-08 0 4.62371e-07 4.34499e-08 0 4.39518e-07 3.98941e-08 0 4.11377e-07 3.59488e-08 0
          3.76171e-07 3.00984e-08 0 3.28704e-07 2.17764e-08 0 2.66659e-07 1.47993e-08 0 1.98745e-07 1.14756e-08 0
          1.30003e-07 6.47795e-09 0 5.19301e-08 7.75596e-10 0 4.5725e-09 2.20403e-13 0 6.03258e-13 0 0
          0 0 0 0 0 0 0 0 0 0 0 0
          0 0 0 0 0 0 0 0 0 0 0 0
          0 0 0 0 0 0 0 0 0 0 0 0
          0 0 0 0 0 0 0 0 0 0 0 0
          0 0 0 0 0 0 0 0 0 0 0 0
          0 0 0 0 0 0 0 0 0 0 0 0
          0 0 0 0 0 0 0 0 0 0 0 0
          0 0 0 0 0 0 0 0 0 0 0 0
          0 0 0 0 0 0 0 0 0 0 0 0
          0 0 0 0 0 0 0 0 0 0 0 0
          0 0 0 0 0 0 0 0 0 0 0 0
          0 0 0 0 0 0 0 0 0 0 0 0
          0 0 0 0 0 0 0 0 0 0 0 0
          0 0 0 0 0 0 0 0 0 0 0 0
          0 0 0 0 0 0 0 0 0 0 0 0
          0 0 0 0 0 0 0 0 0 0 0 0
          2.65413e-07 2.35787e-08 0 5.25671e-07 4.57065e-08 0 5.14706e-07 4.39505e-08 0 5.01955e-07 4.17548e-08 0
          4.86302e-07 3.90325e-08 0 4.66595e-07 3.5887e-08 0 4.42918e-07 3.26889e-08 0 4.14196e-07 2.79574e-08 0
          3.75919e-07 2.11442e-08 0 3.22926e-07 1.40618e-08 0 2.59325e-07 1.1447e-08 0 1.92932e-07 7.86239e-09 0
          1.13558e-07 2.71125e-09 0 3.43403e-08 4.81584e-11 0 4.74149e-10 0 0 0 0 0
          0 0 0 0 0 0 0 0 0 0 0 0
          0 0 0 0 0 0 0 0 0 0 0 0
          0 0 0 0 0 0 0 0 0 0 0 0
          0 0 0 0 0 0 0 0 0 0 0 0
          0 0 0 0 0 0 0 0 0 0 0 0
          0 0 0 0 0 0 0 0 0 0 0 0
          0 0 0 0 0 0 0 0 0 0 0 0
          0 0 0 0 0 0 0 0 0 0 0 0
          0 0 0 0 0 0 0 0 0 0 0 0
          0 0 0 0 0 0 0 0 0 0 0 0
          0 0 0 0 0 0 0 0 0 0 0 0
          0 0 0 0 0 0 0 0 0 0 0 0
          0 0 0 0 0 0 0 0 0 0 0 0
          0 0 0 0 0 0 0 0 0 0 0 0
          0 0 0 0 0 0 0 0 0 0 0 0
          2.91963e-07 2.264e-08 0 5.80112e-07 4.42422e-08 0 5.72299e-07 4.29566e-08 0 5.64011e-07 4.15368e-08 0
          5.55027e-07 3.99743e-08 0 5.45143e-07 3.82509e-08 0 5.33886e-07 3.61959e-08 0 5.20343e-07 3.37538e-08 0
          5.03546e-07 3.10626e-08 0 4.83892e-07 2.86496e-08 0 4.6184e-07 2.5472e-08 0 4.34392e-07 2.0326e-08 0
          3.95668e-07 1.39642e-08 0 3.42759e-07 1.10303e-08 0 2.81312e-07 9.10543e-09 0 2.15724e-07 5.7022e-09 0
          1.30953e-07 1.33056e-09 0 4.08812e-08 -1.31878e-09 0 7.64326e-10 0 0 0 0 0
          0 0 0 0 0 0 0 0 0 0 0 0
          0 0 0 0 0 0 0 0 0 0 0 0
          0 0 0 0 0 0 0 0 0 0 0 0
          0 0 0 0 0 0 0 0 0 0 0 0
          0 0 0 0 0 0 0 0 0 0 0 0
          0 0 0 0 0 0 0 0 0 0 0 0
          0 0 0 0 0 0 0 0 0 0 0 0
          0 0 0 0 0 0 0 0 0 0 0 0
          0 0 0 0 0 0 0 0 0 0 0 0
          0 0 0 0 0 0 0 0 0 0 0 0
          0 0 0 0 0 0 0 0 0 0 0 0
          0 0 0 0 0 0 0 0 0 0 0 0
          0 0 0 0 0 0 0 0 0 0 0 0
          0 0 0 0 0 0 0 0 0 0 0 0
          3.2185e-07 2.11664e-08 0 6.40212e-07 4.14374e-08 0 6.33209e-07 4.03232e-08 0 6.26115e-07 3.91473e-08 0
          6.18839e-07 3.79025e-08 0 6.11252e-07 3.65716e-08 0 6.03185e-07 3.5153e-08 0 5.94485e-07 3.36561e-08 0
          5.8508e-07 3.20948e-08 0 5.74751e-07 3.03319e-08 0 5.62764e-07 2.82414e-08 0 5.48116e-07 2.59566e-08 0
          5.30779e-07 2.40367e-08 0 5.1318e-07 2.27824e-08 0 4.94994e-07 1.96838e-08 0 4.71781e-07 1.48618e-08 0
          4.3827e-07 9.80045e-09 0 3.89299e-07 7.8941e-09 0 3.30619e-07 8.50917e-09 0 2.69343e-07 6.43986e-09 0
          2.01314e-07 3.2084e-09 0 1.1163e-07 -2.38091e-10 0 2.99891e-08 -6.30948e-09 0 7.30181e-10 -1.11174e-09 0
          2.15493e-14 0 0 0 0 0 0 0 0 0 0 0
          0 0 0 0 0 0 0 0 0 0 0 0
          0 0 0 0 0 0 0 0 0 0 0 0
          0 0 0 0 0 0 0 0 0 0 0 0
          0 0 0 0 0 0 0 0 0 0 0 0
          0 0 0 0 0 0 0 0 0 0 0 0
          0 0 0 0 0 0 0 0 0 0 0 0
          0 0 0 0 0 0 0 0 0 0 0 0
          0 0 0 0 0 0 0 0 0 0 0 0
          0 0 0 0 0 0 0 0 0 0 0 0
          0 0 0 0 0 0 0 0 0 0 0 0
          0 0 0 0 0 0 0 0 0 0 0 0
          0 0 0 0 0 0 0 0 0 0 0 0
          3.5744e-07 1.93954e-08 0 7.11342e-07 3.79777e-08 0 7.04269e-07 3.69578e-08 0 6.97176e-07 3.59063e-08 0
          6.90011e-07 3.48226e-08 0 6.82717e-07 3.37076e-08 0 6.75234e-07 3.25612e-08 0 6.67497e-07 3.13811e-08 0
          6.59408e-07 3.01539e-08 0 6.50828e-07 2.88777e-08 0 6.41632e-07 2.75767e-08 0 6.31817e-07 2.62957e-08 0
          6.21482e-07 2.49993e-08 0 6.10212e-07 2.34172e-08 0 5.97076e-07 2.16104e-08 0 5.81011e-07 1.97281e-08 0
          5.62385e-07 1.86737e-08 0 5.44876e-07 1.88443e-08 0 5.29089e-07 1.73666e-08 0 5.11284e-07 1.41381e-08 0
          4.87956e-07 9.64934e-09 0 4.54568e-07 5.74674e-09 0 4.0137e-07 8.06865e-11 0 3.39496e-07 5.14515e-09 0
          2.81376e-07 5.00164e-09 0 2.17826e-07 2.69412e-09 0 1.39118e-07 -2.92862e-10 0 5.3762e-08 -7.6621e-09 0
          6.63128e-09 -7.60874e-09 0 6.61852e-11 -3.32541e-10 0 0 0 0 0 0 0
          0 0 0 0 0 0 0 0 0 0 0 0
          0 0 0 0 0 0 0 0 0 0 0 0
          0 0 0 0 0 0 0 0 0 0 0 0
          0 0 0 0 0 0 0 0 0 0 0 0
          0 0 0 0 0 0 0 0 0 0 0 0
          0 0 0 0 0 0 0 0 0 0 0 0
          0 0 0 0 0 0 0 0 0 0 0 0
          0 0 0 0 0 0 0 0 0 0 0 0
          0 0 0 0 0 0 0 0 0 0 0 0
          0 0 0 0 0 0 0 0 0 0 0 0
          0 0 0 0 0 0 0 0 0 0 0 0
          4.00381e-07 1.74263e-08 0 7.96946e-07 3.41202e-08 0 7.89314e-07 3.3201e-08 0 7.81666e-07 3.22685e-08 0
          7.73969e-07 3.13244e-08 0 7.66189e-07 3.03702e-08 0 7.58289e-07 2.9407e-08 0 7.50229e-07 2.84352e-08 0
          7.41965e-07 2.74571e-08 0 7.33457e-07 2.64765e-08 0 7.24672e-07 2.54961e-08 0 7.15567e-07 2.45091e-08 0
          7.06043e-07 2.34995e-08 0 6.95982e-07 2.24894e-08 0 6.85313e-07 2.15129e-08 0 6.74191e-07 2.06653e-08 0
          6.62972e-07 1.98966e-08 0 6.51512e-07 1.88938e-08 0 6.39202e-07 1.76387e-08 0 6.25048e-07 1.60112e-08 0
          6.07956e-07 1.43792e-08 0 5.88737e-07 1.36038e-08 0 5.70143e-07 1.35959e-08 0 5.53144e-07 1.28513e-08 0
          5.35789e-07 1.06489e-08 0 5.152e-07 7.16222e-09 0 4.87515e-07 3.28603e-09 0 4.4124e-07 -4.27584e-09 0
          3.77775e-07 -3.86823e-09 0 3.18313e-07 3.53186e-09 0 2.62909e-07 2.87452e-09 0 1.98696e-07 1.03523e-09 0
          1.22028e-07 -3.10172e-09 0 4.66638e-08 -1.04136e-08 0 6.7211e-09 -1.00182e-08 0 1.78834e-10 -1.9254e-09 0
          8.83909e-14 0 0 0 0 0 0 0 0 0 0 0
          0 0 0 0 0 0 0 0 0 0 0 0
          0 0 0 0 0 0 0 0 0 0 0 0
          0 0 0 0 0 0 0 0 0 0 0 0
          0 0 0 0 0 0 0 0 0 0 0 0
          0 0 0 0 0 0 0 0 0 0 0 0
          0 0 0 0 0 0 0 0 0 0 0 0
          0 0 0 0 0 0 0 0 0 0 0 0
          0 0 0 0 0 0 0 0 0 0 0 0
          0 0 0 0 0 0 0 0 0 0 0 0
          4.52866e-07 1.5312e-08 0 9.01462e-07 2.99863e-08 0 8.92923e-07 2.91896e-08 0 8.84368e-07 2.83906e-08 0
          8.75776e-07 2.75912e-08 0 8.67125e-07 2.67928e-08 0 8.58393e-07 2.59972e-08 0 8.4956e-07 2.52059e-08 0
          8.40605e-07 2.44204e-08 0 8.31511e-07 2.36423e-08 0 8.22257e-07 2.28721e-08 0 8.12821e-07 2.21111e-08 0
          8.03185e-07 2.13639e-08 0 7.93342e-07 2.06355e-08 0 7.8331e-07 1.99321e-08 0 7.73106e-07 1.92382e-08 0
          7.62694e-07 1.85236e-08 0 7.51985e-07 1.77786e-08 0 7.40832e-07 1.69854e-08 0 7.29139e-07 1.62104e-08 0
          7.17053e-07 1.5527e-08 0 7.04827e-07 1.48812e-08 0 6.92452e-07 1.4104e-08 0 6.79543e-07 1.30733e-08 0
          6.6528e-07 1.16808e-08 0 6.48601e-07 1.0098e-08 0 6.29295e-07 8.88879e-09 0 6.08678e-07 8.43447e-09 0
          5.88764e-07 8.4616e-09 0 5.70527e-07 8.01745e-09 0 5.52475e-07 6.16899e-09 0 5.31747e-07 3.25178e-09 0
          5.02413e-07 -1.88735e-09 0 4.53283e-07 -9.59441e-09 0 3.88361e-07 -8.75713e-09 0 3.28958e-07 4.7383e-11 0
          2.76078e-07 1.76037e-09 0 2.1676e-07 6.3835e-10 0 1.47997e-07 -2.75287e-09 0 7.46217e-08 -9.45169e-09 0
          2.08983e-08 -1.34038e-08 0 1.98809e-09 -8.7347e-09 0 4.8001e-11 -9.99811e-10 0 4.28008e-16 0 0
          0 0 0 0 0 0 0 0 0 0 0 0
          0 0 0 0 0 0 0 0 0 0 0 0
          0 0 0 0 0 0 0 0 0 0 0 0
          0 0 0 0 0 0 0 0 0 0 0 0
          0 0 0 0 0 0 0 0 0 0 0 0
          0 0 0 0 0 0 0 0 0 0 0 0
          0 0 0 0 0 0 0 0 0 0 0 0
          0 0 0 0 0 0 0 0 0 0 0 0
          5.18694e-07 1.30637e-08 0 1.03252e-06 2.55982e-08 0 1.0228e-06 2.49413e-08 0 1.01308e-06 2.42877e-08 0
          1.00335e-06 2.36387e-08 0 9.93596e-07 2.29955e-08 0 9.83804e-07 2.23591e-08 0 9.73963e-07 2.17307e-08 0
          9.64063e-07 2.11111e-08 0 9.54095e-07 2.05012e-08 0 9.4405e-07 1.9902e-08 0 9.33922e-07 1.93145e-08 0
          9.23707e-07 1.87393e-08 0 9.13403e-07 1.81763e-08 0 9.03009e-07 1.76224e-08 0 8.92515e-07 1.70733e-08 0
          8.81905e-07 1.6525e-08 0 8.71154e-07 1.59741e-08 0 8.60246e-07 1.54259e-08 0 8.49185e-07 1.48812e-08 0
          8.37972e-07 1.43299e-08 0 8.26581e-07 1.37521e-08 0 8.14936e-07 1.31263e-08 0 8.02891e-07 1.24382e-08 0
          7.90303e-07 1.17242e-08 0 7.77168e-07 1.10569e-08 0 7.6366e-07 1.04744e-08 0 7.50014e-07 9.93305e-09 0
          7.36276e-07 9.28447e-09 0 7.2204e-07 8.34314e-09 0 7.06502e-07 7.07364e-09 0 6.88754e-07 5.60698e-09 0
          6.68264e-07 4.31572e-09 0 6.45721e-07 3.74464e-09 0 6.23254e-07 4.02037e-09 0 6.02925e-07 4.38888e-09 0
          5.84217e-07 3.5841e-09 0 5.64604e-07 1.57006e-09 0 5.39153e-07 -3.03517e-09 0 4.98467e-07 -1.09893e-08 0
          4.38737e-07 -1.49579e-08 0 3.73382e-07 -9.08401e-09 0 3.17445e-07 -2.79967e-10 0 2.6472e-07 5.83559e-10 0
          2.04482e-07 -8.12725e-10 0 1.37367e-07 -5.26799e-09 0 6.92168e-08 -1.14987e-08 0 2.0343e-08 -1.48352e-08 0
          2.46901e-09 -1.04771e-08 0 1.00791e-10 -1.9984e-09 0 9.18797e-14 0 0 0 0 0
          0 0 0 0 0 0 0 0 0 0 0 0
          0 0 0 0 0 0 0 0 0 0 0 0
          0 0 0 0 0 0 0 0 0 0 0 0
          0 0 0 0 0 0 0 0 0 0 0 0
          0 0 0 0 0 0 0 0 0 0 0 0
          0 0 0 0 0 0 0 0 0 0 0 0
          6.05042e-07 1.06392e-08 0 1.20449e-06 2.0867e-08 0 1.19333e-06 2.03593e-08 0 1.18222e-06 1.98564e-08 0
          1.17113e-06 1.93591e-08 0 1.16007e-06 1.8868e-08 0 1.14902e-06 1.83838e-08 0 1.13797e-06 1.79072e-08 0
          1.12692e-06 1.74385e-08 0 1.11586e-06 1.69783e-08 0 1.10479e-06 1.65268e-08 0 1.09369e-06 1.60843e-08 0
          1.08258e-06 1.56503e-08 0 1.07143e-06 1.52242e-08 0 1.06025e-06 1.48046e-08 0 1.04903e-06 1.43899e-08 0
          1.03776e-06 1.39786e-08 0 1.02644e-06 1.35694e-08 0 1.01504e-06 1.31603e-08 0 1.00357e-06 1.27484e-08 0
          9.92008e-07 1.23296e-08 0 9.80326e-07 1.18993e-08 0 9.68492e-07 1.14554e-08 0 9.56474e-07 1.10023e-08 0
          9.44258e-07 1.05473e-08 0 9.31846e-07 1.0094e-08 0 9.19251e-07 9.63611e-09 0 9.06454e-07 9.15164e-09 0
          8.93374e-07 8.61427e-09 0 8.79868e-07 8.01662e-09 0 8.65781e-07 7.38218e-09 0 8.51044e-07 6.78075e-09 0
          8.35801e-07 6.29075e-09 0 8.20365e-07 5.91137e-09 0 8.04956e-07 5.51222e-09 0 7.89383e-07 4.88415e-09 0
          7.73075e-07 3.9384e-09 0 7.55225e-07 2.65181e-09 0 7.34718e-07 1.07934e-09 0 7.1063e-07 -4.14655e-10 0
          6.84409e-07 -4.96062e-10 0 6.59606e-07 7.34687e-10 0 6.3811e-07 1.62069e-09 0 6.18281e-07 1.03766e-09 0
          5.96874e-07 -1.32582e-09 0 5.68154e-07 -7.44388e-09 0 5.23926e-07 -1.49523e-08 0 4.62355e-07 -1.82845e-08 0
          3.95385e-07 -1.25777e-08 0 3.37101e-07 -2.15117e-09 0 2.83128e-07 1.40785e-10 0 2.23339e-07 -1.3205e-09 0
          1.5749e-07 -5.19868e-09 0 8.91321e-08 -1.11606e-08 0 3.31088e-08 -1.60255e-08 0 6.09997e-09 -1.40037e-08 0
          4.52037e-10 -5.92639e-09 0 5.55587e-12 0 0 0 0 0 0 0 0
          0 0 0 0 0 0 0 0 0 0 0 0
          0 0 0 0 0 0 0 0 0 0 0 0
          0 0 0 0 0 0 0 0 0 0 0 0
          0 0 0 0 0 0 0 0 0 0 0 0
          7.26927e-07 7.92074e-09 0 1.44737e-06 1.55544e-08 0 1.43444e-06 1.52014e-08 0 1.42162e-06 1.48523e-08 0
          1.40888e-06 1.45077e-08 0 1.39622e-06 1.41679e-08 0 1.38362e-06 1.38332e-08 0 1.37108e-06 1.35041e-08 0
          1.3586e-06 1.31809e-08 0 1.34615e-06 1.28636e-08 0 1.33375e-06 1.25523e-08 0 1.32137e-06 1.2247e-08 0
          1.30903e-06 1.19474e-08 0 1.2967e-06 1.1653e-08 0 1.28438e-06 1.13632e-08 0 1.27207e-06 1.10769e-08 0
          1.25975e-06 1.07934e-08 0 1.24742e-06 1.05114e-08 0 1.23507e-06 1.02295e-08 0 1.22269e-06 9.94613e-09 0
          1.21026e-06 9.6599e-09 0 1.19777e-06 9.36977e-09 0 1.18521e-06 9.07555e-09 0 1.17254e-06 8.77748e-09 0
          1.15978e-06 8.47551e-09 0 1.1469e-06 8.16819e-09 0 1.13388e-06 7.85207e-09 0 1.1207e-06 7.52335e-09 0
          1.10733e-06 7.18082e-09 0 1.09372e-06 6.82845e-09 0 1.07986e-06 6.47684e-09 0 1.06574e-06 6.13601e-09 0
          1.0514e-06 5.80466e-09 0 1.03685e-06 5.46383e-09 0 1.02205e-06 5.08181e-09 0 1.00689e-06 4.63359e-09 0
          9.91183e-07 4.10844e-09 0 9.74728e-07 3.54659e-09 0 9.57455e-07 3.03992e-09 0 9.39524e-07 2.67933e-09 0
          9.21334e-07 2.50144e-09 0 9.03324e-07 2.38354e-09 0 8.85387e-07 2.00019e-09 0 8.66929e-07 1.2514e-09 0
          8.46886e-07 -1.06689e-10 0 8.233e-07 -2.15222e-09 0 7.95404e-07 -3.70251e-09 0 7.65188e-07 -3.65003e-09 0
          7.36019e-07 -2.02728e-09 0 7.10869e-07 3.07951e-11 0 6.88559e-07 1.07688e-10 0 6.6486e-07 -2.33786e-09 0
          6.34788e-07 -7.92829e-09 0 5.91236e-07 -1.55165e-08 0 5.2952e-07 -2.07996e-08 0 4.57173e-07 -1.76374e-08 0
          3.89328e-07 -7.23094e-09 0 3.29435e-07 1.14916e-10 0 2.67303e-07 -6.01916e-10 0 1.98151e-07 -3.88006e-09 0
          1.25041e-07 -9.72459e-09 0 5.68586e-08 -1.64222e-08 0 1.4406e-08 -1.75039e-08 0 1.4726e-09 -9.89175e-09 0
          3.70964e-11 -7.22436e-10 0 1.67661e-21 0 0 0 0 0 0 0 0
          0 0 0 0 0 0 0 0 0 0 0 0
          0 0 0 0 0 0 0 0 0 0 0 0
          9.23435e-07 4.64674e-09 0 1.83916e-06 9.13934e-09 0 1.82383e-06 8.95018e-09 0 1.80868e-06 8.76324e-09 0
          1.79368e-06 8.5788e-09 0 1.77882e-06 8.39709e-09 0 1.76411e-06 8.21832e-09 0 1.74951e-06 8.04268e-09 0
          1.73503e-06 7.8703e-09 0 1.72066e-06 7.70126e-09 0 1.70638e-06 7.53557e-09 0 1.69219e-06 7.37314e-09 0
          1.67808e-06 7.21381e-09 0 1.66404e-06 7.05736e-09 0 1.65006e-06 6.90351e-09 0 1.63614e-06 6.75183e-09 0
          1.62226e-06 6.60179e-09 0 1.60842e-06 6.45277e-09 0 1.59461e-06 6.30416e-09 0 1.58081e-06 6.1553e-09 0
          1.567e-06 6.00565e-09 0 1.55319e-06 5.85479e-09 0 1.53935e-06 5.70242e-09 0 1.52548e-06 5.54822e-09 0
          1.51155e-06 5.39172e-09 0 1.49755e-06 5.23224e-09 0 1.48346e-06 5.06913e-09 0 1.46928e-06 4.90217e-09 0
          1.45497e-06 4.73199e-09 0 1.44052e-06 4.56013e-09 0 1.42592e-06 4.38792e-09 0 1.41116e-06 4.2151e-09 0
          1.39623e-06 4.03862e-09 0 1.3811e-06 3.85307e-09 0 1.36574e-06 3.65316e-09 0 1.3501e-06 3.43717e-09 0
          1.33413e-06 3.21289e-09 0 1.31781e-06 2.99579e-09 0 1.30114e-06 2.80178e-09 0 1.28417e-06 2.63572e-09 0
          1.26696e-06 2.47486e-09 0 1.24946e-06 2.27256e-09 0 1.23155e-06 1.99453e-09 0 1.213e-06 1.59969e-09 0
          1.19349e-06 1.11595e-09 0 1.17283e-06 6.60037e-10 0 1.15109e-06 3.48794e-10 0 1.12883e-06 4.03595e-10 0
          1.10682e-06 6.89036e-10 0 1.08518e-06 7.58563e-10 0 1.0633e-06 3.87532e-10 0 1.03967e-06 -8.78187e-10 0
          1.01217e-06 -3.00983e-09 0 9.79703e-07 -4.96178e-09 0 9.43593e-07 -5.34307e-09 0 9.0702e-07 -3.73731e-09 0
          8.73801e-07 -1.02155e-09 0 8.44723e-07 5.06673e-10 0 8.15451e-07 -4.9644e-10 0 7.80164e-07 -5.19238e-09 0
          7.32378e-07 -1.30089e-08 0 6.64801e-07 -2.07658e-08 0 5.79441e-07 -2.10148e-08 0 4.91971e-07 -1.06019e-08 0
          4.15048e-07 1.99793e-10 0 3.39274e-07 6.88935e-10 0 2.52385e-07 -1.27483e-09 0 1.58075e-07 -8.49712e-09 0
          6.98265e-08 -1.82797e-08 0 1.57389e-08 -1.98277e-08 0 9.55933e-10 -5.05998e-09 0 2.28784e-12 0 0
          0 0 0 0 0 0 0 0 0 0 0 0
          1.37532e-06 2.8258e-09 0 2.74064e-06 5.5668e-09 0 2.72083e-06 5.46285e-09 0 2.70133e-06 5.36018e-09 0
          2.68213e-06 5.25897e-09 0 2.66322e-06 5.15936e-09 0 2.64458e-06 5.06151e-09 0 2.62619e-06 4.96552e-09 0
          2.60804e-06 4.87148e-09 0 2.59012e-06 4.77944e-09 0 2.57241e-06 4.68938e-09 0 2.55492e-06 4.60123e-09 0
          2.53761e-06 4.51491e-09 0 2.52049e-06 4.43035e-09 0 2.50355e-06 4.34741e-09 0 2.48676e-06 4.26588e-09 0
          2.47013e-06 4.18544e-09 0 2.45364e-06 4.10578e-09 0 2.43728e-06 4.02658e-09 0 2.42103e-06 3.94753e-09 0
          2.40489e-06 3.86833e-09 0 2.38883e-06 3.78876e-09 0 2.37285e-06 3.7086e-09 0 2.35692e-06 3.62762e-09 0
          2.34104e-06 3.54557e-09 0 2.32518e-06 3.4622e-09 0 2.30934e-06 3.37738e-09 0 2.29348e-06 3.29123e-09 0
          2.2776e-06 3.20411e-09 0 2.26168e-06 3.11641e-09 0 2.24571e-06 3.0282e-09 0 2.22968e-06 2.9388e-09 0
          2.21356e-06 2.84673e-09 0 2.19732e-06 2.75029e-09 0 2.18095e-06 2.64859e-09 0 2.16442e-06 2.54327e-09 0
          2.1477e-06 2.43824e-09 0 2.13079e-06 2.3386e-09 0 2.11371e-06 2.24697e-09 0 2.09644e-06 2.15876e-09 0
          2.07898e-06 2.06286e-09 0 2.06125e-06 1.94606e-09 0 2.04315e-06 1.79037e-09 0 2.02453e-06 1.60478e-09 0
          2.00533e-06 1.4191e-09 0 1.98559e-06 1.27274e-09 0 1.96547e-06 1.19543e-09 0 1.94522e-06 1.20872e-09 0
          1.92496e-06 1.23143e-09 0 1.9045e-06 1.15e-09 0 1.88326e-06 8.41259e-10 0 1.86039e-06 2.7835e-10 0
          1.83497e-06 -5.60427e-10 0 1.80683e-06 -1.21179e-09 0 1.77743e-06 -1.13786e-09 0 1.74933e-06 -2.07269e-10 0
          1.7236e-06 5.65998e-10 0 1.69893e-06 7.83515e-10 0 1.67294e-06 2.10952e-10 0 1.64041e-06 -2.62465e-09 0
          1.59561e-06 -6.56866e-09 0 1.5396e-06 -8.68713e-09 0 1.48149e-06 -7.02189e-09 0 1.43375e-06 -1.4202e-09 0
          1.39855e-06 1.84446e-09 0 1.36505e-06 1.37787e-09 0 1.32011e-06 -2.54965e-09 0 1.23895e-06 -1.69942e-08 0
          1.09343e-06 -3.65593e-08 0 8.98518e-07 -3.96554e-08 0 7.27499e-07 -1.012e-08 0 5.87831e-07 0 0
          3.99895e-07 0 0 1.52709e-07 0 0 1.06101e-08 0 0 1.92254e-12 0 0
        </DataArray>
      </PointData>
      <CellData Scalars="process rank">
        <DataArray type="Float32" Name="process rank" NumberOfComponents="1" format="ascii">
          1 1 1 1 1 1 1 1 1 1 1 1
          1 1 1 1 1 1 1 1 1 1 1 1
          1 1 1 1 1 1 1 1 1 1 1 1
          1 1 1 1 1 1 1 1 1 1 1 1
          1 1 1 1 1 1 1 1 1 1 1 1
          1 1 1 1 1 1 1 1 1 1 1 1
          1 1 1 1 1 1 1 1 1 1 1 1
          1 1 1 1 1 1 1 1 1 1 1 1
          1 1 1 1 1 1 1 1 1 1 1 1
          1 1 1 1 1 1 1 1 1 1 1 1
          1 1 1 1 1 1 1 1 1 1 1 1
          1 1 1 1 1 1 1 1 1 1 1 1
          1 1 1 1 1 1 1 1 1 1 1 1
          1 1 1 1 1 1 1 1 1 1 1 1
          1 1 1 1 1 1 1 1 1 1 1 1
          1 1 1 1 1 1 1 1 1 1 1 1
          1 1 1 1 1 1 1 1 1 1 1 1
          1 1 1 1 1 1 1 1 1 1 1 1
          1 1 1 1 1 1 1 1 1 1 1 1
          1 1 1 1 1 1 1 1 1 1 1 1
          1 1 1 1 1 1 1 1 1 1 1 1
          1 1 1 1 1 1 1 1 1 1 1 1
          1 1 1 1 1 1 1 1 1 1 1 1
          1 1 1 1 1 1 1 1 1 1 1 1
          1 1 1 1 1 1 1 1 1 1 1 1
          1 1 1 1 1 1 1 1 1 1 1 1
          1 1 1 1 1 1 1 1 1 1 1 1
          1 1 1 1 1 1 1 1 1 1 1 1
          1 1 1 1 1 1 1 1 1 1 1 1
          1 1 1 1 1 1 1 1 1 1 1 1
          1 1 1 1 1 1 1 1 1 1 1 1
          1 1 1 1 1 1 1 1 1 1 1 1
          1 1 1 1 1 1 1 1 1 1 1 1
          1 1 1 1 1 1 1 1 1 1 1 1
          1 1 1 1 1 1 1 1 1 1 1 1
          1 1 1 1 1 1 1 1 1 1 1 1
          1 1 1 1 1 1 1 1 1 1 1 1
          1 1 1 1 1 1 1 1 1 1 1 1
          1 1 1 1 1 1 1 1 1 1 1 1
          1 1 1 1 1 1 1 1 1 1 1 1
          1 1 1 1 1 1 1 1 1 1 1 1
          1 1 1 1 1 1 1 1 1 1 1 1
          1 1 1 1 1 1 1 1 1 1 1 1
          1 1 1 1 1 1 1 1 1 1 1 1
          1 1 1 1 1 1 1 1 1 1 1 1
          1 1 1 1 1 1 1 1 1 1 1 1
          1 1 1 1 1 1 1 1 1 1 1 1
          1 1 1 1 1 1 1 1 1 1 1 1
          1 1 1 1 1 1 1 1 1 1 1 1
          1 1 1 1 1 1 1 1 1 1 1 1
          1 1 1 1 1 1 1 1 1 1 1 1
          1 1 1 1 1 1 1 1 1 1 1 1
          1 1 1 1 1 1 1 1 1 1 1 1
          1 1 1 1 1 1 1 1 1 1 1 1
          1 1 1 1 1 1 1 1 1 1 1 1
          1 1 1 1 1 1 1 1 1 1 1 1
          1 1 1 1 1 1 1 1 1 1 1 1
          1 1 1 1 1 1 1 1 1 1 1 1
          1 1 1 1 1 1 1 1 1 1 1 1
          1 1 1 1 1 1 1 1 1 1 1 1
          1 1 1 1 1 1 1 1 1 1 1 1
          1 1 1 1 1 1 1 1 1 1 1 1
          1 1 1 1 1 1 1 1 1 1 1 1
          1 1 1 1 1 1 1 1 1 1 1 1
          1 1 1 1 1 1 1 1 1 1 1 1
          1 1 1 1 1 1 1 1 1 1 1 1
          1 1 1 1 1 1 1 1 1 1 1 1
          1 1 1 1 1 1 1 1 1 1 1 1
          1 1 1 1 1 1 1 1 1 1 1 1
          1 1 1 1 1 1 1 1 1 1 1 1
          1 1 1 1 1 1 1 1 1 1 1 1
          1 1 1 1 1 1 1 1 1 1 1 1
          1 1 1 1 1 1 1 1 1 1 1 1
          1 1 1 1 1 1 1 1 1 1 1 1
          1 1 1 1 1 1 1 1 1 1 1 1
          1 1 1 1 1 1 1 1 1 1 1 1
          1 1 1 1 1 1 1 1 1 1 1 1
          1 1 1 1 1 1 1 1 1 1 1 1
          1 1 1 1 1 1 1 1 1 1 1 1
          1 1 1 1 1 1 1 1 1 1 1 1
          1 1 1 1 1 1 1 1 1 1 1 1
          1 1 1 1 1 1 1 1 1 1 1 1
          1 1 1 1 1 1 1 1 1 1 1 1
          1 1 1 1 1 1 1 1 1 1 1 1
          1 1 1 1 1 1 1 1 1 1 1 1
          1 1 1 1 1 1 1 1 1 1 1 1
          1 1 1 1 1 1 1 1 1 1 1 1
          1 1 1 1 1 1 1 1 1 1 1 1
          1 1 1 1 1 1 1 1 1 1 1 1
          1 1 1 1 1 1 1 1 1 1 1 1
          1 1 1 1 1 1 1 1 1 1 1 1
          1 1 1 1 1 1 1 1 1 1 1 1
          1 1 1 1 1 1 1 1 1 1 1 1
          1 1 1 1 1 1 1 1 1 1 1 1
          1 1 1 1 1 1 1 1 1 1 1 1
          1 1 1 1 1 1 1 1 1 1 1 1
          1 1 1 1 1 1 1 1 1 1 1 1
          1 1 1 1 1 1 1 1 1 1 1 1
          1 1 1 1 1 1 1 1 1 1 1 1
          1 1 1 1 1 1 1 1 1 1 1 1
          1 1 1 1 1 1 1 1 1 1 1 1
          1 1 1 1 1 1 1 1 1 1 1 1
          1 1 1 1 1 1 1 1 1 1 1 1
          1 1 1 1 1 1 1 1 1 1 1 1
          1 1 1 1 1 1 1 1 1 1 1 1
          1 1 1 1 1 1 1 1 1 1 1 1
          1 1 1 1 1 1 1 1 1 1 1 1
          1 1 1 1 1 1 1 1 1 1 1 1
          1 1 1 1 1 1 1 1 1 1 1 1
          1 1 1 1 1 1 1 1 1 1 1 1
          1 1 1 1 1 1 1 1 1 1 1 1
          1 1 1 1 1 1 1 1 1 1 1 1
          1 1 1 1 1 1 1 1 1 1 1 1
          1 1 1 1 1 1 1 1 1 1 1 1
          1 1 1 1 1 1 1 1 1 1 1 1
          1 1 1 1 1 1 1 1 1 1 1 1
          1 1 1 1 1 1 1 1 1 1 1 1
          1 1 1 1 1 1 1 1 1 1 1 1
          1 1 1 1 1 1 1 1 1 1 1 1
          1 1 1 1 1 1 1 1 1 1 1 1
          1 1 1 1 1 1 1 1 1 1 1 1
          1 1 1 1 1 1 1 1 1 1 1 1
          1 1 1 1 1 1 1 1 1 1 1 1
          1 1 1 1 1 1 1 1 1 1 1 1
          1 1 1 1 1 1 1 1 1 1 1 1
          1 1 1 1 1 1 1 1 1 1 1 1
          1 1 1 1 1 1 1 1 1 1 1 1
          1 1 1 1 1 1 1 1 1 1 1 1
          1 1 1 1 1 1 1 1 1 1 1 1
          1 1 1 1 1 1 1 1 1 1 1 1
          1 1 1 1 1 1 1 1 1 1 1 1
          1 1 1 1 1 1 1 1 1 1 1 1
          1 1 1 1 1 1 1 1 1 1 1 1
          1 1 1 1 1 1 1 1 1 1 1 1
          1 1 1 1 1 1 1 1 1 1 1 1
          1 1 1 1 1 1 1 1 1 1 1 1
          1 1 1 1 1 1 1 1 1 1 1 1
          1 1 1 1 1 1 1 1 1 1 1 1
          1 1 1 1 1 1 1 1 1 1 1 1
          1 1 1 1 1 1 1 1 1 1 1 1
          1 1 1 1 1 1 1 1 1 1 1 1
          1 1 1 1 1 1 1 1 1 1 1 1
          1 1 1 1 1 1 1 1 1 1 1 1
          1 1 1 1 1 1 1 1 1 1 1 1
          1 1 1 1 1 1 1 1 1 1 1 1
          1 1 1 1 1 1 1 1 1 1 1 1
          1 1 1 1 1 1 1 1 1 1 1 1
          1 1 1 1 1 1 1 1 1 1 1 1
          1 1 1 1 1 1 1 1 1 1 1 1
          1 1 1 1 1 1 1 1 1 1 1 1
          1 1 1 1 1 1 1 1 1 1 1 1
          1 1 1 1 1 1 1 1 1 1 1 1
          1 1 1 1 1 1 1 1 1 1 1 1
          1 1 1 1 1 1 1 1 1 1 1 1
          1 1 1 1 1 1 1 1 1 1 1 1
          1 1 1 1 1 1 1 1 1 1 1 1
          1 1 1 1 1 1 1 1 1 1 1 1
          1 1 1 1 1 1 1 1 1 1 1 1
          1 1 1 1 1 1 1 1 1 1 1 1
          1 1 1 1 1 1 1 1 1 1 1 1
          1 1 1 1 1 1 1 1 1 1 1 1
          1 1 1 1 1 1 1 1 1 1 1 1
          1 1 1 1 1 1 1 1 1 1 1 1
          1 1 1 1 1 1 1 1 1 1 1 1
          1 1 1 1 1 1 1 1 1 1 1 1
          1 1 1 1 1 1 1 1 1 1 1 1
          1 1 1 1 1 1 1 1 1 1 1 1
          1 1 1 1 1 1 1 1 1 1 1 1
          1 1 1 1 1 1 1 1 1 1 1 1
          1 1 1 1 1 1 1 1 1 1 1 1
          1 1 1 1 1 1 1 1 1 1 1 1
          1 1 1 1 1 1 1 1 1 1 1 1
          1 1 1 1 1 1 1 1 1 1 1 1
          1 1 1 1 1 1 1 1 1 1 1 1
          1 1 1 1 1 1 1 1 1 1 1 1
          1 1 1 1 1 1 1 1 1 1 1 1
          1 1 1 1 1 1 1 1 1 1 1 1
          1 1 1 1 1 1 1 1 1 1 1 1
          1 1 1 1 1 1 1 1 1 1 1 1
          1 1 1 1 1 1 1 1 1 1 1 1
          1 1 1 1 1 1 1 1 1 1 1 1
          1 1 1 1 1 1 1 1 1 1 1 1
          1 1 1 1 1 1 1 1 1 1 1 1
          1 1 1 1 1 1 1 1 1 1 1 1
          1 1 1 1 1 1 1 1 1 1 1 1
          1 1 1 1 1 1 1 1 1 1 1 1
          1 1 1 1 1 1 1 1 1 1 1 1
          1 1 1 1 1 1
        </DataArray>
      </CellData>
      <Points>
        <DataArray type="Float32" Name="Coordinates" NumberOfComponents="3" format="ascii">
          250.2 0 0 253.533 0 0 250.2 2 0 253.533 2 0
          256.867 0 0 256.867 2 0 260.2 0 0 260.2 2 0
          263.533 0 0 263.533 2 0 266.867 0 0 266.867 2 0
          270.2 0 0 270.2 2 0 273.533 0 0 273.533 2 0
          276.867 0 0 276.867 2 0 280.2 0 0 280.2 2 0
          283.533 0 0 283.533 2 0 286.867 0 0 286.867 2 0
          290.2 0 0 290.2 2 0 293.533 0 0 293.533 2 0
          296.867 0 0 296.867 2 0 300.2 0 0 300.2 2 0
          303.533 0 0 303.533 2 0 306.867 0 0 306.867 2 0
          310.2 0 0 310.2 2 0 313.533 0 0 313.533 2 0
          316.867 0 0 316.867 2 0 320.2 0 0 320.2 2 0
          323.533 0 0 323.533 2 0 326.867 0 0 326.867 2 0
          330.2 0 0 330.2 2 0 333.533 0 0 333.533 2 0
          336.867 0 0 336.867 2 0 340.2 0 0 340.2 2 0
          343.533 0 0 343.533 2 0 346.867 0 0 346.867 2 0
          350.2 0 0 350.2 2 0 353.533 0 0 353.533 2 0
          356.867 0 0 356.867 2 0 360.2 0 0 360.2 2 0
          363.533 0 0 363.533 2 0 366.867 0 0 366.867 2 0
          370.2 0 0 370.2 2 0 373.533 0 0 373.533 2 0
          376.867 0 0 376.867 2 0 380.2 0 0 380.2 2 0
          383.533 0 0 383.533 2 0 386.867 0 0 386.867 2 0
          390.2 0 0 390.2 2 0 393.533 0 0 393.533 2 0
          396.867 0 0 396.867 2 0 400.2 0 0 400.2 2 0
          403.533 0 0 403.533 2 0 406.867 0 0 406.867 2 0
          410.2 0 0 410.2 2 0 413.533 0 0 413.533 2 0
          416.867 0 0 416.867 2 0 420.2 0 0 420.2 2 0
          423.533 0 0 423.533 2 0 426.867 0 0 426.867 2 0
          430.2 0 0 430.2 2 0 433.533 0 0 433.533 2 0
          436.867 0 0 436.867 2 0 440.2 0 0 440.2 2 0
          443.533 0 0 443.533 2 0 446.867 0 0 446.867 2 0
          450.2 0 0 450.2 2 0 453.533 0 0 453.533 2 0
          456.867 0 0 456.867 2 0 460.2 0 0 460.2 2 0
          463.533 0 0 463.533 2 0 466.867 0 0 466.867 2 0
          470.2 0 0 470.2 2 0 473.533 0 0 473.533 2 0
          476.867 0 0 476.867 2 0 480.2 0 0 480.2 2 0
          483.533 0 0 483.533 2 0 486.867 0 0 486.867 2 0
          490.2 0 0 490.2 2 0 493.533 0 0 493.533 2 0
          496.867 0 0 496.867 2 0 500.2 0 0 500.2 2 0
          250.2 4 0 253.533 4 0 256.867 4 0 260.2 4 0
          263.533 4 0 266.867 4 0 270.2 4 0 273.533 4 0
          276.867 4 0 280.2 4 0 283.533 4 0 286.867 4 0
          290.2 4 0 293.533 4 0 296.867 4 0 300.2 4 0
          303.533 4 0 306.867 4 0 310.2 4 0 313.533 4 0
          316.867 4 0 320.2 4 0 323.533 4 0 326.867 4 0
          330.2 4 0 333.533 4 0 336.867 4 0 340.2 4 0
          343.533 4 0 346.867 4 0 350.2 4 0 353.533 4 0
          356.867 4 0 360.2 4 0 363.533 4 0 366.867 4 0
          370.2 4 0 373.533 4 0 376.867 4 0 380.2 4 0
          383.533 4 0 386.867 4 0 390.2 4 0 393.533 4 0
          396.867 4 0 400.2 4 0 403.533 4 0 406.867 4 0
          410.2 4 0 413.533 4 0 416.867 4 0 420.2 4 0
          423.533 4 0 426.867 4 0 430.2 4 0 433.533 4 0
          436.867 4 0 440.2 4 0 443.533 4 0 446.867 4 0
          450.2 4 0 453.533 4 0 456.867 4 0 460.2 4 0
          463.533 4 0 466.867 4 0 470.2 4 0 473.533 4 0
          476.867 4 0 480.2 4 0 483.533 4 0 486.867 4 0
          490.2 4 0 493.533 4 0 496.867 4 0 500.2 4 0
          250.2 6 0 253.533 6 0 256.867 6 0 260.2 6 0
          263.533 6 0 266.867 6 0 270.2 6 0 273.533 6 0
          276.867 6 0 280.2 6 0 283.533 6 0 286.867 6 0
          290.2 6 0 293.533 6 0 296.867 6 0 300.2 6 0
          303.533 6 0 306.867 6 0 310.2 6 0 313.533 6 0
          316.867 6 0 320.2 6 0 323.533 6 0 326.867 6 0
          330.2 6 0 333.533 6 0 336.867 6 0 340.2 6 0
          343.533 6 0 346.867 6 0 350.2 6 0 353.533 6 0
          356.867 6 0 360.2 6 0 363.533 6 0 366.867 6 0
          370.2 6 0 373.533 6 0 376.867 6 0 380.2 6 0
          383.533 6 0 386.867 6 0 390.2 6 0 393.533 6 0
          396.867 6 0 400.2 6 0 403.533 6 0 406.867 6 0
          410.2 6 0 413.533 6 0 416.867 6 0 420.2 6 0
          423.533 6 0 426.867 6 0 430.2 6 0 433.533 6 0
          436.867 6 0 440.2 6 0 443.533 6 0 446.867 6 0
          450.2 6 0 453.533 6 0 456.867 6 0 460.2 6 0
          463.533 6 0 466.867 6 0 470.2 6 0 473.533 6 0
          476.867 6 0 480.2 6 0 483.533 6 0 486.867 6 0
          490.2 6 0 493.533 6 0 496.867 6 0 500.2 6 0
          250.2 8 0 253.533 8 0 256.867 8 0 260.2 8 0
          263.533 8 0 266.867 8 0 270.2 8 0 273.533 8 0
          276.867 8 0 280.2 8 0 283.533 8 0 286.867 8 0
          290.2 8 0 293.533 8 0 296.867 8 0 300.2 8 0
          303.533 8 0 306.867 8 0 310.2 8 0 313.533 8 0
          316.867 8 0 320.2 8 0 323.533 8 0 326.867 8 0
          330.2 8 0 333.533 8 0 336.867 8 0 340.2 8 0
          343.533 8 0 346.867 8 0 350.2 8 0 353.533 8 0
          356.867 8 0 360.2 8 0 363.533 8 0 366.867 8 0
          370.2 8 0 373.533 8 0 376.867 8 0 380.2 8 0
          383.533 8 0 386.867 8 0 390.2 8 0 393.533 8 0
          396.867 8 0 400.2 8 0 403.533 8 0 406.867 8 0
          410.2 8 0 413.533 8 0 416.867 8 0 420.2 8 0
          423.533 8 0 426.867 8 0 430.2 8 0 433.533 8 0
          436.867 8 0 440.2 8 0 443.533 8 0 446.867 8 0
          450.2 8 0 453.533 8 0 456.867 8 0 460.2 8 0
          463.533 8 0 466.867 8 0 470.2 8 0 473.533 8 0
          476.867 8 0 480.2 8 0 483.533 8 0 486.867 8 0
          490.2 8 0 493.533 8 0 496.867 8 0 500.2 8 0
          250.2 10 0 253.533 10 0 256.867 10 0 260.2 10 0
          263.533 10 0 266.867 10 0 270.2 10 0 273.533 10 0
          276.867 10 0 280.2 10 0 283.533 10 0 286.867 10 0
          290.2 10 0 293.533 10 0 296.867 10 0 300.2 10 0
          303.533 10 0 306.867 10 0 310.2 10 0 313.533 10 0
          316.867 10 0 320.2 10 0 323.533 10 0 326.867 10 0
          330.2 10 0 333.533 10 0 336.867 10 0 340.2 10 0
          343.533 10 0 346.867 10 0 350.2 10 0 353.533 10 0
          356.867 10 0 360.2 10 0 363.533 10 0 366.867 10 0
          370.2 10 0 373.533 10 0 376.867 10 0 380.2 10 0
          383.533 10 0 386.867 10 0 390.2 10 0 393.533 10 0
          396.867 10 0 400.2 10 0 403.533 10 0 406.867 10 0
          410.2 10 0 413.533 10 0 416.867 10 0 420.2 10 0
          423.533 10 0 426.867 10 0 430.2 10 0 433.533 10 0
          436.867 10 0 440.2 10 0 443.533 10 0 446.867 10 0
          450.2 10 0 453.533 10 0 456.867 10 0 460.2 10 0
          463.533 10 0 466.867 10 0 470.2 10 0 473.533 10 0
          476.867 10 0 480.2 10 0 483.533 10 0 486.867 10 0
          490.2 10 0 493.533 10 0 496.867 10 0 500.2 10 0
          250.2 12 0 253.533 12 0 256.867 12 0 260.2 12 0
          263.533 12 0 266.867 12 0 270.2 12 0 273.533 12 0
          276.867 12 0 280.2 12 0 283.533 12 0 286.867 12 0
          290.2 12 0 293.533 12 0 296.867 12 0 300.2 12 0
          303.533 12 0 306.867 12 0 310.2 12 0 313.533 12 0
          316.867 12 0 320.2 12 0 323.533 12 0 326.867 12 0
          330.2 12 0 333.533 12 0 336.867 12 0 340.2 12 0
          343.533 12 0 346.867 12 0 350.2 12 0 353.533 12 0
          356.867 12 0 360.2 12 0 363.533 12 0 366.867 12 0
          370.2 12 0 373.533 12 0 376.867 12 0 380.2 12 0
          383.533 12 0 386.867 12 0 390.2 12 0 393.533 12 0
          396.867 12 0 400.2 12 0 403.533 12 0 406.867 12 0
          410.2 12 0 413.533 12 0 416.867 12 0 420.2 12 0
          423.533 12 0 426.867 12 0 430.2 12 0 433.533 12 0
          436.867 12 0 440.2 12 0 443.533 12 0 446.867 12 0
          450.2 12 0 453.533 12 0 456.867 12 0 460.2 12 0
          463.533 12 0 466.867 12 0 470.2 12 0 473.533 12 0
          476.867 12 0 480.2 12 0 483.533 12 0 486.867 12 0
          490.2 12 0 493.533 12 0 496.867 12 0 500.2 12 0
          250.2 14 0 253.533 14 0 256.867 14 0 260.2 14 0
          263.533 14 0 266.867 14 0 270.2 14 0 273.533 14 0
          276.867 14 0 280.2 14 0 283.533 14 0 286.867 14 0
          290.2 14 0 293.533 14 0 296.867 14 0 300.2 14 0
          303.533 14 0 306.867 14 0 310.2 14 0 313.533 14 0
          316.867 14 0 320.2 14 0 323.533 14 0 326.867 14 0
          330.2 14 0 333.533 14 0 336.867 14 0 340.2 14 0
          343.533 14 0 346.867 14 0 350.2 14 0 353.533 14 0
          356.867 14 0 360.2 14 0 363.533 14 0 366.867 14 0
          370.2 14 0 373.533 14 0 376.867 14 0 380.2 14 0
          383.533 14 0 386.867 14 0 390.2 14 0 393.533 14 0
          396.867 14 0 400.2 14 0 403.533 14 0 406.867 14 0
          410.2 14 0 413.533 14 0 416.867 14 0 420.2 14 0
          423.533 14 0 426.867 14 0 430.2 14 0 433.533 14 0
          436.867 14 0 440.2 14 0 443.533 14 0 446.867 14 0
          450.2 14 0 453.533 14 0 456.867 14 0 460.2 14 0
          463.533 14 0 466.867 14 0 470.2 14 0 473.533 14 0
          476.867 14 0 480.2 14 0 483.533 14 0 486.867 14 0
          490.2 14 0 493.533 14 0 496.867 14 0 500.2 14 0
          250.2 16 0 253.533 16 0 256.867 16 0 260.2 16 0
          263.533 16 0 266.867 16 0 270.2 16 0 273.533 16 0
          276.867 16 0 280.2 16 0 283.533 16 0 286.867 16 0
          290.2 16 0 293.533 16 0 296.867 16 0 300.2 16 0
          303.533 16 0 306.867 16 0 310.2 16 0 313.533 16 0
          316.867 16 0 320.2 16 0 323.533 16 0 326.867 16 0
          330.2 16 0 333.533 16 0 336.867 16 0 340.2 16 0
          343.533 16 0 346.867 16 0 350.2 16 0 353.533 16 0
          356.867 16 0 360.2 16 0 363.533 16 0 366.867 16 0
          370.2 16 0 373.533 16 0 376.867 16 0 380.2 16 0
          383.533 16 0 386.867 16 0 390.2 16 0 393.533 16 0
          396.867 16 0 400.2 16 0 403.533 16 0 406.867 16 0
          410.2 16 0 413.533 16 0 416.867 16 0 420.2 16 0
          423.533 16 0 426.867 16 0 430.2 16 0 433.533 16 0
          436.867 16 0 440.2 16 0 443.533 16 0 446.867 16 0
          450.2 16 0 453.533 16 0 456.867 16 0 460.2 16 0
          463.533 16 0 466.867 16 0 470.2 16 0 473.533 16 0
          476.867 16 0 480.2 16 0 483.533 16 0 486.867 16 0
          490.2 16 0 493.533 16 0 496.867 16 0 500.2 16 0
          250.2 18 0 253.533 18 0 256.867 18 0 260.2 18 0
          263.533 18 0 266.867 18 0 270.2 18 0 273.533 18 0
          276.867 18 0 280.2 18 0 283.533 18 0 286.867 18 0
          290.2 18 0 293.533 18 0 296.867 18 0 300.2 18 0
          303.533 18 0 306.867 18 0 310.2 18 0 313.533 18 0
          316.867 18 0 320.2 18 0 323.533 18 0 326.867 18 0
          330.2 18 0 333.533 18 0 336.867 18 0 340.2 18 0
          343.533 18 0 346.867 18 0 350.2 18 0 353.533 18 0
          356.867 18 0 360.2 18 0 363.533 18 0 366.867 18 0
          370.2 18 0 373.533 18 0 376.867 18 0 380.2 18 0
          383.533 18 0 386.867 18 0 390.2 18 0 393.533 18 0
          396.867 18 0 400.2 18 0 403.533 18 0 406.867 18 0
          410.2 18 0 413.533 18 0 416.867 18 0 420.2 18 0
          423.533 18 0 426.867 18 0 430.2 18 0 433.533 18 0
          436.867 18 0 440.2 18 0 443.533 18 0 446.867 18 0
          450.2 18 0 453.533 18 0 456.867 18 0 460.2 18 0
          463.533 18 0 466.867 18 0 470.2 18 0 473.533 18 0
          476.867 18 0 480.2 18 0 483.533 18 0 486.867 18 0
          490.2 18 0 493.533 18 0 496.867 18 0 500.2 18 0
          250.2 20 0 253.533 20 0 256.867 20 0 260.2 20 0
          263.533 20 0 266.867 20 0 270.2 20 0 273.533 20 0
          276.867 20 0 280.2 20 0 283.533 20 0 286.867 20 0
          290.2 20 0 293.533 20 0 296.867 20 0 300.2 20 0
          303.533 20 0 306.867 20 0 310.2 20 0 313.533 20 0
          316.867 20 0 320.2 20 0 323.533 20 0 326.867 20 0
          330.2 20 0 333.533 20 0 336.867 20 0 340.2 20 0
          343.533 20 0 346.867 20 0 350.2 20 0 353.533 20 0
          356.867 20 0 360.2 20 0 363.533 20 0 366.867 20 0
          370.2 20 0 373.533 20 0 376.867 20 0 380.2 20 0
          383.533 20 0 386.867 20 0 390.2 20 0 393.533 20 0
          396.867 20 0 400.2 20 0 403.533 20 0 406.867 20 0
          410.2 20 0 413.533 20 0 416.867 20 0 420.2 20 0
          423.533 20 0 426.867 20 0 430.2 20 0 433.533 20 0
          436.867 20 0 440.2 20 0 443.533 20 0 446.867 20 0
          450.2 20 0 453.533 20 0 456.867 20 0 460.2 20 0
          463.533 20 0 466.867 20 0 470.2 20 0 473.533 20 0
          476.867 20 0 480.2 20 0 483.533 20 0 486.867 20 0
          490.2 20 0 493.533 20 0 496.867 20 0 500.2 20 0
          250.2 22 0 253.533 22 0 256.867 22 0 260.2 22 0
          263.533 22 0 266.867 22 0 270.2 22 0 273.533 22 0
          276.867 22 0 280.2 22 0 283.533 22 0 286.867 22 0
          290.2 22 0 293.533 22 0 296.867 22 0 300.2 22 0
          303.533 22 0 306.867 22 0 310.2 22 0 313.533 22 0
          316.867 22 0 320.2 22 0 323.533 22 0 326.867 22 0
          330.2 22 0 333.533 22 0 336.867 22 0 340.2 22 0
          343.533 22 0 346.867 22 0 350.2 22 0 353.533 22 0
          356.867 22 0 360.2 22 0 363.533 22 0 366.867 22 0
          370.2 22 0 373.533 22 0 376.867 22 0 380.2 22 0
          383.533 22 0 386.867 22 0 390.2 22 0 393.533 22 0
          396.867 22 0 400.2 22 0 403.533 22 0 406.867 22 0
          410.2 22 0 413.533 22 0 416.867 22 0 420.2 22 0
          423.533 22 0 426.867 22 0 430.2 22 0 433.533 22 0
          436.867 22 0 440.2 22 0 443.533 22 0 446.867 22 0
          450.2 22 0 453.533 22 0 456.867 22 0 460.2 22 0
          463.533 22 0 466.867 22 0 470.2 22 0 473.533 22 0
          476.867 22 0 480.2 22 0 483.533 22 0 486.867 22 0
          490.2 22 0 493.533 22 0 496.867 22 0 500.2 22 0
          250.2 24 0 253.533 24 0 256.867 24 0 260.2 24 0
          263.533 24 0 266.867 24 0 270.2 24 0 273.533 24 0
          276.867 24 0 280.2 24 0 283.533 24 0 286.867 24 0
          290.2 24 0 293.533 24 0 296.867 24 0 300.2 24 0
          303.533 24 0 306.867 24 0 310.2 24 0 313.533 24 0
          316.867 24 0 320.2 24 0 323.533 24 0 326.867 24 0
          330.2 24 0 333.533 24 0 336.867 24 0 340.2 24 0
          343.533 24 0 346.867 24 0 350.2 24 0 353.533 24 0
          356.867 24 0 360.2 24 0 363.533 24 0 366.867 24 0
          370.2 24 0 373.533 24 0 376.867 24 0 380.2 24 0
          383.533 24 0 386.867 24 0 390.2 24 0 393.533 24 0
          396.867 24 0 400.2 24 0 403.533 24 0 406.867 24 0
          410.2 24 0 413.533 24 0 416.867 24 0 420.2 24 0
          423.533 24 0 426.867 24 0 430.2 24 0 433.533 24 0
          436.867 24 0 440.2 24 0 443.533 24 0 446.867 24 0
          450.2 24 0 453.533 24 0 456.867 24 0 460.2 24 0
          463.533 24 0 466.867 24 0 470.2 24 0 473.533 24 0
          476.867 24 0 480.2 24 0 483.533 24 0 486.867 24 0
          490.2 24 0 493.533 24 0 496.867 24 0 500.2 24 0
          250.2 26 0 253.533 26 0 256.867 26 0 260.2 26 0
          263.533 26 0 266.867 26 0 270.2 26 0 273.533 26 0
          276.867 26 0 280.2 26 0 283.533 26 0 286.867 26 0
          290.2 26 0 293.533 26 0 296.867 26 0 300.2 26 0
          303.533 26 0 306.867 26 0 310.2 26 0 313.533 26 0
          316.867 26 0 320.2 26 0 323.533 26 0 326.867 26 0
          330.2 26 0 333.533 26 0 336.867 26 0 340.2 26 0
          343.533 26 0 346.867 26 0 350.2 26 0 353.533 26 0
          356.867 26 0 360.2 26 0 363.533 26 0 366.867 26 0
          370.2 26 0 373.533 26 0 376.867 26 0 380.2 26 0
          383.533 26 0 386.867 26 0 390.2 26 0 393.533 26 0
          396.867 26 0 400.2 26 0 403.533 26 0 406.867 26 0
          410.2 26 0 413.533 26 0 416.867 26 0 420.2 26 0
          423.533 26 0 426.867 26 0 430.2 26 0 433.533 26 0
          436.867 26 0 440.2 26 0 443.533 26 0 446.867 26 0
          450.2 26 0 453.533 26 0 456.867 26 0 460.2 26 0
          463.533 26 0 466.867 26 0 470.2 26 0 473.533 26 0
          476.867 26 0 480.2 26 0 483.533 26 0 486.867 26 0
          490.2 26 0 493.533 26 0 496.867 26 0 500.2 26 0
          250.2 28 0 253.533 28 0 256.867 28 0 260.2 28 0
          263.533 28 0 266.867 28 0 270.2 28 0 273.533 28 0
          276.867 28 0 280.2 28 0 283.533 28 0 286.867 28 0
          290.2 28 0 293.533 28 0 296.867 28 0 300.2 28 0
          303.533 28 0 306.867 28 0 310.2 28 0 313.533 28 0
          316.867 28 0 320.2 28 0 323.533 28 0 326.867 28 0
          330.2 28 0 333.533 28 0 336.867 28 0 340.2 28 0
          343.533 28 0 346.867 28 0 350.2 28 0 353.533 28 0
          356.867 28 0 360.2 28 0 363.533 28 0 366.867 28 0
          370.2 28 0 373.533 28 0 376.867 28 0 380.2 28 0
          383.533 28 0 386.867 28 0 390.2 28 0 393.533 28 0
          396.867 28 0 400.2 28 0 403.533 28 0 406.867 28 0
          410.2 28 0 413.533 28 0 416.867 28 0 420.2 28 0
          423.533 28 0 426.867 28 0 430.2 28 0 433.533 28 0
          436.867 28 0 440.2 28 0 443.533 28 0 446.867 28 0
          450.2 28 0 453.533 28 0 456.867 28 0 460.2 28 0
          463.533 28 0 466.867 28 0 470.2 28 0 473.533 28 0
          476.867 28 0 480.2 28 0 483.533 28 0 486.867 28 0
          490.2 28 0 493.533 28 0 496.867 28 0 500.2 28 0
          250.2 30 0 253.533 30 0 256.867 30 0 260.2 30 0
          263.533 30 0 266.867 30 0 270.2 30 0 273.533 30 0
          276.867 30 0 280.2 30 0 283.533 30 0 286.867 30 0
          290.2 30 0 293.533 30 0 296.867 30 0 300.2 30 0
          303.533 30 0 306.867 30 0 310.2 30 0 313.533 30 0
          316.867 30 0 320.2 30 0 323.533 30 0 326.867 30 0
          330.2 30 0 333.533 30 0 336.867 30 0 340.2 30 0
          343.533 30 0 346.867 30 0 350.2 30 0 353.533 30 0
          356.867 30 0 360.2 30 0 363.533 30 0 366.867 30 0
          370.2 30 0 373.533 30 0 376.867 30 0 380.2 30 0
          383.533 30 0 386.867 30 0 390.2 30 0 393.533 30 0
          396.867 30 0 400.2 30 0 403.533 30 0 406.867 30 0
          410.2 30 0 413.533 30 0 416.867 30 0 420.2 30 0
          423.533 30 0 426.867 30 0 430.2 30 0 433.533 30 0
          436.867 30 0 440.2 30 0 443.533 30 0 446.867 30 0
          450.2 30 0 453.533 30 0 456.867 30 0 460.2 30 0
          463.533 30 0 466.867 30 0 470.2 30 0 473.533 30 0
          476.867 30 0 480.2 30 0 483.533 30 0 486.867 30 0
          490.2 30 0 493.533 30 0 496.867 30 0 500.2 30 0
          250.2 32 0 253.533 32 0 256.867 32 0 260.2 32 0
          263.533 32 0 266.867 32 0 270.2 32 0 273.533 32 0
          276.867 32 0 280.2 32 0 283.533 32 0 286.867 32 0
          290.2 32 0 293.533 32 0 296.867 32 0 300.2 32 0
          303.533 32 0 306.867 32 0 310.2 32 0 313.533 32 0
          316.867 32 0 320.2 32 0 323.533 32 0 326.867 32 0
          330.2 32 0 333.533 32 0 336.867 32 0 340.2 32 0
          343.533 32 0 346.867 32 0 350.2 32 0 353.533 32 0
          356.867 32 0 360.2 32 0 363.533 32 0 366.867 32 0
          370.2 32 0 373.533 32 0 376.867 32 0 380.2 32 0
          383.533 32 0 386.867 32 0 390.2 32 0 393.533 32 0
          396.867 32 0 400.2 32 0 403.533 32 0 406.867 32 0
          410.2 32 0 413.533 32 0 416.867 32 0 420.2 32 0
          423.533 32 0 426.867 32 0 430.2 32 0 433.533 32 0
          436.867 32 0 440.2 32 0 443.533 32 0 446.867 32 0
          450.2 32 0 453.533 32 0 456.867 32 0 460.2 32 0
          463.533 32 0 466.867 32 0 470.2 32 0 473.533 32 0
          476.867 32 0 480.2 32 0 483.533 32 0 486.867 32 0
          490.2 32 0 493.533 32 0 496.867 32 0 500.2 32 0
          250.2 34 0 253.533 34 0 256.867 34 0 260.2 34 0
          263.533 34 0 266.867 34 0 270.2 34 0 273.533 34 0
          276.867 34 0 280.2 34 0 283.533 34 0 286.867 34 0
          290.2 34 0 293.533 34 0 296.867 34 0 300.2 34 0
          303.533 34 0 306.867 34 0 310.2 34 0 313.533 34 0
          316.867 34 0 320.2 34 0 323.533 34 0 326.867 34 0
          330.2 34 0 333.533 34 0 336.867 34 0 340.2 34 0
          343.533 34 0 346.867 34 0 350.2 34 0 353.533 34 0
          356.867 34 0 360.2 34 0 363.533 34 0 366.867 34 0
          370.2 34 0 373.533 34 0 376.867 34 0 380.2 34 0
          383.533 34 0 386.867 34 0 390.2 34 0 393.533 34 0
          396.867 34 0 400.2 34 0 403.533 34 0 406.867 34 0
          410.2 34 0 413.533 34 0 416.867 34 0 420.2 34 0
          423.533 34 0 426.867 34 0 430.2 34 0 433.533 34 0
          436.867 34 0 440.2 34 0 443.533 34 0 446.867 34 0
          450.2 34 0 453.533 34 0 456.867 34 0 460.2 34 0
          463.533 34 0 466.867 34 0 470.2 34 0 473.533 34 0
          476.867 34 0 480.2 34 0 483.533 34 0 486.867 34 0
          490.2 34 0 493.533 34 0 496.867 34 0 500.2 34 0
          250.2 36 0 253.533 36 0 256.867 36 0 260.2 36 0
          263.533 36 0 266.867 36 0 270.2 36 0 273.533 36 0
          276.867 36 0 280.2 36 0 283.533 36 0 286.867 36 0
          290.2 36 0 293.533 36 0 296.867 36 0 300.2 36 0
          303.533 36 0 306.867 36 0 310.2 36 0 313.533 36 0
          316.867 36 0 320.2 36 0 323.533 36 0 326.867 36 0
          330.2 36 0 333.533 36 0 336.867 36 0 340.2 36 0
          343.533 36 0 346.867 36 0 350.2 36 0 353.533 36 0
          356.867 36 0 360.2 36 0 363.533 36 0 366.867 36 0
          370.2 36 0 373.533 36 0 376.867 36 0 380.2 36 0
          383.533 36 0 386.867 36 0 390.2 36 0 393.533 36 0
          396.867 36 0 400.2 36 0 403.533 36 0 406.867 36 0
          410.2 36 0 413.533 36 0 416.867 36 0 420.2 36 0
          423.533 36 0 426.867 36 0 430.2 36 0 433.533 36 0
          436.867 36 0 440.2 36 0 443.533 36 0 446.867 36 0
          450.2 36 0 453.533 36 0 456.867 36 0 460.2 36 0
          463.533 36 0 466.867 36 0 470.2 36 0 473.533 36 0
          476.867 36 0 480.2 36 0 483.533 36 0 486.867 36 0
          490.2 36 0 493.533 36 0 496.867 36 0 500.2 36 0
          250.2 38 0 253.533 38 0 256.867 38 0 260.2 38 0
          263.533 38 0 266.867 38 0 270.2 38 0 273.533 38 0
          276.867 38 0 280.2 38 0 283.533 38 0 286.867 38 0
          290.2 38 0 293.533 38 0 296.867 38 0 300.2 38 0
          303.533 38 0 306.867 38 0 310.2 38 0 313.533 38 0
          316.867 38 0 320.2 38 0 323.533 38 0 326.867 38 0
          330.2 38 0 333.533 38 0 336.867 38 0 340.2 38 0
          343.533 38 0 346.867 38 0 350.2 38 0 353.533 38 0
          356.867 38 0 360.2 38 0 363.533 38 0 366.867 38 0
          370.2 38 0 373.533 38 0 376.867 38 0 380.2 38 0
          383.533 38 0 386.867 38 0 390.2 38 0 393.533 38 0
          396.867 38 0 400.2 38 0 403.533 38 0 406.867 38 0
          410.2 38 0 413.533 38 0 416.867 38 0 420.2 38 0
          423.533 38 0 426.867 38 0 430.2 38 0 433.533 38 0
          436.867 38 0 440.2 38 0 443.533 38 0 446.867 38 0
          450.2 38 0 453.533 38 0 456.867 38 0 460.2 38 0
          463.533 38 0 466.867 38 0 470.2 38 0 473.533 38 0
          476.867 38 0 480.2 38 0 483.533 38 0 486.867 38 0
          490.2 38 0 493.533 38 0 496.867 38 0 500.2 38 0
          250.2 40 0 253.533 40 0 256.867 40 0 260.2 40 0
          263.533 40 0 266.867 40 0 270.2 40 0 273.533 40 0
          276.867 40 0 280.2 40 0 283.533 40 0 286.867 40 0
          290.2 40 0 293.533 40 0 296.867 40 0 300.2 40 0
          303.533 40 0 306.867 40 0 310.2 40 0 313.533 40 0
          316.867 40 0 320.2 40 0 323.533 40 0 326.867 40 0
          330.2 40 0 333.533 40 0 336.867 40 0 340.2 40 0
          343.533 40 0 346.867 40 0 350.2 40 0 353.533 40 0
          356.867 40 0 360.2 40 0 363.533 40 0 366.867 40 0
          370.2 40 0 373.533 40 0 376.867 40 0 380.2 40 0
          383.533 40 0 386.867 40 0 390.2 40 0 393.533 40 0
          396.867 40 0 400.2 40 0 403.533 40 0 406.867 40 0
          410.2 40 0 413.533 40 0 416.867 40 0 420.2 40 0
          423.533 40 0 426.867 40 0 430.2 40 0 433.533 40 0
          436.867 40 0 440.2 40 0 443.533 40 0 446.867 40 0
          450.2 40 0 453.533 40 0 456.867 40 0 460.2 40 0
          463.533 40 0 466.867 40 0 470.2 40 0 473.533 40 0
          476.867 40 0 480.2 40 0 483.533 40 0 486.867 40 0
          490.2 40 0 493.533 40 0 496.867 40 0 500.2 40 0
          250.2 42 0 253.533 42 0 256.867 42 0 260.2 42 0
          263.533 42 0 266.867 42 0 270.2 42 0 273.533 42 0
          276.867 42 0 280.2 42 0 283.533 42 0 286.867 42 0
          290.2 42 0 293.533 42 0 296.867 42 0 300.2 42 0
          303.533 42 0 306.867 42 0 310.2 42 0 313.533 42 0
          316.867 42 0 320.2 42 0 323.533 42 0 326.867 42 0
          330.2 42 0 333.533 42 0 336.867 42 0 340.2 42 0
          343.533 42 0 346.867 42 0 350.2 42 0 353.533 42 0
          356.867 42 0 360.2 42 0 363.533 42 0 366.867 42 0
          370.2 42 0 373.533 42 0 376.867 42 0 380.2 42 0
          383.533 42 0 386.867 42 0 390.2 42 0 393.533 42 0
          396.867 42 0 400.2 42 0 403.533 42 0 406.867 42 0
          410.2 42 0 413.533 42 0 416.867 42 0 420.2 42 0
          423.533 42 0 426.867 42 0 430.2 42 0 433.533 42 0
          436.867 42 0 440.2 42 0 443.533 42 0 446.867 42 0
          450.2 42 0 453.533 42 0 456.867 42 0 460.2 42 0
          463.533 42 0 466.867 42 0 470.2 42 0 473.533 42 0
          476.867 42 0 480.2 42 0 483.533 42 0 486.867 42 0
          490.2 42 0 493.533 42 0 496.867 42 0 500.2 42 0
          250.2 44 0 253.533 44 0 256.867 44 0 260.2 44 0
          263.533 44 0 266.867 44 0 270.2 44 0 273.533 44 0
          276.867 44 0 280.2 44 0 283.533 44 0 286.867 44 0
          290.2 44 0 293.533 44 0 296.867 44 0 300.2 44 0
          303.533 44 0 306.867 44 0 310.2 44 0 313.533 44 0
          316.867 44 0 320.2 44 0 323.533 44 0 326.867 44 0
          330.2 44 0 333.533 44 0 336.867 44 0 340.2 44 0
          343.533 44 0 346.867 44 0 350.2 44 0 353.533 44 0
          356.867 44 0 360.2 44 0 363.533 44 0 366.867 44 0
          370.2 44 0 373.533 44 0 376.867 44 0 380.2 44 0
          383.533 44 0 386.867 44 0 390.2 44 0 393.533 44 0
          396.867 44 0 400.2 44 0 403.533 44 0 406.867 44 0
          410.2 44 0 413.533 44 0 416.867 44 0 420.2 44 0
          423.533 44 0 426.867 44 0 430.2 44 0 433.533 44 0
          436.867 44 0 440.2 44 0 443.533 44 0 446.867 44 0
          450.2 44 0 453.533 44 0 456.867 44 0 460.2 44 0
          463.533 44 0 466.867 44 0 470.2 44 0 473.533 44 0
          476.867 44 0 480.2 44 0 483.533 44 0 486.867 44 0
          490.2 44 0 493.533 44 0 496.867 44 0 500.2 44 0
          250.2 46 0 253.533 46 0 256.867 46 0 260.2 46 0
          263.533 46 0 266.867 46 0 270.2 46 0 273.533 46 0
          276.867 46 0 280.2 46 0 283.533 46 0 286.867 46 0
          290.2 46 0 293.533 46 0 296.867 46 0 300.2 46 0
          303.533 46 0 306.867 46 0 310.2 46 0 313.533 46 0
          316.867 46 0 320.2 46 0 323.533 46 0 326.867 46 0
          330.2 46 0 333.533 46 0 336.867 46 0 340.2 46 0
          343.533 46 0 346.867 46 0 350.2 46 0 353.533 46 0
          356.867 46 0 360.2 46 0 363.533 46 0 366.867 46 0
          370.2 46 0 373.533 46 0 376.867 46 0 380.2 46 0
          383.533 46 0 386.867 46 0 390.2 46 0 393.533 46 0
          396.867 46 0 400.2 46 0 403.533 46 0 406.867 46 0
          410.2 46 0 413.533 46 0 416.867 46 0 420.2 46 0
          423.533 46 0 426.867 46 0 430.2 46 0 433.533 46 0
          436.867 46 0 440.2 46 0 443.533 46 0 446.867 46 0
          450.2 46 0 453.533 46 0 456.867 46 0 460.2 46 0
          463.533 46 0 466.867 46 0 470.2 46 0 473.533 46 0
          476.867 46 0 480.2 46 0 483.533 46 0 486.867 46 0
          490.2 46 0 493.533 46 0 496.867 46 0 500.2 46 0
          250.2 48 0 253.533 48 0 256.867 48 0 260.2 48 0
          263.533 48 0 266.867 48 0 270.2 48 0 273.533 48 0
          276.867 48 0 280.2 48 0 283.533 48 0 286.867 48 0
          290.2 48 0 293.533 48 0 296.867 48 0 300.2 48 0
          303.533 48 0 306.867 48 0 310.2 48 0 313.533 48 0
          316.867 48 0 320.2 48 0 323.533 48 0 326.867 48 0
          330.2 48 0 333.533 48 0 336.867 48 0 340.2 48 0
          343.533 48 0 346.867 48 0 350.2 48 0 353.533 48 0
          356.867 48 0 360.2 48 0 363.533 48 0 366.867 48 0
          370.2 48 0 373.533 48 0 376.867 48 0 380.2 48 0
          383.533 48 0 386.867 48 0 390.2 48 0 393.533 48 0
          396.867 48 0 400.2 48 0 403.533 48 0 406.867 48 0
          410.2 48 0 413.533 48 0 416.867 48 0 420.2 48 0
          423.533 48 0 426.867 48 0 430.2 48 0 433.533 48 0
          436.867 48 0 440.2 48 0 443.533 48 0 446.867 48 0
          450.2 48 0 453.533 48 0 456.867 48 0 460.2 48 0
          463.533 48 0 466.867 48 0 470.2 48 0 473.533 48 0
          476.867 48 0 480.2 48 0 483.533 48 0 486.867 48 0
          490.2 48 0 493.533 48 0 496.867 48 0 500.2 48 0
          250.2 50 0 253.533 50 0 256.867 50 0 260.2 50 0
          263.533 50 0 266.867 50 0 270.2 50 0 273.533 50 0
          276.867 50 0 280.2 50 0 283.533 50 0 286.867 50 0
          290.2 50 0 293.533 50 0 296.867 50 0 300.2 50 0
          303.533 50 0 306.867 50 0 310.2 50 0 313.533 50 0
          316.867 50 0 320.2 50 0 323.533 50 0 326.867 50 0
          330.2 50 0 333.533 50 0 336.867 50 0 340.2 50 0
          343.533 50 0 346.867 50 0 350.2 50 0 353.533 50 0
          356.867 50 0 360.2 50 0 363.533 50 0 366.867 50 0
          370.2 50 0 373.533 50 0 376.867 50 0 380.2 50 0
          383.533 50 0 386.867 50 0 390.2 50 0 393.533 50 0
          396.867 50 0 400.2 50 0 403.533 50 0 406.867 50 0
          410.2 50 0 413.533 50 0 416.867 50 0 420.2 50 0
          423.533 50 0 426.867 50 0 430.2 50 0 433.533 50 0
          436.867 50 0 440.2 50 0 443.533 50 0 446.867 50 0
          450.2 50 0 453.533 50 0 456.867 50 0 460.2 50 0
          463.533 50 0 466.867 50 0 470.2 50 0 473.533 50 0
          476.867 50 0 480.2 50 0 483.533 50 0 486.867 50 0
          490.2 50 0 493.533 50 0 496.867 50 0 500.2 50 0
          250.2 52 0 253.533 52 0 256.867 52 0 260.2 52 0
          263.533 52 0 266.867 52 0 270.2 52 0 273.533 52 0
          276.867 52 0 280.2 52 0 283.533 52 0 286.867 52 0
          290.2 52 0 293.533 52 0 296.867 52 0 300.2 52 0
          303.533 52 0 306.867 52 0 310.2 52 0 313.533 52 0
          316.867 52 0 320.2 52 0 323.533 52 0 326.867 52 0
          330.2 52 0 333.533 52 0 336.867 52 0 340.2 52 0
          343.533 52 0 346.867 52 0 350.2 52 0 353.533 52 0
          356.867 52 0 360.2 52 0 363.533 52 0 366.867 52 0
          370.2 52 0 373.533 52 0 376.867 52 0 380.2 52 0
          383.533 52 0 386.867 52 0 390.2 52 0 393.533 52 0
          396.867 52 0 400.2 52 0 403.533 52 0 406.867 52 0
          410.2 52 0 413.533 52 0 416.867 52 0 420.2 52 0
          423.533 52 0 426.867 52 0 430.2 52 0 433.533 52 0
          436.867 52 0 440.2 52 0 443.533 52 0 446.867 52 0
          450.2 52 0 453.533 52 0 456.867 52 0 460.2 52 0
          463.533 52 0 466.867 52 0 470.2 52 0 473.533 52 0
          476.867 52 0 480.2 52 0 483.533 52 0 486.867 52 0
          490.2 52 0 493.533 52 0 496.867 52 0 500.2 52 0
          250.2 54 0 253.533 54 0 256.867 54 0 260.2 54 0
          263.533 54 0 266.867 54 0 270.2 54 0 273.533 54 0
          276.867 54 0 280.2 54 0 283.533 54 0 286.867 54 0
          290.2 54 0 293.533 54 0 296.867 54 0 300.2 54 0
          303.533 54 0 306.867 54 0 310.2 54 0 313.533 54 0
          316.867 54 0 320.2 54 0 323.533 54 0 326.867 54 0
          330.2 54 0 333.533 54 0 336.867 54 0 340.2 54 0
          343.533 54 0 346.867 54 0 350.2 54 0 353.533 54 0
          356.867 54 0 360.2 54 0 363.533 54 0 366.867 54 0
          370.2 54 0 373.533 54 0 376.867 54 0 380.2 54 0
          383.533 54 0 386.867 54 0 390.2 54 0 393.533 54 0
          396.867 54 0 400.2 54 0 403.533 54 0 406.867 54 0
          410.2 54 0 413.533 54 0 416.867 54 0 420.2 54 0
          423.533 54 0 426.867 54 0 430.2 54 0 433.533 54 0
          436.867 54 0 440.2 54 0 443.533 54 0 446.867 54 0
          450.2 54 0 453.533 54 0 456.867 54 0 460.2 54 0
          463.533 54 0 466.867 54 0 470.2 54 0 473.533 54 0
          476.867 54 0 480.2 54 0 483.533 54 0 486.867 54 0
          490.2 54 0 493.533 54 0 496.867 54 0 500.2 54 0
          250.2 56 0 253.533 56 0 256.867 56 0 260.2 56 0
          263.533 56 0 266.867 56 0 270.2 56 0 273.533 56 0
          276.867 56 0 280.2 56 0 283.533 56 0 286.867 56 0
          290.2 56 0 293.533 56 0 296.867 56 0 300.2 56 0
          303.533 56 0 306.867 56 0 310.2 56 0 313.533 56 0
          316.867 56 0 320.2 56 0 323.533 56 0 326.867 56 0
          330.2 56 0 333.533 56 0 336.867 56 0 340.2 56 0
          343.533 56 0 346.867 56 0 350.2 56 0 353.533 56 0
          356.867 56 0 360.2 56 0 363.533 56 0 366.867 56 0
          370.2 56 0 373.533 56 0 376.867 56 0 380.2 56 0
          383.533 56 0 386.867 56 0 390.2 56 0 393.533 56 0
          396.867 56 0 400.2 56 0 403.533 56 0 406.867 56 0
          410.2 56 0 413.533 56 0 416.867 56 0 420.2 56 0
          423.533 56 0 426.867 56 0 430.2 56 0 433.533 56 0
          436.867 56 0 440.2 56 0 443.533 56 0 446.867 56 0
          450.2 56 0 453.533 56 0 456.867 56 0 460.2 56 0
          463.533 56 0 466.867 56 0 470.2 56 0 473.533 56 0
          476.867 56 0 480.2 56 0 483.533 56 0 486.867 56 0
          490.2 56 0 493.533 56 0 496.867 56 0 500.2 56 0
          250.2 58 0 253.533 58 0 256.867 58 0 260.2 58 0
          263.533 58 0 266.867 58 0 270.2 58 0 273.533 58 0
          276.867 58 0 280.2 58 0 283.533 58 0 286.867 58 0
          290.2 58 0 293.533 58 0 296.867 58 0 300.2 58 0
          303.533 58 0 306.867 58 0 310.2 58 0 313.533 58 0
          316.867 58 0 320.2 58 0 323.533 58 0 326.867 58 0
          330.2 58 0 333.533 58 0 336.867 58 0 340.2 58 0
          343.533 58 0 346.867 58 0 350.2 58 0 353.533 58 0
          356.867 58 0 360.2 58 0 363.533 58 0 366.867 58 0
          370.2 58 0 373.533 58 0 376.867 58 0 380.2 58 0
          383.533 58 0 386.867 58 0 390.2 58 0 393.533 58 0
          396.867 58 0 400.2 58 0 403.533 58 0 406.867 58 0
          410.2 58 0 413.533 58 0 416.867 58 0 420.2 58 0
          423.533 58 0 426.867 58 0 430.2 58 0 433.533 58 0
          436.867 58 0 440.2 58 0 443.533 58 0 446.867 58 0
          450.2 58 0 453.533 58 0 456.867 58 0 460.2 58 0
          463.533 58 0 466.867 58 0 470.2 58 0 473.533 58 0
          476.867 58 0 480.2 58 0 483.533 58 0 486.867 58 0
          490.2 58 0 493.533 58 0 496.867 58 0 500.2 58 0
          250.2 60 0 253.533 60 0 256.867 60 0 260.2 60 0
          263.533 60 0 266.867 60 0 270.2 60 0 273.533 60 0
          276.867 60 0 280.2 60 0 283.533 60 0 286.867 60 0
          290.2 60 0 293.533 60 0 296.867 60 0 300.2 60 0
          303.533 60 0 306.867 60 0 310.2 60 0 313.533 60 0
          316.867 60 0 320.2 60 0 323.533 60 0 326.867 60 0
          330.2 60 0 333.533 60 0 336.867 60 0 340.2 60 0
          343.533 60 0 346.867 60 0 350.2 60 0 353.533 60 0
          356.867 60 0 360.2 60 0 363.533 60 0 366.867 60 0
          370.2 60 0 373.533 60 0 376.867 60 0 380.2 60 0
          383.533 60 0 386.867 60 0 390.2 60 0 393.533 60 0
          396.867 60 0 400.2 60 0 403.533 60 0 406.867 60 0
          410.2 60 0 413.533 60 0 416.867 60 0 420.2 60 0
          423.533 60 0 426.867 60 0 430.2 60 0 433.533 60 0
          436.867 60 0 440.2 60 0 443.533 60 0 446.867 60 0
          450.2 60 0 453.533 60 0 456.867 60 0 460.2 60 0
          463.533 60 0 466.867 60 0 470.2 60 0 473.533 60 0
          476.867 60 0 480.2 60 0 483.533 60 0 486.867 60 0
          490.2 60 0 493.533 60 0 496.867 60 0 500.2 60 0
        </DataArray>
      </Points>
      <Cells>
        <DataArray type="Int32" Name="connectivity" NumberOfComponents="1" format="ascii">
          0 1 3 2 1 4 5 3 4 6 7 5
          6 8 9 7 8 10 11 9 10 12 13 11
          12 14 15 13 14 16 17 15 16 18 19 17
          18 20 21 19 20 22 23 21 22 24 25 23
          24 26 27 25 26 28 29 27 28 30 31 29
          30 32 33 31 32 34 35 33 34 36 37 35
          36 38 39 37 38 40 41 39 40 42 43 41
          42 44 45 43 44 46 47 45 46 48 49 47
          48 50 51 49 50 52 53 51 52 54 55 53
          54 56 57 55 56 58 59 57 58 60 61 59
          60 62 63 61 62 64 65 63 64 66 67 65
          66 68 69 67 68 70 71 69 70 72 73 71
          72 74 75 73 74 76 77 75 76 78 79 77
          78 80 81 79 80 82 83 81 82 84 85 83
          84 86 87 85 86 88 89 87 88 90 91 89
          90 92 93 91 92 94 95 93 94 96 97 95
          96 98 99 97 98 100 101 99 100 102 103 101
          102 104 105 103 104 106 107 105 106 108 109 107
          108 110 111 109 110 112 113 111 112 114 115 113
          114 116 117 115 116 118 119 117 118 120 121 119
          120 122 123 121 122 124 125 123 124 126 127 125
          126 128 129 127 128 130 131 129 130 132 133 131
          132 134 135 133 134 136 137 135 136 138 139 137
          138 140 141 139 140 142 143 141 142 144 145 143
          144 146 147 145 146 148 149 147 148 150 151 149
          2 3 153 152 3 5 154 153 5 7 155 154
          7 9 156 155 9 11 157 156 11 13 158 157
          13 15 159 158 15 17 160 159 17 19 161 160
          19 21 162 161 21 23 163 162 23 25 164 163
          25 27 165 164 27 29 166 165 29 31 167 166
          31 33 168 167 33 35 169 168 35 37 170 169
          37 39 171 170 39 41 172 171 41 43 173 172
          43 45 174 173 45 47 175 174 47 49 176 175
          49 51 177 176 51 53 178 177 53 55 179 178
          55 57 180 179 57 59 181 180 59 61 182 181
          61 63 183 182 63 65 184 183 65 67 185 184
          67 69 186 185 69 71 187 186 71 73 188 187
          73 75 189 188 75 77 190 189 77 79 191 190
          79 81 192 191 81 83 193 192 83 85 194 193
          85 87 195 194 87 89 196 195 89 91 197 196
          91 93 198 197 93 95 199 198 95 97 200 199
          97 99 201 200 99 101 202 201 101 103 203 202
          103 105 204 203 105 107 205 204 107 109 206 205
          109 111 207 206 111 113 208 207 113 115 209 208
          115 117 210 209 117 119 211 210 119 121 212 211
          121 123 213 212 123 125 214 213 125 127 215 214
          127 129 216 215 129 131 217 216 131 133 218 217
          133 135 219 218 135 137 220 219 137 139 221 220
          139 141 222 221 141 143 223 222 143 145 224 223
          145 147 225 224 147 149 226 225 149 151 227 226
          152 153 229 228 153 154 230 229 154 155 231 230
          155 156 232 231 156 157 233 232 157 158 234 233
          158 159 235 234 159 160 236 235 160 161 237 236
          161 162 238 237 162 163 239 238 163 164 240 239
          164 165 241 240 165 166 242 241 166 167 243 242
          167 168 244 243 168 169 245 244 169 170 246 245
          170 171 247 246 171 172 248 247 172 173 249 248
          173 174 250 249 174 175 251 250 175 176 252 251
          176 177 253 252 177 178 254 253 178 179 255 254
          179 180 256 255 180 181 257 256 181 182 258 257
          182 183 259 258 183 184 260 259 184 185 261 260
          185 186 262 261 186 187 263 262 187 188 264 263
          188 189 265 264 189 190 266 265 190 191 267 266
          191 192 268 267 192 193 269 268 193 194 270 269
          194 195 271 270 195 196 272 271 196 197 273 272
          197 198 274 273 198 199 275 274 199 200 276 275
          200 201 277 276 201 202 278 277 202 203 279 278
          203 204 280 279 204 205 281 280 205 206 282 281
          206 207 283 282 207 208 284 283 208 209 285 284
          209 210 286 285 210 211 287 286 211 212 288 287
          212 213 289 288 213 214 290 289 214 215 291 290
          215 216 292 291 216 217 293 292 217 218 294 293
          218 219 295 294 219 220 296 295 220 221 297 296
          221 222 298 297 222 223 299 298 223 224 300 299
          224 225 301 300 225 226 302 301 226 227 303 302
          228 229 305 304 229 230 306 305 230 231 307 306
          231 232 308 307 232 233 309 308 233 234 310 309
          234 235 311 310 235 236 312 311 236 237 313 312
          237 238 314 313 238 239 315 314 239 240 316 315
          240 241 317 316 241 242 318 317 242 243 319 318
          243 244 320 319 244 245 321 320 245 246 322 321
          246 247 323 322 247 248 324 323 248 249 325 324
          249 250 326 325 250 251 327 326 251 252 328 327
          252 253 329 328 253 254 330 329 254 255 331 330
          255 256 332 331 256 257 333 332 257 258 334 333
          258 259 335 334 259 260 336 335 260 261 337 336
          261 262 338 337 262 263 339 338 263 264 340 339
          264 265 341 340 265 266 342 341 266 267 343 342
          267 268 344 343 268 269 345 344 269 270 346 345
          270 271 347 346 271 272 348 347 272 273 349 348
          273 274 350 349 274 275 351 350 275 276 352 351
          276 277 353 352 277 278 354 353 278 279 355 354
          279 280 356 355 280 281 357 356 281 282 358 357
          282 283 359 358 283 284 360 359 284 285 361 360
          285 286 362 361 286 287 363 362 287 288 364 363
          288 289 365 364 289 290 366 365 290 291 367 366
          291 292 368 367 292 293 369 368 293 294 370 369
          294 295 371 370 295 296 372 371 296 297 373 372
          297 298 374 373 298 299 375 374 299 300 376 375
          300 301 377 376 301 302 378 377 302 303 379 378
          304 305 381 380 305 306 382 381 306 307 383 382
          307 308 384 383 308 309 385 384 309 310 386 385
          310 311 387 386 311 312 388 387 312 313 389 388
          313 314 390 389 314 315 391 390 315 316 392 391
          316 317 393 392 317 318 394 393 318 319 395 394
          319 320 396 395 320 321 397 396 321 322 398 397
          322 323 399 398 323 324 400 399 324 325 401 400
          325 326 402 401 326 327 403 402 327 328 404 403
          328 329 405 404 329 330 406 405 330 331 407 406
          331 332 408 407 332 333 409 408 333 334 410 409
          334 335 411 410 335 336 412 411 336 337 413 412
          337 338 414 413 338 339 415 414 339 340 416 415
          340 341 417 416 341 342 418 417 342 343 419 418
          343 344 420 419 344 345 421 420 345 346 422 421
          346 347 423 422 347 348 424 423 348 349 425 424
          349 350 426 425 350 351 427 426 351 352 428 427
          352 353 429 428 353 354 430 429 354 355 431 430
          355 356 432 431 356 357 433 432 357 358 434 433
          358 359 435 434 359 360 436 435 360 361 437 436
          361 362 438 437 362 363 439 438 363 364 440 439
          364 365 441 440 365 366 442 441 366 367 443 442
          367 368 444 443 368 369 445 444 369 370 446 445
          370 371 447 446 371 372 448 447 372 373 449 448
          373 374 450 449 374 375 451 450 375 376 452 451
          376 377 453 452 377 378 454 453 378 379 455 454
          380 381 457 456 381 382 458 457 382 383 459 458
          383 384 460 459 384 385 461 460 385 386 462 461
          386 387 463 462 387 388 464 463 388 389 465 464
          389 390 466 465 390 391 467 466 391 392 468 467
          392 393 469 468 393 394 470 469 394 395 471 470
          395 396 472 471 396 397 473 472 397 398 474 473
          398 399 475 474 399 400 476 475 400 401 477 476
          401 402 478 477 402 403 479 478 403 404 480 479
          404 405 481 480 405 406 482 481 406 407 483 482
          407 408 484 483 408 409 485 484 409 410 486 485
          410 411 487 486 411 412 488 487 412 413 489 488
          413 414 490 489 414 415 491 490 415 416 492 491
          416 417 493 492 417 418 494 493 418 419 495 494
          419 420 496 495 420 421 497 496 421 422 498 497
          422 423 499 498 423 424 500 499 424 425 501 500
          425 426 502 501 426 427 503 502 427 428 504 503
          428 429 505 504 429 430 506 505 430 431 507 506
          431 432 508 507 432 433 509 508 433 434 510 509
          434 435 511 510 435 436 512 511 436 437 513 512
          437 438 514 513 438 439 515 514 439 440 516 515
          440 441 517 516 441 442 518 517 442 443 519 518
          443 444 520 519 444 445 521 520 445 446 522 521
          446 447 523 522 447 448 524 523 448 449 525 524
          449 450 526 525 450 451 527 526 451 452 528 527
          452 453 529 528 453 454 530 529 454 455 531 530
          456 457 533 532 457 458 534 533 458 459 535 534
          459 460 536 535 460 461 537 536 461 462 538 537
          462 463 539 538 463 464 540 539 464 465 541 540
          465 466 542 541 466 467 543 542 467 468 544 543
          468 469 545 544 469 470 546 545 470 471 547 546
          471 472 548 547 472 473 549 548 473 474 550 549
          474 475 551 550 475 476 552 551 476 477 553 552
          477 478 554 553 478 479 555 554 479 480 556 555
          480 481 557 556 481 482 558 557 482 483 559 558
          483 484 560 559 484 485 561 560 485 486 562 561
          486 487 563 562 487 488 564 563 488 489 565 564
          489 490 566 565 490 491 567 566 491 492 568 567
          492 493 569 568 493 494 570 569 494 495 571 570
          495 496 572 571 496 497 573 572 497 498 574 573
          498 499 575 574 499 500 576 575 500 501 577 576
          501 502 578 577 502 503 579 578 503 504 580 579
          504 505 581 580 505 506 582 581 506 507 583 582
          507 508 584 583 508 509 585 584 509 510 586 585
          510 511 587 586 511 512 588 587 512 513 589 588
          513 514 590 589 514 515 591 590 515 516 592 591
          516 517 593 592 517 518 594 593 518 519 595 594
          519 520 596 595 520 521 597 596 521 522 598 597
          522 523 599 598 523 524 600 599 524 525 601 600
          525 526 602 601 526 527 603 602 527 528 604 603
          528 529 605 604 529 530 606 605 530 531 607 606
          532 533 609 608 533 534 610 609 534 535 611 610
          535 536 612 611 536 537 613 612 537 538 614 613
          538 539 615 614 539 540 616 615 540 541 617 616
          541 542 618 617 542 543 619 618 543 544 620 619
          544 545 621 620 545 546 622 621 546 547 623 622
          547 548 624 623 548 549 625 624 549 550 626 625
          550 551 627 626 551 552 628 627 552 553 629 628
          553 554 630 629 554 555 631 630 555 556 632 631
          556 557 633 632 557 558 634 633 558 559 635 634
          559 560 636 635 560 561 637 636 561 562 638 637
          562 563 639 638 563 564 640 639 564 565 641 640
          565 566 642 641 566 567 643 642 567 568 644 643
          568 569 645 644 569 570 646 645 570 571 647 646
          571 572 648 647 572 573 649 648 573 574 650 649
          574 575 651 650 575 576 652 651 576 577 653 652
          577 578 654 653 578 579 655 654 579 580 656 655
          580 581 657 656 581 582 658 657 582 583 659 658
          583 584 660 659 584 585 661 660 585 586 662 661
          586 587 663 662 587 588 664 663 588 589 665 664
          589 590 666 665 590 591 667 666 591 592 668 667
          592 593 669 668 593 594 670 669 594 595 671 670
          595 596 672 671 596 597 673 672 597 598 674 673
          598 599 675 674 599 600 676 675 600 601 677 676
          601 602 678 677 602 603 679 678 603 604 680 679
          604 605 681 680 605 606 682 681 606 607 683 682
          608 609 685 684 609 610 686 685 610 611 687 686
          611 612 688 687 612 613 689 688 613 614 690 689
          614 615 691 690 615 616 692 691 616 617 693 692
          617 618 694 693 618 619 695 694 619 620 696 695
          620 621 697 696 621 622 698 697 622 623 699 698
          623 624 700 699 624 625 701 700 625 626 702 701
          626 627 703 702 627 628 704 703 628 629 705 704
          629 630 706 705 630 631 707 706 631 632 708 707
          632 633 709 708 633 634 710 709 634 635 711 710
          635 636 712 711 636 637 713 712 637 638 714 713
          638 639 715 714 639 640 716 715 640 641 717 716
          641 642 718 717 642 643 719 718 643 644 720 719
          644 645 721 720 645 646 722 721 646 647 723 722
          647 648 724 723 648 649 725 724 649 650 726 725
          650 651 727 726 651 652 728 727 652 653 729 728
          653 654 730 729 654 655 731 730 655 656 732 731
          656 657 733 732 657 658 734 733 658 659 735 734
          659 660 736 735 660 661 737 736 661 662 738 737
          662 663 739 738 663 664 740 739 664 665 741 740
          665 666 742 741 666 667 743 742 667 668 744 743
          668 669 745 744 669 670 746 745 670 671 747 746
          671 672 748 747 672 673 749 748 673 674 750 749
          674 675 751 750 675 676 752 751 676 677 753 752
          677 678 754 753 678 679 755 754 679 680 756 755
          680 681 757 756 681 682 758 757 682 683 759 758
          684 685 761 760 685 686 762 761 686 687 763 762
          687 688 764 763 688 689 765 764 689 690 766 765
          690 691 767 766 691 692 768 767 692 693 769 768
          693 694 770 769 694 695 771 770 695 696 772 771
          696 697 773 772 697 698 774 773 698 699 775 774
          699 700 776 775 700 701 777 776 701 702 778 777
          702 703 779 778 703 704 780 779 704 705 781 780
          705 706 782 781 706 707 783 782 707 708 784 783
          708 709 785 784 709 710 786 785 710 711 787 786
          711 712 788 787 712 713 789 788 713 714 790 789
          714 715 791 790 715 716 792 791 716 717 793 792
          717 718 794 793 718 719 795 794 719 720 796 795
          720 721 797 796 721 722 798 797 722 723 799 798
          723 724 800 799 724 725 801 800 725 726 802 801
          726 727 803 802 727 728 804 803 728 729 805 804
          729 730 806 805 730 731 807 806 731 732 808 807
          732 733 809 808 733 734 810 809 734 735 811 810
          735 736 812 811 736 737 813 812 737 738 814 813
          738 739 815 814 739 740 816 815 740 741 817 816
          741 742 818 817 742 743 819 818 743 744 820 819
          744 745 821 820 745 746 822 821 746 747 823 822
          747 748 824 823 748 749 825 824 749 750 826 825
          750 751 827 826 751 752 828 827 752 753 829 828
          753 754 830 829 754 755 831 830 755 756 832 831
          756 757 833 832 757 758 834 833 758 759 835 834
          760 761 837 836 761 762 838 837 762 763 839 838
          763 764 840 839 764 765 841 840 765 766 842 841
          766 767 843 842 767 768 844 843 768 769 845 844
          769 770 846 845 770 771 847 846 771 772 848 847
          772 773 849 848 773 774 850 849 774 775 851 850
          775 776 852 851 776 777 853 852 777 778 854 853
          778 779 855 854 779 780 856 855 780 781 857 856
          781 782 858 857 782 783 859 858 783 784 860 859
          784 785 861 860 785 786 862 861 786 787 863 862
          787 788 864 863 788 789 865 864 789 790 866 865
          790 791 867 866 791 792 868 867 792 793 869 868
          793 794 870 869 794 795 871 870 795 796 872 871
          796 797 873 872 797 798 874 873 798 799 875 874
          799 800 876 875 800 801 877 876 801 802 878 877
          802 803 879 878 803 804 880 879 804 805 881 880
          805 806 882 881 806 807 883 882 807 808 884 883
          808 809 885 884 809 810 886 885 810 811 887 886
          811 812 888 887 812 813 889 888 813 814 890 889
          814 815 891 890 815 816 892 891 816 817 893 892
          817 818 894 893 818 819 895 894 819 820 896 895
          820 821 897 896 821 822 898 897 822 823 899 898
          823 824 900 899 824 825 901 900 825 826 902 901
          826 827 903 902 827 828 904 903 828 829 905 904
          829 830 906 905 830 831 907 906 831 832 908 907
          832 833 909 908 833 834 910 909 834 835 911 910
          836 837 913 912 837 838 914 913 838 839 915 914
          839 840 916 915 840 841 917 916 841 842 918 917
          842 843 919 918 843 844 920 919 844 845 921 920
          845 846 922 921 846 847 923 922 847 848 924 923
          848 849 925 924 849 850 926 925 850 851 927 926
          851 852 928 927 852 853 929 928 853 854 930 929
          854 855 931 930 855 856 932 931 856 857 933 932
          857 858 934 933 858 859 935 934 859 860 936 935
          860 861 937 936 861 862 938 937 862 863 939 938
          863 864 940 939 864 865 941 940 865 866 942 941
          866 867 943 942 867 868 944 943 868 869 945 944
          869 870 946 945 870 871 947 946 871 872 948 947
          872 873 949 948 873 874 950 949 874 875 951 950
          875 876 952 951 876 877 953 952 877 878 954 953
          878 879 955 954 879 880 956 955 880 881 957 956
          881 882 958 957 882 883 959 958 883 884 960 959
          884 885 961 960 885 886 962 961 886 887 963 962
          887 888 964 963 888 889 965 964 889 890 966 965
          890 891 967 966 891 892 968 967 892 893 969 968
          893 894 970 969 894 895 971 970 895 896 972 971
          896 897 973 972 897 898 974 973 898 899 975 974
          899 900 976 975 900 901 977 976 901 902 978 977
          902 903 979 978 903 904 980 979 904 905 981 980
          905 906 982 981 906 907 983 982 907 908 984 983
          908 909 985 984 909 910 986 985 910 911 987 986
          912 913 989 988 913 914 990 989 914 915 991 990
          915 916 992 991 916 917 993 992 917 918 994 993
          918 919 995 994 919 920 996 995 920 921 997 996
          921 922 998 997 922 923 999 998 923 924 1000 999
          924 925 1001 1000 925 926 1002 1001 926 927 1003 1002
          927 928 1004 1003 928 929 1005 1004 929 930 1006 1005
          930 931 1007 1006 931 932 1008 1007 932 933 1009 1008
          933 934 1010 1009 934 935 1011 1010 935 936 1012 1011
          936 937 1013 1012 937 938 1014 1013 938 939 1015 1014
          939 940 1016 1015 940 941 1017 1016 941 942 1018 1017
          942 943 1019 1018 943 944 1020 1019 944 945 1021 1020
          945 946 1022 1021 946 947 1023 1022 947 948 1024 1023
          948 949 1025 1024 949 950 1026 1025 950 951 1027 1026
          951 952 1028 1027 952 953 1029 1028 953 954 1030 1029
          954 955 1031 1030 955 956 1032 1031 956 957 1033 1032
          957 958 1034 1033 958 959 1035 1034 959 960 1036 1035
          960 961 1037 1036 961 962 1038 1037 962 963 1039 1038
          963 964 1040 1039 964 965 1041 1040 965 966 1042 1041
          966 967 1043 1042 967 968 1044 1043 968 969 1045 1044
          969 970 1046 1045 970 971 1047 1046 971 972 1048 1047
          972 973 1049 1048 973 974 1050 1049 974 975 1051 1050
          975 976 1052 1051 976 977 1053 1052 977 978 1054 1053
          978 979 1055 1054 979 980 1056 1055 980 981 1057 1056
          981 982 1058 1057 982 983 1059 1058 983 984 1060 1059
          984 985 1061 1060 985 986 1062 1061 986 987 1063 1062
          988 989 1065 1064 989 990 1066 1065 990 991 1067 1066
          991 992 1068 1067 992 993 1069 1068 993 994 1070 1069
          994 995 1071 1070 995 996 1072 1071 996 997 1073 1072
          997 998 1074 1073 998 999 1075 1074 999 1000 1076 1075
          1000 1001 1077 1076 1001 1002 1078 1077 1002 1003 1079 1078
          1003 1004 1080 1079 1004 1005 1081 1080 1005 1006 1082 1081
          1006 1007 1083 1082 1007 1008 1084 1083 1008 1009 1085 1084
          1009 1010 1086 1085 1010 1011 1087 1086 1011 1012 1088 1087
          1012 1013 1089 1088 1013 1014 1090 1089 1014 1015 1091 1090
          1015 1016 1092 1091 1016 1017 1093 1092 1017 1018 1094 1093
          1018 1019 1095 1094 1019 1020 1096 1095 1020 1021 1097 1096
          1021 1022 1098 1097 1022 1023 1099 1098 1023 1024 1100 1099
          1024 1025 1101 1100 1025 1026 1102 1101 1026 1027 1103 1102
          1027 1028 1104 1103 1028 1029 1105 1104 1029 1030 1106 1105
          1030 1031 1107 1106 1031 1032 1108 1107 1032 1033 1109 1108
          1033 1034 1110 1109 1034 1035 1111 1110 1035 1036 1112 1111
          1036 1037 1113 1112 1037 1038 1114 1113 1038 1039 1115 1114
          1039 1040 1116 1115 1040 1041 1117 1116 1041 1042 1118 1117
          1042 1043 1119 1118 1043 1044 1120 1119 1044 1045 1121 1120
          1045 1046 1122 1121 1046 1047 1123 1122 1047 1048 1124 1123
          1048 1049 1125 1124 1049 1050 1126 1125 1050 1051 1127 1126
          1051 1052 1128 1127 1052 1053 1129 1128 1053 1054 1130 1129
          1054 1055 1131 1130 1055 1056 1132 1131 1056 1057 1133 1132
          1057 1058 1134 1133 1058 1059 1135 1134 1059 1060 1136 1135
          1060 1061 1137 1136 1061 1062 1138 1137 1062 1063 1139 1138
          1064 1065 1141 1140 1065 1066 1142 1141 1066 1067 1143 1142
          1067 1068 1144 1143 1068 1069 1145 1144 1069 1070 1146 1145
          1070 1071 1147 1146 1071 1072 1148 1147 1072 1073 1149 1148
          1073 1074 1150 1149 1074 1075 1151 1150 1075 1076 1152 1151
          1076 1077 1153 1152 1077 1078 1154 1153 1078 1079 1155 1154
          1079 1080 1156 1155 1080 1081 1157 1156 1081 1082 1158 1157
          1082 1083 1159 1158 1083 1084 1160 1159 1084 1085 1161 1160
          1085 1086 1162 1161 1086 1087 1163 1162 1087 1088 1164 1163
          1088 1089 1165 1164 1089 1090 1166 1165 1090 1091 1167 1166
          1091 1092 1168 1167 1092 1093 1169 1168 1093 1094 1170 1169
          1094 1095 1171 1170 1095 1096 1172 1171 1096 1097 1173 1172
          1097 1098 1174 1173 1098 1099 1175 1174 1099 1100 1176 1175
          1100 1101 1177 1176 1101 1102 1178 1177 1102 1103 1179 1178
          1103 1104 1180 1179 1104 1105 1181 1180 1105 1106 1182 1181
          1106 1107 1183 1182 1107 1108 1184 1183 1108 1109 1185 1184
          1109 1110 1186 1185 1110 1111 1187 1186 1111 1112 1188 1187
          1112 1113 1189 1188 1113 1114 1190 1189 1114 1115 1191 1190
          1115 1116 1192 1191 1116 1117 1193 1192 1117 1118 1194 1193
          1118 1119 1195 1194 1119 1120 1196 1195 1120 1121 1197 1196
          1121 1122 1198 1197 1122 1123 1199 1198 1123 1124 1200 1199
          1124 1125 1201 1200 1125 1126 1202 1201 1126 1127 1203 1202
          1127 1128 1204 1203 1128 1129 1205 1204 1129 1130 1206 1205
          1130 1131 1207 1206 1131 1132 1208 1207 1132 1133 1209 1208
          1133 1134 1210 1209 1134 1135 1211 1210 1135 1136 1212 1211
          1136 1137 1213 1212 1137 1138 1214 1213 1138 1139 1215 1214
          1140 1141 1217 1216 1141 1142 1218 1217 1142 1143 1219 1218
          1143 1144 1220 1219 1144 1145 1221 1220 1145 1146 1222 1221
          1146 1147 1223 1222 1147 1148 1224 1223 1148 1149 1225 1224
          1149 1150 1226 1225 1150 1151 1227 1226 1151 1152 1228 1227
          1152 1153 1229 1228 1153 1154 1230 1229 1154 1155 1231 1230
          1155 1156 1232 1231 1156 1157 1233 1232 1157 1158 1234 1233
          1158 1159 1235 1234 1159 1160 1236 1235 1160 1161 1237 1236
          1161 1162 1238 1237 1162 1163 1239 1238 1163 1164 1240 1239
          1164 1165 1241 1240 1165 1166 1242 1241 1166 1167 1243 1242
          1167 1168 1244 1243 1168 1169 1245 1244 1169 1170 1246 1245
          1170 1171 1247 1246 1171 1172 1248 1247 1172 1173 1249 1248
          1173 1174 1250 1249 1174 1175 1251 1250 1175 1176 1252 1251
          1176 1177 1253 1252 1177 1178 1254 1253 1178 1179 1255 1254
          1179 1180 1256 1255 1180 1181 1257 1256 1181 1182 1258 1257
          1182 1183 1259 1258 1183 1184 1260 1259 1184 1185 1261 1260
          1185 1186 1262 1261 1186 1187 1263 1262 1187 1188 1264 1263
          1188 1189 1265 1264 1189 1190 1266 1265 1190 1191 1267 1266
          1191 1192 1268 1267 1192 1193 1269 1268 1193 1194 1270 1269
          1194 1195 1271 1270 1195 1196 1272 1271 1196 1197 1273 1272
          1197 1198 1274 1273 1198 1199 1275 1274 1199 1200 1276 1275
          1200 1201 1277 1276 1201 1202 1278 1277 1202 1203 1279 1278
          1203 1204 1280 1279 1204 1205 1281 1280 1205 1206 1282 1281
          1206 1207 1283 1282 1207 1208 1284 1283 1208 1209 1285 1284
          1209 1210 1286 1285 1210 1211 1287 1286 1211 1212 1288 1287
          1212 1213 1289 1288 1213 1214 1290 1289 1214 1215 1291 1290
          1216 1217 1293 1292 1217 1218 1294 1293 1218 1219 1295 1294
          1219 1220 1296 1295 1220 1221 1297 1296 1221 1222 1298 1297
          1222 1223 1299 1298 1223 1224 1300 1299 1224 1225 1301 1300
          1225 1226 1302 1301 1226 1227 1303 1302 1227 1228 1304 1303
          1228 1229 1305 1304 1229 1230 1306 1305 1230 1231 1307 1306
          1231 1232 1308 1307 1232 1233 1309 1308 1233 1234 1310 1309
          1234 1235 1311 1310 1235 1236 1312 1311 1236 1237 1313 1312
          1237 1238 1314 1313 1238 1239 1315 1314 1239 1240 1316 1315
          1240 1241 1317 1316 1241 1242 1318 1317 1242 1243 1319 1318
          1243 1244 1320 1319 1244 1245 1321 1320 1245 1246 1322 1321
          1246 1247 1323 1322 1247 1248 1324 1323 1248 1249 1325 1324
          1249 1250 1326 1325 1250 1251 1327 1326 1251 1252 1328 1327
          1252 1253 1329 1328 1253 1254 1330 1329 1254 1255 1331 1330
          1255 1256 1332 1331 1256 1257 1333 1332 1257 1258 1334 1333
          1258 1259 1335 1334 1259 1260 1336 1335 1260 1261 1337 1336
          1261 1262 1338 1337 1262 1263 1339 1338 1263 1264 1340 1339
          1264 1265 1341 1340 1265 1266 1342 1341 1266 1267 1343 1342
          1267 1268 1344 1343 1268 1269 1345 1344 1269 1270 1346 1345
          1270 1271 1347 1346 1271 1272 1348 1347 1272 1273 1349 1348
          1273 1274 1350 1349 1274 1275 1351 1350 1275 1276 1352 1351
          1276 1277 1353 1352 1277 1278 1354 1353 1278 1279 1355 1354
          1279 1280 1356 1355 1280 1281 1357 1356 1281 1282 1358 1357
          1282 1283 1359 1358 1283 1284 1360 1359 1284 1285 1361 1360
          1285 1286 1362 1361 1286 1287 1363 1362 1287 1288 1364 1363
          1288 1289 1365 1364 1289 1290 1366 1365 1290 1291 1367 1366
          1292 1293 1369 1368 1293 1294 1370 1369 1294 1295 1371 1370
          1295 1296 1372 1371 1296 1297 1373 1372 1297 1298 1374 1373
          1298 1299 1375 1374 1299 1300 1376 1375 1300 1301 1377 1376
          1301 1302 1378 1377 1302 1303 1379 1378 1303 1304 1380 1379
          1304 1305 1381 1380 1305 1306 1382 1381 1306 1307 1383 1382
          1307 1308 1384 1383 1308 1309 1385 1384 1309 1310 1386 1385
          1310 1311 1387 1386 1311 1312 1388 1387 1312 1313 1389 1388
          1313 1314 1390 1389 1314 1315 1391 1390 1315 1316 1392 1391
          1316 1317 1393 1392 1317 1318 1394 1393 1318 1319 1395 1394
          1319 1320 1396 1395 1320 1321 1397 1396 1321 1322 1398 1397
          1322 1323 1399 1398 1323 1324 1400 1399 1324 1325 1401 1400
          1325 1326 1402 1401 1326 1327 1403 1402 1327 1328 1404 1403
          1328 1329 1405 1404 1329 1330 1406 1405 1330 1331 1407 1406
          1331 1332 1408 1407 1332 1333 1409 1408 1333 1334 1410 1409
          1334 1335 1411 1410 1335 1336 1412 1411 1336 1337 1413 1412
          1337 1338 1414 1413 1338 1339 1415 1414 1339 1340 1416 1415
          1340 1341 1417 1416 1341 1342 1418 1417 1342 1343 1419 1418
          1343 1344 1420 1419 1344 1345 1421 1420 1345 1346 1422 1421
          1346 1347 1423 1422 1347 1348 1424 1423 1348 1349 1425 1424
          1349 1350 1426 1425 1350 1351 1427 1426 1351 1352 1428 1427
          1352 1353 1429 1428 1353 1354 1430 1429 1354 1355 1431 1430
          1355 1356 1432 1431 1356 1357 1433 1432 1357 1358 1434 1433
          1358 1359 1435 1434 1359 1360 1436 1435 1360 1361 1437 1436
          1361 1362 1438 1437 1362 1363 1439 1438 1363 1364 1440 1439
          1364 1365 1441 1440 1365 1366 1442 1441 1366 1367 1443 1442
          1368 1369 1445 1444 1369 1370 1446 1445 1370 1371 1447 1446
          1371 1372 1448 1447 1372 1373 1449 1448 1373 1374 1450 1449
          1374 1375 1451 1450 1375 1376 1452 1451 1376 1377 1453 1452
          1377 1378 1454 1453 1378 1379 1455 1454 1379 1380 1456 1455
          1380 1381 1457 1456 1381 1382 1458 1457 1382 1383 1459 1458
          1383 1384 1460 1459 1384 1385 1461 1460 1385 1386 1462 1461
          1386 1387 1463 1462 1387 1388 1464 1463 1388 1389 1465 1464
          1389 1390 1466 1465 1390 1391 1467 1466 1391 1392 1468 1467
          1392 1393 1469 1468 1393 1394 1470 1469 1394 1395 1471 1470
          1395 1396 1472 1471 1396 1397 1473 1472 1397 1398 1474 1473
          1398 1399 1475 1474 1399 1400 1476 1475 1400 1401 1477 1476
          1401 1402 1478 1477 1402 1403 1479 1478 1403 1404 1480 1479
          1404 1405 1481 1480 1405 1406 1482 1481 1406 1407 1483 1482
          1407 1408 1484 1483 1408 1409 1485 1484 1409 1410 1486 1485
          1410 1411 1487 1486 1411 1412 1488 1487 1412 1413 1489 1488
          1413 1414 1490 1489 1414 1415 1491 1490 1415 1416 1492 1491
          1416 1417 1493 1492 1417 1418 1494 1493 1418 1419 1495 1494
          1419 1420 1496 1495 1420 1421 1497 1496 1421 1422 1498 1497
          1422 1423 1499 1498 1423 1424 1500 1499 1424 1425 1501 1500
          1425 1426 1502 1501 1426 1427 1503 1502 1427 1428 1504 1503
          1428 1429 1505 1504 1429 1430 1506 1505 1430 1431 1507 1506
          1431 1432 1508 1507 1432 1433 1509 1508 1433 1434 1510 1509
          1434 1435 1511 1510 1435 1436 1512 1511 1436 1437 1513 1512
          1437 1438 1514 1513 1438 1439 1515 1514 1439 1440 1516 1515
          1440 1441 1517 1516 1441 1442 1518 1517 1442 1443 1519 1518
          1444 1445 1521 1520 1445 1446 1522 1521 1446 1447 1523 1522
          1447 1448 1524 1523 1448 1449 1525 1524 1449 1450 1526 1525
          1450 1451 1527 1526 1451 1452 1528 1527 1452 1453 1529 1528
          1453 1454 1530 1529 1454 1455 1531 1530 1455 1456 1532 1531
          1456 1457 1533 1532 1457 1458 1534 1533 1458 1459 1535 1534
          1459 1460 1536 1535 1460 1461 1537 1536 1461 1462 1538 1537
          1462 1463 1539 1538 1463 1464 1540 1539 1464 1465 1541 1540
          1465 1466 1542 1541 1466 1467 1543 1542 1467 1468 1544 1543
          1468 1469 1545 1544 1469 1470 1546 1545 1470 1471 1547 1546
          1471 1472 1548 1547 1472 1473 1549 1548 1473 1474 1550 1549
          1474 1475 1551 1550 1475 1476 1552 1551 1476 1477 1553 1552
          1477 1478 1554 1553 1478 1479 1555 1554 1479 1480 1556 1555
          1480 1481 1557 1556 1481 1482 1558 1557 1482 1483 1559 1558
          1483 1484 1560 1559 1484 1485 1561 1560 1485 1486 1562 1561
          1486 1487 1563 1562 1487 1488 1564 1563 1488 1489 1565 1564
          1489 1490 1566 1565 1490 1491 1567 1566 1491 1492 1568 1567
          1492 1493 1569 1568 1493 1494 1570 1569 1494 1495 1571 1570
          1495 1496 1572 1571 1496 1497 1573 1572 1497 1498 1574 1573
          1498 1499 1575 1574 1499 1500 1576 1575 1500 1501 1577 1576
          1501 1502 1578 1577 1502 1503 1579 1578 1503 1504 1580 1579
          1504 1505 1581 1580 1505 1506 1582 1581 1506 1507 1583 1582
          1507 1508 1584 1583 1508 1509 1585 1584 1509 1510 1586 1585
          1510 1511 1587 1586 1511 1512 1588 1587 1512 1513 1589 1588
          1513 1514 1590 1589 1514 1515 1591 1590 1515 1516 1592 1591
          1516 1517 1593 1592 1517 1518 1594 1593 1518 1519 1595 1594
          1520 1521 1597 1596 1521 1522 1598 1597 1522 1523 1599 1598
          1523 1524 1600 1599 1524 1525 1601 1600 1525 1526 1602 1601
          1526 1527 1603 1602 1527 1528 1604 1603 1528 1529 1605 1604
          1529 1530 1606 1605 1530 1531 1607 1606 1531 1532 1608 1607
          1532 1533 1609 1608 1533 1534 1610 1609 1534 1535 1611 1610
          1535 1536 1612 1611 1536 1537 1613 1612 1537 1538 1614 1613
          1538 1539 1615 1614 1539 1540 1616 1615 1540 1541 1617 1616
          1541 1542 1618 1617 1542 1543 1619 1618 1543 1544 1620 1619
          1544 1545 1621 1620 1545 1546 1622 1621 1546 1547 1623 1622
          1547 1548 1624 1623 1548 1549 1625 1624 1549 1550 1626 1625
          1550 1551 1627 1626 1551 1552 1628 1627 1552 1553 1629 1628
          1553 1554 1630 1629 1554 1555 1631 1630 1555 1556 1632 1631
          1556 1557 1633 1632 1557 1558 1634 1633 1558 1559 1635 1634
          1559 1560 1636 1635 1560 1561 1637 1636 1561 1562 1638 1637
          1562 1563 1639 1638 1563 1564 1640 1639 1564 1565 1641 1640
          1565 1566 1642 1641 1566 1567 1643 1642 1567 1568 1644 1643
          1568 1569 1645 1644 1569 1570 1646 1645 1570 1571 1647 1646
          1571 1572 1648 1647 1572 1573 1649 1648 1573 1574 1650 1649
          1574 1575 1651 1650 1575 1576 1652 1651 1576 1577 1653 1652
          1577 1578 1654 1653 1578 1579 1655 1654 1579 1580 1656 1655
          1580 1581 1657 1656 1581 1582 1658 1657 1582 1583 1659 1658
          1583 1584 1660 1659 1584 1585 1661 1660 1585 1586 1662 1661
          1586 1587 1663 1662 1587 1588 1664 1663 1588 1589 1665 1664
          1589 1590 1666 1665 1590 1591 1667 1666 1591 1592 1668 1667
          1592 1593 1669 1668 1593 1594 1670 1669 1594 1595 1671 1670
          1596 1597 1673 1672 1597 1598 1674 1673 1598 1599 1675 1674
          1599 1600 1676 1675 1600 1601 1677 1676 1601 1602 1678 1677
          1602 1603 1679 1678 1603 1604 1680 1679 1604 1605 1681 1680
          1605 1606 1682 1681 1606 1607 1683 1682 1607 1608 1684 1683
          1608 1609 1685 1684 1609 1610 1686 1685 1610 1611 1687 1686
          1611 1612 1688 1687 1612 1613 1689 1688 1613 1614 1690 1689
          1614 1615 1691 1690 1615 1616 1692 1691 1616 1617 1693 1692
          1617 1618 1694 1693 1618 1619 1695 1694 1619 1620 1696 1695
          1620 1621 1697 1696 1621 1622 1698 1697 1622 1623 1699 1698
          1623 1624 1700 1699 1624 1625 1701 1700 1625 1626 1702 1701
          1626 1627 1703 1702 1627 1628 1704 1703 1628 1629 1705 1704
          1629 1630 1706 1705 1630 1631 1707 1706 1631 1632 1708 1707
          1632 1633 1709 1708 1633 1634 1710 1709 1634 1635 1711 1710
          1635 1636 1712 1711 1636 1637 1713 1712 1637 1638 1714 1713
          1638 1639 1715 1714 1639 1640 1716 1715 1640 1641 1717 1716
          1641 1642 1718 1717 1642 1643 1719 1718 1643 1644 1720 1719
          1644 1645 1721 1720 1645 1646 1722 1721 1646 1647 1723 1722
          1647 1648 1724 1723 1648 1649 1725 1724 1649 1650 1726 1725
          1650 1651 1727 1726 1651 1652 1728 1727 1652 1653 1729 1728
          1653 1654 1730 1729 1654 1655 1731 1730 1655 1656 1732 1731
          1656 1657 1733 1732 1657 1658 1734 1733 1658 1659 1735 1734
          1659 1660 1736 1735 1660 1661 1737 1736 1661 1662 1738 1737
          1662 1663 1739 1738 1663 1664 1740 1739 1664 1665 1741 1740
          1665 1666 1742 1741 1666 1667 1743 1742 1667 1668 1744 1743
          1668 1669 1745 1744 1669 1670 1746 1745 1670 1671 1747 1746
          1672 1673 1749 1748 1673 1674 1750 1749 1674 1675 1751 1750
          1675 1676 1752 1751 1676 1677 1753 1752 1677 1678 1754 1753
          1678 1679 1755 1754 1679 1680 1756 1755 1680 1681 1757 1756
          1681 1682 1758 1757 1682 1683 1759 1758 1683 1684 1760 1759
          1684 1685 1761 1760 1685 1686 1762 1761 1686 1687 1763 1762
          1687 1688 1764 1763 1688 1689 1765 1764 1689 1690 1766 1765
          1690 1691 1767 1766 1691 1692 1768 1767 1692 1693 1769 1768
          1693 1694 1770 1769 1694 1695 1771 1770 1695 1696 1772 1771
          1696 1697 1773 1772 1697 1698 1774 1773 1698 1699 1775 1774
          1699 1700 1776 1775 1700 1701 1777 1776 1701 1702 1778 1777
          1702 1703 1779 1778 1703 1704 1780 1779 1704 1705 1781 1780
          1705 1706 1782 1781 1706 1707 1783 1782 1707 1708 1784 1783
          1708 1709 1785 1784 1709 1710 1786 1785 1710 1711 1787 1786
          1711 1712 1788 1787 1712 1713 1789 1788 1713 1714 1790 1789
          1714 1715 1791 1790 1715 1716 1792 1791 1716 1717 1793 1792
          1717 1718 1794 1793 1718 1719 1795 1794 1719 1720 1796 1795
          1720 1721 1797 1796 1721 1722 1798 1797 1722 1723 1799 1798
          1723 1724 1800 1799 1724 1725 1801 1800 1725 1726 1802 1801
          1726 1727 1803 1802 1727 1728 1804 1803 1728 1729 1805 1804
          1729 1730 1806 1805 1730 1731 1807 1806 1731 1732 1808 1807
          1732 1733 1809 1808 1733 1734 1810 1809 1734 1735 1811 1810
          1735 1736 1812 1811 1736 1737 1813 1812 1737 1738 1814 1813
          1738 1739 1815 1814 1739 1740 1816 1815 1740 1741 1817 1816
          1741 1742 1818 1817 1742 1743 1819 1818 1743 1744 1820 1819
          1744 1745 1821 1820 1745 1746 1822 1821 1746 1747 1823 1822
          1748 1749 1825 1824 1749 1750 1826 1825 1750 1751 1827 1826
          1751 1752 1828 1827 1752 1753 1829 1828 1753 1754 1830 1829
          1754 1755 1831 1830 1755 1756 1832 1831 1756 1757 1833 1832
          1757 1758 1834 1833 1758 1759 1835 1834 1759 1760 1836 1835
          1760 1761 1837 1836 1761 1762 1838 1837 1762 1763 1839 1838
          1763 1764 1840 1839 1764 1765 1841 1840 1765 1766 1842 1841
          1766 1767 1843 1842 1767 1768 1844 1843 1768 1769 1845 1844
          1769 1770 1846 1845 1770 1771 1847 1846 1771 1772 1848 1847
          1772 1773 1849 1848 1773 1774 1850 1849 1774 1775 1851 1850
          1775 1776 1852 1851 1776 1777 1853 1852 1777 1778 1854 1853
          1778 1779 1855 1854 1779 1780 1856 1855 1780 1781 1857 1856
          1781 1782 1858 1857 1782 1783 1859 1858 1783 1784 1860 1859
          1784 1785 1861 1860 1785 1786 1862 1861 1786 1787 1863 1862
          1787 1788 1864 1863 1788 1789 1865 1864 1789 1790 1866 1865
          1790 1791 1867 1866 1791 1792 1868 1867 1792 1793 1869 1868
          1793 1794 1870 1869 1794 1795 1871 1870 1795 1796 1872 1871
          1796 1797 1873 1872 1797 1798 1874 1873 1798 1799 1875 1874
          1799 1800 1876 1875 1800 1801 1877 1876 1801 1802 1878 1877
          1802 1803 1879 1878 1803 1804 1880 1879 1804 1805 1881 1880
          1805 1806 1882 1881 1806 1807 1883 1882 1807 1808 1884 1883
          1808 1809 1885 1884 1809 1810 1886 1885 1810 1811 1887 1886
          1811 1812 1888 1887 1812 1813 1889 1888 1813 1814 1890 1889
          1814 1815 1891 1890 1815 1816 1892 1891 1816 1817 1893 1892
          1817 1818 1894 1893 1818 1819 1895 1894 1819 1820 1896 1895
          1820 1821 1897 1896 1821 1822 1898 1897 1822 1823 1899 1898
          1824 1825 1901 1900 1825 1826 1902 1901 1826 1827 1903 1902
          1827 1828 1904 1903 1828 1829 1905 1904 1829 1830 1906 1905
          1830 1831 1907 1906 1831 1832 1908 1907 1832 1833 1909 1908
          1833 1834 1910 1909 1834 1835 1911 1910 1835 1836 1912 1911
          1836 1837 1913 1912 1837 1838 1914 1913 1838 1839 1915 1914
          1839 1840 1916 1915 1840 1841 1917 1916 1841 1842 1918 1917
          1842 1843 1919 1918 1843 1844 1920 1919 1844 1845 1921 1920
          1845 1846 1922 1921 1846 1847 1923 1922 1847 1848 1924 1923
          1848 1849 1925 1924 1849 1850 1926 1925 1850 1851 1927 1926
          1851 1852 1928 1927 1852 1853 1929 1928 1853 1854 1930 1929
          1854 1855 1931 1930 1855 1856 1932 1931 1856 1857 1933 1932
          1857 1858 1934 1933 1858 1859 1935 1934 1859 1860 1936 1935
          1860 1861 1937 1936 1861 1862 1938 1937 1862 1863 1939 1938
          1863 1864 1940 1939 1864 1865 1941 1940 1865 1866 1942 1941
          1866 1867 1943 1942 1867 1868 1944 1943 1868 1869 1945 1944
          1869 1870 1946 1945 1870 1871 1947 1946 1871 1872 1948 1947
          1872 1873 1949 1948 1873 1874 1950 1949 1874 1875 1951 1950
          1875 1876 1952 1951 1876 1877 1953 1952 1877 1878 1954 1953
          1878 1879 1955 1954 1879 1880 1956 1955 1880 1881 1957 1956
          1881 1882 1958 1957 1882 1883 1959 1958 1883 1884 1960 1959
          1884 1885 1961 1960 1885 1886 1962 1961 1886 1887 1963 1962
          1887 1888 1964 1963 1888 1889 1965 1964 1889 1890 1966 1965
          1890 1891 1967 1966 1891 1892 1968 1967 1892 1893 1969 1968
          1893 1894 1970 1969 1894 1895 1971 1970 1895 1896 1972 1971
          1896 1897 1973 1972 1897 1898 1974 1973 1898 1899 1975 1974
          1900 1901 1977 1976 1901 1902 1978 1977 1902 1903 1979 1978
          1903 1904 1980 1979 1904 1905 1981 1980 1905 1906 1982 1981
          1906 1907 1983 1982 1907 1908 1984 1983 1908 1909 1985 1984
          1909 1910 1986 1985 1910 1911 1987 1986 1911 1912 1988 1987
          1912 1913 1989 1988 1913 1914 1990 1989 1914 1915 1991 1990
          1915 1916 1992 1991 1916 1917 1993 1992 1917 1918 1994 1993
          1918 1919 1995 1994 1919 1920 1996 1995 1920 1921 1997 1996
          1921 1922 1998 1997 1922 1923 1999 1998 1923 1924 2000 1999
          1924 1925 2001 2000 1925 1926 2002 2001 1926 1927 2003 2002
          1927 1928 2004 2003 1928 1929 2005 2004 1929 1930 2006 2005
          1930 1931 2007 2006 1931 1932 2008 2007 1932 1933 2009 2008
          1933 1934 2010 2009 1934 1935 2011 2010 1935 1936 2012 2011
          1936 1937 2013 2012 1937 1938 2014 2013 1938 1939 2015 2014
          1939 1940 2016 2015 1940 1941 2017 2016 1941 1942 2018 2017
          1942 1943 2019 2018 1943 1944 2020 2019 1944 1945 2021 2020
          1945 1946 2022 2021 1946 1947 2023 2022 1947 1948 2024 2023
          1948 1949 2025 2024 1949 1950 2026 2025 1950 1951 2027 2026
          1951 1952 2028 2027 1952 1953 2029 2028 1953 1954 2030 2029
          1954 1955 2031 2030 1955 1956 2032 2031 1956 1957 2033 2032
          1957 1958 2034 2033 1958 1959 2035 2034 1959 1960 2036 2035
          1960 1961 2037 2036 1961 1962 2038 2037 1962 1963 2039 2038
          1963 1964 2040 2039 1964 1965 2041 2040 1965 1966 2042 2041
          1966 1967 2043 2042 1967 1968 2044 2043 1968 1969 2045 2044
          1969 1970 2046 2045 1970 1971 2047 2046 1971 1972 2048 2047
          1972 1973 2049 2048 1973 1974 2050 2049 1974 1975 2051 2050
          1976 1977 2053 2052 1977 1978 2054 2053 1978 1979 2055 2054
          1979 1980 2056 2055 1980 1981 2057 2056 1981 1982 2058 2057
          1982 1983 2059 2058 1983 1984 2060 2059 1984 1985 2061 2060
          1985 1986 2062 2061 1986 1987 2063 2062 1987 1988 2064 2063
          1988 1989 2065 2064 1989 1990 2066 2065 1990 1991 2067 2066
          1991 1992 2068 2067 1992 1993 2069 2068 1993 1994 2070 2069
          1994 1995 2071 2070 1995 1996 2072 2071 1996 1997 2073 2072
          1997 1998 2074 2073 1998 1999 2075 2074 1999 2000 2076 2075
          2000 2001 2077 2076 2001 2002 2078 2077 2002 2003 2079 2078
          2003 2004 2080 2079 2004 2005 2081 2080 2005 2006 2082 2081
          2006 2007 2083 2082 2007 2008 2084 2083 2008 2009 2085 2084
          2009 2010 2086 2085 2010 2011 2087 2086 2011 2012 2088 2087
          2012 2013 2089 2088 2013 2014 2090 2089 2014 2015 2091 2090
          2015 2016 2092 2091 2016 2017 2093 2092 2017 2018 2094 2093
          2018 2019 2095 2094 2019 2020 2096 2095 2020 2021 2097 2096
          2021 2022 2098 2097 2022 2023 2099 2098 2023 2024 2100 2099
          2024 2025 2101 2100 2025 2026 2102 2101 2026 2027 2103 2102
          2027 2028 2104 2103 2028 2029 2105 2104 2029 2030 2106 2105
          2030 2031 2107 2106 2031 2032 2108 2107 2032 2033 2109 2108
          2033 2034 2110 2109 2034 2035 2111 2110 2035 2036 2112 2111
          2036 2037 2113 2112 2037 2038 2114 2113 2038 2039 2115 2114
          2039 2040 2116 2115 2040 2041 2117 2116 2041 2042 2118 2117
          2042 2043 2119 2118 2043 2044 2120 2119 2044 2045 2121 2120
          2045 2046 2122 2121 2046 2047 2123 2122 2047 2048 2124 2123
          2048 2049 2125 2124 2049 2050 2126 2125 2050 2051 2127 2126
          2052 2053 2129 2128 2053 2054 2130 2129 2054 2055 2131 2130
          2055 2056 2132 2131 2056 2057 2133 2132 2057 2058 2134 2133
          2058 2059 2135 2134 2059 2060 2136 2135 2060 2061 2137 2136
          2061 2062 2138 2137 2062 2063 2139 2138 2063 2064 2140 2139
          2064 2065 2141 2140 2065 2066 2142 2141 2066 2067 2143 2142
          2067 2068 2144 2143 2068 2069 2145 2144 2069 2070 2146 2145
          2070 2071 2147 2146 2071 2072 2148 2147 2072 2073 2149 2148
          2073 2074 2150 2149 2074 2075 2151 2150 2075 2076 2152 2151
          2076 2077 2153 2152 2077 2078 2154 2153 2078 2079 2155 2154
          2079 2080 2156 2155 2080 2081 2157 2156 2081 2082 2158 2157
          2082 2083 2159 2158 2083 2084 2160 2159 2084 2085 2161 2160
          2085 2086 2162 2161 2086 2087 2163 2162 2087 2088 2164 2163
          2088 2089 2165 2164 2089 2090 2166 2165 2090 2091 2167 2166
          2091 2092 2168 2167 2092 2093 2169 2168 2093 2094 2170 2169
          2094 2095 2171 2170 2095 2096 2172 2171 2096 2097 2173 2172
          2097 2098 2174 2173 2098 2099 2175 2174 2099 2100 2176 2175
          2100 2101 2177 2176 2101 2102 2178 2177 2102 2103 2179 2178
          2103 2104 2180 2179 2104 2105 2181 2180 2105 2106 2182 2181
          2106 2107 2183 2182 2107 2108 2184 2183 2108 2109 2185 2184
          2109 2110 2186 2185 2110 2111 2187 2186 2111 2112 2188 2187
          2112 2113 2189 2188 2113 2114 2190 2189 2114 2115 2191 2190
          2115 2116 2192 2191 2116 2117 2193 2192 2117 2118 2194 2193
          2118 2119 2195 2194 2119 2120 2196 2195 2120 2121 2197 2196
          2121 2122 2198 2197 2122 2123 2199 2198 2123 2124 2200 2199
          2124 2125 2201 2200 2125 2126 2202 2201 2126 2127 2203 2202
          2128 2129 2205 2204 2129 2130 2206 2205 2130 2131 2207 2206
          2131 2132 2208 2207 2132 2133 2209 2208 2133 2134 2210 2209
          2134 2135 2211 2210 2135 2136 2212 2211 2136 2137 2213 2212
          2137 2138 2214 2213 2138 2139 2215 2214 2139 2140 2216 2215
          2140 2141 2217 2216 2141 2142 2218 2217 2142 2143 2219 2218
          2143 2144 2220 2219 2144 2145 2221 2220 2145 2146 2222 2221
          2146 2147 2223 2222 2147 2148 2224 2223 2148 2149 2225 2224
          2149 2150 2226 2225 2150 2151 2227 2226 2151 2152 2228 2227
          2152 2153 2229 2228 2153 2154 2230 2229 2154 2155 2231 2230
          2155 2156 2232 2231 2156 2157 2233 2232 2157 2158 2234 2233
          2158 2159 2235 2234 2159 2160 2236 2235 2160 2161 2237 2236
          2161 2162 2238 2237 2162 2163 2239 2238 2163 2164 2240 2239
          2164 2165 2241 2240 2165 2166 2242 2241 2166 2167 2243 2242
          2167 2168 2244 2243 2168 2169 2245 2244 2169 2170 2246 2245
          2170 2171 2247 2246 2171 2172 2248 2247 2172 2173 2249 2248
          2173 2174 2250 2249 2174 2175 2251 2250 2175 2176 2252 2251
          2176 2177 2253 2252 2177 2178 2254 2253 2178 2179 2255 2254
          2179 2180 2256 2255 2180 2181 2257 2256 2181 2182 2258 2257
          2182 2183 2259 2258 2183 2184 2260 2259 2184 2185 2261 2260
          2185 2186 2262 2261 2186 2187 2263 2262 2187 2188 2264 2263
          2188 2189 2265 2264 2189 2190 2266 2265 2190 2191 2267 2266
          2191 2192 2268 2267 2192 2193 2269 2268 2193 2194 2270 2269
          2194 2195 2271 2270 2195 2196 2272 2271 2196 2197 2273 2272
          2197 2198 2274 2273 2198 2199 2275 2274 2199 2200 2276 2275
          2200 2201 2277 2276 2201 2202 2278 2277 2202 2203 2279 2278
          2204 2205 2281 2280 2205 2206 2282 2281 2206 2207 2283 2282
          2207 2208 2284 2283 2208 2209 2285 2284 2209 2210 2286 2285
          2210 2211 2287 2286 2211 2212 2288 2287 2212 2213 2289 2288
          2213 2214 2290 2289 2214 2215 2291 2290 2215 2216 2292 2291
          2216 2217 2293 2292 2217 2218 2294 2293 2218 2219 2295 2294
          2219 2220 2296 2295 2220 2221 2297 2296 2221 2222 2298 2297
          2222 2223 2299 2298 2223 2224 2300 2299 2224 2225 2301 2300
          2225 2226 2302 2301 2226 2227 2303 2302 2227 2228 2304 2303
          2228 2229 2305 2304 2229 2230 2306 2305 2230 2231 2307 2306
          2231 2232 2308 2307 2232 2233 2309 2308 2233 2234 2310 2309
          2234 2235 2311 2310 2235 2236 2312 2311 2236 2237 2313 2312
          2237 2238 2314 2313 2238 2239 2315 2314 2239 2240 2316 2315
          2240 2241 2317 2316 2241 2242 2318 2317 2242 2243 2319 2318
          2243 2244 2320 2319 2244 2245 2321 2320 2245 2246 2322 2321
          2246 2247 2323 2322 2247 2248 2324 2323 2248 2249 2325 2324
          2249 2250 2326 2325 2250 2251 2327 2326 2251 2252 2328 2327
          2252 2253 2329 2328 2253 2254 2330 2329 2254 2255 2331 2330
          2255 2256 2332 2331 2256 2257 2333 2332 2257 2258 2334 2333
          2258 2259 2335 2334 2259 2260 2336 2335 2260 2261 2337 2336
          2261 2262 2338 2337 2262 2263 2339 2338 2263 2264 2340 2339
          2264 2265 2341 2340 2265 2266 2342 2341 2266 2267 2343 2342
          2267 2268 2344 2343 2268 2269 2345 2344 2269 2270 2346 2345
          2270 2271 2347 2346 2271 2272 2348 2347 2272 2273 2349 2348
          2273 2274 2350 2349 2274 2275 2351 2350 2275 2276 2352 2351
          2276 2277 2353 2352 2277 2278 2354 2353 2278 2279 2355 2354
        </DataArray>
        <DataArray type="Int32" Name="offsets" NumberOfComponents="1" format="ascii">
          4 8 12 16 20 24 28 32 36 40 44 48
          52 56 60 64 68 72 76 80 84 88 92 96
          100 104 108 112 116 120 124 128 132 136 140 144
          148 152 156 160 164 168 172 176 180 184 188 192
          196 200 204 208 212 216 220 224 228 232 236 240
          244 248 252 256 260 264 268 272 276 280 284 288
          292 296 300 304 308 312 316 320 324 328 332 336
          340 344 348 352 356 360 364 368 372 376 380 384
          388 392 396 400 404 408 412 416 420 424 428 432
          436 440 444 448 452 456 460 464 468 472 476 480
          484 488 492 496 500 504 508 512 516 520 524 528
          532 536 540 544 548 552 556 560 564 568 572 576
          580 584 588 592 596 600 604 608 612 616 620 624
          628 632 636 640 644 648 652 656 660 664 668 672
          676 680 684 688 692 696 700 704 708 712 716 720
          724 728 732 736 740 744 748 752 756 760 764 768
          772 776 780 784 788 792 796 800 804 808 812 816
          820 824 828 832 836 840 844 848 852 856 860 864
          868 872 876 880 884 888 892 896 900 904 908 912
          916 920 924 928 932 936 940 944 948 952 956 960
          964 968 972 976 980 984 988 992 996 1000 1004 1008
          1012 1016 1020 1024 1028 1032 1036 1040 1044 1048 1052 1056
          1060 1064 1068 1072 1076 1080 1084 1088 1092 1096 1100 1104
          1108 1112 1116 1120 1124 1128 1132 1136 1140 1144 1148 1152
          1156 1160 1164 1168 1172 1176 1180 1184 1188 1192 1196 1200
          1204 1208 1212 1216 1220 1224 1228 1232 1236 1240 1244 1248
          1252 1256 1260 1264 1268 1272 1276 1280 1284 1288 1292 1296
          1300 1304 1308 1312 1316 1320 1324 1328 1332 1336 1340 1344
          1348 1352 1356 1360 1364 1368 1372 1376 1380 1384 1388 1392
          1396 1400 1404 1408 1412 1416 1420 1424 1428 1432 1436 1440
          1444 1448 1452 1456 1460 1464 1468 1472 1476 1480 1484 1488
          1492 1496 1500 1504 1508 1512 1516 1520 1524 1528 1532 1536
          1540 1544 1548 1552 1556 1560 1564 1568 1572 1576 1580 1584
          1588 1592 1596 1600 1604 1608 1612 1616 1620 1624 1628 1632
          1636 1640 1644 1648 1652 1656 1660 1664 1668 1672 1676 1680
          1684 1688 1692 1696 1700 1704 1708 1712 1716 1720 1724 1728
          1732 1736 1740 1744 1748 1752 1756 1760 1764 1768 1772 1776
          1780 1784 1788 1792 1796 1800 1804 1808 1812 1816 1820 1824
          1828 1832 1836 1840 1844 1848 1852 1856 1860 1864 1868 1872
          1876 1880 1884 1888 1892 1896 1900 1904 1908 1912 1916 1920
          1924 1928 1932 1936 1940 1944 1948 1952 1956 1960 1964 1968
          1972 1976 1980 1984 1988 1992 1996 2000 2004 2008 2012 2016
          2020 2024 2028 2032 2036 2040 2044 2048 2052 2056 2060 2064
          2068 2072 2076 2080 2084 2088 2092 2096 2100 2104 2108 2112
          2116 2120 2124 2128 2132 2136 2140 2144 2148 2152 2156 2160
          2164 2168 2172 2176 2180 2184 2188 2192 2196 2200 2204 2208
          2212 2216 2220 2224 2228 2232 2236 2240 2244 2248 2252 2256
          2260 2264 2268 2272 2276 2280 2284 2288 2292 2296 2300 2304
          2308 2312 2316 2320 2324 2328 2332 2336 2340 2344 2348 2352
          2356 2360 2364 2368 2372 2376 2380 2384 2388 2392 2396 2400
          2404 2408 2412 2416 2420 2424 2428 2432 2436 2440 2444 2448
          2452 2456 2460 2464 2468 2472 2476 2480 2484 2488 2492 2496
          2500 2504 2508 2512 2516 2520 2524 2528 2532 2536 2540 2544
          2548 2552 2556 2560 2564 2568 2572 2576 2580 2584 2588 2592
          2596 2600 2604 2608 2612 2616 2620 2624 2628 2632 2636 2640
          2644 2648 2652 2656 2660 2664 2668 2672 2676 2680 2684 2688
          2692 2696 2700 2704 2708 2712 2716 2720 2724 2728 2732 2736
          2740 2744 2748 2752 2756 2760 2764 2768 2772 2776 2780 2784
          2788 2792 2796 2800 2804 2808 2812 2816 2820 2824 2828 2832
          2836 2840 2844 2848 2852 2856 2860 2864 2868 2872 2876 2880
          2884 2888 2892 2896 2900 2904 2908 2912 2916 2920 2924 2928
          2932 2936 2940 2944 2948 2952 2956 2960 2964 2968 2972 2976
          2980 2984 2988 2992 2996 3000 3004 3008 3012 3016 3020 3024
          3028 3032 3036 3040 3044 3048 3052 3056 3060 3064 3068 3072
          3076 3080 3084 3088 3092 3096 3100 3104 3108 3112 3116 3120
          3124 3128 3132 3136 3140 3144 3148 3152 3156 3160 3164 3168
          3172 3176 3180 3184 3188 3192 3196 3200 3204 3208 3212 3216
          3220 3224 3228 3232 3236 3240 3244 3248 3252 3256 3260 3264
          3268 3272 3276 3280 3284 3288 3292 3296 3300 3304 3308 3312
          3316 3320 3324 3328 3332 3336 3340 3344 3348 3352 3356 3360
          3364 3368 3372 3376 3380 3384 3388 3392 3396 3400 3404 3408
          3412 3416 3420 3424 3428 3432 3436 3440 3444 3448 3452 3456
          3460 3464 3468 3472 3476 3480 3484 3488 3492 3496 3500 3504
          3508 3512 3516 3520 3524 3528 3532 3536 3540 3544 3548 3552
          3556 3560 3564 3568 3572 3576 3580 3584 3588 3592 3596 3600
          3604 3608 3612 3616 3620 3624 3628 3632 3636 3640 3644 3648
          3652 3656 3660 3664 3668 3672 3676 3680 3684 3688 3692 3696
          3700 3704 3708 3712 3716 3720 3724 3728 3732 3736 3740 3744
          3748 3752 3756 3760 3764 3768 3772 3776 3780 3784 3788 3792
          3796 3800 3804 3808 3812 3816 3820 3824 3828 3832 3836 3840
          3844 3848 3852 3856 3860 3864 3868 3872 3876 3880 3884 3888
          3892 3896 3900 3904 3908 3912 3916 3920 3924 3928 3932 3936
          3940 3944 3948 3952 3956 3960 3964 3968 3972 3976 3980 3984
          3988 3992 3996 4000 4004 4008 4012 4016 4020 4024 4028 4032
          4036 4040 4044 4048 4052 4056 4060 4064 4068 4072 4076 4080
          4084 4088 4092 4096 4100 4104 4108 4112 4116 4120 4124 4128
          4132 4136 4140 4144 4148 4152 4156 4160 4164 4168 4172 4176
          4180 4184 4188 4192 4196 4200 4204 4208 4212 4216 4220 4224
          4228 4232 4236 4240 4244 4248 4252 4256 4260 4264 4268 4272
          4276 4280 4284 4288 4292 4296 4300 4304 4308 4312 4316 4320
          4324 4328 4332 4336 4340 4344 4348 4352 4356 4360 4364 4368
          4372 4376 4380 4384 4388 4392 4396 4400 4404 4408 4412 4416
          4420 4424 4428 4432 4436 4440 4444 4448 4452 4456 4460 4464
          4468 4472 4476 4480 4484 4488 4492 4496 4500 4504 4508 4512
          4516 4520 4524 4528 4532 4536 4540 4544 4548 4552 4556 4560
          4564 4568 4572 4576 4580 4584 4588 4592 4596 4600 4604 4608
          4612 4616 4620 4624 4628 4632 4636 4640 4644 4648 4652 4656
          4660 4664 4668 4672 4676 4680 4684 4688 4692 4696 4700 4704
          4708 4712 4716 4720 4724 4728 4732 4736 4740 4744 4748 4752
          4756 4760 4764 4768 4772 4776 4780 4784 4788 4792 4796 4800
          4804 4808 4812 4816 4820 4824 4828 4832 4836 4840 4844 4848
          4852 4856 4860 4864 4868 4872 4876 4880 4884 4888 4892 4896
          4900 4904 4908 4912 4916 4920 4924 4928 4932 4936 4940 4944
          4948 4952 4956 4960 4964 4968 4972 4976 4980 4984 4988 4992
          4996 5000 5004 5008 5012 5016 5020 5024 5028 5032 5036 5040
          5044 5048 5052 5056 5060 5064 5068 5072 5076 5080 5084 5088
          5092 5096 5100 5104 5108 5112 5116 5120 5124 5128 5132 5136
          5140 5144 5148 5152 5156 5160 5164 5168 5172 5176 5180 5184
          5188 5192 5196 5200 5204 5208 5212 5216 5220 5224 5228 5232
          5236 5240 5244 5248 5252 5256 5260 5264 5268 5272 5276 5280
          5284 5288 5292 5296 5300 5304 5308 5312 5316 5320 5324 5328
          5332 5336 5340 5344 5348 5352 5356 5360 5364 5368 5372 5376
          5380 5384 5388 5392 5396 5400 5404 5408 5412 5416 5420 5424
          5428 5432 5436 5440 5444 5448 5452 5456 5460 5464 5468 5472
          5476 5480 5484 5488 5492 5496 5500 5504 5508 5512 5516 5520
          5524 5528 5532 5536 5540 5544 5548 5552 5556 5560 5564 5568
          5572 5576 5580 5584 5588 5592 5596 5600 5604 5608 5612 5616
          5620 5624 5628 5632 5636 5640 5644 5648 5652 5656 5660 5664
          5668 5672 5676 5680 5684 5688 5692 5696 5700 5704 5708 5712
          5716 5720 5724 5728 5732 5736 5740 5744 5748 5752 5756 5760
          5764 5768 5772 5776 5780 5784 5788 5792 5796 5800 5804 5808
          5812 5816 5820 5824 5828 5832 5836 5840 5844 5848 5852 5856
          5860 5864 5868 5872 5876 5880 5884 5888 5892 5896 5900 5904
          5908 5912 5916 5920 5924 5928 5932 5936 5940 5944 5948 5952
          5956 5960 5964 5968 5972 5976 5980 5984 5988 5992 5996 6000
          6004 6008 6012 6016 6020 6024 6028 6032 6036 6040 6044 6048
          6052 6056 6060 6064 6068 6072 6076 6080 6084 6088 6092 6096
          6100 6104 6108 6112 6116 6120 6124 6128 6132 6136 6140 6144
          6148 6152 6156 6160 6164 6168 6172 6176 6180 6184 6188 6192
          6196 6200 6204 6208 6212 6216 6220 6224 6228 6232 6236 6240
          6244 6248 6252 6256 6260 6264 6268 6272 6276 6280 6284 6288
          6292 6296 6300 6304 6308 6312 6316 6320 6324 6328 6332 6336
          6340 6344 6348 6352 6356 6360 6364 6368 6372 6376 6380 6384
          6388 6392 6396 6400 6404 6408 6412 6416 6420 6424 6428 6432
          6436 6440 6444 6448 6452 6456 6460 6464 6468 6472 6476 6480
          6484 6488 6492 6496 6500 6504 6508 6512 6516 6520 6524 6528
          6532 6536 6540 6544 6548 6552 6556 6560 6564 6568 6572 6576
          6580 6584 6588 6592 6596 6600 6604 6608 6612 6616 6620 6624
          6628 6632 6636 6640 6644 6648 6652 6656 6660 6664 6668 6672
          6676 6680 6684 6688 6692 6696 6700 6704 6708 6712 6716 6720
          6724 6728 6732 6736 6740 6744 6748 6752 6756 6760 6764 6768
          6772 6776 6780 6784 6788 6792 6796 6800 6804 6808 6812 6816
          6820 6824 6828 6832 6836 6840 6844 6848 6852 6856 6860 6864
          6868 6872 6876 6880 6884 6888 6892 6896 6900 6904 6908 6912
          6916 6920 6924 6928 6932 6936 6940 6944 6948 6952 6956 6960
          6964 6968 6972 6976 6980 6984 6988 6992 6996 7000 7004 7008
          7012 7016 7020 7024 7028 7032 7036 7040 7044 7048 7052 7056
          7060 7064 7068 7072 7076 7080 7084 7088 7092 7096 7100 7104
          7108 7112 7116 7120 7124 7128 7132 7136 7140 7144 7148 7152
          7156 7160 7164 7168 7172 7176 7180 7184 7188 7192 7196 7200
          7204 7208 7212 7216 7220 7224 7228 7232 7236 7240 7244 7248
          7252 7256 7260 7264 7268 7272 7276 7280 7284 7288 7292 7296
          7300 7304 7308 7312 7316 7320 7324 7328 7332 7336 7340 7344
          7348 7352 7356 7360 7364 7368 7372 7376 7380 7384 7388 7392
          7396 7400 7404 7408 7412 7416 7420 7424 7428 7432 7436 7440
          7444 7448 7452 7456 7460 7464 7468 7472 7476 7480 7484 7488
          7492 7496 7500 7504 7508 7512 7516 7520 7524 7528 7532 7536
          7540 7544 7548 7552 7556 7560 7564 7568 7572 7576 7580 7584
          7588 7592 7596 7600 7604 7608 7612 7616 7620 7624 7628 7632
          7636 7640 7644 7648 7652 7656 7660 7664 7668 7672 7676 7680
          7684 7688 7692 7696 7700 7704 7708 7712 7716 7720 7724 7728
          7732 7736 7740 7744 7748 7752 7756 7760 7764 7768 7772 7776
          7780 7784 7788 7792 7796 7800 7804 7808 7812 7816 7820 7824
          7828 7832 7836 7840 7844 7848 7852 7856 7860 7864 7868 7872
          7876 7880 7884 7888 7892 7896 7900 7904 7908 7912 7916 7920
          7924 7928 7932 7936 7940 7944 7948 7952 7956 7960 7964 7968
          7972 7976 7980 7984 7988 7992 7996 8000 8004 8008 8012 8016
          8020 8024 8028 8032 8036 8040 8044 8048 8052 8056 8060 8064
          8068 8072 8076 8080 8084 8088 8092 8096 8100 8104 8108 8112
          8116 8120 8124 8128 8132 8136 8140 8144 8148 8152 8156 8160
          8164 8168 8172 8176 8180 8184 8188 8192 8196 8200 8204 8208
          8212 8216 8220 8224 8228 8232 8236 8240 8244 8248 8252 8256
          8260 8264 8268 8272 8276 8280 8284 8288 8292 8296 8300 8304
          8308 8312 8316 8320 8324 8328 8332 8336 8340 8344 8348 8352
          8356 8360 8364 8368 8372 8376 8380 8384 8388 8392 8396 8400
          8404 8408 8412 8416 8420 8424 8428 8432 8436 8440 8444 8448
          8452 8456 8460 8464 8468 8472 8476 8480 8484 8488 8492 8496
          8500 8504 8508 8512 8516 8520 8524 8528 8532 8536 8540 8544
          8548 8552 8556 8560 8564 8568 8572 8576 8580 8584 8588 8592
          8596 8600 8604 8608 8612 8616 8620 8624 8628 8632 8636 8640
          8644 8648 8652 8656 8660 8664 8668 8672 8676 8680 8684 8688
          8692 8696 8700 8704 8708 8712 8716 8720 8724 8728 8732 8736
          8740 8744 8748 8752 8756 8760 8764 8768 8772 8776 8780 8784
          8788 8792 8796 8800 8804 8808 8812 8816 8820 8824 8828 8832
          8836 8840 8844 8848 8852 8856 8860 8864 8868 8872 8876 8880
          8884 8888 8892 8896 8900 8904 8908 8912 8916 8920 8924 8928
          8932 8936 8940 8944 8948 8952 8956 8960 8964 8968 8972 8976
          8980 8984 8988 8992 8996 9000
        </DataArray>
        <DataArray type="UInt8" Name="types" NumberOfComponents="1" format="ascii">
          9 9 9 9 9 9 9 9 9 9 9 9
          9 9 9 9 9 9 9 9 9 9 9 9
          9 9 9 9 9 9 9 9 9 9 9 9
          9 9 9 9 9 9 9 9 9 9 9 9
          9 9 9 9 9 9 9 9 9 9 9 9
          9 9 9 9 9 9 9 9 9 9 9 9
          9 9 9 9 9 9 9 9 9 9 9 9
          9 9 9 9 9 9 9 9 9 9 9 9
          9 9 9 9 9 9 9 9 9 9 9 9
          9 9 9 9 9 9 9 9 9 9 9 9
          9 9 9 9 9 9 9 9 9 9 9 9
          9 9 9 9 9 9 9 9 9 9 9 9
          9 9 9 9 9 9 9 9 9 9 9 9
          9 9 9 9 9 9 9 9 9 9 9 9
          9 9 9 9 9 9 9 9 9 9 9 9
          9 9 9 9 9 9 9 9 9 9 9 9
          9 9 9 9 9 9 9 9 9 9 9 9
          9 9 9 9 9 9 9 9 9 9 9 9
          9 9 9 9 9 9 9 9 9 9 9 9
          9 9 9 9 9 9 9 9 9 9 9 9
          9 9 9 9 9 9 9 9 9 9 9 9
          9 9 9 9 9 9 9 9 9 9 9 9
          9 9 9 9 9 9 9 9 9 9 9 9
          9 9 9 9 9 9 9 9 9 9 9 9
          9 9 9 9 9 9 9 9 9 9 9 9
          9 9 9 9 9 9 9 9 9 9 9 9
          9 9 9 9 9 9 9 9 9 9 9 9
          9 9 9 9 9 9 9 9 9 9 9 9
          9 9 9 9 9 9 9 9 9 9 9 9
          9 9 9 9 9 9 9 9 9 9 9 9
          9 9 9 9 9 9 9 9 9 9 9 9
          9 9 9 9 9 9 9 9 9 9 9 9
          9 9 9 9 9 9 9 9 9 9 9 9
          9 9 9 9 9 9 9 9 9 9 9 9
          9 9 9 9 9 9 9 9 9 9 9 9
          9 9 9 9 9 9 9 9 9 9 9 9
          9 9 9 9 9 9 9 9 9 9 9 9
          9 9 9 9 9 9 9 9 9 9 9 9
          9 9 9 9 9 9 9 9 9 9 9 9
          9 9 9 9 9 9 9 9 9 9 9 9
          9 9 9 9 9 9 9 9 9 9 9 9
          9 9 9 9 9 9 9 9 9 9 9 9
          9 9 9 9 9 9 9 9 9 9 9 9
          9 9 9 9 9 9 9 9 9 9 9 9
          9 9 9 9 9 9 9 9 9 9 9 9
          9 9 9 9 9 9 9 9 9 9 9 9
          9 9 9 9 9 9 9 9 9 9 9 9
          9 9 9 9 9 9 9 9 9 9 9 9
          9 9 9 9 9 9 9 9 9 9 9 9
          9 9 9 9 9 9 9 9 9 9 9 9
          9 9 9 9 9 9 9 9 9 9 9 9
          9 9 9 9 9 9 9 9 9 9 9 9
          9 9 9 9 9 9 9 9 9 9 9 9
          9 9 9 9 9 9 9 9 9 9 9 9
          9 9 9 9 9 9 9 9 9 9 9 9
          9 9 9 9 9 9 9 9 9 9 9 9
          9 9 9 9 9 9 9 9 9 9 9 9
          9 9 9 9 9 9 9 9 9 9 9 9
          9 9 9 9 9 9 9 9 9 9 9 9
          9 9 9 9 9 9 9 9 9 9 9 9
          9 9 9 9 9 9 9 9 9 9 9 9
          9 9 9 9 9 9 9 9 9 9 9 9
          9 9 9 9 9 9 9 9 9 9 9 9
          9 9 9 9 9 9 9 9 9 9 9 9
          9 9 9 9 9 9 9 9 9 9 9 9
          9 9 9 9 9 9 9 9 9 9 9 9
          9 9 9 9 9 9 9 9 9 9 9 9
          9 9 9 9 9 9 9 9 9 9 9 9
          9 9 9 9 9 9 9 9 9 9 9 9
          9 9 9 9 9 9 9 9 9 9 9 9
          9 9 9 9 9 9 9 9 9 9 9 9
          9 9 9 9 9 9 9 9 9 9 9 9
          9 9 9 9 9 9 9 9 9 9 9 9
          9 9 9 9 9 9 9 9 9 9 9 9
          9 9 9 9 9 9 9 9 9 9 9 9
          9 9 9 9 9 9 9 9 9 9 9 9
          9 9 9 9 9 9 9 9 9 9 9 9
          9 9 9 9 9 9 9 9 9 9 9 9
          9 9 9 9 9 9 9 9 9 9 9 9
          9 9 9 9 9 9 9 9 9 9 9 9
          9 9 9 9 9 9 9 9 9 9 9 9
          9 9 9 9 9 9 9 9 9 9 9 9
          9 9 9 9 9 9 9 9 9 9 9 9
          9 9 9 9 9 9 9 9 9 9 9 9
          9 9 9 9 9 9 9 9 9 9 9 9
          9 9 9 9 9 9 9 9 9 9 9 9
          9 9 9 9 9 9 9 9 9 9 9 9
          9 9 9 9 9 9 9 9 9 9 9 9
          9 9 9 9 9 9 9 9 9 9 9 9
          9 9 9 9 9 9 9 9 9 9 9 9
          9 9 9 9 9 9 9 9 9 9 9 9
          9 9 9 9 9 9 9 9 9 9 9 9
          9 9 9 9 9 9 9 9 9 9 9 9
          9 9 9 9 9 9 9 9 9 9 9 9
          9 9 9 9 9 9 9 9 9 9 9 9
          9 9 9 9 9 9 9 9 9 9 9 9
          9 9 9 9 9 9 9 9 9 9 9 9
          9 9 9 9 9 9 9 9 9 9 9 9
          9 9 9 9 9 9 9 9 9 9 9 9
          9 9 9 9 9 9 9 9 9 9 9 9
          9 9 9 9 9 9 9 9 9 9 9 9
          9 9 9 9 9 9 9 9 9 9 9 9
          9 9 9 9 9 9 9 9 9 9 9 9
          9 9 9 9 9 9 9 9 9 9 9 9
          9 9 9 9 9 9 9 9 9 9 9 9
          9 9 9 9 9 9 9 9 9 9 9 9
          9 9 9 9 9 9 9 9 9 9 9 9
          9 9 9 9 9 9 9 9 9 9 9 9
          9 9 9 9 9 9 9 9 9 9 9 9
          9 9 9 9 9 9 9 9 9 9 9 9
          9 9 9 9 9 9 9 9 9 9 9 9
          9 9 9 9 9 9 9 9 9 9 9 9
          9 9 9 9 9 9 9 9 9 9 9 9
          9 9 9 9 9 9 9 9 9 9 9 9
          9 9 9 9 9 9 9 9 9 9 9 9
          9 9 9 9 9 9 9 9 9 9 9 9
          9 9 9 9 9 9 9 9 9 9 9 9
          9 9 9 9 9 9 9 9 9 9 9 9
          9 9 9 9 9 9 9 9 9 9 9 9
          9 9 9 9 9 9 9 9 9 9 9 9
          9 9 9 9 9 9 9 9 9 9 9 9
          9 9 9 9 9 9 9 9 9 9 9 9
          9 9 9 9 9 9 9 9 9 9 9 9
          9 9 9 9 9 9 9 9 9 9 9 9
          9 9 9 9 9 9 9 9 9 9 9 9
          9 9 9 9 9 9 9 9 9 9 9 9
          9 9 9 9 9 9 9 9 9 9 9 9
          9 9 9 9 9 9 9 9 9 9 9 9
          9 9 9 9 9 9 9 9 9 9 9 9
          9 9 9 9 9 9 9 9 9 9 9 9
          9 9 9 9 9 9 9 9 9 9 9 9
          9 9 9 9 9 9 9 9 9 9 9 9
          9 9 9 9 9 9 9 9 9 9 9 9
          9 9 9 9 9 9 9 9 9 9 9 9
          9 9 9 9 9 9 9 9 9 9 9 9
          9 9 9 9 9 9 9 9 9 9 9 9
          9 9 9 9 9 9 9 9 9 9 9 9
          9 9 9 9 9 9 9 9 9 9 9 9
          9 9 9 9 9 9 9 9 9 9 9 9
          9 9 9 9 9 9 9 9 9 9 9 9
          9 9 9 9 9 9 9 9 9 9 9 9
          9 9 9 9 9 9 9 9 9 9 9 9
          9 9 9 9 9 9 9 9 9 9 9 9
          9 9 9 9 9 9 9 9 9 9 9 9
          9 9 9 9 9 9 9 9 9 9 9 9
          9 9 9 9 9 9 9 9 9 9 9 9
          9 9 9 9 9 9 9 9 9 9 9 9
          9 9 9 9 9 9 9 9 9 9 9 9
          9 9 9 9 9 9 9 9 9 9 9 9
          9 9 9 9 9 9 9 9 9 9 9 9
          9 9 9 9 9 9 9 9 9 9 9 9
          9 9 9 9 9 9 9 9 9 9 9 9
          9 9 9 9 9 9 9 9 9 9 9 9
          9 9 9 9 9 9 9 9 9 9 9 9
          9 9 9 9 9 9 9 9 9 9 9 9
          9 9 9 9 9 9 9 9 9 9 9 9
          9 9 9 9 9 9 9 9 9 9 9 9
          9 9 9 9 9 9 9 9 9 9 9 9
          9 9 9 9 9 9 9 9 9 9 9 9
          9 9 9 9 9 9 9 9 9 9 9 9
          9 9 9 9 9 9 9 9 9 9 9 9
          9 9 9 9 9 9 9 9 9 9 9 9
          9 9 9 9 9 9 9 9 9 9 9 9
          9 9 9 9 9 9 9 9 9 9 9 9
          9 9 9 9 9 9 9 9 9 9 9 9
          9 9 9 9 9 9 9 9 9 9 9 9
          9 9 9 9 9 9 9 9 9 9 9 9
          9 9 9 9 9 9 9 9 9 9 9 9
          9 9 9 9 9 9 9 9 9 9 9 9
          9 9 9 9 9 9 9 9 9 9 9 9
          9 9 9 9 9 9 9 9 9 9 9 9
          9 9 9 9 9 9 9 9 9 9 9 9
          9 9 9 9 9 9 9 9 9 9 9 9
          9 9 9 9 9 9 9 9 9 9 9 9
          9 9 9 9 9 9 9 9 9 9 9 9
          9 9 9 9 9 9 9 9 9 9 9 9
          9 9 9 9 9 9 9 9 9 9 9 9
          9 9 9 9 9 9 9 9 9 9 9 9
          9 9 9 9 9 9 9 9 9 9 9 9
          9 9 9 9 9 9 9 9 9 9 9 9
          9 9 9 9 9 9 9 9 9 9 9 9
          9 9 9 9 9 9 9 9 9 9 9 9
          9 9 9 9 9 9 9 9 9 9 9 9
          9 9 9 9 9 9 9 9 9 9 9 9
          9 9 9 9 9 9 9 9 9 9 9 9
          9 9 9 9 9 9 9 9 9 9 9 9
          9 9 9 9 9 9 9 9 9 9 9 9
          9 9 9 9 9 9
        </DataArray>
      </Cells>
    </Piece>
  </UnstructuredGrid>
</VTKFile>
