<?xml version="1.0"?>
<VTKFile type="UnstructuredGrid" version="0.1" byte_order="LittleEndian">
  <UnstructuredGrid>
    <Piece NumberOfCells="2250" NumberOfPoints="2356">
      <PointData Scalars="S_liq" Vectors="velocity_liq (m/s)">
        <DataArray type="Float32" Name="S_liq" NumberOfComponents="1" format="ascii">
          1 1 1 1 1 1 1 1 1 1 1 1
          1 1 1 1 1 1 1 1 1 1 1 1
          1 1 1 1 1 1 1 1 1 1 1 1
          1 1 1 1 1 1 1 1 1 1 1 1
          1 1 1 1 1 1 1 1 1 1 1 1
          1 1 1 1 1 1 1 1 1 1 1 1
          1 1 1 1 1 1 1 1 1 1 1 1
          1 1 1 1 1 1 1 1 1 1 1 1
          1 1 1 1 1 1 1 1 1 1 1 1
          1 1 1 1 1 1 1 1 1 1 1 1
          1 1 1 1 1 1 1 1 1 1 1 1
          1 1 1 1 1 1 1 1 1 1 1 1
          1 1 1 1 1 1 1 1 1 1 1 1
          1 1 1 1 1 1 1 1 1 1 1 1
          1 1 1 1 1 1 1 1 1 1 1 1
          1 1 1 1 1 1 1 1 1 1 1 1
          1 1 1 1 1 1 1 1 1 1 1 1
          1 1 1 1 1 1 1 1 1 1 1 1
          1 1 1 1 1 1 1 1 1 1 1 1
          1 1 1 1 1 1 1 1 1 1 1 1
          1 1 1 1 1 1 1 1 1 1 1 1
          1 1 1 1 1 1 1 1 1 1 1 1
          1 1 1 1 1 1 1 1 1 1 1 1
          1 1 1 1 1 1 1 1 1 1 1 1
          1 1 1 1 1 1 1 1 1 1 1 1
          1 1 1 1 1 1 1 1 1 1 1 1
          1 1 1 1 1 1 1 1 1 1 1 1
          1 1 1 1 1 1 1 1 1 1 1 1
          1 1 1 1 1 1 1 1 1 1 1 1
          1 1 1 1 1 1 1 1 1 1 1 1
          1 1 1 1 1 1 1 1 1 1 1 1
          1 1 1 1 1 1 1 1 1 1 1 1
          1 1 1 1 1 1 1 1 1 1 1 1
          1 1 1 1 1 1 1 1 1 1 1 1
          1 1 1 1 1 1 1 1 1 1 1 1
          1 1 1 1 1 1 1 1 1 1 1 1
          1 1 1 1 1 1 1 1 1 1 1 1
          1 1 1 1 1 1 1 1 1 1 1 1
          1 1 1 1 1 1 1 1 1 1 1 1
          1 1 1 1 1 1 1 1 1 1 1 1
          1 1 1 1 1 1 1 1 1 1 1 1
          1 1 1 1 1 1 1 1 1 1 1 1
          1 1 1 1 1 1 1 1 1 1 1 1
          1 1 1 1 1 1 1 1 1 1 1 1
          1 1 1 1 1 1 1 1 1 1 1 1
          1 1 1 1 1 1 1 1 1 1 1 1
          1 1 1 1 1 1 1 1 1 1 1 1
          1 1 1 1 1 1 1 1 1 1 1 1
          1 1 1 1 1 1 1 1 1 1 1 1
          1 1 1 1 1 1 1 1 1 1 1 1
          1 1 1 1 1 1 1 1 1 1 1 1
          1 1 1 1 1 1 1 1 1 1 1 1
          1 1 1 1 1 1 1 1 1 1 1 1
          1 1 1 1 1 1 1 1 1 1 1 1
          1 1 1 1 1 1 1 1 1 1 1 1
          1 1 1 1 1 1 1 1 1 1 1 1
          1 1 1 1 1 1 1 1 1 1 1 1
          1 1 1 1 1 1 1 1 1 1 1 1
          1 1 1 1 1 1 1 1 1 1 1 1
          1 1 1 1 1 1 1 1 1 1 1 1
          1 1 1 1 1 1 1 1 1 1 1 1
          1 1 1 1 1 1 1 1 1 1 1 1
          1 1 1 1 1 1 1 1 1 1 1 1
          1 1 1 1 1 1 1 1 1 1 1 1
          1 1 1 1 1 1 1 1 1 1 1 1
          1 1 1 1 1 1 1 1 1 1 1 1
          1 1 1 1 1 1 1 1 1 1 1 1
          1 1 1 1 1 1 1 1 1 1 1 1
          1 1 1 1 1 1 1 1 1 1 1 1
          1 1 1 1 1 1 1 1 1 1 1 1
          1 1 1 1 1 1 1 1 1 1 1 1
          1 1 1 1 1 1 1 1 1 1 1 1
          1 1 1 1 1 1 1 1 1 1 1 1
          1 1 1 1 1 1 1 1 1 1 1 1
          1 1 1 1 1 1 1 1 1 1 1 1
          1 1 1 1 1 1 1 1 1 1 1 1
          1 1 1 1 1 1 1 1 1 1 1 1
          1 1 1 1 1 1 1 1 1 1 1 1
          1 1 1 1 1 1 1 1 1 1 1 1
          1 1 1 1 1 1 1 1 1 1 1 1
          1 1 1 1 1 1 1 1 1 1 1 1
          1 1 1 1 1 1 1 1 1 1 1 1
          1 1 1 1 1 1 1 1 1 1 1 1
          1 1 1 1 1 1 1 1 1 1 1 1
          1 1 1 1 1 1 1 1 1 1 1 1
          1 1 1 1 1 1 1 1 1 1 1 1
          1 1 1 1 1 1 1 1 1 1 1 1
          1 1 1 1 1 1 1 1 1 1 1 1
          1 1 1 1 1 1 1 1 1 1 1 1
          1 1 1 1 1 1 1 1 1 1 1 1
          1 1 1 1 1 1 1 1 1 1 1 1
          1 1 1 1 1 1 1 1 1 1 1 1
          1 1 1 1 1 1 1 1 1 1 1 1
          1 1 1 1 1 1 1 1 1 1 1 1
          1 1 1 1 1 1 1 1 1 1 1 1
          1 1 1 1 1 1 1 1 1 1 1 1
          1 1 1 1 1 1 1 1 1 1 1 1
          1 1 1 1 1 1 1 1 1 1 1 1
          1 1 1 1 1 1 1 1 1 1 1 1
          1 1 1 1 1 1 1 1 1 1 1 1
          1 1 1 1 1 1 1 1 1 1 1 1
          1 1 1 1 1 1 1 1 1 1 1 1
          1 1 1 1 1 1 1 1 1 1 1 1
          1 1 1 1 1 1 1 1 1 1 1 1
          1 1 1 1 1 1 1 1 1 1 1 1
          1 1 1 1 1 1 1 1 1 1 1 1
          1 1 1 1 1 1 1 1 1 1 1 1
          1 1 1 1 1 1 1 1 1 1 1 1
          1 1 1 1 1 1 1 1 1 1 1 1
          1 1 1 1 1 1 1 1 1 1 1 1
          1 1 1 1 1 1 1 1 1 1 1 1
          1 1 1 1 1 1 1 1 1 1 1 1
          1 1 1 1 1 1 1 1 1 1 1 1
          1 1 1 1 1 1 1 1 1 1 1 1
          1 1 1 1 1 1 1 1 1 1 1 1
          1 1 1 1 1 1 1 1 1 1 1 1
          1 1 1 1 1 1 1 1 1 1 1 1
          1 1 1 1 1 1 1 1 1 1 1 1
          1 1 1 1 1 1 1 1 1 1 1 1
          1 1 1 1 1 1 1 1 1 1 1 1
          1 1 1 1 1 1 1 1 1 1 1 1
          1 1 1 1 1 1 1 1 1 1 1 1
          1 1 1 1 1 1 1 1 1 1 1 1
          1 1 1 1 1 1 1 1 1 1 1 1
          1 1 1 1 1 1 1 1 1 1 1 1
          1 1 1 1 1 1 1 1 1 1 1 1
          1 1 1 1 1 1 1 1 1 1 1 1
          1 1 1 1 1 1 1 1 1 1 1 1
          1 1 1 1 1 1 1 1 1 1 1 1
          1 1 1 1 1 1 1 1 1 1 1 1
          1 1 1 1 1 1 1 1 1 1 1 1
          1 1 1 1 1 1 1 1 1 1 1 1
          1 1 1 1 1 1 1 1 1 1 1 1
          1 1 1 1 1 1 1 1 1 1 1 1
          1 1 1 1 1 1 1 1 1 1 1 1
          1 1 1 1 1 1 1 1 1 1 1 1
          1 1 1 1 1 1 1 1 1 1 1 1
          1 1 1 1 1 1 1 1 1 1 1 1
          1 1 1 1 1 1 1 1 1 1 1 1
          1 1 1 1 1 1 1 1 1 1 1 1
          1 1 1 1 1 1 1 1 1 1 1 1
          1 1 1 1 1 1 1 1 1 1 1 1
          1 1 1 1 1 1 1 1 1 1 1 1
          1 1 1 1 1 1 1 1 1 1 1 1
          1 1 1 1 1 1 1 1 1 1 1 1
          1 1 1 1 1 1 1 1 1 1 1 1
          1 1 1 1 1 1 1 1 1 1 1 1
          1 1 1 1 1 1 1 1 1 1 1 1
          1 1 1 1 1 1 1 1 1 1 1 1
          1 1 1 1 1 1 1 1 1 1 1 1
          1 1 1 1 1 1 1 1 1 1 1 1
          1 1 1 1 1 1 1 1 1 1 1 1
          1 1 1 1 1 1 1 1 1 1 1 1
          1 1 1 1 1 1 1 1 1 1 1 1
          1 1 1 1 1 1 1 1 1 1 1 1
          1 1 1 1 1 1 1 1 1 1 1 1
          1 1 1 1 1 1 1 1 1 1 1 1
          1 1 1 1 1 1 1 1 1 1 1 1
          1 1 1 1 0.824937 0.84448 0.868064 0.896259 0.930282 0.965317 0.990303 0.999832
          1 1 1 1 1 1 1 1 1 1 1 1
          1 1 1 1 1 1 1 1 1 1 1 1
          1 1 1 1 1 1 1 1 1 1 1 1
          1 1 1 1 1 1 1 1 1 1 1 1
          1 1 1 1 1 1 1 1 1 1 1 1
          1 1 1 1 1 1 1 1 0.729189 0.732833 0.7369 0.741563
          0.746871 0.752974 0.760108 0.768714 0.778939 0.790538 0.803673 0.818666 0.835966 0.856058 0.879251 0.90667
          0.938223 0.968539 0.990302 0.999598 1 1 1 1 1 1 1 1
          1 1 1 1 1 1 1 1 1 1 1 1
          1 1 1 1 1 1 1 1 1 1 1 1
          1 1 1 1 1 1 1 1 1 1 1 1
          1 1 1 1 1 1 1 1 1 1 1 1
          0.695914 0.69784 0.69988 0.702046 0.704354 0.706806 0.709407 0.712145 0.71502 0.718048 0.721255 0.724673
          0.728357 0.732395 0.736897 0.741915 0.747563 0.754 0.761424 0.770191 0.780523 0.792206 0.805365 0.82026
          0.837212 0.856462 0.878502 0.904264 0.933637 0.962821 0.985642 0.998207 1 1 1 1
          1 1 1 1 1 1 1 1 1 1 1 1
          1 1 1 1 1 1 1 1 1 1 1 1
          1 1 1 1 1 1 1 1 1 1 1 1
          1 1 1 1 0.667678 0.669064 0.670498 0.671982 0.673519 0.675112 0.676761 0.678471
          0.680245 0.68209 0.684014 0.686024 0.68813 0.690345 0.692679 0.695142 0.69774 0.700482 0.703376 0.706423
          0.709617 0.712978 0.716535 0.720327 0.72441 0.728865 0.733757 0.739163 0.745203 0.752023 0.759802 0.7688
          0.779395 0.791452 0.80503 0.820375 0.837783 0.857489 0.880162 0.906686 0.936831 0.966311 0.988445 0.999156
          1 1 1 1 1 1 1 1 1 1 1 1
          1 1 1 1 1 1 1 1 1 1 1 1
          1 1 1 1 1 1 1 1 0.632467 0.633612 0.634788 0.635996
          0.637236 0.638512 0.639823 0.641172 0.642561 0.643992 0.645467 0.646989 0.648562 0.650188 0.651871 0.653615
          0.655421 0.657293 0.659235 0.661249 0.663341 0.665519 0.667789 0.670161 0.672645 0.675253 0.677998 0.680888
          0.683938 0.687156 0.690553 0.694143 0.697931 0.701936 0.706197 0.71076 0.715691 0.721075 0.726979 0.73352
          0.740845 0.749138 0.75862 0.769625 0.78256 0.79739 0.814421 0.83419 0.857279 0.884395 0.916774 0.952545
          0.982893 0.998565 1 1 1 1 1 1 1 1 1 1
          1 1 1 1 1 1 1 1 1 1 1 1
          0.568693 0.569612 0.570553 0.571516 0.572503 0.573514 0.57455 0.575613 0.576704 0.577823 0.578973 0.580154
          0.581368 0.582617 0.583903 0.585226 0.58659 0.587996 0.589446 0.590943 0.59249 0.594088 0.595743 0.597456
          0.599233 0.601078 0.602995 0.604989 0.607066 0.609231 0.61149 0.61385 0.61632 0.61891 0.621632 0.624498
          0.627525 0.630731 0.634135 0.637757 0.641622 0.645756 0.650196 0.654976 0.660126 0.665713 0.671827 0.678594
          0.686197 0.694854 0.70482 0.716532 0.730679 0.748507 0.771939 0.803233 0.848505 0.923416 0.993466 1
          1 1 1 1 1 1 1 1 1 1 1 1
          1 1 1 1
        </DataArray>
        <DataArray type="Float32" Name="p_liq" NumberOfComponents="1" format="ascii">
          1.81146e+07 1.81133e+07 1.8095e+07 1.80937e+07 1.8112e+07 1.80924e+07 1.81106e+07 1.80911e+07 1.81093e+07 1.80897e+07 1.8108e+07 1.80884e+07
          1.81066e+07 1.8087e+07 1.81052e+07 1.80856e+07 1.81039e+07 1.80843e+07 1.81025e+07 1.80829e+07 1.81011e+07 1.80815e+07 1.80997e+07 1.80801e+07
          1.80983e+07 1.80787e+07 1.80968e+07 1.80773e+07 1.80954e+07 1.80758e+07 1.8094e+07 1.80744e+07 1.80926e+07 1.8073e+07 1.80911e+07 1.80715e+07
          1.80896e+07 1.80701e+07 1.80882e+07 1.80686e+07 1.80867e+07 1.80671e+07 1.80852e+07 1.80656e+07 1.80837e+07 1.80642e+07 1.80823e+07 1.80627e+07
          1.80808e+07 1.80612e+07 1.80792e+07 1.80597e+07 1.80777e+07 1.80581e+07 1.80762e+07 1.80566e+07 1.80747e+07 1.80551e+07 1.80731e+07 1.80536e+07
          1.80716e+07 1.8052e+07 1.80701e+07 1.80505e+07 1.80685e+07 1.80489e+07 1.80669e+07 1.80474e+07 1.80654e+07 1.80458e+07 1.80638e+07 1.80442e+07
          1.80622e+07 1.80426e+07 1.80607e+07 1.80411e+07 1.80591e+07 1.80395e+07 1.80575e+07 1.80379e+07 1.80559e+07 1.80363e+07 1.80543e+07 1.80347e+07
          1.80527e+07 1.80331e+07 1.80511e+07 1.80315e+07 1.80495e+07 1.80299e+07 1.80478e+07 1.80282e+07 1.80462e+07 1.80266e+07 1.80446e+07 1.8025e+07
          1.8043e+07 1.80234e+07 1.80413e+07 1.80217e+07 1.80397e+07 1.80201e+07 1.80381e+07 1.80185e+07 1.80364e+07 1.80168e+07 1.80348e+07 1.80152e+07
          1.80332e+07 1.80136e+07 1.80315e+07 1.80119e+07 1.80299e+07 1.80103e+07 1.80282e+07 1.80086e+07 1.80266e+07 1.8007e+07 1.80249e+07 1.80053e+07
          1.80233e+07 1.80037e+07 1.80216e+07 1.8002e+07 1.802e+07 1.80004e+07 1.80184e+07 1.79987e+07 1.80167e+07 1.79971e+07 1.80151e+07 1.79955e+07
          1.80134e+07 1.79938e+07 1.80118e+07 1.79922e+07 1.80101e+07 1.79905e+07 1.80085e+07 1.79889e+07 1.80068e+07 1.79872e+07 1.80052e+07 1.79856e+07
          1.80036e+07 1.7984e+07 1.80019e+07 1.79823e+07 1.80003e+07 1.79807e+07 1.79987e+07 1.79791e+07 1.80755e+07 1.80742e+07 1.80729e+07 1.80715e+07
          1.80702e+07 1.80688e+07 1.80675e+07 1.80661e+07 1.80647e+07 1.80634e+07 1.8062e+07 1.80606e+07 1.80592e+07 1.80577e+07 1.80563e+07 1.80549e+07
          1.80534e+07 1.8052e+07 1.80505e+07 1.80491e+07 1.80476e+07 1.80461e+07 1.80446e+07 1.80431e+07 1.80416e+07 1.80401e+07 1.80386e+07 1.80371e+07
          1.80356e+07 1.8034e+07 1.80325e+07 1.80309e+07 1.80294e+07 1.80278e+07 1.80263e+07 1.80247e+07 1.80231e+07 1.80215e+07 1.80199e+07 1.80183e+07
          1.80167e+07 1.80151e+07 1.80135e+07 1.80119e+07 1.80103e+07 1.80087e+07 1.80071e+07 1.80054e+07 1.80038e+07 1.80022e+07 1.80006e+07 1.79989e+07
          1.79973e+07 1.79956e+07 1.7994e+07 1.79924e+07 1.79907e+07 1.79891e+07 1.79874e+07 1.79858e+07 1.79841e+07 1.79825e+07 1.79808e+07 1.79792e+07
          1.79775e+07 1.79759e+07 1.79742e+07 1.79726e+07 1.79709e+07 1.79693e+07 1.79677e+07 1.7966e+07 1.79644e+07 1.79627e+07 1.79611e+07 1.79595e+07
          1.80561e+07 1.80547e+07 1.80534e+07 1.80521e+07 1.80507e+07 1.80494e+07 1.8048e+07 1.80467e+07 1.80453e+07 1.80439e+07 1.80425e+07 1.80411e+07
          1.80397e+07 1.80383e+07 1.80369e+07 1.80354e+07 1.8034e+07 1.80325e+07 1.80311e+07 1.80296e+07 1.80281e+07 1.80266e+07 1.80252e+07 1.80237e+07
          1.80222e+07 1.80207e+07 1.80191e+07 1.80176e+07 1.80161e+07 1.80145e+07 1.8013e+07 1.80115e+07 1.80099e+07 1.80083e+07 1.80068e+07 1.80052e+07
          1.80036e+07 1.8002e+07 1.80004e+07 1.79988e+07 1.79972e+07 1.79956e+07 1.7994e+07 1.79924e+07 1.79908e+07 1.79892e+07 1.79876e+07 1.79859e+07
          1.79843e+07 1.79827e+07 1.7981e+07 1.79794e+07 1.79778e+07 1.79761e+07 1.79745e+07 1.79728e+07 1.79712e+07 1.79695e+07 1.79679e+07 1.79662e+07
          1.79646e+07 1.79629e+07 1.79613e+07 1.79596e+07 1.7958e+07 1.79563e+07 1.79547e+07 1.7953e+07 1.79514e+07 1.79497e+07 1.79481e+07 1.79465e+07
          1.79448e+07 1.79432e+07 1.79415e+07 1.79399e+07 1.80367e+07 1.80353e+07 1.8034e+07 1.80327e+07 1.80313e+07 1.803e+07 1.80286e+07 1.80273e+07
          1.80259e+07 1.80245e+07 1.80231e+07 1.80217e+07 1.80203e+07 1.80189e+07 1.80174e+07 1.8016e+07 1.80146e+07 1.80131e+07 1.80117e+07 1.80102e+07
          1.80087e+07 1.80072e+07 1.80057e+07 1.80042e+07 1.80027e+07 1.80012e+07 1.79997e+07 1.79982e+07 1.79967e+07 1.79951e+07 1.79936e+07 1.7992e+07
          1.79905e+07 1.79889e+07 1.79873e+07 1.79858e+07 1.79842e+07 1.79826e+07 1.7981e+07 1.79794e+07 1.79778e+07 1.79762e+07 1.79746e+07 1.7973e+07
          1.79713e+07 1.79697e+07 1.79681e+07 1.79665e+07 1.79648e+07 1.79632e+07 1.79616e+07 1.79599e+07 1.79583e+07 1.79566e+07 1.7955e+07 1.79533e+07
          1.79517e+07 1.795e+07 1.79484e+07 1.79467e+07 1.79451e+07 1.79434e+07 1.79418e+07 1.79401e+07 1.79384e+07 1.79368e+07 1.79351e+07 1.79335e+07
          1.79318e+07 1.79302e+07 1.79286e+07 1.79269e+07 1.79253e+07 1.79236e+07 1.7922e+07 1.79204e+07 1.80173e+07 1.8016e+07 1.80147e+07 1.80134e+07
          1.8012e+07 1.80107e+07 1.80093e+07 1.80079e+07 1.80066e+07 1.80052e+07 1.80038e+07 1.80024e+07 1.8001e+07 1.79995e+07 1.79981e+07 1.79967e+07
          1.79952e+07 1.79938e+07 1.79923e+07 1.79908e+07 1.79894e+07 1.79879e+07 1.79864e+07 1.79849e+07 1.79834e+07 1.79819e+07 1.79804e+07 1.79788e+07
          1.79773e+07 1.79757e+07 1.79742e+07 1.79726e+07 1.79711e+07 1.79695e+07 1.79679e+07 1.79664e+07 1.79648e+07 1.79632e+07 1.79616e+07 1.796e+07
          1.79584e+07 1.79568e+07 1.79552e+07 1.79535e+07 1.79519e+07 1.79503e+07 1.79487e+07 1.7947e+07 1.79454e+07 1.79438e+07 1.79421e+07 1.79405e+07
          1.79388e+07 1.79372e+07 1.79355e+07 1.79339e+07 1.79322e+07 1.79306e+07 1.79289e+07 1.79272e+07 1.79256e+07 1.79239e+07 1.79223e+07 1.79206e+07
          1.79189e+07 1.79173e+07 1.79156e+07 1.7914e+07 1.79123e+07 1.79107e+07 1.7909e+07 1.79074e+07 1.79057e+07 1.79041e+07 1.79024e+07 1.79008e+07
          1.79981e+07 1.79967e+07 1.79954e+07 1.79941e+07 1.79927e+07 1.79914e+07 1.799e+07 1.79887e+07 1.79873e+07 1.79859e+07 1.79845e+07 1.79831e+07
          1.79817e+07 1.79803e+07 1.79788e+07 1.79774e+07 1.79759e+07 1.79745e+07 1.7973e+07 1.79716e+07 1.79701e+07 1.79686e+07 1.79671e+07 1.79656e+07
          1.79641e+07 1.79626e+07 1.7961e+07 1.79595e+07 1.7958e+07 1.79564e+07 1.79549e+07 1.79533e+07 1.79518e+07 1.79502e+07 1.79486e+07 1.7947e+07
          1.79454e+07 1.79438e+07 1.79422e+07 1.79406e+07 1.7939e+07 1.79374e+07 1.79358e+07 1.79342e+07 1.79326e+07 1.79309e+07 1.79293e+07 1.79276e+07
          1.7926e+07 1.79244e+07 1.79227e+07 1.79211e+07 1.79194e+07 1.79178e+07 1.79161e+07 1.79144e+07 1.79128e+07 1.79111e+07 1.79095e+07 1.79078e+07
          1.79061e+07 1.79045e+07 1.79028e+07 1.79011e+07 1.78995e+07 1.78978e+07 1.78962e+07 1.78945e+07 1.78928e+07 1.78912e+07 1.78895e+07 1.78879e+07
          1.78862e+07 1.78846e+07 1.78829e+07 1.78813e+07 1.79789e+07 1.79775e+07 1.79762e+07 1.79749e+07 1.79735e+07 1.79722e+07 1.79708e+07 1.79694e+07
          1.79681e+07 1.79667e+07 1.79653e+07 1.79639e+07 1.79625e+07 1.7961e+07 1.79596e+07 1.79582e+07 1.79567e+07 1.79553e+07 1.79538e+07 1.79523e+07
          1.79508e+07 1.79494e+07 1.79479e+07 1.79464e+07 1.79448e+07 1.79433e+07 1.79418e+07 1.79403e+07 1.79387e+07 1.79372e+07 1.79356e+07 1.79341e+07
          1.79325e+07 1.79309e+07 1.79293e+07 1.79277e+07 1.79262e+07 1.79246e+07 1.7923e+07 1.79213e+07 1.79197e+07 1.79181e+07 1.79165e+07 1.79149e+07
          1.79132e+07 1.79116e+07 1.79099e+07 1.79083e+07 1.79066e+07 1.7905e+07 1.79033e+07 1.79017e+07 1.79e+07 1.78984e+07 1.78967e+07 1.7895e+07
          1.78934e+07 1.78917e+07 1.789e+07 1.78884e+07 1.78867e+07 1.7885e+07 1.78834e+07 1.78817e+07 1.788e+07 1.78784e+07 1.78767e+07 1.7875e+07
          1.78734e+07 1.78717e+07 1.787e+07 1.78684e+07 1.78667e+07 1.78651e+07 1.78634e+07 1.78618e+07 1.79597e+07 1.79584e+07 1.79571e+07 1.79557e+07
          1.79544e+07 1.7953e+07 1.79517e+07 1.79503e+07 1.79489e+07 1.79475e+07 1.79461e+07 1.79447e+07 1.79433e+07 1.79419e+07 1.79404e+07 1.7939e+07
          1.79376e+07 1.79361e+07 1.79346e+07 1.79331e+07 1.79317e+07 1.79302e+07 1.79287e+07 1.79272e+07 1.79257e+07 1.79241e+07 1.79226e+07 1.79211e+07
          1.79195e+07 1.7918e+07 1.79164e+07 1.79148e+07 1.79133e+07 1.79117e+07 1.79101e+07 1.79085e+07 1.79069e+07 1.79053e+07 1.79037e+07 1.79021e+07
          1.79005e+07 1.78988e+07 1.78972e+07 1.78956e+07 1.78939e+07 1.78923e+07 1.78906e+07 1.7889e+07 1.78873e+07 1.78857e+07 1.7884e+07 1.78824e+07
          1.78807e+07 1.7879e+07 1.78774e+07 1.78757e+07 1.7874e+07 1.78723e+07 1.78707e+07 1.7869e+07 1.78673e+07 1.78656e+07 1.7864e+07 1.78623e+07
          1.78606e+07 1.78589e+07 1.78573e+07 1.78556e+07 1.78539e+07 1.78522e+07 1.78506e+07 1.78489e+07 1.78473e+07 1.78456e+07 1.78439e+07 1.78423e+07
          1.79407e+07 1.79393e+07 1.7938e+07 1.79367e+07 1.79353e+07 1.7934e+07 1.79326e+07 1.79312e+07 1.79298e+07 1.79284e+07 1.7927e+07 1.79256e+07
          1.79242e+07 1.79228e+07 1.79213e+07 1.79199e+07 1.79184e+07 1.7917e+07 1.79155e+07 1.7914e+07 1.79126e+07 1.79111e+07 1.79096e+07 1.7908e+07
          1.79065e+07 1.7905e+07 1.79035e+07 1.79019e+07 1.79004e+07 1.78988e+07 1.78973e+07 1.78957e+07 1.78941e+07 1.78925e+07 1.78909e+07 1.78893e+07
          1.78877e+07 1.78861e+07 1.78845e+07 1.78829e+07 1.78813e+07 1.78796e+07 1.7878e+07 1.78763e+07 1.78747e+07 1.7873e+07 1.78714e+07 1.78697e+07
          1.78681e+07 1.78664e+07 1.78647e+07 1.78631e+07 1.78614e+07 1.78597e+07 1.7858e+07 1.78564e+07 1.78547e+07 1.7853e+07 1.78513e+07 1.78496e+07
          1.78479e+07 1.78462e+07 1.78446e+07 1.78429e+07 1.78412e+07 1.78395e+07 1.78378e+07 1.78362e+07 1.78345e+07 1.78328e+07 1.78311e+07 1.78295e+07
          1.78278e+07 1.78261e+07 1.78245e+07 1.78228e+07 1.79216e+07 1.79203e+07 1.7919e+07 1.79176e+07 1.79163e+07 1.79149e+07 1.79136e+07 1.79122e+07
          1.79108e+07 1.79094e+07 1.7908e+07 1.79066e+07 1.79052e+07 1.79037e+07 1.79023e+07 1.79009e+07 1.78994e+07 1.78979e+07 1.78965e+07 1.7895e+07
          1.78935e+07 1.7892e+07 1.78905e+07 1.7889e+07 1.78875e+07 1.78859e+07 1.78844e+07 1.78828e+07 1.78813e+07 1.78797e+07 1.78782e+07 1.78766e+07
          1.7875e+07 1.78734e+07 1.78718e+07 1.78702e+07 1.78686e+07 1.7867e+07 1.78654e+07 1.78637e+07 1.78621e+07 1.78605e+07 1.78588e+07 1.78572e+07
          1.78555e+07 1.78538e+07 1.78522e+07 1.78505e+07 1.78488e+07 1.78472e+07 1.78455e+07 1.78438e+07 1.78421e+07 1.78404e+07 1.78388e+07 1.78371e+07
          1.78354e+07 1.78337e+07 1.7832e+07 1.78303e+07 1.78286e+07 1.78269e+07 1.78252e+07 1.78235e+07 1.78218e+07 1.78201e+07 1.78184e+07 1.78168e+07
          1.78151e+07 1.78134e+07 1.78117e+07 1.781e+07 1.78084e+07 1.78067e+07 1.7805e+07 1.78033e+07 1.79027e+07 1.79014e+07 1.79e+07 1.78987e+07
          1.78973e+07 1.7896e+07 1.78946e+07 1.78932e+07 1.78919e+07 1.78905e+07 1.7889e+07 1.78876e+07 1.78862e+07 1.78848e+07 1.78833e+07 1.78819e+07
          1.78804e+07 1.7879e+07 1.78775e+07 1.7876e+07 1.78745e+07 1.7873e+07 1.78715e+07 1.787e+07 1.78684e+07 1.78669e+07 1.78654e+07 1.78638e+07
          1.78623e+07 1.78607e+07 1.78591e+07 1.78575e+07 1.78559e+07 1.78544e+07 1.78527e+07 1.78511e+07 1.78495e+07 1.78479e+07 1.78463e+07 1.78446e+07
          1.7843e+07 1.78413e+07 1.78397e+07 1.7838e+07 1.78364e+07 1.78347e+07 1.7833e+07 1.78313e+07 1.78297e+07 1.7828e+07 1.78263e+07 1.78246e+07
          1.78229e+07 1.78212e+07 1.78195e+07 1.78178e+07 1.78161e+07 1.78144e+07 1.78127e+07 1.7811e+07 1.78093e+07 1.78076e+07 1.78059e+07 1.78042e+07
          1.78025e+07 1.78008e+07 1.77991e+07 1.77974e+07 1.77957e+07 1.7794e+07 1.77923e+07 1.77906e+07 1.77889e+07 1.77872e+07 1.77856e+07 1.77839e+07
          1.78838e+07 1.78825e+07 1.78812e+07 1.78798e+07 1.78785e+07 1.78771e+07 1.78757e+07 1.78743e+07 1.7873e+07 1.78716e+07 1.78702e+07 1.78687e+07
          1.78673e+07 1.78659e+07 1.78644e+07 1.7863e+07 1.78615e+07 1.786e+07 1.78586e+07 1.78571e+07 1.78556e+07 1.78541e+07 1.78526e+07 1.7851e+07
          1.78495e+07 1.7848e+07 1.78464e+07 1.78449e+07 1.78433e+07 1.78417e+07 1.78401e+07 1.78385e+07 1.7837e+07 1.78353e+07 1.78337e+07 1.78321e+07
          1.78305e+07 1.78289e+07 1.78272e+07 1.78256e+07 1.78239e+07 1.78223e+07 1.78206e+07 1.78189e+07 1.78173e+07 1.78156e+07 1.78139e+07 1.78122e+07
          1.78105e+07 1.78088e+07 1.78071e+07 1.78054e+07 1.78037e+07 1.7802e+07 1.78003e+07 1.77986e+07 1.77969e+07 1.77952e+07 1.77934e+07 1.77917e+07
          1.779e+07 1.77883e+07 1.77866e+07 1.77849e+07 1.77831e+07 1.77814e+07 1.77797e+07 1.7778e+07 1.77763e+07 1.77746e+07 1.77729e+07 1.77712e+07
          1.77695e+07 1.77678e+07 1.77661e+07 1.77645e+07 1.7865e+07 1.78637e+07 1.78623e+07 1.7861e+07 1.78596e+07 1.78583e+07 1.78569e+07 1.78555e+07
          1.78541e+07 1.78527e+07 1.78513e+07 1.78499e+07 1.78485e+07 1.7847e+07 1.78456e+07 1.78441e+07 1.78427e+07 1.78412e+07 1.78397e+07 1.78382e+07
          1.78367e+07 1.78352e+07 1.78337e+07 1.78322e+07 1.78306e+07 1.78291e+07 1.78275e+07 1.7826e+07 1.78244e+07 1.78228e+07 1.78212e+07 1.78196e+07
          1.7818e+07 1.78164e+07 1.78148e+07 1.78132e+07 1.78115e+07 1.78099e+07 1.78082e+07 1.78066e+07 1.78049e+07 1.78033e+07 1.78016e+07 1.77999e+07
          1.77982e+07 1.77965e+07 1.77948e+07 1.77931e+07 1.77914e+07 1.77897e+07 1.7788e+07 1.77863e+07 1.77846e+07 1.77828e+07 1.77811e+07 1.77794e+07
          1.77777e+07 1.77759e+07 1.77742e+07 1.77725e+07 1.77708e+07 1.7769e+07 1.77673e+07 1.77656e+07 1.77638e+07 1.77621e+07 1.77604e+07 1.77587e+07
          1.7757e+07 1.77552e+07 1.77535e+07 1.77518e+07 1.77501e+07 1.77484e+07 1.77467e+07 1.7745e+07 1.78463e+07 1.78449e+07 1.78436e+07 1.78422e+07
          1.78409e+07 1.78395e+07 1.78381e+07 1.78368e+07 1.78354e+07 1.7834e+07 1.78326e+07 1.78311e+07 1.78297e+07 1.78283e+07 1.78268e+07 1.78253e+07
          1.78239e+07 1.78224e+07 1.78209e+07 1.78194e+07 1.78179e+07 1.78164e+07 1.78149e+07 1.78133e+07 1.78118e+07 1.78102e+07 1.78087e+07 1.78071e+07
          1.78055e+07 1.7804e+07 1.78024e+07 1.78008e+07 1.77991e+07 1.77975e+07 1.77959e+07 1.77943e+07 1.77926e+07 1.7791e+07 1.77893e+07 1.77876e+07
          1.7786e+07 1.77843e+07 1.77826e+07 1.77809e+07 1.77792e+07 1.77775e+07 1.77758e+07 1.77741e+07 1.77724e+07 1.77707e+07 1.77689e+07 1.77672e+07
          1.77655e+07 1.77637e+07 1.7762e+07 1.77602e+07 1.77585e+07 1.77568e+07 1.7755e+07 1.77533e+07 1.77515e+07 1.77498e+07 1.7748e+07 1.77463e+07
          1.77446e+07 1.77428e+07 1.77411e+07 1.77393e+07 1.77376e+07 1.77359e+07 1.77342e+07 1.77324e+07 1.77307e+07 1.7729e+07 1.77273e+07 1.77256e+07
          1.78276e+07 1.78262e+07 1.78249e+07 1.78236e+07 1.78222e+07 1.78208e+07 1.78195e+07 1.78181e+07 1.78167e+07 1.78153e+07 1.78138e+07 1.78124e+07
          1.7811e+07 1.78095e+07 1.78081e+07 1.78066e+07 1.78052e+07 1.78037e+07 1.78022e+07 1.78007e+07 1.77992e+07 1.77976e+07 1.77961e+07 1.77946e+07
          1.7793e+07 1.77915e+07 1.77899e+07 1.77883e+07 1.77868e+07 1.77852e+07 1.77836e+07 1.77819e+07 1.77803e+07 1.77787e+07 1.77771e+07 1.77754e+07
          1.77738e+07 1.77721e+07 1.77704e+07 1.77688e+07 1.77671e+07 1.77654e+07 1.77637e+07 1.7762e+07 1.77603e+07 1.77586e+07 1.77568e+07 1.77551e+07
          1.77534e+07 1.77516e+07 1.77499e+07 1.77481e+07 1.77464e+07 1.77446e+07 1.77429e+07 1.77411e+07 1.77394e+07 1.77376e+07 1.77359e+07 1.77341e+07
          1.77323e+07 1.77306e+07 1.77288e+07 1.77271e+07 1.77253e+07 1.77235e+07 1.77218e+07 1.772e+07 1.77183e+07 1.77166e+07 1.77148e+07 1.77131e+07
          1.77114e+07 1.77096e+07 1.77079e+07 1.77062e+07 1.7809e+07 1.78076e+07 1.78063e+07 1.78049e+07 1.78036e+07 1.78022e+07 1.78008e+07 1.77994e+07
          1.7798e+07 1.77966e+07 1.77952e+07 1.77938e+07 1.77923e+07 1.77909e+07 1.77894e+07 1.7788e+07 1.77865e+07 1.7785e+07 1.77835e+07 1.7782e+07
          1.77805e+07 1.7779e+07 1.77774e+07 1.77759e+07 1.77743e+07 1.77728e+07 1.77712e+07 1.77696e+07 1.7768e+07 1.77664e+07 1.77648e+07 1.77632e+07
          1.77616e+07 1.77599e+07 1.77583e+07 1.77566e+07 1.7755e+07 1.77533e+07 1.77516e+07 1.77499e+07 1.77482e+07 1.77465e+07 1.77448e+07 1.77431e+07
          1.77414e+07 1.77397e+07 1.77379e+07 1.77362e+07 1.77344e+07 1.77327e+07 1.77309e+07 1.77291e+07 1.77274e+07 1.77256e+07 1.77238e+07 1.77221e+07
          1.77203e+07 1.77185e+07 1.77167e+07 1.77149e+07 1.77132e+07 1.77114e+07 1.77096e+07 1.77078e+07 1.77061e+07 1.77043e+07 1.77025e+07 1.77008e+07
          1.7699e+07 1.76972e+07 1.76955e+07 1.76937e+07 1.7692e+07 1.76903e+07 1.76885e+07 1.76868e+07 1.77904e+07 1.77891e+07 1.77877e+07 1.77864e+07
          1.7785e+07 1.77836e+07 1.77823e+07 1.77809e+07 1.77795e+07 1.77781e+07 1.77766e+07 1.77752e+07 1.77738e+07 1.77723e+07 1.77709e+07 1.77694e+07
          1.77679e+07 1.77664e+07 1.77649e+07 1.77634e+07 1.77619e+07 1.77604e+07 1.77588e+07 1.77573e+07 1.77557e+07 1.77541e+07 1.77526e+07 1.7751e+07
          1.77494e+07 1.77478e+07 1.77462e+07 1.77445e+07 1.77429e+07 1.77412e+07 1.77396e+07 1.77379e+07 1.77362e+07 1.77346e+07 1.77329e+07 1.77312e+07
          1.77295e+07 1.77277e+07 1.7726e+07 1.77243e+07 1.77225e+07 1.77208e+07 1.7719e+07 1.77173e+07 1.77155e+07 1.77137e+07 1.7712e+07 1.77102e+07
          1.77084e+07 1.77066e+07 1.77048e+07 1.7703e+07 1.77012e+07 1.76994e+07 1.76976e+07 1.76958e+07 1.7694e+07 1.76922e+07 1.76904e+07 1.76886e+07
          1.76868e+07 1.7685e+07 1.76833e+07 1.76815e+07 1.76797e+07 1.76779e+07 1.76762e+07 1.76744e+07 1.76726e+07 1.76709e+07 1.76692e+07 1.76674e+07
          1.77719e+07 1.77706e+07 1.77692e+07 1.77679e+07 1.77665e+07 1.77652e+07 1.77638e+07 1.77624e+07 1.7761e+07 1.77596e+07 1.77581e+07 1.77567e+07
          1.77553e+07 1.77538e+07 1.77523e+07 1.77509e+07 1.77494e+07 1.77479e+07 1.77464e+07 1.77449e+07 1.77434e+07 1.77418e+07 1.77403e+07 1.77387e+07
          1.77372e+07 1.77356e+07 1.7734e+07 1.77324e+07 1.77308e+07 1.77292e+07 1.77276e+07 1.77259e+07 1.77243e+07 1.77226e+07 1.7721e+07 1.77193e+07
          1.77176e+07 1.77159e+07 1.77142e+07 1.77125e+07 1.77108e+07 1.7709e+07 1.77073e+07 1.77055e+07 1.77038e+07 1.7702e+07 1.77002e+07 1.76985e+07
          1.76967e+07 1.76949e+07 1.76931e+07 1.76913e+07 1.76895e+07 1.76876e+07 1.76858e+07 1.7684e+07 1.76822e+07 1.76804e+07 1.76785e+07 1.76767e+07
          1.76749e+07 1.76731e+07 1.76713e+07 1.76694e+07 1.76676e+07 1.76658e+07 1.7664e+07 1.76622e+07 1.76604e+07 1.76586e+07 1.76569e+07 1.76551e+07
          1.76533e+07 1.76515e+07 1.76498e+07 1.7648e+07 1.77535e+07 1.77522e+07 1.77508e+07 1.77495e+07 1.77481e+07 1.77467e+07 1.77453e+07 1.7744e+07
          1.77425e+07 1.77411e+07 1.77397e+07 1.77383e+07 1.77368e+07 1.77354e+07 1.77339e+07 1.77324e+07 1.77309e+07 1.77294e+07 1.77279e+07 1.77264e+07
          1.77249e+07 1.77233e+07 1.77218e+07 1.77202e+07 1.77187e+07 1.77171e+07 1.77155e+07 1.77139e+07 1.77123e+07 1.77107e+07 1.7709e+07 1.77074e+07
          1.77057e+07 1.77041e+07 1.77024e+07 1.77007e+07 1.7699e+07 1.76973e+07 1.76956e+07 1.76938e+07 1.76921e+07 1.76904e+07 1.76886e+07 1.76868e+07
          1.76851e+07 1.76833e+07 1.76815e+07 1.76797e+07 1.76779e+07 1.76761e+07 1.76742e+07 1.76724e+07 1.76706e+07 1.76687e+07 1.76669e+07 1.76651e+07
          1.76632e+07 1.76614e+07 1.76595e+07 1.76577e+07 1.76558e+07 1.7654e+07 1.76521e+07 1.76503e+07 1.76485e+07 1.76466e+07 1.76448e+07 1.7643e+07
          1.76412e+07 1.76394e+07 1.76375e+07 1.76358e+07 1.7634e+07 1.76322e+07 1.76304e+07 1.76286e+07 1.77352e+07 1.77338e+07 1.77325e+07 1.77311e+07
          1.77298e+07 1.77284e+07 1.7727e+07 1.77256e+07 1.77242e+07 1.77228e+07 1.77213e+07 1.77199e+07 1.77184e+07 1.7717e+07 1.77155e+07 1.7714e+07
          1.77126e+07 1.7711e+07 1.77095e+07 1.7708e+07 1.77065e+07 1.77049e+07 1.77034e+07 1.77018e+07 1.77002e+07 1.76987e+07 1.76971e+07 1.76955e+07
          1.76938e+07 1.76922e+07 1.76906e+07 1.76889e+07 1.76872e+07 1.76856e+07 1.76839e+07 1.76822e+07 1.76805e+07 1.76788e+07 1.7677e+07 1.76753e+07
          1.76735e+07 1.76718e+07 1.767e+07 1.76682e+07 1.76664e+07 1.76646e+07 1.76628e+07 1.7661e+07 1.76591e+07 1.76573e+07 1.76554e+07 1.76536e+07
          1.76517e+07 1.76499e+07 1.7648e+07 1.76461e+07 1.76443e+07 1.76424e+07 1.76405e+07 1.76386e+07 1.76368e+07 1.76349e+07 1.7633e+07 1.76311e+07
          1.76293e+07 1.76274e+07 1.76256e+07 1.76237e+07 1.76219e+07 1.76201e+07 1.76182e+07 1.76164e+07 1.76146e+07 1.76128e+07 1.7611e+07 1.76093e+07
          1.77169e+07 1.77155e+07 1.77142e+07 1.77128e+07 1.77115e+07 1.77101e+07 1.77087e+07 1.77073e+07 1.77059e+07 1.77045e+07 1.7703e+07 1.77016e+07
          1.77001e+07 1.76987e+07 1.76972e+07 1.76957e+07 1.76942e+07 1.76927e+07 1.76912e+07 1.76897e+07 1.76882e+07 1.76866e+07 1.7685e+07 1.76835e+07
          1.76819e+07 1.76803e+07 1.76787e+07 1.76771e+07 1.76755e+07 1.76738e+07 1.76722e+07 1.76705e+07 1.76688e+07 1.76672e+07 1.76655e+07 1.76637e+07
          1.7662e+07 1.76603e+07 1.76585e+07 1.76568e+07 1.7655e+07 1.76532e+07 1.76514e+07 1.76496e+07 1.76478e+07 1.7646e+07 1.76442e+07 1.76423e+07
          1.76405e+07 1.76386e+07 1.76367e+07 1.76348e+07 1.76329e+07 1.76311e+07 1.76292e+07 1.76272e+07 1.76253e+07 1.76234e+07 1.76215e+07 1.76196e+07
          1.76177e+07 1.76158e+07 1.76139e+07 1.7612e+07 1.76101e+07 1.76082e+07 1.76064e+07 1.76045e+07 1.76026e+07 1.76008e+07 1.75989e+07 1.75971e+07
          1.75953e+07 1.75935e+07 1.75917e+07 1.75899e+07 1.76986e+07 1.76973e+07 1.7696e+07 1.76946e+07 1.76933e+07 1.76919e+07 1.76905e+07 1.76891e+07
          1.76877e+07 1.76862e+07 1.76848e+07 1.76834e+07 1.76819e+07 1.76804e+07 1.7679e+07 1.76775e+07 1.7676e+07 1.76745e+07 1.7673e+07 1.76714e+07
          1.76699e+07 1.76683e+07 1.76668e+07 1.76652e+07 1.76636e+07 1.7662e+07 1.76604e+07 1.76588e+07 1.76572e+07 1.76555e+07 1.76539e+07 1.76522e+07
          1.76505e+07 1.76488e+07 1.76471e+07 1.76454e+07 1.76436e+07 1.76419e+07 1.76401e+07 1.76384e+07 1.76366e+07 1.76348e+07 1.7633e+07 1.76312e+07
          1.76293e+07 1.76275e+07 1.76256e+07 1.76237e+07 1.76218e+07 1.762e+07 1.7618e+07 1.76161e+07 1.76142e+07 1.76123e+07 1.76104e+07 1.76084e+07
          1.76065e+07 1.76045e+07 1.76026e+07 1.76006e+07 1.75987e+07 1.75968e+07 1.75948e+07 1.75929e+07 1.7591e+07 1.75891e+07 1.75872e+07 1.75853e+07
          1.75834e+07 1.75815e+07 1.75796e+07 1.75778e+07 1.75759e+07 1.75741e+07 1.75723e+07 1.75705e+07 1.76805e+07 1.76792e+07 1.76779e+07 1.76765e+07
          1.76752e+07 1.76738e+07 1.76724e+07 1.76709e+07 1.76695e+07 1.76681e+07 1.76666e+07 1.76652e+07 1.76637e+07 1.76623e+07 1.76608e+07 1.76593e+07
          1.76578e+07 1.76563e+07 1.76548e+07 1.76533e+07 1.76517e+07 1.76501e+07 1.76486e+07 1.7647e+07 1.76454e+07 1.76438e+07 1.76422e+07 1.76406e+07
          1.7639e+07 1.76373e+07 1.76356e+07 1.7634e+07 1.76323e+07 1.76305e+07 1.76288e+07 1.76271e+07 1.76253e+07 1.76236e+07 1.76218e+07 1.762e+07
          1.76182e+07 1.76164e+07 1.76146e+07 1.76127e+07 1.76109e+07 1.7609e+07 1.76071e+07 1.76052e+07 1.76033e+07 1.76014e+07 1.75994e+07 1.75975e+07
          1.75955e+07 1.75936e+07 1.75916e+07 1.75896e+07 1.75876e+07 1.75857e+07 1.75837e+07 1.75817e+07 1.75797e+07 1.75777e+07 1.75758e+07 1.75738e+07
          1.75718e+07 1.75699e+07 1.7568e+07 1.7566e+07 1.75641e+07 1.75622e+07 1.75603e+07 1.75584e+07 1.75566e+07 1.75547e+07 1.75529e+07 1.75511e+07
          1.76623e+07 1.76611e+07 1.76598e+07 1.76585e+07 1.76572e+07 1.76558e+07 1.76544e+07 1.76528e+07 1.76513e+07 1.76499e+07 1.76484e+07 1.7647e+07
          1.76456e+07 1.76442e+07 1.76428e+07 1.76413e+07 1.76398e+07 1.76383e+07 1.76367e+07 1.76352e+07 1.76336e+07 1.7632e+07 1.76304e+07 1.76289e+07
          1.76273e+07 1.76257e+07 1.76241e+07 1.76225e+07 1.76208e+07 1.76192e+07 1.76175e+07 1.76158e+07 1.76141e+07 1.76124e+07 1.76106e+07 1.76089e+07
          1.76071e+07 1.76054e+07 1.76036e+07 1.76018e+07 1.76e+07 1.75981e+07 1.75963e+07 1.75944e+07 1.75925e+07 1.75906e+07 1.75887e+07 1.75868e+07
          1.75848e+07 1.75829e+07 1.75809e+07 1.75789e+07 1.75769e+07 1.75749e+07 1.75729e+07 1.75709e+07 1.75689e+07 1.75668e+07 1.75648e+07 1.75628e+07
          1.75607e+07 1.75587e+07 1.75567e+07 1.75547e+07 1.75527e+07 1.75507e+07 1.75487e+07 1.75468e+07 1.75448e+07 1.75429e+07 1.7541e+07 1.75391e+07
          1.75372e+07 1.75353e+07 1.75335e+07 1.75317e+07 1.76522e+07 1.76495e+07 1.76468e+07 1.7644e+07 1.76413e+07 1.76386e+07 1.76364e+07 1.76346e+07
          1.76331e+07 1.76317e+07 1.76303e+07 1.76289e+07 1.76275e+07 1.76262e+07 1.76248e+07 1.76234e+07 1.76219e+07 1.76204e+07 1.76188e+07 1.76171e+07
          1.76155e+07 1.76139e+07 1.76123e+07 1.76108e+07 1.76092e+07 1.76076e+07 1.76061e+07 1.76045e+07 1.76028e+07 1.76011e+07 1.75994e+07 1.75977e+07
          1.7596e+07 1.75942e+07 1.75925e+07 1.75907e+07 1.7589e+07 1.75872e+07 1.75854e+07 1.75836e+07 1.75818e+07 1.758e+07 1.75781e+07 1.75762e+07
          1.75743e+07 1.75723e+07 1.75704e+07 1.75684e+07 1.75665e+07 1.75645e+07 1.75625e+07 1.75605e+07 1.75584e+07 1.75564e+07 1.75543e+07 1.75522e+07
          1.75501e+07 1.7548e+07 1.75459e+07 1.75438e+07 1.75418e+07 1.75397e+07 1.75376e+07 1.75356e+07 1.75335e+07 1.75315e+07 1.75295e+07 1.75275e+07
          1.75255e+07 1.75236e+07 1.75216e+07 1.75197e+07 1.75178e+07 1.75159e+07 1.75141e+07 1.75122e+07 1.76479e+07 1.76452e+07 1.76426e+07 1.76399e+07
          1.76372e+07 1.76346e+07 1.76321e+07 1.76297e+07 1.76273e+07 1.76248e+07 1.76222e+07 1.76196e+07 1.7617e+07 1.76142e+07 1.76114e+07 1.76086e+07
          1.76058e+07 1.76031e+07 1.76008e+07 1.75989e+07 1.75973e+07 1.75957e+07 1.75942e+07 1.75927e+07 1.75912e+07 1.75897e+07 1.75882e+07 1.75866e+07
          1.7585e+07 1.75833e+07 1.75815e+07 1.75797e+07 1.75779e+07 1.75761e+07 1.75744e+07 1.75727e+07 1.75709e+07 1.75692e+07 1.75674e+07 1.75656e+07
          1.75638e+07 1.75619e+07 1.756e+07 1.75581e+07 1.75561e+07 1.75541e+07 1.75522e+07 1.75502e+07 1.75482e+07 1.75462e+07 1.75441e+07 1.75421e+07
          1.754e+07 1.75379e+07 1.75357e+07 1.75336e+07 1.75314e+07 1.75293e+07 1.75271e+07 1.7525e+07 1.75228e+07 1.75207e+07 1.75185e+07 1.75164e+07
          1.75143e+07 1.75123e+07 1.75102e+07 1.75082e+07 1.75062e+07 1.75042e+07 1.75023e+07 1.75003e+07 1.74984e+07 1.74965e+07 1.74946e+07 1.74928e+07
          1.76448e+07 1.76421e+07 1.76395e+07 1.76368e+07 1.76341e+07 1.76315e+07 1.76289e+07 1.76262e+07 1.76236e+07 1.76209e+07 1.76182e+07 1.76155e+07
          1.76128e+07 1.761e+07 1.76073e+07 1.76045e+07 1.76018e+07 1.75992e+07 1.75966e+07 1.75941e+07 1.75916e+07 1.7589e+07 1.75863e+07 1.75836e+07
          1.75808e+07 1.7578e+07 1.75751e+07 1.75721e+07 1.75691e+07 1.75663e+07 1.75638e+07 1.75616e+07 1.75597e+07 1.7558e+07 1.75563e+07 1.75546e+07
          1.7553e+07 1.75513e+07 1.75496e+07 1.75478e+07 1.7546e+07 1.75441e+07 1.7542e+07 1.754e+07 1.7538e+07 1.7536e+07 1.7534e+07 1.7532e+07
          1.753e+07 1.7528e+07 1.75259e+07 1.75238e+07 1.75217e+07 1.75195e+07 1.75172e+07 1.7515e+07 1.75128e+07 1.75106e+07 1.75083e+07 1.75061e+07
          1.75038e+07 1.75016e+07 1.74994e+07 1.74973e+07 1.74951e+07 1.7493e+07 1.74909e+07 1.74889e+07 1.74868e+07 1.74848e+07 1.74829e+07 1.74809e+07
          1.7479e+07 1.7477e+07 1.74751e+07 1.74733e+07 1.76417e+07 1.76391e+07 1.76364e+07 1.76337e+07 1.76311e+07 1.76284e+07 1.76257e+07 1.76231e+07
          1.76204e+07 1.76177e+07 1.7615e+07 1.76123e+07 1.76096e+07 1.76069e+07 1.76041e+07 1.76014e+07 1.75987e+07 1.7596e+07 1.75933e+07 1.75906e+07
          1.75879e+07 1.75851e+07 1.75823e+07 1.75795e+07 1.75767e+07 1.75738e+07 1.7571e+07 1.75681e+07 1.75652e+07 1.75624e+07 1.75597e+07 1.75571e+07
          1.75544e+07 1.75516e+07 1.75488e+07 1.75459e+07 1.75429e+07 1.75398e+07 1.75366e+07 1.75334e+07 1.75301e+07 1.75269e+07 1.75242e+07 1.75218e+07
          1.75198e+07 1.75178e+07 1.75159e+07 1.7514e+07 1.7512e+07 1.751e+07 1.7508e+07 1.75058e+07 1.75035e+07 1.75011e+07 1.74988e+07 1.74965e+07
          1.74942e+07 1.74919e+07 1.74896e+07 1.74872e+07 1.74849e+07 1.74825e+07 1.74803e+07 1.7478e+07 1.74758e+07 1.74737e+07 1.74716e+07 1.74695e+07
          1.74674e+07 1.74654e+07 1.74634e+07 1.74614e+07 1.74595e+07 1.74575e+07 1.74556e+07 1.74537e+07 1.76385e+07 1.76358e+07 1.76331e+07 1.76305e+07
          1.76278e+07 1.76251e+07 1.76225e+07 1.76198e+07 1.76171e+07 1.76144e+07 1.76117e+07 1.7609e+07 1.76063e+07 1.76036e+07 1.76009e+07 1.75981e+07
          1.75954e+07 1.75927e+07 1.75899e+07 1.75872e+07 1.75844e+07 1.75817e+07 1.75789e+07 1.75761e+07 1.75733e+07 1.75704e+07 1.75676e+07 1.75647e+07
          1.75619e+07 1.7559e+07 1.75562e+07 1.75534e+07 1.75505e+07 1.75476e+07 1.75446e+07 1.75416e+07 1.75386e+07 1.75355e+07 1.75324e+07 1.75293e+07
          1.75262e+07 1.75231e+07 1.75201e+07 1.75172e+07 1.75141e+07 1.7511e+07 1.75077e+07 1.75042e+07 1.75005e+07 1.74968e+07 1.74929e+07 1.7489e+07
          1.74855e+07 1.74826e+07 1.74802e+07 1.74779e+07 1.74757e+07 1.74736e+07 1.74711e+07 1.74683e+07 1.74658e+07 1.74633e+07 1.74609e+07 1.74587e+07
          1.74564e+07 1.74542e+07 1.74521e+07 1.745e+07 1.74479e+07 1.74459e+07 1.74439e+07 1.74419e+07 1.74399e+07 1.7438e+07 1.74361e+07 1.74342e+07
          1.7634e+07 1.76314e+07 1.76287e+07 1.7626e+07 1.76234e+07 1.76207e+07 1.7618e+07 1.76154e+07 1.76127e+07 1.761e+07 1.76073e+07 1.76046e+07
          1.76019e+07 1.75992e+07 1.75965e+07 1.75938e+07 1.7591e+07 1.75883e+07 1.75856e+07 1.75828e+07 1.75801e+07 1.75773e+07 1.75745e+07 1.75717e+07
          1.75689e+07 1.75661e+07 1.75632e+07 1.75604e+07 1.75576e+07 1.75547e+07 1.75519e+07 1.7549e+07 1.75461e+07 1.75432e+07 1.75402e+07 1.75372e+07
          1.75342e+07 1.75311e+07 1.7528e+07 1.75249e+07 1.75218e+07 1.75187e+07 1.75156e+07 1.75125e+07 1.75093e+07 1.7506e+07 1.75026e+07 1.74991e+07
          1.74955e+07 1.74918e+07 1.74881e+07 1.74845e+07 1.74811e+07 1.74777e+07 1.7474e+07 1.74697e+07 1.74645e+07 1.74579e+07 1.74517e+07 1.74488e+07
          1.74463e+07 1.74438e+07 1.74414e+07 1.74391e+07 1.74369e+07 1.74347e+07 1.74325e+07 1.74304e+07 1.74283e+07 1.74263e+07 1.74243e+07 1.74223e+07
          1.74203e+07 1.74184e+07 1.74165e+07 1.74146e+07
        </DataArray>
        <DataArray type="Float32" Name="rho_liq" NumberOfComponents="1" format="ascii">
          999.732 999.732 999.732 999.732 999.732 999.732 999.732 999.732 999.732 999.732 999.732 999.732
          999.732 999.732 999.732 999.732 999.732 999.732 999.732 999.732 999.732 999.732 999.732 999.732
          999.732 999.732 999.732 999.732 999.732 999.732 999.732 999.732 999.732 999.732 999.732 999.732
          999.732 999.732 999.732 999.732 999.732 999.732 999.732 999.732 999.732 999.732 999.732 999.732
          999.732 999.732 999.732 999.732 999.732 999.732 999.732 999.732 999.732 999.732 999.732 999.732
          999.732 999.732 999.732 999.732 999.732 999.732 999.732 999.732 999.732 999.732 999.732 999.732
          999.732 999.732 999.732 999.732 999.732 999.732 999.732 999.732 999.732 999.732 999.732 999.732
          999.732 999.732 999.732 999.732 999.732 999.732 999.732 999.732 999.732 999.732 999.732 999.732
          999.732 999.732 999.732 999.732 999.732 999.732 999.732 999.732 999.732 999.732 999.732 999.732
          999.732 999.732 999.732 999.732 999.732 999.732 999.732 999.732 999.732 999.732 999.732 999.732
          999.732 999.732 999.732 999.732 999.732 999.732 999.732 999.732 999.732 999.732 999.732 999.732
          999.732 999.732 999.732 999.732 999.732 999.732 999.732 999.732 999.732 999.732 999.732 999.732
          999.732 999.732 999.732 999.732 999.732 999.732 999.732 999.732 999.732 999.732 999.732 999.732
          999.732 999.732 999.732 999.732 999.732 999.732 999.732 999.732 999.732 999.732 999.732 999.732
          999.732 999.732 999.732 999.732 999.732 999.732 999.732 999.732 999.732 999.732 999.732 999.732
          999.732 999.732 999.732 999.732 999.732 999.732 999.732 999.732 999.732 999.732 999.732 999.732
          999.732 999.732 999.732 999.732 999.732 999.732 999.732 999.732 999.732 999.732 999.732 999.732
          999.732 999.732 999.732 999.732 999.732 999.732 999.732 999.732 999.732 999.732 999.732 999.732
          999.732 999.732 999.732 999.732 999.732 999.732 999.732 999.732 999.732 999.732 999.732 999.732
          999.732 999.732 999.732 999.732 999.732 999.732 999.732 999.732 999.732 999.732 999.732 999.732
          999.732 999.732 999.732 999.732 999.732 999.732 999.732 999.732 999.732 999.732 999.732 999.732
          999.732 999.732 999.732 999.732 999.732 999.732 999.732 999.732 999.732 999.732 999.732 999.732
          999.732 999.732 999.732 999.732 999.732 999.732 999.732 999.732 999.732 999.732 999.732 999.732
          999.732 999.732 999.732 999.732 999.732 999.732 999.732 999.732 999.732 999.732 999.732 999.732
          999.732 999.732 999.732 999.732 999.732 999.732 999.732 999.732 999.732 999.732 999.732 999.732
          999.732 999.732 999.732 999.732 999.733 999.733 999.733 999.733 999.733 999.733 999.733 999.733
          999.733 999.733 999.733 999.733 999.733 999.733 999.733 999.733 999.733 999.733 999.733 999.733
          999.733 999.733 999.733 999.733 999.733 999.733 999.733 999.733 999.733 999.733 999.733 999.733
          999.733 999.733 999.733 999.733 999.733 999.733 999.733 999.733 999.733 999.733 999.733 999.733
          999.733 999.733 999.733 999.733 999.733 999.733 999.733 999.733 999.733 999.733 999.733 999.733
          999.733 999.733 999.733 999.733 999.733 999.733 999.733 999.733 999.733 999.733 999.733 999.733
          999.733 999.733 999.733 999.733 999.733 999.733 999.733 999.733 999.733 999.733 999.733 999.733
          999.733 999.733 999.733 999.733 999.733 999.733 999.733 999.733 999.733 999.733 999.733 999.733
          999.733 999.733 999.733 999.733 999.733 999.733 999.733 999.733 999.733 999.733 999.733 999.733
          999.733 999.733 999.733 999.733 999.733 999.733 999.733 999.733 999.733 999.733 999.733 999.733
          999.733 999.733 999.733 999.733 999.733 999.733 999.733 999.733 999.733 999.733 999.733 999.733
          999.733 999.733 999.733 999.733 999.733 999.733 999.733 999.733 999.733 999.733 999.733 999.733
          999.733 999.733 999.733 999.733 999.733 999.733 999.733 999.733 999.733 999.733 999.733 999.733
          999.733 999.733 999.733 999.733 999.733 999.733 999.733 999.733 999.733 999.733 999.733 999.733
          999.733 999.733 999.733 999.733 999.733 999.733 999.733 999.733 999.733 999.733 999.733 999.733
          999.733 999.733 999.733 999.733 999.733 999.733 999.733 999.733 999.733 999.733 999.733 999.733
          999.733 999.733 999.733 999.733 999.733 999.733 999.733 999.733 999.733 999.733 999.733 999.733
          999.733 999.733 999.733 999.733 999.733 999.733 999.733 999.733 999.733 999.733 999.733 999.733
          999.733 999.733 999.733 999.733 999.733 999.733 999.733 999.733 999.733 999.733 999.733 999.733
          999.733 999.733 999.733 999.733 999.734 999.734 999.734 999.734 999.734 999.734 999.734 999.734
          999.734 999.734 999.734 999.734 999.734 999.734 999.734 999.734 999.734 999.734 999.734 999.734
          999.734 999.734 999.734 999.734 999.734 999.734 999.734 999.734 999.734 999.734 999.734 999.734
          999.734 999.734 999.734 999.734 999.734 999.734 999.734 999.734 999.734 999.734 999.734 999.734
          999.734 999.734 999.734 999.734 999.734 999.734 999.734 999.734 999.734 999.734 999.734 999.734
          999.734 999.734 999.734 999.734 999.734 999.734 999.734 999.734 999.734 999.734 999.734 999.734
          999.734 999.734 999.734 999.734 999.734 999.734 999.734 999.734 999.734 999.734 999.734 999.734
          999.734 999.734 999.734 999.734 999.734 999.734 999.734 999.734 999.734 999.734 999.734 999.734
          999.734 999.734 999.734 999.734 999.734 999.734 999.734 999.734 999.734 999.734 999.734 999.734
          999.734 999.734 999.734 999.734 999.734 999.734 999.734 999.734 999.734 999.734 999.734 999.734
          999.734 999.734 999.734 999.734 999.734 999.734 999.734 999.734 999.734 999.734 999.734 999.734
          999.734 999.734 999.734 999.734 999.734 999.734 999.734 999.734 999.734 999.734 999.734 999.734
          999.734 999.734 999.734 999.734 999.734 999.734 999.734 999.734 999.734 999.734 999.734 999.734
          999.734 999.734 999.734 999.734 999.734 999.734 999.734 999.734 999.734 999.734 999.734 999.734
          999.734 999.734 999.734 999.734 999.734 999.734 999.734 999.734 999.734 999.734 999.734 999.734
          999.734 999.734 999.734 999.734 999.734 999.734 999.734 999.734 999.734 999.734 999.734 999.734
          999.734 999.734 999.734 999.734 999.734 999.734 999.734 999.734 999.734 999.734 999.734 999.734
          999.734 999.734 999.734 999.734 999.734 999.734 999.734 999.734 999.734 999.734 999.734 999.734
          999.734 999.734 999.734 999.734 999.734 999.734 999.734 999.734 999.734 999.734 999.734 999.734
          999.734 999.734 999.734 999.734 999.734 999.734 999.734 999.734 999.734 999.734 999.734 999.734
          999.734 999.734 999.734 999.734 999.734 999.734 999.734 999.734 999.734 999.734 999.734 999.734
          999.734 999.734 999.734 999.734 999.734 999.734 999.734 999.734 999.734 999.734 999.734 999.734
          999.734 999.734 999.734 999.734 999.734 999.734 999.734 999.734 999.734 999.734 999.734 999.734
          999.734 999.734 999.734 999.734 999.734 999.734 999.734 999.734 999.734 999.734 999.734 999.734
          999.734 999.734 999.734 999.734 999.734 999.734 999.734 999.734 999.734 999.734 999.734 999.734
          999.734 999.734 999.734 999.734 999.734 999.734 999.734 999.734 999.735 999.735 999.735 999.735
          999.735 999.735 999.735 999.735 999.735 999.735 999.735 999.735 999.735 999.735 999.735 999.735
          999.735 999.735 999.735 999.735 999.735 999.735 999.735 999.735 999.735 999.735 999.735 999.735
          999.735 999.735 999.735 999.735 999.735 999.735 999.735 999.735 999.735 999.735 999.735 999.735
          999.735 999.735 999.735 999.735 999.735 999.735 999.735 999.735 999.735 999.735 999.735 999.735
          999.735 999.735 999.735 999.735 999.735 999.735 999.735 999.735 999.735 999.735 999.735 999.735
          999.735 999.735 999.735 999.735 999.735 999.735 999.735 999.735 999.734 999.734 999.734 999.734
          999.735 999.735 999.735 999.735 999.735 999.735 999.735 999.735 999.735 999.735 999.735 999.735
          999.735 999.735 999.735 999.735 999.735 999.735 999.735 999.735 999.735 999.735 999.735 999.735
          999.735 999.735 999.735 999.735 999.735 999.735 999.735 999.735 999.735 999.735 999.735 999.735
          999.735 999.735 999.735 999.735 999.735 999.735 999.735 999.735 999.735 999.735 999.735 999.735
          999.735 999.735 999.735 999.735 999.735 999.735 999.735 999.735 999.735 999.735 999.735 999.735
          999.735 999.735 999.735 999.735 999.735 999.735 999.735 999.735 999.735 999.735 999.735 999.735
          999.735 999.735 999.735 999.735 999.735 999.735 999.735 999.735 999.735 999.735 999.735 999.735
          999.735 999.735 999.735 999.735 999.735 999.735 999.735 999.735 999.735 999.735 999.735 999.735
          999.735 999.735 999.735 999.735 999.735 999.735 999.735 999.735 999.735 999.735 999.735 999.735
          999.735 999.735 999.735 999.735 999.735 999.735 999.735 999.735 999.735 999.735 999.735 999.735
          999.735 999.735 999.735 999.735 999.735 999.735 999.735 999.735 999.735 999.735 999.735 999.735
          999.735 999.735 999.735 999.735 999.735 999.735 999.735 999.735 999.735 999.735 999.735 999.735
          999.735 999.735 999.735 999.735 999.735 999.735 999.735 999.735 999.735 999.735 999.735 999.735
          999.735 999.735 999.735 999.735 999.735 999.735 999.735 999.735 999.735 999.735 999.735 999.735
          999.735 999.735 999.735 999.735 999.735 999.735 999.735 999.735 999.735 999.735 999.735 999.735
          999.735 999.735 999.735 999.735 999.735 999.735 999.735 999.735 999.735 999.735 999.735 999.735
          999.735 999.735 999.735 999.735 999.735 999.735 999.735 999.735 999.735 999.735 999.735 999.735
          999.735 999.735 999.735 999.735 999.735 999.735 999.735 999.735 999.735 999.735 999.735 999.735
          999.735 999.735 999.735 999.735 999.735 999.735 999.735 999.735 999.735 999.735 999.735 999.735
          999.736 999.736 999.736 999.736 999.736 999.736 999.736 999.736 999.736 999.736 999.736 999.736
          999.736 999.736 999.736 999.736 999.736 999.736 999.736 999.736 999.736 999.736 999.736 999.736
          999.736 999.736 999.736 999.736 999.736 999.736 999.736 999.736 999.736 999.736 999.736 999.736
          999.736 999.736 999.736 999.736 999.736 999.736 999.736 999.736 999.736 999.736 999.736 999.736
          999.736 999.736 999.736 999.736 999.736 999.736 999.736 999.736 999.736 999.736 999.736 999.736
          999.736 999.736 999.736 999.736 999.736 999.736 999.736 999.736 999.736 999.736 999.736 999.736
          999.736 999.736 999.736 999.736 999.736 999.736 999.736 999.736 999.736 999.736 999.736 999.736
          999.736 999.736 999.736 999.736 999.736 999.736 999.736 999.736 999.736 999.736 999.736 999.736
          999.736 999.736 999.736 999.736 999.736 999.736 999.736 999.736 999.736 999.736 999.736 999.736
          999.736 999.736 999.736 999.736 999.736 999.736 999.736 999.736 999.736 999.736 999.736 999.736
          999.736 999.736 999.736 999.736 999.736 999.736 999.736 999.736 999.736 999.736 999.736 999.736
          999.736 999.736 999.736 999.736 999.736 999.736 999.736 999.736 999.736 999.736 999.736 999.736
          999.736 999.736 999.736 999.736 999.736 999.736 999.736 999.736 999.736 999.736 999.736 999.736
          999.736 999.736 999.736 999.736 999.736 999.736 999.736 999.736 999.736 999.736 999.736 999.736
          999.736 999.736 999.736 999.736 999.736 999.736 999.736 999.736 999.736 999.736 999.736 999.736
          999.736 999.736 999.736 999.736 999.736 999.736 999.736 999.736 999.736 999.736 999.736 999.736
          999.736 999.736 999.736 999.736 999.736 999.736 999.736 999.736 999.736 999.736 999.736 999.736
          999.736 999.736 999.736 999.736 999.736 999.736 999.736 999.736 999.736 999.736 999.736 999.736
          999.736 999.736 999.736 999.736 999.736 999.736 999.736 999.736 999.736 999.736 999.736 999.736
          999.737 999.737 999.737 999.737 999.737 999.737 999.737 999.737 999.737 999.737 999.737 999.737
          999.737 999.737 999.737 999.737 999.737 999.737 999.736 999.736 999.736 999.736 999.736 999.736
          999.736 999.736 999.736 999.736 999.736 999.736 999.736 999.736 999.736 999.736 999.736 999.736
          999.736 999.736 999.736 999.736 999.736 999.736 999.736 999.736 999.736 999.736 999.736 999.736
          999.736 999.736 999.736 999.736 999.736 999.736 999.736 999.736 999.736 999.736 999.736 999.736
          999.736 999.736 999.736 999.736 999.736 999.736 999.736 999.736 999.736 999.736 999.736 999.736
          999.736 999.736 999.736 999.736 999.737 999.737 999.737 999.737 999.737 999.737 999.737 999.737
          999.737 999.737 999.737 999.737 999.737 999.737 999.737 999.737 999.737 999.737 999.737 999.737
          999.737 999.737 999.737 999.737 999.737 999.737 999.737 999.737 999.737 999.737 999.737 999.737
          999.737 999.737 999.737 999.737 999.737 999.737 999.737 999.737 999.737 999.737 999.737 999.737
          999.737 999.737 999.737 999.737 999.737 999.737 999.737 999.737 999.737 999.737 999.737 999.737
          999.737 999.737 999.737 999.737 999.737 999.737 999.737 999.737 999.737 999.737 999.737 999.737
          999.737 999.737 999.737 999.737 999.737 999.737 999.737 999.737 999.737 999.737 999.737 999.737
          999.737 999.737 999.737 999.737 999.737 999.737 999.737 999.737 999.737 999.737 999.737 999.737
          999.737 999.737 999.737 999.737 999.737 999.737 999.737 999.737 999.737 999.737 999.737 999.737
          999.737 999.737 999.737 999.737 999.737 999.737 999.737 999.737 999.737 999.737 999.737 999.737
          999.737 999.737 999.737 999.737 999.737 999.737 999.737 999.737 999.737 999.737 999.737 999.737
          999.737 999.737 999.737 999.737 999.737 999.737 999.737 999.737 999.737 999.737 999.737 999.737
          999.737 999.737 999.737 999.737 999.737 999.737 999.737 999.737 999.737 999.737 999.737 999.737
          999.737 999.737 999.737 999.737 999.737 999.737 999.737 999.737 999.737 999.737 999.737 999.737
          999.737 999.737 999.737 999.737 999.737 999.737 999.737 999.737 999.737 999.737 999.737 999.737
          999.737 999.737 999.737 999.737 999.737 999.737 999.737 999.737 999.737 999.737 999.737 999.737
          999.737 999.737 999.737 999.737 999.737 999.737 999.737 999.737 999.737 999.737 999.737 999.737
          999.737 999.737 999.737 999.737 999.737 999.737 999.737 999.737 999.737 999.737 999.737 999.737
          999.737 999.737 999.737 999.737 999.737 999.737 999.737 999.737 999.737 999.737 999.737 999.737
          999.737 999.737 999.737 999.737 999.738 999.738 999.738 999.738 999.738 999.738 999.738 999.738
          999.738 999.738 999.738 999.738 999.738 999.738 999.738 999.738 999.738 999.738 999.738 999.738
          999.738 999.738 999.738 999.737 999.737 999.737 999.737 999.737 999.737 999.737 999.737 999.737
          999.737 999.737 999.737 999.737 999.737 999.737 999.737 999.737 999.737 999.737 999.737 999.737
          999.737 999.737 999.737 999.737 999.737 999.737 999.737 999.737 999.737 999.737 999.737 999.737
          999.737 999.737 999.737 999.737 999.737 999.737 999.737 999.737 999.737 999.737 999.737 999.737
          999.737 999.737 999.737 999.737 999.737 999.737 999.737 999.737 999.738 999.738 999.738 999.738
          999.738 999.738 999.738 999.738 999.738 999.738 999.738 999.738 999.738 999.738 999.738 999.738
          999.738 999.738 999.738 999.738 999.738 999.738 999.738 999.738 999.738 999.738 999.738 999.738
          999.738 999.738 999.738 999.738 999.738 999.738 999.738 999.738 999.738 999.738 999.738 999.738
          999.738 999.738 999.738 999.738 999.738 999.738 999.738 999.738 999.738 999.738 999.738 999.738
          999.738 999.738 999.738 999.738 999.738 999.738 999.738 999.738 999.738 999.738 999.738 999.738
          999.738 999.738 999.738 999.738 999.738 999.738 999.738 999.738 999.738 999.738 999.738 999.738
          999.737 999.737 999.737 999.738 999.738 999.738 999.738 999.738 999.738 999.738 999.738 999.738
          999.738 999.738 999.738 999.738 999.738 999.738 999.738 999.738 999.738 999.738 999.738 999.738
          999.738 999.738 999.738 999.738 999.738 999.738 999.738 999.738 999.738 999.738 999.738 999.738
          999.738 999.738 999.738 999.738 999.738 999.738 999.738 999.738 999.738 999.738 999.738 999.738
          999.738 999.738 999.738 999.738 999.738 999.738 999.738 999.738 999.738 999.738 999.738 999.738
          999.738 999.738 999.738 999.738 999.738 999.738 999.738 999.738 999.738 999.738 999.738 999.738
          999.738 999.738 999.738 999.738 999.735 999.735 999.735 999.735 999.735 999.735 999.735 999.735
          999.737 999.737 999.737 999.738 999.738 999.738 999.738 999.738 999.738 999.738 999.738 999.738
          999.738 999.738 999.738 999.738 999.738 999.738 999.738 999.738 999.738 999.738 999.738 999.738
          999.738 999.738 999.738 999.738 999.738 999.738 999.738 999.738 999.738 999.738 999.738 999.738
          999.738 999.738 999.738 999.738 999.738 999.738 999.738 999.738 999.738 999.738 999.738 999.738
          999.738 999.738 999.738 999.738 999.738 999.738 999.738 999.738 999.738 999.738 999.738 999.738
          999.738 999.738 999.738 999.738 999.738 999.738 999.738 999.738 999.735 999.735 999.735 999.735
          999.735 999.735 999.735 999.735 999.735 999.735 999.735 999.735 999.735 999.735 999.735 999.735
          999.735 999.735 999.735 999.735 999.738 999.738 999.738 999.738 999.738 999.738 999.738 999.738
          999.738 999.738 999.738 999.738 999.738 999.738 999.738 999.738 999.738 999.738 999.738 999.738
          999.738 999.738 999.738 999.738 999.738 999.738 999.738 999.738 999.738 999.738 999.738 999.738
          999.738 999.738 999.738 999.738 999.738 999.738 999.738 999.738 999.738 999.738 999.738 999.738
          999.738 999.738 999.738 999.738 999.738 999.738 999.738 999.738 999.738 999.738 999.738 999.738
          999.735 999.735 999.735 999.735 999.735 999.735 999.735 999.735 999.735 999.735 999.735 999.735
          999.735 999.735 999.735 999.735 999.735 999.735 999.735 999.736 999.736 999.736 999.736 999.736
          999.736 999.736 999.736 999.736 999.736 999.736 999.736 999.736 999.738 999.738 999.738 999.738
          999.738 999.738 999.738 999.738 999.739 999.739 999.739 999.739 999.739 999.739 999.739 999.739
          999.739 999.739 999.739 999.739 999.739 999.739 999.739 999.739 999.739 999.739 999.739 999.739
          999.739 999.739 999.739 999.739 999.739 999.739 999.739 999.739 999.739 999.739 999.739 999.739
          999.739 999.739 999.739 999.739 999.735 999.735 999.735 999.735 999.735 999.735 999.735 999.735
          999.735 999.735 999.735 999.735 999.735 999.735 999.735 999.735 999.735 999.735 999.736 999.736
          999.736 999.736 999.736 999.736 999.736 999.736 999.736 999.736 999.736 999.736 999.736 999.736
          999.736 999.736 999.736 999.736 999.736 999.736 999.736 999.736 999.736 999.736 999.736 999.737
          999.738 999.739 999.739 999.739 999.739 999.739 999.739 999.739 999.739 999.739 999.739 999.739
          999.739 999.739 999.739 999.739 999.739 999.739 999.739 999.739 999.739 999.739 999.739 999.739
          999.739 999.739 999.739 999.739 999.739 999.739 999.739 999.739 999.735 999.735 999.735 999.735
          999.735 999.735 999.735 999.735 999.735 999.735 999.735 999.735 999.735 999.735 999.735 999.735
          999.735 999.735 999.736 999.736 999.736 999.736 999.736 999.736 999.736 999.736 999.736 999.736
          999.736 999.736 999.736 999.736 999.736 999.736 999.736 999.736 999.736 999.736 999.736 999.736
          999.736 999.736 999.737 999.737 999.737 999.737 999.737 999.737 999.737 999.737 999.737 999.737
          999.737 999.737 999.739 999.739 999.739 999.739 999.739 999.739 999.739 999.739 999.739 999.739
          999.739 999.739 999.739 999.739 999.739 999.739 999.739 999.739 999.739 999.739 999.739 999.739
          999.735 999.735 999.735 999.735 999.735 999.735 999.735 999.735 999.735 999.735 999.735 999.735
          999.735 999.735 999.735 999.735 999.735 999.736 999.736 999.736 999.736 999.736 999.736 999.736
          999.736 999.736 999.736 999.736 999.736 999.736 999.736 999.736 999.736 999.736 999.736 999.736
          999.736 999.736 999.736 999.736 999.736 999.736 999.737 999.737 999.737 999.737 999.737 999.737
          999.737 999.737 999.737 999.737 999.737 999.737 999.737 999.737 999.737 999.737 999.737 999.739
          999.739 999.739 999.739 999.739 999.739 999.739 999.739 999.739 999.739 999.739 999.739 999.739
          999.739 999.739 999.739 999.739
        </DataArray>
        <DataArray type="Float32" Name="mob_liq" NumberOfComponents="1" format="ascii">
          1000 1000 1000 1000 1000 1000 1000 1000 1000 1000 1000 1000
          1000 1000 1000 1000 1000 1000 1000 1000 1000 1000 1000 1000
          1000 1000 1000 1000 1000 1000 1000 1000 1000 1000 1000 1000
          1000 1000 1000 1000 1000 1000 1000 1000 1000 1000 1000 1000
          1000 1000 1000 1000 1000 1000 1000 1000 1000 1000 1000 1000
          1000 1000 1000 1000 1000 1000 1000 1000 1000 1000 1000 1000
          1000 1000 1000 1000 1000 1000 1000 1000 1000 1000 1000 1000
          1000 1000 1000 1000 1000 1000 1000 1000 1000 1000 1000 1000
          1000 1000 1000 1000 1000 1000 1000 1000 1000 1000 1000 1000
          1000 1000 1000 1000 1000 1000 1000 1000 1000 1000 1000 1000
          1000 1000 1000 1000 1000 1000 1000 1000 1000 1000 1000 1000
          1000 1000 1000 1000 1000 1000 1000 1000 1000 1000 1000 1000
          1000 1000 1000 1000 1000 1000 1000 1000 1000 1000 1000 1000
          1000 1000 1000 1000 1000 1000 1000 1000 1000 1000 1000 1000
          1000 1000 1000 1000 1000 1000 1000 1000 1000 1000 1000 1000
          1000 1000 1000 1000 1000 1000 1000 1000 1000 1000 1000 1000
          1000 1000 1000 1000 1000 1000 1000 1000 1000 1000 1000 1000
          1000 1000 1000 1000 1000 1000 1000 1000 1000 1000 1000 1000
          1000 1000 1000 1000 1000 1000 1000 1000 1000 1000 1000 1000
          1000 1000 1000 1000 1000 1000 1000 1000 1000 1000 1000 1000
          1000 1000 1000 1000 1000 1000 1000 1000 1000 1000 1000 1000
          1000 1000 1000 1000 1000 1000 1000 1000 1000 1000 1000 1000
          1000 1000 1000 1000 1000 1000 1000 1000 1000 1000 1000 1000
          1000 1000 1000 1000 1000 1000 1000 1000 1000 1000 1000 1000
          1000 1000 1000 1000 1000 1000 1000 1000 1000 1000 1000 1000
          1000 1000 1000 1000 1000 1000 1000 1000 1000 1000 1000 1000
          1000 1000 1000 1000 1000 1000 1000 1000 1000 1000 1000 1000
          1000 1000 1000 1000 1000 1000 1000 1000 1000 1000 1000 1000
          1000 1000 1000 1000 1000 1000 1000 1000 1000 1000 1000 1000
          1000 1000 1000 1000 1000 1000 1000 1000 1000 1000 1000 1000
          1000 1000 1000 1000 1000 1000 1000 1000 1000 1000 1000 1000
          1000 1000 1000 1000 1000 1000 1000 1000 1000 1000 1000 1000
          1000 1000 1000 1000 1000 1000 1000 1000 1000 1000 1000 1000
          1000 1000 1000 1000 1000 1000 1000 1000 1000 1000 1000 1000
          1000 1000 1000 1000 1000 1000 1000 1000 1000 1000 1000 1000
          1000 1000 1000 1000 1000 1000 1000 1000 1000 1000 1000 1000
          1000 1000 1000 1000 1000 1000 1000 1000 1000 1000 1000 1000
          1000 1000 1000 1000 1000 1000 1000 1000 1000 1000 1000 1000
          1000 1000 1000 1000 1000 1000 1000 1000 1000 1000 1000 1000
          1000 1000 1000 1000 1000 1000 1000 1000 1000 1000 1000 1000
          1000 1000 1000 1000 1000 1000 1000 1000 1000 1000 1000 1000
          1000 1000 1000 1000 1000 1000 1000 1000 1000 1000 1000 1000
          1000 1000 1000 1000 1000 1000 1000 1000 1000 1000 1000 1000
          1000 1000 1000 1000 1000 1000 1000 1000 1000 1000 1000 1000
          1000 1000 1000 1000 1000 1000 1000 1000 1000 1000 1000 1000
          1000 1000 1000 1000 1000 1000 1000 1000 1000 1000 1000 1000
          1000 1000 1000 1000 1000 1000 1000 1000 1000 1000 1000 1000
          1000 1000 1000 1000 1000 1000 1000 1000 1000 1000 1000 1000
          1000 1000 1000 1000 1000 1000 1000 1000 1000 1000 1000 1000
          1000 1000 1000 1000 1000 1000 1000 1000 1000 1000 1000 1000
          1000 1000 1000 1000 1000 1000 1000 1000 1000 1000 1000 1000
          1000 1000 1000 1000 1000 1000 1000 1000 1000 1000 1000 1000
          1000 1000 1000 1000 1000 1000 1000 1000 1000 1000 1000 1000
          1000 1000 1000 1000 1000 1000 1000 1000 1000 1000 1000 1000
          1000 1000 1000 1000 1000 1000 1000 1000 1000 1000 1000 1000
          1000 1000 1000 1000 1000 1000 1000 1000 1000 1000 1000 1000
          1000 1000 1000 1000 1000 1000 1000 1000 1000 1000 1000 1000
          1000 1000 1000 1000 1000 1000 1000 1000 1000 1000 1000 1000
          1000 1000 1000 1000 1000 1000 1000 1000 1000 1000 1000 1000
          1000 1000 1000 1000 1000 1000 1000 1000 1000 1000 1000 1000
          1000 1000 1000 1000 1000 1000 1000 1000 1000 1000 1000 1000
          1000 1000 1000 1000 1000 1000 1000 1000 1000 1000 1000 1000
          1000 1000 1000 1000 1000 1000 1000 1000 1000 1000 1000 1000
          1000 1000 1000 1000 1000 1000 1000 1000 1000 1000 1000 1000
          1000 1000 1000 1000 1000 1000 1000 1000 1000 1000 1000 1000
          1000 1000 1000 1000 1000 1000 1000 1000 1000 1000 1000 1000
          1000 1000 1000 1000 1000 1000 1000 1000 1000 1000 1000 1000
          1000 1000 1000 1000 1000 1000 1000 1000 1000 1000 1000 1000
          1000 1000 1000 1000 1000 1000 1000 1000 1000 1000 1000 1000
          1000 1000 1000 1000 1000 1000 1000 1000 1000 1000 1000 1000
          1000 1000 1000 1000 1000 1000 1000 1000 1000 1000 1000 1000
          1000 1000 1000 1000 1000 1000 1000 1000 1000 1000 1000 1000
          1000 1000 1000 1000 1000 1000 1000 1000 1000 1000 1000 1000
          1000 1000 1000 1000 1000 1000 1000 1000 1000 1000 1000 1000
          1000 1000 1000 1000 1000 1000 1000 1000 1000 1000 1000 1000
          1000 1000 1000 1000 1000 1000 1000 1000 1000 1000 1000 1000
          1000 1000 1000 1000 1000 1000 1000 1000 1000 1000 1000 1000
          1000 1000 1000 1000 1000 1000 1000 1000 1000 1000 1000 1000
          1000 1000 1000 1000 1000 1000 1000 1000 1000 1000 1000 1000
          1000 1000 1000 1000 1000 1000 1000 1000 1000 1000 1000 1000
          1000 1000 1000 1000 1000 1000 1000 1000 1000 1000 1000 1000
          1000 1000 1000 1000 1000 1000 1000 1000 1000 1000 1000 1000
          1000 1000 1000 1000 1000 1000 1000 1000 1000 1000 1000 1000
          1000 1000 1000 1000 1000 1000 1000 1000 1000 1000 1000 1000
          1000 1000 1000 1000 1000 1000 1000 1000 1000 1000 1000 1000
          1000 1000 1000 1000 1000 1000 1000 1000 1000 1000 1000 1000
          1000 1000 1000 1000 1000 1000 1000 1000 1000 1000 1000 1000
          1000 1000 1000 1000 1000 1000 1000 1000 1000 1000 1000 1000
          1000 1000 1000 1000 1000 1000 1000 1000 1000 1000 1000 1000
          1000 1000 1000 1000 1000 1000 1000 1000 1000 1000 1000 1000
          1000 1000 1000 1000 1000 1000 1000 1000 1000 1000 1000 1000
          1000 1000 1000 1000 1000 1000 1000 1000 1000 1000 1000 1000
          1000 1000 1000 1000 1000 1000 1000 1000 1000 1000 1000 1000
          1000 1000 1000 1000 1000 1000 1000 1000 1000 1000 1000 1000
          1000 1000 1000 1000 1000 1000 1000 1000 1000 1000 1000 1000
          1000 1000 1000 1000 1000 1000 1000 1000 1000 1000 1000 1000
          1000 1000 1000 1000 1000 1000 1000 1000 1000 1000 1000 1000
          1000 1000 1000 1000 1000 1000 1000 1000 1000 1000 1000 1000
          1000 1000 1000 1000 1000 1000 1000 1000 1000 1000 1000 1000
          1000 1000 1000 1000 1000 1000 1000 1000 1000 1000 1000 1000
          1000 1000 1000 1000 1000 1000 1000 1000 1000 1000 1000 1000
          1000 1000 1000 1000 1000 1000 1000 1000 1000 1000 1000 1000
          1000 1000 1000 1000 1000 1000 1000 1000 1000 1000 1000 1000
          1000 1000 1000 1000 1000 1000 1000 1000 1000 1000 1000 1000
          1000 1000 1000 1000 1000 1000 1000 1000 1000 1000 1000 1000
          1000 1000 1000 1000 1000 1000 1000 1000 1000 1000 1000 1000
          1000 1000 1000 1000 1000 1000 1000 1000 1000 1000 1000 1000
          1000 1000 1000 1000 1000 1000 1000 1000 1000 1000 1000 1000
          1000 1000 1000 1000 1000 1000 1000 1000 1000 1000 1000 1000
          1000 1000 1000 1000 1000 1000 1000 1000 1000 1000 1000 1000
          1000 1000 1000 1000 1000 1000 1000 1000 1000 1000 1000 1000
          1000 1000 1000 1000 1000 1000 1000 1000 1000 1000 1000 1000
          1000 1000 1000 1000 1000 1000 1000 1000 1000 1000 1000 1000
          1000 1000 1000 1000 1000 1000 1000 1000 1000 1000 1000 1000
          1000 1000 1000 1000 1000 1000 1000 1000 1000 1000 1000 1000
          1000 1000 1000 1000 1000 1000 1000 1000 1000 1000 1000 1000
          1000 1000 1000 1000 1000 1000 1000 1000 1000 1000 1000 1000
          1000 1000 1000 1000 1000 1000 1000 1000 1000 1000 1000 1000
          1000 1000 1000 1000 1000 1000 1000 1000 1000 1000 1000 1000
          1000 1000 1000 1000 1000 1000 1000 1000 1000 1000 1000 1000
          1000 1000 1000 1000 1000 1000 1000 1000 1000 1000 1000 1000
          1000 1000 1000 1000 1000 1000 1000 1000 1000 1000 1000 1000
          1000 1000 1000 1000 1000 1000 1000 1000 1000 1000 1000 1000
          1000 1000 1000 1000 1000 1000 1000 1000 1000 1000 1000 1000
          1000 1000 1000 1000 1000 1000 1000 1000 1000 1000 1000 1000
          1000 1000 1000 1000 1000 1000 1000 1000 1000 1000 1000 1000
          1000 1000 1000 1000 1000 1000 1000 1000 1000 1000 1000 1000
          1000 1000 1000 1000 1000 1000 1000 1000 1000 1000 1000 1000
          1000 1000 1000 1000 1000 1000 1000 1000 1000 1000 1000 1000
          1000 1000 1000 1000 1000 1000 1000 1000 1000 1000 1000 1000
          1000 1000 1000 1000 1000 1000 1000 1000 1000 1000 1000 1000
          1000 1000 1000 1000 1000 1000 1000 1000 1000 1000 1000 1000
          1000 1000 1000 1000 1000 1000 1000 1000 1000 1000 1000 1000
          1000 1000 1000 1000 1000 1000 1000 1000 1000 1000 1000 1000
          1000 1000 1000 1000 1000 1000 1000 1000 1000 1000 1000 1000
          1000 1000 1000 1000 1000 1000 1000 1000 1000 1000 1000 1000
          1000 1000 1000 1000 1000 1000 1000 1000 1000 1000 1000 1000
          1000 1000 1000 1000 1000 1000 1000 1000 1000 1000 1000 1000
          1000 1000 1000 1000 1000 1000 1000 1000 1000 1000 1000 1000
          1000 1000 1000 1000 1000 1000 1000 1000 1000 1000 1000 1000
          1000 1000 1000 1000 1000 1000 1000 1000 1000 1000 1000 1000
          1000 1000 1000 1000 1000 1000 1000 1000 1000 1000 1000 1000
          1000 1000 1000 1000 1000 1000 1000 1000 1000 1000 1000 1000
          1000 1000 1000 1000 1000 1000 1000 1000 1000 1000 1000 1000
          1000 1000 1000 1000 1000 1000 1000 1000 1000 1000 1000 1000
          1000 1000 1000 1000 1000 1000 1000 1000 1000 1000 1000 1000
          1000 1000 1000 1000 1000 1000 1000 1000 1000 1000 1000 1000
          1000 1000 1000 1000 1000 1000 1000 1000 1000 1000 1000 1000
          1000 1000 1000 1000 1000 1000 1000 1000 1000 1000 1000 1000
          1000 1000 1000 1000 1000 1000 1000 1000 1000 1000 1000 1000
          1000 1000 1000 1000 1000 1000 1000 1000 1000 1000 1000 1000
          1000 1000 1000 1000 1000 1000 1000 1000 1000 1000 1000 1000
          1000 1000 1000 1000 1000 1000 1000 1000 1000 1000 1000 1000
          1000 1000 1000 1000 1000 1000 1000 1000 1000 1000 1000 1000
          1000 1000 1000 1000 1000 1000 1000 1000 1000 1000 1000 1000
          1000 1000 1000 1000 1000 1000 1000 1000 1000 1000 1000 1000
          1000 1000 1000 1000 1000 1000 1000 1000 1000 1000 1000 1000
          1000 1000 1000 1000 1000 1000 1000 1000 1000 1000 1000 1000
          1000 1000 1000 1000 158.035 198.575 259.391 352.994 504.27 716.576 912.3 998.418
          1000 1000 1000 1000 1000 1000 1000 1000 1000 1000 1000 1000
          1000 1000 1000 1000 1000 1000 1000 1000 1000 1000 1000 1000
          1000 1000 1000 1000 1000 1000 1000 1000 1000 1000 1000 1000
          1000 1000 1000 1000 1000 1000 1000 1000 1000 1000 1000 1000
          1000 1000 1000 1000 1000 1000 1000 1000 1000 1000 1000 1000
          1000 1000 1000 1000 1000 1000 1000 1000 46.474 48.8653 51.6607 55.0375
          59.1142 64.1261 70.4533 78.8078 89.8499 103.995 122.331 146.663 179.915 226.658 293.537 394.368
          546.818 739.545 912.289 996.225 1000 1000 1000 1000 1000 1000 1000 1000
          1000 1000 1000 1000 1000 1000 1000 1000 1000 1000 1000 1000
          1000 1000 1000 1000 1000 1000 1000 1000 1000 1000 1000 1000
          1000 1000 1000 1000 1000 1000 1000 1000 1000 1000 1000 1000
          1000 1000 1000 1000 1000 1000 1000 1000 1000 1000 1000 1000
          28.9498 29.777 30.6754 31.6558 32.7299 33.9062 35.1943 36.5962 38.1204 39.7861 41.6185 43.6529
          45.9424 48.5724 51.6585 55.2996 59.6651 65.0043 71.6785 80.325 91.6761 106.18 124.886 149.483
          182.547 227.699 291.135 384.446 521.875 699.214 872.592 983.246 1000 1000 1000 1000
          1000 1000 1000 1000 1000 1000 1000 1000 1000 1000 1000 1000
          1000 1000 1000 1000 1000 1000 1000 1000 1000 1000 1000 1000
          1000 1000 1000 1000 1000 1000 1000 1000 1000 1000 1000 1000
          1000 1000 1000 1000 18.9289 19.3382 19.7697 20.2253 20.7067 21.2159 21.7549 22.3262
          22.9331 23.5793 24.2698 25.0103 25.8076 26.6695 27.6052 28.6236 29.7335 30.9454 32.2711 33.7201
          35.3 37.0324 38.9461 41.0808 43.4935 46.2667 49.4885 53.2764 57.8059 63.3219 70.1712 78.8949
          90.3719 105.187 124.376 149.689 183.764 230.36 296.485 394.434 539.139 723.59 896.284 992.086
          1000 1000 1000 1000 1000 1000 1000 1000 1000 1000 1000 1000
          1000 1000 1000 1000 1000 1000 1000 1000 1000 1000 1000 1000
          1000 1000 1000 1000 1000 1000 1000 1000 10.7743 10.9806 11.196 11.4211
          11.6564 11.9028 12.1608 12.4313 12.7153 13.0138 13.328 13.6592 14.0088 14.3786 14.7702 15.1857
          15.627 16.0961 16.5955 17.128 17.6969 18.3064 18.9613 19.6675 20.4317 21.2618 22.167 23.1566
          24.2422 25.4361 26.7518 28.2068 29.8162 31.6053 33.6105 35.881 38.4844 41.5138 45.0746 49.3283
          54.5053 60.9345 69.0909 79.7406 94.072 113.233 139.379 176.223 229.814 310.519 438.52 631.542
          849.886 986.576 1000 1000 1000 1000 1000 1000 1000 1000 1000 1000
          1000 1000 1000 1000 1000 1000 1000 1000 1000 1000 1000 1000
          3.46592 3.52724 3.59099 3.65731 3.72636 3.7983 3.8733 3.95156 4.03329 4.11871 4.20809 4.30168
          4.39979 4.50275 4.6109 4.72465 4.8444 4.97063 5.10383 5.24459 5.39355 5.55142 5.71902 5.89729
          6.08728 6.29015 6.50723 6.73999 6.99004 7.25931 7.54999 7.86451 8.20585 8.5776 8.98404 9.43028
          9.92243 10.468 11.0759 11.7565 12.5227 13.3905 14.3804 15.5173 16.8294 18.3618 20.1772 22.3679
          25.0752 28.5029 32.9508 38.9444 47.4394 60.4232 82.1541 121.673 207.973 469.845 940.137 1000
          1000 1000 1000 1000 1000 1000 1000 1000 1000 1000 1000 1000
          1000 1000 1000 1000
        </DataArray>
        <DataArray type="Float32" Name="S_gas" NumberOfComponents="1" format="ascii">
          0 0 0 0 0 0 0 0 0 0 0 0
          0 0 0 0 0 0 0 0 0 0 0 0
          0 0 0 0 0 0 0 0 0 0 0 0
          0 0 0 0 0 0 0 0 0 0 0 0
          0 0 0 0 0 0 0 0 0 0 0 0
          0 0 0 0 0 0 0 0 0 0 0 0
          0 0 0 0 0 0 0 0 0 0 0 0
          0 0 0 0 0 0 0 0 0 0 0 0
          0 0 0 0 0 0 0 0 0 0 0 0
          0 0 0 0 0 0 0 0 0 0 0 0
          0 0 0 0 0 0 0 0 0 0 0 0
          0 0 0 0 0 0 0 0 0 0 0 0
          0 0 0 0 0 0 0 0 0 0 0 0
          0 0 0 0 0 0 0 0 0 0 0 0
          0 0 0 0 0 0 0 0 0 0 0 0
          0 0 0 0 0 0 0 0 0 0 0 0
          0 0 0 0 0 0 0 0 0 0 0 0
          0 0 0 0 0 0 0 0 0 0 0 0
          0 0 0 0 0 0 0 0 0 0 0 0
          0 0 0 0 0 0 0 0 0 0 0 0
          0 0 0 0 0 0 0 0 0 0 0 0
          0 0 0 0 0 0 0 0 0 0 0 0
          0 0 0 0 0 0 0 0 0 0 0 0
          0 0 0 0 0 0 0 0 0 0 0 0
          0 0 0 0 0 0 0 0 0 0 0 0
          0 0 0 0 0 0 0 0 0 0 0 0
          0 0 0 0 0 0 0 0 0 0 0 0
          0 0 0 0 0 0 0 0 0 0 0 0
          0 0 0 0 0 0 0 0 0 0 0 0
          0 0 0 0 0 0 0 0 0 0 0 0
          0 0 0 0 0 0 0 0 0 0 0 0
          0 0 0 0 0 0 0 0 0 0 0 0
          0 0 0 0 0 0 0 0 0 0 0 0
          0 0 0 0 0 0 0 0 0 0 0 0
          0 0 0 0 0 0 0 0 0 0 0 0
          0 0 0 0 0 0 0 0 0 0 0 0
          0 0 0 0 0 0 0 0 0 0 0 0
          0 0 0 0 0 0 0 0 0 0 0 0
          0 0 0 0 0 0 0 0 0 0 0 0
          0 0 0 0 0 0 0 0 0 0 0 0
          0 0 0 0 0 0 0 0 0 0 0 0
          0 0 0 0 0 0 0 0 0 0 0 0
          0 0 0 0 0 0 0 0 0 0 0 0
          0 0 0 0 0 0 0 0 0 0 0 0
          0 0 0 0 0 0 0 0 0 0 0 0
          0 0 0 0 0 0 0 0 0 0 0 0
          0 0 0 0 0 0 0 0 0 0 0 0
          0 0 0 0 0 0 0 0 0 0 0 0
          0 0 0 0 0 0 0 0 0 0 0 0
          0 0 0 0 0 0 0 0 0 0 0 0
          0 0 0 0 0 0 0 0 0 0 0 0
          0 0 0 0 0 0 0 0 0 0 0 0
          0 0 0 0 0 0 0 0 0 0 0 0
          0 0 0 0 0 0 0 0 0 0 0 0
          0 0 0 0 0 0 0 0 0 0 0 0
          0 0 0 0 0 0 0 0 0 0 0 0
          0 0 0 0 0 0 0 0 0 0 0 0
          0 0 0 0 0 0 0 0 0 0 0 0
          0 0 0 0 0 0 0 0 0 0 0 0
          0 0 0 0 0 0 0 0 0 0 0 0
          0 0 0 0 0 0 0 0 0 0 0 0
          0 0 0 0 0 0 0 0 0 0 0 0
          0 0 0 0 0 0 0 0 0 0 0 0
          0 0 0 0 0 0 0 0 0 0 0 0
          0 0 0 0 0 0 0 0 0 0 0 0
          0 0 0 0 0 0 0 0 0 0 0 0
          0 0 0 0 0 0 0 0 0 0 0 0
          0 0 0 0 0 0 0 0 0 0 0 0
          0 0 0 0 0 0 0 0 0 0 0 0
          0 0 0 0 0 0 0 0 0 0 0 0
          0 0 0 0 0 0 0 0 0 0 0 0
          0 0 0 0 0 0 0 0 0 0 0 0
          0 0 0 0 0 0 0 0 0 0 0 0
          0 0 0 0 0 0 0 0 0 0 0 0
          0 0 0 0 0 0 0 0 0 0 0 0
          0 0 0 0 0 0 0 0 0 0 0 0
          0 0 0 0 0 0 0 0 0 0 0 0
          0 0 0 0 0 0 0 0 0 0 0 0
          0 0 0 0 0 0 0 0 0 0 0 0
          0 0 0 0 0 0 0 0 0 0 0 0
          0 0 0 0 0 0 0 0 0 0 0 0
          0 0 0 0 0 0 0 0 0 0 0 0
          0 0 0 0 0 0 0 0 0 0 0 0
          0 0 0 0 0 0 0 0 0 0 0 0
          0 0 0 0 0 0 0 0 0 0 0 0
          0 0 0 0 0 0 0 0 0 0 0 0
          0 0 0 0 0 0 0 0 0 0 0 0
          0 0 0 0 0 0 0 0 0 0 0 0
          0 0 0 0 0 0 0 0 0 0 0 0
          0 0 0 0 0 0 0 0 0 0 0 0
          0 0 0 0 0 0 0 0 0 0 0 0
          0 0 0 0 0 0 0 0 0 0 0 0
          0 0 0 0 0 0 0 0 0 0 0 0
          0 0 0 0 0 0 0 0 0 0 0 0
          0 0 0 0 0 0 0 0 0 0 0 0
          0 0 0 0 0 0 0 0 0 0 0 0
          0 0 0 0 0 0 0 0 0 0 0 0
          0 0 0 0 0 0 0 0 0 0 0 0
          0 0 0 0 0 0 0 0 0 0 0 0
          0 0 0 0 0 0 0 0 0 0 0 0
          0 0 0 0 0 0 0 0 0 0 0 0
          0 0 0 0 0 0 0 0 0 0 0 0
          0 0 0 0 0 0 0 0 0 0 0 0
          0 0 0 0 0 0 0 0 0 0 0 0
          0 0 0 0 0 0 0 0 0 0 0 0
          0 0 0 0 0 0 0 0 0 0 0 0
          0 0 0 0 0 0 0 0 0 0 0 0
          0 0 0 0 0 0 0 0 0 0 0 0
          0 0 0 0 0 0 0 0 0 0 0 0
          0 0 0 0 0 0 0 0 0 0 0 0
          0 0 0 0 0 0 0 0 0 0 0 0
          0 0 0 0 0 0 0 0 0 0 0 0
          0 0 0 0 0 0 0 0 0 0 0 0
          0 0 0 0 0 0 0 0 0 0 0 0
          0 0 0 0 0 0 0 0 0 0 0 0
          0 0 0 0 0 0 0 0 0 0 0 0
          0 0 0 0 0 0 0 0 0 0 0 0
          0 0 0 0 0 0 0 0 0 0 0 0
          0 0 0 0 0 0 0 0 0 0 0 0
          0 0 0 0 0 0 0 0 0 0 0 0
          0 0 0 0 0 0 0 0 0 0 0 0
          0 0 0 0 0 0 0 0 0 0 0 0
          0 0 0 0 0 0 0 0 0 0 0 0
          0 0 0 0 0 0 0 0 0 0 0 0
          0 0 0 0 0 0 0 0 0 0 0 0
          0 0 0 0 0 0 0 0 0 0 0 0
          0 0 0 0 0 0 0 0 0 0 0 0
          0 0 0 0 0 0 0 0 0 0 0 0
          0 0 0 0 0 0 0 0 0 0 0 0
          0 0 0 0 0 0 0 0 0 0 0 0
          0 0 0 0 0 0 0 0 0 0 0 0
          0 0 0 0 0 0 0 0 0 0 0 0
          0 0 0 0 0 0 0 0 0 0 0 0
          0 0 0 0 0 0 0 0 0 0 0 0
          0 0 0 0 0 0 0 0 0 0 0 0
          0 0 0 0 0 0 0 0 0 0 0 0
          0 0 0 0 0 0 0 0 0 0 0 0
          0 0 0 0 0 0 0 0 0 0 0 0
          0 0 0 0 0 0 0 0 0 0 0 0
          0 0 0 0 0 0 0 0 0 0 0 0
          0 0 0 0 0 0 0 0 0 0 0 0
          0 0 0 0 0 0 0 0 0 0 0 0
          0 0 0 0 0 0 0 0 0 0 0 0
          0 0 0 0 0 0 0 0 0 0 0 0
          0 0 0 0 0 0 0 0 0 0 0 0
          0 0 0 0 0 0 0 0 0 0 0 0
          0 0 0 0 0 0 0 0 0 0 0 0
          0 0 0 0 0 0 0 0 0 0 0 0
          0 0 0 0 0 0 0 0 0 0 0 0
          0 0 0 0 0 0 0 0 0 0 0 0
          0 0 0 0 0 0 0 0 0 0 0 0
          0 0 0 0 0 0 0 0 0 0 0 0
          0 0 0 0 0 0 0 0 0 0 0 0
          0 0 0 0 0 0 0 0 0 0 0 0
          0 0 0 0 0 0 0 0 0 0 0 0
          0 0 0 0 0 0 0 0 0 0 0 0
          0 0 0 0 0 0 0 0 0 0 0 0
          0 0 0 0 0 0 0 0 0 0 0 0
          0 0 0 0 0.175063 0.15552 0.131936 0.103741 0.0697176 0.0346826 0.00969656 0.000168168
          0 0 0 0 0 0 0 0 0 0 0 0
          0 0 0 0 0 0 0 0 0 0 0 0
          0 0 0 0 0 0 0 0 0 0 0 0
          0 0 0 0 0 0 0 0 0 0 0 0
          0 0 0 0 0 0 0 0 0 0 0 0
          0 0 0 0 0 0 0 0 0.270811 0.267167 0.2631 0.258437
          0.253129 0.247026 0.239892 0.231286 0.221061 0.209462 0.196327 0.181334 0.164034 0.143942 0.120749 0.0933298
          0.0617767 0.0314608 0.0096979 0.000401718 0 0 0 0 0 0 0 0
          0 0 0 0 0 0 0 0 0 0 0 0
          0 0 0 0 0 0 0 0 0 0 0 0
          0 0 0 0 0 0 0 0 0 0 0 0
          0 0 0 0 0 0 0 0 0 0 0 0
          0.304086 0.30216 0.30012 0.297954 0.295646 0.293194 0.290593 0.287855 0.28498 0.281952 0.278745 0.275327
          0.271643 0.267605 0.263103 0.258085 0.252437 0.246 0.238576 0.229809 0.219477 0.207794 0.194635 0.179741
          0.162788 0.143538 0.121498 0.0957361 0.0663634 0.0371785 0.0143579 0.00179327 0 0 0 0
          0 0 0 0 0 0 0 0 0 0 0 0
          0 0 0 0 0 0 0 0 0 0 0 0
          0 0 0 0 0 0 0 0 0 0 0 0
          0 0 0 0 0.332322 0.330936 0.329502 0.328018 0.326481 0.324888 0.323239 0.321529
          0.319755 0.31791 0.315986 0.313976 0.31187 0.309656 0.307321 0.304858 0.30226 0.299518 0.296624 0.293577
          0.290383 0.287022 0.283465 0.279673 0.27559 0.271135 0.266243 0.260837 0.254797 0.247977 0.240198 0.2312
          0.220605 0.208548 0.19497 0.179625 0.162217 0.142511 0.119838 0.093314 0.063169 0.0336893 0.0115549 0.000843755
          0 0 0 0 0 0 0 0 0 0 0 0
          0 0 0 0 0 0 0 0 0 0 0 0
          0 0 0 0 0 0 0 0 0.367533 0.366388 0.365212 0.364004
          0.362764 0.361488 0.360177 0.358828 0.357439 0.356008 0.354533 0.353011 0.351438 0.349812 0.348129 0.346385
          0.344579 0.342707 0.340765 0.338751 0.336659 0.334481 0.332211 0.329839 0.327355 0.324747 0.322002 0.319112
          0.316062 0.312844 0.309447 0.305857 0.302069 0.298064 0.293803 0.28924 0.284309 0.278925 0.273021 0.26648
          0.259155 0.250862 0.24138 0.230375 0.21744 0.20261 0.185579 0.16581 0.142721 0.115605 0.0832256 0.0474554
          0.0171074 0.00143471 0 0 0 0 0 0 0 0 0 0
          0 0 0 0 0 0 0 0 0 0 0 0
          0.431307 0.430388 0.429447 0.428484 0.427497 0.426486 0.42545 0.424387 0.423296 0.422177 0.421027 0.419846
          0.418632 0.417383 0.416097 0.414774 0.41341 0.412004 0.410554 0.409057 0.40751 0.405912 0.404257 0.402544
          0.400767 0.398922 0.397005 0.395011 0.392934 0.390769 0.38851 0.38615 0.38368 0.38109 0.378368 0.375502
          0.372475 0.36927 0.365865 0.362243 0.358378 0.354244 0.349804 0.345024 0.339874 0.334287 0.328173 0.321406
          0.313803 0.305146 0.29518 0.283468 0.269321 0.251493 0.228061 0.196767 0.151495 0.0765837 0.00653358 0
          0 0 0 0 0 0 0 0 0 0 0 0
          0 0 0 0
        </DataArray>
        <DataArray type="Float32" Name="p_gas" NumberOfComponents="1" format="ascii">
          1.81196e+07 1.81183e+07 1.81e+07 1.80987e+07 1.8117e+07 1.80974e+07 1.81156e+07 1.80961e+07 1.81143e+07 1.80947e+07 1.8113e+07 1.80934e+07
          1.81116e+07 1.8092e+07 1.81102e+07 1.80906e+07 1.81089e+07 1.80893e+07 1.81075e+07 1.80879e+07 1.81061e+07 1.80865e+07 1.81047e+07 1.80851e+07
          1.81033e+07 1.80837e+07 1.81018e+07 1.80823e+07 1.81004e+07 1.80808e+07 1.8099e+07 1.80794e+07 1.80976e+07 1.8078e+07 1.80961e+07 1.80765e+07
          1.80946e+07 1.80751e+07 1.80932e+07 1.80736e+07 1.80917e+07 1.80721e+07 1.80902e+07 1.80706e+07 1.80887e+07 1.80692e+07 1.80873e+07 1.80677e+07
          1.80858e+07 1.80662e+07 1.80842e+07 1.80647e+07 1.80827e+07 1.80631e+07 1.80812e+07 1.80616e+07 1.80797e+07 1.80601e+07 1.80781e+07 1.80586e+07
          1.80766e+07 1.8057e+07 1.80751e+07 1.80555e+07 1.80735e+07 1.80539e+07 1.80719e+07 1.80524e+07 1.80704e+07 1.80508e+07 1.80688e+07 1.80492e+07
          1.80672e+07 1.80476e+07 1.80657e+07 1.80461e+07 1.80641e+07 1.80445e+07 1.80625e+07 1.80429e+07 1.80609e+07 1.80413e+07 1.80593e+07 1.80397e+07
          1.80577e+07 1.80381e+07 1.80561e+07 1.80365e+07 1.80545e+07 1.80349e+07 1.80528e+07 1.80332e+07 1.80512e+07 1.80316e+07 1.80496e+07 1.803e+07
          1.8048e+07 1.80284e+07 1.80463e+07 1.80267e+07 1.80447e+07 1.80251e+07 1.80431e+07 1.80235e+07 1.80414e+07 1.80218e+07 1.80398e+07 1.80202e+07
          1.80382e+07 1.80186e+07 1.80365e+07 1.80169e+07 1.80349e+07 1.80153e+07 1.80332e+07 1.80136e+07 1.80316e+07 1.8012e+07 1.80299e+07 1.80103e+07
          1.80283e+07 1.80087e+07 1.80266e+07 1.8007e+07 1.8025e+07 1.80054e+07 1.80234e+07 1.80037e+07 1.80217e+07 1.80021e+07 1.80201e+07 1.80005e+07
          1.80184e+07 1.79988e+07 1.80168e+07 1.79972e+07 1.80151e+07 1.79955e+07 1.80135e+07 1.79939e+07 1.80118e+07 1.79922e+07 1.80102e+07 1.79906e+07
          1.80086e+07 1.7989e+07 1.80069e+07 1.79873e+07 1.80053e+07 1.79857e+07 1.80037e+07 1.79841e+07 1.80805e+07 1.80792e+07 1.80779e+07 1.80765e+07
          1.80752e+07 1.80738e+07 1.80725e+07 1.80711e+07 1.80697e+07 1.80684e+07 1.8067e+07 1.80656e+07 1.80642e+07 1.80627e+07 1.80613e+07 1.80599e+07
          1.80584e+07 1.8057e+07 1.80555e+07 1.80541e+07 1.80526e+07 1.80511e+07 1.80496e+07 1.80481e+07 1.80466e+07 1.80451e+07 1.80436e+07 1.80421e+07
          1.80406e+07 1.8039e+07 1.80375e+07 1.80359e+07 1.80344e+07 1.80328e+07 1.80313e+07 1.80297e+07 1.80281e+07 1.80265e+07 1.80249e+07 1.80233e+07
          1.80217e+07 1.80201e+07 1.80185e+07 1.80169e+07 1.80153e+07 1.80137e+07 1.80121e+07 1.80104e+07 1.80088e+07 1.80072e+07 1.80056e+07 1.80039e+07
          1.80023e+07 1.80006e+07 1.7999e+07 1.79974e+07 1.79957e+07 1.79941e+07 1.79924e+07 1.79908e+07 1.79891e+07 1.79875e+07 1.79858e+07 1.79842e+07
          1.79825e+07 1.79809e+07 1.79792e+07 1.79776e+07 1.79759e+07 1.79743e+07 1.79727e+07 1.7971e+07 1.79694e+07 1.79677e+07 1.79661e+07 1.79645e+07
          1.80611e+07 1.80597e+07 1.80584e+07 1.80571e+07 1.80557e+07 1.80544e+07 1.8053e+07 1.80517e+07 1.80503e+07 1.80489e+07 1.80475e+07 1.80461e+07
          1.80447e+07 1.80433e+07 1.80419e+07 1.80404e+07 1.8039e+07 1.80375e+07 1.80361e+07 1.80346e+07 1.80331e+07 1.80316e+07 1.80302e+07 1.80287e+07
          1.80272e+07 1.80257e+07 1.80241e+07 1.80226e+07 1.80211e+07 1.80195e+07 1.8018e+07 1.80165e+07 1.80149e+07 1.80133e+07 1.80118e+07 1.80102e+07
          1.80086e+07 1.8007e+07 1.80054e+07 1.80038e+07 1.80022e+07 1.80006e+07 1.7999e+07 1.79974e+07 1.79958e+07 1.79942e+07 1.79926e+07 1.79909e+07
          1.79893e+07 1.79877e+07 1.7986e+07 1.79844e+07 1.79828e+07 1.79811e+07 1.79795e+07 1.79778e+07 1.79762e+07 1.79745e+07 1.79729e+07 1.79712e+07
          1.79696e+07 1.79679e+07 1.79663e+07 1.79646e+07 1.7963e+07 1.79613e+07 1.79597e+07 1.7958e+07 1.79564e+07 1.79547e+07 1.79531e+07 1.79515e+07
          1.79498e+07 1.79482e+07 1.79465e+07 1.79449e+07 1.80417e+07 1.80403e+07 1.8039e+07 1.80377e+07 1.80363e+07 1.8035e+07 1.80336e+07 1.80323e+07
          1.80309e+07 1.80295e+07 1.80281e+07 1.80267e+07 1.80253e+07 1.80239e+07 1.80224e+07 1.8021e+07 1.80196e+07 1.80181e+07 1.80167e+07 1.80152e+07
          1.80137e+07 1.80122e+07 1.80107e+07 1.80092e+07 1.80077e+07 1.80062e+07 1.80047e+07 1.80032e+07 1.80017e+07 1.80001e+07 1.79986e+07 1.7997e+07
          1.79955e+07 1.79939e+07 1.79923e+07 1.79908e+07 1.79892e+07 1.79876e+07 1.7986e+07 1.79844e+07 1.79828e+07 1.79812e+07 1.79796e+07 1.7978e+07
          1.79763e+07 1.79747e+07 1.79731e+07 1.79715e+07 1.79698e+07 1.79682e+07 1.79666e+07 1.79649e+07 1.79633e+07 1.79616e+07 1.796e+07 1.79583e+07
          1.79567e+07 1.7955e+07 1.79534e+07 1.79517e+07 1.79501e+07 1.79484e+07 1.79468e+07 1.79451e+07 1.79434e+07 1.79418e+07 1.79401e+07 1.79385e+07
          1.79368e+07 1.79352e+07 1.79336e+07 1.79319e+07 1.79303e+07 1.79286e+07 1.7927e+07 1.79254e+07 1.80223e+07 1.8021e+07 1.80197e+07 1.80184e+07
          1.8017e+07 1.80157e+07 1.80143e+07 1.80129e+07 1.80116e+07 1.80102e+07 1.80088e+07 1.80074e+07 1.8006e+07 1.80045e+07 1.80031e+07 1.80017e+07
          1.80002e+07 1.79988e+07 1.79973e+07 1.79958e+07 1.79944e+07 1.79929e+07 1.79914e+07 1.79899e+07 1.79884e+07 1.79869e+07 1.79854e+07 1.79838e+07
          1.79823e+07 1.79807e+07 1.79792e+07 1.79776e+07 1.79761e+07 1.79745e+07 1.79729e+07 1.79714e+07 1.79698e+07 1.79682e+07 1.79666e+07 1.7965e+07
          1.79634e+07 1.79618e+07 1.79602e+07 1.79585e+07 1.79569e+07 1.79553e+07 1.79537e+07 1.7952e+07 1.79504e+07 1.79488e+07 1.79471e+07 1.79455e+07
          1.79438e+07 1.79422e+07 1.79405e+07 1.79389e+07 1.79372e+07 1.79356e+07 1.79339e+07 1.79322e+07 1.79306e+07 1.79289e+07 1.79273e+07 1.79256e+07
          1.79239e+07 1.79223e+07 1.79206e+07 1.7919e+07 1.79173e+07 1.79157e+07 1.7914e+07 1.79124e+07 1.79107e+07 1.79091e+07 1.79074e+07 1.79058e+07
          1.80031e+07 1.80017e+07 1.80004e+07 1.79991e+07 1.79977e+07 1.79964e+07 1.7995e+07 1.79937e+07 1.79923e+07 1.79909e+07 1.79895e+07 1.79881e+07
          1.79867e+07 1.79853e+07 1.79838e+07 1.79824e+07 1.79809e+07 1.79795e+07 1.7978e+07 1.79766e+07 1.79751e+07 1.79736e+07 1.79721e+07 1.79706e+07
          1.79691e+07 1.79676e+07 1.7966e+07 1.79645e+07 1.7963e+07 1.79614e+07 1.79599e+07 1.79583e+07 1.79568e+07 1.79552e+07 1.79536e+07 1.7952e+07
          1.79504e+07 1.79488e+07 1.79472e+07 1.79456e+07 1.7944e+07 1.79424e+07 1.79408e+07 1.79392e+07 1.79376e+07 1.79359e+07 1.79343e+07 1.79326e+07
          1.7931e+07 1.79294e+07 1.79277e+07 1.79261e+07 1.79244e+07 1.79228e+07 1.79211e+07 1.79194e+07 1.79178e+07 1.79161e+07 1.79145e+07 1.79128e+07
          1.79111e+07 1.79095e+07 1.79078e+07 1.79061e+07 1.79045e+07 1.79028e+07 1.79012e+07 1.78995e+07 1.78978e+07 1.78962e+07 1.78945e+07 1.78929e+07
          1.78912e+07 1.78896e+07 1.78879e+07 1.78863e+07 1.79839e+07 1.79825e+07 1.79812e+07 1.79799e+07 1.79785e+07 1.79772e+07 1.79758e+07 1.79744e+07
          1.79731e+07 1.79717e+07 1.79703e+07 1.79689e+07 1.79675e+07 1.7966e+07 1.79646e+07 1.79632e+07 1.79617e+07 1.79603e+07 1.79588e+07 1.79573e+07
          1.79558e+07 1.79544e+07 1.79529e+07 1.79514e+07 1.79498e+07 1.79483e+07 1.79468e+07 1.79453e+07 1.79437e+07 1.79422e+07 1.79406e+07 1.79391e+07
          1.79375e+07 1.79359e+07 1.79343e+07 1.79327e+07 1.79312e+07 1.79296e+07 1.7928e+07 1.79263e+07 1.79247e+07 1.79231e+07 1.79215e+07 1.79199e+07
          1.79182e+07 1.79166e+07 1.79149e+07 1.79133e+07 1.79116e+07 1.791e+07 1.79083e+07 1.79067e+07 1.7905e+07 1.79034e+07 1.79017e+07 1.79e+07
          1.78984e+07 1.78967e+07 1.7895e+07 1.78934e+07 1.78917e+07 1.789e+07 1.78884e+07 1.78867e+07 1.7885e+07 1.78834e+07 1.78817e+07 1.788e+07
          1.78784e+07 1.78767e+07 1.7875e+07 1.78734e+07 1.78717e+07 1.78701e+07 1.78684e+07 1.78668e+07 1.79647e+07 1.79634e+07 1.79621e+07 1.79607e+07
          1.79594e+07 1.7958e+07 1.79567e+07 1.79553e+07 1.79539e+07 1.79525e+07 1.79511e+07 1.79497e+07 1.79483e+07 1.79469e+07 1.79454e+07 1.7944e+07
          1.79426e+07 1.79411e+07 1.79396e+07 1.79381e+07 1.79367e+07 1.79352e+07 1.79337e+07 1.79322e+07 1.79307e+07 1.79291e+07 1.79276e+07 1.79261e+07
          1.79245e+07 1.7923e+07 1.79214e+07 1.79198e+07 1.79183e+07 1.79167e+07 1.79151e+07 1.79135e+07 1.79119e+07 1.79103e+07 1.79087e+07 1.79071e+07
          1.79055e+07 1.79038e+07 1.79022e+07 1.79006e+07 1.78989e+07 1.78973e+07 1.78956e+07 1.7894e+07 1.78923e+07 1.78907e+07 1.7889e+07 1.78874e+07
          1.78857e+07 1.7884e+07 1.78824e+07 1.78807e+07 1.7879e+07 1.78773e+07 1.78757e+07 1.7874e+07 1.78723e+07 1.78706e+07 1.7869e+07 1.78673e+07
          1.78656e+07 1.78639e+07 1.78623e+07 1.78606e+07 1.78589e+07 1.78572e+07 1.78556e+07 1.78539e+07 1.78523e+07 1.78506e+07 1.78489e+07 1.78473e+07
          1.79457e+07 1.79443e+07 1.7943e+07 1.79417e+07 1.79403e+07 1.7939e+07 1.79376e+07 1.79362e+07 1.79348e+07 1.79334e+07 1.7932e+07 1.79306e+07
          1.79292e+07 1.79278e+07 1.79263e+07 1.79249e+07 1.79234e+07 1.7922e+07 1.79205e+07 1.7919e+07 1.79176e+07 1.79161e+07 1.79146e+07 1.7913e+07
          1.79115e+07 1.791e+07 1.79085e+07 1.79069e+07 1.79054e+07 1.79038e+07 1.79023e+07 1.79007e+07 1.78991e+07 1.78975e+07 1.78959e+07 1.78943e+07
          1.78927e+07 1.78911e+07 1.78895e+07 1.78879e+07 1.78863e+07 1.78846e+07 1.7883e+07 1.78813e+07 1.78797e+07 1.7878e+07 1.78764e+07 1.78747e+07
          1.78731e+07 1.78714e+07 1.78697e+07 1.78681e+07 1.78664e+07 1.78647e+07 1.7863e+07 1.78614e+07 1.78597e+07 1.7858e+07 1.78563e+07 1.78546e+07
          1.78529e+07 1.78512e+07 1.78496e+07 1.78479e+07 1.78462e+07 1.78445e+07 1.78428e+07 1.78412e+07 1.78395e+07 1.78378e+07 1.78361e+07 1.78345e+07
          1.78328e+07 1.78311e+07 1.78295e+07 1.78278e+07 1.79266e+07 1.79253e+07 1.7924e+07 1.79226e+07 1.79213e+07 1.79199e+07 1.79186e+07 1.79172e+07
          1.79158e+07 1.79144e+07 1.7913e+07 1.79116e+07 1.79102e+07 1.79087e+07 1.79073e+07 1.79059e+07 1.79044e+07 1.79029e+07 1.79015e+07 1.79e+07
          1.78985e+07 1.7897e+07 1.78955e+07 1.7894e+07 1.78925e+07 1.78909e+07 1.78894e+07 1.78878e+07 1.78863e+07 1.78847e+07 1.78832e+07 1.78816e+07
          1.788e+07 1.78784e+07 1.78768e+07 1.78752e+07 1.78736e+07 1.7872e+07 1.78704e+07 1.78687e+07 1.78671e+07 1.78655e+07 1.78638e+07 1.78622e+07
          1.78605e+07 1.78588e+07 1.78572e+07 1.78555e+07 1.78538e+07 1.78522e+07 1.78505e+07 1.78488e+07 1.78471e+07 1.78454e+07 1.78438e+07 1.78421e+07
          1.78404e+07 1.78387e+07 1.7837e+07 1.78353e+07 1.78336e+07 1.78319e+07 1.78302e+07 1.78285e+07 1.78268e+07 1.78251e+07 1.78234e+07 1.78218e+07
          1.78201e+07 1.78184e+07 1.78167e+07 1.7815e+07 1.78134e+07 1.78117e+07 1.781e+07 1.78083e+07 1.79077e+07 1.79064e+07 1.7905e+07 1.79037e+07
          1.79023e+07 1.7901e+07 1.78996e+07 1.78982e+07 1.78969e+07 1.78955e+07 1.7894e+07 1.78926e+07 1.78912e+07 1.78898e+07 1.78883e+07 1.78869e+07
          1.78854e+07 1.7884e+07 1.78825e+07 1.7881e+07 1.78795e+07 1.7878e+07 1.78765e+07 1.7875e+07 1.78734e+07 1.78719e+07 1.78704e+07 1.78688e+07
          1.78673e+07 1.78657e+07 1.78641e+07 1.78625e+07 1.78609e+07 1.78594e+07 1.78577e+07 1.78561e+07 1.78545e+07 1.78529e+07 1.78513e+07 1.78496e+07
          1.7848e+07 1.78463e+07 1.78447e+07 1.7843e+07 1.78414e+07 1.78397e+07 1.7838e+07 1.78363e+07 1.78347e+07 1.7833e+07 1.78313e+07 1.78296e+07
          1.78279e+07 1.78262e+07 1.78245e+07 1.78228e+07 1.78211e+07 1.78194e+07 1.78177e+07 1.7816e+07 1.78143e+07 1.78126e+07 1.78109e+07 1.78092e+07
          1.78075e+07 1.78058e+07 1.78041e+07 1.78024e+07 1.78007e+07 1.7799e+07 1.77973e+07 1.77956e+07 1.77939e+07 1.77922e+07 1.77906e+07 1.77889e+07
          1.78888e+07 1.78875e+07 1.78862e+07 1.78848e+07 1.78835e+07 1.78821e+07 1.78807e+07 1.78793e+07 1.7878e+07 1.78766e+07 1.78752e+07 1.78737e+07
          1.78723e+07 1.78709e+07 1.78694e+07 1.7868e+07 1.78665e+07 1.7865e+07 1.78636e+07 1.78621e+07 1.78606e+07 1.78591e+07 1.78576e+07 1.7856e+07
          1.78545e+07 1.7853e+07 1.78514e+07 1.78499e+07 1.78483e+07 1.78467e+07 1.78451e+07 1.78435e+07 1.7842e+07 1.78403e+07 1.78387e+07 1.78371e+07
          1.78355e+07 1.78339e+07 1.78322e+07 1.78306e+07 1.78289e+07 1.78273e+07 1.78256e+07 1.78239e+07 1.78223e+07 1.78206e+07 1.78189e+07 1.78172e+07
          1.78155e+07 1.78138e+07 1.78121e+07 1.78104e+07 1.78087e+07 1.7807e+07 1.78053e+07 1.78036e+07 1.78019e+07 1.78002e+07 1.77984e+07 1.77967e+07
          1.7795e+07 1.77933e+07 1.77916e+07 1.77899e+07 1.77881e+07 1.77864e+07 1.77847e+07 1.7783e+07 1.77813e+07 1.77796e+07 1.77779e+07 1.77762e+07
          1.77745e+07 1.77728e+07 1.77711e+07 1.77695e+07 1.787e+07 1.78687e+07 1.78673e+07 1.7866e+07 1.78646e+07 1.78633e+07 1.78619e+07 1.78605e+07
          1.78591e+07 1.78577e+07 1.78563e+07 1.78549e+07 1.78535e+07 1.7852e+07 1.78506e+07 1.78491e+07 1.78477e+07 1.78462e+07 1.78447e+07 1.78432e+07
          1.78417e+07 1.78402e+07 1.78387e+07 1.78372e+07 1.78356e+07 1.78341e+07 1.78325e+07 1.7831e+07 1.78294e+07 1.78278e+07 1.78262e+07 1.78246e+07
          1.7823e+07 1.78214e+07 1.78198e+07 1.78182e+07 1.78165e+07 1.78149e+07 1.78132e+07 1.78116e+07 1.78099e+07 1.78083e+07 1.78066e+07 1.78049e+07
          1.78032e+07 1.78015e+07 1.77998e+07 1.77981e+07 1.77964e+07 1.77947e+07 1.7793e+07 1.77913e+07 1.77896e+07 1.77878e+07 1.77861e+07 1.77844e+07
          1.77827e+07 1.77809e+07 1.77792e+07 1.77775e+07 1.77758e+07 1.7774e+07 1.77723e+07 1.77706e+07 1.77688e+07 1.77671e+07 1.77654e+07 1.77637e+07
          1.7762e+07 1.77602e+07 1.77585e+07 1.77568e+07 1.77551e+07 1.77534e+07 1.77517e+07 1.775e+07 1.78513e+07 1.78499e+07 1.78486e+07 1.78472e+07
          1.78459e+07 1.78445e+07 1.78431e+07 1.78418e+07 1.78404e+07 1.7839e+07 1.78376e+07 1.78361e+07 1.78347e+07 1.78333e+07 1.78318e+07 1.78303e+07
          1.78289e+07 1.78274e+07 1.78259e+07 1.78244e+07 1.78229e+07 1.78214e+07 1.78199e+07 1.78183e+07 1.78168e+07 1.78152e+07 1.78137e+07 1.78121e+07
          1.78105e+07 1.7809e+07 1.78074e+07 1.78058e+07 1.78041e+07 1.78025e+07 1.78009e+07 1.77993e+07 1.77976e+07 1.7796e+07 1.77943e+07 1.77926e+07
          1.7791e+07 1.77893e+07 1.77876e+07 1.77859e+07 1.77842e+07 1.77825e+07 1.77808e+07 1.77791e+07 1.77774e+07 1.77757e+07 1.77739e+07 1.77722e+07
          1.77705e+07 1.77687e+07 1.7767e+07 1.77652e+07 1.77635e+07 1.77618e+07 1.776e+07 1.77583e+07 1.77565e+07 1.77548e+07 1.7753e+07 1.77513e+07
          1.77496e+07 1.77478e+07 1.77461e+07 1.77443e+07 1.77426e+07 1.77409e+07 1.77392e+07 1.77374e+07 1.77357e+07 1.7734e+07 1.77323e+07 1.77306e+07
          1.78326e+07 1.78312e+07 1.78299e+07 1.78286e+07 1.78272e+07 1.78258e+07 1.78245e+07 1.78231e+07 1.78217e+07 1.78203e+07 1.78188e+07 1.78174e+07
          1.7816e+07 1.78145e+07 1.78131e+07 1.78116e+07 1.78102e+07 1.78087e+07 1.78072e+07 1.78057e+07 1.78042e+07 1.78026e+07 1.78011e+07 1.77996e+07
          1.7798e+07 1.77965e+07 1.77949e+07 1.77933e+07 1.77918e+07 1.77902e+07 1.77886e+07 1.77869e+07 1.77853e+07 1.77837e+07 1.77821e+07 1.77804e+07
          1.77788e+07 1.77771e+07 1.77754e+07 1.77738e+07 1.77721e+07 1.77704e+07 1.77687e+07 1.7767e+07 1.77653e+07 1.77636e+07 1.77618e+07 1.77601e+07
          1.77584e+07 1.77566e+07 1.77549e+07 1.77531e+07 1.77514e+07 1.77496e+07 1.77479e+07 1.77461e+07 1.77444e+07 1.77426e+07 1.77409e+07 1.77391e+07
          1.77373e+07 1.77356e+07 1.77338e+07 1.77321e+07 1.77303e+07 1.77285e+07 1.77268e+07 1.7725e+07 1.77233e+07 1.77216e+07 1.77198e+07 1.77181e+07
          1.77164e+07 1.77146e+07 1.77129e+07 1.77112e+07 1.7814e+07 1.78126e+07 1.78113e+07 1.78099e+07 1.78086e+07 1.78072e+07 1.78058e+07 1.78044e+07
          1.7803e+07 1.78016e+07 1.78002e+07 1.77988e+07 1.77973e+07 1.77959e+07 1.77944e+07 1.7793e+07 1.77915e+07 1.779e+07 1.77885e+07 1.7787e+07
          1.77855e+07 1.7784e+07 1.77824e+07 1.77809e+07 1.77793e+07 1.77778e+07 1.77762e+07 1.77746e+07 1.7773e+07 1.77714e+07 1.77698e+07 1.77682e+07
          1.77666e+07 1.77649e+07 1.77633e+07 1.77616e+07 1.776e+07 1.77583e+07 1.77566e+07 1.77549e+07 1.77532e+07 1.77515e+07 1.77498e+07 1.77481e+07
          1.77464e+07 1.77447e+07 1.77429e+07 1.77412e+07 1.77394e+07 1.77377e+07 1.77359e+07 1.77341e+07 1.77324e+07 1.77306e+07 1.77288e+07 1.77271e+07
          1.77253e+07 1.77235e+07 1.77217e+07 1.77199e+07 1.77182e+07 1.77164e+07 1.77146e+07 1.77128e+07 1.77111e+07 1.77093e+07 1.77075e+07 1.77058e+07
          1.7704e+07 1.77022e+07 1.77005e+07 1.76987e+07 1.7697e+07 1.76953e+07 1.76935e+07 1.76918e+07 1.77954e+07 1.77941e+07 1.77927e+07 1.77914e+07
          1.779e+07 1.77886e+07 1.77873e+07 1.77859e+07 1.77845e+07 1.77831e+07 1.77816e+07 1.77802e+07 1.77788e+07 1.77773e+07 1.77759e+07 1.77744e+07
          1.77729e+07 1.77714e+07 1.77699e+07 1.77684e+07 1.77669e+07 1.77654e+07 1.77638e+07 1.77623e+07 1.77607e+07 1.77591e+07 1.77576e+07 1.7756e+07
          1.77544e+07 1.77528e+07 1.77512e+07 1.77495e+07 1.77479e+07 1.77462e+07 1.77446e+07 1.77429e+07 1.77412e+07 1.77396e+07 1.77379e+07 1.77362e+07
          1.77345e+07 1.77327e+07 1.7731e+07 1.77293e+07 1.77275e+07 1.77258e+07 1.7724e+07 1.77223e+07 1.77205e+07 1.77187e+07 1.7717e+07 1.77152e+07
          1.77134e+07 1.77116e+07 1.77098e+07 1.7708e+07 1.77062e+07 1.77044e+07 1.77026e+07 1.77008e+07 1.7699e+07 1.76972e+07 1.76954e+07 1.76936e+07
          1.76918e+07 1.769e+07 1.76883e+07 1.76865e+07 1.76847e+07 1.76829e+07 1.76812e+07 1.76794e+07 1.76776e+07 1.76759e+07 1.76742e+07 1.76724e+07
          1.77769e+07 1.77756e+07 1.77742e+07 1.77729e+07 1.77715e+07 1.77702e+07 1.77688e+07 1.77674e+07 1.7766e+07 1.77646e+07 1.77631e+07 1.77617e+07
          1.77603e+07 1.77588e+07 1.77573e+07 1.77559e+07 1.77544e+07 1.77529e+07 1.77514e+07 1.77499e+07 1.77484e+07 1.77468e+07 1.77453e+07 1.77437e+07
          1.77422e+07 1.77406e+07 1.7739e+07 1.77374e+07 1.77358e+07 1.77342e+07 1.77326e+07 1.77309e+07 1.77293e+07 1.77276e+07 1.7726e+07 1.77243e+07
          1.77226e+07 1.77209e+07 1.77192e+07 1.77175e+07 1.77158e+07 1.7714e+07 1.77123e+07 1.77105e+07 1.77088e+07 1.7707e+07 1.77052e+07 1.77035e+07
          1.77017e+07 1.76999e+07 1.76981e+07 1.76963e+07 1.76945e+07 1.76926e+07 1.76908e+07 1.7689e+07 1.76872e+07 1.76854e+07 1.76835e+07 1.76817e+07
          1.76799e+07 1.76781e+07 1.76763e+07 1.76744e+07 1.76726e+07 1.76708e+07 1.7669e+07 1.76672e+07 1.76654e+07 1.76636e+07 1.76619e+07 1.76601e+07
          1.76583e+07 1.76565e+07 1.76548e+07 1.7653e+07 1.77585e+07 1.77572e+07 1.77558e+07 1.77545e+07 1.77531e+07 1.77517e+07 1.77503e+07 1.7749e+07
          1.77475e+07 1.77461e+07 1.77447e+07 1.77433e+07 1.77418e+07 1.77404e+07 1.77389e+07 1.77374e+07 1.77359e+07 1.77344e+07 1.77329e+07 1.77314e+07
          1.77299e+07 1.77283e+07 1.77268e+07 1.77252e+07 1.77237e+07 1.77221e+07 1.77205e+07 1.77189e+07 1.77173e+07 1.77157e+07 1.7714e+07 1.77124e+07
          1.77107e+07 1.77091e+07 1.77074e+07 1.77057e+07 1.7704e+07 1.77023e+07 1.77006e+07 1.76988e+07 1.76971e+07 1.76954e+07 1.76936e+07 1.76918e+07
          1.76901e+07 1.76883e+07 1.76865e+07 1.76847e+07 1.76829e+07 1.76811e+07 1.76792e+07 1.76774e+07 1.76756e+07 1.76737e+07 1.76719e+07 1.76701e+07
          1.76682e+07 1.76664e+07 1.76645e+07 1.76627e+07 1.76608e+07 1.7659e+07 1.76571e+07 1.76553e+07 1.76535e+07 1.76516e+07 1.76498e+07 1.7648e+07
          1.76462e+07 1.76444e+07 1.76425e+07 1.76408e+07 1.7639e+07 1.76372e+07 1.76354e+07 1.76336e+07 1.77402e+07 1.77388e+07 1.77375e+07 1.77361e+07
          1.77348e+07 1.77334e+07 1.7732e+07 1.77306e+07 1.77292e+07 1.77278e+07 1.77263e+07 1.77249e+07 1.77234e+07 1.7722e+07 1.77205e+07 1.7719e+07
          1.77176e+07 1.7716e+07 1.77145e+07 1.7713e+07 1.77115e+07 1.77099e+07 1.77084e+07 1.77068e+07 1.77052e+07 1.77037e+07 1.77021e+07 1.77005e+07
          1.76988e+07 1.76972e+07 1.76956e+07 1.76939e+07 1.76922e+07 1.76906e+07 1.76889e+07 1.76872e+07 1.76855e+07 1.76838e+07 1.7682e+07 1.76803e+07
          1.76785e+07 1.76768e+07 1.7675e+07 1.76732e+07 1.76714e+07 1.76696e+07 1.76678e+07 1.7666e+07 1.76641e+07 1.76623e+07 1.76604e+07 1.76586e+07
          1.76567e+07 1.76549e+07 1.7653e+07 1.76511e+07 1.76493e+07 1.76474e+07 1.76455e+07 1.76436e+07 1.76418e+07 1.76399e+07 1.7638e+07 1.76361e+07
          1.76343e+07 1.76324e+07 1.76306e+07 1.76287e+07 1.76269e+07 1.76251e+07 1.76232e+07 1.76214e+07 1.76196e+07 1.76178e+07 1.7616e+07 1.76143e+07
          1.77219e+07 1.77205e+07 1.77192e+07 1.77178e+07 1.77165e+07 1.77151e+07 1.77137e+07 1.77123e+07 1.77109e+07 1.77095e+07 1.7708e+07 1.77066e+07
          1.77051e+07 1.77037e+07 1.77022e+07 1.77007e+07 1.76992e+07 1.76977e+07 1.76962e+07 1.76947e+07 1.76932e+07 1.76916e+07 1.769e+07 1.76885e+07
          1.76869e+07 1.76853e+07 1.76837e+07 1.76821e+07 1.76805e+07 1.76788e+07 1.76772e+07 1.76755e+07 1.76738e+07 1.76722e+07 1.76705e+07 1.76687e+07
          1.7667e+07 1.76653e+07 1.76635e+07 1.76618e+07 1.766e+07 1.76582e+07 1.76564e+07 1.76546e+07 1.76528e+07 1.7651e+07 1.76492e+07 1.76473e+07
          1.76455e+07 1.76436e+07 1.76417e+07 1.76398e+07 1.76379e+07 1.76361e+07 1.76342e+07 1.76322e+07 1.76303e+07 1.76284e+07 1.76265e+07 1.76246e+07
          1.76227e+07 1.76208e+07 1.76189e+07 1.7617e+07 1.76151e+07 1.76132e+07 1.76114e+07 1.76095e+07 1.76076e+07 1.76058e+07 1.76039e+07 1.76021e+07
          1.76003e+07 1.75985e+07 1.75967e+07 1.75949e+07 1.77036e+07 1.77023e+07 1.7701e+07 1.76996e+07 1.76983e+07 1.76969e+07 1.76955e+07 1.76941e+07
          1.76927e+07 1.76912e+07 1.76898e+07 1.76884e+07 1.76869e+07 1.76854e+07 1.7684e+07 1.76825e+07 1.7681e+07 1.76795e+07 1.7678e+07 1.76764e+07
          1.76749e+07 1.76733e+07 1.76718e+07 1.76702e+07 1.76686e+07 1.7667e+07 1.76654e+07 1.76638e+07 1.76622e+07 1.76605e+07 1.76589e+07 1.76572e+07
          1.76555e+07 1.76538e+07 1.76521e+07 1.76504e+07 1.76486e+07 1.76469e+07 1.76451e+07 1.76434e+07 1.76416e+07 1.76398e+07 1.7638e+07 1.76362e+07
          1.76343e+07 1.76325e+07 1.76306e+07 1.76287e+07 1.76268e+07 1.7625e+07 1.7623e+07 1.76211e+07 1.76192e+07 1.76173e+07 1.76154e+07 1.76134e+07
          1.76115e+07 1.76095e+07 1.76076e+07 1.76056e+07 1.76037e+07 1.76018e+07 1.75998e+07 1.75979e+07 1.7596e+07 1.75941e+07 1.75922e+07 1.75903e+07
          1.75884e+07 1.75865e+07 1.75846e+07 1.75828e+07 1.75809e+07 1.75791e+07 1.75773e+07 1.75755e+07 1.76855e+07 1.76842e+07 1.76829e+07 1.76815e+07
          1.76802e+07 1.76788e+07 1.76774e+07 1.76759e+07 1.76745e+07 1.76731e+07 1.76716e+07 1.76702e+07 1.76687e+07 1.76673e+07 1.76658e+07 1.76643e+07
          1.76628e+07 1.76613e+07 1.76598e+07 1.76583e+07 1.76567e+07 1.76551e+07 1.76536e+07 1.7652e+07 1.76504e+07 1.76488e+07 1.76472e+07 1.76456e+07
          1.7644e+07 1.76423e+07 1.76406e+07 1.7639e+07 1.76373e+07 1.76355e+07 1.76338e+07 1.76321e+07 1.76303e+07 1.76286e+07 1.76268e+07 1.7625e+07
          1.76232e+07 1.76214e+07 1.76196e+07 1.76177e+07 1.76159e+07 1.7614e+07 1.76121e+07 1.76102e+07 1.76083e+07 1.76064e+07 1.76044e+07 1.76025e+07
          1.76005e+07 1.75986e+07 1.75966e+07 1.75946e+07 1.75926e+07 1.75907e+07 1.75887e+07 1.75867e+07 1.75847e+07 1.75827e+07 1.75808e+07 1.75788e+07
          1.75768e+07 1.75749e+07 1.7573e+07 1.7571e+07 1.75691e+07 1.75672e+07 1.75653e+07 1.75634e+07 1.75616e+07 1.75597e+07 1.75579e+07 1.75561e+07
          1.76673e+07 1.76661e+07 1.76648e+07 1.76635e+07 1.76622e+07 1.76608e+07 1.76594e+07 1.76578e+07 1.76563e+07 1.76549e+07 1.76534e+07 1.7652e+07
          1.76506e+07 1.76492e+07 1.76478e+07 1.76463e+07 1.76448e+07 1.76433e+07 1.76417e+07 1.76402e+07 1.76386e+07 1.7637e+07 1.76354e+07 1.76339e+07
          1.76323e+07 1.76307e+07 1.76291e+07 1.76275e+07 1.76258e+07 1.76242e+07 1.76225e+07 1.76208e+07 1.76191e+07 1.76174e+07 1.76156e+07 1.76139e+07
          1.76121e+07 1.76104e+07 1.76086e+07 1.76068e+07 1.7605e+07 1.76031e+07 1.76013e+07 1.75994e+07 1.75975e+07 1.75956e+07 1.75937e+07 1.75918e+07
          1.75898e+07 1.75879e+07 1.75859e+07 1.75839e+07 1.75819e+07 1.75799e+07 1.75779e+07 1.75759e+07 1.75739e+07 1.75718e+07 1.75698e+07 1.75678e+07
          1.75657e+07 1.75637e+07 1.75617e+07 1.75597e+07 1.75577e+07 1.75557e+07 1.75537e+07 1.75518e+07 1.75498e+07 1.75479e+07 1.7546e+07 1.75441e+07
          1.75422e+07 1.75403e+07 1.75385e+07 1.75367e+07 1.76589e+07 1.7656e+07 1.76531e+07 1.765e+07 1.76468e+07 1.76439e+07 1.76415e+07 1.76396e+07
          1.76381e+07 1.76367e+07 1.76353e+07 1.76339e+07 1.76325e+07 1.76312e+07 1.76298e+07 1.76284e+07 1.76269e+07 1.76254e+07 1.76238e+07 1.76221e+07
          1.76205e+07 1.76189e+07 1.76173e+07 1.76158e+07 1.76142e+07 1.76126e+07 1.76111e+07 1.76095e+07 1.76078e+07 1.76061e+07 1.76044e+07 1.76027e+07
          1.7601e+07 1.75992e+07 1.75975e+07 1.75957e+07 1.7594e+07 1.75922e+07 1.75904e+07 1.75886e+07 1.75868e+07 1.7585e+07 1.75831e+07 1.75812e+07
          1.75793e+07 1.75773e+07 1.75754e+07 1.75734e+07 1.75715e+07 1.75695e+07 1.75675e+07 1.75655e+07 1.75634e+07 1.75614e+07 1.75593e+07 1.75572e+07
          1.75551e+07 1.7553e+07 1.75509e+07 1.75488e+07 1.75468e+07 1.75447e+07 1.75426e+07 1.75406e+07 1.75385e+07 1.75365e+07 1.75345e+07 1.75325e+07
          1.75305e+07 1.75286e+07 1.75266e+07 1.75247e+07 1.75228e+07 1.75209e+07 1.75191e+07 1.75172e+07 1.76562e+07 1.76534e+07 1.76507e+07 1.76479e+07
          1.76451e+07 1.76424e+07 1.76398e+07 1.76373e+07 1.76347e+07 1.7632e+07 1.76293e+07 1.76265e+07 1.76236e+07 1.76206e+07 1.76175e+07 1.76144e+07
          1.76113e+07 1.76084e+07 1.76059e+07 1.76039e+07 1.76023e+07 1.76007e+07 1.75992e+07 1.75977e+07 1.75962e+07 1.75947e+07 1.75932e+07 1.75916e+07
          1.759e+07 1.75883e+07 1.75865e+07 1.75847e+07 1.75829e+07 1.75811e+07 1.75794e+07 1.75777e+07 1.75759e+07 1.75742e+07 1.75724e+07 1.75706e+07
          1.75688e+07 1.75669e+07 1.7565e+07 1.75631e+07 1.75611e+07 1.75591e+07 1.75572e+07 1.75552e+07 1.75532e+07 1.75512e+07 1.75491e+07 1.75471e+07
          1.7545e+07 1.75429e+07 1.75407e+07 1.75386e+07 1.75364e+07 1.75343e+07 1.75321e+07 1.753e+07 1.75278e+07 1.75257e+07 1.75235e+07 1.75214e+07
          1.75193e+07 1.75173e+07 1.75152e+07 1.75132e+07 1.75112e+07 1.75092e+07 1.75073e+07 1.75053e+07 1.75034e+07 1.75015e+07 1.74996e+07 1.74978e+07
          1.76537e+07 1.7651e+07 1.76483e+07 1.76456e+07 1.76429e+07 1.76402e+07 1.76375e+07 1.76348e+07 1.76321e+07 1.76294e+07 1.76266e+07 1.76238e+07
          1.7621e+07 1.76182e+07 1.76154e+07 1.76125e+07 1.76097e+07 1.7607e+07 1.76043e+07 1.76017e+07 1.7599e+07 1.75962e+07 1.75934e+07 1.75904e+07
          1.75874e+07 1.75844e+07 1.75812e+07 1.7578e+07 1.75747e+07 1.75716e+07 1.75689e+07 1.75666e+07 1.75647e+07 1.7563e+07 1.75613e+07 1.75596e+07
          1.7558e+07 1.75563e+07 1.75546e+07 1.75528e+07 1.7551e+07 1.75491e+07 1.7547e+07 1.7545e+07 1.7543e+07 1.7541e+07 1.7539e+07 1.7537e+07
          1.7535e+07 1.7533e+07 1.75309e+07 1.75288e+07 1.75267e+07 1.75245e+07 1.75222e+07 1.752e+07 1.75178e+07 1.75156e+07 1.75133e+07 1.75111e+07
          1.75088e+07 1.75066e+07 1.75044e+07 1.75023e+07 1.75001e+07 1.7498e+07 1.74959e+07 1.74939e+07 1.74918e+07 1.74898e+07 1.74879e+07 1.74859e+07
          1.7484e+07 1.7482e+07 1.74801e+07 1.74783e+07 1.76513e+07 1.76486e+07 1.76459e+07 1.76432e+07 1.76405e+07 1.76378e+07 1.76351e+07 1.76324e+07
          1.76296e+07 1.76269e+07 1.76242e+07 1.76214e+07 1.76187e+07 1.76159e+07 1.76131e+07 1.76103e+07 1.76076e+07 1.76048e+07 1.7602e+07 1.75993e+07
          1.75965e+07 1.75937e+07 1.75908e+07 1.75879e+07 1.7585e+07 1.75821e+07 1.75791e+07 1.75761e+07 1.75732e+07 1.75703e+07 1.75674e+07 1.75646e+07
          1.75618e+07 1.75588e+07 1.75558e+07 1.75527e+07 1.75494e+07 1.75461e+07 1.75427e+07 1.75392e+07 1.75356e+07 1.75322e+07 1.75293e+07 1.75268e+07
          1.75248e+07 1.75228e+07 1.75209e+07 1.7519e+07 1.7517e+07 1.7515e+07 1.7513e+07 1.75108e+07 1.75085e+07 1.75061e+07 1.75038e+07 1.75015e+07
          1.74992e+07 1.74969e+07 1.74946e+07 1.74922e+07 1.74899e+07 1.74875e+07 1.74853e+07 1.7483e+07 1.74808e+07 1.74787e+07 1.74766e+07 1.74745e+07
          1.74724e+07 1.74704e+07 1.74684e+07 1.74664e+07 1.74645e+07 1.74625e+07 1.74606e+07 1.74587e+07 1.76489e+07 1.76462e+07 1.76435e+07 1.76408e+07
          1.76381e+07 1.76354e+07 1.76327e+07 1.763e+07 1.76273e+07 1.76245e+07 1.76218e+07 1.76191e+07 1.76163e+07 1.76136e+07 1.76108e+07 1.7608e+07
          1.76053e+07 1.76025e+07 1.75997e+07 1.75969e+07 1.75941e+07 1.75913e+07 1.75884e+07 1.75856e+07 1.75827e+07 1.75798e+07 1.75769e+07 1.7574e+07
          1.75711e+07 1.75681e+07 1.75652e+07 1.75623e+07 1.75593e+07 1.75564e+07 1.75533e+07 1.75502e+07 1.75471e+07 1.75439e+07 1.75407e+07 1.75374e+07
          1.75342e+07 1.7531e+07 1.75279e+07 1.75247e+07 1.75215e+07 1.75181e+07 1.75146e+07 1.75108e+07 1.75069e+07 1.75028e+07 1.74986e+07 1.74944e+07
          1.74906e+07 1.74876e+07 1.74852e+07 1.74829e+07 1.74807e+07 1.74786e+07 1.74761e+07 1.74733e+07 1.74708e+07 1.74683e+07 1.74659e+07 1.74637e+07
          1.74614e+07 1.74592e+07 1.74571e+07 1.7455e+07 1.74529e+07 1.74509e+07 1.74489e+07 1.74469e+07 1.74449e+07 1.7443e+07 1.74411e+07 1.74392e+07
          1.76466e+07 1.76439e+07 1.76412e+07 1.76385e+07 1.76358e+07 1.76331e+07 1.76304e+07 1.76277e+07 1.7625e+07 1.76222e+07 1.76195e+07 1.76167e+07
          1.7614e+07 1.76112e+07 1.76085e+07 1.76057e+07 1.76029e+07 1.76002e+07 1.75974e+07 1.75946e+07 1.75918e+07 1.7589e+07 1.75861e+07 1.75833e+07
          1.75804e+07 1.75775e+07 1.75746e+07 1.75717e+07 1.75688e+07 1.75659e+07 1.75629e+07 1.756e+07 1.7557e+07 1.7554e+07 1.7551e+07 1.75479e+07
          1.75448e+07 1.75416e+07 1.75384e+07 1.75352e+07 1.7532e+07 1.75288e+07 1.75256e+07 1.75223e+07 1.7519e+07 1.75156e+07 1.7512e+07 1.75084e+07
          1.75046e+07 1.75007e+07 1.74968e+07 1.7493e+07 1.74893e+07 1.74856e+07 1.74815e+07 1.74767e+07 1.7471e+07 1.74636e+07 1.74567e+07 1.74538e+07
          1.74513e+07 1.74488e+07 1.74464e+07 1.74441e+07 1.74419e+07 1.74397e+07 1.74375e+07 1.74354e+07 1.74333e+07 1.74313e+07 1.74293e+07 1.74273e+07
          1.74253e+07 1.74234e+07 1.74215e+07 1.74196e+07
        </DataArray>
        <DataArray type="Float32" Name="rho_gas" NumberOfComponents="1" format="ascii">
          118.125 118.127 117.995 117.998 118.13 118 118.132 118.002 118.134 118.004 118.136 118.007
          118.138 118.009 118.141 118.011 118.143 118.014 118.145 118.016 118.147 118.018 118.15 118.021
          118.152 118.023 118.154 118.026 118.157 118.028 118.159 118.03 118.161 118.033 118.164 118.035
          118.166 118.038 118.168 118.04 118.171 118.042 118.173 118.045 118.176 118.047 118.178 118.05
          118.18 118.052 118.183 118.055 118.185 118.057 118.188 118.06 118.19 118.062 118.193 118.065
          118.195 118.068 118.198 118.07 118.2 118.073 118.203 118.075 118.205 118.078 118.208 118.08
          118.21 118.083 118.213 118.086 118.215 118.088 118.218 118.091 118.221 118.093 118.223 118.096
          118.226 118.099 118.228 118.101 118.231 118.104 118.233 118.106 118.236 118.109 118.239 118.112
          118.241 118.114 118.244 118.117 118.246 118.12 118.249 118.122 118.252 118.125 118.254 118.128
          118.257 118.13 118.259 118.133 118.262 118.135 118.265 118.138 118.267 118.141 118.27 118.143
          118.272 118.146 118.275 118.149 118.278 118.151 118.28 118.154 118.283 118.157 118.286 118.159
          118.288 118.162 118.291 118.164 118.293 118.167 118.296 118.17 118.299 118.172 118.301 118.175
          118.304 118.178 118.306 118.18 118.309 118.183 118.311 118.185 117.861 117.863 117.865 117.868
          117.87 117.873 117.875 117.878 117.88 117.883 117.885 117.888 117.89 117.893 117.895 117.898
          117.9 117.903 117.905 117.908 117.911 117.913 117.916 117.918 117.921 117.924 117.926 117.929
          117.932 117.934 117.937 117.94 117.942 117.945 117.948 117.95 117.953 117.956 117.958 117.961
          117.964 117.966 117.969 117.972 117.975 117.977 117.98 117.983 117.985 117.988 117.991 117.994
          117.996 117.999 118.002 118.004 118.007 118.01 118.013 118.015 118.018 118.021 118.023 118.026
          118.029 118.031 118.034 118.037 118.039 118.042 118.045 118.047 118.05 118.053 118.055 118.058
          117.726 117.728 117.731 117.733 117.736 117.739 117.741 117.744 117.746 117.749 117.752 117.754
          117.757 117.76 117.762 117.765 117.768 117.77 117.773 117.776 117.779 117.781 117.784 117.787
          117.79 117.792 117.795 117.798 117.801 117.803 117.806 117.809 117.812 117.814 117.817 117.82
          117.823 117.826 117.828 117.831 117.834 117.837 117.84 117.842 117.845 117.848 117.851 117.854
          117.856 117.859 117.862 117.865 117.868 117.87 117.873 117.876 117.879 117.882 117.884 117.887
          117.89 117.893 117.895 117.898 117.901 117.904 117.906 117.909 117.912 117.914 117.917 117.92
          117.922 117.925 117.928 117.93 117.591 117.593 117.596 117.599 117.602 117.604 117.607 117.61
          117.613 117.615 117.618 117.621 117.624 117.627 117.629 117.632 117.635 117.638 117.641 117.644
          117.646 117.649 117.652 117.655 117.658 117.661 117.664 117.667 117.669 117.672 117.675 117.678
          117.681 117.684 117.687 117.69 117.693 117.696 117.698 117.701 117.704 117.707 117.71 117.713
          117.716 117.719 117.722 117.725 117.727 117.73 117.733 117.736 117.739 117.742 117.745 117.748
          117.75 117.753 117.756 117.759 117.762 117.764 117.767 117.77 117.773 117.776 117.778 117.781
          117.784 117.787 117.789 117.792 117.795 117.798 117.8 117.803 117.455 117.458 117.461 117.464
          117.467 117.47 117.473 117.476 117.479 117.482 117.485 117.487 117.49 117.493 117.496 117.499
          117.502 117.505 117.508 117.511 117.514 117.517 117.52 117.523 117.526 117.529 117.532 117.535
          117.538 117.541 117.544 117.547 117.55 117.553 117.556 117.559 117.562 117.565 117.568 117.571
          117.574 117.577 117.58 117.583 117.586 117.589 117.592 117.595 117.598 117.601 117.604 117.607
          117.61 117.613 117.616 117.619 117.622 117.625 117.628 117.631 117.633 117.636 117.639 117.642
          117.645 117.648 117.651 117.653 117.656 117.659 117.662 117.664 117.667 117.67 117.673 117.675
          117.32 117.323 117.326 117.329 117.332 117.335 117.338 117.341 117.345 117.348 117.351 117.354
          117.357 117.36 117.363 117.366 117.369 117.372 117.376 117.379 117.382 117.385 117.388 117.391
          117.394 117.397 117.401 117.404 117.407 117.41 117.413 117.416 117.419 117.423 117.426 117.429
          117.432 117.435 117.438 117.441 117.444 117.447 117.451 117.454 117.457 117.46 117.463 117.466
          117.469 117.472 117.475 117.478 117.481 117.484 117.487 117.49 117.493 117.496 117.499 117.502
          117.505 117.508 117.511 117.514 117.517 117.52 117.523 117.525 117.528 117.531 117.534 117.537
          117.539 117.542 117.545 117.548 117.184 117.188 117.191 117.194 117.197 117.201 117.204 117.207
          117.21 117.214 117.217 117.22 117.223 117.227 117.23 117.233 117.236 117.24 117.243 117.246
          117.249 117.253 117.256 117.259 117.262 117.266 117.269 117.272 117.275 117.279 117.282 117.285
          117.288 117.292 117.295 117.298 117.301 117.305 117.308 117.311 117.314 117.318 117.321 117.324
          117.327 117.33 117.333 117.337 117.34 117.343 117.346 117.349 117.352 117.355 117.358 117.362
          117.365 117.368 117.371 117.374 117.377 117.38 117.383 117.386 117.389 117.392 117.395 117.397
          117.4 117.403 117.406 117.409 117.412 117.415 117.417 117.42 117.049 117.052 117.056 117.059
          117.062 117.066 117.069 117.073 117.076 117.079 117.083 117.086 117.09 117.093 117.096 117.1
          117.103 117.107 117.11 117.113 117.117 117.12 117.124 117.127 117.13 117.134 117.137 117.14
          117.144 117.147 117.151 117.154 117.157 117.161 117.164 117.167 117.171 117.174 117.177 117.181
          117.184 117.187 117.191 117.194 117.197 117.201 117.204 117.207 117.21 117.214 117.217 117.22
          117.223 117.226 117.23 117.233 117.236 117.239 117.242 117.245 117.248 117.251 117.254 117.257
          117.26 117.263 117.266 117.269 117.272 117.275 117.278 117.281 117.284 117.287 117.29 117.292
          116.913 116.917 116.92 116.924 116.927 116.931 116.934 116.938 116.942 116.945 116.949 116.952
          116.956 116.959 116.963 116.966 116.97 116.973 116.977 116.98 116.984 116.988 116.991 116.995
          116.998 117.002 117.005 117.009 117.012 117.016 117.019 117.023 117.026 117.03 117.033 117.037
          117.04 117.044 117.047 117.05 117.054 117.057 117.061 117.064 117.068 117.071 117.074 117.078
          117.081 117.084 117.088 117.091 117.094 117.097 117.101 117.104 117.107 117.11 117.114 117.117
          117.12 117.123 117.126 117.129 117.132 117.135 117.138 117.141 117.144 117.147 117.15 117.153
          117.156 117.159 117.162 117.165 116.777 116.781 116.785 116.788 116.792 116.796 116.799 116.803
          116.807 116.811 116.814 116.818 116.822 116.825 116.829 116.833 116.836 116.84 116.844 116.847
          116.851 116.855 116.859 116.862 116.866 116.869 116.873 116.877 116.88 116.884 116.888 116.891
          116.895 116.899 116.902 116.906 116.909 116.913 116.917 116.92 116.924 116.927 116.931 116.934
          116.938 116.941 116.945 116.948 116.952 116.955 116.958 116.962 116.965 116.968 116.972 116.975
          116.978 116.982 116.985 116.988 116.991 116.995 116.998 117.001 117.004 117.007 117.01 117.013
          117.016 117.019 117.022 117.025 117.028 117.031 117.034 117.037 116.641 116.645 116.649 116.653
          116.657 116.661 116.664 116.668 116.672 116.676 116.68 116.684 116.688 116.691 116.695 116.699
          116.703 116.707 116.711 116.714 116.718 116.722 116.726 116.73 116.733 116.737 116.741 116.745
          116.749 116.752 116.756 116.76 116.764 116.767 116.771 116.775 116.779 116.782 116.786 116.79
          116.793 116.797 116.801 116.804 116.808 116.811 116.815 116.818 116.822 116.826 116.829 116.833
          116.836 116.839 116.843 116.846 116.85 116.853 116.856 116.86 116.863 116.866 116.869 116.873
          116.876 116.879 116.882 116.885 116.888 116.891 116.894 116.897 116.9 116.903 116.906 116.909
          116.505 116.509 116.513 116.517 116.521 116.525 116.529 116.533 116.537 116.541 116.545 116.549
          116.553 116.557 116.561 116.565 116.569 116.573 116.577 116.581 116.585 116.589 116.593 116.597
          116.601 116.605 116.609 116.613 116.617 116.621 116.624 116.628 116.632 116.636 116.64 116.644
          116.648 116.651 116.655 116.659 116.663 116.667 116.67 116.674 116.678 116.681 116.685 116.689
          116.692 116.696 116.7 116.703 116.707 116.71 116.714 116.717 116.721 116.724 116.728 116.731
          116.734 116.738 116.741 116.744 116.748 116.751 116.754 116.757 116.76 116.763 116.766 116.77
          116.773 116.776 116.779 116.782 116.369 116.373 116.377 116.381 116.386 116.39 116.394 116.398
          116.402 116.406 116.411 116.415 116.419 116.423 116.427 116.431 116.435 116.44 116.444 116.448
          116.452 116.456 116.46 116.464 116.468 116.472 116.476 116.48 116.485 116.489 116.493 116.497
          116.501 116.505 116.509 116.513 116.517 116.521 116.524 116.528 116.532 116.536 116.54 116.544
          116.548 116.552 116.555 116.559 116.563 116.567 116.57 116.574 116.578 116.581 116.585 116.588
          116.592 116.595 116.599 116.602 116.606 116.609 116.613 116.616 116.619 116.623 116.626 116.629
          116.632 116.635 116.639 116.642 116.645 116.648 116.651 116.654 116.232 116.237 116.241 116.245
          116.25 116.254 116.259 116.263 116.267 116.272 116.276 116.28 116.284 116.289 116.293 116.297
          116.302 116.306 116.31 116.314 116.319 116.323 116.327 116.331 116.336 116.34 116.344 116.348
          116.352 116.357 116.361 116.365 116.369 116.373 116.377 116.381 116.385 116.39 116.394 116.398
          116.402 116.406 116.41 116.414 116.418 116.422 116.425 116.429 116.433 116.437 116.441 116.445
          116.448 116.452 116.456 116.459 116.463 116.467 116.47 116.474 116.477 116.481 116.484 116.488
          116.491 116.494 116.498 116.501 116.504 116.507 116.511 116.514 116.517 116.52 116.523 116.526
          116.096 116.1 116.105 116.109 116.114 116.118 116.123 116.127 116.132 116.136 116.141 116.145
          116.15 116.154 116.159 116.163 116.168 116.172 116.176 116.181 116.185 116.19 116.194 116.198
          116.203 116.207 116.211 116.216 116.22 116.224 116.229 116.233 116.237 116.242 116.246 116.25
          116.254 116.259 116.263 116.267 116.271 116.275 116.279 116.283 116.288 116.292 116.296 116.3
          116.304 116.308 116.311 116.315 116.319 116.323 116.327 116.331 116.334 116.338 116.342 116.345
          116.349 116.352 116.356 116.359 116.363 116.366 116.37 116.373 116.376 116.379 116.383 116.386
          116.389 116.392 116.395 116.398 115.959 115.964 115.969 115.973 115.978 115.983 115.987 115.992
          115.997 116.001 116.006 116.011 116.015 116.02 116.024 116.029 116.034 116.038 116.043 116.047
          116.052 116.056 116.061 116.065 116.07 116.074 116.079 116.083 116.088 116.092 116.097 116.101
          116.106 116.11 116.114 116.119 116.123 116.127 116.132 116.136 116.14 116.145 116.149 116.153
          116.157 116.162 116.166 116.17 116.174 116.178 116.182 116.186 116.19 116.194 116.198 116.202
          116.205 116.209 116.213 116.217 116.22 116.224 116.228 116.231 116.235 116.238 116.241 116.245
          116.248 116.251 116.255 116.258 116.261 116.264 116.267 116.271 115.822 115.827 115.832 115.837
          115.842 115.847 115.852 115.856 115.861 115.866 115.871 115.876 115.88 115.885 115.89 115.895
          115.899 115.904 115.909 115.913 115.918 115.923 115.927 115.932 115.937 115.941 115.946 115.951
          115.955 115.96 115.965 115.969 115.974 115.978 115.983 115.987 115.992 115.996 116.001 116.005
          116.01 116.014 116.019 116.023 116.027 116.032 116.036 116.04 116.044 116.048 116.053 116.057
          116.061 116.065 116.069 116.073 116.077 116.081 116.084 116.088 116.092 116.096 116.099 116.103
          116.106 116.11 116.113 116.117 116.12 116.124 116.127 116.13 116.133 116.137 116.14 116.143
          115.686 115.691 115.696 115.701 115.706 115.711 115.716 115.721 115.726 115.731 115.735 115.74
          115.745 115.75 115.755 115.76 115.765 115.77 115.775 115.78 115.784 115.789 115.794 115.799
          115.804 115.808 115.813 115.818 115.823 115.828 115.832 115.837 115.842 115.846 115.851 115.856
          115.861 115.865 115.87 115.874 115.879 115.884 115.888 115.893 115.897 115.901 115.906 115.91
          115.915 115.919 115.923 115.927 115.932 115.936 115.94 115.944 115.948 115.952 115.956 115.96
          115.964 115.967 115.971 115.975 115.978 115.982 115.985 115.989 115.992 115.996 115.999 116.002
          116.006 116.009 116.012 116.015 115.549 115.554 115.559 115.564 115.569 115.574 115.58 115.585
          115.59 115.595 115.6 115.605 115.61 115.615 115.62 115.625 115.63 115.635 115.64 115.646
          115.651 115.656 115.66 115.665 115.67 115.675 115.68 115.685 115.69 115.695 115.7 115.705
          115.71 115.715 115.719 115.724 115.729 115.734 115.739 115.743 115.748 115.753 115.758 115.762
          115.767 115.771 115.776 115.78 115.785 115.789 115.794 115.798 115.803 115.807 115.811 115.815
          115.819 115.823 115.827 115.831 115.835 115.839 115.843 115.847 115.85 115.854 115.858 115.861
          115.865 115.868 115.871 115.875 115.878 115.881 115.884 115.887 115.411 115.417 115.422 115.427
          115.433 115.438 115.443 115.449 115.454 115.459 115.465 115.47 115.475 115.48 115.485 115.491
          115.496 115.501 115.506 115.511 115.517 115.522 115.527 115.532 115.537 115.542 115.547 115.552
          115.557 115.562 115.568 115.573 115.578 115.583 115.588 115.593 115.598 115.603 115.607 115.612
          115.617 115.622 115.627 115.632 115.637 115.641 115.646 115.651 115.655 115.66 115.664 115.669
          115.673 115.678 115.682 115.687 115.691 115.695 115.699 115.703 115.707 115.711 115.715 115.719
          115.722 115.726 115.73 115.733 115.737 115.74 115.744 115.747 115.75 115.754 115.757 115.76
          115.275 115.28 115.286 115.291 115.296 115.302 115.307 115.313 115.318 115.324 115.329 115.334
          115.34 115.345 115.35 115.356 115.361 115.366 115.372 115.377 115.382 115.388 115.393 115.398
          115.404 115.409 115.414 115.419 115.425 115.43 115.435 115.44 115.445 115.451 115.456 115.461
          115.466 115.471 115.476 115.481 115.486 115.491 115.496 115.501 115.506 115.511 115.516 115.521
          115.526 115.53 115.535 115.54 115.544 115.549 115.553 115.558 115.562 115.567 115.571 115.575
          115.579 115.583 115.587 115.591 115.595 115.598 115.602 115.606 115.609 115.613 115.616 115.619
          115.623 115.626 115.629 115.632 115.146 115.149 115.154 115.158 115.163 115.168 115.173 115.178
          115.183 115.189 115.194 115.199 115.205 115.21 115.215 115.221 115.226 115.232 115.237 115.243
          115.248 115.254 115.259 115.265 115.27 115.275 115.281 115.286 115.292 115.297 115.302 115.308
          115.313 115.318 115.324 115.329 115.334 115.34 115.345 115.35 115.355 115.361 115.366 115.371
          115.376 115.381 115.386 115.391 115.396 115.401 115.406 115.411 115.416 115.42 115.425 115.429
          115.434 115.438 115.443 115.447 115.451 115.455 115.459 115.463 115.467 115.471 115.474 115.478
          115.482 115.485 115.489 115.492 115.495 115.499 115.502 115.505 115.079 115.072 115.065 115.06
          115.057 115.055 115.055 115.057 115.06 115.063 115.067 115.07 115.074 115.079 115.083 115.088
          115.093 115.099 115.104 115.109 115.115 115.12 115.126 115.131 115.136 115.142 115.147 115.153
          115.159 115.164 115.17 115.175 115.181 115.186 115.192 115.197 115.203 115.208 115.214 115.219
          115.224 115.23 115.235 115.24 115.246 115.251 115.256 115.261 115.267 115.272 115.277 115.282
          115.287 115.292 115.296 115.301 115.306 115.31 115.315 115.319 115.323 115.327 115.332 115.336
          115.339 115.343 115.347 115.351 115.354 115.358 115.361 115.365 115.368 115.371 115.374 115.378
          115.412 115.363 115.311 115.256 115.197 115.14 115.086 115.038 115.019 115.011 115.005 114.998
          114.993 114.988 114.985 114.982 114.981 114.981 114.983 114.985 114.989 114.993 114.997 115.001
          115.006 115.011 115.016 115.021 115.026 115.032 115.037 115.043 115.049 115.054 115.06 115.065
          115.071 115.076 115.082 115.088 115.093 115.099 115.104 115.11 115.115 115.121 115.126 115.132
          115.137 115.142 115.148 115.153 115.158 115.163 115.168 115.173 115.178 115.182 115.187 115.191
          115.196 115.2 115.204 115.208 115.212 115.216 115.22 115.223 115.227 115.23 115.234 115.237
          115.241 115.244 115.247 115.25 116.966 116.948 116.928 116.908 116.888 116.869 116.853 116.841
          115.444 115.376 115.339 115.301 115.261 115.218 115.173 115.126 115.076 115.029 114.986 114.948
          114.93 114.924 114.92 114.916 114.913 114.911 114.909 114.909 114.909 114.911 114.913 114.917
          114.921 114.926 114.931 114.935 114.941 114.946 114.951 114.957 114.962 114.968 114.974 114.98
          114.985 114.991 114.997 115.002 115.008 115.013 115.019 115.024 115.029 115.035 115.04 115.045
          115.05 115.055 115.059 115.064 115.069 115.073 115.077 115.081 115.085 115.089 115.093 115.096
          115.1 115.103 115.107 115.11 115.113 115.117 115.12 115.123 116.949 116.931 116.913 116.895
          116.877 116.86 116.843 116.826 116.809 116.792 116.774 116.756 116.737 116.718 116.698 116.678
          116.657 116.638 116.622 116.609 115.298 115.224 115.192 115.159 115.125 115.089 115.051 115.011
          114.971 114.932 114.896 114.863 114.841 114.838 114.836 114.835 114.835 114.834 114.835 114.837
          114.839 114.842 114.847 114.851 114.857 114.862 114.867 114.873 114.878 114.884 114.89 114.895
          114.901 114.907 114.912 114.917 114.922 114.927 114.932 114.937 114.942 114.946 114.95 114.954
          114.958 114.962 114.966 114.969 114.973 114.976 114.98 114.983 114.986 114.99 114.993 114.996
          116.933 116.915 116.897 116.88 116.862 116.845 116.827 116.81 116.792 116.775 116.757 116.739
          116.721 116.702 116.684 116.665 116.647 116.629 116.612 116.595 116.577 116.559 116.541 116.522
          116.502 116.482 116.462 116.441 116.42 116.399 116.382 116.367 115.159 115.059 115.031 115.004
          114.976 114.945 114.913 114.88 114.846 114.815 114.787 114.762 114.751 114.751 114.753 114.754
          114.757 114.76 114.764 114.769 114.774 114.779 114.785 114.79 114.795 114.801 114.806 114.811
          114.815 114.82 114.824 114.828 114.832 114.836 114.839 114.843 114.846 114.85 114.853 114.856
          114.859 114.863 114.866 114.869 116.917 116.899 116.882 116.864 116.847 116.829 116.812 116.794
          116.777 116.759 116.741 116.723 116.705 116.687 116.669 116.651 116.633 116.615 116.597 116.579
          116.561 116.543 116.524 116.506 116.487 116.468 116.448 116.429 116.41 116.391 116.372 116.354
          116.336 116.316 116.297 116.276 116.255 116.234 116.211 116.189 116.165 116.143 116.124 116.108
          114.924 114.853 114.83 114.807 114.782 114.756 114.729 114.703 114.683 114.667 114.661 114.665
          114.669 114.674 114.68 114.685 114.69 114.694 114.698 114.702 114.706 114.71 114.713 114.716
          114.72 114.723 114.726 114.729 114.733 114.736 114.739 114.742 116.902 116.884 116.867 116.849
          116.832 116.814 116.796 116.779 116.761 116.743 116.726 116.708 116.69 116.672 116.654 116.636
          116.618 116.6 116.582 116.564 116.546 116.527 116.509 116.49 116.471 116.453 116.434 116.415
          116.396 116.377 116.358 116.339 116.32 116.3 116.28 116.26 116.24 116.219 116.198 116.177
          116.156 116.135 116.115 116.095 116.073 116.051 116.028 116.004 115.979 115.952 115.924 115.897
          115.873 115.853 114.696 114.62 114.6 114.578 114.562 114.562 114.565 114.569 114.573 114.577
          114.58 114.584 114.587 114.59 114.593 114.597 114.6 114.603 114.606 114.609 114.612 114.615
          116.887 116.869 116.852 116.834 116.816 116.799 116.781 116.764 116.746 116.728 116.711 116.693
          116.675 116.657 116.639 116.621 116.603 116.585 116.567 116.549 116.53 116.512 116.494 116.475
          116.456 116.438 116.419 116.4 116.381 116.362 116.343 116.324 116.305 116.285 116.265 116.245
          116.225 116.204 116.184 116.163 116.142 116.121 116.1 116.079 116.057 116.035 116.012 115.988
          115.964 115.938 115.913 115.888 115.864 115.84 115.813 115.782 115.745 115.696 115.652 114.589
          114.448 114.444 114.448 114.451 114.454 114.458 114.461 114.464 114.467 114.47 114.473 114.476
          114.479 114.482 114.485 114.488
        </DataArray>
        <DataArray type="Float32" Name="mob_gas" NumberOfComponents="1" format="ascii">
          0 0 0 0 0 0 0 0 0 0 0 0
          0 0 0 0 0 0 0 0 0 0 0 0
          0 0 0 0 0 0 0 0 0 0 0 0
          0 0 0 0 0 0 0 0 0 0 0 0
          0 0 0 0 0 0 0 0 0 0 0 0
          0 0 0 0 0 0 0 0 0 0 0 0
          0 0 0 0 0 0 0 0 0 0 0 0
          0 0 0 0 0 0 0 0 0 0 0 0
          0 0 0 0 0 0 0 0 0 0 0 0
          0 0 0 0 0 0 0 0 0 0 0 0
          0 0 0 0 0 0 0 0 0 0 0 0
          0 0 0 0 0 0 0 0 0 0 0 0
          0 0 0 0 0 0 0 0 0 0 0 0
          0 0 0 0 0 0 0 0 0 0 0 0
          0 0 0 0 0 0 0 0 0 0 0 0
          0 0 0 0 0 0 0 0 0 0 0 0
          0 0 0 0 0 0 0 0 0 0 0 0
          0 0 0 0 0 0 0 0 0 0 0 0
          0 0 0 0 0 0 0 0 0 0 0 0
          0 0 0 0 0 0 0 0 0 0 0 0
          0 0 0 0 0 0 0 0 0 0 0 0
          0 0 0 0 0 0 0 0 0 0 0 0
          0 0 0 0 0 0 0 0 0 0 0 0
          0 0 0 0 0 0 0 0 0 0 0 0
          0 0 0 0 0 0 0 0 0 0 0 0
          0 0 0 0 0 0 0 0 0 0 0 0
          0 0 0 0 0 0 0 0 0 0 0 0
          0 0 0 0 0 0 0 0 0 0 0 0
          0 0 0 0 0 0 0 0 0 0 0 0
          0 0 0 0 0 0 0 0 0 0 0 0
          0 0 0 0 0 0 0 0 0 0 0 0
          0 0 0 0 0 0 0 0 0 0 0 0
          0 0 0 0 0 0 0 0 0 0 0 0
          0 0 0 0 0 0 0 0 0 0 0 0
          0 0 0 0 0 0 0 0 0 0 0 0
          0 0 0 0 0 0 0 0 0 0 0 0
          0 0 0 0 0 0 0 0 0 0 0 0
          0 0 0 0 0 0 0 0 0 0 0 0
          0 0 0 0 0 0 0 0 0 0 0 0
          0 0 0 0 0 0 0 0 0 0 0 0
          0 0 0 0 0 0 0 0 0 0 0 0
          0 0 0 0 0 0 0 0 0 0 0 0
          0 0 0 0 0 0 0 0 0 0 0 0
          0 0 0 0 0 0 0 0 0 0 0 0
          0 0 0 0 0 0 0 0 0 0 0 0
          0 0 0 0 0 0 0 0 0 0 0 0
          0 0 0 0 0 0 0 0 0 0 0 0
          0 0 0 0 0 0 0 0 0 0 0 0
          0 0 0 0 0 0 0 0 0 0 0 0
          0 0 0 0 0 0 0 0 0 0 0 0
          0 0 0 0 0 0 0 0 0 0 0 0
          0 0 0 0 0 0 0 0 0 0 0 0
          0 0 0 0 0 0 0 0 0 0 0 0
          0 0 0 0 0 0 0 0 0 0 0 0
          0 0 0 0 0 0 0 0 0 0 0 0
          0 0 0 0 0 0 0 0 0 0 0 0
          0 0 0 0 0 0 0 0 0 0 0 0
          0 0 0 0 0 0 0 0 0 0 0 0
          0 0 0 0 0 0 0 0 0 0 0 0
          0 0 0 0 0 0 0 0 0 0 0 0
          0 0 0 0 0 0 0 0 0 0 0 0
          0 0 0 0 0 0 0 0 0 0 0 0
          0 0 0 0 0 0 0 0 0 0 0 0
          0 0 0 0 0 0 0 0 0 0 0 0
          0 0 0 0 0 0 0 0 0 0 0 0
          0 0 0 0 0 0 0 0 0 0 0 0
          0 0 0 0 0 0 0 0 0 0 0 0
          0 0 0 0 0 0 0 0 0 0 0 0
          0 0 0 0 0 0 0 0 0 0 0 0
          0 0 0 0 0 0 0 0 0 0 0 0
          0 0 0 0 0 0 0 0 0 0 0 0
          0 0 0 0 0 0 0 0 0 0 0 0
          0 0 0 0 0 0 0 0 0 0 0 0
          0 0 0 0 0 0 0 0 0 0 0 0
          0 0 0 0 0 0 0 0 0 0 0 0
          0 0 0 0 0 0 0 0 0 0 0 0
          0 0 0 0 0 0 0 0 0 0 0 0
          0 0 0 0 0 0 0 0 0 0 0 0
          0 0 0 0 0 0 0 0 0 0 0 0
          0 0 0 0 0 0 0 0 0 0 0 0
          0 0 0 0 0 0 0 0 0 0 0 0
          0 0 0 0 0 0 0 0 0 0 0 0
          0 0 0 0 0 0 0 0 0 0 0 0
          0 0 0 0 0 0 0 0 0 0 0 0
          0 0 0 0 0 0 0 0 0 0 0 0
          0 0 0 0 0 0 0 0 0 0 0 0
          0 0 0 0 0 0 0 0 0 0 0 0
          0 0 0 0 0 0 0 0 0 0 0 0
          0 0 0 0 0 0 0 0 0 0 0 0
          0 0 0 0 0 0 0 0 0 0 0 0
          0 0 0 0 0 0 0 0 0 0 0 0
          0 0 0 0 0 0 0 0 0 0 0 0
          0 0 0 0 0 0 0 0 0 0 0 0
          0 0 0 0 0 0 0 0 0 0 0 0
          0 0 0 0 0 0 0 0 0 0 0 0
          0 0 0 0 0 0 0 0 0 0 0 0
          0 0 0 0 0 0 0 0 0 0 0 0
          0 0 0 0 0 0 0 0 0 0 0 0
          0 0 0 0 0 0 0 0 0 0 0 0
          0 0 0 0 0 0 0 0 0 0 0 0
          0 0 0 0 0 0 0 0 0 0 0 0
          0 0 0 0 0 0 0 0 0 0 0 0
          0 0 0 0 0 0 0 0 0 0 0 0
          0 0 0 0 0 0 0 0 0 0 0 0
          0 0 0 0 0 0 0 0 0 0 0 0
          0 0 0 0 0 0 0 0 0 0 0 0
          0 0 0 0 0 0 0 0 0 0 0 0
          0 0 0 0 0 0 0 0 0 0 0 0
          0 0 0 0 0 0 0 0 0 0 0 0
          0 0 0 0 0 0 0 0 0 0 0 0
          0 0 0 0 0 0 0 0 0 0 0 0
          0 0 0 0 0 0 0 0 0 0 0 0
          0 0 0 0 0 0 0 0 0 0 0 0
          0 0 0 0 0 0 0 0 0 0 0 0
          0 0 0 0 0 0 0 0 0 0 0 0
          0 0 0 0 0 0 0 0 0 0 0 0
          0 0 0 0 0 0 0 0 0 0 0 0
          0 0 0 0 0 0 0 0 0 0 0 0
          0 0 0 0 0 0 0 0 0 0 0 0
          0 0 0 0 0 0 0 0 0 0 0 0
          0 0 0 0 0 0 0 0 0 0 0 0
          0 0 0 0 0 0 0 0 0 0 0 0
          0 0 0 0 0 0 0 0 0 0 0 0
          0 0 0 0 0 0 0 0 0 0 0 0
          0 0 0 0 0 0 0 0 0 0 0 0
          0 0 0 0 0 0 0 0 0 0 0 0
          0 0 0 0 0 0 0 0 0 0 0 0
          0 0 0 0 0 0 0 0 0 0 0 0
          0 0 0 0 0 0 0 0 0 0 0 0
          0 0 0 0 0 0 0 0 0 0 0 0
          0 0 0 0 0 0 0 0 0 0 0 0
          0 0 0 0 0 0 0 0 0 0 0 0
          0 0 0 0 0 0 0 0 0 0 0 0
          0 0 0 0 0 0 0 0 0 0 0 0
          0 0 0 0 0 0 0 0 0 0 0 0
          0 0 0 0 0 0 0 0 0 0 0 0
          0 0 0 0 0 0 0 0 0 0 0 0
          0 0 0 0 0 0 0 0 0 0 0 0
          0 0 0 0 0 0 0 0 0 0 0 0
          0 0 0 0 0 0 0 0 0 0 0 0
          0 0 0 0 0 0 0 0 0 0 0 0
          0 0 0 0 0 0 0 0 0 0 0 0
          0 0 0 0 0 0 0 0 0 0 0 0
          0 0 0 0 0 0 0 0 0 0 0 0
          0 0 0 0 0 0 0 0 0 0 0 0
          0 0 0 0 0 0 0 0 0 0 0 0
          0 0 0 0 0 0 0 0 0 0 0 0
          0 0 0 0 0 0 0 0 0 0 0 0
          0 0 0 0 0 0 0 0 0 0 0 0
          0 0 0 0 0 0 0 0 0 0 0 0
          0 0 0 0 0 0 0 0 0 0 0 0
          0 0 0 0 0 0 0 0 0 0 0 0
          0 0 0 0 0 0 0 0 0 0 0 0
          0 0 0 0 0 0 0 0 0 0 0 0
          0 0 0 0 0 0 0 0 0 0 0 0
          0 0 0 0 0 0 0 0 0 0 0 0
          0 0 0 0 0 0 0 0 0 0 0 0
          0 0 0 0 0 0 0 0 0 0 0 0
          0 0 0 0 680.388 506.137 335.534 183.964 68.1162 11.8906 0.491466 1.94682e-05
          0 0 0 0 0 0 0 0 0 0 0 0
          0 0 0 0 0 0 0 0 0 0 0 0
          0 0 0 0 0 0 0 0 0 0 0 0
          0 0 0 0 0 0 0 0 0 0 0 0
          0 0 0 0 0 0 0 0 0 0 0 0
          0 0 0 0 0 0 0 0 2025.19 1957.87 1884.33 1802.06
          1711.07 1609.9 1496.26 1365.73 1219.83 1066.12 906.824 743.537 578.723 417.478 269.097 141.345
          50.3874 9.32642 0.49205 0.000171846 0 0 0 0 0 0 0 0
          0 0 0 0 0 0 0 0 0 0 0 0
          0 0 0 0 0 0 0 0 0 0 0 0
          0 0 0 0 0 0 0 0 0 0 0 0
          0 0 0 0 0 0 0 0 0 0 0 0
          2705.91 2663.44 2618.89 2572.05 2522.7 2470.88 2416.59 2360.22 2301.88 2241.35 2178.32 2112.29
          2042.48 1967.54 1885.97 1797.44 1700.82 1594.57 1477.06 1345.17 1199.11 1045.92 888.176 727.929
          568.28 414.907 273.522 150.762 60.3195 14.171 1.31348 0.00724159 0 0 0 0
          0 0 0 0 0 0 0 0 0 0 0 0
          0 0 0 0 0 0 0 0 0 0 0 0
          0 0 0 0 0 0 0 0 0 0 0 0
          0 0 0 0 3378.68 3343.77 3307.88 3270.96 3232.98 3193.91 3153.73 3112.4
          3069.83 3025.93 2980.56 2933.58 2884.81 2834.06 2781.14 2725.93 2668.39 2608.45 2546.06 2481.36
          2414.57 2345.46 2273.62 2198.5 2119.28 2034.81 1944.41 1847.32 1742.35 1628.21 1503.61 1366.82
          1215.65 1056.36 892.795 727.414 563.814 407.898 264.516 141.537 53.3701 11.0868 0.763869 0.0011007
          0 0 0 0 0 0 0 0 0 0 0 0
          0 0 0 0 0 0 0 0 0 0 0 0
          0 0 0 0 0 0 0 0 4346.24 4312.74 4278.49 4243.48
          4207.69 4171.07 4133.61 4095.28 4056.03 4015.82 3974.61 3932.33 3888.93 3844.35 3798.52 3751.39
          3702.92 3653.06 3601.79 3549.03 3494.71 3438.71 3380.89 3321.09 3259.13 3194.81 3127.96 3058.44
          2986.11 2910.88 2832.7 2751.44 2667.24 2579.87 2488.85 2393.51 2292.96 2186.11 2072.41 1950.65
          1819.5 1677.54 1523.6 1355.94 1173.64 983.723 789.906 596.101 409.78 242 106.429 26.1323
          2.0392 0.0041538 0 0 0 0 0 0 0 0 0 0
          0 0 0 0 0 0 0 0 0 0 0 0
          6484.28 6450.21 6415.44 6379.93 6343.68 6306.64 6268.79 6230.12 6190.57 6150.12 6108.74 6066.38
          6023 5978.57 5933.03 5886.34 5838.45 5789.32 5738.89 5687.09 5633.87 5579.15 5522.86 5464.89
          5405.14 5343.52 5279.92 5214.22 5146.31 5076.08 5003.38 4928.07 4849.98 4768.89 4684.55 4596.66
          4504.92 4408.95 4308.36 4202.83 4091.95 3975.24 3852.15 3722.19 3585.13 3439.88 3285.02 3118.56
          2937.65 2739.47 2521.48 2278.96 2005.35 1689.92 1323.5 915.217 476.099 86.521 0.183962 0
          0 0 0 0 0 0 0 0 0 0 0 0
          0 0 0 0
        </DataArray>
        <DataArray type="Float32" Name="pc" NumberOfComponents="1" format="ascii">
          5000 5000 5000 5000 5000 5000 5000 5000 5000 5000 5000 5000
          5000 5000 5000 5000 5000 5000 5000 5000 5000 5000 5000 5000
          5000 5000 5000 5000 5000 5000 5000 5000 5000 5000 5000 5000
          5000 5000 5000 5000 5000 5000 5000 5000 5000 5000 5000 5000
          5000 5000 5000 5000 5000 5000 5000 5000 5000 5000 5000 5000
          5000 5000 5000 5000 5000 5000 5000 5000 5000 5000 5000 5000
          5000 5000 5000 5000 5000 5000 5000 5000 5000 5000 5000 5000
          5000 5000 5000 5000 5000 5000 5000 5000 5000 5000 5000 5000
          5000 5000 5000 5000 5000 5000 5000 5000 5000 5000 5000 5000
          5000 5000 5000 5000 5000 5000 5000 5000 5000 5000 5000 5000
          5000 5000 5000 5000 5000 5000 5000 5000 5000 5000 5000 5000
          5000 5000 5000 5000 5000 5000 5000 5000 5000 5000 5000 5000
          5000 5000 5000 5000 5000 5000 5000 5000 5000 5000 5000 5000
          5000 5000 5000 5000 5000 5000 5000 5000 5000 5000 5000 5000
          5000 5000 5000 5000 5000 5000 5000 5000 5000 5000 5000 5000
          5000 5000 5000 5000 5000 5000 5000 5000 5000 5000 5000 5000
          5000 5000 5000 5000 5000 5000 5000 5000 5000 5000 5000 5000
          5000 5000 5000 5000 5000 5000 5000 5000 5000 5000 5000 5000
          5000 5000 5000 5000 5000 5000 5000 5000 5000 5000 5000 5000
          5000 5000 5000 5000 5000 5000 5000 5000 5000 5000 5000 5000
          5000 5000 5000 5000 5000 5000 5000 5000 5000 5000 5000 5000
          5000 5000 5000 5000 5000 5000 5000 5000 5000 5000 5000 5000
          5000 5000 5000 5000 5000 5000 5000 5000 5000 5000 5000 5000
          5000 5000 5000 5000 5000 5000 5000 5000 5000 5000 5000 5000
          5000 5000 5000 5000 5000 5000 5000 5000 5000 5000 5000 5000
          5000 5000 5000 5000 5000 5000 5000 5000 5000 5000 5000 5000
          5000 5000 5000 5000 5000 5000 5000 5000 5000 5000 5000 5000
          5000 5000 5000 5000 5000 5000 5000 5000 5000 5000 5000 5000
          5000 5000 5000 5000 5000 5000 5000 5000 5000 5000 5000 5000
          5000 5000 5000 5000 5000 5000 5000 5000 5000 5000 5000 5000
          5000 5000 5000 5000 5000 5000 5000 5000 5000 5000 5000 5000
          5000 5000 5000 5000 5000 5000 5000 5000 5000 5000 5000 5000
          5000 5000 5000 5000 5000 5000 5000 5000 5000 5000 5000 5000
          5000 5000 5000 5000 5000 5000 5000 5000 5000 5000 5000 5000
          5000 5000 5000 5000 5000 5000 5000 5000 5000 5000 5000 5000
          5000 5000 5000 5000 5000 5000 5000 5000 5000 5000 5000 5000
          5000 5000 5000 5000 5000 5000 5000 5000 5000 5000 5000 5000
          5000 5000 5000 5000 5000 5000 5000 5000 5000 5000 5000 5000
          5000 5000 5000 5000 5000 5000 5000 5000 5000 5000 5000 5000
          5000 5000 5000 5000 5000 5000 5000 5000 5000 5000 5000 5000
          5000 5000 5000 5000 5000 5000 5000 5000 5000 5000 5000 5000
          5000 5000 5000 5000 5000 5000 5000 5000 5000 5000 5000 5000
          5000 5000 5000 5000 5000 5000 5000 5000 5000 5000 5000 5000
          5000 5000 5000 5000 5000 5000 5000 5000 5000 5000 5000 5000
          5000 5000 5000 5000 5000 5000 5000 5000 5000 5000 5000 5000
          5000 5000 5000 5000 5000 5000 5000 5000 5000 5000 5000 5000
          5000 5000 5000 5000 5000 5000 5000 5000 5000 5000 5000 5000
          5000 5000 5000 5000 5000 5000 5000 5000 5000 5000 5000 5000
          5000 5000 5000 5000 5000 5000 5000 5000 5000 5000 5000 5000
          5000 5000 5000 5000 5000 5000 5000 5000 5000 5000 5000 5000
          5000 5000 5000 5000 5000 5000 5000 5000 5000 5000 5000 5000
          5000 5000 5000 5000 5000 5000 5000 5000 5000 5000 5000 5000
          5000 5000 5000 5000 5000 5000 5000 5000 5000 5000 5000 5000
          5000 5000 5000 5000 5000 5000 5000 5000 5000 5000 5000 5000
          5000 5000 5000 5000 5000 5000 5000 5000 5000 5000 5000 5000
          5000 5000 5000 5000 5000 5000 5000 5000 5000 5000 5000 5000
          5000 5000 5000 5000 5000 5000 5000 5000 5000 5000 5000 5000
          5000 5000 5000 5000 5000 5000 5000 5000 5000 5000 5000 5000
          5000 5000 5000 5000 5000 5000 5000 5000 5000 5000 5000 5000
          5000 5000 5000 5000 5000 5000 5000 5000 5000 5000 5000 5000
          5000 5000 5000 5000 5000 5000 5000 5000 5000 5000 5000 5000
          5000 5000 5000 5000 5000 5000 5000 5000 5000 5000 5000 5000
          5000 5000 5000 5000 5000 5000 5000 5000 5000 5000 5000 5000
          5000 5000 5000 5000 5000 5000 5000 5000 5000 5000 5000 5000
          5000 5000 5000 5000 5000 5000 5000 5000 5000 5000 5000 5000
          5000 5000 5000 5000 5000 5000 5000 5000 5000 5000 5000 5000
          5000 5000 5000 5000 5000 5000 5000 5000 5000 5000 5000 5000
          5000 5000 5000 5000 5000 5000 5000 5000 5000 5000 5000 5000
          5000 5000 5000 5000 5000 5000 5000 5000 5000 5000 5000 5000
          5000 5000 5000 5000 5000 5000 5000 5000 5000 5000 5000 5000
          5000 5000 5000 5000 5000 5000 5000 5000 5000 5000 5000 5000
          5000 5000 5000 5000 5000 5000 5000 5000 5000 5000 5000 5000
          5000 5000 5000 5000 5000 5000 5000 5000 5000 5000 5000 5000
          5000 5000 5000 5000 5000 5000 5000 5000 5000 5000 5000 5000
          5000 5000 5000 5000 5000 5000 5000 5000 5000 5000 5000 5000
          5000 5000 5000 5000 5000 5000 5000 5000 5000 5000 5000 5000
          5000 5000 5000 5000 5000 5000 5000 5000 5000 5000 5000 5000
          5000 5000 5000 5000 5000 5000 5000 5000 5000 5000 5000 5000
          5000 5000 5000 5000 5000 5000 5000 5000 5000 5000 5000 5000
          5000 5000 5000 5000 5000 5000 5000 5000 5000 5000 5000 5000
          5000 5000 5000 5000 5000 5000 5000 5000 5000 5000 5000 5000
          5000 5000 5000 5000 5000 5000 5000 5000 5000 5000 5000 5000
          5000 5000 5000 5000 5000 5000 5000 5000 5000 5000 5000 5000
          5000 5000 5000 5000 5000 5000 5000 5000 5000 5000 5000 5000
          5000 5000 5000 5000 5000 5000 5000 5000 5000 5000 5000 5000
          5000 5000 5000 5000 5000 5000 5000 5000 5000 5000 5000 5000
          5000 5000 5000 5000 5000 5000 5000 5000 5000 5000 5000 5000
          5000 5000 5000 5000 5000 5000 5000 5000 5000 5000 5000 5000
          5000 5000 5000 5000 5000 5000 5000 5000 5000 5000 5000 5000
          5000 5000 5000 5000 5000 5000 5000 5000 5000 5000 5000 5000
          5000 5000 5000 5000 5000 5000 5000 5000 5000 5000 5000 5000
          5000 5000 5000 5000 5000 5000 5000 5000 5000 5000 5000 5000
          5000 5000 5000 5000 5000 5000 5000 5000 5000 5000 5000 5000
          5000 5000 5000 5000 5000 5000 5000 5000 5000 5000 5000 5000
          5000 5000 5000 5000 5000 5000 5000 5000 5000 5000 5000 5000
          5000 5000 5000 5000 5000 5000 5000 5000 5000 5000 5000 5000
          5000 5000 5000 5000 5000 5000 5000 5000 5000 5000 5000 5000
          5000 5000 5000 5000 5000 5000 5000 5000 5000 5000 5000 5000
          5000 5000 5000 5000 5000 5000 5000 5000 5000 5000 5000 5000
          5000 5000 5000 5000 5000 5000 5000 5000 5000 5000 5000 5000
          5000 5000 5000 5000 5000 5000 5000 5000 5000 5000 5000 5000
          5000 5000 5000 5000 5000 5000 5000 5000 5000 5000 5000 5000
          5000 5000 5000 5000 5000 5000 5000 5000 5000 5000 5000 5000
          5000 5000 5000 5000 5000 5000 5000 5000 5000 5000 5000 5000
          5000 5000 5000 5000 5000 5000 5000 5000 5000 5000 5000 5000
          5000 5000 5000 5000 5000 5000 5000 5000 5000 5000 5000 5000
          5000 5000 5000 5000 5000 5000 5000 5000 5000 5000 5000 5000
          5000 5000 5000 5000 5000 5000 5000 5000 5000 5000 5000 5000
          5000 5000 5000 5000 5000 5000 5000 5000 5000 5000 5000 5000
          5000 5000 5000 5000 5000 5000 5000 5000 5000 5000 5000 5000
          5000 5000 5000 5000 5000 5000 5000 5000 5000 5000 5000 5000
          5000 5000 5000 5000 5000 5000 5000 5000 5000 5000 5000 5000
          5000 5000 5000 5000 5000 5000 5000 5000 5000 5000 5000 5000
          5000 5000 5000 5000 5000 5000 5000 5000 5000 5000 5000 5000
          5000 5000 5000 5000 5000 5000 5000 5000 5000 5000 5000 5000
          5000 5000 5000 5000 5000 5000 5000 5000 5000 5000 5000 5000
          5000 5000 5000 5000 5000 5000 5000 5000 5000 5000 5000 5000
          5000 5000 5000 5000 5000 5000 5000 5000 5000 5000 5000 5000
          5000 5000 5000 5000 5000 5000 5000 5000 5000 5000 5000 5000
          5000 5000 5000 5000 5000 5000 5000 5000 5000 5000 5000 5000
          5000 5000 5000 5000 5000 5000 5000 5000 5000 5000 5000 5000
          5000 5000 5000 5000 5000 5000 5000 5000 5000 5000 5000 5000
          5000 5000 5000 5000 5000 5000 5000 5000 5000 5000 5000 5000
          5000 5000 5000 5000 5000 5000 5000 5000 5000 5000 5000 5000
          5000 5000 5000 5000 5000 5000 5000 5000 5000 5000 5000 5000
          5000 5000 5000 5000 5000 5000 5000 5000 5000 5000 5000 5000
          5000 5000 5000 5000 5000 5000 5000 5000 5000 5000 5000 5000
          5000 5000 5000 5000 5000 5000 5000 5000 5000 5000 5000 5000
          5000 5000 5000 5000 5000 5000 5000 5000 5000 5000 5000 5000
          5000 5000 5000 5000 5000 5000 5000 5000 5000 5000 5000 5000
          5000 5000 5000 5000 5000 5000 5000 5000 5000 5000 5000 5000
          5000 5000 5000 5000 5000 5000 5000 5000 5000 5000 5000 5000
          5000 5000 5000 5000 5000 5000 5000 5000 5000 5000 5000 5000
          5000 5000 5000 5000 5000 5000 5000 5000 5000 5000 5000 5000
          5000 5000 5000 5000 5000 5000 5000 5000 5000 5000 5000 5000
          5000 5000 5000 5000 5000 5000 5000 5000 5000 5000 5000 5000
          5000 5000 5000 5000 5000 5000 5000 5000 5000 5000 5000 5000
          5000 5000 5000 5000 5000 5000 5000 5000 5000 5000 5000 5000
          5000 5000 5000 5000 5000 5000 5000 5000 5000 5000 5000 5000
          5000 5000 5000 5000 5000 5000 5000 5000 5000 5000 5000 5000
          5000 5000 5000 5000 5000 5000 5000 5000 5000 5000 5000 5000
          5000 5000 5000 5000 5000 5000 5000 5000 5000 5000 5000 5000
          5000 5000 5000 5000 5000 5000 5000 5000 5000 5000 5000 5000
          5000 5000 5000 5000 5000 5000 5000 5000 5000 5000 5000 5000
          5000 5000 5000 5000 5000 5000 5000 5000 5000 5000 5000 5000
          5000 5000 5000 5000 5000 5000 5000 5000 5000 5000 5000 5000
          5000 5000 5000 5000 5000 5000 5000 5000 5000 5000 5000 5000
          5000 5000 5000 5000 5000 5000 5000 5000 5000 5000 5000 5000
          5000 5000 5000 5000 5000 5000 5000 5000 5000 5000 5000 5000
          5000 5000 5000 5000 5000 5000 5000 5000 5000 5000 5000 5000
          5000 5000 5000 5000 5000 5000 5000 5000 5000 5000 5000 5000
          5000 5000 5000 5000 5000 5000 5000 5000 5000 5000 5000 5000
          5000 5000 5000 5000 5000 5000 5000 5000 5000 5000 5000 5000
          5000 5000 5000 5000 5000 5000 5000 5000 5000 5000 5000 5000
          5000 5000 5000 5000 5000 5000 5000 5000 5000 5000 5000 5000
          5000 5000 5000 5000 5000 5000 5000 5000 5000 5000 5000 5000
          5000 5000 5000 5000 5000 5000 5000 5000 5000 5000 5000 5000
          5000 5000 5000 5000 5000 5000 5000 5000 5000 5000 5000 5000
          5000 5000 5000 5000 6753.49 6506.83 6229.64 5924.6 5590.1 5279.03 5075.34 5001.29
          5000 5000 5000 5000 5000 5000 5000 5000 5000 5000 5000 5000
          5000 5000 5000 5000 5000 5000 5000 5000 5000 5000 5000 5000
          5000 5000 5000 5000 5000 5000 5000 5000 5000 5000 5000 5000
          5000 5000 5000 5000 5000 5000 5000 5000 5000 5000 5000 5000
          5000 5000 5000 5000 5000 5000 5000 5000 5000 5000 5000 5000
          5000 5000 5000 5000 5000 5000 5000 5000 8244.05 8176.92 8103.14 8019.97
          7927.13 7822.71 7703.68 7564.28 7404.37 7230.07 7041.27 6836.17 6612.3 6368.08 6105.36 5818.56
          5516.8 5251.96 5075.35 5003.08 5000 5000 5000 5000 5000 5000 5000 5000
          5000 5000 5000 5000 5000 5000 5000 5000 5000 5000 5000 5000
          5000 5000 5000 5000 5000 5000 5000 5000 5000 5000 5000 5000
          5000 5000 5000 5000 5000 5000 5000 5000 5000 5000 5000 5000
          5000 5000 5000 5000 5000 5000 5000 5000 5000 5000 5000 5000
          8905.05 8864.26 8821.43 8776.32 8728.74 8678.66 8626.09 8571.37 8514.56 8455.43 8393.62 8328.6
          8259.52 8184.94 8103.2 8013.76 7915.16 7805.39 7682.06 7540.82 7380.14 7205.61 7017.59 6814.99
          6596.67 6363.33 6113.54 5842.77 5558.93 5300.17 5112.28 5013.78 5000 5000 5000 5000
          5000 5000 5000 5000 5000 5000 5000 5000 5000 5000 5000 5000
          5000 5000 5000 5000 5000 5000 5000 5000 5000 5000 5000 5000
          5000 5000 5000 5000 5000 5000 5000 5000 5000 5000 5000 5000
          5000 5000 5000 5000 9543.39 9510.19 9476.05 9440.93 9404.81 9367.66 9329.45 9290.12
          9249.61 9207.82 9164.62 9119.84 9073.33 9024.89 8974.33 8921.5 8866.37 8808.84 8748.84 8686.45
          8621.88 8554.83 8484.88 8411.43 8333.57 8250.06 8160.06 8062.58 7956.09 7838.81 7708.71 7562.92
          7397.39 7216.65 7022.27 6813.47 6589.53 6351.3 6095.43 5818.4 5529.53 5270.66 5090.01 5006.48
          5000 5000 5000 5000 5000 5000 5000 5000 5000 5000 5000 5000
          5000 5000 5000 5000 5000 5000 5000 5000 5000 5000 5000 5000
          5000 5000 5000 5000 5000 5000 5000 5000 10461.2 10428.9 10395.9 10362.3
          10327.9 10292.8 10256.9 10220.2 10182.6 10144.2 10104.8 10064.5 10023.1 9980.67 9937.06 9892.25
          9846.19 9798.84 9750.17 9700.13 9648.62 9595.53 9540.73 9484.05 9425.33 9364.36 9300.96 9235
          9166.32 9094.8 9020.36 8942.86 8862.36 8778.61 8691.06 8598.98 8501.39 8397.07 8285.22 8164.37
          8032.67 7888.05 7728.23 7549.79 7349.18 7130.49 6893.16 6634.68 6353.75 6049.67 5718.81 5388.82
          5134.29 5011.02 5000 5000 5000 5000 5000 5000 5000 5000 5000 5000
          5000 5000 5000 5000 5000 5000 5000 5000 5000 5000 5000 5000
          12584.7 12548.8 12512.2 12475 12437 12398.3 12358.9 12318.6 12277.6 12235.8 12193 12149.4
          12104.9 12059.3 12012.8 11965.2 11916.5 11866.6 11815.6 11763.3 11709.8 11654.8 11598.5 11540.6
          11481.2 11420 11357 11292.2 11225.3 11156.4 11085.3 11011.8 10935.8 10857.2 10775.6 10690.8
          10602.5 10510.5 10414.2 10313.5 10208 10097.1 9980.47 9857.49 9727.97 9590.81 9444.6 9287.29
          9115.99 8927.65 8719.18 8484.94 8216.48 7898.89 7513.2 7047.46 6457.98 5654.88 5050.55 5000
          5000 5000 5000 5000 5000 5000 5000 5000 5000 5000 5000 5000
          5000 5000 5000 5000
        </DataArray>
        <DataArray type="Float32" Name="porosity" NumberOfComponents="1" format="ascii">
          0.14 0.14 0.14 0.14 0.14 0.14 0.14 0.14 0.14 0.14 0.14 0.14
          0.14 0.14 0.14 0.14 0.14 0.14 0.14 0.14 0.14 0.14 0.14 0.14
          0.14 0.14 0.14 0.14 0.14 0.14 0.14 0.14 0.14 0.14 0.14 0.14
          0.14 0.14 0.14 0.14 0.14 0.14 0.14 0.14 0.14 0.14 0.14 0.14
          0.14 0.14 0.14 0.14 0.14 0.14 0.14 0.14 0.14 0.14 0.14 0.14
          0.14 0.14 0.14 0.14 0.14 0.14 0.14 0.14 0.14 0.14 0.14 0.14
          0.14 0.14 0.14 0.14 0.14 0.14 0.14 0.14 0.14 0.14 0.14 0.14
          0.14 0.14 0.14 0.14 0.14 0.14 0.14 0.14 0.14 0.14 0.14 0.14
          0.14 0.14 0.14 0.14 0.14 0.14 0.14 0.14 0.14 0.14 0.14 0.14
          0.14 0.14 0.14 0.14 0.14 0.14 0.14 0.14 0.14 0.14 0.14 0.14
          0.14 0.14 0.14 0.14 0.14 0.14 0.14 0.14 0.14 0.14 0.14 0.14
          0.14 0.14 0.14 0.14 0.14 0.14 0.14 0.14 0.14 0.14 0.14 0.14
          0.14 0.14 0.14 0.14 0.14 0.14 0.14 0.14 0.14 0.14 0.14 0.14
          0.14 0.14 0.14 0.14 0.14 0.14 0.14 0.14 0.14 0.14 0.14 0.14
          0.14 0.14 0.14 0.14 0.14 0.14 0.14 0.14 0.14 0.14 0.14 0.14
          0.14 0.14 0.14 0.14 0.14 0.14 0.14 0.14 0.14 0.14 0.14 0.14
          0.14 0.14 0.14 0.14 0.14 0.14 0.14 0.14 0.14 0.14 0.14 0.14
          0.14 0.14 0.14 0.14 0.14 0.14 0.14 0.14 0.14 0.14 0.14 0.14
          0.14 0.14 0.14 0.14 0.14 0.14 0.14 0.14 0.14 0.14 0.14 0.14
          0.14 0.14 0.14 0.14 0.14 0.14 0.14 0.14 0.14 0.14 0.14 0.14
          0.14 0.14 0.14 0.14 0.14 0.14 0.14 0.14 0.14 0.14 0.14 0.14
          0.14 0.14 0.14 0.14 0.14 0.14 0.14 0.14 0.14 0.14 0.14 0.14
          0.14 0.14 0.14 0.14 0.14 0.14 0.14 0.14 0.14 0.14 0.14 0.14
          0.14 0.14 0.14 0.14 0.14 0.14 0.14 0.14 0.14 0.14 0.14 0.14
          0.14 0.14 0.14 0.14 0.14 0.14 0.14 0.14 0.14 0.14 0.14 0.14
          0.14 0.14 0.14 0.14 0.14 0.14 0.14 0.14 0.14 0.14 0.14 0.14
          0.14 0.14 0.14 0.14 0.14 0.14 0.14 0.14 0.14 0.14 0.14 0.14
          0.14 0.14 0.14 0.14 0.14 0.14 0.14 0.14 0.14 0.14 0.14 0.14
          0.14 0.14 0.14 0.14 0.14 0.14 0.14 0.14 0.14 0.14 0.14 0.14
          0.14 0.14 0.14 0.14 0.14 0.14 0.14 0.14 0.14 0.14 0.14 0.14
          0.14 0.14 0.14 0.14 0.14 0.14 0.14 0.14 0.14 0.14 0.14 0.14
          0.14 0.14 0.14 0.14 0.14 0.14 0.14 0.14 0.14 0.14 0.14 0.14
          0.14 0.14 0.14 0.14 0.14 0.14 0.14 0.14 0.14 0.14 0.14 0.14
          0.14 0.14 0.14 0.14 0.14 0.14 0.14 0.14 0.14 0.14 0.14 0.14
          0.14 0.14 0.14 0.14 0.14 0.14 0.14 0.14 0.14 0.14 0.14 0.14
          0.14 0.14 0.14 0.14 0.14 0.14 0.14 0.14 0.14 0.14 0.14 0.14
          0.14 0.14 0.14 0.14 0.14 0.14 0.14 0.14 0.14 0.14 0.14 0.14
          0.14 0.14 0.14 0.14 0.14 0.14 0.14 0.14 0.14 0.14 0.14 0.14
          0.14 0.14 0.14 0.14 0.14 0.14 0.14 0.14 0.14 0.14 0.14 0.14
          0.14 0.14 0.14 0.14 0.14 0.14 0.14 0.14 0.14 0.14 0.14 0.14
          0.14 0.14 0.14 0.14 0.14 0.14 0.14 0.14 0.14 0.14 0.14 0.14
          0.14 0.14 0.14 0.14 0.14 0.14 0.14 0.14 0.14 0.14 0.14 0.14
          0.14 0.14 0.14 0.14 0.14 0.14 0.14 0.14 0.14 0.14 0.14 0.14
          0.14 0.14 0.14 0.14 0.14 0.14 0.14 0.14 0.14 0.14 0.14 0.14
          0.14 0.14 0.14 0.14 0.14 0.14 0.14 0.14 0.14 0.14 0.14 0.14
          0.14 0.14 0.14 0.14 0.14 0.14 0.14 0.14 0.14 0.14 0.14 0.14
          0.14 0.14 0.14 0.14 0.14 0.14 0.14 0.14 0.14 0.14 0.14 0.14
          0.14 0.14 0.14 0.14 0.14 0.14 0.14 0.14 0.14 0.14 0.14 0.14
          0.14 0.14 0.14 0.14 0.14 0.14 0.14 0.14 0.14 0.14 0.14 0.14
          0.14 0.14 0.14 0.14 0.14 0.14 0.14 0.14 0.14 0.14 0.14 0.14
          0.14 0.14 0.14 0.14 0.14 0.14 0.14 0.14 0.14 0.14 0.14 0.14
          0.14 0.14 0.14 0.14 0.14 0.14 0.14 0.14 0.14 0.14 0.14 0.14
          0.14 0.14 0.14 0.14 0.14 0.14 0.14 0.14 0.14 0.14 0.14 0.14
          0.14 0.14 0.14 0.14 0.14 0.14 0.14 0.14 0.14 0.14 0.14 0.14
          0.14 0.14 0.14 0.14 0.14 0.14 0.14 0.14 0.14 0.14 0.14 0.14
          0.14 0.14 0.14 0.14 0.14 0.14 0.14 0.14 0.14 0.14 0.14 0.14
          0.14 0.14 0.14 0.14 0.14 0.14 0.14 0.14 0.14 0.14 0.14 0.14
          0.14 0.14 0.14 0.14 0.14 0.14 0.14 0.14 0.14 0.14 0.14 0.14
          0.14 0.14 0.14 0.14 0.14 0.14 0.14 0.14 0.14 0.14 0.14 0.14
          0.14 0.14 0.14 0.14 0.14 0.14 0.14 0.14 0.14 0.14 0.14 0.14
          0.14 0.14 0.14 0.14 0.14 0.14 0.14 0.14 0.14 0.14 0.14 0.14
          0.14 0.14 0.14 0.14 0.14 0.14 0.14 0.14 0.14 0.14 0.14 0.14
          0.14 0.14 0.14 0.14 0.14 0.14 0.14 0.14 0.14 0.14 0.14 0.14
          0.14 0.14 0.14 0.14 0.14 0.14 0.14 0.14 0.14 0.14 0.14 0.14
          0.14 0.14 0.14 0.14 0.14 0.14 0.14 0.14 0.14 0.14 0.14 0.14
          0.14 0.14 0.14 0.14 0.14 0.14 0.14 0.14 0.14 0.14 0.14 0.14
          0.14 0.14 0.14 0.14 0.14 0.14 0.14 0.14 0.14 0.14 0.14 0.14
          0.14 0.14 0.14 0.14 0.14 0.14 0.14 0.14 0.14 0.14 0.14 0.14
          0.14 0.14 0.14 0.14 0.14 0.14 0.14 0.14 0.14 0.14 0.14 0.14
          0.14 0.14 0.14 0.14 0.14 0.14 0.14 0.14 0.14 0.14 0.14 0.14
          0.14 0.14 0.14 0.14 0.14 0.14 0.14 0.14 0.14 0.14 0.14 0.14
          0.14 0.14 0.14 0.14 0.14 0.14 0.14 0.14 0.14 0.14 0.14 0.14
          0.14 0.14 0.14 0.14 0.14 0.14 0.14 0.14 0.14 0.14 0.14 0.14
          0.14 0.14 0.14 0.14 0.14 0.14 0.14 0.14 0.14 0.14 0.14 0.14
          0.14 0.14 0.14 0.14 0.14 0.14 0.14 0.14 0.14 0.14 0.14 0.14
          0.14 0.14 0.14 0.14 0.14 0.14 0.14 0.14 0.14 0.14 0.14 0.14
          0.14 0.14 0.14 0.14 0.14 0.14 0.14 0.14 0.14 0.14 0.14 0.14
          0.14 0.14 0.14 0.14 0.14 0.14 0.14 0.14 0.14 0.14 0.14 0.14
          0.14 0.14 0.14 0.14 0.14 0.14 0.14 0.14 0.14 0.14 0.14 0.14
          0.14 0.14 0.14 0.14 0.14 0.14 0.14 0.14 0.14 0.14 0.14 0.14
          0.14 0.14 0.14 0.14 0.14 0.14 0.14 0.14 0.14 0.14 0.14 0.14
          0.14 0.14 0.14 0.14 0.14 0.14 0.14 0.14 0.14 0.14 0.14 0.14
          0.14 0.14 0.14 0.14 0.14 0.14 0.14 0.14 0.14 0.14 0.14 0.14
          0.14 0.14 0.14 0.14 0.14 0.14 0.14 0.14 0.14 0.14 0.14 0.14
          0.14 0.14 0.14 0.14 0.14 0.14 0.14 0.14 0.14 0.14 0.14 0.14
          0.14 0.14 0.14 0.14 0.14 0.14 0.14 0.14 0.14 0.14 0.14 0.14
          0.14 0.14 0.14 0.14 0.14 0.14 0.14 0.14 0.14 0.14 0.14 0.14
          0.14 0.14 0.14 0.14 0.14 0.14 0.14 0.14 0.14 0.14 0.14 0.14
          0.14 0.14 0.14 0.14 0.14 0.14 0.14 0.14 0.14 0.14 0.14 0.14
          0.14 0.14 0.14 0.14 0.14 0.14 0.14 0.14 0.14 0.14 0.14 0.14
          0.14 0.14 0.14 0.14 0.14 0.14 0.14 0.14 0.14 0.14 0.14 0.14
          0.14 0.14 0.14 0.14 0.14 0.14 0.14 0.14 0.14 0.14 0.14 0.14
          0.14 0.14 0.14 0.14 0.14 0.14 0.14 0.14 0.14 0.14 0.14 0.14
          0.14 0.14 0.14 0.14 0.14 0.14 0.14 0.14 0.14 0.14 0.14 0.14
          0.14 0.14 0.14 0.14 0.14 0.14 0.14 0.14 0.14 0.14 0.14 0.14
          0.14 0.14 0.14 0.14 0.14 0.14 0.14 0.14 0.14 0.14 0.14 0.14
          0.14 0.14 0.14 0.14 0.14 0.14 0.14 0.14 0.14 0.14 0.14 0.14
          0.14 0.14 0.14 0.14 0.14 0.14 0.14 0.14 0.14 0.14 0.14 0.14
          0.14 0.14 0.14 0.14 0.14 0.14 0.14 0.14 0.14 0.14 0.14 0.14
          0.14 0.14 0.14 0.14 0.14 0.14 0.14 0.14 0.14 0.14 0.14 0.14
          0.14 0.14 0.14 0.14 0.14 0.14 0.14 0.14 0.14 0.14 0.14 0.14
          0.14 0.14 0.14 0.14 0.14 0.14 0.14 0.14 0.14 0.14 0.14 0.14
          0.14 0.14 0.14 0.14 0.14 0.14 0.14 0.14 0.14 0.14 0.14 0.14
          0.14 0.14 0.14 0.14 0.14 0.14 0.14 0.14 0.14 0.14 0.14 0.14
          0.14 0.14 0.14 0.14 0.14 0.14 0.14 0.14 0.14 0.14 0.14 0.14
          0.14 0.14 0.14 0.14 0.14 0.14 0.14 0.14 0.14 0.14 0.14 0.14
          0.14 0.14 0.14 0.14 0.14 0.14 0.14 0.14 0.14 0.14 0.14 0.14
          0.14 0.14 0.14 0.14 0.14 0.14 0.14 0.14 0.14 0.14 0.14 0.14
          0.14 0.14 0.14 0.14 0.14 0.14 0.14 0.14 0.14 0.14 0.14 0.14
          0.14 0.14 0.14 0.14 0.14 0.14 0.14 0.14 0.14 0.14 0.14 0.14
          0.14 0.14 0.14 0.14 0.14 0.14 0.14 0.14 0.14 0.14 0.14 0.14
          0.14 0.14 0.14 0.14 0.14 0.14 0.14 0.14 0.14 0.14 0.14 0.14
          0.14 0.14 0.14 0.14 0.14 0.14 0.14 0.14 0.14 0.14 0.14 0.14
          0.14 0.14 0.14 0.14 0.14 0.14 0.14 0.14 0.14 0.14 0.14 0.14
          0.14 0.14 0.14 0.14 0.14 0.14 0.14 0.14 0.14 0.14 0.14 0.14
          0.14 0.14 0.14 0.14 0.14 0.14 0.14 0.14 0.14 0.14 0.14 0.14
          0.14 0.14 0.14 0.14 0.14 0.14 0.14 0.14 0.14 0.14 0.14 0.14
          0.14 0.14 0.14 0.14 0.14 0.14 0.14 0.14 0.14 0.14 0.14 0.14
          0.14 0.14 0.14 0.14 0.14 0.14 0.14 0.14 0.14 0.14 0.14 0.14
          0.14 0.14 0.14 0.14 0.14 0.14 0.14 0.14 0.14 0.14 0.14 0.14
          0.14 0.14 0.14 0.14 0.14 0.14 0.14 0.14 0.14 0.14 0.14 0.14
          0.14 0.14 0.14 0.14 0.14 0.14 0.14 0.14 0.14 0.14 0.14 0.14
          0.14 0.14 0.14 0.14 0.14 0.14 0.14 0.14 0.14 0.14 0.14 0.14
          0.14 0.14 0.14 0.14 0.14 0.14 0.14 0.14 0.14 0.14 0.14 0.14
          0.14 0.14 0.14 0.14 0.14 0.14 0.14 0.14 0.14 0.14 0.14 0.14
          0.14 0.14 0.14 0.14 0.14 0.14 0.14 0.14 0.14 0.14 0.14 0.14
          0.14 0.14 0.14 0.14 0.14 0.14 0.14 0.14 0.14 0.14 0.14 0.14
          0.14 0.14 0.14 0.14 0.14 0.14 0.14 0.14 0.14 0.14 0.14 0.14
          0.14 0.14 0.14 0.14 0.14 0.14 0.14 0.14 0.14 0.14 0.14 0.14
          0.14 0.14 0.14 0.14 0.14 0.14 0.14 0.14 0.14 0.14 0.14 0.14
          0.14 0.14 0.14 0.14 0.14 0.14 0.14 0.14 0.14 0.14 0.14 0.14
          0.14 0.14 0.14 0.14 0.14 0.14 0.14 0.14 0.14 0.14 0.14 0.14
          0.14 0.14 0.14 0.14 0.14 0.14 0.14 0.14 0.14 0.14 0.14 0.14
          0.14 0.14 0.14 0.14 0.14 0.14 0.14 0.14 0.14 0.14 0.14 0.14
          0.14 0.14 0.14 0.14 0.14 0.14 0.14 0.14 0.14 0.14 0.14 0.14
          0.14 0.14 0.14 0.14 0.14 0.14 0.14 0.14 0.14 0.14 0.14 0.14
          0.14 0.14 0.14 0.14 0.14 0.14 0.14 0.14 0.14 0.14 0.14 0.14
          0.14 0.14 0.14 0.14 0.14 0.14 0.14 0.14 0.14 0.14 0.14 0.14
          0.14 0.14 0.14 0.14 0.14 0.14 0.14 0.14 0.14 0.14 0.14 0.14
          0.14 0.14 0.14 0.14 0.14 0.14 0.14 0.14 0.14 0.14 0.14 0.14
          0.14 0.14 0.14 0.14 0.14 0.14 0.14 0.14 0.14 0.14 0.14 0.14
          0.14 0.14 0.14 0.14 0.14 0.14 0.14 0.14 0.14 0.14 0.14 0.14
          0.14 0.14 0.14 0.14 0.14 0.14 0.14 0.14 0.14 0.14 0.14 0.14
          0.14 0.14 0.14 0.14 0.14 0.14 0.14 0.14 0.14 0.14 0.14 0.14
          0.14 0.14 0.14 0.14 0.14 0.14 0.14 0.14 0.14 0.14 0.14 0.14
          0.14 0.14 0.14 0.14 0.14 0.14 0.14 0.14 0.14 0.14 0.14 0.14
          0.14 0.14 0.14 0.14 0.14 0.14 0.14 0.14 0.14 0.14 0.14 0.14
          0.14 0.14 0.14 0.14 0.14 0.14 0.14 0.14 0.14 0.14 0.14 0.14
          0.14 0.14 0.14 0.14 0.14 0.14 0.14 0.14 0.14 0.14 0.14 0.14
          0.14 0.14 0.14 0.14 0.14 0.14 0.14 0.14 0.14 0.14 0.14 0.14
          0.14 0.14 0.14 0.14 0.14 0.14 0.14 0.14 0.14 0.14 0.14 0.14
          0.14 0.14 0.14 0.14 0.14 0.14 0.14 0.14 0.14 0.14 0.14 0.14
          0.14 0.14 0.14 0.14 0.14 0.14 0.14 0.14 0.14 0.14 0.14 0.14
          0.14 0.14 0.14 0.14 0.14 0.14 0.14 0.14 0.14 0.14 0.14 0.14
          0.14 0.14 0.14 0.14 0.14 0.14 0.14 0.14 0.14 0.14 0.14 0.14
          0.14 0.14 0.14 0.14 0.14 0.14 0.14 0.14 0.14 0.14 0.14 0.14
          0.14 0.14 0.14 0.14 0.14 0.14 0.14 0.14 0.14 0.14 0.14 0.14
          0.14 0.14 0.14 0.14 0.14 0.14 0.14 0.14 0.14 0.14 0.14 0.14
          0.14 0.14 0.14 0.14 0.14 0.14 0.14 0.14 0.14 0.14 0.14 0.14
          0.14 0.14 0.14 0.14 0.14 0.14 0.14 0.14 0.14 0.14 0.14 0.14
          0.14 0.14 0.14 0.14 0.14 0.14 0.14 0.14 0.14 0.14 0.14 0.14
          0.14 0.14 0.14 0.14 0.14 0.14 0.14 0.14 0.14 0.14 0.14 0.14
          0.14 0.14 0.14 0.14 0.14 0.14 0.14 0.14 0.14 0.14 0.14 0.14
          0.14 0.14 0.14 0.14 0.14 0.14 0.14 0.14 0.14 0.14 0.14 0.14
          0.14 0.14 0.14 0.14 0.14 0.14 0.14 0.14 0.14 0.14 0.14 0.14
          0.14 0.14 0.14 0.14 0.14 0.14 0.14 0.14 0.14 0.14 0.14 0.14
          0.14 0.14 0.14 0.14 0.14 0.14 0.14 0.14 0.14 0.14 0.14 0.14
          0.14 0.14 0.14 0.14 0.14 0.14 0.14 0.14 0.14 0.14 0.14 0.14
          0.14 0.14 0.14 0.14 0.14 0.14 0.14 0.14 0.14 0.14 0.14 0.14
          0.14 0.14 0.14 0.14 0.14 0.14 0.14 0.14 0.14 0.14 0.14 0.14
          0.14 0.14 0.14 0.14 0.14 0.14 0.14 0.14 0.14 0.14 0.14 0.14
          0.14 0.14 0.14 0.14 0.14 0.14 0.14 0.14 0.14 0.14 0.14 0.14
          0.14 0.14 0.14 0.14 0.14 0.14 0.14 0.14 0.14 0.14 0.14 0.14
          0.14 0.14 0.14 0.14 0.14 0.14 0.14 0.14 0.14 0.14 0.14 0.14
          0.14 0.14 0.14 0.14 0.14 0.14 0.14 0.14 0.14 0.14 0.14 0.14
          0.14 0.14 0.14 0.14 0.14 0.14 0.14 0.14 0.14 0.14 0.14 0.14
          0.14 0.14 0.14 0.14 0.14 0.14 0.14 0.14 0.14 0.14 0.14 0.14
          0.14 0.14 0.14 0.14 0.14 0.14 0.14 0.14 0.14 0.14 0.14 0.14
          0.14 0.14 0.14 0.14 0.14 0.14 0.14 0.14 0.14 0.14 0.14 0.14
          0.14 0.14 0.14 0.14 0.14 0.14 0.14 0.14 0.14 0.14 0.14 0.14
          0.14 0.14 0.14 0.14 0.14 0.14 0.14 0.14 0.14 0.14 0.14 0.14
          0.14 0.14 0.14 0.14 0.14 0.14 0.14 0.14 0.14 0.14 0.14 0.14
          0.14 0.14 0.14 0.14 0.14 0.14 0.14 0.14 0.14 0.14 0.14 0.14
          0.14 0.14 0.14 0.14 0.14 0.14 0.14 0.14 0.14 0.14 0.14 0.14
          0.14 0.14 0.14 0.14 0.14 0.14 0.14 0.14 0.14 0.14 0.14 0.14
          0.14 0.14 0.14 0.14 0.14 0.14 0.14 0.14 0.14 0.14 0.14 0.14
          0.14 0.14 0.14 0.14 0.14 0.14 0.14 0.14 0.14 0.14 0.14 0.14
          0.14 0.14 0.14 0.14 0.14 0.14 0.14 0.14 0.14 0.14 0.14 0.14
          0.14 0.14 0.14 0.14 0.14 0.14 0.14 0.14 0.14 0.14 0.14 0.14
          0.14 0.14 0.14 0.14 0.14 0.14 0.14 0.14 0.14 0.14 0.14 0.14
          0.14 0.14 0.14 0.14 0.14 0.14 0.14 0.14 0.14 0.14 0.14 0.14
          0.14 0.14 0.14 0.14 0.14 0.14 0.14 0.14 0.14 0.14 0.14 0.14
          0.14 0.14 0.14 0.14 0.14 0.14 0.14 0.14 0.14 0.14 0.14 0.14
          0.14 0.14 0.14 0.14 0.14 0.14 0.14 0.14 0.14 0.14 0.14 0.14
          0.14 0.14 0.14 0.14 0.14 0.14 0.14 0.14 0.14 0.14 0.14 0.14
          0.14 0.14 0.14 0.14 0.14 0.14 0.14 0.14 0.14 0.14 0.14 0.14
          0.14 0.14 0.14 0.14
        </DataArray>
        <DataArray type="Float32" Name="x^SimpleH2O_liq" NumberOfComponents="1" format="ascii">
          0.997532 0.997532 0.997535 0.997535 0.997532 0.997535 0.997532 0.997535 0.997532 0.997535 0.997532 0.997535
          0.997532 0.997535 0.997532 0.997535 0.997532 0.997535 0.997532 0.997535 0.997532 0.997535 0.997532 0.997535
          0.997532 0.997535 0.997532 0.997535 0.997532 0.997535 0.997532 0.997535 0.997532 0.997535 0.997532 0.997535
          0.997532 0.997535 0.997532 0.997535 0.997532 0.997535 0.997532 0.997535 0.997532 0.997535 0.997532 0.997535
          0.997532 0.997535 0.997532 0.997535 0.997532 0.997535 0.997532 0.997535 0.997532 0.997535 0.997532 0.997535
          0.997532 0.997535 0.997532 0.997535 0.997532 0.997535 0.997532 0.997535 0.997532 0.997535 0.997532 0.997535
          0.997532 0.997535 0.997532 0.997535 0.997532 0.997535 0.997532 0.997535 0.997532 0.997535 0.997532 0.997535
          0.997532 0.997535 0.997532 0.997535 0.997532 0.997535 0.997532 0.997535 0.997532 0.997535 0.997532 0.997535
          0.997532 0.997535 0.997532 0.997535 0.997532 0.997535 0.997532 0.997535 0.997532 0.997535 0.997532 0.997535
          0.997532 0.997535 0.997532 0.997535 0.997532 0.997535 0.997532 0.997535 0.997532 0.997535 0.997532 0.997535
          0.997532 0.997535 0.997532 0.997535 0.997532 0.997535 0.997532 0.997535 0.997532 0.997535 0.997532 0.997535
          0.997532 0.997535 0.997532 0.997535 0.997532 0.997535 0.997532 0.997535 0.997532 0.997535 0.997532 0.997535
          0.997532 0.997535 0.997532 0.997535 0.997532 0.997535 0.997532 0.997535 0.997537 0.997537 0.997537 0.997537
          0.997537 0.997537 0.997537 0.997537 0.997537 0.997537 0.997537 0.997537 0.997537 0.997537 0.997537 0.997537
          0.997537 0.997537 0.997537 0.997537 0.997537 0.997537 0.997537 0.997537 0.997537 0.997537 0.997537 0.997537
          0.997537 0.997537 0.997537 0.997537 0.997537 0.997537 0.997537 0.997537 0.997537 0.997537 0.997537 0.997537
          0.997537 0.997537 0.997537 0.997537 0.997537 0.997537 0.997537 0.997537 0.997537 0.997537 0.997537 0.997537
          0.997537 0.997537 0.997537 0.997537 0.997537 0.997537 0.997537 0.997537 0.997537 0.997537 0.997537 0.997537
          0.997537 0.997537 0.997537 0.997537 0.997537 0.997537 0.997537 0.997537 0.997537 0.997537 0.997537 0.997537
          0.99754 0.99754 0.99754 0.99754 0.99754 0.99754 0.99754 0.99754 0.99754 0.99754 0.99754 0.99754
          0.99754 0.99754 0.99754 0.99754 0.99754 0.99754 0.99754 0.997539 0.997539 0.997539 0.997539 0.997539
          0.997539 0.997539 0.997539 0.997539 0.997539 0.997539 0.997539 0.997539 0.997539 0.997539 0.997539 0.997539
          0.997539 0.997539 0.997539 0.997539 0.997539 0.997539 0.997539 0.997539 0.997539 0.997539 0.997539 0.997539
          0.997539 0.997539 0.997539 0.997539 0.997539 0.997539 0.997539 0.997539 0.997539 0.997539 0.997539 0.997539
          0.997539 0.997539 0.997539 0.997539 0.997539 0.997539 0.997539 0.997539 0.997539 0.997539 0.997539 0.997539
          0.997539 0.997539 0.997539 0.997539 0.997542 0.997542 0.997542 0.997542 0.997542 0.997542 0.997542 0.997542
          0.997542 0.997542 0.997542 0.997542 0.997542 0.997542 0.997542 0.997542 0.997542 0.997542 0.997542 0.997542
          0.997542 0.997542 0.997542 0.997542 0.997542 0.997542 0.997542 0.997542 0.997542 0.997542 0.997542 0.997542
          0.997542 0.997542 0.997542 0.997542 0.997542 0.997542 0.997542 0.997542 0.997542 0.997542 0.997542 0.997542
          0.997542 0.997542 0.997542 0.997542 0.997542 0.997542 0.997542 0.997542 0.997542 0.997542 0.997542 0.997542
          0.997542 0.997542 0.997542 0.997542 0.997542 0.997542 0.997542 0.997542 0.997542 0.997542 0.997542 0.997542
          0.997542 0.997542 0.997542 0.997542 0.997542 0.997542 0.997542 0.997542 0.997545 0.997545 0.997545 0.997545
          0.997545 0.997545 0.997545 0.997545 0.997545 0.997545 0.997544 0.997544 0.997544 0.997544 0.997544 0.997544
          0.997544 0.997544 0.997544 0.997544 0.997544 0.997544 0.997544 0.997544 0.997544 0.997544 0.997544 0.997544
          0.997544 0.997544 0.997544 0.997544 0.997544 0.997544 0.997544 0.997544 0.997544 0.997544 0.997544 0.997544
          0.997544 0.997544 0.997544 0.997544 0.997544 0.997544 0.997544 0.997544 0.997544 0.997544 0.997544 0.997544
          0.997544 0.997544 0.997544 0.997544 0.997544 0.997544 0.997544 0.997544 0.997544 0.997544 0.997544 0.997544
          0.997544 0.997544 0.997544 0.997544 0.997544 0.997544 0.997544 0.997544 0.997544 0.997544 0.997544 0.997544
          0.997547 0.997547 0.997547 0.997547 0.997547 0.997547 0.997547 0.997547 0.997547 0.997547 0.997547 0.997547
          0.997547 0.997547 0.997547 0.997547 0.997547 0.997547 0.997547 0.997547 0.997547 0.997547 0.997547 0.997547
          0.997547 0.997547 0.997547 0.997547 0.997547 0.997547 0.997547 0.997547 0.997547 0.997547 0.997547 0.997547
          0.997547 0.997547 0.997547 0.997547 0.997547 0.997547 0.997547 0.997547 0.997547 0.997547 0.997547 0.997546
          0.997546 0.997546 0.997546 0.997546 0.997546 0.997546 0.997546 0.997546 0.997546 0.997546 0.997546 0.997546
          0.997546 0.997546 0.997546 0.997546 0.997546 0.997546 0.997546 0.997546 0.997546 0.997546 0.997546 0.997546
          0.997546 0.997546 0.997546 0.997546 0.99755 0.99755 0.99755 0.99755 0.99755 0.997549 0.997549 0.997549
          0.997549 0.997549 0.997549 0.997549 0.997549 0.997549 0.997549 0.997549 0.997549 0.997549 0.997549 0.997549
          0.997549 0.997549 0.997549 0.997549 0.997549 0.997549 0.997549 0.997549 0.997549 0.997549 0.997549 0.997549
          0.997549 0.997549 0.997549 0.997549 0.997549 0.997549 0.997549 0.997549 0.997549 0.997549 0.997549 0.997549
          0.997549 0.997549 0.997549 0.997549 0.997549 0.997549 0.997549 0.997549 0.997549 0.997549 0.997549 0.997549
          0.997549 0.997549 0.997549 0.997549 0.997549 0.997549 0.997549 0.997549 0.997549 0.997549 0.997549 0.997549
          0.997549 0.997549 0.997549 0.997549 0.997549 0.997549 0.997549 0.997549 0.997552 0.997552 0.997552 0.997552
          0.997552 0.997552 0.997552 0.997552 0.997552 0.997552 0.997552 0.997552 0.997552 0.997552 0.997552 0.997552
          0.997552 0.997552 0.997552 0.997552 0.997552 0.997552 0.997552 0.997552 0.997552 0.997552 0.997552 0.997552
          0.997552 0.997552 0.997552 0.997552 0.997552 0.997552 0.997552 0.997551 0.997551 0.997551 0.997551 0.997551
          0.997551 0.997551 0.997551 0.997551 0.997551 0.997551 0.997551 0.997551 0.997551 0.997551 0.997551 0.997551
          0.997551 0.997551 0.997551 0.997551 0.997551 0.997551 0.997551 0.997551 0.997551 0.997551 0.997551 0.997551
          0.997551 0.997551 0.997551 0.997551 0.997551 0.997551 0.997551 0.997551 0.997551 0.997551 0.997551 0.997551
          0.997555 0.997555 0.997555 0.997554 0.997554 0.997554 0.997554 0.997554 0.997554 0.997554 0.997554 0.997554
          0.997554 0.997554 0.997554 0.997554 0.997554 0.997554 0.997554 0.997554 0.997554 0.997554 0.997554 0.997554
          0.997554 0.997554 0.997554 0.997554 0.997554 0.997554 0.997554 0.997554 0.997554 0.997554 0.997554 0.997554
          0.997554 0.997554 0.997554 0.997554 0.997554 0.997554 0.997554 0.997554 0.997554 0.997554 0.997554 0.997554
          0.997554 0.997554 0.997554 0.997554 0.997554 0.997554 0.997554 0.997554 0.997554 0.997554 0.997554 0.997554
          0.997554 0.997554 0.997554 0.997554 0.997554 0.997554 0.997554 0.997554 0.997554 0.997554 0.997554 0.997554
          0.997554 0.997553 0.997553 0.997553 0.997557 0.997557 0.997557 0.997557 0.997557 0.997557 0.997557 0.997557
          0.997557 0.997557 0.997557 0.997557 0.997557 0.997557 0.997557 0.997557 0.997557 0.997557 0.997557 0.997557
          0.997557 0.997557 0.997557 0.997557 0.997557 0.997557 0.997556 0.997556 0.997556 0.997556 0.997556 0.997556
          0.997556 0.997556 0.997556 0.997556 0.997556 0.997556 0.997556 0.997556 0.997556 0.997556 0.997556 0.997556
          0.997556 0.997556 0.997556 0.997556 0.997556 0.997556 0.997556 0.997556 0.997556 0.997556 0.997556 0.997556
          0.997556 0.997556 0.997556 0.997556 0.997556 0.997556 0.997556 0.997556 0.997556 0.997556 0.997556 0.997556
          0.997556 0.997556 0.997556 0.997556 0.997556 0.997556 0.997556 0.997556 0.99756 0.99756 0.997559 0.997559
          0.997559 0.997559 0.997559 0.997559 0.997559 0.997559 0.997559 0.997559 0.997559 0.997559 0.997559 0.997559
          0.997559 0.997559 0.997559 0.997559 0.997559 0.997559 0.997559 0.997559 0.997559 0.997559 0.997559 0.997559
          0.997559 0.997559 0.997559 0.997559 0.997559 0.997559 0.997559 0.997559 0.997559 0.997559 0.997559 0.997559
          0.997559 0.997559 0.997559 0.997559 0.997559 0.997559 0.997559 0.997558 0.997558 0.997558 0.997558 0.997558
          0.997558 0.997558 0.997558 0.997558 0.997558 0.997558 0.997558 0.997558 0.997558 0.997558 0.997558 0.997558
          0.997558 0.997558 0.997558 0.997558 0.997558 0.997558 0.997558 0.997558 0.997558 0.997558 0.997558 0.997558
          0.997562 0.997562 0.997562 0.997562 0.997562 0.997562 0.997562 0.997562 0.997562 0.997562 0.997562 0.997562
          0.997562 0.997562 0.997562 0.997562 0.997562 0.997562 0.997562 0.997562 0.997561 0.997561 0.997561 0.997561
          0.997561 0.997561 0.997561 0.997561 0.997561 0.997561 0.997561 0.997561 0.997561 0.997561 0.997561 0.997561
          0.997561 0.997561 0.997561 0.997561 0.997561 0.997561 0.997561 0.997561 0.997561 0.997561 0.997561 0.997561
          0.997561 0.997561 0.997561 0.997561 0.997561 0.997561 0.997561 0.997561 0.997561 0.997561 0.997561 0.997561
          0.997561 0.997561 0.997561 0.997561 0.997561 0.997561 0.997561 0.997561 0.997561 0.997561 0.997561 0.997561
          0.997561 0.997561 0.997561 0.997561 0.997565 0.997564 0.997564 0.997564 0.997564 0.997564 0.997564 0.997564
          0.997564 0.997564 0.997564 0.997564 0.997564 0.997564 0.997564 0.997564 0.997564 0.997564 0.997564 0.997564
          0.997564 0.997564 0.997564 0.997564 0.997564 0.997564 0.997564 0.997564 0.997564 0.997564 0.997564 0.997564
          0.997564 0.997564 0.997564 0.997564 0.997563 0.997563 0.997563 0.997563 0.997563 0.997563 0.997563 0.997563
          0.997563 0.997563 0.997563 0.997563 0.997563 0.997563 0.997563 0.997563 0.997563 0.997563 0.997563 0.997563
          0.997563 0.997563 0.997563 0.997563 0.997563 0.997563 0.997563 0.997563 0.997563 0.997563 0.997563 0.997563
          0.997563 0.997563 0.997563 0.997563 0.997563 0.997563 0.997563 0.997563 0.997567 0.997567 0.997567 0.997567
          0.997567 0.997567 0.997567 0.997567 0.997567 0.997567 0.997567 0.997567 0.997567 0.997567 0.997567 0.997567
          0.997566 0.997566 0.997566 0.997566 0.997566 0.997566 0.997566 0.997566 0.997566 0.997566 0.997566 0.997566
          0.997566 0.997566 0.997566 0.997566 0.997566 0.997566 0.997566 0.997566 0.997566 0.997566 0.997566 0.997566
          0.997566 0.997566 0.997566 0.997566 0.997566 0.997566 0.997566 0.997566 0.997566 0.997566 0.997566 0.997566
          0.997566 0.997566 0.997566 0.997566 0.997566 0.997566 0.997566 0.997566 0.997566 0.997565 0.997565 0.997565
          0.997565 0.997565 0.997565 0.997565 0.997565 0.997565 0.997565 0.997565 0.997565 0.997565 0.997565 0.997565
          0.99757 0.997569 0.997569 0.997569 0.997569 0.997569 0.997569 0.997569 0.997569 0.997569 0.997569 0.997569
          0.997569 0.997569 0.997569 0.997569 0.997569 0.997569 0.997569 0.997569 0.997569 0.997569 0.997569 0.997569
          0.997569 0.997569 0.997569 0.997569 0.997569 0.997569 0.997568 0.997568 0.997568 0.997568 0.997568 0.997568
          0.997568 0.997568 0.997568 0.997568 0.997568 0.997568 0.997568 0.997568 0.997568 0.997568 0.997568 0.997568
          0.997568 0.997568 0.997568 0.997568 0.997568 0.997568 0.997568 0.997568 0.997568 0.997568 0.997568 0.997568
          0.997568 0.997568 0.997568 0.997568 0.997568 0.997568 0.997568 0.997568 0.997568 0.997568 0.997568 0.997568
          0.997568 0.997568 0.997568 0.997568 0.997572 0.997572 0.997572 0.997572 0.997572 0.997572 0.997572 0.997572
          0.997572 0.997572 0.997572 0.997572 0.997572 0.997571 0.997571 0.997571 0.997571 0.997571 0.997571 0.997571
          0.997571 0.997571 0.997571 0.997571 0.997571 0.997571 0.997571 0.997571 0.997571 0.997571 0.997571 0.997571
          0.997571 0.997571 0.997571 0.997571 0.997571 0.997571 0.997571 0.997571 0.997571 0.997571 0.997571 0.997571
          0.997571 0.997571 0.997571 0.99757 0.99757 0.99757 0.99757 0.99757 0.99757 0.99757 0.99757 0.99757
          0.99757 0.99757 0.99757 0.99757 0.99757 0.99757 0.99757 0.99757 0.99757 0.99757 0.99757 0.99757
          0.99757 0.99757 0.99757 0.99757 0.99757 0.99757 0.99757 0.99757 0.997575 0.997574 0.997574 0.997574
          0.997574 0.997574 0.997574 0.997574 0.997574 0.997574 0.997574 0.997574 0.997574 0.997574 0.997574 0.997574
          0.997574 0.997574 0.997574 0.997574 0.997574 0.997574 0.997574 0.997574 0.997574 0.997573 0.997573 0.997573
          0.997573 0.997573 0.997573 0.997573 0.997573 0.997573 0.997573 0.997573 0.997573 0.997573 0.997573 0.997573
          0.997573 0.997573 0.997573 0.997573 0.997573 0.997573 0.997573 0.997573 0.997573 0.997573 0.997573 0.997573
          0.997573 0.997573 0.997573 0.997573 0.997573 0.997573 0.997573 0.997573 0.997573 0.997573 0.997573 0.997573
          0.997573 0.997573 0.997573 0.997573 0.997572 0.997572 0.997572 0.997572 0.997572 0.997572 0.997572 0.997572
          0.997577 0.997577 0.997577 0.997577 0.997577 0.997577 0.997577 0.997577 0.997577 0.997577 0.997577 0.997576
          0.997576 0.997576 0.997576 0.997576 0.997576 0.997576 0.997576 0.997576 0.997576 0.997576 0.997576 0.997576
          0.997576 0.997576 0.997576 0.997576 0.997576 0.997576 0.997576 0.997576 0.997576 0.997576 0.997576 0.997576
          0.997576 0.997576 0.997576 0.997575 0.997575 0.997575 0.997575 0.997575 0.997575 0.997575 0.997575 0.997575
          0.997575 0.997575 0.997575 0.997575 0.997575 0.997575 0.997575 0.997575 0.997575 0.997575 0.997575 0.997575
          0.997575 0.997575 0.997575 0.997575 0.997575 0.997575 0.997575 0.997575 0.997575 0.997575 0.997575 0.997575
          0.997575 0.997575 0.997575 0.997575 0.997579 0.997579 0.997579 0.997579 0.997579 0.997579 0.997579 0.997579
          0.997579 0.997579 0.997579 0.997579 0.997579 0.997579 0.997579 0.997579 0.997579 0.997579 0.997579 0.997579
          0.997579 0.997579 0.997579 0.997578 0.997578 0.997578 0.997578 0.997578 0.997578 0.997578 0.997578 0.997578
          0.997578 0.997578 0.997578 0.997578 0.997578 0.997578 0.997578 0.997578 0.997578 0.997578 0.997578 0.997578
          0.997578 0.997578 0.997578 0.997578 0.997578 0.997578 0.997578 0.997578 0.997577 0.997577 0.997577 0.997577
          0.997577 0.997577 0.997577 0.997577 0.997577 0.997577 0.997577 0.997577 0.997577 0.997577 0.997577 0.997577
          0.997577 0.997577 0.997577 0.997577 0.997577 0.997577 0.997577 0.997577 0.997582 0.997582 0.997582 0.997582
          0.997582 0.997582 0.997582 0.997582 0.997582 0.997581 0.997581 0.997581 0.997581 0.997581 0.997581 0.997581
          0.997581 0.997581 0.997581 0.997581 0.997581 0.997581 0.997581 0.997581 0.997581 0.997581 0.997581 0.997581
          0.997581 0.997581 0.997581 0.997581 0.997581 0.99758 0.99758 0.99758 0.99758 0.99758 0.99758 0.99758
          0.99758 0.99758 0.99758 0.99758 0.99758 0.99758 0.99758 0.99758 0.99758 0.99758 0.99758 0.99758
          0.99758 0.99758 0.99758 0.99758 0.99758 0.99758 0.99758 0.99758 0.99758 0.99758 0.99758 0.99758
          0.99758 0.99758 0.99758 0.99758 0.99758 0.99758 0.99758 0.99758 0.99758 0.99758 0.99758 0.99758
          0.997584 0.997584 0.997584 0.997584 0.997584 0.997584 0.997584 0.997584 0.997584 0.997584 0.997584 0.997584
          0.997584 0.997584 0.997584 0.997584 0.997584 0.997584 0.997584 0.997584 0.997583 0.997583 0.997583 0.997583
          0.997583 0.997583 0.997583 0.997583 0.997583 0.997583 0.997583 0.997583 0.997583 0.997583 0.997583 0.997583
          0.997583 0.997583 0.997583 0.997583 0.997583 0.997583 0.997583 0.997582 0.997582 0.997582 0.997582 0.997582
          0.997582 0.997582 0.997582 0.997582 0.997582 0.997582 0.997582 0.997582 0.997582 0.997582 0.997582 0.997582
          0.997582 0.997582 0.997582 0.997582 0.997582 0.997582 0.997582 0.997582 0.997582 0.997582 0.997582 0.997582
          0.997582 0.997582 0.997582 0.997582 0.997587 0.997587 0.997587 0.997587 0.997587 0.997587 0.997587 0.997587
          0.997586 0.997586 0.997586 0.997586 0.997586 0.997586 0.997586 0.997586 0.997586 0.997586 0.997586 0.997586
          0.997586 0.997586 0.997586 0.997586 0.997586 0.997586 0.997586 0.997586 0.997586 0.997585 0.997585 0.997585
          0.997585 0.997585 0.997585 0.997585 0.997585 0.997585 0.997585 0.997585 0.997585 0.997585 0.997585 0.997585
          0.997585 0.997585 0.997585 0.997585 0.997585 0.997585 0.997585 0.997585 0.997585 0.997585 0.997585 0.997585
          0.997585 0.997585 0.997584 0.997584 0.997584 0.997584 0.997584 0.997584 0.997584 0.997584 0.997584 0.997584
          0.997584 0.997584 0.997584 0.997584 0.997584 0.997584 0.997584 0.997584 0.997588 0.997588 0.997588 0.997589
          0.997589 0.997589 0.997589 0.997589 0.997589 0.997589 0.997589 0.997589 0.997589 0.997589 0.997589 0.997589
          0.997589 0.997588 0.997588 0.997588 0.997588 0.997588 0.997588 0.997588 0.997588 0.997588 0.997588 0.997588
          0.997588 0.997588 0.997588 0.997588 0.997588 0.997588 0.997588 0.997588 0.997588 0.997588 0.997588 0.997587
          0.997587 0.997587 0.997587 0.997587 0.997587 0.997587 0.997587 0.997587 0.997587 0.997587 0.997587 0.997587
          0.997587 0.997587 0.997587 0.997587 0.997587 0.997587 0.997587 0.997587 0.997587 0.997587 0.997587 0.997587
          0.997587 0.997587 0.997587 0.997587 0.997587 0.997587 0.997587 0.997587 0.997587 0.997587 0.997587 0.997587
          0.997584 0.997584 0.997585 0.997586 0.997587 0.997588 0.997589 0.997589 0.99759 0.99759 0.99759 0.99759
          0.99759 0.99759 0.99759 0.997591 0.997591 0.997591 0.997591 0.997591 0.997591 0.997591 0.997591 0.997591
          0.997591 0.99759 0.99759 0.99759 0.99759 0.99759 0.99759 0.99759 0.99759 0.99759 0.99759 0.99759
          0.99759 0.99759 0.99759 0.99759 0.99759 0.99759 0.99759 0.99759 0.99759 0.99759 0.99759 0.99759
          0.997589 0.997589 0.997589 0.997589 0.997589 0.997589 0.997589 0.997589 0.997589 0.997589 0.997589 0.997589
          0.997589 0.997589 0.997589 0.997589 0.997589 0.997589 0.997589 0.997589 0.997589 0.997589 0.997589 0.997589
          0.997589 0.997589 0.997589 0.997589 0.99756 0.997561 0.997561 0.997562 0.997562 0.997562 0.997563 0.997563
          0.997584 0.997585 0.997585 0.997586 0.997587 0.997587 0.997588 0.997589 0.99759 0.99759 0.997591 0.997592
          0.997592 0.997592 0.997592 0.997592 0.997592 0.997592 0.997592 0.997593 0.997593 0.997593 0.997593 0.997593
          0.997593 0.997592 0.997592 0.997592 0.997592 0.997592 0.997592 0.997592 0.997592 0.997592 0.997592 0.997592
          0.997592 0.997592 0.997592 0.997592 0.997592 0.997592 0.997592 0.997592 0.997592 0.997592 0.997592 0.997592
          0.997592 0.997592 0.997592 0.997591 0.997591 0.997591 0.997591 0.997591 0.997591 0.997591 0.997591 0.997591
          0.997591 0.997591 0.997591 0.997591 0.997591 0.997591 0.997591 0.997591 0.997561 0.997561 0.997561 0.997562
          0.997562 0.997562 0.997563 0.997563 0.997563 0.997564 0.997564 0.997564 0.997565 0.997565 0.997565 0.997566
          0.997566 0.997567 0.997567 0.997567 0.997587 0.997588 0.997588 0.997589 0.99759 0.99759 0.997591 0.997591
          0.997592 0.997593 0.997593 0.997594 0.997594 0.997594 0.997594 0.997594 0.997594 0.997594 0.997594 0.997594
          0.997594 0.997594 0.997594 0.997594 0.997594 0.997594 0.997594 0.997594 0.997594 0.997594 0.997594 0.997594
          0.997594 0.997594 0.997594 0.997594 0.997594 0.997594 0.997594 0.997594 0.997594 0.997594 0.997594 0.997594
          0.997594 0.997594 0.997594 0.997594 0.997594 0.997594 0.997594 0.997594 0.997594 0.997594 0.997594 0.997594
          0.997561 0.997561 0.997562 0.997562 0.997562 0.997563 0.997563 0.997563 0.997564 0.997564 0.997564 0.997565
          0.997565 0.997565 0.997566 0.997566 0.997566 0.997567 0.997567 0.997567 0.997568 0.997568 0.997568 0.997569
          0.997569 0.997569 0.99757 0.99757 0.997571 0.997571 0.997571 0.997572 0.99759 0.997591 0.997592 0.997592
          0.997593 0.997593 0.997594 0.997594 0.997595 0.997595 0.997596 0.997596 0.997596 0.997596 0.997596 0.997596
          0.997596 0.997596 0.997596 0.997596 0.997596 0.997596 0.997596 0.997596 0.997596 0.997596 0.997596 0.997596
          0.997596 0.997596 0.997596 0.997596 0.997596 0.997596 0.997596 0.997596 0.997596 0.997596 0.997596 0.997596
          0.997596 0.997596 0.997596 0.997596 0.997561 0.997562 0.997562 0.997562 0.997563 0.997563 0.997563 0.997564
          0.997564 0.997564 0.997565 0.997565 0.997565 0.997566 0.997566 0.997566 0.997567 0.997567 0.997567 0.997568
          0.997568 0.997568 0.997569 0.997569 0.997569 0.99757 0.99757 0.99757 0.997571 0.997571 0.997571 0.997572
          0.997572 0.997572 0.997573 0.997573 0.997574 0.997574 0.997574 0.997575 0.997575 0.997576 0.997576 0.997576
          0.997594 0.997595 0.997596 0.997596 0.997597 0.997597 0.997597 0.997598 0.997598 0.997598 0.997599 0.997599
          0.997599 0.997599 0.997599 0.997599 0.997599 0.997598 0.997598 0.997598 0.997598 0.997598 0.997598 0.997598
          0.997598 0.997598 0.997598 0.997598 0.997598 0.997598 0.997598 0.997598 0.997562 0.997562 0.997562 0.997563
          0.997563 0.997563 0.997564 0.997564 0.997564 0.997565 0.997565 0.997565 0.997566 0.997566 0.997566 0.997567
          0.997567 0.997567 0.997568 0.997568 0.997568 0.997569 0.997569 0.997569 0.99757 0.99757 0.99757 0.997571
          0.997571 0.997571 0.997572 0.997572 0.997572 0.997573 0.997573 0.997574 0.997574 0.997574 0.997575 0.997575
          0.997575 0.997576 0.997576 0.997577 0.997577 0.997577 0.997578 0.997578 0.997579 0.997579 0.99758 0.99758
          0.997581 0.997581 0.997599 0.9976 0.9976 0.9976 0.997601 0.997601 0.997601 0.997601 0.997601 0.997601
          0.997601 0.997601 0.997601 0.997601 0.997601 0.997601 0.997601 0.997601 0.997601 0.997601 0.997601 0.997601
          0.997562 0.997562 0.997563 0.997563 0.997563 0.997564 0.997564 0.997564 0.997564 0.997565 0.997565 0.997566
          0.997566 0.997566 0.997567 0.997567 0.997567 0.997567 0.997568 0.997568 0.997568 0.997569 0.997569 0.99757
          0.99757 0.99757 0.997571 0.997571 0.997571 0.997572 0.997572 0.997572 0.997573 0.997573 0.997573 0.997574
          0.997574 0.997575 0.997575 0.997575 0.997576 0.997576 0.997576 0.997577 0.997577 0.997578 0.997578 0.997579
          0.997579 0.99758 0.99758 0.99758 0.997581 0.997581 0.997582 0.997582 0.997583 0.997584 0.997585 0.997601
          0.997603 0.997603 0.997603 0.997603 0.997603 0.997603 0.997603 0.997603 0.997603 0.997603 0.997603 0.997603
          0.997603 0.997603 0.997603 0.997603
        </DataArray>
        <DataArray type="Float32" Name="x^CH4_liq" NumberOfComponents="1" format="ascii">
          0.00246775 0.00246775 0.00246534 0.00246534 0.00246775 0.00246534 0.00246776 0.00246535 0.00246776 0.00246535 0.00246776 0.00246535
          0.00246776 0.00246536 0.00246777 0.00246536 0.00246777 0.00246536 0.00246777 0.00246537 0.00246777 0.00246537 0.00246777 0.00246537
          0.00246778 0.00246538 0.00246778 0.00246538 0.00246778 0.00246538 0.00246778 0.00246539 0.00246779 0.00246539 0.00246779 0.00246539
          0.00246779 0.0024654 0.00246779 0.0024654 0.00246779 0.0024654 0.0024678 0.00246541 0.0024678 0.00246541 0.0024678 0.00246541
          0.0024678 0.00246541 0.0024678 0.00246542 0.0024678 0.00246542 0.00246781 0.00246542 0.00246781 0.00246543 0.00246781 0.00246543
          0.00246781 0.00246543 0.00246781 0.00246543 0.00246782 0.00246544 0.00246782 0.00246544 0.00246782 0.00246544 0.00246782 0.00246544
          0.00246782 0.00246545 0.00246782 0.00246545 0.00246782 0.00246545 0.00246783 0.00246545 0.00246783 0.00246545 0.00246783 0.00246546
          0.00246783 0.00246546 0.00246783 0.00246546 0.00246783 0.00246546 0.00246783 0.00246547 0.00246784 0.00246547 0.00246784 0.00246547
          0.00246784 0.00246547 0.00246784 0.00246547 0.00246784 0.00246547 0.00246784 0.00246548 0.00246784 0.00246548 0.00246784 0.00246548
          0.00246785 0.00246548 0.00246785 0.00246548 0.00246785 0.00246548 0.00246785 0.00246549 0.00246785 0.00246549 0.00246785 0.00246549
          0.00246785 0.00246549 0.00246785 0.00246549 0.00246785 0.00246549 0.00246785 0.00246549 0.00246785 0.00246549 0.00246785 0.0024655
          0.00246786 0.0024655 0.00246786 0.0024655 0.00246786 0.0024655 0.00246786 0.0024655 0.00246786 0.0024655 0.00246786 0.0024655
          0.00246786 0.0024655 0.00246786 0.0024655 0.00246786 0.0024655 0.00246786 0.00246551 0.00246285 0.00246285 0.00246286 0.00246287
          0.00246287 0.00246288 0.00246288 0.00246289 0.0024629 0.0024629 0.00246291 0.00246291 0.00246292 0.00246292 0.00246293 0.00246293
          0.00246294 0.00246294 0.00246295 0.00246296 0.00246296 0.00246297 0.00246297 0.00246297 0.00246298 0.00246298 0.00246299 0.00246299
          0.002463 0.002463 0.00246301 0.00246301 0.00246302 0.00246302 0.00246302 0.00246303 0.00246303 0.00246304 0.00246304 0.00246304
          0.00246305 0.00246305 0.00246305 0.00246306 0.00246306 0.00246307 0.00246307 0.00246307 0.00246307 0.00246308 0.00246308 0.00246308
          0.00246309 0.00246309 0.00246309 0.00246309 0.0024631 0.0024631 0.0024631 0.0024631 0.00246311 0.00246311 0.00246311 0.00246311
          0.00246311 0.00246312 0.00246312 0.00246312 0.00246312 0.00246312 0.00246312 0.00246313 0.00246313 0.00246313 0.00246313 0.00246313
          0.00246036 0.00246037 0.00246038 0.00246039 0.00246039 0.0024604 0.00246041 0.00246042 0.00246043 0.00246044 0.00246044 0.00246045
          0.00246046 0.00246047 0.00246047 0.00246048 0.00246049 0.0024605 0.0024605 0.00246051 0.00246052 0.00246052 0.00246053 0.00246054
          0.00246054 0.00246055 0.00246056 0.00246056 0.00246057 0.00246058 0.00246058 0.00246059 0.0024606 0.0024606 0.00246061 0.00246061
          0.00246062 0.00246062 0.00246063 0.00246063 0.00246064 0.00246065 0.00246065 0.00246066 0.00246066 0.00246066 0.00246067 0.00246067
          0.00246068 0.00246068 0.00246069 0.00246069 0.00246069 0.0024607 0.0024607 0.00246071 0.00246071 0.00246071 0.00246072 0.00246072
          0.00246072 0.00246073 0.00246073 0.00246073 0.00246073 0.00246074 0.00246074 0.00246074 0.00246074 0.00246075 0.00246075 0.00246075
          0.00246075 0.00246075 0.00246076 0.00246076 0.00245787 0.00245788 0.00245789 0.00245791 0.00245792 0.00245793 0.00245794 0.00245795
          0.00245796 0.00245797 0.00245798 0.00245799 0.002458 0.00245801 0.00245802 0.00245803 0.00245804 0.00245805 0.00245806 0.00245807
          0.00245807 0.00245808 0.00245809 0.0024581 0.00245811 0.00245812 0.00245813 0.00245814 0.00245814 0.00245815 0.00245816 0.00245817
          0.00245818 0.00245818 0.00245819 0.0024582 0.0024582 0.00245821 0.00245822 0.00245823 0.00245823 0.00245824 0.00245825 0.00245825
          0.00245826 0.00245826 0.00245827 0.00245828 0.00245828 0.00245829 0.00245829 0.0024583 0.0024583 0.00245831 0.00245831 0.00245832
          0.00245832 0.00245833 0.00245833 0.00245833 0.00245834 0.00245834 0.00245835 0.00245835 0.00245835 0.00245836 0.00245836 0.00245836
          0.00245837 0.00245837 0.00245837 0.00245837 0.00245838 0.00245838 0.00245838 0.00245838 0.00245538 0.0024554 0.00245541 0.00245542
          0.00245544 0.00245545 0.00245546 0.00245548 0.00245549 0.0024555 0.00245551 0.00245553 0.00245554 0.00245555 0.00245556 0.00245557
          0.00245559 0.0024556 0.00245561 0.00245562 0.00245563 0.00245564 0.00245565 0.00245566 0.00245568 0.00245569 0.0024557 0.00245571
          0.00245572 0.00245573 0.00245574 0.00245575 0.00245575 0.00245576 0.00245577 0.00245578 0.00245579 0.0024558 0.00245581 0.00245582
          0.00245582 0.00245583 0.00245584 0.00245585 0.00245586 0.00245586 0.00245587 0.00245588 0.00245588 0.00245589 0.0024559 0.0024559
          0.00245591 0.00245592 0.00245592 0.00245593 0.00245593 0.00245594 0.00245594 0.00245595 0.00245595 0.00245596 0.00245596 0.00245597
          0.00245597 0.00245598 0.00245598 0.00245598 0.00245599 0.00245599 0.00245599 0.002456 0.002456 0.002456 0.00245601 0.00245601
          0.0024529 0.00245291 0.00245293 0.00245294 0.00245296 0.00245298 0.00245299 0.00245301 0.00245302 0.00245304 0.00245305 0.00245306
          0.00245308 0.00245309 0.00245311 0.00245312 0.00245314 0.00245315 0.00245316 0.00245318 0.00245319 0.0024532 0.00245321 0.00245323
          0.00245324 0.00245325 0.00245326 0.00245328 0.00245329 0.0024533 0.00245331 0.00245332 0.00245333 0.00245335 0.00245336 0.00245337
          0.00245338 0.00245339 0.0024534 0.00245341 0.00245342 0.00245343 0.00245344 0.00245345 0.00245345 0.00245346 0.00245347 0.00245348
          0.00245349 0.0024535 0.0024535 0.00245351 0.00245352 0.00245353 0.00245353 0.00245354 0.00245355 0.00245355 0.00245356 0.00245356
          0.00245357 0.00245358 0.00245358 0.00245359 0.00245359 0.0024536 0.0024536 0.00245361 0.00245361 0.00245361 0.00245362 0.00245362
          0.00245363 0.00245363 0.00245363 0.00245364 0.00245041 0.00245043 0.00245044 0.00245046 0.00245048 0.0024505 0.00245052 0.00245053
          0.00245055 0.00245057 0.00245059 0.0024506 0.00245062 0.00245064 0.00245065 0.00245067 0.00245068 0.0024507 0.00245072 0.00245073
          0.00245075 0.00245076 0.00245078 0.00245079 0.00245081 0.00245082 0.00245083 0.00245085 0.00245086 0.00245087 0.00245089 0.0024509
          0.00245091 0.00245093 0.00245094 0.00245095 0.00245096 0.00245098 0.00245099 0.002451 0.00245101 0.00245102 0.00245103 0.00245104
          0.00245105 0.00245106 0.00245107 0.00245108 0.00245109 0.0024511 0.00245111 0.00245112 0.00245113 0.00245114 0.00245114 0.00245115
          0.00245116 0.00245117 0.00245117 0.00245118 0.00245119 0.00245119 0.0024512 0.00245121 0.00245121 0.00245122 0.00245122 0.00245123
          0.00245123 0.00245124 0.00245124 0.00245125 0.00245125 0.00245125 0.00245126 0.00245126 0.00244792 0.00244794 0.00244796 0.00244798
          0.002448 0.00244802 0.00244804 0.00244806 0.00244808 0.0024481 0.00244812 0.00244814 0.00244816 0.00244818 0.0024482 0.00244821
          0.00244823 0.00244825 0.00244827 0.00244829 0.0024483 0.00244832 0.00244834 0.00244835 0.00244837 0.00244839 0.0024484 0.00244842
          0.00244843 0.00244845 0.00244846 0.00244848 0.00244849 0.00244851 0.00244852 0.00244854 0.00244855 0.00244856 0.00244858 0.00244859
          0.0024486 0.00244862 0.00244863 0.00244864 0.00244865 0.00244866 0.00244867 0.00244869 0.0024487 0.00244871 0.00244872 0.00244873
          0.00244874 0.00244875 0.00244876 0.00244876 0.00244877 0.00244878 0.00244879 0.0024488 0.0024488 0.00244881 0.00244882 0.00244883
          0.00244883 0.00244884 0.00244884 0.00244885 0.00244886 0.00244886 0.00244887 0.00244887 0.00244888 0.00244888 0.00244888 0.00244889
          0.00244543 0.00244545 0.00244548 0.0024455 0.00244552 0.00244555 0.00244557 0.00244559 0.00244561 0.00244563 0.00244566 0.00244568
          0.0024457 0.00244572 0.00244574 0.00244576 0.00244578 0.0024458 0.00244582 0.00244584 0.00244586 0.00244588 0.0024459 0.00244592
          0.00244594 0.00244595 0.00244597 0.00244599 0.00244601 0.00244602 0.00244604 0.00244606 0.00244607 0.00244609 0.00244611 0.00244612
          0.00244614 0.00244615 0.00244617 0.00244618 0.0024462 0.00244621 0.00244622 0.00244624 0.00244625 0.00244626 0.00244628 0.00244629
          0.0024463 0.00244631 0.00244632 0.00244634 0.00244635 0.00244636 0.00244637 0.00244638 0.00244639 0.0024464 0.0024464 0.00244641
          0.00244642 0.00244643 0.00244644 0.00244644 0.00244645 0.00244646 0.00244647 0.00244647 0.00244648 0.00244648 0.00244649 0.0024465
          0.0024465 0.00244651 0.00244651 0.00244652 0.00244294 0.00244297 0.00244299 0.00244302 0.00244304 0.00244307 0.00244309 0.00244312
          0.00244314 0.00244317 0.00244319 0.00244322 0.00244324 0.00244326 0.00244328 0.00244331 0.00244333 0.00244335 0.00244337 0.0024434
          0.00244342 0.00244344 0.00244346 0.00244348 0.0024435 0.00244352 0.00244354 0.00244356 0.00244358 0.0024436 0.00244362 0.00244364
          0.00244365 0.00244367 0.00244369 0.00244371 0.00244373 0.00244374 0.00244376 0.00244377 0.00244379 0.00244381 0.00244382 0.00244384
          0.00244385 0.00244387 0.00244388 0.00244389 0.00244391 0.00244392 0.00244393 0.00244394 0.00244396 0.00244397 0.00244398 0.00244399
          0.002444 0.00244401 0.00244402 0.00244403 0.00244404 0.00244405 0.00244406 0.00244407 0.00244407 0.00244408 0.00244409 0.0024441
          0.0024441 0.00244411 0.00244412 0.00244412 0.00244413 0.00244413 0.00244414 0.00244414 0.00244045 0.00244048 0.00244051 0.00244054
          0.00244057 0.00244059 0.00244062 0.00244065 0.00244067 0.0024407 0.00244073 0.00244075 0.00244078 0.0024408 0.00244083 0.00244085
          0.00244088 0.0024409 0.00244093 0.00244095 0.00244097 0.002441 0.00244102 0.00244104 0.00244107 0.00244109 0.00244111 0.00244113
          0.00244115 0.00244117 0.00244119 0.00244122 0.00244124 0.00244125 0.00244127 0.00244129 0.00244131 0.00244133 0.00244135 0.00244137
          0.00244138 0.0024414 0.00244142 0.00244144 0.00244145 0.00244147 0.00244148 0.0024415 0.00244151 0.00244153 0.00244154 0.00244155
          0.00244157 0.00244158 0.00244159 0.0024416 0.00244162 0.00244163 0.00244164 0.00244165 0.00244166 0.00244167 0.00244168 0.00244169
          0.0024417 0.0024417 0.00244171 0.00244172 0.00244173 0.00244173 0.00244174 0.00244175 0.00244175 0.00244176 0.00244176 0.00244177
          0.00243796 0.00243799 0.00243803 0.00243806 0.00243809 0.00243812 0.00243815 0.00243818 0.0024382 0.00243823 0.00243826 0.00243829
          0.00243832 0.00243835 0.00243837 0.0024384 0.00243843 0.00243845 0.00243848 0.00243851 0.00243853 0.00243856 0.00243858 0.00243861
          0.00243863 0.00243866 0.00243868 0.0024387 0.00243873 0.00243875 0.00243877 0.00243879 0.00243882 0.00243884 0.00243886 0.00243888
          0.0024389 0.00243892 0.00243894 0.00243896 0.00243898 0.002439 0.00243902 0.00243904 0.00243905 0.00243907 0.00243909 0.0024391
          0.00243912 0.00243913 0.00243915 0.00243916 0.00243918 0.00243919 0.00243921 0.00243922 0.00243923 0.00243924 0.00243926 0.00243927
          0.00243928 0.00243929 0.0024393 0.00243931 0.00243932 0.00243933 0.00243934 0.00243934 0.00243935 0.00243936 0.00243937 0.00243937
          0.00243938 0.00243939 0.00243939 0.0024394 0.00243547 0.00243551 0.00243554 0.00243557 0.00243561 0.00243564 0.00243567 0.0024357
          0.00243573 0.00243577 0.0024358 0.00243583 0.00243586 0.00243589 0.00243592 0.00243595 0.00243598 0.002436 0.00243603 0.00243606
          0.00243609 0.00243612 0.00243614 0.00243617 0.0024362 0.00243622 0.00243625 0.00243627 0.0024363 0.00243632 0.00243635 0.00243637
          0.0024364 0.00243642 0.00243644 0.00243647 0.00243649 0.00243651 0.00243653 0.00243655 0.00243658 0.0024366 0.00243662 0.00243664
          0.00243665 0.00243667 0.00243669 0.00243671 0.00243673 0.00243674 0.00243676 0.00243678 0.00243679 0.00243681 0.00243682 0.00243684
          0.00243685 0.00243686 0.00243687 0.00243689 0.0024369 0.00243691 0.00243692 0.00243693 0.00243694 0.00243695 0.00243696 0.00243697
          0.00243698 0.00243699 0.00243699 0.002437 0.00243701 0.00243701 0.00243702 0.00243703 0.00243298 0.00243302 0.00243306 0.00243309
          0.00243313 0.00243316 0.0024332 0.00243323 0.00243326 0.0024333 0.00243333 0.00243336 0.0024334 0.00243343 0.00243346 0.00243349
          0.00243352 0.00243355 0.00243359 0.00243362 0.00243365 0.00243368 0.0024337 0.00243373 0.00243376 0.00243379 0.00243382 0.00243385
          0.00243387 0.0024339 0.00243393 0.00243395 0.00243398 0.002434 0.00243403 0.00243405 0.00243408 0.0024341 0.00243413 0.00243415
          0.00243417 0.00243419 0.00243422 0.00243424 0.00243426 0.00243428 0.0024343 0.00243432 0.00243434 0.00243435 0.00243437 0.00243439
          0.00243441 0.00243442 0.00243444 0.00243445 0.00243447 0.00243448 0.0024345 0.00243451 0.00243452 0.00243453 0.00243454 0.00243456
          0.00243457 0.00243458 0.00243459 0.0024346 0.0024346 0.00243461 0.00243462 0.00243463 0.00243464 0.00243464 0.00243465 0.00243466
          0.0024305 0.00243053 0.00243057 0.00243061 0.00243065 0.00243069 0.00243072 0.00243076 0.00243079 0.00243083 0.00243087 0.0024309
          0.00243094 0.00243097 0.00243101 0.00243104 0.00243107 0.00243111 0.00243114 0.00243117 0.0024312 0.00243124 0.00243127 0.0024313
          0.00243133 0.00243136 0.00243139 0.00243142 0.00243145 0.00243148 0.00243151 0.00243153 0.00243156 0.00243159 0.00243162 0.00243164
          0.00243167 0.00243169 0.00243172 0.00243174 0.00243177 0.00243179 0.00243182 0.00243184 0.00243186 0.00243188 0.0024319 0.00243192
          0.00243195 0.00243196 0.00243198 0.002432 0.00243202 0.00243204 0.00243205 0.00243207 0.00243209 0.0024321 0.00243212 0.00243213
          0.00243214 0.00243216 0.00243217 0.00243218 0.00243219 0.0024322 0.00243221 0.00243222 0.00243223 0.00243224 0.00243225 0.00243226
          0.00243227 0.00243227 0.00243228 0.00243229 0.00242801 0.00242805 0.00242809 0.00242813 0.00242817 0.00242821 0.00242825 0.00242829
          0.00242833 0.00242836 0.0024284 0.00242844 0.00242848 0.00242851 0.00242855 0.00242859 0.00242862 0.00242866 0.00242869 0.00242873
          0.00242876 0.0024288 0.00242883 0.00242886 0.0024289 0.00242893 0.00242896 0.00242899 0.00242902 0.00242905 0.00242908 0.00242911
          0.00242914 0.00242917 0.0024292 0.00242923 0.00242926 0.00242929 0.00242931 0.00242934 0.00242937 0.00242939 0.00242942 0.00242944
          0.00242947 0.00242949 0.00242951 0.00242953 0.00242956 0.00242958 0.0024296 0.00242962 0.00242964 0.00242966 0.00242967 0.00242969
          0.00242971 0.00242972 0.00242974 0.00242975 0.00242977 0.00242978 0.00242979 0.00242981 0.00242982 0.00242983 0.00242984 0.00242985
          0.00242986 0.00242987 0.00242988 0.00242989 0.0024299 0.0024299 0.00242991 0.00242992 0.00242552 0.00242556 0.0024256 0.00242565
          0.00242569 0.00242573 0.00242577 0.00242581 0.00242586 0.0024259 0.00242594 0.00242598 0.00242602 0.00242606 0.00242609 0.00242613
          0.00242617 0.00242621 0.00242625 0.00242628 0.00242632 0.00242636 0.00242639 0.00242643 0.00242646 0.0024265 0.00242653 0.00242656
          0.0024266 0.00242663 0.00242666 0.0024267 0.00242673 0.00242676 0.00242679 0.00242682 0.00242685 0.00242688 0.00242691 0.00242694
          0.00242697 0.00242699 0.00242702 0.00242705 0.00242707 0.0024271 0.00242712 0.00242715 0.00242717 0.00242719 0.00242721 0.00242723
          0.00242725 0.00242727 0.00242729 0.00242731 0.00242733 0.00242735 0.00242736 0.00242738 0.00242739 0.00242741 0.00242742 0.00242744
          0.00242745 0.00242746 0.00242747 0.00242748 0.00242749 0.0024275 0.00242751 0.00242752 0.00242753 0.00242753 0.00242754 0.00242755
          0.00242303 0.00242307 0.00242312 0.00242316 0.00242321 0.00242325 0.0024233 0.00242334 0.00242339 0.00242343 0.00242347 0.00242351
          0.00242356 0.0024236 0.00242364 0.00242368 0.00242372 0.00242376 0.0024238 0.00242384 0.00242388 0.00242392 0.00242395 0.00242399
          0.00242403 0.00242407 0.0024241 0.00242414 0.00242417 0.00242421 0.00242424 0.00242428 0.00242431 0.00242435 0.00242438 0.00242441
          0.00242444 0.00242447 0.00242451 0.00242454 0.00242457 0.00242459 0.00242462 0.00242465 0.00242468 0.00242471 0.00242473 0.00242476
          0.00242478 0.00242481 0.00242483 0.00242485 0.00242487 0.0024249 0.00242492 0.00242494 0.00242495 0.00242497 0.00242499 0.00242501
          0.00242502 0.00242504 0.00242505 0.00242507 0.00242508 0.00242509 0.0024251 0.00242511 0.00242512 0.00242513 0.00242514 0.00242515
          0.00242516 0.00242517 0.00242517 0.00242518 0.00242054 0.00242059 0.00242063 0.00242068 0.00242073 0.00242078 0.00242082 0.00242087
          0.00242092 0.00242096 0.00242101 0.00242105 0.00242109 0.00242114 0.00242118 0.00242123 0.00242127 0.00242131 0.00242135 0.00242139
          0.00242143 0.00242148 0.00242152 0.00242156 0.0024216 0.00242163 0.00242167 0.00242171 0.00242175 0.00242179 0.00242182 0.00242186
          0.0024219 0.00242193 0.00242197 0.002422 0.00242204 0.00242207 0.0024221 0.00242213 0.00242217 0.0024222 0.00242223 0.00242226
          0.00242229 0.00242232 0.00242234 0.00242237 0.0024224 0.00242242 0.00242245 0.00242247 0.0024225 0.00242252 0.00242254 0.00242256
          0.00242258 0.0024226 0.00242262 0.00242264 0.00242265 0.00242267 0.00242268 0.0024227 0.00242271 0.00242272 0.00242274 0.00242275
          0.00242276 0.00242277 0.00242278 0.00242279 0.00242279 0.0024228 0.00242281 0.00242282 0.00241805 0.0024181 0.00241815 0.0024182
          0.00241825 0.0024183 0.00241835 0.0024184 0.00241845 0.00241849 0.00241854 0.00241859 0.00241863 0.00241868 0.00241873 0.00241877
          0.00241882 0.00241886 0.00241891 0.00241895 0.00241899 0.00241904 0.00241908 0.00241912 0.00241916 0.0024192 0.00241924 0.00241929
          0.00241933 0.00241937 0.0024194 0.00241944 0.00241948 0.00241952 0.00241956 0.00241959 0.00241963 0.00241966 0.0024197 0.00241973
          0.00241977 0.0024198 0.00241983 0.00241987 0.0024199 0.00241993 0.00241996 0.00241999 0.00242002 0.00242004 0.00242007 0.0024201
          0.00242012 0.00242014 0.00242017 0.00242019 0.00242021 0.00242023 0.00242025 0.00242027 0.00242029 0.0024203 0.00242032 0.00242033
          0.00242035 0.00242036 0.00242037 0.00242038 0.00242039 0.0024204 0.00242041 0.00242042 0.00242043 0.00242044 0.00242044 0.00242045
          0.00241557 0.00241562 0.00241567 0.00241572 0.00241577 0.00241583 0.00241588 0.00241593 0.00241598 0.00241603 0.00241608 0.00241613
          0.00241617 0.00241622 0.00241627 0.00241632 0.00241637 0.00241641 0.00241646 0.00241651 0.00241655 0.0024166 0.00241664 0.00241669
          0.00241673 0.00241677 0.00241682 0.00241686 0.0024169 0.00241694 0.00241699 0.00241703 0.00241707 0.00241711 0.00241715 0.00241719
          0.00241722 0.00241726 0.0024173 0.00241734 0.00241737 0.00241741 0.00241744 0.00241748 0.00241751 0.00241754 0.00241757 0.00241761
          0.00241764 0.00241766 0.00241769 0.00241772 0.00241775 0.00241777 0.0024178 0.00241782 0.00241784 0.00241786 0.00241788 0.0024179
          0.00241792 0.00241794 0.00241795 0.00241797 0.00241798 0.00241799 0.00241801 0.00241802 0.00241803 0.00241804 0.00241805 0.00241806
          0.00241807 0.00241807 0.00241808 0.00241809 0.0024132 0.00241323 0.00241326 0.0024133 0.00241334 0.00241339 0.00241343 0.00241348
          0.00241353 0.00241358 0.00241362 0.00241367 0.00241372 0.00241377 0.00241382 0.00241387 0.00241392 0.00241397 0.00241401 0.00241406
          0.00241411 0.00241416 0.00241421 0.00241425 0.0024143 0.00241434 0.00241439 0.00241443 0.00241448 0.00241452 0.00241457 0.00241461
          0.00241465 0.0024147 0.00241474 0.00241478 0.00241482 0.00241486 0.0024149 0.00241494 0.00241498 0.00241501 0.00241505 0.00241509
          0.00241512 0.00241516 0.00241519 0.00241523 0.00241526 0.00241529 0.00241532 0.00241535 0.00241538 0.0024154 0.00241543 0.00241545
          0.00241548 0.0024155 0.00241552 0.00241554 0.00241556 0.00241558 0.00241559 0.00241561 0.00241562 0.00241563 0.00241565 0.00241566
          0.00241567 0.00241568 0.00241569 0.0024157 0.0024157 0.00241571 0.00241572 0.00241572 0.00241179 0.00241164 0.00241152 0.00241141
          0.00241133 0.00241127 0.00241124 0.00241124 0.00241125 0.00241126 0.00241129 0.00241131 0.00241134 0.00241137 0.00241141 0.00241145
          0.0024115 0.00241154 0.00241159 0.00241164 0.00241168 0.00241173 0.00241177 0.00241182 0.00241187 0.00241191 0.00241196 0.00241201
          0.00241206 0.0024121 0.00241215 0.0024122 0.00241224 0.00241229 0.00241233 0.00241237 0.00241242 0.00241246 0.0024125 0.00241254
          0.00241258 0.00241262 0.00241266 0.0024127 0.00241274 0.00241278 0.00241281 0.00241285 0.00241288 0.00241292 0.00241295 0.00241298
          0.00241301 0.00241304 0.00241306 0.00241309 0.00241312 0.00241314 0.00241316 0.00241318 0.0024132 0.00241322 0.00241323 0.00241325
          0.00241326 0.00241328 0.00241329 0.0024133 0.00241331 0.00241332 0.00241333 0.00241334 0.00241334 0.00241335 0.00241336 0.00241336
          0.00241642 0.00241565 0.00241483 0.00241397 0.00241305 0.00241216 0.00241131 0.00241055 0.00241023 0.00241007 0.00240994 0.00240981
          0.0024097 0.0024096 0.00240951 0.00240944 0.00240939 0.00240935 0.00240934 0.00240935 0.00240937 0.0024094 0.00240942 0.00240945
          0.00240949 0.00240952 0.00240956 0.00240961 0.00240965 0.0024097 0.00240974 0.00240979 0.00240983 0.00240988 0.00240992 0.00240997
          0.00241001 0.00241006 0.0024101 0.00241015 0.00241019 0.00241023 0.00241028 0.00241032 0.00241036 0.0024104 0.00241044 0.00241047
          0.00241051 0.00241055 0.00241058 0.00241061 0.00241064 0.00241068 0.0024107 0.00241073 0.00241076 0.00241078 0.00241081 0.00241083
          0.00241085 0.00241086 0.00241088 0.0024109 0.00241091 0.00241092 0.00241093 0.00241094 0.00241095 0.00241096 0.00241097 0.00241098
          0.00241098 0.00241099 0.002411 0.002411 0.00243959 0.00243924 0.00243888 0.00243851 0.00243813 0.00243778 0.00243749 0.00243726
          0.00241623 0.00241518 0.00241459 0.00241398 0.00241335 0.00241267 0.00241195 0.00241121 0.00241043 0.00240968 0.002409 0.00240838
          0.00240806 0.00240795 0.00240785 0.00240776 0.00240768 0.0024076 0.00240754 0.0024075 0.00240747 0.00240745 0.00240746 0.00240747
          0.0024075 0.00240753 0.00240756 0.0024076 0.00240763 0.00240767 0.00240772 0.00240776 0.0024078 0.00240785 0.00240789 0.00240794
          0.00240798 0.00240802 0.00240806 0.0024081 0.00240814 0.00240818 0.00240821 0.00240825 0.00240829 0.00240832 0.00240835 0.00240838
          0.00240841 0.00240843 0.00240846 0.00240848 0.0024085 0.00240851 0.00240853 0.00240855 0.00240856 0.00240857 0.00240858 0.00240859
          0.0024086 0.00240861 0.00240861 0.00240862 0.00240863 0.00240863 0.00240864 0.00240864 0.00243926 0.00243893 0.00243859 0.00243826
          0.00243793 0.0024376 0.00243729 0.00243698 0.00243666 0.00243634 0.00243601 0.00243567 0.00243533 0.00243497 0.0024346 0.00243422
          0.00243384 0.00243349 0.00243319 0.00243295 0.00241322 0.00241206 0.00241154 0.00241102 0.00241047 0.00240989 0.00240928 0.00240865
          0.00240801 0.00240738 0.00240679 0.00240625 0.00240589 0.00240579 0.00240573 0.00240567 0.00240563 0.00240559 0.00240556 0.00240554
          0.00240553 0.00240554 0.00240556 0.00240559 0.00240562 0.00240566 0.0024057 0.00240574 0.00240577 0.00240581 0.00240585 0.00240589
          0.00240593 0.00240597 0.002406 0.00240603 0.00240606 0.00240609 0.00240611 0.00240613 0.00240615 0.00240617 0.00240619 0.0024062
          0.00240621 0.00240622 0.00240623 0.00240624 0.00240625 0.00240626 0.00240626 0.00240627 0.00240627 0.00240628 0.00240628 0.00240628
          0.00243896 0.00243863 0.00243831 0.00243798 0.00243765 0.00243733 0.002437 0.00243668 0.00243635 0.00243603 0.00243569 0.00243536
          0.00243502 0.00243468 0.00243434 0.002434 0.00243366 0.00243332 0.002433 0.00243269 0.00243236 0.00243202 0.00243168 0.00243133
          0.00243097 0.00243059 0.00243021 0.00242982 0.00242943 0.00242905 0.00242873 0.00242845 0.00241027 0.00240873 0.00240826 0.00240781
          0.00240735 0.00240685 0.00240633 0.0024058 0.00240524 0.00240473 0.00240425 0.00240383 0.00240361 0.00240358 0.00240355 0.00240354
          0.00240353 0.00240354 0.00240355 0.00240357 0.00240359 0.00240363 0.00240366 0.00240369 0.00240372 0.00240375 0.00240378 0.0024038
          0.00240382 0.00240384 0.00240385 0.00240386 0.00240387 0.00240388 0.00240389 0.00240389 0.0024039 0.0024039 0.00240391 0.00240391
          0.00240392 0.00240392 0.00240392 0.00240393 0.00243867 0.00243834 0.00243802 0.00243769 0.00243737 0.00243704 0.00243671 0.00243639
          0.00243606 0.00243573 0.0024354 0.00243507 0.00243473 0.0024344 0.00243406 0.00243373 0.00243339 0.00243306 0.00243273 0.00243239
          0.00243206 0.00243172 0.00243137 0.00243103 0.00243068 0.00243032 0.00242996 0.0024296 0.00242925 0.00242889 0.00242855 0.00242821
          0.00242787 0.00242752 0.00242715 0.00242677 0.00242638 0.00242598 0.00242557 0.00242514 0.00242471 0.0024243 0.00242394 0.00242365
          0.00240582 0.00240471 0.00240432 0.00240392 0.0024035 0.00240307 0.00240261 0.00240218 0.00240182 0.00240152 0.00240139 0.00240139
          0.0024014 0.00240142 0.00240145 0.00240148 0.0024015 0.00240151 0.00240152 0.00240153 0.00240153 0.00240154 0.00240154 0.00240155
          0.00240155 0.00240156 0.00240156 0.00240156 0.00240156 0.00240157 0.00240157 0.00240157 0.00243838 0.00243806 0.00243773 0.00243741
          0.00243708 0.00243676 0.00243643 0.0024361 0.00243577 0.00243544 0.00243511 0.00243478 0.00243445 0.00243412 0.00243378 0.00243345
          0.00243312 0.00243278 0.00243245 0.00243211 0.00243177 0.00243143 0.00243109 0.00243074 0.00243039 0.00243004 0.00242969 0.00242934
          0.00242899 0.00242864 0.00242829 0.00242793 0.00242758 0.00242721 0.00242685 0.00242647 0.0024261 0.00242571 0.00242532 0.00242493
          0.00242454 0.00242415 0.00242377 0.0024234 0.00242301 0.0024226 0.00242217 0.00242172 0.00242124 0.00242075 0.00242024 0.00241973
          0.00241928 0.00241891 0.00240148 0.00240029 0.00239993 0.00239956 0.00239927 0.00239919 0.00239919 0.00239919 0.00239919 0.0023992
          0.0023992 0.0023992 0.0023992 0.0023992 0.00239921 0.00239921 0.00239921 0.00239921 0.00239921 0.00239921 0.00239921 0.00239921
          0.0024381 0.00243778 0.00243745 0.00243713 0.0024368 0.00243648 0.00243615 0.00243582 0.00243549 0.00243516 0.00243483 0.0024345
          0.00243417 0.00243384 0.00243351 0.00243317 0.00243284 0.0024325 0.00243217 0.00243183 0.00243149 0.00243115 0.00243081 0.00243046
          0.00243011 0.00242977 0.00242942 0.00242907 0.00242871 0.00242836 0.00242801 0.00242765 0.00242729 0.00242693 0.00242656 0.00242619
          0.00242582 0.00242543 0.00242505 0.00242466 0.00242428 0.00242389 0.0024235 0.00242311 0.0024227 0.00242229 0.00242186 0.00242142
          0.00242097 0.0024205 0.00242003 0.00241956 0.00241912 0.00241867 0.00241818 0.0024176 0.0024169 0.00241601 0.00241518 0.00239915
          0.00239697 0.00239687 0.00239686 0.00239686 0.00239686 0.00239686 0.00239686 0.00239686 0.00239686 0.00239686 0.00239686 0.00239686
          0.00239686 0.00239686 0.00239686 0.00239686
        </DataArray>
        <DataArray type="Float32" Name="x^H2_liq" NumberOfComponents="1" format="ascii">
          0 0 0 0 0 0 0 0 0 0 0 0
          0 0 0 0 0 0 0 0 0 0 0 0
          0 0 0 0 0 0 0 0 0 0 0 0
          0 0 0 0 0 0 0 0 0 0 0 0
          0 0 0 0 0 0 0 0 0 0 0 0
          0 0 0 0 0 0 0 0 0 0 0 0
          0 0 0 0 0 0 0 0 0 0 0 0
          0 0 0 0 0 0 0 0 0 0 0 0
          0 0 0 0 0 0 0 0 0 0 0 0
          0 0 0 0 0 0 0 0 0 0 0 0
          0 0 0 0 0 0 0 0 0 0 0 0
          0 0 0 0 0 0 0 0 0 0 0 0
          0 0 0 0 0 0 0 0 0 0 0 0
          0 0 0 0 0 0 0 0 0 0 0 0
          0 0 0 0 0 0 0 0 0 0 0 0
          0 0 0 0 0 0 0 0 0 0 0 0
          0 0 0 0 0 0 0 0 0 0 0 0
          0 0 0 0 0 0 0 0 0 0 0 0
          0 0 0 0 0 0 0 0 0 0 0 0
          0 0 0 0 0 0 0 0 0 0 0 0
          0 0 0 0 0 0 0 0 0 0 0 0
          0 0 0 0 0 0 0 0 0 0 0 0
          0 0 0 0 0 0 0 0 0 0 0 0
          0 0 0 0 0 0 0 0 0 0 0 0
          0 0 0 0 0 0 0 0 0 0 0 0
          0 0 0 0 0 0 0 0 0 0 0 0
          0 0 0 0 0 0 0 0 0 0 0 0
          0 0 0 0 0 0 0 0 0 0 0 0
          0 0 0 0 0 0 0 0 0 0 0 0
          0 0 0 0 0 0 0 0 0 0 0 0
          0 0 0 0 0 0 0 0 0 0 0 0
          0 0 0 0 0 0 0 0 0 0 0 0
          0 0 0 0 0 0 0 0 0 0 0 0
          0 0 0 0 0 0 0 0 0 0 0 0
          0 0 0 0 0 0 0 0 0 0 0 0
          0 0 0 0 0 0 0 0 0 0 0 0
          0 0 0 0 0 0 0 0 0 0 0 0
          0 0 0 0 0 0 0 0 0 0 0 0
          0 0 0 0 0 0 0 0 0 0 0 0
          0 0 0 0 0 0 0 0 0 0 0 0
          0 0 0 0 0 0 0 0 0 0 0 0
          0 0 0 0 0 0 0 0 0 0 0 0
          0 0 0 0 0 0 0 0 0 0 0 0
          0 0 0 0 0 0 0 0 0 0 0 0
          0 0 0 0 0 0 0 0 0 0 0 0
          0 0 0 0 0 0 0 0 0 0 0 0
          0 0 0 0 0 0 0 0 0 0 0 0
          0 0 0 0 0 0 0 0 0 0 0 0
          0 0 0 0 0 0 0 0 0 0 0 0
          0 0 0 0 0 0 0 0 0 0 0 0
          0 0 0 0 0 0 0 0 0 0 0 0
          0 0 0 0 0 0 0 0 0 0 0 0
          0 0 0 0 0 0 0 0 0 0 0 0
          0 0 0 0 0 0 0 0 0 0 0 0
          0 0 0 0 0 0 0 0 0 0 0 0
          0 0 0 0 0 0 0 0 0 0 0 0
          0 0 0 0 0 0 0 0 0 0 0 0
          0 0 0 0 0 0 0 0 0 0 0 0
          0 0 0 0 0 0 0 0 0 0 0 0
          0 0 0 0 0 0 0 0 0 0 0 0
          0 0 0 0 0 0 0 0 0 0 0 0
          0 0 0 0 0 0 0 0 0 0 0 0
          0 0 0 0 0 0 0 0 0 0 0 0
          0 0 0 0 0 0 0 0 0 0 0 0
          0 0 0 0 0 0 0 0 0 0 0 0
          0 0 0 0 0 0 0 0 0 0 0 0
          0 0 0 0 0 0 0 0 0 0 0 0
          0 0 0 0 0 0 0 0 0 0 0 0
          0 0 0 0 0 0 0 0 0 0 0 0
          0 0 0 0 0 0 0 0 0 0 0 0
          0 0 0 0 0 0 0 0 0 0 0 0
          0 0 0 0 0 0 0 0 0 0 0 0
          0 0 0 0 0 0 0 0 0 0 0 0
          0 0 0 0 0 0 0 0 0 0 0 0
          0 0 0 0 0 0 0 0 0 0 0 0
          0 0 0 0 0 0 0 0 0 0 0 0
          0 0 0 0 0 0 0 0 0 0 0 0
          0 0 0 0 0 0 0 0 0 0 0 0
          0 0 0 0 0 0 0 0 0 0 0 0
          0 0 0 0 0 0 0 0 0 0 0 0
          0 0 0 0 0 0 0 0 0 0 0 0
          0 0 0 0 0 0 0 0 0 0 0 0
          0 0 0 0 0 0 0 0 0 0 0 0
          0 0 0 0 0 0 0 0 0 0 0 0
          0 0 0 0 0 0 0 0 0 0 0 0
          0 0 0 0 0 0 0 0 0 0 0 0
          0 0 0 0 0 0 0 0 0 0 0 0
          0 0 0 0 0 0 0 0 0 0 0 0
          0 0 0 0 0 0 0 0 0 0 0 0
          0 0 0 0 0 0 0 0 0 0 0 0
          0 0 0 0 0 0 0 0 0 0 0 0
          0 0 0 0 0 0 0 0 0 0 0 0
          0 0 0 0 0 0 0 0 0 0 0 0
          0 0 0 0 0 0 0 0 0 0 0 0
          0 0 0 0 0 0 0 0 0 0 0 0
          0 0 0 0 0 0 0 0 0 0 0 0
          0 0 0 0 0 0 0 0 0 0 0 0
          0 0 0 0 0 0 0 0 0 0 0 0
          0 0 0 0 0 0 0 0 0 0 0 0
          0 0 0 0 0 0 0 0 0 0 0 0
          0 0 0 0 0 0 0 0 0 0 0 0
          0 0 0 0 0 0 0 0 0 0 0 0
          0 0 0 0 0 0 0 0 0 0 0 0
          0 0 0 0 0 0 0 0 0 0 0 0
          0 0 0 0 0 0 0 0 0 0 0 0
          0 0 0 0 0 0 0 0 0 0 0 0
          0 0 0 0 0 0 0 0 0 0 0 0
          0 0 0 0 0 0 0 0 0 0 0 0
          0 0 0 0 0 0 0 0 0 0 0 0
          0 0 0 0 0 0 0 0 0 0 0 0
          0 0 0 0 0 0 0 0 0 0 0 0
          0 0 0 0 0 0 0 0 0 0 0 0
          0 0 0 0 0 0 0 0 0 0 0 0
          0 0 0 0 0 0 0 0 0 0 0 0
          0 0 0 0 0 0 0 0 0 0 0 0
          0 0 0 0 0 0 0 0 0 0 0 0
          0 0 0 0 0 0 0 0 0 0 0 0
          0 0 0 0 0 0 0 0 0 0 0 0
          0 0 0 0 0 0 0 0 0 0 0 0
          0 0 0 0 0 0 0 0 0 0 0 0
          0 0 0 0 0 0 0 0 0 0 0 0
          0 0 0 0 0 0 0 0 0 0 0 0
          0 0 0 0 0 0 0 0 0 0 0 0
          0 0 0 0 0 0 0 0 0 0 0 0
          0 0 0 0 0 0 0 0 0 0 0 0
          0 0 0 0 0 0 0 0 0 0 0 0
          0 0 0 0 0 0 0 0 0 0 0 0
          0 0 0 0 0 0 0 0 0 0 0 0
          0 0 0 0 0 0 0 0 0 0 0 0
          0 0 0 0 0 0 0 0 0 0 0 0
          0 0 0 0 0 0 0 0 0 0 0 0
          0 0 0 0 0 0 0 0 0 0 0 0
          0 0 0 0 0 0 0 0 0 0 0 0
          0 0 0 0 0 0 0 0 0 0 0 0
          0 0 0 0 0 0 0 0 0 0 0 0
          0 0 0 0 0 0 0 0 0 0 0 0
          0 0 0 0 0 0 0 0 0 0 0 0
          0 0 0 0 0 0 0 0 0 0 0 0
          0 0 0 0 0 0 0 0 0 0 0 0
          0 0 0 0 0 0 0 0 0 0 0 0
          0 0 0 0 0 0 0 0 0 0 0 0
          0 0 0 0 0 0 0 0 0 0 0 0
          0 0 0 0 0 0 0 0 0 0 0 0
          0 0 0 0 0 0 0 0 0 0 0 0
          0 0 0 0 0 0 0 0 0 0 0 0
          0 0 0 0 0 0 0 0 0 0 0 0
          0 0 0 0 0 0 0 0 0 0 0 0
          0 0 0 0 0 0 0 0 0 0 0 0
          0 0 0 0 0 0 0 0 0 0 0 0
          0 0 0 0 0 0 0 0 0 0 0 0
          0 0 0 0 0 0 0 0 0 0 0 0
          0 0 0 0 0 0 0 0 0 0 0 0
          0 0 0 0 0 0 0 0 0 0 0 0
          0 0 0 0 0 0 0 0 0 0 0 0
          0 0 0 0 0 0 0 0 0 0 0 0
          0 0 0 0 0 0 0 0 0 0 0 0
          0 0 0 0 0 0 0 0 0 0 0 0
          0 0 0 0 0 0 0 0 0 0 0 0
          0 0 0 0 0 0 0 0 0 0 0 0
          0 0 0 0 0 0 0 0 0 0 0 0
          0 0 0 0 0 0 0 0 0 0 0 0
          0 0 0 0 0 0 0 0 0 0 0 0
          0 0 0 0 0 0 0 0 0 0 0 0
          0 0 0 0 0 0 0 0 0 0 0 0
          0 0 0 0 0 0 0 0 0 0 0 0
          0 0 0 0 0 0 0 0 0 0 0 0
          0 0 0 0 0 0 0 0 0 0 0 0
          0 0 0 0 0 0 0 0 0 0 0 0
          0 0 0 0 0 0 0 0 0 0 0 0
          0 0 0 0 0 0 0 0 0 0 0 0
          0 0 0 0 0 0 0 0 0 0 0 0
          0 0 0 0 0 0 0 0 0 0 0 0
          0 0 0 0 0 0 0 0 0 0 0 0
          0 0 0 0 0 0 0 0 0 0 0 0
          0 0 0 0 0 0 0 0 0 0 0 0
          0 0 0 0 0 0 0 0 0 0 0 0
          0 0 0 0 0 0 0 0 0 0 0 0
          0 0 0 0 0 0 0 0 0 0 0 0
          0 0 0 0 0 0 0 0 0 0 0 0
          0 0 0 0 0 0 0 0 0 0 0 0
          0 0 0 0 0 0 0 0 0 0 0 0
          0 0 0 0 0 0 0 0 0 0 0 0
          0 0 0 0 0 0 0 0 0 0 0 0
          0 0 0 0 0 0 0 0 0 0 0 0
          0 0 0 0 0 0 0 0 0 0 0 0
          0 0 0 0 0 0 0 0 0 0 0 0
          0 0 0 0 0 0 0 0 0 0 0 0
          0 0 0 0 0 0 0 0 0 0 0 0
          0 0 0 0 0 0 0 0 0 0 0 0
          0 0 0 0 0 0 0 0 0 0 0 0
          0 0 0 0 0 0 0 0 0 0 0 0
          0 0 0 0 0 0 0 0 0 0 0 0
          0 0 0 0 0 0 0 0 0 0 0 0
          0 0 0 0 0 0 0 0 0 0 0 0
          0 0 0 0 0 0 0 0 0 0 0 0
          0 0 0 0 0 0 0 0 0 0 0 0
          0 0 0 0
        </DataArray>
        <DataArray type="Float32" Name="x^CO2_liq" NumberOfComponents="1" format="ascii">
          0 0 0 0 0 0 0 0 0 0 0 0
          0 0 0 0 0 0 0 0 0 0 0 0
          0 0 0 0 0 0 0 0 0 0 0 0
          0 0 0 0 0 0 0 0 0 0 0 0
          0 0 0 0 0 0 0 0 0 0 0 0
          0 0 0 0 0 0 0 0 0 0 0 0
          0 0 0 0 0 0 0 0 0 0 0 0
          0 0 0 0 0 0 0 0 0 0 0 0
          0 0 0 0 0 0 0 0 0 0 0 0
          0 0 0 0 0 0 0 0 0 0 0 0
          0 0 0 0 0 0 0 0 0 0 0 0
          0 0 0 0 0 0 0 0 0 0 0 0
          0 0 0 0 0 0 0 0 0 0 0 0
          0 0 0 0 0 0 0 0 0 0 0 0
          0 0 0 0 0 0 0 0 0 0 0 0
          0 0 0 0 0 0 0 0 0 0 0 0
          0 0 0 0 0 0 0 0 0 0 0 0
          0 0 0 0 0 0 0 0 0 0 0 0
          0 0 0 0 0 0 0 0 0 0 0 0
          0 0 0 0 0 0 0 0 0 0 0 0
          0 0 0 0 0 0 0 0 0 0 0 0
          0 0 0 0 0 0 0 0 0 0 0 0
          0 0 0 0 0 0 0 0 0 0 0 0
          0 0 0 0 0 0 0 0 0 0 0 0
          0 0 0 0 0 0 0 0 0 0 0 0
          0 0 0 0 0 0 0 0 0 0 0 0
          0 0 0 0 0 0 0 0 0 0 0 0
          0 0 0 0 0 0 0 0 0 0 0 0
          0 0 0 0 0 0 0 0 0 0 0 0
          0 0 0 0 0 0 0 0 0 0 0 0
          0 0 0 0 0 0 0 0 0 0 0 0
          0 0 0 0 0 0 0 0 0 0 0 0
          0 0 0 0 0 0 0 0 0 0 0 0
          0 0 0 0 0 0 0 0 0 0 0 0
          0 0 0 0 0 0 0 0 0 0 0 0
          0 0 0 0 0 0 0 0 0 0 0 0
          0 0 0 0 0 0 0 0 0 0 0 0
          0 0 0 0 0 0 0 0 0 0 0 0
          0 0 0 0 0 0 0 0 0 0 0 0
          0 0 0 0 0 0 0 0 0 0 0 0
          0 0 0 0 0 0 0 0 0 0 0 0
          0 0 0 0 0 0 0 0 0 0 0 0
          0 0 0 0 0 0 0 0 0 0 0 0
          0 0 0 0 0 0 0 0 0 0 0 0
          0 0 0 0 0 0 0 0 0 0 0 0
          0 0 0 0 0 0 0 0 0 0 0 0
          0 0 0 0 0 0 0 0 0 0 0 0
          0 0 0 0 0 0 0 0 0 0 0 0
          0 0 0 0 0 0 0 0 0 0 0 0
          0 0 0 0 0 0 0 0 0 0 0 0
          0 0 0 0 0 0 0 0 0 0 0 0
          0 0 0 0 0 0 0 0 0 0 0 0
          0 0 0 0 0 0 0 0 0 0 0 0
          0 0 0 0 0 0 0 0 0 0 0 0
          0 0 0 0 0 0 0 0 0 0 0 0
          0 0 0 0 0 0 0 0 0 0 0 0
          0 0 0 0 0 0 0 0 0 0 0 0
          0 0 0 0 0 0 0 0 0 0 0 0
          0 0 0 0 0 0 0 0 0 0 0 0
          0 0 0 0 0 0 0 0 0 0 0 0
          0 0 0 0 0 0 0 0 0 0 0 0
          0 0 0 0 0 0 0 0 0 0 0 0
          0 0 0 0 0 0 0 0 0 0 0 0
          0 0 0 0 0 0 0 0 0 0 0 0
          0 0 0 0 0 0 0 0 0 0 0 0
          0 0 0 0 0 0 0 0 0 0 0 0
          0 0 0 0 0 0 0 0 0 0 0 0
          0 0 0 0 0 0 0 0 0 0 0 0
          0 0 0 0 0 0 0 0 0 0 0 0
          0 0 0 0 0 0 0 0 0 0 0 0
          0 0 0 0 0 0 0 0 0 0 0 0
          0 0 0 0 0 0 0 0 0 0 0 0
          0 0 0 0 0 0 0 0 0 0 0 0
          0 0 0 0 0 0 0 0 0 0 0 0
          0 0 0 0 0 0 0 0 0 0 0 0
          0 0 0 0 0 0 0 0 0 0 0 0
          0 0 0 0 0 0 0 0 0 0 0 0
          0 0 0 0 0 0 0 0 0 0 0 0
          0 0 0 0 0 0 0 0 0 0 0 0
          0 0 0 0 0 0 0 0 0 0 0 0
          0 0 0 0 0 0 0 0 0 0 0 0
          0 0 0 0 0 0 0 0 0 0 0 0
          0 0 0 0 0 0 0 0 0 0 0 0
          0 0 0 0 0 0 0 0 0 0 0 0
          0 0 0 0 0 0 0 0 0 0 0 0
          0 0 0 0 0 0 0 0 0 0 0 0
          0 0 0 0 0 0 0 0 0 0 0 0
          0 0 0 0 0 0 0 0 0 0 0 0
          0 0 0 0 0 0 0 0 0 0 0 0
          0 0 0 0 0 0 0 0 0 0 0 0
          0 0 0 0 0 0 0 0 0 0 0 0
          0 0 0 0 0 0 0 0 0 0 0 0
          0 0 0 0 0 0 0 0 0 0 0 0
          0 0 0 0 0 0 0 0 0 0 0 0
          0 0 0 0 0 0 0 0 0 0 0 0
          0 0 0 0 0 0 0 0 0 0 0 0
          0 0 0 0 0 0 0 0 0 0 0 0
          0 0 0 0 0 0 0 0 0 0 0 0
          0 0 0 0 0 0 0 0 0 0 0 0
          0 0 0 0 0 0 0 0 0 0 0 0
          0 0 0 0 0 0 0 0 0 0 0 0
          0 0 0 0 0 0 0 0 0 0 0 0
          0 0 0 0 0 0 0 0 0 0 0 0
          0 0 0 0 0 0 0 0 0 0 0 0
          0 0 0 0 0 0 0 0 0 0 0 0
          0 0 0 0 0 0 0 0 0 0 0 0
          0 0 0 0 0 0 0 0 0 0 0 0
          0 0 0 0 0 0 0 0 0 0 0 0
          0 0 0 0 0 0 0 0 0 0 0 0
          0 0 0 0 0 0 0 0 0 0 0 0
          0 0 0 0 0 0 0 0 0 0 0 0
          0 0 0 0 0 0 0 0 0 0 0 0
          0 0 0 0 0 0 0 0 0 0 0 0
          0 0 0 0 0 0 0 0 0 0 0 0
          0 0 0 0 0 0 0 0 0 0 0 0
          0 0 0 0 0 0 0 0 0 0 0 0
          0 0 0 0 0 0 0 0 0 0 0 0
          0 0 0 0 0 0 0 0 0 0 0 0
          0 0 0 0 0 0 0 0 0 0 0 0
          0 0 0 0 0 0 0 0 0 0 0 0
          0 0 0 0 0 0 0 0 0 0 0 0
          0 0 0 0 0 0 0 0 0 0 0 0
          0 0 0 0 0 0 0 0 0 0 0 0
          0 0 0 0 0 0 0 0 0 0 0 0
          0 0 0 0 0 0 0 0 0 0 0 0
          0 0 0 0 0 0 0 0 0 0 0 0
          0 0 0 0 0 0 0 0 0 0 0 0
          0 0 0 0 0 0 0 0 0 0 0 0
          0 0 0 0 0 0 0 0 0 0 0 0
          0 0 0 0 0 0 0 0 0 0 0 0
          0 0 0 0 0 0 0 0 0 0 0 0
          0 0 0 0 0 0 0 0 0 0 0 0
          0 0 0 0 0 0 0 0 0 0 0 0
          0 0 0 0 0 0 0 0 0 0 0 0
          0 0 0 0 0 0 0 0 0 0 0 0
          0 0 0 0 0 0 0 0 0 0 0 0
          0 0 0 0 0 0 0 0 0 0 0 0
          0 0 0 0 0 0 0 0 0 0 0 0
          0 0 0 0 0 0 0 0 0 0 0 0
          0 0 0 0 0 0 0 0 0 0 0 0
          0 0 0 0 0 0 0 0 0 0 0 0
          0 0 0 0 0 0 0 0 0 0 0 0
          0 0 0 0 0 0 0 0 0 0 0 0
          0 0 0 0 0 0 0 0 0 0 0 0
          0 0 0 0 0 0 0 0 0 0 0 0
          0 0 0 0 0 0 0 0 0 0 0 0
          0 0 0 0 0 0 0 0 0 0 0 0
          0 0 0 0 0 0 0 0 0 0 0 0
          0 0 0 0 0 0 0 0 0 0 0 0
          0 0 0 0 0 0 0 0 0 0 0 0
          0 0 0 0 0 0 0 0 0 0 0 0
          0 0 0 0 0 0 0 0 0 0 0 0
          0 0 0 0 0 0 0 0 0 0 0 0
          0 0 0 0 0 0 0 0 0 0 0 0
          0 0 0 0 0 0 0 0 0 0 0 0
          0 0 0 0 0 0 0 0 0 0 0 0
          0 0 0 0 0 0 0 0 0 0 0 0
          0 0 0 0 0 0 0 0 0 0 0 0
          0 0 0 0 0 0 0 0 0 0 0 0
          0 0 0 0 0 0 0 0 0 0 0 0
          0 0 0 0 0 0 0 0 0 0 0 0
          0 0 0 0 0 0 0 0 0 0 0 0
          0 0 0 0 0 0 0 0 0 0 0 0
          0 0 0 0 0 0 0 0 0 0 0 0
          0 0 0 0 0 0 0 0 0 0 0 0
          0 0 0 0 0 0 0 0 0 0 0 0
          0 0 0 0 0 0 0 0 0 0 0 0
          0 0 0 0 0 0 0 0 0 0 0 0
          0 0 0 0 0 0 0 0 0 0 0 0
          0 0 0 0 0 0 0 0 0 0 0 0
          0 0 0 0 0 0 0 0 0 0 0 0
          0 0 0 0 0 0 0 0 0 0 0 0
          0 0 0 0 0 0 0 0 0 0 0 0
          0 0 0 0 0 0 0 0 0 0 0 0
          0 0 0 0 0 0 0 0 0 0 0 0
          0 0 0 0 0 0 0 0 0 0 0 0
          0 0 0 0 0 0 0 0 0 0 0 0
          0 0 0 0 0 0 0 0 0 0 0 0
          0 0 0 0 0 0 0 0 0 0 0 0
          0 0 0 0 0 0 0 0 0 0 0 0
          0 0 0 0 0 0 0 0 0 0 0 0
          0 0 0 0 0 0 0 0 0 0 0 0
          0 0 0 0 0 0 0 0 0 0 0 0
          0 0 0 0 0 0 0 0 0 0 0 0
          0 0 0 0 0 0 0 0 0 0 0 0
          0 0 0 0 0 0 0 0 0 0 0 0
          0 0 0 0 0 0 0 0 0 0 0 0
          0 0 0 0 0 0 0 0 0 0 0 0
          0 0 0 0 0 0 0 0 0 0 0 0
          0 0 0 0 0 0 0 0 0 0 0 0
          0 0 0 0 0 0 0 0 0 0 0 0
          0 0 0 0 0 0 0 0 0 0 0 0
          0 0 0 0 0 0 0 0 0 0 0 0
          0 0 0 0 0 0 0 0 0 0 0 0
          0 0 0 0 0 0 0 0 0 0 0 0
          0 0 0 0 0 0 0 0 0 0 0 0
          0 0 0 0
        </DataArray>
        <DataArray type="Float32" Name="x^N2_liq" NumberOfComponents="1" format="ascii">
          0 0 0 0 0 0 0 0 0 0 0 0
          0 0 0 0 0 0 0 0 0 0 0 0
          0 0 0 0 0 0 0 0 0 0 0 0
          0 0 0 0 0 0 0 0 0 0 0 0
          0 0 0 0 0 0 0 0 0 0 0 0
          0 0 0 0 0 0 0 0 0 0 0 0
          0 0 0 0 0 0 0 0 0 0 0 0
          0 0 0 0 0 0 0 0 0 0 0 0
          0 0 0 0 0 0 0 0 0 0 0 0
          0 0 0 0 0 0 0 0 0 0 0 0
          0 0 0 0 0 0 0 0 0 0 0 0
          0 0 0 0 0 0 0 0 0 0 0 0
          0 0 0 0 0 0 0 0 0 0 0 0
          0 0 0 0 0 0 0 0 0 0 0 0
          0 0 0 0 0 0 0 0 0 0 0 0
          0 0 0 0 0 0 0 0 0 0 0 0
          0 0 0 0 0 0 0 0 0 0 0 0
          0 0 0 0 0 0 0 0 0 0 0 0
          0 0 0 0 0 0 0 0 0 0 0 0
          0 0 0 0 0 0 0 0 0 0 0 0
          0 0 0 0 0 0 0 0 0 0 0 0
          0 0 0 0 0 0 0 0 0 0 0 0
          0 0 0 0 0 0 0 0 0 0 0 0
          0 0 0 0 0 0 0 0 0 0 0 0
          0 0 0 0 0 0 0 0 0 0 0 0
          0 0 0 0 0 0 0 0 0 0 0 0
          0 0 0 0 0 0 0 0 0 0 0 0
          0 0 0 0 0 0 0 0 0 0 0 0
          0 0 0 0 0 0 0 0 0 0 0 0
          0 0 0 0 0 0 0 0 0 0 0 0
          0 0 0 0 0 0 0 0 0 0 0 0
          0 0 0 0 0 0 0 0 0 0 0 0
          0 0 0 0 0 0 0 0 0 0 0 0
          0 0 0 0 0 0 0 0 0 0 0 0
          0 0 0 0 0 0 0 0 0 0 0 0
          0 0 0 0 0 0 0 0 0 0 0 0
          0 0 0 0 0 0 0 0 0 0 0 0
          0 0 0 0 0 0 0 0 0 0 0 0
          0 0 0 0 0 0 0 0 0 0 0 0
          0 0 0 0 0 0 0 0 0 0 0 0
          0 0 0 0 0 0 0 0 0 0 0 0
          0 0 0 0 0 0 0 0 0 0 0 0
          0 0 0 0 0 0 0 0 0 0 0 0
          0 0 0 0 0 0 0 0 0 0 0 0
          0 0 0 0 0 0 0 0 0 0 0 0
          0 0 0 0 0 0 0 0 0 0 0 0
          0 0 0 0 0 0 0 0 0 0 0 0
          0 0 0 0 0 0 0 0 0 0 0 0
          0 0 0 0 0 0 0 0 0 0 0 0
          0 0 0 0 0 0 0 0 0 0 0 0
          0 0 0 0 0 0 0 0 0 0 0 0
          0 0 0 0 0 0 0 0 0 0 0 0
          0 0 0 0 0 0 0 0 0 0 0 0
          0 0 0 0 0 0 0 0 0 0 0 0
          0 0 0 0 0 0 0 0 0 0 0 0
          0 0 0 0 0 0 0 0 0 0 0 0
          0 0 0 0 0 0 0 0 0 0 0 0
          0 0 0 0 0 0 0 0 0 0 0 0
          0 0 0 0 0 0 0 0 0 0 0 0
          0 0 0 0 0 0 0 0 0 0 0 0
          0 0 0 0 0 0 0 0 0 0 0 0
          0 0 0 0 0 0 0 0 0 0 0 0
          0 0 0 0 0 0 0 0 0 0 0 0
          0 0 0 0 0 0 0 0 0 0 0 0
          0 0 0 0 0 0 0 0 0 0 0 0
          0 0 0 0 0 0 0 0 0 0 0 0
          0 0 0 0 0 0 0 0 0 0 0 0
          0 0 0 0 0 0 0 0 0 0 0 0
          0 0 0 0 0 0 0 0 0 0 0 0
          0 0 0 0 0 0 0 0 0 0 0 0
          0 0 0 0 0 0 0 0 0 0 0 0
          0 0 0 0 0 0 0 0 0 0 0 0
          0 0 0 0 0 0 0 0 0 0 0 0
          0 0 0 0 0 0 0 0 0 0 0 0
          0 0 0 0 0 0 0 0 0 0 0 0
          0 0 0 0 0 0 0 0 0 0 0 0
          0 0 0 0 0 0 0 0 0 0 0 0
          0 0 0 0 0 0 0 0 0 0 0 0
          0 0 0 0 0 0 0 0 0 0 0 0
          0 0 0 0 0 0 0 0 0 0 0 0
          0 0 0 0 0 0 0 0 0 0 0 0
          0 0 0 0 0 0 0 0 0 0 0 0
          0 0 0 0 0 0 0 0 0 0 0 0
          0 0 0 0 0 0 0 0 0 0 0 0
          0 0 0 0 0 0 0 0 0 0 0 0
          0 0 0 0 0 0 0 0 0 0 0 0
          0 0 0 0 0 0 0 0 0 0 0 0
          0 0 0 0 0 0 0 0 0 0 0 0
          0 0 0 0 0 0 0 0 0 0 0 0
          0 0 0 0 0 0 0 0 0 0 0 0
          0 0 0 0 0 0 0 0 0 0 0 0
          0 0 0 0 0 0 0 0 0 0 0 0
          0 0 0 0 0 0 0 0 0 0 0 0
          0 0 0 0 0 0 0 0 0 0 0 0
          0 0 0 0 0 0 0 0 0 0 0 0
          0 0 0 0 0 0 0 0 0 0 0 0
          0 0 0 0 0 0 0 0 0 0 0 0
          0 0 0 0 0 0 0 0 0 0 0 0
          0 0 0 0 0 0 0 0 0 0 0 0
          0 0 0 0 0 0 0 0 0 0 0 0
          0 0 0 0 0 0 0 0 0 0 0 0
          0 0 0 0 0 0 0 0 0 0 0 0
          0 0 0 0 0 0 0 0 0 0 0 0
          0 0 0 0 0 0 0 0 0 0 0 0
          0 0 0 0 0 0 0 0 0 0 0 0
          0 0 0 0 0 0 0 0 0 0 0 0
          0 0 0 0 0 0 0 0 0 0 0 0
          0 0 0 0 0 0 0 0 0 0 0 0
          0 0 0 0 0 0 0 0 0 0 0 0
          0 0 0 0 0 0 0 0 0 0 0 0
          0 0 0 0 0 0 0 0 0 0 0 0
          0 0 0 0 0 0 0 0 0 0 0 0
          0 0 0 0 0 0 0 0 0 0 0 0
          0 0 0 0 0 0 0 0 0 0 0 0
          0 0 0 0 0 0 0 0 0 0 0 0
          0 0 0 0 0 0 0 0 0 0 0 0
          0 0 0 0 0 0 0 0 0 0 0 0
          0 0 0 0 0 0 0 0 0 0 0 0
          0 0 0 0 0 0 0 0 0 0 0 0
          0 0 0 0 0 0 0 0 0 0 0 0
          0 0 0 0 0 0 0 0 0 0 0 0
          0 0 0 0 0 0 0 0 0 0 0 0
          0 0 0 0 0 0 0 0 0 0 0 0
          0 0 0 0 0 0 0 0 0 0 0 0
          0 0 0 0 0 0 0 0 0 0 0 0
          0 0 0 0 0 0 0 0 0 0 0 0
          0 0 0 0 0 0 0 0 0 0 0 0
          0 0 0 0 0 0 0 0 0 0 0 0
          0 0 0 0 0 0 0 0 0 0 0 0
          0 0 0 0 0 0 0 0 0 0 0 0
          0 0 0 0 0 0 0 0 0 0 0 0
          0 0 0 0 0 0 0 0 0 0 0 0
          0 0 0 0 0 0 0 0 0 0 0 0
          0 0 0 0 0 0 0 0 0 0 0 0
          0 0 0 0 0 0 0 0 0 0 0 0
          0 0 0 0 0 0 0 0 0 0 0 0
          0 0 0 0 0 0 0 0 0 0 0 0
          0 0 0 0 0 0 0 0 0 0 0 0
          0 0 0 0 0 0 0 0 0 0 0 0
          0 0 0 0 0 0 0 0 0 0 0 0
          0 0 0 0 0 0 0 0 0 0 0 0
          0 0 0 0 0 0 0 0 0 0 0 0
          0 0 0 0 0 0 0 0 0 0 0 0
          0 0 0 0 0 0 0 0 0 0 0 0
          0 0 0 0 0 0 0 0 0 0 0 0
          0 0 0 0 0 0 0 0 0 0 0 0
          0 0 0 0 0 0 0 0 0 0 0 0
          0 0 0 0 0 0 0 0 0 0 0 0
          0 0 0 0 0 0 0 0 0 0 0 0
          0 0 0 0 0 0 0 0 0 0 0 0
          0 0 0 0 0 0 0 0 0 0 0 0
          0 0 0 0 0 0 0 0 0 0 0 0
          0 0 0 0 0 0 0 0 0 0 0 0
          0 0 0 0 0 0 0 0 0 0 0 0
          0 0 0 0 0 0 0 0 0 0 0 0
          0 0 0 0 0 0 0 0 0 0 0 0
          0 0 0 0 0 0 0 0 0 0 0 0
          0 0 0 0 0 0 0 0 0 0 0 0
          0 0 0 0 0 0 0 0 0 0 0 0
          0 0 0 0 0 0 0 0 0 0 0 0
          0 0 0 0 0 0 0 0 0 0 0 0
          0 0 0 0 0 0 0 0 0 0 0 0
          0 0 0 0 0 0 0 0 0 0 0 0
          0 0 0 0 0 0 0 0 0 0 0 0
          0 0 0 0 0 0 0 0 0 0 0 0
          0 0 0 0 0 0 0 0 0 0 0 0
          0 0 0 0 0 0 0 0 0 0 0 0
          0 0 0 0 0 0 0 0 0 0 0 0
          0 0 0 0 0 0 0 0 0 0 0 0
          0 0 0 0 0 0 0 0 0 0 0 0
          0 0 0 0 0 0 0 0 0 0 0 0
          0 0 0 0 0 0 0 0 0 0 0 0
          0 0 0 0 0 0 0 0 0 0 0 0
          0 0 0 0 0 0 0 0 0 0 0 0
          0 0 0 0 0 0 0 0 0 0 0 0
          0 0 0 0 0 0 0 0 0 0 0 0
          0 0 0 0 0 0 0 0 0 0 0 0
          0 0 0 0 0 0 0 0 0 0 0 0
          0 0 0 0 0 0 0 0 0 0 0 0
          0 0 0 0 0 0 0 0 0 0 0 0
          0 0 0 0 0 0 0 0 0 0 0 0
          0 0 0 0 0 0 0 0 0 0 0 0
          0 0 0 0 0 0 0 0 0 0 0 0
          0 0 0 0 0 0 0 0 0 0 0 0
          0 0 0 0 0 0 0 0 0 0 0 0
          0 0 0 0 0 0 0 0 0 0 0 0
          0 0 0 0 0 0 0 0 0 0 0 0
          0 0 0 0 0 0 0 0 0 0 0 0
          0 0 0 0 0 0 0 0 0 0 0 0
          0 0 0 0 0 0 0 0 0 0 0 0
          0 0 0 0 0 0 0 0 0 0 0 0
          0 0 0 0 0 0 0 0 0 0 0 0
          0 0 0 0 0 0 0 0 0 0 0 0
          0 0 0 0 0 0 0 0 0 0 0 0
          0 0 0 0 0 0 0 0 0 0 0 0
          0 0 0 0 0 0 0 0 0 0 0 0
          0 0 0 0
        </DataArray>
        <DataArray type="Float32" Name="rhoMolar_liq" NumberOfComponents="1" format="ascii">
          55555.6 55555.6 55555.6 55555.6 55555.6 55555.6 55555.6 55555.6 55555.6 55555.6 55555.6 55555.6
          55555.6 55555.6 55555.6 55555.6 55555.6 55555.6 55555.6 55555.6 55555.6 55555.6 55555.6 55555.6
          55555.6 55555.6 55555.6 55555.6 55555.6 55555.6 55555.6 55555.6 55555.6 55555.6 55555.6 55555.6
          55555.6 55555.6 55555.6 55555.6 55555.6 55555.6 55555.6 55555.6 55555.6 55555.6 55555.6 55555.6
          55555.6 55555.6 55555.6 55555.6 55555.6 55555.6 55555.6 55555.6 55555.6 55555.6 55555.6 55555.6
          55555.6 55555.6 55555.6 55555.6 55555.6 55555.6 55555.6 55555.6 55555.6 55555.6 55555.6 55555.6
          55555.6 55555.6 55555.6 55555.6 55555.6 55555.6 55555.6 55555.6 55555.6 55555.6 55555.6 55555.6
          55555.6 55555.6 55555.6 55555.6 55555.6 55555.6 55555.6 55555.6 55555.6 55555.6 55555.6 55555.6
          55555.6 55555.6 55555.6 55555.6 55555.6 55555.6 55555.6 55555.6 55555.6 55555.6 55555.6 55555.6
          55555.6 55555.6 55555.6 55555.6 55555.6 55555.6 55555.6 55555.6 55555.6 55555.6 55555.6 55555.6
          55555.6 55555.6 55555.6 55555.6 55555.6 55555.6 55555.6 55555.6 55555.6 55555.6 55555.6 55555.6
          55555.6 55555.6 55555.6 55555.6 55555.6 55555.6 55555.6 55555.6 55555.6 55555.6 55555.6 55555.6
          55555.6 55555.6 55555.6 55555.6 55555.6 55555.6 55555.6 55555.6 55555.6 55555.6 55555.6 55555.6
          55555.6 55555.6 55555.6 55555.6 55555.6 55555.6 55555.6 55555.6 55555.6 55555.6 55555.6 55555.6
          55555.6 55555.6 55555.6 55555.6 55555.6 55555.6 55555.6 55555.6 55555.6 55555.6 55555.6 55555.6
          55555.6 55555.6 55555.6 55555.6 55555.6 55555.6 55555.6 55555.6 55555.6 55555.6 55555.6 55555.6
          55555.6 55555.6 55555.6 55555.6 55555.6 55555.6 55555.6 55555.6 55555.6 55555.6 55555.6 55555.6
          55555.6 55555.6 55555.6 55555.6 55555.6 55555.6 55555.6 55555.6 55555.6 55555.6 55555.6 55555.6
          55555.6 55555.6 55555.6 55555.6 55555.6 55555.6 55555.6 55555.6 55555.6 55555.6 55555.6 55555.6
          55555.6 55555.6 55555.6 55555.6 55555.6 55555.6 55555.6 55555.6 55555.6 55555.6 55555.6 55555.6
          55555.6 55555.6 55555.6 55555.6 55555.6 55555.6 55555.6 55555.6 55555.6 55555.6 55555.6 55555.6
          55555.6 55555.6 55555.6 55555.6 55555.6 55555.6 55555.6 55555.6 55555.6 55555.6 55555.6 55555.6
          55555.6 55555.6 55555.6 55555.6 55555.6 55555.6 55555.6 55555.6 55555.6 55555.6 55555.6 55555.6
          55555.6 55555.6 55555.6 55555.6 55555.6 55555.6 55555.6 55555.6 55555.6 55555.6 55555.6 55555.6
          55555.6 55555.6 55555.6 55555.6 55555.6 55555.6 55555.6 55555.6 55555.6 55555.6 55555.6 55555.6
          55555.6 55555.6 55555.6 55555.6 55555.6 55555.6 55555.6 55555.6 55555.6 55555.6 55555.6 55555.6
          55555.6 55555.6 55555.6 55555.6 55555.6 55555.6 55555.6 55555.6 55555.6 55555.6 55555.6 55555.6
          55555.6 55555.6 55555.6 55555.6 55555.6 55555.6 55555.6 55555.6 55555.6 55555.6 55555.6 55555.6
          55555.6 55555.6 55555.6 55555.6 55555.6 55555.6 55555.6 55555.6 55555.6 55555.6 55555.6 55555.6
          55555.6 55555.6 55555.6 55555.6 55555.6 55555.6 55555.6 55555.6 55555.6 55555.6 55555.6 55555.6
          55555.6 55555.6 55555.6 55555.6 55555.6 55555.6 55555.6 55555.6 55555.6 55555.6 55555.6 55555.6
          55555.6 55555.6 55555.6 55555.6 55555.6 55555.6 55555.6 55555.6 55555.6 55555.6 55555.6 55555.6
          55555.6 55555.6 55555.6 55555.6 55555.6 55555.6 55555.6 55555.6 55555.6 55555.6 55555.6 55555.6
          55555.6 55555.6 55555.6 55555.6 55555.6 55555.6 55555.6 55555.6 55555.6 55555.6 55555.6 55555.6
          55555.6 55555.6 55555.6 55555.6 55555.6 55555.6 55555.6 55555.6 55555.6 55555.6 55555.6 55555.6
          55555.6 55555.6 55555.6 55555.6 55555.6 55555.6 55555.6 55555.6 55555.6 55555.6 55555.6 55555.6
          55555.6 55555.6 55555.6 55555.6 55555.6 55555.6 55555.6 55555.6 55555.6 55555.6 55555.6 55555.6
          55555.6 55555.6 55555.6 55555.6 55555.6 55555.6 55555.6 55555.6 55555.6 55555.6 55555.6 55555.6
          55555.6 55555.6 55555.6 55555.6 55555.6 55555.6 55555.6 55555.6 55555.6 55555.6 55555.6 55555.6
          55555.6 55555.6 55555.6 55555.6 55555.6 55555.6 55555.6 55555.6 55555.6 55555.6 55555.6 55555.6
          55555.6 55555.6 55555.6 55555.6 55555.6 55555.6 55555.6 55555.6 55555.6 55555.6 55555.6 55555.6
          55555.6 55555.6 55555.6 55555.6 55555.6 55555.6 55555.6 55555.6 55555.6 55555.6 55555.6 55555.6
          55555.6 55555.6 55555.6 55555.6 55555.6 55555.6 55555.6 55555.6 55555.6 55555.6 55555.6 55555.6
          55555.6 55555.6 55555.6 55555.6 55555.6 55555.6 55555.6 55555.6 55555.6 55555.6 55555.6 55555.6
          55555.6 55555.6 55555.6 55555.6 55555.6 55555.6 55555.6 55555.6 55555.6 55555.6 55555.6 55555.6
          55555.6 55555.6 55555.6 55555.6 55555.6 55555.6 55555.6 55555.6 55555.6 55555.6 55555.6 55555.6
          55555.6 55555.6 55555.6 55555.6 55555.6 55555.6 55555.6 55555.6 55555.6 55555.6 55555.6 55555.6
          55555.6 55555.6 55555.6 55555.6 55555.6 55555.6 55555.6 55555.6 55555.6 55555.6 55555.6 55555.6
          55555.6 55555.6 55555.6 55555.6 55555.6 55555.6 55555.6 55555.6 55555.6 55555.6 55555.6 55555.6
          55555.6 55555.6 55555.6 55555.6 55555.6 55555.6 55555.6 55555.6 55555.6 55555.6 55555.6 55555.6
          55555.6 55555.6 55555.6 55555.6 55555.6 55555.6 55555.6 55555.6 55555.6 55555.6 55555.6 55555.6
          55555.6 55555.6 55555.6 55555.6 55555.6 55555.6 55555.6 55555.6 55555.6 55555.6 55555.6 55555.6
          55555.6 55555.6 55555.6 55555.6 55555.6 55555.6 55555.6 55555.6 55555.6 55555.6 55555.6 55555.6
          55555.6 55555.6 55555.6 55555.6 55555.6 55555.6 55555.6 55555.6 55555.6 55555.6 55555.6 55555.6
          55555.6 55555.6 55555.6 55555.6 55555.6 55555.6 55555.6 55555.6 55555.6 55555.6 55555.6 55555.6
          55555.6 55555.6 55555.6 55555.6 55555.6 55555.6 55555.6 55555.6 55555.6 55555.6 55555.6 55555.6
          55555.6 55555.6 55555.6 55555.6 55555.6 55555.6 55555.6 55555.6 55555.6 55555.6 55555.6 55555.6
          55555.6 55555.6 55555.6 55555.6 55555.6 55555.6 55555.6 55555.6 55555.6 55555.6 55555.6 55555.6
          55555.6 55555.6 55555.6 55555.6 55555.6 55555.6 55555.6 55555.6 55555.6 55555.6 55555.6 55555.6
          55555.6 55555.6 55555.6 55555.6 55555.6 55555.6 55555.6 55555.6 55555.6 55555.6 55555.6 55555.6
          55555.6 55555.6 55555.6 55555.6 55555.6 55555.6 55555.6 55555.6 55555.6 55555.6 55555.6 55555.6
          55555.6 55555.6 55555.6 55555.6 55555.6 55555.6 55555.6 55555.6 55555.6 55555.6 55555.6 55555.6
          55555.6 55555.6 55555.6 55555.6 55555.6 55555.6 55555.6 55555.6 55555.6 55555.6 55555.6 55555.6
          55555.6 55555.6 55555.6 55555.6 55555.6 55555.6 55555.6 55555.6 55555.6 55555.6 55555.6 55555.6
          55555.6 55555.6 55555.6 55555.6 55555.6 55555.6 55555.6 55555.6 55555.6 55555.6 55555.6 55555.6
          55555.6 55555.6 55555.6 55555.6 55555.6 55555.6 55555.6 55555.6 55555.6 55555.6 55555.6 55555.6
          55555.6 55555.6 55555.6 55555.6 55555.6 55555.6 55555.6 55555.6 55555.6 55555.6 55555.6 55555.6
          55555.6 55555.6 55555.6 55555.6 55555.6 55555.6 55555.6 55555.6 55555.6 55555.6 55555.6 55555.6
          55555.6 55555.6 55555.6 55555.6 55555.6 55555.6 55555.6 55555.6 55555.6 55555.6 55555.6 55555.6
          55555.6 55555.6 55555.6 55555.6 55555.6 55555.6 55555.6 55555.6 55555.6 55555.6 55555.6 55555.6
          55555.6 55555.6 55555.6 55555.6 55555.6 55555.6 55555.6 55555.6 55555.6 55555.6 55555.6 55555.6
          55555.6 55555.6 55555.6 55555.6 55555.6 55555.6 55555.6 55555.6 55555.6 55555.6 55555.6 55555.6
          55555.6 55555.6 55555.6 55555.6 55555.6 55555.6 55555.6 55555.6 55555.6 55555.6 55555.6 55555.6
          55555.6 55555.6 55555.6 55555.6 55555.6 55555.6 55555.6 55555.6 55555.6 55555.6 55555.6 55555.6
          55555.6 55555.6 55555.6 55555.6 55555.6 55555.6 55555.6 55555.6 55555.6 55555.6 55555.6 55555.6
          55555.6 55555.6 55555.6 55555.6 55555.6 55555.6 55555.6 55555.6 55555.6 55555.6 55555.6 55555.6
          55555.6 55555.6 55555.6 55555.6 55555.6 55555.6 55555.6 55555.6 55555.6 55555.6 55555.6 55555.6
          55555.6 55555.6 55555.6 55555.6 55555.6 55555.6 55555.6 55555.6 55555.6 55555.6 55555.6 55555.6
          55555.6 55555.6 55555.6 55555.6 55555.6 55555.6 55555.6 55555.6 55555.6 55555.6 55555.6 55555.6
          55555.6 55555.6 55555.6 55555.6 55555.6 55555.6 55555.6 55555.6 55555.6 55555.6 55555.6 55555.6
          55555.6 55555.6 55555.6 55555.6 55555.6 55555.6 55555.6 55555.6 55555.6 55555.6 55555.6 55555.6
          55555.6 55555.6 55555.6 55555.6 55555.6 55555.6 55555.6 55555.6 55555.6 55555.6 55555.6 55555.6
          55555.6 55555.6 55555.6 55555.6 55555.6 55555.6 55555.6 55555.6 55555.6 55555.6 55555.6 55555.6
          55555.6 55555.6 55555.6 55555.6 55555.6 55555.6 55555.6 55555.6 55555.6 55555.6 55555.6 55555.6
          55555.6 55555.6 55555.6 55555.6 55555.6 55555.6 55555.6 55555.6 55555.6 55555.6 55555.6 55555.6
          55555.6 55555.6 55555.6 55555.6 55555.6 55555.6 55555.6 55555.6 55555.6 55555.6 55555.6 55555.6
          55555.6 55555.6 55555.6 55555.6 55555.6 55555.6 55555.6 55555.6 55555.6 55555.6 55555.6 55555.6
          55555.6 55555.6 55555.6 55555.6 55555.6 55555.6 55555.6 55555.6 55555.6 55555.6 55555.6 55555.6
          55555.6 55555.6 55555.6 55555.6 55555.6 55555.6 55555.6 55555.6 55555.6 55555.6 55555.6 55555.6
          55555.6 55555.6 55555.6 55555.6 55555.6 55555.6 55555.6 55555.6 55555.6 55555.6 55555.6 55555.6
          55555.6 55555.6 55555.6 55555.6 55555.6 55555.6 55555.6 55555.6 55555.6 55555.6 55555.6 55555.6
          55555.6 55555.6 55555.6 55555.6 55555.6 55555.6 55555.6 55555.6 55555.6 55555.6 55555.6 55555.6
          55555.6 55555.6 55555.6 55555.6 55555.6 55555.6 55555.6 55555.6 55555.6 55555.6 55555.6 55555.6
          55555.6 55555.6 55555.6 55555.6 55555.6 55555.6 55555.6 55555.6 55555.6 55555.6 55555.6 55555.6
          55555.6 55555.6 55555.6 55555.6 55555.6 55555.6 55555.6 55555.6 55555.6 55555.6 55555.6 55555.6
          55555.6 55555.6 55555.6 55555.6 55555.6 55555.6 55555.6 55555.6 55555.6 55555.6 55555.6 55555.6
          55555.6 55555.6 55555.6 55555.6 55555.6 55555.6 55555.6 55555.6 55555.6 55555.6 55555.6 55555.6
          55555.6 55555.6 55555.6 55555.6 55555.6 55555.6 55555.6 55555.6 55555.6 55555.6 55555.6 55555.6
          55555.6 55555.6 55555.6 55555.6 55555.6 55555.6 55555.6 55555.6 55555.6 55555.6 55555.6 55555.6
          55555.6 55555.6 55555.6 55555.6 55555.6 55555.6 55555.6 55555.6 55555.6 55555.6 55555.6 55555.6
          55555.6 55555.6 55555.6 55555.6 55555.6 55555.6 55555.6 55555.6 55555.6 55555.6 55555.6 55555.6
          55555.6 55555.6 55555.6 55555.6 55555.6 55555.6 55555.6 55555.6 55555.6 55555.6 55555.6 55555.6
          55555.6 55555.6 55555.6 55555.6 55555.6 55555.6 55555.6 55555.6 55555.6 55555.6 55555.6 55555.6
          55555.6 55555.6 55555.6 55555.6 55555.6 55555.6 55555.6 55555.6 55555.6 55555.6 55555.6 55555.6
          55555.6 55555.6 55555.6 55555.6 55555.6 55555.6 55555.6 55555.6 55555.6 55555.6 55555.6 55555.6
          55555.6 55555.6 55555.6 55555.6 55555.6 55555.6 55555.6 55555.6 55555.6 55555.6 55555.6 55555.6
          55555.6 55555.6 55555.6 55555.6 55555.6 55555.6 55555.6 55555.6 55555.6 55555.6 55555.6 55555.6
          55555.6 55555.6 55555.6 55555.6 55555.6 55555.6 55555.6 55555.6 55555.6 55555.6 55555.6 55555.6
          55555.6 55555.6 55555.6 55555.6 55555.6 55555.6 55555.6 55555.6 55555.6 55555.6 55555.6 55555.6
          55555.6 55555.6 55555.6 55555.6 55555.6 55555.6 55555.6 55555.6 55555.6 55555.6 55555.6 55555.6
          55555.6 55555.6 55555.6 55555.6 55555.6 55555.6 55555.6 55555.6 55555.6 55555.6 55555.6 55555.6
          55555.6 55555.6 55555.6 55555.6 55555.6 55555.6 55555.6 55555.6 55555.6 55555.6 55555.6 55555.6
          55555.6 55555.6 55555.6 55555.6 55555.6 55555.6 55555.6 55555.6 55555.6 55555.6 55555.6 55555.6
          55555.6 55555.6 55555.6 55555.6 55555.6 55555.6 55555.6 55555.6 55555.6 55555.6 55555.6 55555.6
          55555.6 55555.6 55555.6 55555.6 55555.6 55555.6 55555.6 55555.6 55555.6 55555.6 55555.6 55555.6
          55555.6 55555.6 55555.6 55555.6 55555.6 55555.6 55555.6 55555.6 55555.6 55555.6 55555.6 55555.6
          55555.6 55555.6 55555.6 55555.6 55555.6 55555.6 55555.6 55555.6 55555.6 55555.6 55555.6 55555.6
          55555.6 55555.6 55555.6 55555.6 55555.6 55555.6 55555.6 55555.6 55555.6 55555.6 55555.6 55555.6
          55555.6 55555.6 55555.6 55555.6 55555.6 55555.6 55555.6 55555.6 55555.6 55555.6 55555.6 55555.6
          55555.6 55555.6 55555.6 55555.6 55555.6 55555.6 55555.6 55555.6 55555.6 55555.6 55555.6 55555.6
          55555.6 55555.6 55555.6 55555.6 55555.6 55555.6 55555.6 55555.6 55555.6 55555.6 55555.6 55555.6
          55555.6 55555.6 55555.6 55555.6 55555.6 55555.6 55555.6 55555.6 55555.6 55555.6 55555.6 55555.6
          55555.6 55555.6 55555.6 55555.6 55555.6 55555.6 55555.6 55555.6 55555.6 55555.6 55555.6 55555.6
          55555.6 55555.6 55555.6 55555.6 55555.6 55555.6 55555.6 55555.6 55555.6 55555.6 55555.6 55555.6
          55555.6 55555.6 55555.6 55555.6 55555.6 55555.6 55555.6 55555.6 55555.6 55555.6 55555.6 55555.6
          55555.6 55555.6 55555.6 55555.6 55555.6 55555.6 55555.6 55555.6 55555.6 55555.6 55555.6 55555.6
          55555.6 55555.6 55555.6 55555.6 55555.6 55555.6 55555.6 55555.6 55555.6 55555.6 55555.6 55555.6
          55555.6 55555.6 55555.6 55555.6 55555.6 55555.6 55555.6 55555.6 55555.6 55555.6 55555.6 55555.6
          55555.6 55555.6 55555.6 55555.6 55555.6 55555.6 55555.6 55555.6 55555.6 55555.6 55555.6 55555.6
          55555.6 55555.6 55555.6 55555.6 55555.6 55555.6 55555.6 55555.6 55555.6 55555.6 55555.6 55555.6
          55555.6 55555.6 55555.6 55555.6 55555.6 55555.6 55555.6 55555.6 55555.6 55555.6 55555.6 55555.6
          55555.6 55555.6 55555.6 55555.6 55555.6 55555.6 55555.6 55555.6 55555.6 55555.6 55555.6 55555.6
          55555.6 55555.6 55555.6 55555.6 55555.6 55555.6 55555.6 55555.6 55555.6 55555.6 55555.6 55555.6
          55555.6 55555.6 55555.6 55555.6 55555.6 55555.6 55555.6 55555.6 55555.6 55555.6 55555.6 55555.6
          55555.6 55555.6 55555.6 55555.6 55555.6 55555.6 55555.6 55555.6 55555.6 55555.6 55555.6 55555.6
          55555.6 55555.6 55555.6 55555.6 55555.6 55555.6 55555.6 55555.6 55555.6 55555.6 55555.6 55555.6
          55555.6 55555.6 55555.6 55555.6 55555.6 55555.6 55555.6 55555.6 55555.6 55555.6 55555.6 55555.6
          55555.6 55555.6 55555.6 55555.6 55555.6 55555.6 55555.6 55555.6 55555.6 55555.6 55555.6 55555.6
          55555.6 55555.6 55555.6 55555.6 55555.6 55555.6 55555.6 55555.6 55555.6 55555.6 55555.6 55555.6
          55555.6 55555.6 55555.6 55555.6 55555.6 55555.6 55555.6 55555.6 55555.6 55555.6 55555.6 55555.6
          55555.6 55555.6 55555.6 55555.6 55555.6 55555.6 55555.6 55555.6 55555.6 55555.6 55555.6 55555.6
          55555.6 55555.6 55555.6 55555.6 55555.6 55555.6 55555.6 55555.6 55555.6 55555.6 55555.6 55555.6
          55555.6 55555.6 55555.6 55555.6 55555.6 55555.6 55555.6 55555.6 55555.6 55555.6 55555.6 55555.6
          55555.6 55555.6 55555.6 55555.6 55555.6 55555.6 55555.6 55555.6 55555.6 55555.6 55555.6 55555.6
          55555.6 55555.6 55555.6 55555.6 55555.6 55555.6 55555.6 55555.6 55555.6 55555.6 55555.6 55555.6
          55555.6 55555.6 55555.6 55555.6 55555.6 55555.6 55555.6 55555.6 55555.6 55555.6 55555.6 55555.6
          55555.6 55555.6 55555.6 55555.6 55555.6 55555.6 55555.6 55555.6 55555.6 55555.6 55555.6 55555.6
          55555.6 55555.6 55555.6 55555.6 55555.6 55555.6 55555.6 55555.6 55555.6 55555.6 55555.6 55555.6
          55555.6 55555.6 55555.6 55555.6 55555.6 55555.6 55555.6 55555.6 55555.6 55555.6 55555.6 55555.6
          55555.6 55555.6 55555.6 55555.6 55555.6 55555.6 55555.6 55555.6 55555.6 55555.6 55555.6 55555.6
          55555.6 55555.6 55555.6 55555.6 55555.6 55555.6 55555.6 55555.6 55555.6 55555.6 55555.6 55555.6
          55555.6 55555.6 55555.6 55555.6 55555.6 55555.6 55555.6 55555.6 55555.6 55555.6 55555.6 55555.6
          55555.6 55555.6 55555.6 55555.6 55555.6 55555.6 55555.6 55555.6 55555.6 55555.6 55555.6 55555.6
          55555.6 55555.6 55555.6 55555.6 55555.6 55555.6 55555.6 55555.6 55555.6 55555.6 55555.6 55555.6
          55555.6 55555.6 55555.6 55555.6 55555.6 55555.6 55555.6 55555.6 55555.6 55555.6 55555.6 55555.6
          55555.6 55555.6 55555.6 55555.6 55555.6 55555.6 55555.6 55555.6 55555.6 55555.6 55555.6 55555.6
          55555.6 55555.6 55555.6 55555.6 55555.6 55555.6 55555.6 55555.6 55555.6 55555.6 55555.6 55555.6
          55555.6 55555.6 55555.6 55555.6 55555.6 55555.6 55555.6 55555.6 55555.6 55555.6 55555.6 55555.6
          55555.6 55555.6 55555.6 55555.6 55555.6 55555.6 55555.6 55555.6 55555.6 55555.6 55555.6 55555.6
          55555.6 55555.6 55555.6 55555.6 55555.6 55555.6 55555.6 55555.6 55555.6 55555.6 55555.6 55555.6
          55555.6 55555.6 55555.6 55555.6 55555.6 55555.6 55555.6 55555.6 55555.6 55555.6 55555.6 55555.6
          55555.6 55555.6 55555.6 55555.6 55555.6 55555.6 55555.6 55555.6 55555.6 55555.6 55555.6 55555.6
          55555.6 55555.6 55555.6 55555.6 55555.6 55555.6 55555.6 55555.6 55555.6 55555.6 55555.6 55555.6
          55555.6 55555.6 55555.6 55555.6 55555.6 55555.6 55555.6 55555.6 55555.6 55555.6 55555.6 55555.6
          55555.6 55555.6 55555.6 55555.6 55555.6 55555.6 55555.6 55555.6 55555.6 55555.6 55555.6 55555.6
          55555.6 55555.6 55555.6 55555.6 55555.6 55555.6 55555.6 55555.6 55555.6 55555.6 55555.6 55555.6
          55555.6 55555.6 55555.6 55555.6 55555.6 55555.6 55555.6 55555.6 55555.6 55555.6 55555.6 55555.6
          55555.6 55555.6 55555.6 55555.6 55555.6 55555.6 55555.6 55555.6 55555.6 55555.6 55555.6 55555.6
          55555.6 55555.6 55555.6 55555.6 55555.6 55555.6 55555.6 55555.6 55555.6 55555.6 55555.6 55555.6
          55555.6 55555.6 55555.6 55555.6 55555.6 55555.6 55555.6 55555.6 55555.6 55555.6 55555.6 55555.6
          55555.6 55555.6 55555.6 55555.6 55555.6 55555.6 55555.6 55555.6 55555.6 55555.6 55555.6 55555.6
          55555.6 55555.6 55555.6 55555.6 55555.6 55555.6 55555.6 55555.6 55555.6 55555.6 55555.6 55555.6
          55555.6 55555.6 55555.6 55555.6 55555.6 55555.6 55555.6 55555.6 55555.6 55555.6 55555.6 55555.6
          55555.6 55555.6 55555.6 55555.6 55555.6 55555.6 55555.6 55555.6 55555.6 55555.6 55555.6 55555.6
          55555.6 55555.6 55555.6 55555.6 55555.6 55555.6 55555.6 55555.6 55555.6 55555.6 55555.6 55555.6
          55555.6 55555.6 55555.6 55555.6 55555.6 55555.6 55555.6 55555.6 55555.6 55555.6 55555.6 55555.6
          55555.6 55555.6 55555.6 55555.6 55555.6 55555.6 55555.6 55555.6 55555.6 55555.6 55555.6 55555.6
          55555.6 55555.6 55555.6 55555.6 55555.6 55555.6 55555.6 55555.6 55555.6 55555.6 55555.6 55555.6
          55555.6 55555.6 55555.6 55555.6 55555.6 55555.6 55555.6 55555.6 55555.6 55555.6 55555.6 55555.6
          55555.6 55555.6 55555.6 55555.6 55555.6 55555.6 55555.6 55555.6 55555.6 55555.6 55555.6 55555.6
          55555.6 55555.6 55555.6 55555.6 55555.6 55555.6 55555.6 55555.6 55555.6 55555.6 55555.6 55555.6
          55555.6 55555.6 55555.6 55555.6 55555.6 55555.6 55555.6 55555.6 55555.6 55555.6 55555.6 55555.6
          55555.6 55555.6 55555.6 55555.6 55555.6 55555.6 55555.6 55555.6 55555.6 55555.6 55555.6 55555.6
          55555.6 55555.6 55555.6 55555.6 55555.6 55555.6 55555.6 55555.6 55555.6 55555.6 55555.6 55555.6
          55555.6 55555.6 55555.6 55555.6 55555.6 55555.6 55555.6 55555.6 55555.6 55555.6 55555.6 55555.6
          55555.6 55555.6 55555.6 55555.6 55555.6 55555.6 55555.6 55555.6 55555.6 55555.6 55555.6 55555.6
          55555.6 55555.6 55555.6 55555.6 55555.6 55555.6 55555.6 55555.6 55555.6 55555.6 55555.6 55555.6
          55555.6 55555.6 55555.6 55555.6 55555.6 55555.6 55555.6 55555.6 55555.6 55555.6 55555.6 55555.6
          55555.6 55555.6 55555.6 55555.6 55555.6 55555.6 55555.6 55555.6 55555.6 55555.6 55555.6 55555.6
          55555.6 55555.6 55555.6 55555.6 55555.6 55555.6 55555.6 55555.6 55555.6 55555.6 55555.6 55555.6
          55555.6 55555.6 55555.6 55555.6 55555.6 55555.6 55555.6 55555.6 55555.6 55555.6 55555.6 55555.6
          55555.6 55555.6 55555.6 55555.6 55555.6 55555.6 55555.6 55555.6 55555.6 55555.6 55555.6 55555.6
          55555.6 55555.6 55555.6 55555.6 55555.6 55555.6 55555.6 55555.6 55555.6 55555.6 55555.6 55555.6
          55555.6 55555.6 55555.6 55555.6 55555.6 55555.6 55555.6 55555.6 55555.6 55555.6 55555.6 55555.6
          55555.6 55555.6 55555.6 55555.6 55555.6 55555.6 55555.6 55555.6 55555.6 55555.6 55555.6 55555.6
          55555.6 55555.6 55555.6 55555.6 55555.6 55555.6 55555.6 55555.6 55555.6 55555.6 55555.6 55555.6
          55555.6 55555.6 55555.6 55555.6
        </DataArray>
        <DataArray type="Float32" Name="x^SimpleH2O_gas" NumberOfComponents="1" format="ascii">
          4.90002e-06 4.89849e-06 4.87736e-06 4.87584e-06 4.89696e-06 4.87431e-06 4.89541e-06 4.87278e-06 4.89386e-06 4.87123e-06 4.8923e-06 4.86967e-06
          4.89072e-06 4.86811e-06 4.88914e-06 4.86653e-06 4.88755e-06 4.86495e-06 4.88595e-06 4.86336e-06 4.88434e-06 4.86175e-06 4.88272e-06 4.86014e-06
          4.88109e-06 4.85852e-06 4.87945e-06 4.85689e-06 4.87781e-06 4.85525e-06 4.87615e-06 4.85361e-06 4.87449e-06 4.85195e-06 4.87282e-06 4.85029e-06
          4.87114e-06 4.84861e-06 4.86945e-06 4.84693e-06 4.86775e-06 4.84525e-06 4.86605e-06 4.84355e-06 4.86434e-06 4.84185e-06 4.86262e-06 4.84013e-06
          4.86089e-06 4.83841e-06 4.85916e-06 4.83669e-06 4.85741e-06 4.83495e-06 4.85566e-06 4.83321e-06 4.85391e-06 4.83146e-06 4.85214e-06 4.82971e-06
          4.85037e-06 4.82795e-06 4.8486e-06 4.82618e-06 4.84682e-06 4.82441e-06 4.84503e-06 4.82262e-06 4.84323e-06 4.82084e-06 4.84143e-06 4.81905e-06
          4.83963e-06 4.81725e-06 4.83782e-06 4.81545e-06 4.836e-06 4.81364e-06 4.83418e-06 4.81183e-06 4.83235e-06 4.81001e-06 4.83052e-06 4.80819e-06
          4.82869e-06 4.80636e-06 4.82685e-06 4.80453e-06 4.82501e-06 4.8027e-06 4.82316e-06 4.80086e-06 4.82131e-06 4.79902e-06 4.81946e-06 4.79717e-06
          4.81761e-06 4.79533e-06 4.81575e-06 4.79348e-06 4.81389e-06 4.79163e-06 4.81203e-06 4.78977e-06 4.81016e-06 4.78792e-06 4.8083e-06 4.78606e-06
          4.80643e-06 4.7842e-06 4.80456e-06 4.78235e-06 4.8027e-06 4.78049e-06 4.80083e-06 4.77862e-06 4.79896e-06 4.77676e-06 4.79709e-06 4.7749e-06
          4.79522e-06 4.77304e-06 4.79335e-06 4.77118e-06 4.79149e-06 4.76932e-06 4.78962e-06 4.76747e-06 4.78775e-06 4.76561e-06 4.78589e-06 4.76375e-06
          4.78403e-06 4.7619e-06 4.78217e-06 4.76005e-06 4.78031e-06 4.7582e-06 4.77845e-06 4.75635e-06 4.7766e-06 4.7545e-06 4.77475e-06 4.75266e-06
          4.7729e-06 4.75082e-06 4.77105e-06 4.74899e-06 4.76921e-06 4.74715e-06 4.76737e-06 4.74532e-06 4.85488e-06 4.85337e-06 4.85185e-06 4.85032e-06
          4.84878e-06 4.84723e-06 4.84567e-06 4.8441e-06 4.84253e-06 4.84094e-06 4.83935e-06 4.83774e-06 4.83613e-06 4.83451e-06 4.83287e-06 4.83124e-06
          4.82959e-06 4.82793e-06 4.82627e-06 4.82459e-06 4.82291e-06 4.82122e-06 4.81953e-06 4.81782e-06 4.81611e-06 4.81439e-06 4.81266e-06 4.81093e-06
          4.80919e-06 4.80744e-06 4.80569e-06 4.80393e-06 4.80216e-06 4.80039e-06 4.79861e-06 4.79682e-06 4.79503e-06 4.79324e-06 4.79144e-06 4.78963e-06
          4.78782e-06 4.78601e-06 4.78419e-06 4.78237e-06 4.78054e-06 4.77871e-06 4.77688e-06 4.77504e-06 4.7732e-06 4.77136e-06 4.76952e-06 4.76767e-06
          4.76582e-06 4.76397e-06 4.76212e-06 4.76027e-06 4.75842e-06 4.75656e-06 4.75471e-06 4.75286e-06 4.751e-06 4.74915e-06 4.7473e-06 4.74545e-06
          4.7436e-06 4.74175e-06 4.7399e-06 4.73806e-06 4.73622e-06 4.73438e-06 4.73254e-06 4.7307e-06 4.72887e-06 4.72704e-06 4.72522e-06 4.72339e-06
          4.83259e-06 4.83108e-06 4.82957e-06 4.82804e-06 4.82651e-06 4.82497e-06 4.82342e-06 4.82185e-06 4.82028e-06 4.8187e-06 4.81712e-06 4.81552e-06
          4.81391e-06 4.8123e-06 4.81067e-06 4.80904e-06 4.8074e-06 4.80575e-06 4.80409e-06 4.80243e-06 4.80075e-06 4.79907e-06 4.79738e-06 4.79568e-06
          4.79398e-06 4.79226e-06 4.79054e-06 4.78882e-06 4.78708e-06 4.78534e-06 4.7836e-06 4.78184e-06 4.78008e-06 4.77832e-06 4.77654e-06 4.77476e-06
          4.77298e-06 4.77119e-06 4.7694e-06 4.7676e-06 4.7658e-06 4.76399e-06 4.76218e-06 4.76036e-06 4.75854e-06 4.75672e-06 4.75489e-06 4.75306e-06
          4.75123e-06 4.74939e-06 4.74755e-06 4.74571e-06 4.74387e-06 4.74203e-06 4.74018e-06 4.73834e-06 4.73649e-06 4.73464e-06 4.7328e-06 4.73095e-06
          4.7291e-06 4.72726e-06 4.72541e-06 4.72357e-06 4.72172e-06 4.71988e-06 4.71804e-06 4.7162e-06 4.71437e-06 4.71253e-06 4.7107e-06 4.70887e-06
          4.70705e-06 4.70523e-06 4.70341e-06 4.70159e-06 4.81047e-06 4.80897e-06 4.80746e-06 4.80594e-06 4.80442e-06 4.80288e-06 4.80133e-06 4.79978e-06
          4.79822e-06 4.79664e-06 4.79506e-06 4.79347e-06 4.79187e-06 4.79026e-06 4.78864e-06 4.78702e-06 4.78538e-06 4.78374e-06 4.78209e-06 4.78043e-06
          4.77876e-06 4.77709e-06 4.7754e-06 4.77371e-06 4.77201e-06 4.77031e-06 4.76859e-06 4.76687e-06 4.76514e-06 4.76341e-06 4.76167e-06 4.75992e-06
          4.75817e-06 4.75641e-06 4.75464e-06 4.75287e-06 4.75109e-06 4.74931e-06 4.74752e-06 4.74572e-06 4.74393e-06 4.74212e-06 4.74032e-06 4.73851e-06
          4.73669e-06 4.73487e-06 4.73305e-06 4.73123e-06 4.7294e-06 4.72757e-06 4.72574e-06 4.7239e-06 4.72206e-06 4.72023e-06 4.71839e-06 4.71655e-06
          4.71471e-06 4.71286e-06 4.71102e-06 4.70918e-06 4.70734e-06 4.7055e-06 4.70366e-06 4.70182e-06 4.69998e-06 4.69814e-06 4.69631e-06 4.69448e-06
          4.69265e-06 4.69082e-06 4.68899e-06 4.68717e-06 4.68535e-06 4.68353e-06 4.68172e-06 4.67991e-06 4.78852e-06 4.78703e-06 4.78553e-06 4.78402e-06
          4.7825e-06 4.78097e-06 4.77943e-06 4.77788e-06 4.77632e-06 4.77476e-06 4.77318e-06 4.7716e-06 4.77e-06 4.7684e-06 4.76679e-06 4.76517e-06
          4.76354e-06 4.7619e-06 4.76026e-06 4.7586e-06 4.75694e-06 4.75527e-06 4.75359e-06 4.75191e-06 4.75022e-06 4.74852e-06 4.74681e-06 4.74509e-06
          4.74337e-06 4.74164e-06 4.7399e-06 4.73816e-06 4.73641e-06 4.73466e-06 4.7329e-06 4.73113e-06 4.72936e-06 4.72758e-06 4.72579e-06 4.72401e-06
          4.72221e-06 4.72042e-06 4.71861e-06 4.71681e-06 4.715e-06 4.71318e-06 4.71136e-06 4.70954e-06 4.70772e-06 4.70589e-06 4.70407e-06 4.70224e-06
          4.7004e-06 4.69857e-06 4.69673e-06 4.6949e-06 4.69306e-06 4.69122e-06 4.68939e-06 4.68755e-06 4.68571e-06 4.68387e-06 4.68204e-06 4.6802e-06
          4.67837e-06 4.67654e-06 4.67471e-06 4.67288e-06 4.67105e-06 4.66923e-06 4.66741e-06 4.66559e-06 4.66377e-06 4.66196e-06 4.66015e-06 4.65835e-06
          4.76675e-06 4.76527e-06 4.76377e-06 4.76227e-06 4.76075e-06 4.75923e-06 4.7577e-06 4.75616e-06 4.7546e-06 4.75304e-06 4.75147e-06 4.74989e-06
          4.74831e-06 4.74671e-06 4.7451e-06 4.74349e-06 4.74187e-06 4.74024e-06 4.7386e-06 4.73695e-06 4.73529e-06 4.73363e-06 4.73195e-06 4.73027e-06
          4.72859e-06 4.72689e-06 4.72519e-06 4.72348e-06 4.72176e-06 4.72004e-06 4.7183e-06 4.71657e-06 4.71482e-06 4.71307e-06 4.71131e-06 4.70955e-06
          4.70778e-06 4.70601e-06 4.70423e-06 4.70245e-06 4.70066e-06 4.69886e-06 4.69706e-06 4.69526e-06 4.69345e-06 4.69164e-06 4.68983e-06 4.68801e-06
          4.68619e-06 4.68437e-06 4.68254e-06 4.68071e-06 4.67889e-06 4.67705e-06 4.67522e-06 4.67339e-06 4.67155e-06 4.66972e-06 4.66789e-06 4.66605e-06
          4.66422e-06 4.66238e-06 4.66055e-06 4.65872e-06 4.65689e-06 4.65506e-06 4.65323e-06 4.65141e-06 4.64958e-06 4.64776e-06 4.64595e-06 4.64413e-06
          4.64232e-06 4.64051e-06 4.63871e-06 4.63691e-06 4.74516e-06 4.74368e-06 4.74219e-06 4.74069e-06 4.73918e-06 4.73767e-06 4.73614e-06 4.7346e-06
          4.73306e-06 4.7315e-06 4.72994e-06 4.72836e-06 4.72678e-06 4.72519e-06 4.72359e-06 4.72198e-06 4.72036e-06 4.71874e-06 4.7171e-06 4.71546e-06
          4.71381e-06 4.71215e-06 4.71048e-06 4.70881e-06 4.70712e-06 4.70543e-06 4.70373e-06 4.70203e-06 4.70032e-06 4.69859e-06 4.69687e-06 4.69513e-06
          4.69339e-06 4.69165e-06 4.68989e-06 4.68813e-06 4.68637e-06 4.6846e-06 4.68282e-06 4.68104e-06 4.67925e-06 4.67746e-06 4.67567e-06 4.67387e-06
          4.67206e-06 4.67025e-06 4.66844e-06 4.66663e-06 4.66481e-06 4.66299e-06 4.66116e-06 4.65934e-06 4.65751e-06 4.65568e-06 4.65385e-06 4.65202e-06
          4.65019e-06 4.64835e-06 4.64652e-06 4.64469e-06 4.64286e-06 4.64102e-06 4.63919e-06 4.63736e-06 4.63554e-06 4.63371e-06 4.63188e-06 4.63006e-06
          4.62824e-06 4.62642e-06 4.62461e-06 4.6228e-06 4.62099e-06 4.61919e-06 4.61738e-06 4.61559e-06 4.72374e-06 4.72227e-06 4.72078e-06 4.71929e-06
          4.71779e-06 4.71627e-06 4.71475e-06 4.71322e-06 4.71168e-06 4.71013e-06 4.70857e-06 4.707e-06 4.70543e-06 4.70384e-06 4.70224e-06 4.70064e-06
          4.69903e-06 4.69741e-06 4.69578e-06 4.69414e-06 4.69249e-06 4.69084e-06 4.68918e-06 4.6875e-06 4.68582e-06 4.68414e-06 4.68244e-06 4.68074e-06
          4.67903e-06 4.67732e-06 4.67559e-06 4.67386e-06 4.67212e-06 4.67038e-06 4.66863e-06 4.66687e-06 4.66511e-06 4.66334e-06 4.66157e-06 4.65979e-06
          4.658e-06 4.65621e-06 4.65442e-06 4.65262e-06 4.65082e-06 4.64901e-06 4.6472e-06 4.64539e-06 4.64357e-06 4.64175e-06 4.63993e-06 4.6381e-06
          4.63628e-06 4.63445e-06 4.63262e-06 4.63079e-06 4.62896e-06 4.62712e-06 4.62529e-06 4.62346e-06 4.62163e-06 4.6198e-06 4.61797e-06 4.61614e-06
          4.61431e-06 4.61249e-06 4.61066e-06 4.60884e-06 4.60702e-06 4.60521e-06 4.60339e-06 4.60159e-06 4.59978e-06 4.59798e-06 4.59618e-06 4.59438e-06
          4.70249e-06 4.70102e-06 4.69954e-06 4.69805e-06 4.69656e-06 4.69505e-06 4.69353e-06 4.69201e-06 4.69047e-06 4.68893e-06 4.68737e-06 4.68581e-06
          4.68424e-06 4.68266e-06 4.68107e-06 4.67947e-06 4.67786e-06 4.67624e-06 4.67462e-06 4.67299e-06 4.67134e-06 4.66969e-06 4.66803e-06 4.66637e-06
          4.66469e-06 4.66301e-06 4.66132e-06 4.65962e-06 4.65791e-06 4.6562e-06 4.65448e-06 4.65275e-06 4.65102e-06 4.64927e-06 4.64753e-06 4.64577e-06
          4.64401e-06 4.64224e-06 4.64047e-06 4.63869e-06 4.63691e-06 4.63512e-06 4.63333e-06 4.63153e-06 4.62973e-06 4.62792e-06 4.62611e-06 4.6243e-06
          4.62248e-06 4.62066e-06 4.61884e-06 4.61701e-06 4.61518e-06 4.61336e-06 4.61153e-06 4.60969e-06 4.60786e-06 4.60603e-06 4.6042e-06 4.60236e-06
          4.60053e-06 4.5987e-06 4.59687e-06 4.59504e-06 4.59322e-06 4.59139e-06 4.58957e-06 4.58775e-06 4.58593e-06 4.58411e-06 4.5823e-06 4.58049e-06
          4.57869e-06 4.57689e-06 4.57509e-06 4.5733e-06 4.68141e-06 4.67995e-06 4.67847e-06 4.67699e-06 4.6755e-06 4.674e-06 4.67249e-06 4.67097e-06
          4.66943e-06 4.6679e-06 4.66635e-06 4.66479e-06 4.66322e-06 4.66164e-06 4.66006e-06 4.65846e-06 4.65686e-06 4.65525e-06 4.65363e-06 4.652e-06
          4.65036e-06 4.64871e-06 4.64706e-06 4.64539e-06 4.64372e-06 4.64204e-06 4.64035e-06 4.63866e-06 4.63695e-06 4.63524e-06 4.63352e-06 4.6318e-06
          4.63007e-06 4.62833e-06 4.62658e-06 4.62483e-06 4.62307e-06 4.6213e-06 4.61953e-06 4.61775e-06 4.61597e-06 4.61418e-06 4.61239e-06 4.61059e-06
          4.60878e-06 4.60698e-06 4.60517e-06 4.60335e-06 4.60153e-06 4.59971e-06 4.59789e-06 4.59606e-06 4.59423e-06 4.5924e-06 4.59057e-06 4.58874e-06
          4.5869e-06 4.58507e-06 4.58324e-06 4.5814e-06 4.57957e-06 4.57773e-06 4.5759e-06 4.57407e-06 4.57224e-06 4.57042e-06 4.56859e-06 4.56677e-06
          4.56495e-06 4.56314e-06 4.56133e-06 4.55952e-06 4.55771e-06 4.55591e-06 4.55412e-06 4.55233e-06 4.6605e-06 4.65904e-06 4.65757e-06 4.6561e-06
          4.65461e-06 4.65311e-06 4.65161e-06 4.65009e-06 4.64856e-06 4.64703e-06 4.64549e-06 4.64393e-06 4.64237e-06 4.6408e-06 4.63922e-06 4.63763e-06
          4.63603e-06 4.63442e-06 4.6328e-06 4.63117e-06 4.62954e-06 4.6279e-06 4.62624e-06 4.62458e-06 4.62291e-06 4.62124e-06 4.61955e-06 4.61786e-06
          4.61616e-06 4.61445e-06 4.61273e-06 4.61101e-06 4.60928e-06 4.60754e-06 4.60579e-06 4.60404e-06 4.60228e-06 4.60051e-06 4.59874e-06 4.59696e-06
          4.59518e-06 4.59339e-06 4.59159e-06 4.58979e-06 4.58799e-06 4.58618e-06 4.58437e-06 4.58255e-06 4.58073e-06 4.57891e-06 4.57708e-06 4.57525e-06
          4.57342e-06 4.57159e-06 4.56975e-06 4.56792e-06 4.56608e-06 4.56424e-06 4.56241e-06 4.56057e-06 4.55873e-06 4.5569e-06 4.55506e-06 4.55323e-06
          4.5514e-06 4.54957e-06 4.54774e-06 4.54592e-06 4.5441e-06 4.54228e-06 4.54047e-06 4.53866e-06 4.53686e-06 4.53506e-06 4.53326e-06 4.53147e-06
          4.63976e-06 4.6383e-06 4.63684e-06 4.63537e-06 4.63389e-06 4.63239e-06 4.63089e-06 4.62938e-06 4.62786e-06 4.62633e-06 4.62479e-06 4.62324e-06
          4.62168e-06 4.62012e-06 4.61854e-06 4.61695e-06 4.61536e-06 4.61375e-06 4.61214e-06 4.61052e-06 4.60888e-06 4.60724e-06 4.60559e-06 4.60394e-06
          4.60227e-06 4.6006e-06 4.59891e-06 4.59722e-06 4.59552e-06 4.59381e-06 4.5921e-06 4.59037e-06 4.58864e-06 4.5869e-06 4.58516e-06 4.58341e-06
          4.58165e-06 4.57988e-06 4.57811e-06 4.57633e-06 4.57454e-06 4.57275e-06 4.57095e-06 4.56915e-06 4.56735e-06 4.56553e-06 4.56372e-06 4.5619e-06
          4.56007e-06 4.55825e-06 4.55642e-06 4.55458e-06 4.55275e-06 4.55091e-06 4.54907e-06 4.54723e-06 4.54539e-06 4.54355e-06 4.54171e-06 4.53987e-06
          4.53803e-06 4.53619e-06 4.53435e-06 4.53251e-06 4.53068e-06 4.52885e-06 4.52702e-06 4.52519e-06 4.52337e-06 4.52155e-06 4.51973e-06 4.51792e-06
          4.51612e-06 4.51431e-06 4.51252e-06 4.51072e-06 4.61918e-06 4.61773e-06 4.61628e-06 4.61481e-06 4.61333e-06 4.61184e-06 4.61035e-06 4.60884e-06
          4.60732e-06 4.6058e-06 4.60426e-06 4.60272e-06 4.60116e-06 4.5996e-06 4.59803e-06 4.59644e-06 4.59485e-06 4.59325e-06 4.59164e-06 4.59002e-06
          4.58839e-06 4.58675e-06 4.58511e-06 4.58345e-06 4.58179e-06 4.58012e-06 4.57843e-06 4.57674e-06 4.57505e-06 4.57334e-06 4.57162e-06 4.5699e-06
          4.56817e-06 4.56643e-06 4.56469e-06 4.56293e-06 4.56117e-06 4.5594e-06 4.55763e-06 4.55585e-06 4.55406e-06 4.55227e-06 4.55047e-06 4.54866e-06
          4.54685e-06 4.54503e-06 4.54321e-06 4.54139e-06 4.53956e-06 4.53773e-06 4.53589e-06 4.53405e-06 4.53221e-06 4.53037e-06 4.52853e-06 4.52668e-06
          4.52483e-06 4.52299e-06 4.52114e-06 4.51929e-06 4.51745e-06 4.5156e-06 4.51376e-06 4.51192e-06 4.51008e-06 4.50824e-06 4.50641e-06 4.50458e-06
          4.50275e-06 4.50093e-06 4.49911e-06 4.4973e-06 4.49549e-06 4.49368e-06 4.49188e-06 4.49009e-06 4.59877e-06 4.59733e-06 4.59587e-06 4.59441e-06
          4.59294e-06 4.59146e-06 4.58996e-06 4.58846e-06 4.58695e-06 4.58543e-06 4.5839e-06 4.58236e-06 4.58081e-06 4.57925e-06 4.57768e-06 4.5761e-06
          4.57451e-06 4.57291e-06 4.5713e-06 4.56969e-06 4.56806e-06 4.56643e-06 4.56478e-06 4.56313e-06 4.56147e-06 4.5598e-06 4.55812e-06 4.55643e-06
          4.55473e-06 4.55302e-06 4.55131e-06 4.54959e-06 4.54786e-06 4.54612e-06 4.54437e-06 4.54261e-06 4.54085e-06 4.53908e-06 4.5373e-06 4.53552e-06
          4.53373e-06 4.53193e-06 4.53013e-06 4.52832e-06 4.5265e-06 4.52468e-06 4.52286e-06 4.52103e-06 4.51919e-06 4.51735e-06 4.51551e-06 4.51367e-06
          4.51182e-06 4.50997e-06 4.50812e-06 4.50626e-06 4.50441e-06 4.50256e-06 4.5007e-06 4.49885e-06 4.49699e-06 4.49514e-06 4.49329e-06 4.49144e-06
          4.4896e-06 4.48776e-06 4.48592e-06 4.48408e-06 4.48225e-06 4.48042e-06 4.4786e-06 4.47678e-06 4.47497e-06 4.47316e-06 4.47136e-06 4.46956e-06
          4.57853e-06 4.57709e-06 4.57564e-06 4.57418e-06 4.57271e-06 4.57123e-06 4.56975e-06 4.56825e-06 4.56674e-06 4.56522e-06 4.5637e-06 4.56216e-06
          4.56061e-06 4.55906e-06 4.55749e-06 4.55592e-06 4.55433e-06 4.55274e-06 4.55113e-06 4.54952e-06 4.5479e-06 4.54626e-06 4.54462e-06 4.54297e-06
          4.54131e-06 4.53964e-06 4.53796e-06 4.53627e-06 4.53458e-06 4.53287e-06 4.53116e-06 4.52943e-06 4.5277e-06 4.52596e-06 4.52421e-06 4.52245e-06
          4.52069e-06 4.51892e-06 4.51714e-06 4.51535e-06 4.51355e-06 4.51175e-06 4.50994e-06 4.50813e-06 4.50631e-06 4.50448e-06 4.50265e-06 4.50081e-06
          4.49897e-06 4.49712e-06 4.49527e-06 4.49342e-06 4.49156e-06 4.4897e-06 4.48784e-06 4.48598e-06 4.48412e-06 4.48225e-06 4.48039e-06 4.47853e-06
          4.47667e-06 4.47481e-06 4.47295e-06 4.47109e-06 4.46924e-06 4.46739e-06 4.46554e-06 4.4637e-06 4.46186e-06 4.46003e-06 4.4582e-06 4.45638e-06
          4.45456e-06 4.45275e-06 4.45094e-06 4.44915e-06 4.55844e-06 4.55701e-06 4.55557e-06 4.55411e-06 4.55265e-06 4.55118e-06 4.54969e-06 4.5482e-06
          4.5467e-06 4.54518e-06 4.54366e-06 4.54213e-06 4.54058e-06 4.53903e-06 4.53747e-06 4.5359e-06 4.53432e-06 4.53272e-06 4.53112e-06 4.52951e-06
          4.52789e-06 4.52626e-06 4.52462e-06 4.52297e-06 4.52131e-06 4.51965e-06 4.51797e-06 4.51628e-06 4.51458e-06 4.51288e-06 4.51116e-06 4.50944e-06
          4.5077e-06 4.50596e-06 4.50421e-06 4.50245e-06 4.50068e-06 4.49891e-06 4.49712e-06 4.49533e-06 4.49353e-06 4.49172e-06 4.48991e-06 4.48809e-06
          4.48626e-06 4.48443e-06 4.48258e-06 4.48074e-06 4.47889e-06 4.47703e-06 4.47517e-06 4.47331e-06 4.47144e-06 4.46957e-06 4.4677e-06 4.46583e-06
          4.46396e-06 4.46208e-06 4.46021e-06 4.45834e-06 4.45646e-06 4.45459e-06 4.45272e-06 4.45086e-06 4.449e-06 4.44714e-06 4.44528e-06 4.44343e-06
          4.44159e-06 4.43975e-06 4.43791e-06 4.43608e-06 4.43426e-06 4.43244e-06 4.43063e-06 4.42883e-06 4.53852e-06 4.5371e-06 4.53566e-06 4.53421e-06
          4.53275e-06 4.53128e-06 4.5298e-06 4.52831e-06 4.52681e-06 4.5253e-06 4.52378e-06 4.52226e-06 4.52072e-06 4.51917e-06 4.51761e-06 4.51604e-06
          4.51446e-06 4.51287e-06 4.51128e-06 4.50967e-06 4.50805e-06 4.50642e-06 4.50478e-06 4.50314e-06 4.50148e-06 4.49981e-06 4.49813e-06 4.49645e-06
          4.49475e-06 4.49304e-06 4.49133e-06 4.4896e-06 4.48787e-06 4.48612e-06 4.48437e-06 4.48261e-06 4.48084e-06 4.47906e-06 4.47727e-06 4.47547e-06
          4.47366e-06 4.47185e-06 4.47003e-06 4.4682e-06 4.46636e-06 4.46452e-06 4.46267e-06 4.46082e-06 4.45895e-06 4.45709e-06 4.45522e-06 4.45334e-06
          4.45146e-06 4.44958e-06 4.4477e-06 4.44581e-06 4.44393e-06 4.44204e-06 4.44015e-06 4.43827e-06 4.43638e-06 4.4345e-06 4.43262e-06 4.43074e-06
          4.42887e-06 4.427e-06 4.42513e-06 4.42327e-06 4.42142e-06 4.41957e-06 4.41773e-06 4.41589e-06 4.41406e-06 4.41224e-06 4.41043e-06 4.40862e-06
          4.51877e-06 4.51734e-06 4.51591e-06 4.51446e-06 4.51301e-06 4.51154e-06 4.51007e-06 4.50858e-06 4.50709e-06 4.50558e-06 4.50407e-06 4.50255e-06
          4.50101e-06 4.49947e-06 4.49791e-06 4.49635e-06 4.49477e-06 4.49319e-06 4.49159e-06 4.48998e-06 4.48837e-06 4.48674e-06 4.48511e-06 4.48346e-06
          4.48181e-06 4.48014e-06 4.47846e-06 4.47678e-06 4.47508e-06 4.47337e-06 4.47166e-06 4.46993e-06 4.46819e-06 4.46645e-06 4.46469e-06 4.46292e-06
          4.46115e-06 4.45936e-06 4.45757e-06 4.45577e-06 4.45395e-06 4.45213e-06 4.4503e-06 4.44847e-06 4.44662e-06 4.44477e-06 4.44291e-06 4.44104e-06
          4.43917e-06 4.43729e-06 4.4354e-06 4.43352e-06 4.43162e-06 4.42973e-06 4.42783e-06 4.42593e-06 4.42403e-06 4.42213e-06 4.42022e-06 4.41832e-06
          4.41642e-06 4.41453e-06 4.41263e-06 4.41074e-06 4.40886e-06 4.40697e-06 4.4051e-06 4.40323e-06 4.40136e-06 4.3995e-06 4.39765e-06 4.39581e-06
          4.39397e-06 4.39214e-06 4.39032e-06 4.38851e-06 4.49917e-06 4.49775e-06 4.49632e-06 4.49488e-06 4.49343e-06 4.49197e-06 4.4905e-06 4.48902e-06
          4.48753e-06 4.48603e-06 4.48452e-06 4.483e-06 4.48147e-06 4.47992e-06 4.47837e-06 4.47681e-06 4.47524e-06 4.47366e-06 4.47207e-06 4.47046e-06
          4.46885e-06 4.46723e-06 4.46559e-06 4.46395e-06 4.46229e-06 4.46063e-06 4.45895e-06 4.45727e-06 4.45557e-06 4.45386e-06 4.45215e-06 4.45042e-06
          4.44868e-06 4.44693e-06 4.44517e-06 4.4434e-06 4.44162e-06 4.43983e-06 4.43803e-06 4.43622e-06 4.4344e-06 4.43257e-06 4.43073e-06 4.42889e-06
          4.42703e-06 4.42517e-06 4.42329e-06 4.42141e-06 4.41953e-06 4.41763e-06 4.41574e-06 4.41383e-06 4.41192e-06 4.41001e-06 4.4081e-06 4.40618e-06
          4.40426e-06 4.40234e-06 4.40042e-06 4.3985e-06 4.39659e-06 4.39467e-06 4.39276e-06 4.39085e-06 4.38895e-06 4.38706e-06 4.38517e-06 4.38328e-06
          4.38141e-06 4.37954e-06 4.37767e-06 4.37582e-06 4.37398e-06 4.37214e-06 4.37031e-06 4.36849e-06 4.47973e-06 4.47831e-06 4.47689e-06 4.47546e-06
          4.47401e-06 4.47256e-06 4.47109e-06 4.46961e-06 4.46813e-06 4.46663e-06 4.46512e-06 4.46361e-06 4.46208e-06 4.46054e-06 4.459e-06 4.45744e-06
          4.45587e-06 4.45429e-06 4.4527e-06 4.4511e-06 4.44949e-06 4.44787e-06 4.44624e-06 4.4446e-06 4.44294e-06 4.44128e-06 4.43961e-06 4.43792e-06
          4.43622e-06 4.43452e-06 4.4328e-06 4.43107e-06 4.42933e-06 4.42758e-06 4.42581e-06 4.42404e-06 4.42225e-06 4.42046e-06 4.41865e-06 4.41684e-06
          4.41501e-06 4.41317e-06 4.41132e-06 4.40946e-06 4.4076e-06 4.40572e-06 4.40383e-06 4.40194e-06 4.40004e-06 4.39813e-06 4.39621e-06 4.39429e-06
          4.39236e-06 4.39043e-06 4.3885e-06 4.38656e-06 4.38462e-06 4.38268e-06 4.38074e-06 4.3788e-06 4.37687e-06 4.37493e-06 4.373e-06 4.37108e-06
          4.36916e-06 4.36725e-06 4.36534e-06 4.36344e-06 4.36155e-06 4.35967e-06 4.3578e-06 4.35593e-06 4.35408e-06 4.35223e-06 4.3504e-06 4.34857e-06
          4.46044e-06 4.45903e-06 4.45762e-06 4.45619e-06 4.45476e-06 4.45331e-06 4.45184e-06 4.45037e-06 4.44888e-06 4.44739e-06 4.44588e-06 4.44437e-06
          4.44285e-06 4.44132e-06 4.43978e-06 4.43823e-06 4.43666e-06 4.43509e-06 4.4335e-06 4.4319e-06 4.43029e-06 4.42868e-06 4.42705e-06 4.4254e-06
          4.42375e-06 4.42209e-06 4.42042e-06 4.41874e-06 4.41704e-06 4.41533e-06 4.41361e-06 4.41188e-06 4.41014e-06 4.40838e-06 4.40662e-06 4.40484e-06
          4.40305e-06 4.40125e-06 4.39944e-06 4.39761e-06 4.39578e-06 4.39393e-06 4.39207e-06 4.3902e-06 4.38832e-06 4.38643e-06 4.38453e-06 4.38262e-06
          4.3807e-06 4.37877e-06 4.37684e-06 4.3749e-06 4.37295e-06 4.37099e-06 4.36904e-06 4.36707e-06 4.36511e-06 4.36315e-06 4.36118e-06 4.35922e-06
          4.35726e-06 4.35531e-06 4.35335e-06 4.35141e-06 4.34947e-06 4.34754e-06 4.34561e-06 4.3437e-06 4.34179e-06 4.3399e-06 4.33801e-06 4.33614e-06
          4.33427e-06 4.33242e-06 4.33057e-06 4.32874e-06 4.4413e-06 4.43991e-06 4.43851e-06 4.43709e-06 4.43567e-06 4.43422e-06 4.43276e-06 4.43128e-06
          4.42979e-06 4.4283e-06 4.4268e-06 4.42529e-06 4.42378e-06 4.42225e-06 4.42072e-06 4.41918e-06 4.41762e-06 4.41605e-06 4.41446e-06 4.41287e-06
          4.41126e-06 4.40964e-06 4.40801e-06 4.40637e-06 4.40472e-06 4.40307e-06 4.4014e-06 4.39972e-06 4.39802e-06 4.39631e-06 4.39459e-06 4.39286e-06
          4.39111e-06 4.38936e-06 4.38759e-06 4.38581e-06 4.38401e-06 4.38221e-06 4.38039e-06 4.37856e-06 4.37671e-06 4.37486e-06 4.37299e-06 4.37111e-06
          4.36921e-06 4.36731e-06 4.36539e-06 4.36346e-06 4.36152e-06 4.35957e-06 4.35762e-06 4.35565e-06 4.35368e-06 4.3517e-06 4.34971e-06 4.34772e-06
          4.34573e-06 4.34374e-06 4.34175e-06 4.33976e-06 4.33777e-06 4.33579e-06 4.33381e-06 4.33184e-06 4.32988e-06 4.32793e-06 4.32598e-06 4.32405e-06
          4.32213e-06 4.32022e-06 4.31832e-06 4.31643e-06 4.31455e-06 4.31269e-06 4.31084e-06 4.309e-06 4.42228e-06 4.42093e-06 4.41956e-06 4.41818e-06
          4.41676e-06 4.41532e-06 4.41385e-06 4.41235e-06 4.41085e-06 4.40935e-06 4.40785e-06 4.40635e-06 4.40485e-06 4.40335e-06 4.40183e-06 4.4003e-06
          4.39875e-06 4.39718e-06 4.39559e-06 4.39399e-06 4.39238e-06 4.39076e-06 4.38913e-06 4.3875e-06 4.38585e-06 4.3842e-06 4.38254e-06 4.38086e-06
          4.37917e-06 4.37746e-06 4.37574e-06 4.37401e-06 4.37226e-06 4.37049e-06 4.36872e-06 4.36694e-06 4.36514e-06 4.36333e-06 4.36151e-06 4.35967e-06
          4.35782e-06 4.35595e-06 4.35407e-06 4.35218e-06 4.35027e-06 4.34834e-06 4.34641e-06 4.34446e-06 4.3425e-06 4.34053e-06 4.33855e-06 4.33656e-06
          4.33455e-06 4.33255e-06 4.33053e-06 4.32851e-06 4.32649e-06 4.32446e-06 4.32244e-06 4.32041e-06 4.31839e-06 4.31638e-06 4.31437e-06 4.31237e-06
          4.31039e-06 4.30841e-06 4.30644e-06 4.30449e-06 4.30255e-06 4.30062e-06 4.2987e-06 4.2968e-06 4.29492e-06 4.29304e-06 4.29118e-06 4.28934e-06
          4.40335e-06 4.40206e-06 4.40077e-06 4.39946e-06 4.39809e-06 4.39666e-06 4.39512e-06 4.39356e-06 4.392e-06 4.39049e-06 4.389e-06 4.38753e-06
          4.38607e-06 4.3846e-06 4.38311e-06 4.3816e-06 4.38006e-06 4.37849e-06 4.37689e-06 4.37527e-06 4.37364e-06 4.37201e-06 4.37039e-06 4.36876e-06
          4.36714e-06 4.3655e-06 4.36385e-06 4.36219e-06 4.3605e-06 4.35879e-06 4.35706e-06 4.35532e-06 4.35356e-06 4.35179e-06 4.35002e-06 4.34823e-06
          4.34643e-06 4.34462e-06 4.3428e-06 4.34096e-06 4.3391e-06 4.33722e-06 4.33533e-06 4.33342e-06 4.33149e-06 4.32955e-06 4.3276e-06 4.32563e-06
          4.32365e-06 4.32165e-06 4.31964e-06 4.31762e-06 4.31559e-06 4.31354e-06 4.31149e-06 4.30943e-06 4.30737e-06 4.30531e-06 4.30324e-06 4.30118e-06
          4.29912e-06 4.29707e-06 4.29503e-06 4.293e-06 4.29098e-06 4.28897e-06 4.28698e-06 4.28501e-06 4.28305e-06 4.2811e-06 4.27917e-06 4.27726e-06
          4.27536e-06 4.27347e-06 4.27161e-06 4.26975e-06 4.39409e-06 4.39119e-06 4.38816e-06 4.38505e-06 4.3819e-06 4.37892e-06 4.37647e-06 4.37456e-06
          4.37311e-06 4.37163e-06 4.3702e-06 4.36879e-06 4.36739e-06 4.366e-06 4.36458e-06 4.36313e-06 4.36162e-06 4.36003e-06 4.35837e-06 4.35668e-06
          4.355e-06 4.35336e-06 4.35175e-06 4.35016e-06 4.34857e-06 4.34696e-06 4.34535e-06 4.3437e-06 4.34203e-06 4.34031e-06 4.33857e-06 4.3368e-06
          4.33502e-06 4.33324e-06 4.33146e-06 4.32968e-06 4.32789e-06 4.32609e-06 4.32427e-06 4.32243e-06 4.32057e-06 4.31868e-06 4.31677e-06 4.31484e-06
          4.31289e-06 4.31093e-06 4.30895e-06 4.30697e-06 4.30496e-06 4.30294e-06 4.30091e-06 4.29885e-06 4.29678e-06 4.2947e-06 4.2926e-06 4.2905e-06
          4.28839e-06 4.28628e-06 4.28417e-06 4.28206e-06 4.27995e-06 4.27786e-06 4.27577e-06 4.27371e-06 4.27165e-06 4.26962e-06 4.2676e-06 4.2656e-06
          4.26361e-06 4.26165e-06 4.25971e-06 4.25778e-06 4.25587e-06 4.25398e-06 4.2521e-06 4.25024e-06 4.39088e-06 4.38805e-06 4.38521e-06 4.38236e-06
          4.37953e-06 4.37679e-06 4.37414e-06 4.37155e-06 4.36888e-06 4.36617e-06 4.3634e-06 4.36057e-06 4.35766e-06 4.35466e-06 4.3516e-06 4.34847e-06
          4.34533e-06 4.3424e-06 4.33993e-06 4.33791e-06 4.33631e-06 4.33472e-06 4.33316e-06 4.33163e-06 4.33012e-06 4.32859e-06 4.32704e-06 4.32545e-06
          4.3238e-06 4.32207e-06 4.32027e-06 4.31843e-06 4.31659e-06 4.31479e-06 4.31302e-06 4.31126e-06 4.3095e-06 4.30774e-06 4.30594e-06 4.30412e-06
          4.30226e-06 4.30035e-06 4.29841e-06 4.29644e-06 4.29446e-06 4.29247e-06 4.29048e-06 4.28848e-06 4.28646e-06 4.28442e-06 4.28236e-06 4.28027e-06
          4.27816e-06 4.27602e-06 4.27388e-06 4.27172e-06 4.26955e-06 4.26738e-06 4.26521e-06 4.26304e-06 4.26088e-06 4.25873e-06 4.2566e-06 4.25448e-06
          4.25239e-06 4.25032e-06 4.24827e-06 4.24625e-06 4.24424e-06 4.24226e-06 4.2403e-06 4.23837e-06 4.23645e-06 4.23455e-06 4.23267e-06 4.2308e-06
          4.38817e-06 4.38537e-06 4.38257e-06 4.37978e-06 4.377e-06 4.37424e-06 4.37148e-06 4.36872e-06 4.36595e-06 4.36316e-06 4.36035e-06 4.35752e-06
          4.35467e-06 4.3518e-06 4.3489e-06 4.346e-06 4.34314e-06 4.34035e-06 4.33765e-06 4.33501e-06 4.33229e-06 4.3295e-06 4.32664e-06 4.32372e-06
          4.32071e-06 4.31762e-06 4.31448e-06 4.31127e-06 4.30802e-06 4.30492e-06 4.30221e-06 4.29992e-06 4.2981e-06 4.29635e-06 4.29463e-06 4.29294e-06
          4.29126e-06 4.28957e-06 4.28784e-06 4.28606e-06 4.28422e-06 4.28228e-06 4.28026e-06 4.2782e-06 4.27616e-06 4.27415e-06 4.27216e-06 4.27016e-06
          4.26816e-06 4.26612e-06 4.26404e-06 4.26191e-06 4.25973e-06 4.25753e-06 4.25531e-06 4.25308e-06 4.25084e-06 4.24861e-06 4.24637e-06 4.24413e-06
          4.24189e-06 4.23967e-06 4.23748e-06 4.23531e-06 4.23317e-06 4.23107e-06 4.22899e-06 4.22694e-06 4.22492e-06 4.22293e-06 4.22096e-06 4.21901e-06
          4.21708e-06 4.21518e-06 4.21329e-06 4.21142e-06 4.38551e-06 4.38273e-06 4.37995e-06 4.37717e-06 4.37439e-06 4.37161e-06 4.36883e-06 4.36605e-06
          4.36326e-06 4.36047e-06 4.35766e-06 4.35485e-06 4.35202e-06 4.34919e-06 4.34635e-06 4.34351e-06 4.34068e-06 4.33787e-06 4.33507e-06 4.33225e-06
          4.32942e-06 4.32657e-06 4.32369e-06 4.32078e-06 4.31784e-06 4.31487e-06 4.31187e-06 4.30886e-06 4.30588e-06 4.30296e-06 4.30011e-06 4.29732e-06
          4.29448e-06 4.29154e-06 4.28852e-06 4.2854e-06 4.28219e-06 4.27889e-06 4.27552e-06 4.27205e-06 4.26852e-06 4.26517e-06 4.26226e-06 4.2598e-06
          4.25782e-06 4.25587e-06 4.25394e-06 4.25202e-06 4.25008e-06 4.24809e-06 4.24602e-06 4.24385e-06 4.24156e-06 4.2392e-06 4.23686e-06 4.23456e-06
          4.23229e-06 4.23e-06 4.22767e-06 4.22533e-06 4.22297e-06 4.22065e-06 4.21838e-06 4.21616e-06 4.21398e-06 4.21184e-06 4.20974e-06 4.20767e-06
          4.20564e-06 4.20363e-06 4.20165e-06 4.1997e-06 4.19777e-06 4.19586e-06 4.19397e-06 4.19211e-06 4.38283e-06 4.38006e-06 4.37728e-06 4.3745e-06
          4.37173e-06 4.36895e-06 4.36616e-06 4.36338e-06 4.36059e-06 4.3578e-06 4.355e-06 4.35219e-06 4.34938e-06 4.34656e-06 4.34374e-06 4.34092e-06
          4.33809e-06 4.33527e-06 4.33243e-06 4.3296e-06 4.32675e-06 4.32388e-06 4.321e-06 4.3181e-06 4.31519e-06 4.31226e-06 4.30932e-06 4.30637e-06
          4.30343e-06 4.30049e-06 4.29756e-06 4.29462e-06 4.29164e-06 4.28864e-06 4.28559e-06 4.28249e-06 4.27936e-06 4.27617e-06 4.27294e-06 4.2697e-06
          4.26648e-06 4.2633e-06 4.26019e-06 4.25711e-06 4.2539e-06 4.25056e-06 4.24707e-06 4.2434e-06 4.23954e-06 4.23554e-06 4.23141e-06 4.22728e-06
          4.22361e-06 4.22063e-06 4.21833e-06 4.21609e-06 4.2139e-06 4.21176e-06 4.20934e-06 4.20657e-06 4.20401e-06 4.20158e-06 4.19925e-06 4.19698e-06
          4.19477e-06 4.19261e-06 4.19049e-06 4.18841e-06 4.18637e-06 4.18436e-06 4.18238e-06 4.18043e-06 4.1785e-06 4.17659e-06 4.17471e-06 4.17285e-06
          4.3799e-06 4.37713e-06 4.37436e-06 4.37159e-06 4.36881e-06 4.36603e-06 4.36325e-06 4.36047e-06 4.35768e-06 4.35489e-06 4.3521e-06 4.34929e-06
          4.34649e-06 4.34368e-06 4.34086e-06 4.33804e-06 4.33522e-06 4.3324e-06 4.32956e-06 4.32672e-06 4.32387e-06 4.32101e-06 4.31813e-06 4.31524e-06
          4.31233e-06 4.30942e-06 4.30649e-06 4.30356e-06 4.30062e-06 4.29768e-06 4.29473e-06 4.29176e-06 4.28878e-06 4.28576e-06 4.28271e-06 4.27962e-06
          4.2765e-06 4.27334e-06 4.27016e-06 4.26696e-06 4.26377e-06 4.26058e-06 4.25739e-06 4.25414e-06 4.25083e-06 4.24743e-06 4.24392e-06 4.24031e-06
          4.2366e-06 4.23277e-06 4.22891e-06 4.22515e-06 4.22155e-06 4.21799e-06 4.21399e-06 4.20936e-06 4.20378e-06 4.19665e-06 4.19004e-06 4.18729e-06
          4.18479e-06 4.18235e-06 4.18e-06 4.17773e-06 4.17551e-06 4.17335e-06 4.17124e-06 4.16916e-06 4.16712e-06 4.16512e-06 4.16314e-06 4.16119e-06
          4.15927e-06 4.15737e-06 4.1555e-06 4.15364e-06
        </DataArray>
        <DataArray type="Float32" Name="x^CH4_gas" NumberOfComponents="1" format="ascii">
          0.989035 0.989099 0.989002 0.989066 0.989163 0.989131 0.989228 0.989196 0.989293 0.989261 0.989358 0.989327
          0.989424 0.989393 0.98949 0.98946 0.989556 0.989527 0.989623 0.989595 0.989691 0.989663 0.989758 0.989731
          0.989827 0.9898 0.989895 0.989869 0.989964 0.989938 0.990033 0.990008 0.990103 0.990078 0.990173 0.990149
          0.990244 0.99022 0.990314 0.990291 0.990386 0.990363 0.990457 0.990435 0.990529 0.990507 0.990601 0.99058
          0.990674 0.990653 0.990747 0.990726 0.99082 0.9908 0.990893 0.990874 0.990967 0.990949 0.991042 0.991023
          0.991116 0.991098 0.991191 0.991173 0.991266 0.991249 0.991341 0.991325 0.991417 0.991401 0.991493 0.991477
          0.991569 0.991554 0.991646 0.991631 0.991722 0.991708 0.991799 0.991785 0.991876 0.991863 0.991954 0.991941
          0.992031 0.992019 0.992109 0.992097 0.992187 0.992175 0.992265 0.992254 0.992344 0.992332 0.992422 0.992411
          0.992501 0.99249 0.992579 0.992569 0.992658 0.992649 0.992737 0.992728 0.992817 0.992807 0.992896 0.992887
          0.992975 0.992967 0.993054 0.993046 0.993134 0.993126 0.993213 0.993206 0.993293 0.993286 0.993373 0.993366
          0.993452 0.993446 0.993532 0.993525 0.993611 0.993605 0.993691 0.993685 0.993771 0.993765 0.99385 0.993845
          0.99393 0.993925 0.994009 0.994005 0.994089 0.994084 0.994168 0.994164 0.994248 0.994243 0.994327 0.994323
          0.994406 0.994402 0.994485 0.994482 0.994564 0.994561 0.994643 0.99464 0.988936 0.989001 0.989067 0.989133
          0.9892 0.989267 0.989334 0.989402 0.98947 0.989538 0.989607 0.989676 0.989746 0.989816 0.989887 0.989957
          0.990029 0.9901 0.990172 0.990244 0.990317 0.99039 0.990463 0.990537 0.990611 0.990685 0.990759 0.990834
          0.99091 0.990985 0.991061 0.991137 0.991213 0.99129 0.991367 0.991444 0.991521 0.991599 0.991677 0.991755
          0.991833 0.991912 0.99199 0.992069 0.992148 0.992227 0.992307 0.992386 0.992466 0.992546 0.992626 0.992706
          0.992786 0.992866 0.992946 0.993026 0.993107 0.993187 0.993267 0.993348 0.993428 0.993509 0.993589 0.993669
          0.99375 0.99383 0.99391 0.99399 0.994071 0.994151 0.994231 0.99431 0.99439 0.99447 0.994549 0.994629
          0.988867 0.988933 0.989 0.989067 0.989135 0.989203 0.989271 0.98934 0.989409 0.989479 0.989549 0.989619
          0.98969 0.989761 0.989832 0.989904 0.989976 0.990048 0.990121 0.990194 0.990268 0.990342 0.990416 0.99049
          0.990565 0.99064 0.990716 0.990792 0.990868 0.990944 0.991021 0.991098 0.991175 0.991252 0.99133 0.991408
          0.991486 0.991565 0.991643 0.991722 0.991801 0.99188 0.99196 0.99204 0.992119 0.992199 0.992279 0.99236
          0.99244 0.99252 0.992601 0.992682 0.992762 0.992843 0.992924 0.993005 0.993086 0.993167 0.993248 0.993329
          0.99341 0.99349 0.993571 0.993652 0.993733 0.993814 0.993895 0.993975 0.994056 0.994136 0.994217 0.994297
          0.994377 0.994457 0.994537 0.994617 0.988795 0.988862 0.98893 0.988998 0.989067 0.989136 0.989205 0.989275
          0.989345 0.989416 0.989487 0.989558 0.98963 0.989702 0.989774 0.989847 0.98992 0.989994 0.990067 0.990142
          0.990216 0.990291 0.990366 0.990441 0.990517 0.990593 0.99067 0.990746 0.990823 0.990901 0.990978 0.991056
          0.991134 0.991212 0.991291 0.99137 0.991449 0.991528 0.991607 0.991687 0.991767 0.991847 0.991927 0.992008
          0.992088 0.992169 0.99225 0.992331 0.992412 0.992493 0.992574 0.992656 0.992737 0.992819 0.9929 0.992982
          0.993063 0.993145 0.993226 0.993308 0.993389 0.993471 0.993553 0.993634 0.993715 0.993797 0.993878 0.993959
          0.99404 0.994121 0.994202 0.994283 0.994363 0.994444 0.994524 0.994604 0.988719 0.988788 0.988857 0.988926
          0.988996 0.989066 0.989137 0.989207 0.989279 0.98935 0.989422 0.989495 0.989567 0.98964 0.989714 0.989787
          0.989862 0.989936 0.990011 0.990086 0.990161 0.990237 0.990313 0.99039 0.990466 0.990543 0.990621 0.990698
          0.990776 0.990854 0.990933 0.991012 0.991091 0.99117 0.991249 0.991329 0.991409 0.991489 0.991569 0.99165
          0.991731 0.991812 0.991893 0.991974 0.992055 0.992137 0.992218 0.9923 0.992382 0.992464 0.992546 0.992628
          0.99271 0.992792 0.992875 0.992957 0.993039 0.993122 0.993204 0.993286 0.993368 0.99345 0.993532 0.993615
          0.993697 0.993778 0.99386 0.993942 0.994023 0.994105 0.994186 0.994267 0.994349 0.994429 0.99451 0.994591
          0.988641 0.98871 0.98878 0.988851 0.988922 0.988993 0.989065 0.989136 0.989209 0.989281 0.989354 0.989428
          0.989502 0.989576 0.98965 0.989725 0.9898 0.989875 0.989951 0.990027 0.990104 0.990181 0.990258 0.990335
          0.990413 0.990491 0.990569 0.990648 0.990727 0.990806 0.990885 0.990965 0.991045 0.991125 0.991205 0.991286
          0.991367 0.991448 0.991529 0.99161 0.991692 0.991774 0.991856 0.991938 0.99202 0.992103 0.992185 0.992268
          0.99235 0.992433 0.992516 0.992599 0.992682 0.992765 0.992848 0.992931 0.993014 0.993097 0.99318 0.993263
          0.993346 0.993428 0.993511 0.993594 0.993677 0.993759 0.993841 0.993924 0.994006 0.994088 0.99417 0.994252
          0.994333 0.994415 0.994496 0.994577 0.988559 0.98863 0.988701 0.988773 0.988844 0.988917 0.988989 0.989062
          0.989136 0.98921 0.989284 0.989358 0.989433 0.989508 0.989583 0.989659 0.989735 0.989812 0.989889 0.989966
          0.990043 0.990121 0.990199 0.990278 0.990356 0.990435 0.990515 0.990594 0.990674 0.990754 0.990835 0.990915
          0.990996 0.991077 0.991159 0.99124 0.991322 0.991404 0.991486 0.991569 0.991651 0.991734 0.991817 0.9919
          0.991983 0.992066 0.99215 0.992233 0.992317 0.992401 0.992484 0.992568 0.992652 0.992736 0.992819 0.992903
          0.992987 0.993071 0.993155 0.993238 0.993322 0.993405 0.993489 0.993572 0.993656 0.993739 0.993822 0.993905
          0.993988 0.99407 0.994153 0.994235 0.994317 0.994399 0.994481 0.994562 0.988474 0.988546 0.988618 0.988691
          0.988764 0.988837 0.988911 0.988985 0.98906 0.989135 0.98921 0.989285 0.989361 0.989437 0.989514 0.989591
          0.989668 0.989745 0.989823 0.989902 0.98998 0.990059 0.990138 0.990218 0.990297 0.990377 0.990458 0.990538
          0.990619 0.9907 0.990782 0.990863 0.990945 0.991027 0.99111 0.991192 0.991275 0.991358 0.991441 0.991525
          0.991608 0.991692 0.991776 0.99186 0.991944 0.992028 0.992113 0.992197 0.992282 0.992366 0.992451 0.992535
          0.99262 0.992705 0.99279 0.992874 0.992959 0.993043 0.993128 0.993213 0.993297 0.993381 0.993465 0.99355
          0.993634 0.993717 0.993801 0.993885 0.993968 0.994052 0.994135 0.994217 0.9943 0.994383 0.994465 0.994547
          0.988386 0.988459 0.988532 0.988606 0.98868 0.988755 0.98883 0.988905 0.988981 0.989056 0.989133 0.989209
          0.989286 0.989364 0.989441 0.989519 0.989597 0.989676 0.989755 0.989834 0.989914 0.989994 0.990074 0.990154
          0.990235 0.990316 0.990398 0.990479 0.990561 0.990644 0.990726 0.990809 0.990892 0.990975 0.991058 0.991142
          0.991226 0.99131 0.991394 0.991479 0.991563 0.991648 0.991733 0.991818 0.991903 0.991988 0.992073 0.992159
          0.992244 0.99233 0.992416 0.992501 0.992587 0.992673 0.992758 0.992844 0.992929 0.993015 0.9931 0.993186
          0.993271 0.993356 0.993441 0.993526 0.993611 0.993695 0.99378 0.993864 0.993948 0.994032 0.994116 0.994199
          0.994283 0.994366 0.994449 0.994531 0.988294 0.988369 0.988443 0.988518 0.988594 0.988669 0.988745 0.988822
          0.988898 0.988975 0.989053 0.98913 0.989208 0.989287 0.989365 0.989444 0.989524 0.989604 0.989684 0.989764
          0.989845 0.989926 0.990007 0.990088 0.99017 0.990253 0.990335 0.990418 0.990501 0.990584 0.990668 0.990751
          0.990835 0.99092 0.991004 0.991089 0.991174 0.991259 0.991344 0.99143 0.991516 0.991601 0.991687 0.991774
          0.99186 0.991946 0.992032 0.992119 0.992206 0.992292 0.992379 0.992465 0.992552 0.992639 0.992725 0.992812
          0.992898 0.992985 0.993071 0.993157 0.993244 0.99333 0.993416 0.993501 0.993587 0.993672 0.993758 0.993843
          0.993927 0.994012 0.994097 0.994181 0.994265 0.994349 0.994432 0.994515 0.9882 0.988275 0.988351 0.988427
          0.988504 0.98858 0.988657 0.988735 0.988813 0.988891 0.988969 0.989048 0.989127 0.989207 0.989287 0.989367
          0.989447 0.989528 0.989609 0.989691 0.989772 0.989855 0.989937 0.99002 0.990103 0.990186 0.990269 0.990353
          0.990438 0.990522 0.990607 0.990692 0.990777 0.990862 0.990948 0.991034 0.99112 0.991206 0.991292 0.991379
          0.991466 0.991553 0.99164 0.991727 0.991815 0.991902 0.99199 0.992077 0.992165 0.992252 0.99234 0.992428
          0.992516 0.992603 0.992691 0.992779 0.992866 0.992954 0.993041 0.993128 0.993215 0.993302 0.993389 0.993476
          0.993562 0.993649 0.993735 0.99382 0.993906 0.993992 0.994077 0.994162 0.994246 0.994331 0.994415 0.994499
          0.988102 0.988178 0.988255 0.988333 0.98841 0.988488 0.988566 0.988645 0.988724 0.988803 0.988883 0.988963
          0.989043 0.989124 0.989205 0.989286 0.989368 0.98945 0.989532 0.989614 0.989697 0.98978 0.989864 0.989948
          0.990032 0.990116 0.990201 0.990286 0.990371 0.990457 0.990543 0.990629 0.990715 0.990802 0.990889 0.990976
          0.991063 0.99115 0.991238 0.991326 0.991414 0.991502 0.99159 0.991679 0.991767 0.991856 0.991945 0.992033
          0.992122 0.992211 0.9923 0.992389 0.992478 0.992567 0.992655 0.992744 0.992833 0.992921 0.99301 0.993098
          0.993186 0.993274 0.993362 0.993449 0.993537 0.993624 0.993711 0.993798 0.993884 0.99397 0.994056 0.994142
          0.994227 0.994313 0.994397 0.994482 0.988001 0.988078 0.988157 0.988235 0.988314 0.988393 0.988472 0.988552
          0.988632 0.988712 0.988793 0.988874 0.988956 0.989038 0.98912 0.989202 0.989285 0.989368 0.989451 0.989535
          0.989619 0.989703 0.989788 0.989873 0.989958 0.990044 0.99013 0.990216 0.990303 0.990389 0.990476 0.990564
          0.990651 0.990739 0.990827 0.990915 0.991004 0.991092 0.991181 0.99127 0.99136 0.991449 0.991539 0.991628
          0.991718 0.991808 0.991898 0.991988 0.992078 0.992168 0.992258 0.992348 0.992438 0.992528 0.992618 0.992708
          0.992798 0.992888 0.992977 0.993067 0.993156 0.993245 0.993334 0.993422 0.993511 0.993599 0.993687 0.993774
          0.993862 0.993949 0.994036 0.994122 0.994208 0.994294 0.99438 0.994465 0.987896 0.987975 0.988054 0.988134
          0.988214 0.988294 0.988375 0.988456 0.988537 0.988618 0.9887 0.988783 0.988865 0.988948 0.989031 0.989115
          0.989199 0.989283 0.989368 0.989452 0.989538 0.989623 0.989709 0.989795 0.989882 0.989969 0.990056 0.990143
          0.990231 0.990319 0.990407 0.990495 0.990584 0.990673 0.990763 0.990852 0.990942 0.991032 0.991122 0.991212
          0.991303 0.991394 0.991485 0.991575 0.991667 0.991758 0.991849 0.99194 0.992032 0.992123 0.992215 0.992306
          0.992397 0.992489 0.99258 0.992671 0.992762 0.992853 0.992944 0.993034 0.993125 0.993215 0.993305 0.993395
          0.993484 0.993573 0.993662 0.993751 0.993839 0.993927 0.994014 0.994102 0.994189 0.994275 0.994362 0.994447
          0.987788 0.987869 0.987949 0.98803 0.988111 0.988192 0.988274 0.988356 0.988438 0.988521 0.988604 0.988688
          0.988771 0.988855 0.98894 0.989025 0.98911 0.989195 0.989281 0.989367 0.989453 0.98954 0.989627 0.989714
          0.989802 0.98989 0.989978 0.990067 0.990156 0.990245 0.990335 0.990424 0.990515 0.990605 0.990695 0.990786
          0.990877 0.990969 0.99106 0.991152 0.991244 0.991336 0.991428 0.991521 0.991613 0.991706 0.991798 0.991891
          0.991984 0.992077 0.99217 0.992262 0.992355 0.992448 0.99254 0.992633 0.992725 0.992818 0.992909 0.993001
          0.993093 0.993184 0.993275 0.993366 0.993457 0.993547 0.993637 0.993726 0.993816 0.993905 0.993993 0.994081
          0.994169 0.994256 0.994343 0.99443 0.987677 0.987759 0.98784 0.987922 0.988004 0.988087 0.98817 0.988253
          0.988337 0.988421 0.988505 0.988589 0.988674 0.98876 0.988845 0.988931 0.989017 0.989104 0.989191 0.989278
          0.989366 0.989454 0.989542 0.98963 0.989719 0.989809 0.989898 0.989988 0.990078 0.990169 0.990259 0.990351
          0.990442 0.990534 0.990626 0.990718 0.99081 0.990903 0.990996 0.991089 0.991182 0.991276 0.99137 0.991463
          0.991557 0.991651 0.991746 0.99184 0.991934 0.992028 0.992123 0.992217 0.992311 0.992406 0.9925 0.992593
          0.992687 0.992781 0.992874 0.992967 0.99306 0.993153 0.993245 0.993337 0.993429 0.99352 0.993611 0.993702
          0.993792 0.993882 0.993972 0.994061 0.994149 0.994237 0.994325 0.994413 0.987563 0.987645 0.987728 0.987811
          0.987895 0.987978 0.988062 0.988147 0.988232 0.988317 0.988402 0.988488 0.988574 0.98866 0.988747 0.988834
          0.988922 0.989009 0.989097 0.989186 0.989275 0.989364 0.989453 0.989543 0.989633 0.989724 0.989815 0.989906
          0.989997 0.990089 0.990181 0.990274 0.990366 0.990459 0.990553 0.990646 0.99074 0.990834 0.990929 0.991023
          0.991118 0.991213 0.991308 0.991404 0.991499 0.991595 0.991691 0.991787 0.991883 0.991978 0.992074 0.99217
          0.992266 0.992362 0.992457 0.992553 0.992648 0.992743 0.992838 0.992933 0.993027 0.993121 0.993215 0.993308
          0.993401 0.993494 0.993586 0.993677 0.993769 0.99386 0.99395 0.99404 0.99413 0.994219 0.994307 0.994395
          0.987445 0.987529 0.987612 0.987697 0.987781 0.987866 0.987952 0.988037 0.988123 0.988209 0.988296 0.988383
          0.98847 0.988558 0.988646 0.988734 0.988822 0.988911 0.989001 0.98909 0.989181 0.989271 0.989362 0.989453
          0.989544 0.989636 0.989728 0.98982 0.989913 0.990006 0.9901 0.990194 0.990288 0.990382 0.990477 0.990572
          0.990667 0.990763 0.990859 0.990955 0.991051 0.991148 0.991245 0.991342 0.991439 0.991536 0.991634 0.991731
          0.991829 0.991927 0.992024 0.992122 0.992219 0.992317 0.992414 0.992511 0.992608 0.992705 0.992801 0.992898
          0.992993 0.993089 0.993184 0.993279 0.993373 0.993467 0.99356 0.993653 0.993745 0.993837 0.993929 0.99402
          0.99411 0.9942 0.99429 0.994378 0.987324 0.987408 0.987493 0.987579 0.987665 0.987751 0.987837 0.987924
          0.988011 0.988099 0.988186 0.988274 0.988363 0.988452 0.988541 0.98863 0.98872 0.98881 0.988901 0.988992
          0.989083 0.989175 0.989267 0.989359 0.989452 0.989545 0.989638 0.989732 0.989826 0.98992 0.990015 0.99011
          0.990206 0.990302 0.990398 0.990495 0.990592 0.990689 0.990786 0.990884 0.990982 0.99108 0.991179 0.991277
          0.991376 0.991475 0.991575 0.991674 0.991773 0.991873 0.991972 0.992072 0.992171 0.99227 0.99237 0.992469
          0.992567 0.992666 0.992764 0.992862 0.992959 0.993056 0.993153 0.993249 0.993345 0.99344 0.993535 0.993629
          0.993722 0.993815 0.993908 0.994 0.994091 0.994182 0.994272 0.994362 0.987199 0.987285 0.987371 0.987458
          0.987545 0.987632 0.98772 0.987808 0.987896 0.987985 0.988073 0.988163 0.988252 0.988342 0.988432 0.988523
          0.988614 0.988705 0.988797 0.988889 0.988982 0.989075 0.989168 0.989262 0.989356 0.98945 0.989545 0.98964
          0.989735 0.989831 0.989927 0.990024 0.990121 0.990218 0.990316 0.990414 0.990513 0.990611 0.99071 0.99081
          0.99091 0.99101 0.99111 0.99121 0.991311 0.991412 0.991513 0.991615 0.991716 0.991817 0.991919 0.99202
          0.992122 0.992223 0.992324 0.992425 0.992526 0.992626 0.992726 0.992826 0.992925 0.993024 0.993122 0.993219
          0.993317 0.993413 0.993509 0.993605 0.9937 0.993794 0.993887 0.99398 0.994073 0.994164 0.994255 0.994346
          0.987076 0.987162 0.987248 0.987335 0.987422 0.987511 0.987599 0.987689 0.987778 0.987868 0.987958 0.988048
          0.988138 0.988229 0.98832 0.988412 0.988504 0.988597 0.98869 0.988784 0.988877 0.988972 0.989066 0.989161
          0.989256 0.989352 0.989448 0.989544 0.989641 0.989738 0.989836 0.989934 0.990032 0.990131 0.990231 0.99033
          0.99043 0.990531 0.990631 0.990733 0.990834 0.990936 0.991038 0.99114 0.991243 0.991346 0.991449 0.991553
          0.991656 0.99176 0.991863 0.991967 0.99207 0.992174 0.992277 0.99238 0.992483 0.992585 0.992688 0.992789
          0.99289 0.992991 0.993091 0.99319 0.993289 0.993387 0.993485 0.993581 0.993677 0.993773 0.993868 0.993962
          0.994055 0.994147 0.994239 0.994331 0.986995 0.987071 0.987149 0.98723 0.987314 0.9874 0.987487 0.987575
          0.987664 0.987753 0.987843 0.987933 0.988023 0.988115 0.988206 0.988299 0.988392 0.988486 0.98858 0.988675
          0.98877 0.988865 0.988961 0.989057 0.989153 0.98925 0.989347 0.989445 0.989543 0.989642 0.989741 0.98984
          0.98994 0.990041 0.990142 0.990243 0.990345 0.990447 0.990549 0.990652 0.990755 0.990859 0.990963 0.991068
          0.991172 0.991277 0.991383 0.991488 0.991594 0.9917 0.991806 0.991912 0.992018 0.992124 0.992229 0.992335
          0.99244 0.992545 0.992649 0.992753 0.992856 0.992959 0.993061 0.993162 0.993262 0.993362 0.993461 0.993559
          0.993656 0.993753 0.993849 0.993944 0.994038 0.994131 0.994224 0.994316 0.987302 0.987307 0.98732 0.987341
          0.987373 0.987417 0.987474 0.987541 0.987617 0.987694 0.987773 0.987854 0.987936 0.98802 0.988107 0.988196
          0.988287 0.988379 0.988473 0.988568 0.988663 0.988759 0.988855 0.988951 0.989048 0.989145 0.989243 0.989342
          0.989441 0.989541 0.989642 0.989743 0.989845 0.989947 0.990049 0.990152 0.990255 0.990359 0.990463 0.990568
          0.990673 0.990779 0.990885 0.990991 0.991098 0.991206 0.991313 0.991421 0.991529 0.991638 0.991746 0.991855
          0.991963 0.992072 0.99218 0.992288 0.992396 0.992504 0.99261 0.992717 0.992822 0.992927 0.993031 0.993134
          0.993237 0.993338 0.993438 0.993538 0.993637 0.993734 0.993831 0.993927 0.994022 0.994117 0.99421 0.994303
          0.990085 0.989832 0.989557 0.989267 0.988956 0.988656 0.988382 0.988144 0.988085 0.988094 0.988109 0.988127
          0.98815 0.988177 0.988211 0.988253 0.988304 0.988366 0.988437 0.988517 0.988603 0.98869 0.988778 0.988868
          0.988959 0.989052 0.989146 0.989243 0.989342 0.989442 0.989543 0.989645 0.989748 0.989851 0.989955 0.990058
          0.990163 0.990267 0.990373 0.990479 0.990587 0.990694 0.990803 0.990912 0.991021 0.991131 0.991241 0.991351
          0.991462 0.991573 0.991684 0.991796 0.991907 0.992019 0.99213 0.992241 0.992352 0.992463 0.992572 0.992681
          0.992789 0.992897 0.993003 0.993108 0.993212 0.993316 0.993418 0.993519 0.993619 0.993717 0.993815 0.993912
          0.994008 0.994103 0.994197 0.994291 0.999996 0.999996 0.999996 0.999996 0.999996 0.999996 0.999996 0.999996
          0.991441 0.991079 0.990907 0.990725 0.990532 0.990317 0.990093 0.989857 0.989608 0.989375 0.989175 0.989002
          0.988953 0.988983 0.989019 0.989058 0.989101 0.989148 0.989201 0.989261 0.989329 0.989405 0.98949 0.98958
          0.989677 0.989775 0.989874 0.989974 0.990076 0.990179 0.990283 0.99039 0.990498 0.990607 0.990718 0.990829
          0.990941 0.991053 0.991166 0.991278 0.991391 0.991505 0.991619 0.991734 0.991849 0.991964 0.992079 0.992194
          0.992308 0.992422 0.992535 0.992647 0.992758 0.992868 0.992977 0.993084 0.993191 0.993295 0.993399 0.993501
          0.993603 0.993703 0.993801 0.993899 0.993996 0.994092 0.994186 0.99428 0.999996 0.999996 0.999996 0.999996
          0.999996 0.999996 0.999996 0.999996 0.999996 0.999996 0.999996 0.999996 0.999996 0.999996 0.999996 0.999996
          0.999996 0.999996 0.999996 0.999996 0.991967 0.991566 0.991429 0.991287 0.991133 0.990969 0.990794 0.990611
          0.990426 0.990251 0.990097 0.989964 0.989902 0.98995 0.99001 0.990072 0.990137 0.990206 0.990281 0.990362
          0.99045 0.990547 0.990649 0.990756 0.990867 0.990978 0.991091 0.991204 0.991319 0.991434 0.991551 0.99167
          0.991789 0.991908 0.992027 0.992146 0.992264 0.992381 0.992498 0.992614 0.992729 0.992842 0.992953 0.993063
          0.993172 0.993278 0.993383 0.993487 0.993589 0.99369 0.99379 0.993888 0.993985 0.994082 0.994177 0.994271
          0.999996 0.999996 0.999996 0.999996 0.999996 0.999996 0.999996 0.999996 0.999996 0.999996 0.999996 0.999996
          0.999996 0.999996 0.999996 0.999996 0.999996 0.999996 0.999996 0.999996 0.999996 0.999996 0.999996 0.999996
          0.999996 0.999996 0.999996 0.999996 0.999996 0.999996 0.999996 0.999996 0.9926 0.992052 0.991945 0.991841
          0.991734 0.991611 0.991481 0.991347 0.991206 0.991092 0.990995 0.990919 0.990932 0.991014 0.991103 0.991195
          0.99129 0.991391 0.991498 0.991611 0.99173 0.991851 0.991974 0.992097 0.99222 0.992342 0.992463 0.992584
          0.992703 0.99282 0.992934 0.993047 0.993157 0.993265 0.993371 0.993476 0.993579 0.993681 0.993781 0.99388
          0.993977 0.994074 0.994169 0.994264 0.999996 0.999996 0.999996 0.999996 0.999996 0.999996 0.999996 0.999996
          0.999996 0.999996 0.999996 0.999996 0.999996 0.999996 0.999996 0.999996 0.999996 0.999996 0.999996 0.999996
          0.999996 0.999996 0.999996 0.999996 0.999996 0.999996 0.999996 0.999996 0.999996 0.999996 0.999996 0.999996
          0.999996 0.999996 0.999996 0.999996 0.999996 0.999996 0.999996 0.999996 0.999996 0.999996 0.999996 0.999996
          0.992742 0.99238 0.992314 0.992243 0.992166 0.992087 0.991999 0.991928 0.991894 0.991886 0.991948 0.992061
          0.99218 0.992303 0.992431 0.992558 0.992683 0.992804 0.992921 0.993036 0.993147 0.993257 0.993364 0.993469
          0.993572 0.993674 0.993775 0.993874 0.993972 0.994069 0.994164 0.994259 0.999996 0.999996 0.999996 0.999996
          0.999996 0.999996 0.999996 0.999996 0.999996 0.999996 0.999996 0.999996 0.999996 0.999996 0.999996 0.999996
          0.999996 0.999996 0.999996 0.999996 0.999996 0.999996 0.999996 0.999996 0.999996 0.999996 0.999996 0.999996
          0.999996 0.999996 0.999996 0.999996 0.999996 0.999996 0.999996 0.999996 0.999996 0.999996 0.999996 0.999996
          0.999996 0.999996 0.999996 0.999996 0.999996 0.999996 0.999996 0.999996 0.999996 0.999996 0.999996 0.999996
          0.999996 0.999996 0.992908 0.992527 0.992489 0.992443 0.992442 0.992549 0.992676 0.992799 0.992918 0.993033
          0.993145 0.993254 0.993361 0.993466 0.99357 0.993672 0.993772 0.993871 0.993969 0.994065 0.994161 0.994256
          0.999996 0.999996 0.999996 0.999996 0.999996 0.999996 0.999996 0.999996 0.999996 0.999996 0.999996 0.999996
          0.999996 0.999996 0.999996 0.999996 0.999996 0.999996 0.999996 0.999996 0.999996 0.999996 0.999996 0.999996
          0.999996 0.999996 0.999996 0.999996 0.999996 0.999996 0.999996 0.999996 0.999996 0.999996 0.999996 0.999996
          0.999996 0.999996 0.999996 0.999996 0.999996 0.999996 0.999996 0.999996 0.999996 0.999996 0.999996 0.999996
          0.999996 0.999996 0.999996 0.999996 0.999996 0.999996 0.999996 0.999996 0.999996 0.999996 0.999996 0.993502
          0.992726 0.992803 0.99292 0.993035 0.993147 0.993256 0.993363 0.993468 0.993571 0.993673 0.993773 0.993872
          0.99397 0.994066 0.994162 0.994256
        </DataArray>
        <DataArray type="Float32" Name="x^H2_gas" NumberOfComponents="1" format="ascii">
          0 0 0 0 0 0 0 0 0 0 0 0
          0 0 0 0 0 0 0 0 0 0 0 0
          0 0 0 0 0 0 0 0 0 0 0 0
          0 0 0 0 0 0 0 0 0 0 0 0
          0 0 0 0 0 0 0 0 0 0 0 0
          0 0 0 0 0 0 0 0 0 0 0 0
          0 0 0 0 0 0 0 0 0 0 0 0
          0 0 0 0 0 0 0 0 0 0 0 0
          0 0 0 0 0 0 0 0 0 0 0 0
          0 0 0 0 0 0 0 0 0 0 0 0
          0 0 0 0 0 0 0 0 0 0 0 0
          0 0 0 0 0 0 0 0 0 0 0 0
          0 0 0 0 0 0 0 0 0 0 0 0
          0 0 0 0 0 0 0 0 0 0 0 0
          0 0 0 0 0 0 0 0 0 0 0 0
          0 0 0 0 0 0 0 0 0 0 0 0
          0 0 0 0 0 0 0 0 0 0 0 0
          0 0 0 0 0 0 0 0 0 0 0 0
          0 0 0 0 0 0 0 0 0 0 0 0
          0 0 0 0 0 0 0 0 0 0 0 0
          0 0 0 0 0 0 0 0 0 0 0 0
          0 0 0 0 0 0 0 0 0 0 0 0
          0 0 0 0 0 0 0 0 0 0 0 0
          0 0 0 0 0 0 0 0 0 0 0 0
          0 0 0 0 0 0 0 0 0 0 0 0
          0 0 0 0 0 0 0 0 0 0 0 0
          0 0 0 0 0 0 0 0 0 0 0 0
          0 0 0 0 0 0 0 0 0 0 0 0
          0 0 0 0 0 0 0 0 0 0 0 0
          0 0 0 0 0 0 0 0 0 0 0 0
          0 0 0 0 0 0 0 0 0 0 0 0
          0 0 0 0 0 0 0 0 0 0 0 0
          0 0 0 0 0 0 0 0 0 0 0 0
          0 0 0 0 0 0 0 0 0 0 0 0
          0 0 0 0 0 0 0 0 0 0 0 0
          0 0 0 0 0 0 0 0 0 0 0 0
          0 0 0 0 0 0 0 0 0 0 0 0
          0 0 0 0 0 0 0 0 0 0 0 0
          0 0 0 0 0 0 0 0 0 0 0 0
          0 0 0 0 0 0 0 0 0 0 0 0
          0 0 0 0 0 0 0 0 0 0 0 0
          0 0 0 0 0 0 0 0 0 0 0 0
          0 0 0 0 0 0 0 0 0 0 0 0
          0 0 0 0 0 0 0 0 0 0 0 0
          0 0 0 0 0 0 0 0 0 0 0 0
          0 0 0 0 0 0 0 0 0 0 0 0
          0 0 0 0 0 0 0 0 0 0 0 0
          0 0 0 0 0 0 0 0 0 0 0 0
          0 0 0 0 0 0 0 0 0 0 0 0
          0 0 0 0 0 0 0 0 0 0 0 0
          0 0 0 0 0 0 0 0 0 0 0 0
          0 0 0 0 0 0 0 0 0 0 0 0
          0 0 0 0 0 0 0 0 0 0 0 0
          0 0 0 0 0 0 0 0 0 0 0 0
          0 0 0 0 0 0 0 0 0 0 0 0
          0 0 0 0 0 0 0 0 0 0 0 0
          0 0 0 0 0 0 0 0 0 0 0 0
          0 0 0 0 0 0 0 0 0 0 0 0
          0 0 0 0 0 0 0 0 0 0 0 0
          0 0 0 0 0 0 0 0 0 0 0 0
          0 0 0 0 0 0 0 0 0 0 0 0
          0 0 0 0 0 0 0 0 0 0 0 0
          0 0 0 0 0 0 0 0 0 0 0 0
          0 0 0 0 0 0 0 0 0 0 0 0
          0 0 0 0 0 0 0 0 0 0 0 0
          0 0 0 0 0 0 0 0 0 0 0 0
          0 0 0 0 0 0 0 0 0 0 0 0
          0 0 0 0 0 0 0 0 0 0 0 0
          0 0 0 0 0 0 0 0 0 0 0 0
          0 0 0 0 0 0 0 0 0 0 0 0
          0 0 0 0 0 0 0 0 0 0 0 0
          0 0 0 0 0 0 0 0 0 0 0 0
          0 0 0 0 0 0 0 0 0 0 0 0
          0 0 0 0 0 0 0 0 0 0 0 0
          0 0 0 0 0 0 0 0 0 0 0 0
          0 0 0 0 0 0 0 0 0 0 0 0
          0 0 0 0 0 0 0 0 0 0 0 0
          0 0 0 0 0 0 0 0 0 0 0 0
          0 0 0 0 0 0 0 0 0 0 0 0
          0 0 0 0 0 0 0 0 0 0 0 0
          0 0 0 0 0 0 0 0 0 0 0 0
          0 0 0 0 0 0 0 0 0 0 0 0
          0 0 0 0 0 0 0 0 0 0 0 0
          0 0 0 0 0 0 0 0 0 0 0 0
          0 0 0 0 0 0 0 0 0 0 0 0
          0 0 0 0 0 0 0 0 0 0 0 0
          0 0 0 0 0 0 0 0 0 0 0 0
          0 0 0 0 0 0 0 0 0 0 0 0
          0 0 0 0 0 0 0 0 0 0 0 0
          0 0 0 0 0 0 0 0 0 0 0 0
          0 0 0 0 0 0 0 0 0 0 0 0
          0 0 0 0 0 0 0 0 0 0 0 0
          0 0 0 0 0 0 0 0 0 0 0 0
          0 0 0 0 0 0 0 0 0 0 0 0
          0 0 0 0 0 0 0 0 0 0 0 0
          0 0 0 0 0 0 0 0 0 0 0 0
          0 0 0 0 0 0 0 0 0 0 0 0
          0 0 0 0 0 0 0 0 0 0 0 0
          0 0 0 0 0 0 0 0 0 0 0 0
          0 0 0 0 0 0 0 0 0 0 0 0
          0 0 0 0 0 0 0 0 0 0 0 0
          0 0 0 0 0 0 0 0 0 0 0 0
          0 0 0 0 0 0 0 0 0 0 0 0
          0 0 0 0 0 0 0 0 0 0 0 0
          0 0 0 0 0 0 0 0 0 0 0 0
          0 0 0 0 0 0 0 0 0 0 0 0
          0 0 0 0 0 0 0 0 0 0 0 0
          0 0 0 0 0 0 0 0 0 0 0 0
          0 0 0 0 0 0 0 0 0 0 0 0
          0 0 0 0 0 0 0 0 0 0 0 0
          0 0 0 0 0 0 0 0 0 0 0 0
          0 0 0 0 0 0 0 0 0 0 0 0
          0 0 0 0 0 0 0 0 0 0 0 0
          0 0 0 0 0 0 0 0 0 0 0 0
          0 0 0 0 0 0 0 0 0 0 0 0
          0 0 0 0 0 0 0 0 0 0 0 0
          0 0 0 0 0 0 0 0 0 0 0 0
          0 0 0 0 0 0 0 0 0 0 0 0
          0 0 0 0 0 0 0 0 0 0 0 0
          0 0 0 0 0 0 0 0 0 0 0 0
          0 0 0 0 0 0 0 0 0 0 0 0
          0 0 0 0 0 0 0 0 0 0 0 0
          0 0 0 0 0 0 0 0 0 0 0 0
          0 0 0 0 0 0 0 0 0 0 0 0
          0 0 0 0 0 0 0 0 0 0 0 0
          0 0 0 0 0 0 0 0 0 0 0 0
          0 0 0 0 0 0 0 0 0 0 0 0
          0 0 0 0 0 0 0 0 0 0 0 0
          0 0 0 0 0 0 0 0 0 0 0 0
          0 0 0 0 0 0 0 0 0 0 0 0
          0 0 0 0 0 0 0 0 0 0 0 0
          0 0 0 0 0 0 0 0 0 0 0 0
          0 0 0 0 0 0 0 0 0 0 0 0
          0 0 0 0 0 0 0 0 0 0 0 0
          0 0 0 0 0 0 0 0 0 0 0 0
          0 0 0 0 0 0 0 0 0 0 0 0
          0 0 0 0 0 0 0 0 0 0 0 0
          0 0 0 0 0 0 0 0 0 0 0 0
          0 0 0 0 0 0 0 0 0 0 0 0
          0 0 0 0 0 0 0 0 0 0 0 0
          0 0 0 0 0 0 0 0 0 0 0 0
          0 0 0 0 0 0 0 0 0 0 0 0
          0 0 0 0 0 0 0 0 0 0 0 0
          0 0 0 0 0 0 0 0 0 0 0 0
          0 0 0 0 0 0 0 0 0 0 0 0
          0 0 0 0 0 0 0 0 0 0 0 0
          0 0 0 0 0 0 0 0 0 0 0 0
          0 0 0 0 0 0 0 0 0 0 0 0
          0 0 0 0 0 0 0 0 0 0 0 0
          0 0 0 0 0 0 0 0 0 0 0 0
          0 0 0 0 0 0 0 0 0 0 0 0
          0 0 0 0 0 0 0 0 0 0 0 0
          0 0 0 0 0 0 0 0 0 0 0 0
          0 0 0 0 0 0 0 0 0 0 0 0
          0 0 0 0 0 0 0 0 0 0 0 0
          0 0 0 0 0 0 0 0 0 0 0 0
          0 0 0 0 0 0 0 0 0 0 0 0
          0 0 0 0 0 0 0 0 0 0 0 0
          0 0 0 0 0 0 0 0 0 0 0 0
          0 0 0 0 0 0 0 0 0 0 0 0
          0 0 0 0 0 0 0 0 0 0 0 0
          0 0 0 0 0 0 0 0 0 0 0 0
          0 0 0 0 0 0 0 0 0 0 0 0
          0 0 0 0 0 0 0 0 0 0 0 0
          0 0 0 0 0 0 0 0 0 0 0 0
          0 0 0 0 0 0 0 0 0 0 0 0
          0 0 0 0 0 0 0 0 0 0 0 0
          0 0 0 0 0 0 0 0 0 0 0 0
          0 0 0 0 0 0 0 0 0 0 0 0
          0 0 0 0 0 0 0 0 0 0 0 0
          0 0 0 0 0 0 0 0 0 0 0 0
          0 0 0 0 0 0 0 0 0 0 0 0
          0 0 0 0 0 0 0 0 0 0 0 0
          0 0 0 0 0 0 0 0 0 0 0 0
          0 0 0 0 0 0 0 0 0 0 0 0
          0 0 0 0 0 0 0 0 0 0 0 0
          0 0 0 0 0 0 0 0 0 0 0 0
          0 0 0 0 0 0 0 0 0 0 0 0
          0 0 0 0 0 0 0 0 0 0 0 0
          0 0 0 0 0 0 0 0 0 0 0 0
          0 0 0 0 0 0 0 0 0 0 0 0
          0 0 0 0 0 0 0 0 0 0 0 0
          0 0 0 0 0 0 0 0 0 0 0 0
          0 0 0 0 0 0 0 0 0 0 0 0
          0 0 0 0 0 0 0 0 0 0 0 0
          0 0 0 0 0 0 0 0 0 0 0 0
          0 0 0 0 0 0 0 0 0 0 0 0
          0 0 0 0 0 0 0 0 0 0 0 0
          0 0 0 0 0 0 0 0 0 0 0 0
          0 0 0 0 0 0 0 0 0 0 0 0
          0 0 0 0 0 0 0 0 0 0 0 0
          0 0 0 0 0 0 0 0 0 0 0 0
          0 0 0 0 0 0 0 0 0 0 0 0
          0 0 0 0 0 0 0 0 0 0 0 0
          0 0 0 0 0 0 0 0 0 0 0 0
          0 0 0 0 0 0 0 0 0 0 0 0
          0 0 0 0
        </DataArray>
        <DataArray type="Float32" Name="x^CO2_gas" NumberOfComponents="1" format="ascii">
          0 0 0 0 0 0 0 0 0 0 0 0
          0 0 0 0 0 0 0 0 0 0 0 0
          0 0 0 0 0 0 0 0 0 0 0 0
          0 0 0 0 0 0 0 0 0 0 0 0
          0 0 0 0 0 0 0 0 0 0 0 0
          0 0 0 0 0 0 0 0 0 0 0 0
          0 0 0 0 0 0 0 0 0 0 0 0
          0 0 0 0 0 0 0 0 0 0 0 0
          0 0 0 0 0 0 0 0 0 0 0 0
          0 0 0 0 0 0 0 0 0 0 0 0
          0 0 0 0 0 0 0 0 0 0 0 0
          0 0 0 0 0 0 0 0 0 0 0 0
          0 0 0 0 0 0 0 0 0 0 0 0
          0 0 0 0 0 0 0 0 0 0 0 0
          0 0 0 0 0 0 0 0 0 0 0 0
          0 0 0 0 0 0 0 0 0 0 0 0
          0 0 0 0 0 0 0 0 0 0 0 0
          0 0 0 0 0 0 0 0 0 0 0 0
          0 0 0 0 0 0 0 0 0 0 0 0
          0 0 0 0 0 0 0 0 0 0 0 0
          0 0 0 0 0 0 0 0 0 0 0 0
          0 0 0 0 0 0 0 0 0 0 0 0
          0 0 0 0 0 0 0 0 0 0 0 0
          0 0 0 0 0 0 0 0 0 0 0 0
          0 0 0 0 0 0 0 0 0 0 0 0
          0 0 0 0 0 0 0 0 0 0 0 0
          0 0 0 0 0 0 0 0 0 0 0 0
          0 0 0 0 0 0 0 0 0 0 0 0
          0 0 0 0 0 0 0 0 0 0 0 0
          0 0 0 0 0 0 0 0 0 0 0 0
          0 0 0 0 0 0 0 0 0 0 0 0
          0 0 0 0 0 0 0 0 0 0 0 0
          0 0 0 0 0 0 0 0 0 0 0 0
          0 0 0 0 0 0 0 0 0 0 0 0
          0 0 0 0 0 0 0 0 0 0 0 0
          0 0 0 0 0 0 0 0 0 0 0 0
          0 0 0 0 0 0 0 0 0 0 0 0
          0 0 0 0 0 0 0 0 0 0 0 0
          0 0 0 0 0 0 0 0 0 0 0 0
          0 0 0 0 0 0 0 0 0 0 0 0
          0 0 0 0 0 0 0 0 0 0 0 0
          0 0 0 0 0 0 0 0 0 0 0 0
          0 0 0 0 0 0 0 0 0 0 0 0
          0 0 0 0 0 0 0 0 0 0 0 0
          0 0 0 0 0 0 0 0 0 0 0 0
          0 0 0 0 0 0 0 0 0 0 0 0
          0 0 0 0 0 0 0 0 0 0 0 0
          0 0 0 0 0 0 0 0 0 0 0 0
          0 0 0 0 0 0 0 0 0 0 0 0
          0 0 0 0 0 0 0 0 0 0 0 0
          0 0 0 0 0 0 0 0 0 0 0 0
          0 0 0 0 0 0 0 0 0 0 0 0
          0 0 0 0 0 0 0 0 0 0 0 0
          0 0 0 0 0 0 0 0 0 0 0 0
          0 0 0 0 0 0 0 0 0 0 0 0
          0 0 0 0 0 0 0 0 0 0 0 0
          0 0 0 0 0 0 0 0 0 0 0 0
          0 0 0 0 0 0 0 0 0 0 0 0
          0 0 0 0 0 0 0 0 0 0 0 0
          0 0 0 0 0 0 0 0 0 0 0 0
          0 0 0 0 0 0 0 0 0 0 0 0
          0 0 0 0 0 0 0 0 0 0 0 0
          0 0 0 0 0 0 0 0 0 0 0 0
          0 0 0 0 0 0 0 0 0 0 0 0
          0 0 0 0 0 0 0 0 0 0 0 0
          0 0 0 0 0 0 0 0 0 0 0 0
          0 0 0 0 0 0 0 0 0 0 0 0
          0 0 0 0 0 0 0 0 0 0 0 0
          0 0 0 0 0 0 0 0 0 0 0 0
          0 0 0 0 0 0 0 0 0 0 0 0
          0 0 0 0 0 0 0 0 0 0 0 0
          0 0 0 0 0 0 0 0 0 0 0 0
          0 0 0 0 0 0 0 0 0 0 0 0
          0 0 0 0 0 0 0 0 0 0 0 0
          0 0 0 0 0 0 0 0 0 0 0 0
          0 0 0 0 0 0 0 0 0 0 0 0
          0 0 0 0 0 0 0 0 0 0 0 0
          0 0 0 0 0 0 0 0 0 0 0 0
          0 0 0 0 0 0 0 0 0 0 0 0
          0 0 0 0 0 0 0 0 0 0 0 0
          0 0 0 0 0 0 0 0 0 0 0 0
          0 0 0 0 0 0 0 0 0 0 0 0
          0 0 0 0 0 0 0 0 0 0 0 0
          0 0 0 0 0 0 0 0 0 0 0 0
          0 0 0 0 0 0 0 0 0 0 0 0
          0 0 0 0 0 0 0 0 0 0 0 0
          0 0 0 0 0 0 0 0 0 0 0 0
          0 0 0 0 0 0 0 0 0 0 0 0
          0 0 0 0 0 0 0 0 0 0 0 0
          0 0 0 0 0 0 0 0 0 0 0 0
          0 0 0 0 0 0 0 0 0 0 0 0
          0 0 0 0 0 0 0 0 0 0 0 0
          0 0 0 0 0 0 0 0 0 0 0 0
          0 0 0 0 0 0 0 0 0 0 0 0
          0 0 0 0 0 0 0 0 0 0 0 0
          0 0 0 0 0 0 0 0 0 0 0 0
          0 0 0 0 0 0 0 0 0 0 0 0
          0 0 0 0 0 0 0 0 0 0 0 0
          0 0 0 0 0 0 0 0 0 0 0 0
          0 0 0 0 0 0 0 0 0 0 0 0
          0 0 0 0 0 0 0 0 0 0 0 0
          0 0 0 0 0 0 0 0 0 0 0 0
          0 0 0 0 0 0 0 0 0 0 0 0
          0 0 0 0 0 0 0 0 0 0 0 0
          0 0 0 0 0 0 0 0 0 0 0 0
          0 0 0 0 0 0 0 0 0 0 0 0
          0 0 0 0 0 0 0 0 0 0 0 0
          0 0 0 0 0 0 0 0 0 0 0 0
          0 0 0 0 0 0 0 0 0 0 0 0
          0 0 0 0 0 0 0 0 0 0 0 0
          0 0 0 0 0 0 0 0 0 0 0 0
          0 0 0 0 0 0 0 0 0 0 0 0
          0 0 0 0 0 0 0 0 0 0 0 0
          0 0 0 0 0 0 0 0 0 0 0 0
          0 0 0 0 0 0 0 0 0 0 0 0
          0 0 0 0 0 0 0 0 0 0 0 0
          0 0 0 0 0 0 0 0 0 0 0 0
          0 0 0 0 0 0 0 0 0 0 0 0
          0 0 0 0 0 0 0 0 0 0 0 0
          0 0 0 0 0 0 0 0 0 0 0 0
          0 0 0 0 0 0 0 0 0 0 0 0
          0 0 0 0 0 0 0 0 0 0 0 0
          0 0 0 0 0 0 0 0 0 0 0 0
          0 0 0 0 0 0 0 0 0 0 0 0
          0 0 0 0 0 0 0 0 0 0 0 0
          0 0 0 0 0 0 0 0 0 0 0 0
          0 0 0 0 0 0 0 0 0 0 0 0
          0 0 0 0 0 0 0 0 0 0 0 0
          0 0 0 0 0 0 0 0 0 0 0 0
          0 0 0 0 0 0 0 0 0 0 0 0
          0 0 0 0 0 0 0 0 0 0 0 0
          0 0 0 0 0 0 0 0 0 0 0 0
          0 0 0 0 0 0 0 0 0 0 0 0
          0 0 0 0 0 0 0 0 0 0 0 0
          0 0 0 0 0 0 0 0 0 0 0 0
          0 0 0 0 0 0 0 0 0 0 0 0
          0 0 0 0 0 0 0 0 0 0 0 0
          0 0 0 0 0 0 0 0 0 0 0 0
          0 0 0 0 0 0 0 0 0 0 0 0
          0 0 0 0 0 0 0 0 0 0 0 0
          0 0 0 0 0 0 0 0 0 0 0 0
          0 0 0 0 0 0 0 0 0 0 0 0
          0 0 0 0 0 0 0 0 0 0 0 0
          0 0 0 0 0 0 0 0 0 0 0 0
          0 0 0 0 0 0 0 0 0 0 0 0
          0 0 0 0 0 0 0 0 0 0 0 0
          0 0 0 0 0 0 0 0 0 0 0 0
          0 0 0 0 0 0 0 0 0 0 0 0
          0 0 0 0 0 0 0 0 0 0 0 0
          0 0 0 0 0 0 0 0 0 0 0 0
          0 0 0 0 0 0 0 0 0 0 0 0
          0 0 0 0 0 0 0 0 0 0 0 0
          0 0 0 0 0 0 0 0 0 0 0 0
          0 0 0 0 0 0 0 0 0 0 0 0
          0 0 0 0 0 0 0 0 0 0 0 0
          0 0 0 0 0 0 0 0 0 0 0 0
          0 0 0 0 0 0 0 0 0 0 0 0
          0 0 0 0 0 0 0 0 0 0 0 0
          0 0 0 0 0 0 0 0 0 0 0 0
          0 0 0 0 0 0 0 0 0 0 0 0
          0 0 0 0 0 0 0 0 0 0 0 0
          0 0 0 0 0 0 0 0 0 0 0 0
          0 0 0 0 0 0 0 0 0 0 0 0
          0 0 0 0 0 0 0 0 0 0 0 0
          0 0 0 0 0 0 0 0 0 0 0 0
          0 0 0 0 0 0 0 0 0 0 0 0
          0 0 0 0 0 0 0 0 0 0 0 0
          0 0 0 0 0 0 0 0 0 0 0 0
          0 0 0 0 0 0 0 0 0 0 0 0
          0 0 0 0 0 0 0 0 0 0 0 0
          0 0 0 0 0 0 0 0 0 0 0 0
          0 0 0 0 0 0 0 0 0 0 0 0
          0 0 0 0 0 0 0 0 0 0 0 0
          0 0 0 0 0 0 0 0 0 0 0 0
          0 0 0 0 0 0 0 0 0 0 0 0
          0 0 0 0 0 0 0 0 0 0 0 0
          0 0 0 0 0 0 0 0 0 0 0 0
          0 0 0 0 0 0 0 0 0 0 0 0
          0 0 0 0 0 0 0 0 0 0 0 0
          0 0 0 0 0 0 0 0 0 0 0 0
          0 0 0 0 0 0 0 0 0 0 0 0
          0 0 0 0 0 0 0 0 0 0 0 0
          0 0 0 0 0 0 0 0 0 0 0 0
          0 0 0 0 0 0 0 0 0 0 0 0
          0 0 0 0 0 0 0 0 0 0 0 0
          0 0 0 0 0 0 0 0 0 0 0 0
          0 0 0 0 0 0 0 0 0 0 0 0
          0 0 0 0 0 0 0 0 0 0 0 0
          0 0 0 0 0 0 0 0 0 0 0 0
          0 0 0 0 0 0 0 0 0 0 0 0
          0 0 0 0 0 0 0 0 0 0 0 0
          0 0 0 0 0 0 0 0 0 0 0 0
          0 0 0 0 0 0 0 0 0 0 0 0
          0 0 0 0 0 0 0 0 0 0 0 0
          0 0 0 0 0 0 0 0 0 0 0 0
          0 0 0 0 0 0 0 0 0 0 0 0
          0 0 0 0
        </DataArray>
        <DataArray type="Float32" Name="x^N2_gas" NumberOfComponents="1" format="ascii">
          0 0 0 0 0 0 0 0 0 0 0 0
          0 0 0 0 0 0 0 0 0 0 0 0
          0 0 0 0 0 0 0 0 0 0 0 0
          0 0 0 0 0 0 0 0 0 0 0 0
          0 0 0 0 0 0 0 0 0 0 0 0
          0 0 0 0 0 0 0 0 0 0 0 0
          0 0 0 0 0 0 0 0 0 0 0 0
          0 0 0 0 0 0 0 0 0 0 0 0
          0 0 0 0 0 0 0 0 0 0 0 0
          0 0 0 0 0 0 0 0 0 0 0 0
          0 0 0 0 0 0 0 0 0 0 0 0
          0 0 0 0 0 0 0 0 0 0 0 0
          0 0 0 0 0 0 0 0 0 0 0 0
          0 0 0 0 0 0 0 0 0 0 0 0
          0 0 0 0 0 0 0 0 0 0 0 0
          0 0 0 0 0 0 0 0 0 0 0 0
          0 0 0 0 0 0 0 0 0 0 0 0
          0 0 0 0 0 0 0 0 0 0 0 0
          0 0 0 0 0 0 0 0 0 0 0 0
          0 0 0 0 0 0 0 0 0 0 0 0
          0 0 0 0 0 0 0 0 0 0 0 0
          0 0 0 0 0 0 0 0 0 0 0 0
          0 0 0 0 0 0 0 0 0 0 0 0
          0 0 0 0 0 0 0 0 0 0 0 0
          0 0 0 0 0 0 0 0 0 0 0 0
          0 0 0 0 0 0 0 0 0 0 0 0
          0 0 0 0 0 0 0 0 0 0 0 0
          0 0 0 0 0 0 0 0 0 0 0 0
          0 0 0 0 0 0 0 0 0 0 0 0
          0 0 0 0 0 0 0 0 0 0 0 0
          0 0 0 0 0 0 0 0 0 0 0 0
          0 0 0 0 0 0 0 0 0 0 0 0
          0 0 0 0 0 0 0 0 0 0 0 0
          0 0 0 0 0 0 0 0 0 0 0 0
          0 0 0 0 0 0 0 0 0 0 0 0
          0 0 0 0 0 0 0 0 0 0 0 0
          0 0 0 0 0 0 0 0 0 0 0 0
          0 0 0 0 0 0 0 0 0 0 0 0
          0 0 0 0 0 0 0 0 0 0 0 0
          0 0 0 0 0 0 0 0 0 0 0 0
          0 0 0 0 0 0 0 0 0 0 0 0
          0 0 0 0 0 0 0 0 0 0 0 0
          0 0 0 0 0 0 0 0 0 0 0 0
          0 0 0 0 0 0 0 0 0 0 0 0
          0 0 0 0 0 0 0 0 0 0 0 0
          0 0 0 0 0 0 0 0 0 0 0 0
          0 0 0 0 0 0 0 0 0 0 0 0
          0 0 0 0 0 0 0 0 0 0 0 0
          0 0 0 0 0 0 0 0 0 0 0 0
          0 0 0 0 0 0 0 0 0 0 0 0
          0 0 0 0 0 0 0 0 0 0 0 0
          0 0 0 0 0 0 0 0 0 0 0 0
          0 0 0 0 0 0 0 0 0 0 0 0
          0 0 0 0 0 0 0 0 0 0 0 0
          0 0 0 0 0 0 0 0 0 0 0 0
          0 0 0 0 0 0 0 0 0 0 0 0
          0 0 0 0 0 0 0 0 0 0 0 0
          0 0 0 0 0 0 0 0 0 0 0 0
          0 0 0 0 0 0 0 0 0 0 0 0
          0 0 0 0 0 0 0 0 0 0 0 0
          0 0 0 0 0 0 0 0 0 0 0 0
          0 0 0 0 0 0 0 0 0 0 0 0
          0 0 0 0 0 0 0 0 0 0 0 0
          0 0 0 0 0 0 0 0 0 0 0 0
          0 0 0 0 0 0 0 0 0 0 0 0
          0 0 0 0 0 0 0 0 0 0 0 0
          0 0 0 0 0 0 0 0 0 0 0 0
          0 0 0 0 0 0 0 0 0 0 0 0
          0 0 0 0 0 0 0 0 0 0 0 0
          0 0 0 0 0 0 0 0 0 0 0 0
          0 0 0 0 0 0 0 0 0 0 0 0
          0 0 0 0 0 0 0 0 0 0 0 0
          0 0 0 0 0 0 0 0 0 0 0 0
          0 0 0 0 0 0 0 0 0 0 0 0
          0 0 0 0 0 0 0 0 0 0 0 0
          0 0 0 0 0 0 0 0 0 0 0 0
          0 0 0 0 0 0 0 0 0 0 0 0
          0 0 0 0 0 0 0 0 0 0 0 0
          0 0 0 0 0 0 0 0 0 0 0 0
          0 0 0 0 0 0 0 0 0 0 0 0
          0 0 0 0 0 0 0 0 0 0 0 0
          0 0 0 0 0 0 0 0 0 0 0 0
          0 0 0 0 0 0 0 0 0 0 0 0
          0 0 0 0 0 0 0 0 0 0 0 0
          0 0 0 0 0 0 0 0 0 0 0 0
          0 0 0 0 0 0 0 0 0 0 0 0
          0 0 0 0 0 0 0 0 0 0 0 0
          0 0 0 0 0 0 0 0 0 0 0 0
          0 0 0 0 0 0 0 0 0 0 0 0
          0 0 0 0 0 0 0 0 0 0 0 0
          0 0 0 0 0 0 0 0 0 0 0 0
          0 0 0 0 0 0 0 0 0 0 0 0
          0 0 0 0 0 0 0 0 0 0 0 0
          0 0 0 0 0 0 0 0 0 0 0 0
          0 0 0 0 0 0 0 0 0 0 0 0
          0 0 0 0 0 0 0 0 0 0 0 0
          0 0 0 0 0 0 0 0 0 0 0 0
          0 0 0 0 0 0 0 0 0 0 0 0
          0 0 0 0 0 0 0 0 0 0 0 0
          0 0 0 0 0 0 0 0 0 0 0 0
          0 0 0 0 0 0 0 0 0 0 0 0
          0 0 0 0 0 0 0 0 0 0 0 0
          0 0 0 0 0 0 0 0 0 0 0 0
          0 0 0 0 0 0 0 0 0 0 0 0
          0 0 0 0 0 0 0 0 0 0 0 0
          0 0 0 0 0 0 0 0 0 0 0 0
          0 0 0 0 0 0 0 0 0 0 0 0
          0 0 0 0 0 0 0 0 0 0 0 0
          0 0 0 0 0 0 0 0 0 0 0 0
          0 0 0 0 0 0 0 0 0 0 0 0
          0 0 0 0 0 0 0 0 0 0 0 0
          0 0 0 0 0 0 0 0 0 0 0 0
          0 0 0 0 0 0 0 0 0 0 0 0
          0 0 0 0 0 0 0 0 0 0 0 0
          0 0 0 0 0 0 0 0 0 0 0 0
          0 0 0 0 0 0 0 0 0 0 0 0
          0 0 0 0 0 0 0 0 0 0 0 0
          0 0 0 0 0 0 0 0 0 0 0 0
          0 0 0 0 0 0 0 0 0 0 0 0
          0 0 0 0 0 0 0 0 0 0 0 0
          0 0 0 0 0 0 0 0 0 0 0 0
          0 0 0 0 0 0 0 0 0 0 0 0
          0 0 0 0 0 0 0 0 0 0 0 0
          0 0 0 0 0 0 0 0 0 0 0 0
          0 0 0 0 0 0 0 0 0 0 0 0
          0 0 0 0 0 0 0 0 0 0 0 0
          0 0 0 0 0 0 0 0 0 0 0 0
          0 0 0 0 0 0 0 0 0 0 0 0
          0 0 0 0 0 0 0 0 0 0 0 0
          0 0 0 0 0 0 0 0 0 0 0 0
          0 0 0 0 0 0 0 0 0 0 0 0
          0 0 0 0 0 0 0 0 0 0 0 0
          0 0 0 0 0 0 0 0 0 0 0 0
          0 0 0 0 0 0 0 0 0 0 0 0
          0 0 0 0 0 0 0 0 0 0 0 0
          0 0 0 0 0 0 0 0 0 0 0 0
          0 0 0 0 0 0 0 0 0 0 0 0
          0 0 0 0 0 0 0 0 0 0 0 0
          0 0 0 0 0 0 0 0 0 0 0 0
          0 0 0 0 0 0 0 0 0 0 0 0
          0 0 0 0 0 0 0 0 0 0 0 0
          0 0 0 0 0 0 0 0 0 0 0 0
          0 0 0 0 0 0 0 0 0 0 0 0
          0 0 0 0 0 0 0 0 0 0 0 0
          0 0 0 0 0 0 0 0 0 0 0 0
          0 0 0 0 0 0 0 0 0 0 0 0
          0 0 0 0 0 0 0 0 0 0 0 0
          0 0 0 0 0 0 0 0 0 0 0 0
          0 0 0 0 0 0 0 0 0 0 0 0
          0 0 0 0 0 0 0 0 0 0 0 0
          0 0 0 0 0 0 0 0 0 0 0 0
          0 0 0 0 0 0 0 0 0 0 0 0
          0 0 0 0 0 0 0 0 0 0 0 0
          0 0 0 0 0 0 0 0 0 0 0 0
          0 0 0 0 0 0 0 0 0 0 0 0
          0 0 0 0 0 0 0 0 0 0 0 0
          0 0 0 0 0 0 0 0 0 0 0 0
          0 0 0 0 0 0 0 0 0 0 0 0
          0 0 0 0 0 0 0 0 0 0 0 0
          0 0 0 0 0 0 0 0 0 0 0 0
          0 0 0 0 0 0 0 0 0 0 0 0
          0 0 0 0 0 0 0 0 0 0 0 0
          0 0 0 0 0 0 0 0 0 0 0 0
          0 0 0 0 0 0 0 0 0 0 0 0
          0 0 0 0 0 0 0 0 0 0 0 0
          0 0 0 0 0 0 0 0 0 0 0 0
          0 0 0 0 0 0 0 0 0 0 0 0
          0 0 0 0 0 0 0 0 0 0 0 0
          0 0 0 0 0 0 0 0 0 0 0 0
          0 0 0 0 0 0 0 0 0 0 0 0
          0 0 0 0 0 0 0 0 0 0 0 0
          0 0 0 0 0 0 0 0 0 0 0 0
          0 0 0 0 0 0 0 0 0 0 0 0
          0 0 0 0 0 0 0 0 0 0 0 0
          0 0 0 0 0 0 0 0 0 0 0 0
          0 0 0 0 0 0 0 0 0 0 0 0
          0 0 0 0 0 0 0 0 0 0 0 0
          0 0 0 0 0 0 0 0 0 0 0 0
          0 0 0 0 0 0 0 0 0 0 0 0
          0 0 0 0 0 0 0 0 0 0 0 0
          0 0 0 0 0 0 0 0 0 0 0 0
          0 0 0 0 0 0 0 0 0 0 0 0
          0 0 0 0 0 0 0 0 0 0 0 0
          0 0 0 0 0 0 0 0 0 0 0 0
          0 0 0 0 0 0 0 0 0 0 0 0
          0 0 0 0 0 0 0 0 0 0 0 0
          0 0 0 0 0 0 0 0 0 0 0 0
          0 0 0 0 0 0 0 0 0 0 0 0
          0 0 0 0 0 0 0 0 0 0 0 0
          0 0 0 0 0 0 0 0 0 0 0 0
          0 0 0 0 0 0 0 0 0 0 0 0
          0 0 0 0 0 0 0 0 0 0 0 0
          0 0 0 0 0 0 0 0 0 0 0 0
          0 0 0 0 0 0 0 0 0 0 0 0
          0 0 0 0 0 0 0 0 0 0 0 0
          0 0 0 0 0 0 0 0 0 0 0 0
          0 0 0 0
        </DataArray>
        <DataArray type="Float32" Name="rhoMolar_gas" NumberOfComponents="1" format="ascii">
          7444.63 7444.29 7436.7 7436.36 7443.94 7436.01 7443.59 7435.67 7443.24 7435.32 7442.89 7434.97
          7442.54 7434.61 7442.18 7434.26 7441.82 7433.9 7441.46 7433.54 7441.1 7433.18 7440.73 7432.81
          7440.36 7432.45 7439.99 7432.08 7439.62 7431.71 7439.25 7431.34 7438.87 7430.96 7438.49 7430.58
          7438.11 7430.2 7437.73 7429.82 7437.35 7429.44 7436.96 7429.05 7436.57 7428.67 7436.18 7428.28
          7435.79 7427.89 7435.4 7427.49 7435 7427.1 7434.6 7426.7 7434.2 7426.3 7433.8 7425.9
          7433.4 7425.5 7433 7425.1 7432.59 7424.69 7432.18 7424.29 7431.77 7423.88 7431.36 7423.47
          7430.95 7423.06 7430.54 7422.65 7430.12 7422.23 7429.71 7421.82 7429.29 7421.4 7428.87 7420.98
          7428.45 7420.56 7428.03 7420.14 7427.61 7419.72 7427.19 7419.3 7426.76 7418.88 7426.34 7418.45
          7425.92 7418.03 7425.49 7417.6 7425.06 7417.18 7424.63 7416.75 7424.21 7416.32 7423.78 7415.89
          7423.35 7415.46 7422.92 7415.03 7422.49 7414.6 7422.06 7414.18 7421.63 7413.75 7421.2 7413.31
          7420.77 7412.88 7420.34 7412.45 7419.91 7412.02 7419.47 7411.59 7419.04 7411.16 7418.61 7410.73
          7418.18 7410.3 7417.75 7409.87 7417.32 7409.44 7416.89 7409.01 7416.46 7408.58 7416.04 7408.15
          7415.61 7407.73 7415.18 7407.3 7414.75 7406.87 7414.33 7406.45 7428.7 7428.36 7428.02 7427.67
          7427.33 7426.98 7426.63 7426.27 7425.92 7425.56 7425.2 7424.84 7424.48 7424.11 7423.74 7423.37
          7423 7422.62 7422.25 7421.87 7421.49 7421.1 7420.72 7420.33 7419.94 7419.55 7419.16 7418.76
          7418.36 7417.97 7417.57 7417.16 7416.76 7416.36 7415.95 7415.54 7415.13 7414.72 7414.31 7413.89
          7413.48 7413.06 7412.64 7412.22 7411.8 7411.38 7410.96 7410.54 7410.11 7409.69 7409.26 7408.84
          7408.41 7407.98 7407.56 7407.13 7406.7 7406.27 7405.84 7405.41 7404.98 7404.55 7404.12 7403.69
          7403.26 7402.83 7402.4 7401.97 7401.54 7401.11 7400.68 7400.25 7399.83 7399.4 7398.97 7398.54
          7420.71 7420.37 7420.03 7419.69 7419.35 7419 7418.66 7418.31 7417.95 7417.6 7417.24 7416.88
          7416.52 7416.15 7415.79 7415.42 7415.05 7414.67 7414.3 7413.92 7413.54 7413.16 7412.78 7412.39
          7412.01 7411.62 7411.23 7410.83 7410.44 7410.04 7409.64 7409.24 7408.84 7408.44 7408.03 7407.62
          7407.21 7406.8 7406.39 7405.98 7405.57 7405.15 7404.73 7404.32 7403.9 7403.48 7403.05 7402.63
          7402.21 7401.79 7401.36 7400.93 7400.51 7400.08 7399.65 7399.23 7398.8 7398.37 7397.94 7397.51
          7397.08 7396.65 7396.22 7395.79 7395.36 7394.93 7394.5 7394.07 7393.64 7393.21 7392.78 7392.35
          7391.93 7391.5 7391.07 7390.65 7412.73 7412.4 7412.06 7411.73 7411.39 7411.04 7410.7 7410.35
          7410 7409.65 7409.29 7408.93 7408.57 7408.21 7407.85 7407.48 7407.11 7406.74 7406.37 7405.99
          7405.61 7405.23 7404.85 7404.47 7404.08 7403.7 7403.31 7402.91 7402.52 7402.12 7401.73 7401.33
          7400.93 7400.53 7400.12 7399.72 7399.31 7398.9 7398.49 7398.08 7397.66 7397.25 7396.83 7396.42
          7396 7395.58 7395.16 7394.73 7394.31 7393.89 7393.46 7393.04 7392.61 7392.19 7391.76 7391.33
          7390.9 7390.47 7390.04 7389.61 7389.19 7388.75 7388.33 7387.9 7387.46 7387.03 7386.6 7386.17
          7385.75 7385.32 7384.89 7384.46 7384.03 7383.6 7383.18 7382.75 7404.77 7404.44 7404.11 7403.77
          7403.44 7403.09 7402.75 7402.41 7402.06 7401.71 7401.35 7401 7400.64 7400.28 7399.92 7399.55
          7399.19 7398.82 7398.45 7398.07 7397.7 7397.32 7396.94 7396.56 7396.17 7395.79 7395.4 7395.01
          7394.62 7394.22 7393.83 7393.43 7393.03 7392.63 7392.22 7391.82 7391.41 7391 7390.59 7390.18
          7389.77 7389.36 7388.94 7388.52 7388.11 7387.69 7387.27 7386.85 7386.42 7386 7385.58 7385.15
          7384.72 7384.3 7383.87 7383.44 7383.01 7382.58 7382.16 7381.73 7381.3 7380.87 7380.44 7380
          7379.57 7379.14 7378.71 7378.28 7377.85 7377.42 7376.99 7376.57 7376.14 7375.71 7375.28 7374.85
          7396.83 7396.5 7396.17 7395.84 7395.5 7395.16 7394.82 7394.48 7394.13 7393.78 7393.43 7393.08
          7392.72 7392.36 7392 7391.64 7391.28 7390.91 7390.54 7390.17 7389.79 7389.42 7389.04 7388.66
          7388.28 7387.89 7387.5 7387.11 7386.72 7386.33 7385.94 7385.54 7385.14 7384.74 7384.34 7383.93
          7383.53 7383.12 7382.71 7382.3 7381.89 7381.47 7381.06 7380.64 7380.23 7379.81 7379.39 7378.96
          7378.54 7378.12 7377.69 7377.27 7376.84 7376.42 7375.99 7375.56 7375.13 7374.7 7374.27 7373.84
          7373.41 7372.98 7372.55 7372.12 7371.69 7371.26 7370.83 7370.4 7369.96 7369.53 7369.1 7368.67
          7368.25 7367.82 7367.39 7366.96 7388.9 7388.57 7388.24 7387.91 7387.58 7387.24 7386.9 7386.56
          7386.22 7385.87 7385.52 7385.17 7384.82 7384.46 7384.1 7383.74 7383.38 7383.01 7382.65 7382.27
          7381.9 7381.53 7381.15 7380.77 7380.39 7380.01 7379.62 7379.23 7378.84 7378.45 7378.06 7377.66
          7377.26 7376.86 7376.46 7376.06 7375.65 7375.25 7374.84 7374.43 7374.02 7373.6 7373.19 7372.77
          7372.35 7371.93 7371.51 7371.09 7370.67 7370.25 7369.82 7369.4 7368.97 7368.54 7368.11 7367.69
          7367.26 7366.83 7366.4 7365.96 7365.53 7365.1 7364.67 7364.24 7363.81 7363.37 7362.94 7362.51
          7362.08 7361.65 7361.22 7360.79 7360.36 7359.93 7359.5 7359.07 7380.98 7380.66 7380.33 7380
          7379.67 7379.34 7379 7378.66 7378.32 7377.97 7377.63 7377.28 7376.93 7376.57 7376.22 7375.86
          7375.5 7375.13 7374.76 7374.4 7374.02 7373.65 7373.28 7372.9 7372.52 7372.14 7371.75 7371.36
          7370.98 7370.58 7370.19 7369.8 7369.4 7369 7368.6 7368.2 7367.79 7367.38 7366.98 7366.57
          7366.15 7365.74 7365.33 7364.91 7364.49 7364.07 7363.65 7363.23 7362.81 7362.38 7361.96 7361.53
          7361.1 7360.68 7360.25 7359.82 7359.39 7358.96 7358.52 7358.09 7357.66 7357.23 7356.79 7356.36
          7355.93 7355.5 7355.06 7354.63 7354.2 7353.76 7353.33 7352.9 7352.47 7352.04 7351.61 7351.18
          7373.08 7372.76 7372.43 7372.11 7371.78 7371.44 7371.11 7370.77 7370.43 7370.09 7369.75 7369.4
          7369.05 7368.7 7368.34 7367.98 7367.62 7367.26 7366.9 7366.53 7366.16 7365.79 7365.42 7365.04
          7364.66 7364.28 7363.89 7363.51 7363.12 7362.73 7362.34 7361.94 7361.55 7361.15 7360.75 7360.35
          7359.94 7359.53 7359.13 7358.72 7358.3 7357.89 7357.48 7357.06 7356.64 7356.22 7355.8 7355.38
          7354.95 7354.53 7354.1 7353.67 7353.25 7352.82 7352.39 7351.96 7351.52 7351.09 7350.66 7350.23
          7349.79 7349.36 7348.92 7348.49 7348.06 7347.62 7347.19 7346.75 7346.32 7345.88 7345.45 7345.02
          7344.59 7344.15 7343.72 7343.29 7365.19 7364.87 7364.55 7364.22 7363.9 7363.57 7363.24 7362.9
          7362.56 7362.22 7361.88 7361.53 7361.19 7360.84 7360.48 7360.13 7359.77 7359.41 7359.04 7358.68
          7358.31 7357.94 7357.57 7357.19 7356.81 7356.43 7356.05 7355.67 7355.28 7354.89 7354.5 7354.1
          7353.71 7353.31 7352.91 7352.51 7352.1 7351.7 7351.29 7350.88 7350.46 7350.05 7349.64 7349.22
          7348.8 7348.38 7347.96 7347.53 7347.11 7346.68 7346.25 7345.83 7345.4 7344.97 7344.53 7344.1
          7343.67 7343.24 7342.8 7342.37 7341.93 7341.5 7341.06 7340.62 7340.19 7339.75 7339.32 7338.88
          7338.44 7338.01 7337.57 7337.14 7336.7 7336.27 7335.84 7335.41 7357.31 7357 7356.68 7356.36
          7356.03 7355.7 7355.37 7355.04 7354.71 7354.37 7354.03 7353.68 7353.34 7352.99 7352.64 7352.28
          7351.93 7351.57 7351.21 7350.84 7350.47 7350.1 7349.73 7349.36 7348.98 7348.6 7348.22 7347.84
          7347.45 7347.06 7346.67 7346.28 7345.88 7345.48 7345.08 7344.68 7344.28 7343.87 7343.46 7343.05
          7342.64 7342.22 7341.81 7341.39 7340.97 7340.55 7340.12 7339.7 7339.27 7338.85 7338.42 7337.99
          7337.56 7337.12 7336.69 7336.26 7335.82 7335.39 7334.95 7334.51 7334.08 7333.64 7333.2 7332.76
          7332.32 7331.89 7331.45 7331.01 7330.57 7330.13 7329.7 7329.26 7328.83 7328.39 7327.95 7327.52
          7349.46 7349.14 7348.82 7348.5 7348.18 7347.86 7347.53 7347.2 7346.86 7346.53 7346.19 7345.85
          7345.5 7345.16 7344.81 7344.45 7344.1 7343.74 7343.38 7343.02 7342.65 7342.28 7341.91 7341.54
          7341.16 7340.79 7340.4 7340.02 7339.63 7339.25 7338.86 7338.46 7338.07 7337.67 7337.27 7336.87
          7336.46 7336.05 7335.65 7335.23 7334.82 7334.41 7333.99 7333.57 7333.15 7332.73 7332.3 7331.88
          7331.45 7331.02 7330.59 7330.16 7329.72 7329.29 7328.85 7328.42 7327.98 7327.54 7327.1 7326.67
          7326.23 7325.79 7325.35 7324.91 7324.46 7324.02 7323.58 7323.14 7322.7 7322.26 7321.82 7321.39
          7320.95 7320.51 7320.07 7319.64 7341.61 7341.3 7340.98 7340.67 7340.35 7340.02 7339.7 7339.37
          7339.04 7338.7 7338.37 7338.03 7337.68 7337.34 7336.99 7336.64 7336.29 7335.93 7335.57 7335.21
          7334.84 7334.48 7334.11 7333.73 7333.36 7332.98 7332.6 7332.22 7331.83 7331.45 7331.06 7330.66
          7330.27 7329.87 7329.47 7329.07 7328.66 7328.25 7327.84 7327.43 7327.02 7326.6 7326.18 7325.76
          7325.34 7324.92 7324.49 7324.06 7323.63 7323.2 7322.77 7322.34 7321.9 7321.46 7321.03 7320.59
          7320.15 7319.71 7319.27 7318.83 7318.38 7317.94 7317.5 7317.05 7316.61 7316.17 7315.72 7315.28
          7314.84 7314.4 7313.96 7313.51 7313.07 7312.63 7312.19 7311.76 7333.78 7333.47 7333.16 7332.84
          7332.53 7332.21 7331.88 7331.55 7331.23 7330.89 7330.56 7330.22 7329.88 7329.53 7329.19 7328.84
          7328.49 7328.13 7327.77 7327.41 7327.05 7326.68 7326.32 7325.94 7325.57 7325.19 7324.81 7324.43
          7324.05 7323.66 7323.27 7322.88 7322.48 7322.08 7321.68 7321.28 7320.87 7320.47 7320.05 7319.64
          7319.23 7318.81 7318.39 7317.97 7317.54 7317.12 7316.69 7316.26 7315.83 7315.4 7314.96 7314.52
          7314.09 7313.65 7313.21 7312.77 7312.32 7311.88 7311.44 7310.99 7310.55 7310.1 7309.65 7309.21
          7308.76 7308.32 7307.87 7307.42 7306.98 7306.53 7306.09 7305.64 7305.2 7304.76 7304.32 7303.87
          7325.97 7325.66 7325.35 7325.04 7324.72 7324.4 7324.08 7323.76 7323.43 7323.1 7322.76 7322.43
          7322.09 7321.75 7321.4 7321.05 7320.7 7320.35 7319.99 7319.63 7319.27 7318.91 7318.54 7318.17
          7317.8 7317.42 7317.04 7316.66 7316.27 7315.89 7315.5 7315.1 7314.71 7314.31 7313.91 7313.51
          7313.1 7312.69 7312.28 7311.87 7311.45 7311.03 7310.61 7310.19 7309.76 7309.33 7308.9 7308.47
          7308.04 7307.6 7307.16 7306.72 7306.28 7305.84 7305.4 7304.95 7304.51 7304.06 7303.61 7303.16
          7302.72 7302.27 7301.82 7301.37 7300.92 7300.47 7300.02 7299.57 7299.12 7298.67 7298.22 7297.78
          7297.33 7296.88 7296.44 7295.99 7318.17 7317.86 7317.55 7317.24 7316.93 7316.61 7316.29 7315.97
          7315.65 7315.32 7314.99 7314.65 7314.31 7313.97 7313.63 7313.28 7312.94 7312.58 7312.23 7311.87
          7311.51 7311.15 7310.78 7310.41 7310.04 7309.66 7309.28 7308.9 7308.52 7308.13 7307.74 7307.35
          7306.95 7306.55 7306.15 7305.75 7305.34 7304.93 7304.52 7304.1 7303.69 7303.27 7302.84 7302.42
          7301.99 7301.56 7301.13 7300.69 7300.26 7299.82 7299.38 7298.93 7298.49 7298.04 7297.6 7297.15
          7296.7 7296.25 7295.8 7295.34 7294.89 7294.44 7293.98 7293.53 7293.08 7292.62 7292.17 7291.72
          7291.26 7290.81 7290.36 7289.91 7289.46 7289.01 7288.56 7288.12 7310.38 7310.08 7309.77 7309.47
          7309.16 7308.84 7308.52 7308.2 7307.88 7307.55 7307.22 7306.89 7306.55 7306.22 7305.87 7305.53
          7305.18 7304.83 7304.48 7304.12 7303.76 7303.4 7303.03 7302.66 7302.29 7301.92 7301.54 7301.16
          7300.78 7300.39 7300 7299.61 7299.21 7298.81 7298.41 7298.01 7297.6 7297.19 7296.77 7296.36
          7295.94 7295.52 7295.09 7294.66 7294.23 7293.8 7293.37 7292.93 7292.49 7292.05 7291.6 7291.16
          7290.71 7290.26 7289.81 7289.35 7288.9 7288.45 7287.99 7287.53 7287.07 7286.62 7286.16 7285.7
          7285.24 7284.78 7284.33 7283.87 7283.41 7282.95 7282.5 7282.04 7281.59 7281.14 7280.69 7280.24
          7302.61 7302.31 7302.01 7301.7 7301.4 7301.08 7300.77 7300.45 7300.13 7299.8 7299.48 7299.14
          7298.81 7298.47 7298.13 7297.79 7297.44 7297.1 7296.74 7296.39 7296.03 7295.67 7295.3 7294.94
          7294.56 7294.19 7293.81 7293.43 7293.05 7292.66 7292.27 7291.88 7291.49 7291.09 7290.68 7290.28
          7289.87 7289.46 7289.04 7288.63 7288.2 7287.78 7287.35 7286.92 7286.49 7286.06 7285.62 7285.18
          7284.73 7284.29 7283.84 7283.39 7282.94 7282.48 7282.03 7281.57 7281.11 7280.65 7280.19 7279.73
          7279.26 7278.8 7278.34 7277.87 7277.41 7276.95 7276.48 7276.02 7275.56 7275.1 7274.64 7274.18
          7273.72 7273.27 7272.81 7272.36 7294.86 7294.56 7294.26 7293.96 7293.65 7293.34 7293.03 7292.71
          7292.39 7292.07 7291.74 7291.41 7291.08 7290.75 7290.41 7290.07 7289.72 7289.38 7289.03 7288.67
          7288.31 7287.95 7287.59 7287.22 7286.85 7286.48 7286.1 7285.72 7285.34 7284.96 7284.57 7284.17
          7283.78 7283.38 7282.97 7282.57 7282.16 7281.75 7281.33 7280.91 7280.49 7280.06 7279.63 7279.2
          7278.77 7278.33 7277.89 7277.44 7276.99 7276.54 7276.09 7275.64 7275.18 7274.72 7274.26 7273.8
          7273.33 7272.87 7272.4 7271.93 7271.46 7270.99 7270.52 7270.05 7269.58 7269.12 7268.65 7268.18
          7267.71 7267.25 7266.78 7266.32 7265.86 7265.4 7264.94 7264.48 7287.12 7286.83 7286.53 7286.23
          7285.92 7285.62 7285.3 7284.99 7284.67 7284.35 7284.03 7283.7 7283.37 7283.04 7282.7 7282.36
          7282.02 7281.67 7281.32 7280.97 7280.61 7280.26 7279.89 7279.53 7279.16 7278.79 7278.41 7278.03
          7277.65 7277.26 7276.87 7276.48 7276.08 7275.69 7275.28 7274.88 7274.46 7274.05 7273.63 7273.21
          7272.79 7272.36 7271.93 7271.49 7271.06 7270.61 7270.17 7269.72 7269.27 7268.81 7268.36 7267.9
          7267.43 7266.97 7266.5 7266.03 7265.56 7265.09 7264.62 7264.14 7263.67 7263.19 7262.71 7262.24
          7261.76 7261.29 7260.81 7260.34 7259.87 7259.39 7258.92 7258.46 7257.99 7257.52 7257.06 7256.6
          7279.41 7279.12 7278.82 7278.52 7278.22 7277.91 7277.6 7277.29 7276.97 7276.65 7276.33 7276
          7275.67 7275.34 7275.01 7274.67 7274.33 7273.99 7273.64 7273.29 7272.93 7272.57 7272.21 7271.85
          7271.48 7271.11 7270.73 7270.36 7269.98 7269.59 7269.2 7268.81 7268.41 7268.01 7267.61 7267.2
          7266.79 7266.37 7265.96 7265.53 7265.11 7264.68 7264.24 7263.8 7263.36 7262.92 7262.47 7262.02
          7261.56 7261.1 7260.64 7260.17 7259.7 7259.23 7258.76 7258.28 7257.8 7257.32 7256.84 7256.36
          7255.88 7255.39 7254.91 7254.43 7253.94 7253.46 7252.98 7252.5 7252.02 7251.54 7251.07 7250.59
          7250.12 7249.65 7249.18 7248.71 7271.84 7271.52 7271.21 7270.89 7270.58 7270.26 7269.95 7269.63
          7269.31 7268.98 7268.66 7268.33 7268 7267.67 7267.34 7267 7266.66 7266.32 7265.97 7265.62
          7265.27 7264.91 7264.55 7264.19 7263.82 7263.45 7263.08 7262.7 7262.32 7261.93 7261.55 7261.15
          7260.76 7260.36 7259.95 7259.54 7259.13 7258.72 7258.3 7257.87 7257.44 7257.01 7256.58 7256.14
          7255.69 7255.24 7254.79 7254.33 7253.87 7253.4 7252.94 7252.46 7251.99 7251.51 7251.03 7250.54
          7250.06 7249.57 7249.08 7248.59 7248.1 7247.6 7247.11 7246.62 7246.13 7245.64 7245.15 7244.66
          7244.17 7243.69 7243.21 7242.73 7242.25 7241.77 7241.3 7240.83 7265.38 7264.88 7264.38 7263.91
          7263.45 7263.02 7262.61 7262.22 7261.85 7261.49 7261.13 7260.78 7260.43 7260.08 7259.74 7259.39
          7259.05 7258.7 7258.35 7257.99 7257.63 7257.27 7256.91 7256.54 7256.18 7255.81 7255.44 7255.06
          7254.68 7254.3 7253.91 7253.52 7253.12 7252.72 7252.32 7251.91 7251.49 7251.08 7250.66 7250.23
          7249.8 7249.37 7248.93 7248.49 7248.04 7247.58 7247.13 7246.67 7246.2 7245.73 7245.25 7244.77
          7244.29 7243.8 7243.31 7242.82 7242.32 7241.83 7241.33 7240.82 7240.32 7239.82 7239.32 7238.81
          7238.31 7237.81 7237.32 7236.82 7236.33 7235.83 7235.34 7234.86 7234.37 7233.89 7233.41 7232.94
          7265.93 7264.71 7263.43 7262.09 7260.69 7259.28 7257.91 7256.63 7255.85 7255.29 7254.75 7254.23
          7253.72 7253.23 7252.74 7252.27 7251.82 7251.38 7250.95 7250.54 7250.15 7249.76 7249.37 7248.99
          7248.61 7248.23 7247.85 7247.47 7247.09 7246.7 7246.31 7245.91 7245.51 7245.11 7244.7 7244.29
          7243.88 7243.46 7243.04 7242.62 7242.19 7241.75 7241.31 7240.86 7240.41 7239.95 7239.49 7239.02
          7238.55 7238.07 7237.59 7237.1 7236.61 7236.12 7235.62 7235.11 7234.6 7234.09 7233.58 7233.07
          7232.55 7232.04 7231.53 7231.01 7230.5 7229.99 7229.48 7228.98 7228.48 7227.98 7227.48 7226.99
          7226.5 7226.01 7225.52 7225.04 7290.81 7289.65 7288.44 7287.19 7285.92 7284.73 7283.75 7282.99
          7257.98 7256.37 7255.32 7254.25 7253.16 7252.01 7250.82 7249.58 7248.28 7247 7245.78 7244.63
          7243.83 7243.27 7242.74 7242.22 7241.72 7241.22 7240.73 7240.25 7239.78 7239.32 7238.87 7238.43
          7238 7237.58 7237.15 7236.73 7236.31 7235.89 7235.46 7235.03 7234.6 7234.16 7233.72 7233.26
          7232.81 7232.34 7231.87 7231.4 7230.92 7230.44 7229.95 7229.46 7228.96 7228.45 7227.94 7227.42
          7226.9 7226.38 7225.85 7225.32 7224.79 7224.27 7223.74 7223.21 7222.69 7222.17 7221.65 7221.13
          7220.62 7220.11 7219.61 7219.11 7218.61 7218.12 7217.63 7217.14 7289.7 7288.58 7287.47 7286.34
          7285.23 7284.14 7283.09 7282.06 7281 7279.91 7278.81 7277.67 7276.5 7275.3 7274.06 7272.8
          7271.53 7270.35 7269.35 7268.54 7245 7243.23 7242.22 7241.22 7240.18 7239.11 7238 7236.85
          7235.68 7234.5 7233.35 7232.24 7231.34 7230.76 7230.22 7229.7 7229.19 7228.68 7228.17 7227.68
          7227.18 7226.7 7226.21 7225.73 7225.25 7224.77 7224.29 7223.81 7223.33 7222.84 7222.34 7221.84
          7221.33 7220.81 7220.29 7219.75 7219.22 7218.68 7218.13 7217.59 7217.04 7216.5 7215.95 7215.41
          7214.87 7214.33 7213.8 7213.28 7212.76 7212.24 7211.73 7211.22 7210.72 7210.22 7209.73 7209.24
          7288.7 7287.6 7286.5 7285.41 7284.31 7283.22 7282.13 7281.04 7279.95 7278.85 7277.74 7276.61
          7275.48 7274.34 7273.19 7272.04 7270.9 7269.79 7268.7 7267.64 7266.55 7265.42 7264.27 7263.09
          7261.87 7260.62 7259.35 7258.04 7256.72 7255.45 7254.35 7253.43 7231.61 7229.36 7228.37 7227.4
          7226.42 7225.4 7224.34 7223.25 7222.11 7221.01 7219.93 7218.89 7218.11 7217.53 7216.98 7216.44
          7215.9 7215.37 7214.83 7214.29 7213.75 7213.21 7212.66 7212.11 7211.55 7210.99 7210.43 7209.86
          7209.3 7208.73 7208.16 7207.6 7207.04 7206.49 7205.95 7205.41 7204.88 7204.36 7203.84 7203.33
          7202.82 7202.31 7201.81 7201.32 7287.72 7286.63 7285.54 7284.44 7283.35 7282.26 7281.16 7280.07
          7278.97 7277.86 7276.75 7275.64 7274.52 7273.4 7272.27 7271.14 7270.02 7268.9 7267.78 7266.66
          7265.53 7264.39 7263.24 7262.08 7260.9 7259.71 7258.51 7257.3 7256.1 7254.92 7253.77 7252.64
          7251.48 7250.29 7249.06 7247.79 7246.48 7245.13 7243.75 7242.32 7240.87 7239.49 7238.3 7237.3
          7215.85 7214.03 7213.07 7212.09 7211.09 7210.06 7208.98 7207.9 7206.87 7205.9 7205.12 7204.51
          7203.92 7203.34 7202.75 7202.16 7201.56 7200.95 7200.36 7199.78 7199.2 7198.64 7198.08 7197.53
          7196.99 7196.46 7195.94 7195.42 7194.9 7194.39 7193.89 7193.39 7286.76 7285.67 7284.58 7283.49
          7282.4 7281.3 7280.21 7279.11 7278.01 7276.9 7275.79 7274.68 7273.57 7272.45 7271.33 7270.21
          7269.09 7267.97 7266.84 7265.71 7264.57 7263.43 7262.28 7261.12 7259.95 7258.78 7257.6 7256.42
          7255.24 7254.06 7252.88 7251.69 7250.49 7249.28 7248.05 7246.79 7245.52 7244.23 7242.92 7241.6
          7240.29 7239 7237.72 7236.46 7235.15 7233.77 7232.33 7230.82 7229.23 7227.57 7225.85 7224.14
          7222.62 7221.39 7200.3 7198.31 7197.31 7196.3 7195.31 7194.48 7193.8 7193.15 7192.53 7191.92
          7191.33 7190.76 7190.19 7189.63 7189.09 7188.55 7188.02 7187.49 7186.97 7186.46 7185.95 7185.45
          7285.82 7284.73 7283.64 7282.55 7281.46 7280.36 7279.27 7278.17 7277.06 7275.96 7274.85 7273.74
          7272.63 7271.52 7270.4 7269.28 7268.16 7267.03 7265.9 7264.77 7263.63 7262.49 7261.34 7260.18
          7259.02 7257.85 7256.67 7255.5 7254.32 7253.13 7251.95 7250.75 7249.55 7248.33 7247.09 7245.85
          7244.58 7243.3 7242.01 7240.71 7239.41 7238.12 7236.81 7235.49 7234.13 7232.74 7231.31 7229.83
          7228.3 7226.72 7225.13 7223.58 7222.08 7220.6 7218.92 7216.98 7214.64 7211.63 7208.86 7189.27
          7186.05 7185.27 7184.63 7184.02 7183.42 7182.84 7182.27 7181.71 7181.16 7180.61 7180.08 7179.55
          7179.03 7178.52 7178.01 7177.51
        </DataArray>
        <DataArray type="Float32" Name="phase presence" NumberOfComponents="1" format="ascii">
          1 1 1 1 1 1 1 1 1 1 1 1
          1 1 1 1 1 1 1 1 1 1 1 1
          1 1 1 1 1 1 1 1 1 1 1 1
          1 1 1 1 1 1 1 1 1 1 1 1
          1 1 1 1 1 1 1 1 1 1 1 1
          1 1 1 1 1 1 1 1 1 1 1 1
          1 1 1 1 1 1 1 1 1 1 1 1
          1 1 1 1 1 1 1 1 1 1 1 1
          1 1 1 1 1 1 1 1 1 1 1 1
          1 1 1 1 1 1 1 1 1 1 1 1
          1 1 1 1 1 1 1 1 1 1 1 1
          1 1 1 1 1 1 1 1 1 1 1 1
          1 1 1 1 1 1 1 1 1 1 1 1
          1 1 1 1 1 1 1 1 1 1 1 1
          1 1 1 1 1 1 1 1 1 1 1 1
          1 1 1 1 1 1 1 1 1 1 1 1
          1 1 1 1 1 1 1 1 1 1 1 1
          1 1 1 1 1 1 1 1 1 1 1 1
          1 1 1 1 1 1 1 1 1 1 1 1
          1 1 1 1 1 1 1 1 1 1 1 1
          1 1 1 1 1 1 1 1 1 1 1 1
          1 1 1 1 1 1 1 1 1 1 1 1
          1 1 1 1 1 1 1 1 1 1 1 1
          1 1 1 1 1 1 1 1 1 1 1 1
          1 1 1 1 1 1 1 1 1 1 1 1
          1 1 1 1 1 1 1 1 1 1 1 1
          1 1 1 1 1 1 1 1 1 1 1 1
          1 1 1 1 1 1 1 1 1 1 1 1
          1 1 1 1 1 1 1 1 1 1 1 1
          1 1 1 1 1 1 1 1 1 1 1 1
          1 1 1 1 1 1 1 1 1 1 1 1
          1 1 1 1 1 1 1 1 1 1 1 1
          1 1 1 1 1 1 1 1 1 1 1 1
          1 1 1 1 1 1 1 1 1 1 1 1
          1 1 1 1 1 1 1 1 1 1 1 1
          1 1 1 1 1 1 1 1 1 1 1 1
          1 1 1 1 1 1 1 1 1 1 1 1
          1 1 1 1 1 1 1 1 1 1 1 1
          1 1 1 1 1 1 1 1 1 1 1 1
          1 1 1 1 1 1 1 1 1 1 1 1
          1 1 1 1 1 1 1 1 1 1 1 1
          1 1 1 1 1 1 1 1 1 1 1 1
          1 1 1 1 1 1 1 1 1 1 1 1
          1 1 1 1 1 1 1 1 1 1 1 1
          1 1 1 1 1 1 1 1 1 1 1 1
          1 1 1 1 1 1 1 1 1 1 1 1
          1 1 1 1 1 1 1 1 1 1 1 1
          1 1 1 1 1 1 1 1 1 1 1 1
          1 1 1 1 1 1 1 1 1 1 1 1
          1 1 1 1 1 1 1 1 1 1 1 1
          1 1 1 1 1 1 1 1 1 1 1 1
          1 1 1 1 1 1 1 1 1 1 1 1
          1 1 1 1 1 1 1 1 1 1 1 1
          1 1 1 1 1 1 1 1 1 1 1 1
          1 1 1 1 1 1 1 1 1 1 1 1
          1 1 1 1 1 1 1 1 1 1 1 1
          1 1 1 1 1 1 1 1 1 1 1 1
          1 1 1 1 1 1 1 1 1 1 1 1
          1 1 1 1 1 1 1 1 1 1 1 1
          1 1 1 1 1 1 1 1 1 1 1 1
          1 1 1 1 1 1 1 1 1 1 1 1
          1 1 1 1 1 1 1 1 1 1 1 1
          1 1 1 1 1 1 1 1 1 1 1 1
          1 1 1 1 1 1 1 1 1 1 1 1
          1 1 1 1 1 1 1 1 1 1 1 1
          1 1 1 1 1 1 1 1 1 1 1 1
          1 1 1 1 1 1 1 1 1 1 1 1
          1 1 1 1 1 1 1 1 1 1 1 1
          1 1 1 1 1 1 1 1 1 1 1 1
          1 1 1 1 1 1 1 1 1 1 1 1
          1 1 1 1 1 1 1 1 1 1 1 1
          1 1 1 1 1 1 1 1 1 1 1 1
          1 1 1 1 1 1 1 1 1 1 1 1
          1 1 1 1 1 1 1 1 1 1 1 1
          1 1 1 1 1 1 1 1 1 1 1 1
          1 1 1 1 1 1 1 1 1 1 1 1
          1 1 1 1 1 1 1 1 1 1 1 1
          1 1 1 1 1 1 1 1 1 1 1 1
          1 1 1 1 1 1 1 1 1 1 1 1
          1 1 1 1 1 1 1 1 1 1 1 1
          1 1 1 1 1 1 1 1 1 1 1 1
          1 1 1 1 1 1 1 1 1 1 1 1
          1 1 1 1 1 1 1 1 1 1 1 1
          1 1 1 1 1 1 1 1 1 1 1 1
          1 1 1 1 1 1 1 1 1 1 1 1
          1 1 1 1 1 1 1 1 1 1 1 1
          1 1 1 1 1 1 1 1 1 1 1 1
          1 1 1 1 1 1 1 1 1 1 1 1
          1 1 1 1 1 1 1 1 1 1 1 1
          1 1 1 1 1 1 1 1 1 1 1 1
          1 1 1 1 1 1 1 1 1 1 1 1
          1 1 1 1 1 1 1 1 1 1 1 1
          1 1 1 1 1 1 1 1 1 1 1 1
          1 1 1 1 1 1 1 1 1 1 1 1
          1 1 1 1 1 1 1 1 1 1 1 1
          1 1 1 1 1 1 1 1 1 1 1 1
          1 1 1 1 1 1 1 1 1 1 1 1
          1 1 1 1 1 1 1 1 1 1 1 1
          1 1 1 1 1 1 1 1 1 1 1 1
          1 1 1 1 1 1 1 1 1 1 1 1
          1 1 1 1 1 1 1 1 1 1 1 1
          1 1 1 1 1 1 1 1 1 1 1 1
          1 1 1 1 1 1 1 1 1 1 1 1
          1 1 1 1 1 1 1 1 1 1 1 1
          1 1 1 1 1 1 1 1 1 1 1 1
          1 1 1 1 1 1 1 1 1 1 1 1
          1 1 1 1 1 1 1 1 1 1 1 1
          1 1 1 1 1 1 1 1 1 1 1 1
          1 1 1 1 1 1 1 1 1 1 1 1
          1 1 1 1 1 1 1 1 1 1 1 1
          1 1 1 1 1 1 1 1 1 1 1 1
          1 1 1 1 1 1 1 1 1 1 1 1
          1 1 1 1 1 1 1 1 1 1 1 1
          1 1 1 1 1 1 1 1 1 1 1 1
          1 1 1 1 1 1 1 1 1 1 1 1
          1 1 1 1 1 1 1 1 1 1 1 1
          1 1 1 1 1 1 1 1 1 1 1 1
          1 1 1 1 1 1 1 1 1 1 1 1
          1 1 1 1 1 1 1 1 1 1 1 1
          1 1 1 1 1 1 1 1 1 1 1 1
          1 1 1 1 1 1 1 1 1 1 1 1
          1 1 1 1 1 1 1 1 1 1 1 1
          1 1 1 1 1 1 1 1 1 1 1 1
          1 1 1 1 1 1 1 1 1 1 1 1
          1 1 1 1 1 1 1 1 1 1 1 1
          1 1 1 1 1 1 1 1 1 1 1 1
          1 1 1 1 1 1 1 1 1 1 1 1
          1 1 1 1 1 1 1 1 1 1 1 1
          1 1 1 1 1 1 1 1 1 1 1 1
          1 1 1 1 1 1 1 1 1 1 1 1
          1 1 1 1 1 1 1 1 1 1 1 1
          1 1 1 1 1 1 1 1 1 1 1 1
          1 1 1 1 1 1 1 1 1 1 1 1
          1 1 1 1 1 1 1 1 1 1 1 1
          1 1 1 1 1 1 1 1 1 1 1 1
          1 1 1 1 1 1 1 1 1 1 1 1
          1 1 1 1 1 1 1 1 1 1 1 1
          1 1 1 1 1 1 1 1 1 1 1 1
          1 1 1 1 1 1 1 1 1 1 1 1
          1 1 1 1 1 1 1 1 1 1 1 1
          1 1 1 1 1 1 1 1 1 1 1 1
          1 1 1 1 1 1 1 1 1 1 1 1
          1 1 1 1 1 1 1 1 1 1 1 1
          1 1 1 1 1 1 1 1 1 1 1 1
          1 1 1 1 1 1 1 1 1 1 1 1
          1 1 1 1 1 1 1 1 1 1 1 1
          1 1 1 1 1 1 1 1 1 1 1 1
          1 1 1 1 1 1 1 1 1 1 1 1
          1 1 1 1 1 1 1 1 1 1 1 1
          1 1 1 1 1 1 1 1 1 1 1 1
          1 1 1 1 1 1 1 1 1 1 1 1
          1 1 1 1 1 1 1 1 1 1 1 1
          1 1 1 1 1 1 1 1 1 1 1 1
          1 1 1 1 1 1 1 1 1 1 1 1
          1 1 1 1 1 1 1 1 1 1 1 1
          1 1 1 1 1 1 1 1 1 1 1 1
          1 1 1 1 1 1 1 1 1 1 1 1
          1 1 1 1 1 1 1 1 1 1 1 1
          1 1 1 1 3 3 3 3 3 3 3 3
          1 1 1 1 1 1 1 1 1 1 1 1
          1 1 1 1 1 1 1 1 1 1 1 1
          1 1 1 1 1 1 1 1 1 1 1 1
          1 1 1 1 1 1 1 1 1 1 1 1
          1 1 1 1 1 1 1 1 1 1 1 1
          1 1 1 1 1 1 1 1 3 3 3 3
          3 3 3 3 3 3 3 3 3 3 3 3
          3 3 3 3 1 1 1 1 1 1 1 1
          1 1 1 1 1 1 1 1 1 1 1 1
          1 1 1 1 1 1 1 1 1 1 1 1
          1 1 1 1 1 1 1 1 1 1 1 1
          1 1 1 1 1 1 1 1 1 1 1 1
          3 3 3 3 3 3 3 3 3 3 3 3
          3 3 3 3 3 3 3 3 3 3 3 3
          3 3 3 3 3 3 3 3 1 1 1 1
          1 1 1 1 1 1 1 1 1 1 1 1
          1 1 1 1 1 1 1 1 1 1 1 1
          1 1 1 1 1 1 1 1 1 1 1 1
          1 1 1 1 3 3 3 3 3 3 3 3
          3 3 3 3 3 3 3 3 3 3 3 3
          3 3 3 3 3 3 3 3 3 3 3 3
          3 3 3 3 3 3 3 3 3 3 3 3
          1 1 1 1 1 1 1 1 1 1 1 1
          1 1 1 1 1 1 1 1 1 1 1 1
          1 1 1 1 1 1 1 1 3 3 3 3
          3 3 3 3 3 3 3 3 3 3 3 3
          3 3 3 3 3 3 3 3 3 3 3 3
          3 3 3 3 3 3 3 3 3 3 3 3
          3 3 3 3 3 3 3 3 3 3 3 3
          3 3 1 1 1 1 1 1 1 1 1 1
          1 1 1 1 1 1 1 1 1 1 1 1
          3 3 3 3 3 3 3 3 3 3 3 3
          3 3 3 3 3 3 3 3 3 3 3 3
          3 3 3 3 3 3 3 3 3 3 3 3
          3 3 3 3 3 3 3 3 3 3 3 3
          3 3 3 3 3 3 3 3 3 3 3 1
          1 1 1 1 1 1 1 1 1 1 1 1
          1 1 1 1
        </DataArray>
        <DataArray type="Float32" Name="velocity_liq (m/s)" NumberOfComponents="3" format="ascii">
          6.42215e-08 -2.57568e-10 0 1.28873e-07 -5.14146e-10 0 6.42255e-08 -5.15202e-10 0 1.28881e-07 -1.02843e-09 0
          1.29732e-07 -5.12771e-10 0 1.2974e-07 -1.02568e-09 0 1.30585e-07 -5.11326e-10 0 1.30594e-07 -1.0228e-09 0
          1.31434e-07 -5.09809e-10 0 1.31444e-07 -1.01977e-09 0 1.32278e-07 -5.08217e-10 0 1.32288e-07 -1.01659e-09 0
          1.33116e-07 -5.06547e-10 0 1.33126e-07 -1.01326e-09 0 1.33949e-07 -5.04794e-10 0 1.33959e-07 -1.00976e-09 0
          1.34776e-07 -5.02957e-10 0 1.34787e-07 -1.00609e-09 0 1.35596e-07 -5.01031e-10 0 1.35608e-07 -1.00225e-09 0
          1.36411e-07 -4.99013e-10 0 1.36423e-07 -9.98221e-10 0 1.37218e-07 -4.96899e-10 0 1.37231e-07 -9.94002e-10 0
          1.38019e-07 -4.94686e-10 0 1.38033e-07 -9.89583e-10 0 1.38813e-07 -4.9237e-10 0 1.38827e-07 -9.84959e-10 0
          1.39599e-07 -4.89948e-10 0 1.39614e-07 -9.80122e-10 0 1.40377e-07 -4.87414e-10 0 1.40393e-07 -9.75063e-10 0
          1.41147e-07 -4.84767e-10 0 1.41163e-07 -9.69775e-10 0 1.41909e-07 -4.82001e-10 0 1.41926e-07 -9.64252e-10 0
          1.42661e-07 -4.79114e-10 0 1.42679e-07 -9.58485e-10 0 1.43405e-07 -4.76101e-10 0 1.43423e-07 -9.52466e-10 0
          1.44139e-07 -4.72958e-10 0 1.44158e-07 -9.4619e-10 0 1.44863e-07 -4.69684e-10 0 1.44883e-07 -9.39647e-10 0
          1.45576e-07 -4.66273e-10 0 1.45597e-07 -9.32833e-10 0 1.46279e-07 -4.62723e-10 0 1.463e-07 -9.25739e-10 0
          1.4697e-07 -4.5903e-10 0 1.46993e-07 -9.18361e-10 0 1.4765e-07 -4.55192e-10 0 1.47673e-07 -9.10691e-10 0
          1.48318e-07 -4.51206e-10 0 1.48342e-07 -9.02725e-10 0 1.48973e-07 -4.4707e-10 0 1.48998e-07 -8.94457e-10 0
          1.49615e-07 -4.42781e-10 0 1.49641e-07 -8.85884e-10 0 1.50244e-07 -4.38338e-10 0 1.50271e-07 -8.77002e-10 0
          1.50859e-07 -4.33739e-10 0 1.50887e-07 -8.67808e-10 0 1.5146e-07 -4.28984e-10 0 1.51489e-07 -8.58299e-10 0
          1.52046e-07 -4.24071e-10 0 1.52076e-07 -8.48475e-10 0 1.52616e-07 -4.19e-10 0 1.52647e-07 -8.38334e-10 0
          1.53171e-07 -4.13772e-10 0 1.53203e-07 -8.27878e-10 0 1.5371e-07 -4.08388e-10 0 1.53743e-07 -8.17109e-10 0
          1.54233e-07 -4.02848e-10 0 1.54266e-07 -8.06027e-10 0 1.54738e-07 -3.97156e-10 0 1.54772e-07 -7.94639e-10 0
          1.55226e-07 -3.91312e-10 0 1.55261e-07 -7.82948e-10 0 1.55696e-07 -3.85321e-10 0 1.55732e-07 -7.7096e-10 0
          1.56147e-07 -3.79186e-10 0 1.56184e-07 -7.58683e-10 0 1.5658e-07 -3.72911e-10 0 1.56618e-07 -7.46126e-10 0
          1.56994e-07 -3.66502e-10 0 1.57033e-07 -7.33298e-10 0 1.57388e-07 -3.59963e-10 0 1.57428e-07 -7.2021e-10 0
          1.57763e-07 -3.53302e-10 0 1.57803e-07 -7.06875e-10 0 1.58118e-07 -3.46524e-10 0 1.58159e-07 -6.93307e-10 0
          1.58452e-07 -3.39637e-10 0 1.58494e-07 -6.7952e-10 0 1.58765e-07 -3.32649e-10 0 1.58808e-07 -6.6553e-10 0
          1.59058e-07 -3.25569e-10 0 1.59101e-07 -6.51354e-10 0 1.5933e-07 -3.18406e-10 0 1.59373e-07 -6.3701e-10 0
          1.5958e-07 -3.11168e-10 0 1.59624e-07 -6.22517e-10 0 1.59809e-07 -3.03866e-10 0 1.59853e-07 -6.07896e-10 0
          1.60016e-07 -2.96511e-10 0 1.6006e-07 -5.93166e-10 0 1.60202e-07 -2.89112e-10 0 1.60246e-07 -5.78349e-10 0
          1.60365e-07 -2.81681e-10 0 1.6041e-07 -5.63466e-10 0 1.60508e-07 -2.74228e-10 0 1.60552e-07 -5.48541e-10 0
          1.60628e-07 -2.66766e-10 0 1.60673e-07 -5.33595e-10 0 1.60727e-07 -2.59304e-10 0 1.60772e-07 -5.1865e-10 0
          1.60804e-07 -2.51854e-10 0 1.60849e-07 -5.03731e-10 0 1.6086e-07 -2.44429e-10 0 1.60905e-07 -4.88859e-10 0
          1.60895e-07 -2.37037e-10 0 1.60939e-07 -4.74056e-10 0 1.60909e-07 -2.29691e-10 0 1.60953e-07 -4.59344e-10 0
          1.60902e-07 -2.22401e-10 0 1.60945e-07 -4.44745e-10 0 1.60874e-07 -2.15178e-10 0 1.60917e-07 -4.30279e-10 0
          1.60826e-07 -2.08031e-10 0 1.60869e-07 -4.15967e-10 0 1.60759e-07 -2.0097e-10 0 1.60801e-07 -4.01827e-10 0
          1.60671e-07 -1.94004e-10 0 1.60713e-07 -3.87878e-10 0 1.60565e-07 -1.87141e-10 0 1.60606e-07 -3.74137e-10 0
          1.6044e-07 -1.8039e-10 0 1.6048e-07 -3.6062e-10 0 1.60296e-07 -1.73757e-10 0 1.60336e-07 -3.47342e-10 0
          1.60135e-07 -1.67251e-10 0 1.60173e-07 -3.34316e-10 0 1.59956e-07 -1.60876e-10 0 1.59994e-07 -3.21556e-10 0
          1.5976e-07 -1.54639e-10 0 1.59797e-07 -3.09071e-10 0 1.59548e-07 -1.48544e-10 0 1.59584e-07 -2.96872e-10 0
          1.5932e-07 -1.42596e-10 0 1.59356e-07 -2.84968e-10 0 7.96012e-08 -6.91145e-11 0 7.96186e-08 -1.38114e-10 0
          6.42372e-08 -1.03066e-09 0 1.28906e-07 -2.0574e-09 0 1.29766e-07 -2.05193e-09 0 1.30621e-07 -2.04619e-09 0
          1.31471e-07 -2.04016e-09 0 1.32317e-07 -2.03383e-09 0 1.33157e-07 -2.02719e-09 0 1.33992e-07 -2.02022e-09 0
          1.34821e-07 -2.01291e-09 0 1.35643e-07 -2.00525e-09 0 1.3646e-07 -1.99722e-09 0 1.3727e-07 -1.98881e-09 0
          1.38073e-07 -1.98001e-09 0 1.3887e-07 -1.97079e-09 0 1.39658e-07 -1.96115e-09 0 1.40439e-07 -1.95106e-09 0
          1.41212e-07 -1.94052e-09 0 1.41976e-07 -1.9295e-09 0 1.42732e-07 -1.918e-09 0 1.43479e-07 -1.90599e-09 0
          1.44216e-07 -1.89347e-09 0 1.44943e-07 -1.88042e-09 0 1.4566e-07 -1.86682e-09 0 1.46366e-07 -1.85266e-09 0
          1.4706e-07 -1.83793e-09 0 1.47744e-07 -1.82261e-09 0 1.48415e-07 -1.8067e-09 0 1.49074e-07 -1.79019e-09 0
          1.4972e-07 -1.77306e-09 0 1.50353e-07 -1.75531e-09 0 1.50971e-07 -1.73694e-09 0 1.51576e-07 -1.71793e-09 0
          1.52166e-07 -1.69829e-09 0 1.5274e-07 -1.67801e-09 0 1.53299e-07 -1.6571e-09 0 1.53841e-07 -1.63555e-09 0
          1.54367e-07 -1.61338e-09 0 1.54876e-07 -1.59059e-09 0 1.55368e-07 -1.56719e-09 0 1.55841e-07 -1.54319e-09 0
          1.56296e-07 -1.51861e-09 0 1.56733e-07 -1.49347e-09 0 1.5715e-07 -1.46778e-09 0 1.57547e-07 -1.44156e-09 0
          1.57925e-07 -1.41484e-09 0 1.58282e-07 -1.38766e-09 0 1.58619e-07 -1.36003e-09 0 1.58935e-07 -1.33199e-09 0
          1.59229e-07 -1.30357e-09 0 1.59503e-07 -1.27482e-09 0 1.59755e-07 -1.24576e-09 0 1.59985e-07 -1.21645e-09 0
          1.60193e-07 -1.18691e-09 0 1.6038e-07 -1.1572e-09 0 1.60544e-07 -1.12735e-09 0 1.60687e-07 -1.09742e-09 0
          1.60808e-07 -1.06744e-09 0 1.60906e-07 -1.03747e-09 0 1.60983e-07 -1.00755e-09 0 1.61039e-07 -9.77722e-10 0
          1.61072e-07 -9.48035e-10 0 1.61085e-07 -9.18531e-10 0 1.61076e-07 -8.89255e-10 0 1.61047e-07 -8.60248e-10 0
          1.60997e-07 -8.3155e-10 0 1.60927e-07 -8.03201e-10 0 1.60838e-07 -7.75237e-10 0 1.60728e-07 -7.47692e-10 0
          1.606e-07 -7.20599e-10 0 1.60454e-07 -6.93988e-10 0 1.6029e-07 -6.67887e-10 0 1.60107e-07 -6.4232e-10 0
          1.59908e-07 -6.1731e-10 0 1.59693e-07 -5.92876e-10 0 1.59461e-07 -5.69036e-10 0 7.96708e-08 -2.75768e-10 0
          6.42566e-08 -1.54665e-09 0 1.28945e-07 -3.08744e-09 0 1.29807e-07 -3.0793e-09 0 1.30665e-07 -3.07075e-09 0
          1.31518e-07 -3.06176e-09 0 1.32365e-07 -3.05234e-09 0 1.33208e-07 -3.04244e-09 0 1.34045e-07 -3.03206e-09 0
          1.34877e-07 -3.02117e-09 0 1.35702e-07 -3.00975e-09 0 1.36522e-07 -2.99778e-09 0 1.37335e-07 -2.98525e-09 0
          1.38141e-07 -2.97211e-09 0 1.3894e-07 -2.95837e-09 0 1.39732e-07 -2.94398e-09 0 1.40516e-07 -2.92893e-09 0
          1.41293e-07 -2.9132e-09 0 1.42061e-07 -2.89675e-09 0 1.4282e-07 -2.87958e-09 0 1.4357e-07 -2.86165e-09 0
          1.44311e-07 -2.84294e-09 0 1.45043e-07 -2.82343e-09 0 1.45763e-07 -2.8031e-09 0 1.46474e-07 -2.78193e-09 0
          1.47173e-07 -2.7599e-09 0 1.47861e-07 -2.73699e-09 0 1.48537e-07 -2.71319e-09 0 1.492e-07 -2.68847e-09 0
          1.49851e-07 -2.66283e-09 0 1.50488e-07 -2.63624e-09 0 1.51111e-07 -2.60871e-09 0 1.51721e-07 -2.58023e-09 0
          1.52315e-07 -2.55079e-09 0 1.52894e-07 -2.52038e-09 0 1.53458e-07 -2.48901e-09 0 1.54005e-07 -2.45668e-09 0
          1.54536e-07 -2.42341e-09 0 1.5505e-07 -2.38919e-09 0 1.55546e-07 -2.35405e-09 0 1.56024e-07 -2.318e-09 0
          1.56483e-07 -2.28106e-09 0 1.56923e-07 -2.24326e-09 0 1.57344e-07 -2.20463e-09 0 1.57746e-07 -2.1652e-09 0
          1.58127e-07 -2.12502e-09 0 1.58488e-07 -2.08411e-09 0 1.58828e-07 -2.04253e-09 0 1.59147e-07 -2.00032e-09 0
          1.59444e-07 -1.95754e-09 0 1.5972e-07 -1.91424e-09 0 1.59974e-07 -1.87048e-09 0 1.60206e-07 -1.82632e-09 0
          1.60416e-07 -1.78182e-09 0 1.60604e-07 -1.73705e-09 0 1.60769e-07 -1.69208e-09 0 1.60912e-07 -1.64698e-09 0
          1.61033e-07 -1.6018e-09 0 1.61132e-07 -1.55664e-09 0 1.61208e-07 -1.51154e-09 0 1.61262e-07 -1.46659e-09 0
          1.61295e-07 -1.42186e-09 0 1.61306e-07 -1.3774e-09 0 1.61295e-07 -1.33329e-09 0 1.61264e-07 -1.28959e-09 0
          1.61211e-07 -1.24636e-09 0 1.61139e-07 -1.20366e-09 0 1.61046e-07 -1.16154e-09 0 1.60934e-07 -1.12007e-09 0
          1.60802e-07 -1.07928e-09 0 1.60652e-07 -1.03923e-09 0 1.60484e-07 -9.99952e-10 0 1.60297e-07 -9.61487e-10 0
          1.60094e-07 -9.23869e-10 0 1.59874e-07 -8.87127e-10 0 1.59638e-07 -8.51288e-10 0 7.9758e-08 -4.12492e-10 0
          6.42836e-08 -2.06341e-09 0 1.29001e-07 -4.11909e-09 0 1.29866e-07 -4.10834e-09 0 1.30726e-07 -4.09705e-09 0
          1.31582e-07 -4.0852e-09 0 1.32433e-07 -4.07275e-09 0 1.33279e-07 -4.05968e-09 0 1.34119e-07 -4.04596e-09 0
          1.34954e-07 -4.03158e-09 0 1.35784e-07 -4.01649e-09 0 1.36607e-07 -4.00067e-09 0 1.37424e-07 -3.9841e-09 0
          1.38234e-07 -3.96674e-09 0 1.39038e-07 -3.94855e-09 0 1.39835e-07 -3.92952e-09 0 1.40624e-07 -3.9096e-09 0
          1.41405e-07 -3.88877e-09 0 1.42178e-07 -3.867e-09 0 1.42943e-07 -3.84425e-09 0 1.43698e-07 -3.82049e-09 0
          1.44445e-07 -3.79569e-09 0 1.45182e-07 -3.76982e-09 0 1.45908e-07 -3.74285e-09 0 1.46625e-07 -3.71476e-09 0
          1.4733e-07 -3.68552e-09 0 1.48024e-07 -3.65509e-09 0 1.48706e-07 -3.62346e-09 0 1.49376e-07 -3.5906e-09 0
          1.50033e-07 -3.5565e-09 0 1.50677e-07 -3.52114e-09 0 1.51307e-07 -3.4845e-09 0 1.51923e-07 -3.44657e-09 0
          1.52525e-07 -3.40735e-09 0 1.53111e-07 -3.36682e-09 0 1.53681e-07 -3.325e-09 0 1.54235e-07 -3.28188e-09 0
          1.54772e-07 -3.23748e-09 0 1.55293e-07 -3.1918e-09 0 1.55795e-07 -3.14486e-09 0 1.56279e-07 -3.09669e-09 0
          1.56745e-07 -3.04732e-09 0 1.57191e-07 -2.99678e-09 0 1.57618e-07 -2.9451e-09 0 1.58025e-07 -2.89234e-09 0
          1.58411e-07 -2.83854e-09 0 1.58777e-07 -2.78376e-09 0 1.59122e-07 -2.72806e-09 0 1.59445e-07 -2.6715e-09 0
          1.59746e-07 -2.61416e-09 0 1.60026e-07 -2.55611e-09 0 1.60283e-07 -2.49743e-09 0 1.60517e-07 -2.4382e-09 0
          1.60729e-07 -2.37851e-09 0 1.60919e-07 -2.31844e-09 0 1.61085e-07 -2.2581e-09 0 1.61229e-07 -2.19757e-09 0
          1.6135e-07 -2.13694e-09 0 1.61448e-07 -2.07632e-09 0 1.61524e-07 -2.0158e-09 0 1.61577e-07 -1.95547e-09 0
          1.61608e-07 -1.89543e-09 0 1.61617e-07 -1.83577e-09 0 1.61604e-07 -1.77659e-09 0 1.61569e-07 -1.71796e-09 0
          1.61513e-07 -1.65997e-09 0 1.61436e-07 -1.60271e-09 0 1.61339e-07 -1.54624e-09 0 1.61222e-07 -1.49064e-09 0
          1.61086e-07 -1.43598e-09 0 1.6093e-07 -1.38232e-09 0 1.60756e-07 -1.32972e-09 0 1.60564e-07 -1.27822e-09 0
          1.60355e-07 -1.22787e-09 0 1.60129e-07 -1.17871e-09 0 1.59886e-07 -1.13077e-09 0 7.98804e-08 -5.47802e-10 0
          6.43179e-08 -2.5812e-09 0 1.29071e-07 -5.15286e-09 0 1.29939e-07 -5.13961e-09 0 1.30804e-07 -5.12568e-09 0
          1.31663e-07 -5.11104e-09 0 1.32518e-07 -5.09568e-09 0 1.33368e-07 -5.07954e-09 0 1.34213e-07 -5.06261e-09 0
          1.35053e-07 -5.04484e-09 0 1.35887e-07 -5.02621e-09 0 1.36716e-07 -5.00666e-09 0 1.37538e-07 -4.98617e-09 0
          1.38354e-07 -4.9647e-09 0 1.39163e-07 -4.94221e-09 0 1.39965e-07 -4.91866e-09 0 1.40761e-07 -4.89401e-09 0
          1.41548e-07 -4.86821e-09 0 1.42328e-07 -4.84124e-09 0 1.43099e-07 -4.81304e-09 0 1.43862e-07 -4.78358e-09 0
          1.44615e-07 -4.75282e-09 0 1.45359e-07 -4.72072e-09 0 1.46094e-07 -4.68724e-09 0 1.46818e-07 -4.65234e-09 0
          1.47531e-07 -4.61599e-09 0 1.48233e-07 -4.57816e-09 0 1.48923e-07 -4.5388e-09 0 1.49602e-07 -4.4979e-09 0
          1.50267e-07 -4.45543e-09 0 1.5092e-07 -4.41136e-09 0 1.51559e-07 -4.36567e-09 0 1.52184e-07 -4.31835e-09 0
          1.52794e-07 -4.26938e-09 0 1.53389e-07 -4.21877e-09 0 1.53968e-07 -4.1665e-09 0 1.54531e-07 -4.11257e-09 0
          1.55077e-07 -4.05701e-09 0 1.55605e-07 -3.99982e-09 0 1.56116e-07 -3.94103e-09 0 1.56609e-07 -3.88066e-09 0
          1.57083e-07 -3.81875e-09 0 1.57537e-07 -3.75534e-09 0 1.57971e-07 -3.69047e-09 0 1.58386e-07 -3.62421e-09 0
          1.58779e-07 -3.55662e-09 0 1.59151e-07 -3.48776e-09 0 1.59502e-07 -3.41771e-09 0 1.59831e-07 -3.34656e-09 0
          1.60137e-07 -3.2744e-09 0 1.60421e-07 -3.20132e-09 0 1.60682e-07 -3.12742e-09 0 1.6092e-07 -3.05281e-09 0
          1.61135e-07 -2.97761e-09 0 1.61327e-07 -2.90191e-09 0 1.61495e-07 -2.82586e-09 0 1.6164e-07 -2.74955e-09 0
          1.61761e-07 -2.67313e-09 0 1.61859e-07 -2.5967e-09 0 1.61934e-07 -2.5204e-09 0 1.61985e-07 -2.44435e-09 0
          1.62014e-07 -2.36866e-09 0 1.62019e-07 -2.29346e-09 0 1.62003e-07 -2.21887e-09 0 1.61964e-07 -2.145e-09 0
          1.61904e-07 -2.07195e-09 0 1.61822e-07 -1.99982e-09 0 1.61719e-07 -1.92873e-09 0 1.61596e-07 -1.85875e-09 0
          1.61453e-07 -1.78998e-09 0 1.6129e-07 -1.72248e-09 0 1.61109e-07 -1.65634e-09 0 1.60909e-07 -1.59162e-09 0
          1.60691e-07 -1.52838e-09 0 1.60457e-07 -1.46665e-09 0 1.60206e-07 -1.4065e-09 0 8.00382e-08 -6.8119e-10 0
          6.43592e-08 -3.10026e-09 0 1.29156e-07 -6.18926e-09 0 1.30028e-07 -6.17361e-09 0 1.30897e-07 -6.15716e-09 0
          1.31761e-07 -6.13988e-09 0 1.32621e-07 -6.12173e-09 0 1.33477e-07 -6.10267e-09 0 1.34327e-07 -6.08266e-09 0
          1.35172e-07 -6.06165e-09 0 1.36012e-07 -6.03961e-09 0 1.36847e-07 -6.01649e-09 0 1.37675e-07 -5.99225e-09 0
          1.38498e-07 -5.96683e-09 0 1.39314e-07 -5.94019e-09 0 1.40124e-07 -5.91229e-09 0 1.40926e-07 -5.88307e-09 0
          1.41721e-07 -5.85248e-09 0 1.42509e-07 -5.82047e-09 0 1.43288e-07 -5.787e-09 0 1.44059e-07 -5.75201e-09 0
          1.44822e-07 -5.71545e-09 0 1.45575e-07 -5.67728e-09 0 1.46318e-07 -5.63745e-09 0 1.47052e-07 -5.5959e-09 0
          1.47775e-07 -5.55259e-09 0 1.48487e-07 -5.50749e-09 0 1.49187e-07 -5.46054e-09 0 1.49876e-07 -5.41172e-09 0
          1.50552e-07 -5.36099e-09 0 1.51216e-07 -5.30831e-09 0 1.51865e-07 -5.25366e-09 0 1.52501e-07 -5.19701e-09 0
          1.53122e-07 -5.13836e-09 0 1.53728e-07 -5.07768e-09 0 1.54318e-07 -5.01498e-09 0 1.54892e-07 -4.95025e-09 0
          1.55449e-07 -4.88351e-09 0 1.55989e-07 -4.81476e-09 0 1.5651e-07 -4.74404e-09 0 1.57013e-07 -4.67137e-09 0
          1.57497e-07 -4.59679e-09 0 1.57961e-07 -4.52035e-09 0 1.58405e-07 -4.44212e-09 0 1.58829e-07 -4.36215e-09 0
          1.59231e-07 -4.28053e-09 0 1.59611e-07 -4.19733e-09 0 1.59969e-07 -4.11265e-09 0 1.60305e-07 -4.0266e-09 0
          1.60618e-07 -3.93928e-09 0 1.60908e-07 -3.85081e-09 0 1.61174e-07 -3.76132e-09 0 1.61417e-07 -3.67094e-09 0
          1.61636e-07 -3.5798e-09 0 1.6183e-07 -3.48806e-09 0 1.62e-07 -3.39585e-09 0 1.62146e-07 -3.30333e-09 0
          1.62268e-07 -3.21065e-09 0 1.62366e-07 -3.11796e-09 0 1.62439e-07 -3.02543e-09 0 1.62488e-07 -2.9332e-09 0
          1.62514e-07 -2.84142e-09 0 1.62516e-07 -2.75025e-09 0 1.62495e-07 -2.65983e-09 0 1.62451e-07 -2.5703e-09 0
          1.62385e-07 -2.48179e-09 0 1.62296e-07 -2.39444e-09 0 1.62186e-07 -2.30836e-09 0 1.62055e-07 -2.22366e-09 0
          1.61904e-07 -2.14047e-09 0 1.61733e-07 -2.05886e-09 0 1.61542e-07 -1.97892e-09 0 1.61332e-07 -1.90075e-09 0
          1.61105e-07 -1.82439e-09 0 1.6086e-07 -1.74993e-09 0 1.60599e-07 -1.67739e-09 0 8.02318e-08 -8.12112e-10 0
          6.44071e-08 -3.62082e-09 0 1.29254e-07 -7.22876e-09 0 1.30132e-07 -7.21086e-09 0 1.31006e-07 -7.19204e-09 0
          1.31876e-07 -7.17227e-09 0 1.32741e-07 -7.15149e-09 0 1.33602e-07 -7.12966e-09 0 1.34459e-07 -7.10674e-09 0
          1.35311e-07 -7.08267e-09 0 1.36158e-07 -7.05741e-09 0 1.36999e-07 -7.0309e-09 0 1.37836e-07 -7.00309e-09 0
          1.38666e-07 -6.97392e-09 0 1.3949e-07 -6.94334e-09 0 1.40308e-07 -6.91128e-09 0 1.41119e-07 -6.8777e-09 0
          1.41923e-07 -6.84252e-09 0 1.4272e-07 -6.80569e-09 0 1.43509e-07 -6.76715e-09 0 1.4429e-07 -6.72684e-09 0
          1.45063e-07 -6.6847e-09 0 1.45827e-07 -6.64066e-09 0 1.46581e-07 -6.59466e-09 0 1.47326e-07 -6.54666e-09 0
          1.48061e-07 -6.49659e-09 0 1.48785e-07 -6.4444e-09 0 1.49498e-07 -6.39003e-09 0 1.50199e-07 -6.33345e-09 0
          1.50888e-07 -6.2746e-09 0 1.51564e-07 -6.21344e-09 0 1.52226e-07 -6.14994e-09 0 1.52875e-07 -6.08407e-09 0
          1.53509e-07 -6.01581e-09 0 1.54129e-07 -5.94512e-09 0 1.54732e-07 -5.87202e-09 0 1.55319e-07 -5.79649e-09 0
          1.5589e-07 -5.71854e-09 0 1.56442e-07 -5.63818e-09 0 1.56977e-07 -5.55544e-09 0 1.57493e-07 -5.47035e-09 0
          1.57989e-07 -5.38296e-09 0 1.58465e-07 -5.29332e-09 0 1.58921e-07 -5.2015e-09 0 1.59356e-07 -5.10758e-09 0
          1.59768e-07 -5.01164e-09 0 1.60159e-07 -4.91379e-09 0 1.60527e-07 -4.81413e-09 0 1.60872e-07 -4.71279e-09 0
          1.61193e-07 -4.60991e-09 0 1.6149e-07 -4.50561e-09 0 1.61762e-07 -4.40006e-09 0 1.6201e-07 -4.29341e-09 0
          1.62233e-07 -4.18583e-09 0 1.62432e-07 -4.0775e-09 0 1.62604e-07 -3.9686e-09 0 1.62752e-07 -3.85931e-09 0
          1.62874e-07 -3.74981e-09 0 1.62971e-07 -3.6403e-09 0 1.63043e-07 -3.53096e-09 0 1.6309e-07 -3.42199e-09 0
          1.63112e-07 -3.31357e-09 0 1.6311e-07 -3.20588e-09 0 1.63084e-07 -3.0991e-09 0 1.63033e-07 -2.9934e-09 0
          1.6296e-07 -2.88895e-09 0 1.62863e-07 -2.7859e-09 0 1.62744e-07 -2.6844e-09 0 1.62604e-07 -2.58458e-09 0
          1.62442e-07 -2.48658e-09 0 1.6226e-07 -2.3905e-09 0 1.62058e-07 -2.29646e-09 0 1.61837e-07 -2.20454e-09 0
          1.61597e-07 -2.11483e-09 0 1.61339e-07 -2.0274e-09 0 1.61065e-07 -1.94231e-09 0 8.04617e-08 -9.39984e-10 0
          6.44612e-08 -4.1431e-09 0 1.29365e-07 -8.27183e-09 0 1.30248e-07 -8.25184e-09 0 1.31128e-07 -8.23082e-09 0
          1.32004e-07 -8.20873e-09 0 1.32877e-07 -8.18551e-09 0 1.33745e-07 -8.16111e-09 0 1.34609e-07 -8.13548e-09 0
          1.35468e-07 -8.10856e-09 0 1.36323e-07 -8.08029e-09 0 1.37172e-07 -8.05061e-09 0 1.38017e-07 -8.01946e-09 0
          1.38856e-07 -7.98677e-09 0 1.39689e-07 -7.95247e-09 0 1.40517e-07 -7.91651e-09 0 1.41338e-07 -7.8788e-09 0
          1.42153e-07 -7.83929e-09 0 1.4296e-07 -7.79789e-09 0 1.43761e-07 -7.75453e-09 0 1.44554e-07 -7.70915e-09 0
          1.45338e-07 -7.66167e-09 0 1.46115e-07 -7.61201e-09 0 1.46882e-07 -7.5601e-09 0 1.4764e-07 -7.50589e-09 0
          1.48388e-07 -7.44928e-09 0 1.49126e-07 -7.39023e-09 0 1.49853e-07 -7.32866e-09 0 1.50568e-07 -7.26451e-09 0
          1.51272e-07 -7.19773e-09 0 1.51963e-07 -7.12827e-09 0 1.52641e-07 -7.05607e-09 0 1.53306e-07 -6.9811e-09 0
          1.53956e-07 -6.90333e-09 0 1.54591e-07 -6.82272e-09 0 1.5521e-07 -6.73927e-09 0 1.55813e-07 -6.65295e-09 0
          1.56399e-07 -6.56378e-09 0 1.56967e-07 -6.47176e-09 0 1.57517e-07 -6.37692e-09 0 1.58048e-07 -6.27929e-09 0
          1.5856e-07 -6.17893e-09 0 1.5905e-07 -6.07588e-09 0 1.5952e-07 -5.97023e-09 0 1.59968e-07 -5.86206e-09 0
          1.60394e-07 -5.75148e-09 0 1.60797e-07 -5.63859e-09 0 1.61176e-07 -5.52354e-09 0 1.61532e-07 -5.40646e-09 0
          1.61862e-07 -5.2875e-09 0 1.62168e-07 -5.16685e-09 0 1.62449e-07 -5.04467e-09 0 1.62703e-07 -4.92116e-09 0
          1.62932e-07 -4.79652e-09 0 1.63135e-07 -4.67096e-09 0 1.63311e-07 -4.54469e-09 0 1.6346e-07 -4.41794e-09 0
          1.63584e-07 -4.29094e-09 0 1.6368e-07 -4.16391e-09 0 1.6375e-07 -4.03707e-09 0 1.63794e-07 -3.91067e-09 0
          1.63812e-07 -3.78493e-09 0 1.63804e-07 -3.66005e-09 0 1.63771e-07 -3.53627e-09 0 1.63713e-07 -3.41378e-09 0
          1.63631e-07 -3.29279e-09 0 1.63525e-07 -3.17348e-09 0 1.63395e-07 -3.05602e-09 0 1.63243e-07 -2.94059e-09 0
          1.63069e-07 -2.82732e-09 0 1.62874e-07 -2.71637e-09 0 1.62658e-07 -2.60784e-09 0 1.62423e-07 -2.50185e-09 0
          1.62168e-07 -2.39849e-09 0 1.61896e-07 -2.29784e-09 0 1.61606e-07 -2.19997e-09 0 8.07283e-08 -1.06416e-09 0
          6.4521e-08 -4.66732e-09 0 1.29488e-07 -9.31889e-09 0 1.30377e-07 -9.297e-09 0 1.31264e-07 -9.27398e-09 0
          1.32147e-07 -9.24977e-09 0 1.33027e-07 -9.22432e-09 0 1.33902e-07 -9.19757e-09 0 1.34774e-07 -9.16946e-09 0
          1.35642e-07 -9.13992e-09 0 1.36505e-07 -9.10889e-09 0 1.37364e-07 -9.07629e-09 0 1.38218e-07 -9.04206e-09 0
          1.39067e-07 -9.00612e-09 0 1.39911e-07 -8.96839e-09 0 1.40749e-07 -8.9288e-09 0 1.41582e-07 -8.88727e-09 0
          1.42408e-07 -8.84371e-09 0 1.43228e-07 -8.79803e-09 0 1.44041e-07 -8.75016e-09 0 1.44847e-07 -8.70001e-09 0
          1.45645e-07 -8.64749e-09 0 1.46436e-07 -8.59251e-09 0 1.47218e-07 -8.53499e-09 0 1.47991e-07 -8.47485e-09 0
          1.48754e-07 -8.412e-09 0 1.49508e-07 -8.34636e-09 0 1.50251e-07 -8.27785e-09 0 1.50984e-07 -8.20639e-09 0
          1.51705e-07 -8.13192e-09 0 1.52413e-07 -8.05436e-09 0 1.53109e-07 -7.97367e-09 0 1.53791e-07 -7.88977e-09 0
          1.5446e-07 -7.80263e-09 0 1.55113e-07 -7.71221e-09 0 1.55751e-07 -7.61849e-09 0 1.56372e-07 -7.52143e-09 0
          1.56977e-07 -7.42104e-09 0 1.57564e-07 -7.31733e-09 0 1.58132e-07 -7.21031e-09 0 1.58681e-07 -7.10001e-09 0
          1.5921e-07 -6.98649e-09 0 1.59718e-07 -6.86981e-09 0 1.60205e-07 -6.75005e-09 0 1.60669e-07 -6.62731e-09 0
          1.6111e-07 -6.5017e-09 0 1.61528e-07 -6.37335e-09 0 1.61921e-07 -6.24241e-09 0 1.62289e-07 -6.10904e-09 0
          1.62631e-07 -5.97344e-09 0 1.62948e-07 -5.83579e-09 0 1.63238e-07 -5.69631e-09 0 1.63501e-07 -5.55522e-09 0
          1.63736e-07 -5.41277e-09 0 1.63944e-07 -5.26919e-09 0 1.64124e-07 -5.12476e-09 0 1.64276e-07 -4.97974e-09 0
          1.644e-07 -4.83439e-09 0 1.64496e-07 -4.689e-09 0 1.64564e-07 -4.54383e-09 0 1.64605e-07 -4.39917e-09 0
          1.64618e-07 -4.25527e-09 0 1.64603e-07 -4.11241e-09 0 1.64563e-07 -3.97085e-09 0 1.64496e-07 -3.83083e-09 0
          1.64403e-07 -3.69258e-09 0 1.64285e-07 -3.55633e-09 0 1.64143e-07 -3.42229e-09 0 1.63977e-07 -3.29065e-09 0
          1.63788e-07 -3.16159e-09 0 1.63578e-07 -3.03526e-09 0 1.63346e-07 -2.91181e-09 0 1.63093e-07 -2.79136e-09 0
          1.62821e-07 -2.67402e-09 0 1.62531e-07 -2.55987e-09 0 1.62223e-07 -2.44898e-09 0 8.10322e-08 -1.18394e-09 0
          6.45859e-08 -5.19365e-09 0 1.29621e-07 -1.03703e-08 0 1.30518e-07 -1.03468e-08 0 1.31411e-07 -1.03219e-08 0
          1.32302e-07 -1.02959e-08 0 1.33189e-07 -1.02684e-08 0 1.34073e-07 -1.02396e-08 0 1.34954e-07 -1.02092e-08 0
          1.35831e-07 -1.01773e-08 0 1.36704e-07 -1.01438e-08 0 1.37573e-07 -1.01086e-08 0 1.38437e-07 -1.00716e-08 0
          1.39297e-07 -1.00327e-08 0 1.40153e-07 -9.99188e-09 0 1.41003e-07 -9.94899e-09 0 1.41848e-07 -9.90396e-09 0
          1.42688e-07 -9.85669e-09 0 1.43521e-07 -9.80709e-09 0 1.44348e-07 -9.75505e-09 0 1.45169e-07 -9.70048e-09 0
          1.45983e-07 -9.64328e-09 0 1.46789e-07 -9.58335e-09 0 1.47587e-07 -9.52057e-09 0 1.48377e-07 -9.45485e-09 0
          1.49158e-07 -9.3861e-09 0 1.4993e-07 -9.31421e-09 0 1.50692e-07 -9.23908e-09 0 1.51443e-07 -9.16062e-09 0
          1.52184e-07 -9.07875e-09 0 1.52912e-07 -8.99338e-09 0 1.53628e-07 -8.90443e-09 0 1.54331e-07 -8.81183e-09 0
          1.55021e-07 -8.71552e-09 0 1.55695e-07 -8.61545e-09 0 1.56354e-07 -8.51157e-09 0 1.56997e-07 -8.40385e-09 0
          1.57624e-07 -8.29229e-09 0 1.58232e-07 -8.17686e-09 0 1.58821e-07 -8.05759e-09 0 1.59392e-07 -7.93451e-09 0
          1.59941e-07 -7.80765e-09 0 1.6047e-07 -7.6771e-09 0 1.60976e-07 -7.54293e-09 0 1.61459e-07 -7.40524e-09 0
          1.61919e-07 -7.26417e-09 0 1.62354e-07 -7.11985e-09 0 1.62763e-07 -6.97247e-09 0 1.63147e-07 -6.8222e-09 0
          1.63503e-07 -6.66925e-09 0 1.63833e-07 -6.51387e-09 0 1.64134e-07 -6.35628e-09 0 1.64406e-07 -6.19677e-09 0
          1.6465e-07 -6.03561e-09 0 1.64865e-07 -5.8731e-09 0 1.65049e-07 -5.70954e-09 0 1.65205e-07 -5.54525e-09 0
          1.6533e-07 -5.38056e-09 0 1.65425e-07 -5.2158e-09 0 1.65491e-07 -5.05129e-09 0 1.65527e-07 -4.88736e-09 0
          1.65534e-07 -4.72433e-09 0 1.65513e-07 -4.56253e-09 0 1.65463e-07 -4.40225e-09 0 1.65385e-07 -4.2438e-09 0
          1.6528e-07 -4.08745e-09 0 1.65148e-07 -3.93347e-09 0 1.64991e-07 -3.7821e-09 0 1.64809e-07 -3.63357e-09 0
          1.64603e-07 -3.48808e-09 0 1.64374e-07 -3.34582e-09 0 1.64123e-07 -3.20694e-09 0 1.6385e-07 -3.07159e-09 0
          1.63558e-07 -2.93988e-09 0 1.63246e-07 -2.81192e-09 0 1.62917e-07 -2.68777e-09 0 8.13739e-08 -1.29853e-09 0
          6.46553e-08 -5.72227e-09 0 1.29763e-07 -1.14265e-08 0 1.30667e-07 -1.14015e-08 0 1.31569e-07 -1.13751e-08 0
          1.32468e-07 -1.13474e-08 0 1.33364e-07 -1.13182e-08 0 1.34257e-07 -1.12876e-08 0 1.35147e-07 -1.12553e-08 0
          1.36034e-07 -1.12214e-08 0 1.36917e-07 -1.11857e-08 0 1.37797e-07 -1.11482e-08 0 1.38673e-07 -1.11087e-08 0
          1.39545e-07 -1.10672e-08 0 1.40413e-07 -1.10236e-08 0 1.41276e-07 -1.09778e-08 0 1.42135e-07 -1.09297e-08 0
          1.42989e-07 -1.08791e-08 0 1.43837e-07 -1.0826e-08 0 1.4468e-07 -1.07702e-08 0 1.45517e-07 -1.07116e-08 0
          1.46347e-07 -1.06502e-08 0 1.47171e-07 -1.05857e-08 0 1.47988e-07 -1.05181e-08 0 1.48797e-07 -1.04472e-08 0
          1.49597e-07 -1.0373e-08 0 1.50389e-07 -1.02952e-08 0 1.51172e-07 -1.02139e-08 0 1.51945e-07 -1.01288e-08 0
          1.52707e-07 -1.00399e-08 0 1.53458e-07 -9.94704e-09 0 1.54198e-07 -9.85016e-09 0 1.54924e-07 -9.74915e-09 0
          1.55637e-07 -9.64392e-09 0 1.56336e-07 -9.53441e-09 0 1.5702e-07 -9.42056e-09 0 1.57688e-07 -9.30231e-09 0
          1.58339e-07 -9.17964e-09 0 1.58972e-07 -9.05252e-09 0 1.59586e-07 -8.92096e-09 0 1.60181e-07 -8.78499e-09 0
          1.60755e-07 -8.64463e-09 0 1.61307e-07 -8.49995e-09 0 1.61836e-07 -8.35104e-09 0 1.62342e-07 -8.19801e-09 0
          1.62823e-07 -8.04099e-09 0 1.63279e-07 -7.88016e-09 0 1.63708e-07 -7.71568e-09 0 1.6411e-07 -7.54779e-09 0
          1.64483e-07 -7.37671e-09 0 1.64827e-07 -7.20272e-09 0 1.65142e-07 -7.0261e-09 0 1.65427e-07 -6.84716e-09 0
          1.6568e-07 -6.66624e-09 0 1.65903e-07 -6.48368e-09 0 1.66093e-07 -6.29985e-09 0 1.66252e-07 -6.11513e-09 0
          1.66379e-07 -5.9299e-09 0 1.66474e-07 -5.74455e-09 0 1.66537e-07 -5.55949e-09 0 1.66569e-07 -5.3751e-09 0
          1.66569e-07 -5.19176e-09 0 1.66538e-07 -5.00987e-09 0 1.66477e-07 -4.82977e-09 0 1.66386e-07 -4.65184e-09 0
          1.66267e-07 -4.47638e-09 0 1.66119e-07 -4.30373e-09 0 1.65944e-07 -4.13416e-09 0 1.65743e-07 -3.96793e-09 0
          1.65516e-07 -3.80529e-09 0 1.65266e-07 -3.64644e-09 0 1.64992e-07 -3.49157e-09 0 1.64696e-07 -3.34083e-09 0
          1.6438e-07 -3.19435e-09 0 1.64044e-07 -3.05223e-09 0 1.6369e-07 -2.91455e-09 0 8.1754e-08 -1.40704e-09 0
          6.47285e-08 -6.25333e-09 0 1.29913e-07 -1.24878e-08 0 1.30825e-07 -1.24615e-08 0 1.31735e-07 -1.24339e-08 0
          1.32643e-07 -1.24048e-08 0 1.33548e-07 -1.23742e-08 0 1.34451e-07 -1.2342e-08 0 1.35351e-07 -1.23081e-08 0
          1.36248e-07 -1.22725e-08 0 1.37142e-07 -1.2235e-08 0 1.38034e-07 -1.21955e-08 0 1.38922e-07 -1.2154e-08 0
          1.39807e-07 -1.21103e-08 0 1.40688e-07 -1.20644e-08 0 1.41566e-07 -1.20161e-08 0 1.4244e-07 -1.19653e-08 0
          1.43309e-07 -1.19118e-08 0 1.44174e-07 -1.18556e-08 0 1.45034e-07 -1.17966e-08 0 1.45888e-07 -1.17345e-08 0
          1.46737e-07 -1.16692e-08 0 1.4758e-07 -1.16007e-08 0 1.48417e-07 -1.15287e-08 0 1.49247e-07 -1.14532e-08 0
          1.50069e-07 -1.1374e-08 0 1.50884e-07 -1.12909e-08 0 1.5169e-07 -1.12038e-08 0 1.52486e-07 -1.11125e-08 0
          1.53273e-07 -1.10171e-08 0 1.5405e-07 -1.09172e-08 0 1.54815e-07 -1.08127e-08 0 1.55568e-07 -1.07037e-08 0
          1.56308e-07 -1.05899e-08 0 1.57035e-07 -1.04712e-08 0 1.57747e-07 -1.03477e-08 0 1.58443e-07 -1.02191e-08 0
          1.59122e-07 -1.00854e-08 0 1.59784e-07 -9.9467e-09 0 1.60427e-07 -9.80286e-09 0 1.6105e-07 -9.65391e-09 0
          1.61652e-07 -9.49989e-09 0 1.62232e-07 -9.34085e-09 0 1.62788e-07 -9.17687e-09 0 1.6332e-07 -9.00807e-09 0
          1.63827e-07 -8.83459e-09 0 1.64307e-07 -8.65661e-09 0 1.64759e-07 -8.47433e-09 0 1.65182e-07 -8.28799e-09 0
          1.65576e-07 -8.09786e-09 0 1.65938e-07 -7.90425e-09 0 1.66269e-07 -7.7075e-09 0 1.66568e-07 -7.50796e-09 0
          1.66833e-07 -7.30603e-09 0 1.67065e-07 -7.10211e-09 0 1.67263e-07 -6.89665e-09 0 1.67427e-07 -6.69009e-09 0
          1.67556e-07 -6.48289e-09 0 1.67651e-07 -6.27552e-09 0 1.67711e-07 -6.06846e-09 0 1.67736e-07 -5.86218e-09 0
          1.67728e-07 -5.65713e-09 0 1.67687e-07 -5.45377e-09 0 1.67613e-07 -5.25255e-09 0 1.67507e-07 -5.05387e-09 0
          1.6737e-07 -4.85813e-09 0 1.67203e-07 -4.6657e-09 0 1.67007e-07 -4.47691e-09 0 1.66784e-07 -4.29206e-09 0
          1.66533e-07 -4.11144e-09 0 1.66257e-07 -3.93528e-09 0 1.65957e-07 -3.76378e-09 0 1.65635e-07 -3.59711e-09 0
          1.6529e-07 -3.43541e-09 0 1.64926e-07 -3.27878e-09 0 1.64543e-07 -3.1273e-09 0 8.21732e-08 -1.50847e-09 0
          6.48048e-08 -6.78694e-09 0 1.3007e-07 -1.35543e-08 0 1.3099e-07 -1.35271e-08 0 1.31909e-07 -1.34985e-08 0
          1.32825e-07 -1.34683e-08 0 1.3374e-07 -1.34366e-08 0 1.34653e-07 -1.34032e-08 0 1.35563e-07 -1.33681e-08 0
          1.36472e-07 -1.33311e-08 0 1.37378e-07 -1.32921e-08 0 1.38282e-07 -1.32511e-08 0 1.39183e-07 -1.3208e-08 0
          1.40082e-07 -1.31626e-08 0 1.40977e-07 -1.31148e-08 0 1.4187e-07 -1.30644e-08 0 1.42759e-07 -1.30114e-08 0
          1.43645e-07 -1.29556e-08 0 1.44528e-07 -1.28969e-08 0 1.45406e-07 -1.28351e-08 0 1.4628e-07 -1.277e-08 0
          1.47149e-07 -1.27016e-08 0 1.48013e-07 -1.26295e-08 0 1.48872e-07 -1.25538e-08 0 1.49724e-07 -1.24742e-08 0
          1.5057e-07 -1.23905e-08 0 1.5141e-07 -1.23026e-08 0 1.52241e-07 -1.22104e-08 0 1.53064e-07 -1.21136e-08 0
          1.53879e-07 -1.2012e-08 0 1.54683e-07 -1.19056e-08 0 1.55478e-07 -1.17942e-08 0 1.56261e-07 -1.16776e-08 0
          1.57031e-07 -1.15556e-08 0 1.57789e-07 -1.14282e-08 0 1.58532e-07 -1.12953e-08 0 1.59261e-07 -1.11566e-08 0
          1.59973e-07 -1.10122e-08 0 1.60667e-07 -1.0862e-08 0 1.61343e-07 -1.0706e-08 0 1.61999e-07 -1.0544e-08 0
          1.62633e-07 -1.03762e-08 0 1.63246e-07 -1.02026e-08 0 1.63834e-07 -1.00233e-08 0 1.64397e-07 -9.83825e-09 0
          1.64933e-07 -9.64774e-09 0 1.65442e-07 -9.45193e-09 0 1.65921e-07 -9.25104e-09 0 1.6637e-07 -9.04532e-09 0
          1.66787e-07 -8.8351e-09 0 1.67172e-07 -8.62071e-09 0 1.67522e-07 -8.40255e-09 0 1.67838e-07 -8.18103e-09 0
          1.68118e-07 -7.95662e-09 0 1.68362e-07 -7.7298e-09 0 1.68569e-07 -7.50108e-09 0 1.68738e-07 -7.271e-09 0
          1.6887e-07 -7.04012e-09 0 1.68964e-07 -6.80901e-09 0 1.69021e-07 -6.57821e-09 0 1.6904e-07 -6.34832e-09 0
          1.69022e-07 -6.11988e-09 0 1.68969e-07 -5.89343e-09 0 1.68879e-07 -5.66951e-09 0 1.68756e-07 -5.4486e-09 0
          1.68598e-07 -5.23118e-09 0 1.68408e-07 -5.01768e-09 0 1.68188e-07 -4.80849e-09 0 1.67937e-07 -4.60397e-09 0
          1.67659e-07 -4.40442e-09 0 1.67353e-07 -4.21012e-09 0 1.67022e-07 -4.02129e-09 0 1.66668e-07 -3.83811e-09 0
          1.66291e-07 -3.66072e-09 0 1.65893e-07 -3.48923e-09 0 1.65477e-07 -3.3237e-09 0 8.26319e-08 -1.60165e-09 0
          6.48834e-08 -7.32319e-09 0 1.30231e-07 -1.46263e-08 0 1.3116e-07 -1.45985e-08 0 1.32087e-07 -1.45692e-08 0
          1.33013e-07 -1.45383e-08 0 1.33938e-07 -1.45058e-08 0 1.34861e-07 -1.44716e-08 0 1.35783e-07 -1.44355e-08 0
          1.36703e-07 -1.43976e-08 0 1.37621e-07 -1.43576e-08 0 1.38538e-07 -1.43155e-08 0 1.39453e-07 -1.42711e-08 0
          1.40365e-07 -1.42244e-08 0 1.41276e-07 -1.41752e-08 0 1.42185e-07 -1.41234e-08 0 1.43091e-07 -1.40688e-08 0
          1.43995e-07 -1.40113e-08 0 1.44896e-07 -1.39506e-08 0 1.45794e-07 -1.38866e-08 0 1.46688e-07 -1.38192e-08 0
          1.47579e-07 -1.37482e-08 0 1.48466e-07 -1.36733e-08 0 1.49348e-07 -1.35944e-08 0 1.50225e-07 -1.35114e-08 0
          1.51097e-07 -1.3424e-08 0 1.51963e-07 -1.3332e-08 0 1.52823e-07 -1.32353e-08 0 1.53675e-07 -1.31336e-08 0
          1.5452e-07 -1.30267e-08 0 1.55356e-07 -1.29144e-08 0 1.56182e-07 -1.27966e-08 0 1.56998e-07 -1.2673e-08 0
          1.57803e-07 -1.25435e-08 0 1.58596e-07 -1.24079e-08 0 1.59375e-07 -1.2266e-08 0 1.6014e-07 -1.21177e-08 0
          1.60889e-07 -1.19629e-08 0 1.61621e-07 -1.18015e-08 0 1.62335e-07 -1.16334e-08 0 1.63028e-07 -1.14585e-08 0
          1.63701e-07 -1.12769e-08 0 1.6435e-07 -1.10885e-08 0 1.64975e-07 -1.08934e-08 0 1.65575e-07 -1.06918e-08 0
          1.66146e-07 -1.04837e-08 0 1.66689e-07 -1.02693e-08 0 1.672e-07 -1.00489e-08 0 1.6768e-07 -9.82279e-09 0
          1.68126e-07 -9.59128e-09 0 1.68536e-07 -9.35477e-09 0 1.6891e-07 -9.11372e-09 0 1.69247e-07 -8.8686e-09 0
          1.69544e-07 -8.61997e-09 0 1.69802e-07 -8.36839e-09 0 1.7002e-07 -8.11448e-09 0 1.70197e-07 -7.85889e-09 0
          1.70332e-07 -7.60228e-09 0 1.70426e-07 -7.34533e-09 0 1.70479e-07 -7.08873e-09 0 1.7049e-07 -6.83316e-09 0
          1.70462e-07 -6.5793e-09 0 1.70393e-07 -6.32781e-09 0 1.70286e-07 -6.07932e-09 0 1.7014e-07 -5.83443e-09 0
          1.69959e-07 -5.59368e-09 0 1.69742e-07 -5.3576e-09 0 1.69492e-07 -5.12665e-09 0 1.6921e-07 -4.90122e-09 0
          1.68898e-07 -4.68168e-09 0 1.68558e-07 -4.46833e-09 0 1.68191e-07 -4.26141e-09 0 1.67799e-07 -4.06111e-09 0
          1.67384e-07 -3.86757e-09 0 1.66948e-07 -3.68088e-09 0 1.66493e-07 -3.50109e-09 0 8.31305e-08 -1.68528e-09 0
          6.49635e-08 -7.8621e-09 0 1.30396e-07 -1.57039e-08 0 1.31333e-07 -1.56757e-08 0 1.32269e-07 -1.56461e-08 0
          1.33205e-07 -1.56149e-08 0 1.34139e-07 -1.5582e-08 0 1.35074e-07 -1.55473e-08 0 1.36007e-07 -1.55107e-08 0
          1.36939e-07 -1.54722e-08 0 1.3787e-07 -1.54316e-08 0 1.388e-07 -1.53888e-08 0 1.39728e-07 -1.53437e-08 0
          1.40656e-07 -1.52963e-08 0 1.41582e-07 -1.52463e-08 0 1.42507e-07 -1.51936e-08 0 1.43431e-07 -1.51381e-08 0
          1.44354e-07 -1.50794e-08 0 1.45274e-07 -1.50175e-08 0 1.46193e-07 -1.49521e-08 0 1.47109e-07 -1.4883e-08 0
          1.48023e-07 -1.481e-08 0 1.48934e-07 -1.4733e-08 0 1.49842e-07 -1.46518e-08 0 1.50746e-07 -1.45661e-08 0
          1.51645e-07 -1.44757e-08 0 1.5254e-07 -1.43805e-08 0 1.5343e-07 -1.42801e-08 0 1.54314e-07 -1.41743e-08 0
          1.55192e-07 -1.40629e-08 0 1.56062e-07 -1.39456e-08 0 1.56925e-07 -1.38222e-08 0 1.57778e-07 -1.36924e-08 0
          1.58621e-07 -1.3556e-08 0 1.59453e-07 -1.34128e-08 0 1.60272e-07 -1.32626e-08 0 1.61078e-07 -1.31052e-08 0
          1.61869e-07 -1.29405e-08 0 1.62644e-07 -1.27682e-08 0 1.634e-07 -1.25883e-08 0 1.64138e-07 -1.24007e-08 0
          1.64854e-07 -1.22054e-08 0 1.65547e-07 -1.20022e-08 0 1.66215e-07 -1.17912e-08 0 1.66856e-07 -1.15725e-08 0
          1.6747e-07 -1.13462e-08 0 1.68052e-07 -1.11125e-08 0 1.68602e-07 -1.08716e-08 0 1.69118e-07 -1.06239e-08 0
          1.69598e-07 -1.03698e-08 0 1.7004e-07 -1.01096e-08 0 1.70443e-07 -9.84397e-09 0 1.70804e-07 -9.57336e-09 0
          1.71124e-07 -9.29846e-09 0 1.71399e-07 -9.01993e-09 0 1.7163e-07 -8.73852e-09 0 1.71816e-07 -8.45499e-09 0
          1.71956e-07 -8.17017e-09 0 1.7205e-07 -7.88487e-09 0 1.72098e-07 -7.59993e-09 0 1.72101e-07 -7.3162e-09 0
          1.72059e-07 -7.03449e-09 0 1.71973e-07 -6.7556e-09 0 1.71844e-07 -6.48031e-09 0 1.71673e-07 -6.20932e-09 0
          1.71463e-07 -5.94331e-09 0 1.71214e-07 -5.68288e-09 0 1.70929e-07 -5.42858e-09 0 1.70609e-07 -5.18086e-09 0
          1.70258e-07 -4.94014e-09 0 1.69876e-07 -4.70674e-09 0 1.69467e-07 -4.48092e-09 0 1.69032e-07 -4.26288e-09 0
          1.68573e-07 -4.05273e-09 0 1.68093e-07 -3.85056e-09 0 1.67593e-07 -3.65638e-09 0 8.36692e-08 -1.75786e-09 0
          6.50442e-08 -8.40356e-09 0 1.30561e-07 -1.67868e-08 0 1.31506e-07 -1.67588e-08 0 1.32451e-07 -1.67293e-08 0
          1.33397e-07 -1.66983e-08 0 1.34342e-07 -1.66655e-08 0 1.35288e-07 -1.66307e-08 0 1.36233e-07 -1.6594e-08 0
          1.37177e-07 -1.65551e-08 0 1.38121e-07 -1.65142e-08 0 1.39064e-07 -1.64711e-08 0 1.40007e-07 -1.64259e-08 0
          1.40949e-07 -1.63783e-08 0 1.41891e-07 -1.63282e-08 0 1.42833e-07 -1.62754e-08 0 1.43775e-07 -1.62196e-08 0
          1.44717e-07 -1.61607e-08 0 1.45659e-07 -1.60982e-08 0 1.46599e-07 -1.60321e-08 0 1.47539e-07 -1.59621e-08 0
          1.48477e-07 -1.5888e-08 0 1.49414e-07 -1.58097e-08 0 1.50348e-07 -1.57269e-08 0 1.5128e-07 -1.56394e-08 0
          1.52209e-07 -1.5547e-08 0 1.53135e-07 -1.54495e-08 0 1.54058e-07 -1.53464e-08 0 1.54976e-07 -1.52376e-08 0
          1.5589e-07 -1.51226e-08 0 1.56798e-07 -1.50013e-08 0 1.577e-07 -1.48732e-08 0 1.58594e-07 -1.47381e-08 0
          1.59479e-07 -1.45958e-08 0 1.60355e-07 -1.44458e-08 0 1.6122e-07 -1.42881e-08 0 1.62072e-07 -1.41224e-08 0
          1.6291e-07 -1.39484e-08 0 1.63733e-07 -1.37659e-08 0 1.64539e-07 -1.35747e-08 0 1.65326e-07 -1.33748e-08 0
          1.66092e-07 -1.31658e-08 0 1.66835e-07 -1.29479e-08 0 1.67554e-07 -1.27208e-08 0 1.68245e-07 -1.24847e-08 0
          1.68907e-07 -1.22397e-08 0 1.69538e-07 -1.19859e-08 0 1.70134e-07 -1.17236e-08 0 1.70694e-07 -1.14531e-08 0
          1.71215e-07 -1.11748e-08 0 1.71695e-07 -1.08892e-08 0 1.72132e-07 -1.05969e-08 0 1.72524e-07 -1.02986e-08 0
          1.7287e-07 -9.99502e-09 0 1.73167e-07 -9.68691e-09 0 1.73415e-07 -9.37521e-09 0 1.73612e-07 -9.06084e-09 0
          1.73759e-07 -8.74479e-09 0 1.73853e-07 -8.42807e-09 0 1.73897e-07 -8.11172e-09 0 1.73889e-07 -7.79678e-09 0
          1.73831e-07 -7.48425e-09 0 1.73723e-07 -7.17511e-09 0 1.73568e-07 -6.87031e-09 0 1.73367e-07 -6.57073e-09 0
          1.73122e-07 -6.27715e-09 0 1.72834e-07 -5.9903e-09 0 1.72507e-07 -5.71082e-09 0 1.72143e-07 -5.43924e-09 0
          1.71745e-07 -5.17601e-09 0 1.71315e-07 -4.92149e-09 0 1.70855e-07 -4.67595e-09 0 1.70369e-07 -4.43956e-09 0
          1.69859e-07 -4.21243e-09 0 1.69327e-07 -3.99458e-09 0 1.68776e-07 -3.78599e-09 0 8.42477e-08 -1.81764e-09 0
          6.51243e-08 -8.94718e-09 0 1.30724e-07 -1.78745e-08 0 1.31676e-07 -1.78474e-08 0 1.3263e-07 -1.78191e-08 0
          1.33586e-07 -1.7789e-08 0 1.34544e-07 -1.77568e-08 0 1.35502e-07 -1.77224e-08 0 1.3646e-07 -1.76856e-08 0
          1.37417e-07 -1.76465e-08 0 1.38373e-07 -1.76054e-08 0 1.39329e-07 -1.75623e-08 0 1.40284e-07 -1.75173e-08 0
          1.4124e-07 -1.74703e-08 0 1.42198e-07 -1.74209e-08 0 1.43157e-07 -1.7369e-08 0 1.44118e-07 -1.73141e-08 0
          1.4508e-07 -1.72558e-08 0 1.46044e-07 -1.71937e-08 0 1.47008e-07 -1.71277e-08 0 1.47973e-07 -1.70575e-08 0
          1.48936e-07 -1.6983e-08 0 1.499e-07 -1.6904e-08 0 1.50862e-07 -1.68205e-08 0 1.51823e-07 -1.67322e-08 0
          1.52783e-07 -1.66389e-08 0 1.53742e-07 -1.65401e-08 0 1.54699e-07 -1.64357e-08 0 1.55654e-07 -1.63251e-08 0
          1.56607e-07 -1.62079e-08 0 1.57557e-07 -1.60837e-08 0 1.58501e-07 -1.59522e-08 0 1.59441e-07 -1.58129e-08 0
          1.60373e-07 -1.56656e-08 0 1.61297e-07 -1.551e-08 0 1.62211e-07 -1.53457e-08 0 1.63115e-07 -1.51726e-08 0
          1.64007e-07 -1.49902e-08 0 1.64884e-07 -1.47984e-08 0 1.65746e-07 -1.45967e-08 0 1.6659e-07 -1.4385e-08 0
          1.67414e-07 -1.4163e-08 0 1.68216e-07 -1.39306e-08 0 1.68994e-07 -1.36875e-08 0 1.69744e-07 -1.34339e-08 0
          1.70464e-07 -1.31696e-08 0 1.71151e-07 -1.2895e-08 0 1.71802e-07 -1.26101e-08 0 1.72414e-07 -1.23154e-08 0
          1.72985e-07 -1.20113e-08 0 1.73512e-07 -1.16984e-08 0 1.73991e-07 -1.13772e-08 0 1.74421e-07 -1.10485e-08 0
          1.748e-07 -1.07133e-08 0 1.75124e-07 -1.03725e-08 0 1.75393e-07 -1.00271e-08 0 1.75605e-07 -9.67835e-09 0
          1.7576e-07 -9.32738e-09 0 1.75856e-07 -8.97547e-09 0 1.75893e-07 -8.62392e-09 0 1.75873e-07 -8.27401e-09 0
          1.75796e-07 -7.92701e-09 0 1.75663e-07 -7.58414e-09 0 1.75476e-07 -7.24656e-09 0 1.75238e-07 -6.91534e-09 0
          1.7495e-07 -6.59146e-09 0 1.74616e-07 -6.27576e-09 0 1.74239e-07 -5.969e-09 0 1.73821e-07 -5.67179e-09 0
          1.73367e-07 -5.38463e-09 0 1.72878e-07 -5.10788e-09 0 1.7236e-07 -4.8418e-09 0 1.71813e-07 -4.58654e-09 0
          1.71243e-07 -4.34216e-09 0 1.70651e-07 -4.10861e-09 0 1.7004e-07 -3.88578e-09 0 8.48654e-08 -1.86264e-09 0
          6.5201e-08 -9.49176e-09 0 1.30879e-07 -1.89653e-08 0 1.31835e-07 -1.89411e-08 0 1.32798e-07 -1.89159e-08 0
          1.33768e-07 -1.88883e-08 0 1.34741e-07 -1.88577e-08 0 1.35716e-07 -1.88236e-08 0 1.36689e-07 -1.87862e-08 0
          1.3766e-07 -1.87463e-08 0 1.38627e-07 -1.87044e-08 0 1.39592e-07 -1.86611e-08 0 1.40558e-07 -1.86168e-08 0
          1.41525e-07 -1.85712e-08 0 1.42495e-07 -1.85241e-08 0 1.43471e-07 -1.84746e-08 0 1.44452e-07 -1.84221e-08 0
          1.45437e-07 -1.83657e-08 0 1.46425e-07 -1.83051e-08 0 1.47416e-07 -1.82398e-08 0 1.48406e-07 -1.81699e-08 0
          1.49397e-07 -1.80955e-08 0 1.50387e-07 -1.80164e-08 0 1.51377e-07 -1.79329e-08 0 1.52368e-07 -1.78448e-08 0
          1.53359e-07 -1.77519e-08 0 1.54351e-07 -1.76535e-08 0 1.55345e-07 -1.75493e-08 0 1.5634e-07 -1.74386e-08 0
          1.57335e-07 -1.73208e-08 0 1.5833e-07 -1.71953e-08 0 1.59322e-07 -1.70616e-08 0 1.60311e-07 -1.69195e-08 0
          1.61295e-07 -1.67685e-08 0 1.62272e-07 -1.66083e-08 0 1.63242e-07 -1.64387e-08 0 1.64202e-07 -1.62594e-08 0
          1.65153e-07 -1.60699e-08 0 1.66092e-07 -1.58699e-08 0 1.67017e-07 -1.56589e-08 0 1.67926e-07 -1.54365e-08 0
          1.68817e-07 -1.52024e-08 0 1.69688e-07 -1.4956e-08 0 1.70534e-07 -1.46973e-08 0 1.71353e-07 -1.44261e-08 0
          1.72142e-07 -1.41423e-08 0 1.72896e-07 -1.38461e-08 0 1.73614e-07 -1.35377e-08 0 1.7429e-07 -1.32173e-08 0
          1.74921e-07 -1.28856e-08 0 1.75504e-07 -1.2543e-08 0 1.76036e-07 -1.21903e-08 0 1.76514e-07 -1.18283e-08 0
          1.76933e-07 -1.14581e-08 0 1.77292e-07 -1.10808e-08 0 1.77588e-07 -1.06976e-08 0 1.77819e-07 -1.031e-08 0
          1.77985e-07 -9.91954e-09 0 1.78083e-07 -9.52774e-09 0 1.78114e-07 -9.13626e-09 0 1.78079e-07 -8.74671e-09 0
          1.77978e-07 -8.36071e-09 0 1.77814e-07 -7.97978e-09 0 1.77588e-07 -7.6054e-09 0 1.77304e-07 -7.23888e-09 0
          1.76965e-07 -6.88141e-09 0 1.76574e-07 -6.53402e-09 0 1.76135e-07 -6.19759e-09 0 1.75653e-07 -5.87279e-09 0
          1.75131e-07 -5.56017e-09 0 1.74573e-07 -5.26009e-09 0 1.73984e-07 -4.97276e-09 0 1.73367e-07 -4.69828e-09 0
          1.72726e-07 -4.43659e-09 0 1.72064e-07 -4.18757e-09 0 1.71385e-07 -3.95098e-09 0 8.55207e-08 -1.89058e-09 0
          6.52668e-08 -1.0034e-08 0 1.31006e-07 -2.00549e-08 0 1.31962e-07 -2.00394e-08 0 1.32938e-07 -2.00225e-08 0
          1.33931e-07 -2.0001e-08 0 1.34933e-07 -1.9973e-08 0 1.35934e-07 -1.99381e-08 0 1.36929e-07 -1.98976e-08 0
          1.37914e-07 -1.98536e-08 0 1.38888e-07 -1.98084e-08 0 1.39855e-07 -1.97638e-08 0 1.40821e-07 -1.97206e-08 0
          1.41792e-07 -1.96786e-08 0 1.42772e-07 -1.96365e-08 0 1.43763e-07 -1.95927e-08 0 1.44767e-07 -1.95453e-08 0
          1.45779e-07 -1.94929e-08 0 1.46798e-07 -1.94348e-08 0 1.47819e-07 -1.93705e-08 0 1.4884e-07 -1.93006e-08 0
          1.49858e-07 -1.92257e-08 0 1.50874e-07 -1.91464e-08 0 1.5189e-07 -1.90633e-08 0 1.52907e-07 -1.89766e-08 0
          1.53927e-07 -1.88857e-08 0 1.54952e-07 -1.87901e-08 0 1.55984e-07 -1.86886e-08 0 1.57021e-07 -1.85802e-08 0
          1.58063e-07 -1.8464e-08 0 1.59108e-07 -1.8339e-08 0 1.60154e-07 -1.82047e-08 0 1.61197e-07 -1.80609e-08 0
          1.62238e-07 -1.79073e-08 0 1.63273e-07 -1.77437e-08 0 1.64302e-07 -1.75701e-08 0 1.65325e-07 -1.73861e-08 0
          1.6634e-07 -1.71912e-08 0 1.67346e-07 -1.69849e-08 0 1.68343e-07 -1.67664e-08 0 1.69326e-07 -1.65351e-08 0
          1.70295e-07 -1.62901e-08 0 1.71245e-07 -1.6031e-08 0 1.72173e-07 -1.57573e-08 0 1.73074e-07 -1.54688e-08 0
          1.73944e-07 -1.51654e-08 0 1.7478e-07 -1.4847e-08 0 1.75577e-07 -1.4514e-08 0 1.7633e-07 -1.41666e-08 0
          1.77035e-07 -1.38053e-08 0 1.77689e-07 -1.34307e-08 0 1.78286e-07 -1.30435e-08 0 1.78822e-07 -1.26447e-08 0
          1.79293e-07 -1.22354e-08 0 1.79697e-07 -1.1817e-08 0 1.80028e-07 -1.1391e-08 0 1.80285e-07 -1.09591e-08 0
          1.80465e-07 -1.05234e-08 0 1.80567e-07 -1.00858e-08 0 1.80591e-07 -9.64834e-09 0 1.80538e-07 -9.21323e-09 0
          1.80408e-07 -8.78249e-09 0 1.80205e-07 -8.35811e-09 0 1.79931e-07 -7.94194e-09 0 1.7959e-07 -7.53563e-09 0
          1.79186e-07 -7.14065e-09 0 1.78725e-07 -6.75825e-09 0 1.78211e-07 -6.38942e-09 0 1.77649e-07 -6.03493e-09 0
          1.77045e-07 -5.69532e-09 0 1.76404e-07 -5.37092e-09 0 1.75731e-07 -5.06185e-09 0 1.7503e-07 -4.76807e-09 0
          1.74306e-07 -4.48941e-09 0 1.73563e-07 -4.22555e-09 0 1.72805e-07 -3.97608e-09 0 8.6211e-08 -1.89887e-09 0
          6.52958e-08 -1.05651e-08 0 1.31051e-07 -2.11345e-08 0 1.32e-07 -2.11443e-08 0 1.33008e-07 -2.11497e-08 0
          1.34057e-07 -2.11421e-08 0 1.35124e-07 -2.11173e-08 0 1.36183e-07 -2.10759e-08 0 1.37215e-07 -2.10228e-08 0
          1.38211e-07 -2.09648e-08 0 1.39176e-07 -2.09088e-08 0 1.40121e-07 -2.08597e-08 0 1.41062e-07 -2.08192e-08 0
          1.42017e-07 -2.07858e-08 0 1.42997e-07 -2.07561e-08 0 1.44006e-07 -2.07253e-08 0 1.45041e-07 -2.0689e-08 0
          1.46097e-07 -2.0644e-08 0 1.47161e-07 -2.05888e-08 0 1.48225e-07 -2.05239e-08 0 1.49281e-07 -2.04509e-08 0
          1.50327e-07 -2.03724e-08 0 1.51364e-07 -2.02908e-08 0 1.52395e-07 -2.02078e-08 0 1.53429e-07 -2.01238e-08 0
          1.54471e-07 -2.00383e-08 0 1.55526e-07 -1.99494e-08 0 1.56596e-07 -1.98551e-08 0 1.57681e-07 -1.97531e-08 0
          1.58778e-07 -1.96415e-08 0 1.59882e-07 -1.95192e-08 0 1.60989e-07 -1.93855e-08 0 1.62095e-07 -1.92406e-08 0
          1.63197e-07 -1.90847e-08 0 1.64293e-07 -1.89184e-08 0 1.65385e-07 -1.8742e-08 0 1.66471e-07 -1.85552e-08 0
          1.67555e-07 -1.83574e-08 0 1.68635e-07 -1.81477e-08 0 1.6971e-07 -1.79248e-08 0 1.70779e-07 -1.76873e-08 0
          1.71838e-07 -1.7434e-08 0 1.72881e-07 -1.71639e-08 0 1.73906e-07 -1.68764e-08 0 1.74905e-07 -1.65712e-08 0
          1.75873e-07 -1.6248e-08 0 1.76806e-07 -1.59071e-08 0 1.77698e-07 -1.55486e-08 0 1.78545e-07 -1.51728e-08 0
          1.79341e-07 -1.47801e-08 0 1.80081e-07 -1.4371e-08 0 1.80759e-07 -1.39462e-08 0 1.81371e-07 -1.35066e-08 0
          1.81909e-07 -1.30535e-08 0 1.8237e-07 -1.25884e-08 0 1.82748e-07 -1.21133e-08 0 1.83039e-07 -1.16303e-08 0
          1.83239e-07 -1.11419e-08 0 1.83348e-07 -1.06507e-08 0 1.83364e-07 -1.01596e-08 0 1.83288e-07 -9.67128e-09 0
          1.83123e-07 -9.18847e-09 0 1.8287e-07 -8.71375e-09 0 1.82534e-07 -8.24952e-09 0 1.82122e-07 -7.7979e-09 0
          1.81637e-07 -7.36069e-09 0 1.81088e-07 -6.9394e-09 0 1.8048e-07 -6.53517e-09 0 1.79821e-07 -6.14881e-09 0
          1.79117e-07 -5.78081e-09 0 1.78375e-07 -5.43139e-09 0 1.77601e-07 -5.1005e-09 0 1.768e-07 -4.78789e-09 0
          1.75979e-07 -4.49313e-09 0 1.75141e-07 -4.21566e-09 0 1.74292e-07 -3.95483e-09 0 8.69322e-08 -1.88462e-09 0
          6.52034e-08 -1.10657e-08 0 1.30839e-07 -2.21893e-08 0 1.31792e-07 -2.22713e-08 0 1.32901e-07 -2.23344e-08 0
          1.34113e-07 -2.23576e-08 0 1.35354e-07 -2.2332e-08 0 1.36552e-07 -2.22625e-08 0 1.37654e-07 -2.21661e-08 0
          1.38645e-07 -2.20646e-08 0 1.39543e-07 -2.1978e-08 0 1.40392e-07 -2.19182e-08 0 1.41242e-07 -2.18872e-08 0
          1.42136e-07 -2.18787e-08 0 1.43098e-07 -2.1881e-08 0 1.44136e-07 -2.18815e-08 0 1.45237e-07 -2.18692e-08 0
          1.46377e-07 -2.1837e-08 0 1.47528e-07 -2.17828e-08 0 1.48665e-07 -2.17092e-08 0 1.49768e-07 -2.16224e-08 0
          1.50835e-07 -2.15302e-08 0 1.51871e-07 -2.14394e-08 0 1.52891e-07 -2.13545e-08 0 1.53914e-07 -2.12764e-08 0
          1.54958e-07 -2.12032e-08 0 1.56034e-07 -2.11302e-08 0 1.57146e-07 -2.10522e-08 0 1.58291e-07 -2.0964e-08 0
          1.5946e-07 -2.0862e-08 0 1.60643e-07 -2.07442e-08 0 1.61828e-07 -2.06105e-08 0 1.63006e-07 -2.04625e-08 0
          1.64174e-07 -2.03023e-08 0 1.6533e-07 -2.01322e-08 0 1.66479e-07 -1.99535e-08 0 1.67626e-07 -1.97665e-08 0
          1.68776e-07 -1.957e-08 0 1.69932e-07 -1.93621e-08 0 1.71095e-07 -1.91402e-08 0 1.72263e-07 -1.89015e-08 0
          1.73429e-07 -1.86438e-08 0 1.74586e-07 -1.83655e-08 0 1.75727e-07 -1.80657e-08 0 1.76844e-07 -1.77441e-08 0
          1.7793e-07 -1.74011e-08 0 1.78978e-07 -1.7037e-08 0 1.79984e-07 -1.66522e-08 0 1.80943e-07 -1.6247e-08 0
          1.81849e-07 -1.58215e-08 0 1.82697e-07 -1.53759e-08 0 1.83479e-07 -1.49105e-08 0 1.84187e-07 -1.4426e-08 0
          1.84814e-07 -1.39236e-08 0 1.85352e-07 -1.34051e-08 0 1.85793e-07 -1.28729e-08 0 1.86131e-07 -1.23298e-08 0
          1.86361e-07 -1.1779e-08 0 1.8648e-07 -1.12243e-08 0 1.86487e-07 -1.06692e-08 0 1.86383e-07 -1.01176e-08 0
          1.86171e-07 -9.5731e-09 0 1.85854e-07 -9.03915e-09 0 1.8544e-07 -8.51889e-09 0 1.84934e-07 -8.01507e-09 0
          1.84347e-07 -7.52997e-09 0 1.83685e-07 -7.06536e-09 0 1.82959e-07 -6.62252e-09 0 1.82178e-07 -6.20223e-09 0
          1.81351e-07 -5.80484e-09 0 1.80485e-07 -5.43031e-09 0 1.7959e-07 -5.07826e-09 0 1.78671e-07 -4.7481e-09 0
          1.77736e-07 -4.43901e-09 0 1.76788e-07 -4.15007e-09 0 1.75834e-07 -3.88025e-09 0 8.7678e-08 -1.84464e-09 0
          6.47496e-08 -1.15017e-08 0 1.29901e-07 -2.32077e-08 0 1.3093e-07 -2.34779e-08 0 1.32362e-07 -2.36909e-08 0
          1.34055e-07 -2.37861e-08 0 1.3579e-07 -2.37356e-08 0 1.37347e-07 -2.35631e-08 0 1.38582e-07 -2.33221e-08 0
          1.39468e-07 -2.30904e-08 0 1.401e-07 -2.29257e-08 0 1.40635e-07 -2.28546e-08 0 1.41221e-07 -2.28655e-08 0
          1.41958e-07 -2.29305e-08 0 1.42888e-07 -2.30167e-08 0 1.44007e-07 -2.30928e-08 0 1.45273e-07 -2.31331e-08 0
          1.46619e-07 -2.31221e-08 0 1.47966e-07 -2.30566e-08 0 1.49245e-07 -2.29471e-08 0 1.50415e-07 -2.28134e-08 0
          1.5147e-07 -2.26781e-08 0 1.52438e-07 -2.25604e-08 0 1.53366e-07 -2.24704e-08 0 1.54309e-07 -2.24084e-08 0
          1.55309e-07 -2.23664e-08 0 1.5639e-07 -2.23317e-08 0 1.57559e-07 -2.22906e-08 0 1.58801e-07 -2.22313e-08 0
          1.60091e-07 -2.2146e-08 0 1.61398e-07 -2.20321e-08 0 1.62695e-07 -2.18918e-08 0 1.63962e-07 -2.1731e-08 0
          1.65193e-07 -2.15572e-08 0 1.66393e-07 -2.13773e-08 0 1.67575e-07 -2.11956e-08 0 1.6876e-07 -2.10128e-08 0
          1.69962e-07 -2.08264e-08 0 1.71193e-07 -2.06313e-08 0 1.72455e-07 -2.04213e-08 0 1.73742e-07 -2.01906e-08 0
          1.75045e-07 -1.99348e-08 0 1.76347e-07 -1.96514e-08 0 1.77635e-07 -1.93398e-08 0 1.78895e-07 -1.90009e-08 0
          1.80119e-07 -1.86364e-08 0 1.81301e-07 -1.82478e-08 0 1.82439e-07 -1.78362e-08 0 1.83529e-07 -1.74017e-08 0
          1.84568e-07 -1.69436e-08 0 1.85549e-07 -1.64611e-08 0 1.86464e-07 -1.59532e-08 0 1.87302e-07 -1.54199e-08 0
          1.88049e-07 -1.48621e-08 0 1.88693e-07 -1.42818e-08 0 1.89222e-07 -1.36821e-08 0 1.89626e-07 -1.30669e-08 0
          1.89898e-07 -1.24407e-08 0 1.90033e-07 -1.18087e-08 0 1.9003e-07 -1.11759e-08 0 1.8989e-07 -1.05474e-08 0
          1.89617e-07 -9.92838e-09 0 1.89216e-07 -9.32344e-09 0 1.88697e-07 -8.73683e-09 0 1.8807e-07 -8.17219e-09 0
          1.87347e-07 -7.63238e-09 0 1.8654e-07 -7.11953e-09 0 1.85663e-07 -6.63494e-09 0 1.84728e-07 -6.17921e-09 0
          1.83747e-07 -5.75231e-09 0 1.82731e-07 -5.3537e-09 0 1.81689e-07 -4.98245e-09 0 1.8063e-07 -4.63736e-09 0
          1.79561e-07 -4.31704e-09 0 1.78487e-07 -4.02002e-09 0 1.77414e-07 -3.74479e-09 0 8.84392e-08 -1.77558e-09 0
          6.34078e-08 -1.18264e-08 0 1.27177e-07 -2.41764e-08 0 1.28414e-07 -2.48906e-08 0 1.30637e-07 -2.54979e-08 0
          1.33677e-07 -2.5856e-08 0 1.37029e-07 -2.57664e-08 0 1.39742e-07 -2.51553e-08 0 1.41122e-07 -2.43662e-08 0
          1.41294e-07 -2.37486e-08 0 1.40908e-07 -2.34783e-08 0 1.40566e-07 -2.34747e-08 0 1.40556e-07 -2.36428e-08 0
          1.40993e-07 -2.39063e-08 0 1.4191e-07 -2.41964e-08 0 1.43273e-07 -2.44515e-08 0 1.44983e-07 -2.46131e-08 0
          1.46866e-07 -2.46368e-08 0 1.48704e-07 -2.45161e-08 0 1.50306e-07 -2.42838e-08 0 1.51558e-07 -2.40005e-08 0
          1.52468e-07 -2.3742e-08 0 1.53149e-07 -2.35578e-08 0 1.53761e-07 -2.34686e-08 0 1.54451e-07 -2.34603e-08 0
          1.55314e-07 -2.35028e-08 0 1.5639e-07 -2.35618e-08 0 1.57674e-07 -2.36047e-08 0 1.59119e-07 -2.36053e-08 0
          1.60656e-07 -2.35471e-08 0 1.62204e-07 -2.34268e-08 0 1.63691e-07 -2.32537e-08 0 1.65073e-07 -2.30475e-08 0
          1.6634e-07 -2.28309e-08 0 1.67518e-07 -2.26239e-08 0 1.68656e-07 -2.24369e-08 0 1.69809e-07 -2.22704e-08 0
          1.7102e-07 -2.21157e-08 0 1.72316e-07 -2.19587e-08 0 1.737e-07 -2.17844e-08 0 1.75156e-07 -2.15794e-08 0
          1.76654e-07 -2.13351e-08 0 1.7816e-07 -2.1048e-08 0 1.79642e-07 -2.072e-08 0 1.81079e-07 -2.03563e-08 0
          1.82459e-07 -1.99634e-08 0 1.83783e-07 -1.95466e-08 0 1.85057e-07 -1.91085e-08 0 1.8629e-07 -1.86484e-08 0
          1.87484e-07 -1.8163e-08 0 1.88634e-07 -1.7648e-08 0 1.89727e-07 -1.70993e-08 0 1.90743e-07 -1.65146e-08 0
          1.91661e-07 -1.58942e-08 0 1.92457e-07 -1.52408e-08 0 1.93113e-07 -1.4559e-08 0 1.93612e-07 -1.38549e-08 0
          1.93945e-07 -1.31352e-08 0 1.94105e-07 -1.24071e-08 0 1.94091e-07 -1.16775e-08 0 1.93903e-07 -1.09536e-08 0
          1.93547e-07 -1.02425e-08 0 1.93032e-07 -9.55061e-09 0 1.92371e-07 -8.88398e-09 0 1.91579e-07 -8.24752e-09 0
          1.90675e-07 -7.64498e-09 0 1.89677e-07 -7.07875e-09 0 1.88603e-07 -6.54997e-09 0 1.87472e-07 -6.05865e-09 0
          1.86299e-07 -5.60394e-09 0 1.85098e-07 -5.18434e-09 0 1.83879e-07 -4.79795e-09 0 1.82654e-07 -4.44263e-09 0
          1.8143e-07 -4.11612e-09 0 1.80212e-07 -3.8162e-09 0 1.79006e-07 -3.54068e-09 0 8.92029e-08 -1.67409e-09 0
          6.94521e-08 -1.18456e-08 0 1.39675e-07 -2.53868e-08 0 1.41882e-07 -2.68121e-08 0 1.45234e-07 -2.79981e-08 0
          1.49134e-07 -2.86157e-08 0 1.5187e-07 -2.77736e-08 0 1.51492e-07 -2.56715e-08 0 1.48156e-07 -2.37906e-08 0
          1.44112e-07 -2.30954e-08 0 1.41049e-07 -2.31358e-08 0 1.39113e-07 -2.35061e-08 0 1.38168e-07 -2.40812e-08 0
          1.38185e-07 -2.47762e-08 0 1.39182e-07 -2.55082e-08 0 1.41122e-07 -2.61584e-08 0 1.43873e-07 -2.6628e-08 0
          1.47197e-07 -2.68019e-08 0 1.50519e-07 -2.65157e-08 0 1.53008e-07 -2.58181e-08 0 1.54222e-07 -2.50297e-08 0
          1.54356e-07 -2.44238e-08 0 1.54009e-07 -2.41565e-08 0 1.53749e-07 -2.41555e-08 0 1.53859e-07 -2.43243e-08 0
          1.54455e-07 -2.45824e-08 0 1.55559e-07 -2.48588e-08 0 1.57131e-07 -2.50911e-08 0 1.59064e-07 -2.52213e-08 0
          1.61185e-07 -2.52072e-08 0 1.63279e-07 -2.50398e-08 0 1.65151e-07 -2.47494e-08 0 1.66678e-07 -2.43944e-08 0
          1.67856e-07 -2.40517e-08 0 1.68793e-07 -2.37745e-08 0 1.69652e-07 -2.35871e-08 0 1.70591e-07 -2.34778e-08 0
          1.71715e-07 -2.34141e-08 0 1.73071e-07 -2.33575e-08 0 1.74647e-07 -2.32715e-08 0 1.76394e-07 -2.31269e-08 0
          1.7823e-07 -2.29064e-08 0 1.80069e-07 -2.26066e-08 0 1.81836e-07 -2.22379e-08 0 1.83484e-07 -2.18208e-08 0
          1.85009e-07 -2.13764e-08 0 1.86436e-07 -2.09215e-08 0 1.87808e-07 -2.04616e-08 0 1.89166e-07 -1.99919e-08 0
          1.90533e-07 -1.94998e-08 0 1.91905e-07 -1.89703e-08 0 1.93255e-07 -1.83908e-08 0 1.94542e-07 -1.77545e-08 0
          1.95719e-07 -1.70611e-08 0 1.96743e-07 -1.63164e-08 0 1.97583e-07 -1.55298e-08 0 1.98217e-07 -1.47119e-08 0
          1.98634e-07 -1.38732e-08 0 1.98829e-07 -1.30232e-08 0 1.988e-07 -1.21711e-08 0 1.98549e-07 -1.13261e-08 0
          1.9808e-07 -1.04979e-08 0 1.97407e-07 -9.69648e-09 0 1.96547e-07 -8.93085e-09 0 1.95526e-07 -8.20835e-09 0
          1.94372e-07 -7.53392e-09 0 1.93114e-07 -6.91e-09 0 1.91781e-07 -6.3368e-09 0 1.90396e-07 -5.81285e-09 0
          1.88982e-07 -5.33553e-09 0 1.87553e-07 -4.90159e-09 0 1.86125e-07 -4.50749e-09 0 1.84706e-07 -4.14969e-09 0
          1.83305e-07 -3.82472e-09 0 1.81926e-07 -3.52937e-09 0 1.80573e-07 -3.26065e-09 0 8.99519e-08 -1.53715e-09 0
          1.8931e-08 -8.77534e-09 0 4.3453e-08 -1.91611e-08 0 5.71988e-08 -2.04335e-08 0 7.74224e-08 -2.16313e-08 0
          1.05926e-07 -2.25312e-08 0 1.3655e-07 -2.2394e-08 0 1.57224e-07 -2.14254e-08 0 1.60935e-07 -2.08058e-08 0
          1.55897e-07 -2.12035e-08 0 1.52187e-07 -2.20877e-08 0 1.49998e-07 -2.31749e-08 0 1.49172e-07 -2.44279e-08 0
          1.49664e-07 -2.58043e-08 0 1.51441e-07 -2.72142e-08 0 1.54413e-07 -2.84767e-08 0 1.5837e-07 -2.94277e-08 0
          1.62511e-07 -2.9594e-08 0 1.64993e-07 -2.83358e-08 0 1.64349e-07 -2.62418e-08 0 1.61049e-07 -2.44812e-08 0
          1.57093e-07 -2.37886e-08 0 1.54054e-07 -2.38495e-08 0 1.52186e-07 -2.42588e-08 0 1.51392e-07 -2.48734e-08 0
          1.5164e-07 -2.55962e-08 0 1.52914e-07 -2.63277e-08 0 1.55129e-07 -2.69543e-08 0 1.58143e-07 -2.73956e-08 0
          1.61726e-07 -2.75367e-08 0 1.65343e-07 -2.72324e-08 0 1.6821e-07 -2.65059e-08 0 1.69844e-07 -2.56477e-08 0
          1.70348e-07 -2.4923e-08 0 1.70265e-07 -2.4529e-08 0 1.70218e-07 -2.44296e-08 0 1.7057e-07 -2.45164e-08 0
          1.71464e-07 -2.46928e-08 0 1.72926e-07 -2.48768e-08 0 1.74901e-07 -2.49957e-08 0 1.77262e-07 -2.4986e-08 0
          1.79808e-07 -2.48033e-08 0 1.82302e-07 -2.44434e-08 0 1.84539e-07 -2.39449e-08 0 1.86411e-07 -2.33735e-08 0
          1.87942e-07 -2.28081e-08 0 1.89264e-07 -2.22937e-08 0 1.9055e-07 -2.1841e-08 0 1.91941e-07 -2.1421e-08 0
          1.935e-07 -2.0988e-08 0 1.95211e-07 -2.04969e-08 0 1.96996e-07 -1.99145e-08 0 1.98747e-07 -1.92256e-08 0
          2.00352e-07 -1.84338e-08 0 2.01724e-07 -1.75585e-08 0 2.02817e-07 -1.66245e-08 0 2.03619e-07 -1.56552e-08 0
          2.04137e-07 -1.46654e-08 0 2.04378e-07 -1.36635e-08 0 2.0434e-07 -1.26562e-08 0 2.04014e-07 -1.16536e-08 0
          2.03396e-07 -1.06695e-08 0 2.02496e-07 -9.72273e-09 0 2.01345e-07 -8.8295e-09 0 1.99987e-07 -8.00216e-09 0
          1.98473e-07 -7.24711e-09 0 1.96854e-07 -6.56517e-09 0 1.95171e-07 -5.95329e-09 0 1.93459e-07 -5.40626e-09 0
          1.91743e-07 -4.91797e-09 0 1.90042e-07 -4.48216e-09 0 1.88367e-07 -4.09283e-09 0 1.86728e-07 -3.7445e-09 0
          1.85131e-07 -3.43225e-09 0 1.83577e-07 -3.15172e-09 0 1.82069e-07 -2.8991e-09 0 9.06635e-08 -1.36265e-09 0
          6.07143e-09 -4.85067e-09 0 1.24883e-08 -1.00981e-08 0 1.32356e-08 -1.05812e-08 0 1.40295e-08 -1.11778e-08 0
          1.47134e-08 -1.18911e-08 0 1.52219e-08 -1.26836e-08 0 1.58407e-08 -1.34611e-08 0 1.72294e-08 -1.42316e-08 0
          1.95986e-08 -1.5014e-08 0 2.27767e-08 -1.58617e-08 0 2.69573e-08 -1.68004e-08 0 3.26162e-08 -1.78434e-08 0
          4.04984e-08 -1.89937e-08 0 5.14372e-08 -2.0217e-08 0 6.67979e-08 -2.14195e-08 0 8.90456e-08 -2.25139e-08 0
          1.18316e-07 -2.31313e-08 0 1.47701e-07 -2.2754e-08 0 1.67739e-07 -2.18872e-08 0 1.72523e-07 -2.14291e-08 0
          1.68298e-07 -2.18828e-08 0 1.64607e-07 -2.28508e-08 0 1.6259e-07 -2.40346e-08 0 1.62021e-07 -2.53734e-08 0
          1.62812e-07 -2.68059e-08 0 1.64892e-07 -2.82191e-08 0 1.68231e-07 -2.94931e-08 0 1.72676e-07 -3.04465e-08 0
          1.7743e-07 -3.06227e-08 0 1.80725e-07 -2.94491e-08 0 1.80932e-07 -2.72976e-08 0 1.78144e-07 -2.53242e-08 0
          1.74189e-07 -2.43209e-08 0 1.70945e-07 -2.42617e-08 0 1.69044e-07 -2.46402e-08 0 1.68421e-07 -2.52451e-08 0
          1.69016e-07 -2.59554e-08 0 1.70776e-07 -2.66467e-08 0 1.73583e-07 -2.72021e-08 0 1.77264e-07 -2.75236e-08 0
          1.81521e-07 -2.74799e-08 0 1.85709e-07 -2.69239e-08 0 1.88966e-07 -2.59231e-08 0 1.90866e-07 -2.48289e-08 0
          1.91668e-07 -2.39252e-08 0 1.92062e-07 -2.33797e-08 0 1.92712e-07 -2.30895e-08 0 1.93928e-07 -2.29104e-08 0
          1.95772e-07 -2.27169e-08 0 1.9815e-07 -2.24037e-08 0 2.00843e-07 -2.18844e-08 0 2.03537e-07 -2.11193e-08 0
          2.05923e-07 -2.01387e-08 0 2.07804e-07 -1.90137e-08 0 2.09141e-07 -1.78378e-08 0 2.1003e-07 -1.66676e-08 0
          2.106e-07 -1.55148e-08 0 2.10919e-07 -1.43555e-08 0 2.10953e-07 -1.31623e-08 0 2.10603e-07 -1.1936e-08 0
          2.09804e-07 -1.0722e-08 0 2.08561e-07 -9.55882e-09 0 2.06936e-07 -8.48985e-09 0 2.05039e-07 -7.53701e-09 0
          2.0298e-07 -6.70175e-09 0 2.00845e-07 -5.97514e-09 0 1.98693e-07 -5.3445e-09 0 1.96565e-07 -4.79675e-09 0
          1.94484e-07 -4.31984e-09 0 1.92465e-07 -3.90319e-09 0 1.90516e-07 -3.53776e-09 0 1.88639e-07 -3.21597e-09 0
          1.86834e-07 -2.93143e-09 0 1.85101e-07 -2.67882e-09 0 1.83436e-07 -2.4537e-09 0 9.13104e-08 -1.15e-09 0
          3.77925e-09 -3.22e-09 0 7.66818e-09 -6.60946e-09 0 7.89022e-09 -6.7932e-09 0 8.11297e-09 -6.99287e-09 0
          8.32976e-09 -7.20199e-09 0 8.55623e-09 -7.40768e-09 0 8.83191e-09 -7.60346e-09 0 9.18861e-09 -7.7965e-09 0
          9.62314e-09 -8.01463e-09 0 1.01166e-08 -8.26091e-09 0 1.06638e-08 -8.53888e-09 0 1.12675e-08 -8.85727e-09 0
          1.19361e-08 -9.23084e-09 0 1.26962e-08 -9.67804e-09 0 1.35333e-08 -1.02097e-08 0 1.43662e-08 -1.08425e-08 0
          1.5107e-08 -1.15923e-08 0 1.57593e-08 -1.24147e-08 0 1.65778e-08 -1.32452e-08 0 1.81639e-08 -1.40914e-08 0
          2.07703e-08 -1.49611e-08 0 2.42617e-08 -1.58959e-08 0 2.88215e-08 -1.69193e-08 0 3.49092e-08 -1.80388e-08 0
          4.31445e-08 -1.9245e-08 0 5.42214e-08 -2.04893e-08 0 6.97138e-08 -2.17318e-08 0 9.20207e-08 -2.28622e-08 0
          1.21523e-07 -2.35327e-08 0 1.52856e-07 -2.32864e-08 0 1.77398e-07 -2.24415e-08 0 1.87479e-07 -2.18946e-08 0
          1.8547e-07 -2.22165e-08 0 1.81549e-07 -2.32382e-08 0 1.79654e-07 -2.45328e-08 0 1.79443e-07 -2.59851e-08 0
          1.80802e-07 -2.75171e-08 0 1.83673e-07 -2.89979e-08 0 1.88033e-07 -3.02986e-08 0 1.9363e-07 -3.11625e-08 0
          1.99376e-07 -3.10349e-08 0 2.0309e-07 -2.9326e-08 0 2.03037e-07 -2.66692e-08 0 1.99742e-07 -2.4467e-08 0
          1.95781e-07 -2.35976e-08 0 1.93242e-07 -2.36114e-08 0 1.9248e-07 -2.39723e-08 0 1.93368e-07 -2.44687e-08 0
          1.9583e-07 -2.49236e-08 0 1.99672e-07 -2.51218e-08 0 2.04507e-07 -2.48901e-08 0 2.09634e-07 -2.40307e-08 0
          2.13886e-07 -2.24507e-08 0 2.16332e-07 -2.05479e-08 0 2.17102e-07 -1.88212e-08 0 2.17221e-07 -1.75414e-08 0
          2.17641e-07 -1.64839e-08 0 2.18424e-07 -1.52926e-08 0 2.19046e-07 -1.38609e-08 0 2.1905e-07 -1.22669e-08 0
          2.18076e-07 -1.05553e-08 0 2.16098e-07 -9.0074e-09 0 2.13509e-07 -7.71194e-09 0 2.10661e-07 -6.64798e-09 0
          2.07757e-07 -5.77401e-09 0 2.04904e-07 -5.05167e-09 0 2.02155e-07 -4.4498e-09 0 1.9953e-07 -3.944e-09 0
          1.97039e-07 -3.51531e-09 0 1.94679e-07 -3.14903e-09 0 1.92444e-07 -2.83369e-09 0 1.90328e-07 -2.56029e-09 0
          1.88321e-07 -2.3217e-09 0 1.86417e-07 -2.11225e-09 0 1.84606e-07 -1.92736e-09 0 9.18614e-08 -9.01014e-10 0
          2.46452e-09 -1.99251e-09 0 4.98342e-09 -4.06866e-09 0 5.09359e-09 -4.15671e-09 0 5.20726e-09 -4.24823e-09 0
          5.32647e-09 -4.34272e-09 0 5.45469e-09 -4.43991e-09 0 5.59569e-09 -4.54068e-09 0 5.75155e-09 -4.6469e-09 0
          5.92345e-09 -4.75956e-09 0 6.11147e-09 -4.88107e-09 0 6.314e-09 -5.01294e-09 0 6.5296e-09 -5.15618e-09 0
          6.75768e-09 -5.31155e-09 0 6.99804e-09 -5.48027e-09 0 7.24607e-09 -5.66535e-09 0 7.48975e-09 -5.86435e-09 0
          7.72678e-09 -6.06991e-09 0 7.97877e-09 -6.27451e-09 0 8.28754e-09 -6.47373e-09 0 8.68443e-09 -6.67318e-09 0
          9.16244e-09 -6.89843e-09 0 9.70377e-09 -7.1551e-09 0 1.03047e-08 -7.44715e-09 0 1.09711e-08 -7.78312e-09 0
          1.17186e-08 -8.17569e-09 0 1.25665e-08 -8.63715e-09 0 1.34962e-08 -9.17604e-09 0 1.44605e-08 -9.82119e-09 0
          1.53978e-08 -1.05943e-08 0 1.6289e-08 -1.14681e-08 0 1.73098e-08 -1.2385e-08 0 1.89828e-08 -1.3333e-08 0
          2.17688e-08 -1.43141e-08 0 2.56749e-08 -1.53561e-08 0 3.08135e-08 -1.64895e-08 0 3.76914e-08 -1.77216e-08 0
          4.69569e-08 -1.90362e-08 0 5.95543e-08 -2.03828e-08 0 7.74624e-08 -2.17191e-08 0 1.03425e-07 -2.28805e-08 0
          1.37703e-07 -2.34416e-08 0 1.7361e-07 -2.29351e-08 0 2.00646e-07 -2.19e-08 0 2.10298e-07 -2.14244e-08 0
          2.08133e-07 -2.21317e-08 0 2.05944e-07 -2.34788e-08 0 2.06247e-07 -2.50545e-08 0 2.08888e-07 -2.67276e-08 0
          2.13745e-07 -2.82902e-08 0 2.20559e-07 -2.94058e-08 0 2.28478e-07 -2.95436e-08 0 2.34924e-07 -2.76381e-08 0
          2.36245e-07 -2.35224e-08 0 2.31722e-07 -1.95627e-08 0 2.25638e-07 -1.7931e-08 0 2.2197e-07 -1.75953e-08 0
          2.21618e-07 -1.77522e-08 0 2.25315e-07 -1.79934e-08 0 2.31043e-07 -1.62621e-08 0 2.33005e-07 -1.23443e-08 0
          2.30051e-07 -9.4109e-09 0 2.25464e-07 -7.48014e-09 0 2.20781e-07 -6.11836e-09 0 2.16378e-07 -5.10679e-09 0
          2.12324e-07 -4.33014e-09 0 2.08607e-07 -3.71922e-09 0 2.05198e-07 -3.22918e-09 0 2.02062e-07 -2.82953e-09 0
          1.99169e-07 -2.49886e-09 0 1.96488e-07 -2.2218e-09 0 1.93996e-07 -1.98706e-09 0 1.91669e-07 -1.78621e-09 0
          1.89489e-07 -1.61286e-09 0 1.8744e-07 -1.46207e-09 0 1.85508e-07 -1.33e-09 0 9.22846e-08 -6.20496e-10 0
          1.40055e-09 -9.30217e-10 0 2.82897e-09 -1.89578e-09 0 2.88583e-09 -1.93267e-09 0 2.94521e-09 -1.97099e-09 0
          3.00761e-09 -2.01075e-09 0 3.07366e-09 -2.05206e-09 0 3.14397e-09 -2.0951e-09 0 3.21905e-09 -2.14011e-09 0
          3.29914e-09 -2.18745e-09 0 3.38426e-09 -2.23743e-09 0 3.47422e-09 -2.29036e-09 0 3.56875e-09 -2.34652e-09 0
          3.66746e-09 -2.40614e-09 0 3.76995e-09 -2.46942e-09 0 3.87606e-09 -2.53628e-09 0 3.98621e-09 -2.6065e-09 0
          4.10215e-09 -2.67939e-09 0 4.2275e-09 -2.75453e-09 0 4.36643e-09 -2.83266e-09 0 4.52117e-09 -2.91584e-09 0
          4.69248e-09 -3.00496e-09 0 4.88056e-09 -3.10169e-09 0 5.08467e-09 -3.20722e-09 0 5.30434e-09 -3.32241e-09 0
          5.53977e-09 -3.44825e-09 0 5.79104e-09 -3.58664e-09 0 6.05177e-09 -3.73965e-09 0 6.31456e-09 -3.90576e-09 0
          6.58199e-09 -4.08147e-09 0 6.86799e-09 -4.26188e-09 0 7.20376e-09 -4.44285e-09 0 7.62868e-09 -4.62571e-09 0
          8.15071e-09 -4.82892e-09 0 8.75548e-09 -5.06533e-09 0 9.44155e-09 -5.3395e-09 0 1.02182e-08 -5.66017e-09 0
          1.11072e-08 -6.03981e-09 0 1.212e-08 -6.48982e-09 0 1.32435e-08 -7.02789e-09 0 1.44509e-08 -7.69194e-09 0
          1.56954e-08 -8.51262e-09 0 1.69949e-08 -9.46678e-09 0 1.85953e-08 -1.04961e-08 0 2.12075e-08 -1.15876e-08 0
          2.53957e-08 -1.27232e-08 0 3.13582e-08 -1.39523e-08 0 3.97422e-08 -1.52982e-08 0 5.18266e-08 -1.67376e-08 0
          6.92712e-08 -1.81712e-08 0 9.50979e-08 -1.94291e-08 0 1.33245e-07 -2.0148e-08 0 1.80792e-07 -1.94996e-08 0
          2.23164e-07 -1.74672e-08 0 2.42889e-07 -1.61249e-08 0 2.45534e-07 -1.72593e-08 0 2.49428e-07 -1.97854e-08 0
          2.6006e-07 -2.31236e-08 0 2.75332e-07 -2.54356e-08 0 2.7554e-07 -1.38461e-08 0 2.58495e-07 -7.15068e-09 0
          2.4382e-07 -5.40864e-09 0 2.34164e-07 -4.26585e-09 0 2.26858e-07 -3.42531e-09 0 2.20857e-07 -2.80625e-09 0
          2.15738e-07 -2.34202e-09 0 2.11277e-07 -1.98604e-09 0 2.0733e-07 -1.70697e-09 0 2.03796e-07 -1.48377e-09 0
          2.006e-07 -1.30203e-09 0 1.97686e-07 -1.15175e-09 0 1.9501e-07 -1.02578e-09 0 1.92536e-07 -9.18956e-10 0
          1.90238e-07 -8.27426e-10 0 1.88091e-07 -7.48297e-10 0 1.86079e-07 -6.79347e-10 0 9.25518e-08 -3.16524e-10 0
          4.49942e-10 -4.28073e-10 0 9.08229e-10 -8.71499e-10 0 9.25266e-10 -8.87517e-10 0 9.43049e-10 -9.04155e-10 0
          9.61686e-10 -9.21443e-10 0 9.81297e-10 -9.39422e-10 0 1.002e-09 -9.58147e-10 0 1.02387e-09 -9.77686e-10 0
          1.04697e-09 -9.98112e-10 0 1.07129e-09 -1.01951e-09 0 1.09681e-09 -1.04195e-09 0 1.12345e-09 -1.06552e-09 0
          1.15117e-09 -1.09029e-09 0 1.17996e-09 -1.11629e-09 0 1.20991e-09 -1.14356e-09 0 1.24128e-09 -1.17212e-09 0
          1.27449e-09 -1.202e-09 0 1.31005e-09 -1.23331e-09 0 1.34848e-09 -1.26622e-09 0 1.39021e-09 -1.30091e-09 0
          1.43551e-09 -1.33771e-09 0 1.48439e-09 -1.37686e-09 0 1.53677e-09 -1.41865e-09 0 1.59244e-09 -1.46338e-09 0
          1.65107e-09 -1.51136e-09 0 1.71227e-09 -1.56292e-09 0 1.77575e-09 -1.61828e-09 0 1.8412e-09 -1.67729e-09 0
          1.90965e-09 -1.73981e-09 0 1.98467e-09 -1.80577e-09 0 2.07053e-09 -1.8754e-09 0 2.16967e-09 -1.95034e-09 0
          2.28298e-09 -2.03213e-09 0 2.41099e-09 -2.12203e-09 0 2.55378e-09 -2.22152e-09 0 2.71136e-09 -2.33178e-09 0
          2.88394e-09 -2.45444e-09 0 3.07099e-09 -2.5926e-09 0 3.26661e-09 -2.74827e-09 0 3.46333e-09 -2.92193e-09 0
          3.66388e-09 -3.11301e-09 0 3.88792e-09 -3.31938e-09 0 4.17829e-09 -3.53792e-09 0 4.57401e-09 -3.7686e-09 0
          5.08367e-09 -4.04199e-09 0 5.70899e-09 -4.37332e-09 0 6.46401e-09 -4.77907e-09 0 7.37718e-09 -5.2906e-09 0
          8.49258e-09 -5.95104e-09 0 9.7859e-09 -6.80601e-09 0 1.11368e-08 -7.96918e-09 0 1.24489e-08 -9.57937e-09 0
          1.40451e-08 -1.16964e-08 0 1.75223e-08 -1.4421e-08 0 2.52569e-08 -1.78301e-08 0 4.16495e-08 -2.22779e-08 0
          8.22162e-08 -2.77571e-08 0 1.77075e-07 -3.07493e-08 0 2.5036e-07 -9.46206e-09 0 2.54105e-07 -2.07923e-09 0
          2.45463e-07 -2.39281e-09 0 2.36716e-07 -2.16863e-09 0 2.29014e-07 -1.79235e-09 0 2.22514e-07 -1.47001e-09 0
          2.17002e-07 -1.22011e-09 0 2.12255e-07 -1.02829e-09 0 2.08101e-07 -8.79064e-10 0 2.04415e-07 -7.60777e-10 0
          2.01107e-07 -6.65261e-10 0 1.98107e-07 -5.86826e-10 0 1.95363e-07 -5.21465e-10 0 1.92837e-07 -4.66299e-10 0
          1.90496e-07 -4.19219e-10 0 1.88315e-07 -3.78651e-10 0 1.86274e-07 -3.43399e-10 0 9.26432e-08 -1.59887e-10 0
        </DataArray>
        <DataArray type="Float32" Name="velocity_gas (m/s)" NumberOfComponents="3" format="ascii">
          0 0 0 0 0 0 0 0 0 0 0 0
          0 0 0 0 0 0 0 0 0 0 0 0
          0 0 0 0 0 0 0 0 0 0 0 0
          0 0 0 0 0 0 0 0 0 0 0 0
          0 0 0 0 0 0 0 0 0 0 0 0
          0 0 0 0 0 0 0 0 0 0 0 0
          0 0 0 0 0 0 0 0 0 0 0 0
          0 0 0 0 0 0 0 0 0 0 0 0
          0 0 0 0 0 0 0 0 0 0 0 0
          0 0 0 0 0 0 0 0 0 0 0 0
          0 0 0 0 0 0 0 0 0 0 0 0
          0 0 0 0 0 0 0 0 0 0 0 0
          0 0 0 0 0 0 0 0 0 0 0 0
          0 0 0 0 0 0 0 0 0 0 0 0
          0 0 0 0 0 0 0 0 0 0 0 0
          0 0 0 0 0 0 0 0 0 0 0 0
          0 0 0 0 0 0 0 0 0 0 0 0
          0 0 0 0 0 0 0 0 0 0 0 0
          0 0 0 0 0 0 0 0 0 0 0 0
          0 0 0 0 0 0 0 0 0 0 0 0
          0 0 0 0 0 0 0 0 0 0 0 0
          0 0 0 0 0 0 0 0 0 0 0 0
          0 0 0 0 0 0 0 0 0 0 0 0
          0 0 0 0 0 0 0 0 0 0 0 0
          0 0 0 0 0 0 0 0 0 0 0 0
          0 0 0 0 0 0 0 0 0 0 0 0
          0 0 0 0 0 0 0 0 0 0 0 0
          0 0 0 0 0 0 0 0 0 0 0 0
          0 0 0 0 0 0 0 0 0 0 0 0
          0 0 0 0 0 0 0 0 0 0 0 0
          0 0 0 0 0 0 0 0 0 0 0 0
          0 0 0 0 0 0 0 0 0 0 0 0
          0 0 0 0 0 0 0 0 0 0 0 0
          0 0 0 0 0 0 0 0 0 0 0 0
          0 0 0 0 0 0 0 0 0 0 0 0
          0 0 0 0 0 0 0 0 0 0 0 0
          0 0 0 0 0 0 0 0 0 0 0 0
          0 0 0 0 0 0 0 0 0 0 0 0
          0 0 0 0 0 0 0 0 0 0 0 0
          0 0 0 0 0 0 0 0 0 0 0 0
          0 0 0 0 0 0 0 0 0 0 0 0
          0 0 0 0 0 0 0 0 0 0 0 0
          0 0 0 0 0 0 0 0 0 0 0 0
          0 0 0 0 0 0 0 0 0 0 0 0
          0 0 0 0 0 0 0 0 0 0 0 0
          0 0 0 0 0 0 0 0 0 0 0 0
          0 0 0 0 0 0 0 0 0 0 0 0
          0 0 0 0 0 0 0 0 0 0 0 0
          0 0 0 0 0 0 0 0 0 0 0 0
          0 0 0 0 0 0 0 0 0 0 0 0
          0 0 0 0 0 0 0 0 0 0 0 0
          0 0 0 0 0 0 0 0 0 0 0 0
          0 0 0 0 0 0 0 0 0 0 0 0
          0 0 0 0 0 0 0 0 0 0 0 0
          0 0 0 0 0 0 0 0 0 0 0 0
          0 0 0 0 0 0 0 0 0 0 0 0
          0 0 0 0 0 0 0 0 0 0 0 0
          0 0 0 0 0 0 0 0 0 0 0 0
          0 0 0 0 0 0 0 0 0 0 0 0
          0 0 0 0 0 0 0 0 0 0 0 0
          0 0 0 0 0 0 0 0 0 0 0 0
          0 0 0 0 0 0 0 0 0 0 0 0
          0 0 0 0 0 0 0 0 0 0 0 0
          0 0 0 0 0 0 0 0 0 0 0 0
          0 0 0 0 0 0 0 0 0 0 0 0
          0 0 0 0 0 0 0 0 0 0 0 0
          0 0 0 0 0 0 0 0 0 0 0 0
          0 0 0 0 0 0 0 0 0 0 0 0
          0 0 0 0 0 0 0 0 0 0 0 0
          0 0 0 0 0 0 0 0 0 0 0 0
          0 0 0 0 0 0 0 0 0 0 0 0
          0 0 0 0 0 0 0 0 0 0 0 0
          0 0 0 0 0 0 0 0 0 0 0 0
          0 0 0 0 0 0 0 0 0 0 0 0
          0 0 0 0 0 0 0 0 0 0 0 0
          0 0 0 0 0 0 0 0 0 0 0 0
          0 0 0 0 0 0 0 0 0 0 0 0
          0 0 0 0 0 0 0 0 0 0 0 0
          0 0 0 0 0 0 0 0 0 0 0 0
          0 0 0 0 0 0 0 0 0 0 0 0
          0 0 0 0 0 0 0 0 0 0 0 0
          0 0 0 0 0 0 0 0 0 0 0 0
          0 0 0 0 0 0 0 0 0 0 0 0
          0 0 0 0 0 0 0 0 0 0 0 0
          0 0 0 0 0 0 0 0 0 0 0 0
          0 0 0 0 0 0 0 0 0 0 0 0
          0 0 0 0 0 0 0 0 0 0 0 0
          0 0 0 0 0 0 0 0 0 0 0 0
          0 0 0 0 0 0 0 0 0 0 0 0
          0 0 0 0 0 0 0 0 0 0 0 0
          0 0 0 0 0 0 0 0 0 0 0 0
          0 0 0 0 0 0 0 0 0 0 0 0
          0 0 0 0 0 0 0 0 0 0 0 0
          0 0 0 0 0 0 0 0 0 0 0 0
          0 0 0 0 0 0 0 0 0 0 0 0
          0 0 0 0 0 0 0 0 0 0 0 0
          0 0 0 0 0 0 0 0 0 0 0 0
          0 0 0 0 0 0 0 0 0 0 0 0
          0 0 0 0 0 0 0 0 0 0 0 0
          0 0 0 0 0 0 0 0 0 0 0 0
          0 0 0 0 0 0 0 0 0 0 0 0
          0 0 0 0 0 0 0 0 0 0 0 0
          0 0 0 0 0 0 0 0 0 0 0 0
          0 0 0 0 0 0 0 0 0 0 0 0
          0 0 0 0 0 0 0 0 0 0 0 0
          0 0 0 0 0 0 0 0 0 0 0 0
          0 0 0 0 0 0 0 0 0 0 0 0
          0 0 0 0 0 0 0 0 0 0 0 0
          0 0 0 0 0 0 0 0 0 0 0 0
          0 0 0 0 0 0 0 0 0 0 0 0
          0 0 0 0 0 0 0 0 0 0 0 0
          0 0 0 0 0 0 0 0 0 0 0 0
          0 0 0 0 0 0 0 0 0 0 0 0
          0 0 0 0 0 0 0 0 0 0 0 0
          0 0 0 0 0 0 0 0 0 0 0 0
          0 0 0 0 0 0 0 0 0 0 0 0
          0 0 0 0 0 0 0 0 0 0 0 0
          0 0 0 0 0 0 0 0 0 0 0 0
          0 0 0 0 0 0 0 0 0 0 0 0
          0 0 0 0 0 0 0 0 0 0 0 0
          0 0 0 0 0 0 0 0 0 0 0 0
          0 0 0 0 0 0 0 0 0 0 0 0
          0 0 0 0 0 0 0 0 0 0 0 0
          0 0 0 0 0 0 0 0 0 0 0 0
          0 0 0 0 0 0 0 0 0 0 0 0
          0 0 0 0 0 0 0 0 0 0 0 0
          0 0 0 0 0 0 0 0 0 0 0 0
          0 0 0 0 0 0 0 0 0 0 0 0
          0 0 0 0 0 0 0 0 0 0 0 0
          0 0 0 0 0 0 0 0 0 0 0 0
          0 0 0 0 0 0 0 0 0 0 0 0
          0 0 0 0 0 0 0 0 0 0 0 0
          0 0 0 0 0 0 0 0 0 0 0 0
          0 0 0 0 0 0 0 0 0 0 0 0
          0 0 0 0 0 0 0 0 0 0 0 0
          0 0 0 0 0 0 0 0 0 0 0 0
          0 0 0 0 0 0 0 0 0 0 0 0
          0 0 0 0 0 0 0 0 0 0 0 0
          0 0 0 0 0 0 0 0 0 0 0 0
          0 0 0 0 0 0 0 0 0 0 0 0
          0 0 0 0 0 0 0 0 0 0 0 0
          0 0 0 0 0 0 0 0 0 0 0 0
          0 0 0 0 0 0 0 0 0 0 0 0
          0 0 0 0 0 0 0 0 0 0 0 0
          0 0 0 0 0 0 0 0 0 0 0 0
          0 0 0 0 0 0 0 0 0 0 0 0
          0 0 0 0 0 0 0 0 0 0 0 0
          0 0 0 0 0 0 0 0 0 0 0 0
          0 0 0 0 0 0 0 0 0 0 0 0
          0 0 0 0 0 0 0 0 0 0 0 0
          0 0 0 0 0 0 0 0 0 0 0 0
          0 0 0 0 0 0 0 0 0 0 0 0
          0 0 0 0 0 0 0 0 0 0 0 0
          0 0 0 0 0 0 0 0 0 0 0 0
          0 0 0 0 0 0 0 0 0 0 0 0
          0 0 0 0 0 0 0 0 0 0 0 0
          0 0 0 0 0 0 0 0 0 0 0 0
          0 0 0 0 0 0 0 0 0 0 0 0
          0 0 0 0 0 0 0 0 0 0 0 0
          0 0 0 0 0 0 0 0 0 0 0 0
          0 0 0 0 0 0 0 0 0 0 0 0
          0 0 0 0 0 0 0 0 0 0 0 0
          0 0 0 0 0 0 0 0 0 0 0 0
          0 0 0 0 0 0 0 0 0 0 0 0
          0 0 0 0 0 0 0 0 0 0 0 0
          0 0 0 0 0 0 0 0 0 0 0 0
          0 0 0 0 0 0 0 0 0 0 0 0
          0 0 0 0 0 0 0 0 0 0 0 0
          0 0 0 0 0 0 0 0 0 0 0 0
          0 0 0 0 0 0 0 0 0 0 0 0
          0 0 0 0 0 0 0 0 0 0 0 0
          0 0 0 0 0 0 0 0 0 0 0 0
          0 0 0 0 0 0 0 0 0 0 0 0
          0 0 0 0 0 0 0 0 0 0 0 0
          0 0 0 0 0 0 0 0 0 0 0 0
          0 0 0 0 0 0 0 0 0 0 0 0
          0 0 0 0 0 0 0 0 0 0 0 0
          0 0 0 0 0 0 0 0 0 0 0 0
          0 0 0 0 0 0 0 0 0 0 0 0
          0 0 0 0 0 0 0 0 0 0 0 0
          0 0 0 0 0 0 0 0 0 0 0 0
          0 0 0 0 0 0 0 0 0 0 0 0
          0 0 0 0 0 0 0 0 0 0 0 0
          0 0 0 0 0 0 0 0 0 0 0 0
          0 0 0 0 0 0 0 0 0 0 0 0
          0 0 0 0 0 0 0 0 0 0 0 0
          0 0 0 0 0 0 0 0 0 0 0 0
          0 0 0 0 0 0 0 0 0 0 0 0
          0 0 0 0 0 0 0 0 0 0 0 0
          0 0 0 0 0 0 0 0 0 0 0 0
          0 0 0 0 0 0 0 0 0 0 0 0
          0 0 0 0 0 0 0 0 0 0 0 0
          0 0 0 0 0 0 0 0 0 0 0 0
          0 0 0 0 0 0 0 0 0 0 0 0
          0 0 0 0 0 0 0 0 0 0 0 0
          0 0 0 0 0 0 0 0 0 0 0 0
          0 0 0 0 0 0 0 0 0 0 0 0
          0 0 0 0 0 0 0 0 0 0 0 0
          0 0 0 0 0 0 0 0 0 0 0 0
          0 0 0 0 0 0 0 0 0 0 0 0
          0 0 0 0 0 0 0 0 0 0 0 0
          0 0 0 0 0 0 0 0 0 0 0 0
          0 0 0 0 0 0 0 0 0 0 0 0
          0 0 0 0 0 0 0 0 0 0 0 0
          0 0 0 0 0 0 0 0 0 0 0 0
          0 0 0 0 0 0 0 0 0 0 0 0
          0 0 0 0 0 0 0 0 0 0 0 0
          0 0 0 0 0 0 0 0 0 0 0 0
          0 0 0 0 0 0 0 0 0 0 0 0
          0 0 0 0 0 0 0 0 0 0 0 0
          0 0 0 0 0 0 0 0 0 0 0 0
          0 0 0 0 0 0 0 0 0 0 0 0
          0 0 0 0 0 0 0 0 0 0 0 0
          0 0 0 0 0 0 0 0 0 0 0 0
          0 0 0 0 0 0 0 0 0 0 0 0
          0 0 0 0 0 0 0 0 0 0 0 0
          0 0 0 0 0 0 0 0 0 0 0 0
          0 0 0 0 0 0 0 0 0 0 0 0
          0 0 0 0 0 0 0 0 0 0 0 0
          0 0 0 0 0 0 0 0 0 0 0 0
          0 0 0 0 0 0 0 0 0 0 0 0
          0 0 0 0 0 0 0 0 0 0 0 0
          0 0 0 0 0 0 0 0 0 0 0 0
          0 0 0 0 0 0 0 0 0 0 0 0
          0 0 0 0 0 0 0 0 0 0 0 0
          0 0 0 0 0 0 0 0 0 0 0 0
          0 0 0 0 0 0 0 0 0 0 0 0
          0 0 0 0 0 0 0 0 0 0 0 0
          0 0 0 0 0 0 0 0 0 0 0 0
          0 0 0 0 0 0 0 0 0 0 0 0
          0 0 0 0 0 0 0 0 0 0 0 0
          0 0 0 0 0 0 0 0 0 0 0 0
          0 0 0 0 0 0 0 0 0 0 0 0
          0 0 0 0 0 0 0 0 0 0 0 0
          0 0 0 0 0 0 0 0 0 0 0 0
          0 0 0 0 0 0 0 0 0 0 0 0
          0 0 0 0 0 0 0 0 0 0 0 0
          0 0 0 0 0 0 0 0 0 0 0 0
          0 0 0 0 0 0 0 0 0 0 0 0
          0 0 0 0 0 0 0 0 0 0 0 0
          0 0 0 0 0 0 0 0 0 0 0 0
          0 0 0 0 0 0 0 0 0 0 0 0
          0 0 0 0 0 0 0 0 0 0 0 0
          0 0 0 0 0 0 0 0 0 0 0 0
          0 0 0 0 0 0 0 0 0 0 0 0
          0 0 0 0 0 0 0 0 0 0 0 0
          0 0 0 0 0 0 0 0 0 0 0 0
          0 0 0 0 0 0 0 0 0 0 0 0
          0 0 0 0 0 0 0 0 0 0 0 0
          0 0 0 0 0 0 0 0 0 0 0 0
          0 0 0 0 0 0 0 0 0 0 0 0
          0 0 0 0 0 0 0 0 0 0 0 0
          0 0 0 0 0 0 0 0 0 0 0 0
          0 0 0 0 0 0 0 0 0 0 0 0
          0 0 0 0 0 0 0 0 0 0 0 0
          0 0 0 0 0 0 0 0 0 0 0 0
          0 0 0 0 0 0 0 0 0 0 0 0
          0 0 0 0 0 0 0 0 0 0 0 0
          0 0 0 0 0 0 0 0 0 0 0 0
          0 0 0 0 0 0 0 0 0 0 0 0
          0 0 0 0 0 0 0 0 0 0 0 0
          0 0 0 0 0 0 0 0 0 0 0 0
          0 0 0 0 0 0 0 0 0 0 0 0
          0 0 0 0 0 0 0 0 0 0 0 0
          0 0 0 0 0 0 0 0 0 0 0 0
          0 0 0 0 0 0 0 0 0 0 0 0
          0 0 0 0 0 0 0 0 0 0 0 0
          0 0 0 0 0 0 0 0 0 0 0 0
          0 0 0 0 0 0 0 0 0 0 0 0
          0 0 0 0 0 0 0 0 0 0 0 0
          0 0 0 0 0 0 0 0 0 0 0 0
          0 0 0 0 0 0 0 0 0 0 0 0
          0 0 0 0 0 0 0 0 0 0 0 0
          0 0 0 0 0 0 0 0 0 0 0 0
          0 0 0 0 0 0 0 0 0 0 0 0
          0 0 0 0 0 0 0 0 0 0 0 0
          0 0 0 0 0 0 0 0 0 0 0 0
          0 0 0 0 0 0 0 0 0 0 0 0
          0 0 0 0 0 0 0 0 0 0 0 0
          0 0 0 0 0 0 0 0 0 0 0 0
          0 0 0 0 0 0 0 0 0 0 0 0
          0 0 0 0 0 0 0 0 0 0 0 0
          0 0 0 0 0 0 0 0 0 0 0 0
          0 0 0 0 0 0 0 0 0 0 0 0
          0 0 0 0 0 0 0 0 0 0 0 0
          0 0 0 0 0 0 0 0 0 0 0 0
          0 0 0 0 0 0 0 0 0 0 0 0
          0 0 0 0 0 0 0 0 0 0 0 0
          0 0 0 0 0 0 0 0 0 0 0 0
          0 0 0 0 0 0 0 0 0 0 0 0
          0 0 0 0 0 0 0 0 0 0 0 0
          0 0 0 0 0 0 0 0 0 0 0 0
          0 0 0 0 0 0 0 0 0 0 0 0
          0 0 0 0 0 0 0 0 0 0 0 0
          0 0 0 0 0 0 0 0 0 0 0 0
          0 0 0 0 0 0 0 0 0 0 0 0
          0 0 0 0 0 0 0 0 0 0 0 0
          0 0 0 0 0 0 0 0 0 0 0 0
          0 0 0 0 0 0 0 0 0 0 0 0
          0 0 0 0 0 0 0 0 0 0 0 0
          0 0 0 0 0 0 0 0 0 0 0 0
          0 0 0 0 0 0 0 0 0 0 0 0
          0 0 0 0 0 0 0 0 0 0 0 0
          0 0 0 0 0 0 0 0 0 0 0 0
          0 0 0 0 0 0 0 0 0 0 0 0
          0 0 0 0 0 0 0 0 0 0 0 0
          0 0 0 0 0 0 0 0 0 0 0 0
          0 0 0 0 0 0 0 0 0 0 0 0
          0 0 0 0 0 0 0 0 0 0 0 0
          0 0 0 0 0 0 0 0 0 0 0 0
          0 0 0 0 0 0 0 0 0 0 0 0
          0 0 0 0 0 0 0 0 0 0 0 0
          0 0 0 0 0 0 0 0 0 0 0 0
          0 0 0 0 0 0 0 0 0 0 0 0
          0 0 0 0 0 0 0 0 0 0 0 0
          0 0 0 0 0 0 0 0 0 0 0 0
          0 0 0 0 0 0 0 0 0 0 0 0
          0 0 0 0 0 0 0 0 0 0 0 0
          0 0 0 0 0 0 0 0 0 0 0 0
          0 0 0 0 0 0 0 0 0 0 0 0
          0 0 0 0 0 0 0 0 0 0 0 0
          0 0 0 0 0 0 0 0 0 0 0 0
          0 0 0 0 0 0 0 0 0 0 0 0
          0 0 0 0 0 0 0 0 0 0 0 0
          0 0 0 0 0 0 0 0 0 0 0 0
          0 0 0 0 0 0 0 0 0 0 0 0
          0 0 0 0 0 0 0 0 0 0 0 0
          0 0 0 0 0 0 0 0 0 0 0 0
          0 0 0 0 0 0 0 0 0 0 0 0
          0 0 0 0 0 0 0 0 0 0 0 0
          0 0 0 0 0 0 0 0 0 0 0 0
          0 0 0 0 0 0 0 0 0 0 0 0
          0 0 0 0 0 0 0 0 0 0 0 0
          0 0 0 0 0 0 0 0 0 0 0 0
          0 0 0 0 0 0 0 0 0 0 0 0
          0 0 0 0 0 0 0 0 0 0 0 0
          0 0 0 0 0 0 0 0 0 0 0 0
          0 0 0 0 0 0 0 0 0 0 0 0
          0 0 0 0 0 0 0 0 0 0 0 0
          0 0 0 0 0 0 0 0 0 0 0 0
          0 0 0 0 0 0 0 0 0 0 0 0
          0 0 0 0 0 0 0 0 0 0 0 0
          0 0 0 0 0 0 0 0 0 0 0 0
          0 0 0 0 0 0 0 0 0 0 0 0
          0 0 0 0 0 0 0 0 0 0 0 0
          0 0 0 0 0 0 0 0 0 0 0 0
          0 0 0 0 0 0 0 0 0 0 0 0
          0 0 0 0 0 0 0 0 0 0 0 0
          0 0 0 0 0 0 0 0 0 0 0 0
          0 0 0 0 0 0 0 0 0 0 0 0
          0 0 0 0 0 0 0 0 0 0 0 0
          0 0 0 0 0 0 0 0 0 0 0 0
          0 0 0 0 0 0 0 0 0 0 0 0
          0 0 0 0 0 0 0 0 0 0 0 0
          0 0 0 0 0 0 0 0 0 0 0 0
          0 0 0 0 0 0 0 0 0 0 0 0
          0 0 0 0 0 0 0 0 0 0 0 0
          0 0 0 0 0 0 0 0 0 0 0 0
          0 0 0 0 0 0 0 0 0 0 0 0
          0 0 0 0 0 0 0 0 0 0 0 0
          0 0 0 0 0 0 0 0 0 0 0 0
          0 0 0 0 0 0 0 0 0 0 0 0
          0 0 0 0 0 0 0 0 0 0 0 0
          0 0 0 0 0 0 0 0 0 0 0 0
          0 0 0 0 0 0 0 0 0 0 0 0
          0 0 0 0 0 0 0 0 0 0 0 0
          0 0 0 0 0 0 0 0 0 0 0 0
          0 0 0 0 0 0 0 0 0 0 0 0
          0 0 0 0 0 0 0 0 0 0 0 0
          0 0 0 0 0 0 0 0 0 0 0 0
          0 0 0 0 0 0 0 0 0 0 0 0
          0 0 0 0 0 0 0 0 0 0 0 0
          0 0 0 0 0 0 0 0 0 0 0 0
          0 0 0 0 0 0 0 0 0 0 0 0
          0 0 0 0 0 0 0 0 0 0 0 0
          0 0 0 0 0 0 0 0 0 0 0 0
          0 0 0 0 0 0 0 0 0 0 0 0
          0 0 0 0 0 0 0 0 0 0 0 0
          0 0 0 0 0 0 0 0 0 0 0 0
          0 0 0 0 0 0 0 0 0 0 0 0
          0 0 0 0 0 0 0 0 0 0 0 0
          0 0 0 0 0 0 0 0 0 0 0 0
          0 0 0 0 0 0 0 0 0 0 0 0
          0 0 0 0 0 0 0 0 0 0 0 0
          0 0 0 0 0 0 0 0 0 0 0 0
          0 0 0 0 0 0 0 0 0 0 0 0
          0 0 0 0 0 0 0 0 0 0 0 0
          0 0 0 0 0 0 0 0 0 0 0 0
          0 0 0 0 0 0 0 0 0 0 0 0
          0 0 0 0 0 0 0 0 0 0 0 0
          0 0 0 0 0 0 0 0 0 0 0 0
          0 0 0 0 0 0 0 0 0 0 0 0
          0 0 0 0 0 0 0 0 0 0 0 0
          0 0 0 0 0 0 0 0 0 0 0 0
          0 0 0 0 0 0 0 0 0 0 0 0
          0 0 0 0 0 0 0 0 0 0 0 0
          0 0 0 0 0 0 0 0 0 0 0 0
          0 0 0 0 0 0 0 0 0 0 0 0
          0 0 0 0 0 0 0 0 0 0 0 0
          0 0 0 0 0 0 0 0 0 0 0 0
          0 0 0 0 0 0 0 0 0 0 0 0
          0 0 0 0 0 0 0 0 0 0 0 0
          0 0 0 0 0 0 0 0 0 0 0 0
          0 0 0 0 0 0 0 0 0 0 0 0
          0 0 0 0 0 0 0 0 0 0 0 0
          0 0 0 0 0 0 0 0 0 0 0 0
          0 0 0 0 0 0 0 0 0 0 0 0
          0 0 0 0 0 0 0 0 0 0 0 0
          0 0 0 0 0 0 0 0 0 0 0 0
          0 0 0 0 0 0 0 0 0 0 0 0
          0 0 0 0 0 0 0 0 0 0 0 0
          0 0 0 0 0 0 0 0 0 0 0 0
          0 0 0 0 0 0 0 0 0 0 0 0
          0 0 0 0 0 0 0 0 0 0 0 0
          0 0 0 0 0 0 0 0 0 0 0 0
          0 0 0 0 0 0 0 0 0 0 0 0
          0 0 0 0 0 0 0 0 0 0 0 0
          0 0 0 0 0 0 0 0 0 0 0 0
          0 0 0 0 0 0 0 0 0 0 0 0
          0 0 0 0 0 0 0 0 0 0 0 0
          0 0 0 0 0 0 0 0 0 0 0 0
          0 0 0 0 0 0 0 0 0 0 0 0
          0 0 0 0 0 0 0 0 0 0 0 0
          0 0 0 0 0 0 0 0 0 0 0 0
          0 0 0 0 0 0 0 0 0 0 0 0
          0 0 0 0 0 0 0 0 0 0 0 0
          0 0 0 0 0 0 0 0 0 0 0 0
          0 0 0 0 0 0 0 0 0 0 0 0
          0 0 0 0 0 0 0 0 0 0 0 0
          0 0 0 0 0 0 0 0 0 0 0 0
          0 0 0 0 0 0 0 0 0 0 0 0
          0 0 0 0 0 0 0 0 0 0 0 0
          0 0 0 0 0 0 0 0 0 0 0 0
          0 0 0 0 0 0 0 0 0 0 0 0
          0 0 0 0 0 0 0 0 0 0 0 0
          0 0 0 0 0 0 0 0 0 0 0 0
          0 0 0 0 0 0 0 0 0 0 0 0
          0 0 0 0 0 0 0 0 0 0 0 0
          0 0 0 0 0 0 0 0 0 0 0 0
          0 0 0 0 0 0 0 0 0 0 0 0
          0 0 0 0 0 0 0 0 0 0 0 0
          0 0 0 0 0 0 0 0 0 0 0 0
          0 0 0 0 0 0 0 0 0 0 0 0
          0 0 0 0 0 0 0 0 0 0 0 0
          0 0 0 0 0 0 0 0 0 0 0 0
          0 0 0 0 0 0 0 0 0 0 0 0
          0 0 0 0 0 0 0 0 0 0 0 0
          0 0 0 0 0 0 0 0 0 0 0 0
          0 0 0 0 0 0 0 0 0 0 0 0
          0 0 0 0 0 0 0 0 0 0 0 0
          0 0 0 0 0 0 0 0 0 0 0 0
          0 0 0 0 0 0 0 0 0 0 0 0
          0 0 0 0 0 0 0 0 0 0 0 0
          0 0 0 0 0 0 0 0 0 0 0 0
          0 0 0 0 0 0 0 0 0 0 0 0
          0 0 0 0 0 0 0 0 0 0 0 0
          0 0 0 0 0 0 0 0 0 0 0 0
          0 0 0 0 0 0 0 0 0 0 0 0
          0 0 0 0 0 0 0 0 0 0 0 0
          0 0 0 0 0 0 0 0 0 0 0 0
          0 0 0 0 0 0 0 0 0 0 0 0
          0 0 0 0 0 0 0 0 0 0 0 0
          0 0 0 0 0 0 0 0 0 0 0 0
          0 0 0 0 0 0 0 0 0 0 0 0
          0 0 0 0 0 0 0 0 0 0 0 0
          0 0 0 0 0 0 0 0 0 0 0 0
          0 0 0 0 0 0 0 0 0 0 0 0
          0 0 0 0 0 0 0 0 0 0 0 0
          0 0 0 0 0 0 0 0 0 0 0 0
          0 0 0 0 0 0 0 0 0 0 0 0
          0 0 0 0 0 0 0 0 0 0 0 0
          0 0 0 0 0 0 0 0 0 0 0 0
          0 0 0 0 0 0 0 0 0 0 0 0
          0 0 0 0 0 0 0 0 0 0 0 0
          0 0 0 0 0 0 0 0 0 0 0 0
          8.79314e-08 1.1632e-09 0 1.55803e-07 1.32901e-09 0 1.14061e-07 2.6457e-10 0 7.18677e-08 -3.02248e-09 0
          3.47622e-08 -7.74006e-09 0 1.0432e-08 -1.02808e-08 0 1.39389e-09 -7.27574e-09 0 4.58492e-11 -8.39808e-10 0
          1.56192e-15 0 0 0 0 0 0 0 0 0 0 0
          0 0 0 0 0 0 0 0 0 0 0 0
          0 0 0 0 0 0 0 0 0 0 0 0
          0 0 0 0 0 0 0 0 0 0 0 0
          0 0 0 0 0 0 0 0 0 0 0 0
          0 0 0 0 0 0 0 0 0 0 0 0
          0 0 0 0 0 0 0 0 0 0 0 0
          0 0 0 0 0 0 0 0 0 0 0 0
          0 0 0 0 0 0 0 0 0 0 0 0
          0 0 0 0 0 0 0 0 0 0 0 0
          0 0 0 0 0 0 0 0 0 0 0 0
          0 0 0 0 0 0 0 0 0 0 0 0
          0 0 0 0 0 0 0 0 0 0 0 0
          0 0 0 0 0 0 0 0 0 0 0 0
          0 0 0 0 0 0 0 0 0 0 0 0
          0 0 0 0 0 0 0 0 0 0 0 0
          0 0 0 0 0 0 0 0 0 0 0 0
          2.73109e-07 2.49047e-09 0 5.39331e-07 3.4174e-09 0 5.24708e-07 1.56409e-09 0 5.04917e-07 -2.69232e-09 0
          4.73916e-07 -8.28915e-09 0 4.3082e-07 -1.06265e-08 0 3.84631e-07 -6.4223e-09 0 3.47624e-07 1.40115e-09 0
          3.16981e-07 2.8243e-09 0 2.84385e-07 2.86407e-09 0 2.49662e-07 2.53341e-09 0 2.13319e-07 1.90004e-09 0
          1.75377e-07 1.05088e-09 0 1.35416e-07 2.02625e-10 0 9.51595e-08 -2.29257e-09 0 5.77058e-08 -6.05435e-09 0
          2.66873e-08 -9.86362e-09 0 7.79629e-09 -1.10968e-08 0 1.13155e-09 -7.65009e-09 0 4.87859e-11 -1.18779e-09 0
          1.49022e-14 0 0 0 0 0 0 0 0 0 0 0
          0 0 0 0 0 0 0 0 0 0 0 0
          0 0 0 0 0 0 0 0 0 0 0 0
          0 0 0 0 0 0 0 0 0 0 0 0
          0 0 0 0 0 0 0 0 0 0 0 0
          0 0 0 0 0 0 0 0 0 0 0 0
          0 0 0 0 0 0 0 0 0 0 0 0
          0 0 0 0 0 0 0 0 0 0 0 0
          0 0 0 0 0 0 0 0 0 0 0 0
          0 0 0 0 0 0 0 0 0 0 0 0
          0 0 0 0 0 0 0 0 0 0 0 0
          0 0 0 0 0 0 0 0 0 0 0 0
          0 0 0 0 0 0 0 0 0 0 0 0
          0 0 0 0 0 0 0 0 0 0 0 0
          3.58944e-07 2.62666e-09 0 7.1273e-07 4.41767e-09 0 7.01612e-07 3.28414e-09 0 6.88412e-07 2.07173e-09 0
          6.72509e-07 1.12494e-09 0 6.55193e-07 1.48373e-09 0 6.39314e-07 2.9792e-09 0 6.26633e-07 4.64472e-09 0
          6.16206e-07 5.46072e-09 0 6.06155e-07 5.53114e-09 0 5.95638e-07 4.99689e-09 0 5.84202e-07 3.95349e-09 0
          5.71483e-07 2.53956e-09 0 5.57449e-07 9.83432e-10 0 5.40028e-07 -2.57442e-09 0 5.15412e-07 -7.74305e-09 0
          4.80762e-07 -1.23285e-08 0 4.36977e-07 -1.31334e-08 0 3.91517e-07 -7.91824e-09 0 3.54484e-07 1.82619e-10 0
          3.23593e-07 2.06036e-09 0 2.90796e-07 2.13906e-09 0 2.55533e-07 1.8229e-09 0 2.18374e-07 1.229e-09 0
          1.7936e-07 4.98492e-10 0 1.38881e-07 -6.6338e-10 0 9.91245e-08 -3.45271e-09 0 6.22129e-08 -6.92108e-09 0
          3.08707e-08 -1.06088e-08 0 1.03925e-08 -1.22669e-08 0 1.95624e-09 -9.71831e-09 0 1.47322e-10 -3.06952e-09 0
          7.03295e-13 0 0 0 0 0 0 0 0 0 0 0
          0 0 0 0 0 0 0 0 0 0 0 0
          0 0 0 0 0 0 0 0 0 0 0 0
          0 0 0 0 0 0 0 0 0 0 0 0
          0 0 0 0 0 0 0 0 0 0 0 0
          0 0 0 0 0 0 0 0 0 0 0 0
          0 0 0 0 0 0 0 0 0 0 0 0
          0 0 0 0 0 0 0 0 0 0 0 0
          0 0 0 0 0 0 0 0 0 0 0 0
          0 0 0 0 0 0 0 0 0 0 0 0
          0 0 0 0 0 0 0 0 0 0 0 0
          4.45518e-07 2.3364e-09 0 8.86793e-07 4.29503e-09 0 8.7792e-07 3.83492e-09 0 8.68366e-07 3.52169e-09 0
          8.58408e-07 3.44766e-09 0 8.48502e-07 3.65473e-09 0 8.39087e-07 4.03974e-09 0 8.30282e-07 4.41359e-09 0
          8.22031e-07 4.69587e-09 0 8.14101e-07 4.70494e-09 0 8.06024e-07 4.38562e-09 0 7.97372e-07 3.76022e-09 0
          7.87848e-07 2.8869e-09 0 7.77214e-07 1.79663e-09 0 7.64756e-07 3.47115e-10 0 7.49173e-07 -1.36528e-09 0
          7.30413e-07 -2.20919e-09 0 7.10588e-07 -1.52315e-09 0 6.93011e-07 7.20369e-10 0 6.79405e-07 2.77871e-09 0
          6.68189e-07 3.79796e-09 0 6.57227e-07 3.98972e-09 0 6.45539e-07 3.54697e-09 0 6.32662e-07 2.6231e-09 0
          6.18408e-07 1.39252e-09 0 6.02322e-07 -4.88386e-10 0 5.82337e-07 -4.67642e-09 0 5.55787e-07 -9.66004e-09 0
          5.2017e-07 -1.42794e-08 0 4.75305e-07 -1.5698e-08 0 4.26771e-07 -1.14188e-08 0 3.84298e-07 -2.45915e-09 0
          3.49448e-07 1.58573e-09 0 3.14598e-07 1.79655e-09 0 2.76546e-07 1.53183e-09 0 2.36012e-07 9.67222e-10 0
          1.93051e-07 2.86726e-10 0 1.48745e-07 -1.38084e-09 0 1.05452e-07 -4.41492e-09 0 6.50947e-08 -8.33391e-09 0
          3.12264e-08 -1.23912e-08 0 9.8507e-09 -1.37317e-08 0 1.63717e-09 -9.93386e-09 0 9.30803e-11 -2.04202e-09 0
          1.1804e-13 0 0 0 0 0 0 0 0 0 0 0
          0 0 0 0 0 0 0 0 0 0 0 0
          0 0 0 0 0 0 0 0 0 0 0 0
          0 0 0 0 0 0 0 0 0 0 0 0
          0 0 0 0 0 0 0 0 0 0 0 0
          0 0 0 0 0 0 0 0 0 0 0 0
          0 0 0 0 0 0 0 0 0 0 0 0
          0 0 0 0 0 0 0 0 0 0 0 0
          5.71941e-07 1.56119e-09 0 1.14003e-06 2.98457e-09 0 1.1322e-06 2.84028e-09 0 1.12416e-06 2.75616e-09 0
          1.11603e-06 2.75297e-09 0 1.10796e-06 2.82386e-09 0 1.10005e-06 2.94089e-09 0 1.09236e-06 3.06245e-09 0
          1.08485e-06 3.12506e-09 0 1.07738e-06 3.09167e-09 0 1.06975e-06 2.93316e-09 0 1.06174e-06 2.64252e-09 0
          1.05313e-06 2.23229e-09 0 1.0437e-06 1.73879e-09 0 1.03329e-06 1.2549e-09 0 1.02193e-06 9.00221e-10 0
          1.00996e-06 8.49539e-10 0 9.98104e-07 1.18723e-09 0 9.8707e-07 1.78285e-09 0 9.77014e-07 2.34378e-09 0
          9.67703e-07 2.77638e-09 0 9.58766e-07 2.93425e-09 0 9.49649e-07 2.77556e-09 0 9.39869e-07 2.32639e-09 0
          9.29082e-07 1.61338e-09 0 9.16923e-07 5.9305e-10 0 9.02116e-07 -1.16189e-09 0 8.83522e-07 -3.09653e-09 0
          8.61591e-07 -4.19434e-09 0 8.38057e-07 -3.66764e-09 0 8.16152e-07 -1.39797e-09 0 7.98976e-07 1.38171e-09 0
          7.85535e-07 2.70709e-09 0 7.72734e-07 3.10681e-09 0 7.59023e-07 2.82913e-09 0 7.43606e-07 2.08851e-09 0
          7.26166e-07 1.08034e-09 0 7.05376e-07 -1.17235e-09 0 6.78805e-07 -5.53286e-09 0 6.44003e-07 -1.09606e-08 0
          5.98242e-07 -1.59216e-08 0 5.42242e-07 -1.68598e-08 0 4.83218e-07 -1.07505e-08 0 4.32861e-07 -7.89746e-10 0
          3.90154e-07 1.99347e-09 0 3.45087e-07 2.00582e-09 0 2.95487e-07 1.54854e-09 0 2.41332e-07 7.78684e-10 0
          1.82491e-07 -4.28827e-10 0 1.22318e-07 -4.51135e-09 0 6.67069e-08 -1.0437e-08 0 2.48944e-08 -1.57076e-08 0
          4.84486e-09 -1.40237e-08 0 3.0233e-10 -3.26393e-09 0 5.27615e-13 0 0 0 0 0
          0 0 0 0 0 0 0 0 0 0 0 0
          0 0 0 0 0 0 0 0 0 0 0 0
          0 0 0 0 0 0 0 0 0 0 0 0
          0 0 0 0 0 0 0 0 0 0 0 0
          0 0 0 0 0 0 0 0 0 0 0 0
          8.52872e-07 1.04834e-09 0 1.70218e-06 2.03764e-09 0 1.69497e-06 1.97998e-09 0 1.6877e-06 1.95206e-09 0
          1.68044e-06 1.95868e-09 0 1.67332e-06 1.99708e-09 0 1.6664e-06 2.05381e-09 0 1.65971e-06 2.10523e-09 0
          1.65319e-06 2.13123e-09 0 1.6467e-06 2.1076e-09 0 1.64007e-06 2.02203e-09 0 1.63307e-06 1.8715e-09 0
          1.6255e-06 1.66814e-09 0 1.61724e-06 1.44593e-09 0 1.60832e-06 1.25186e-09 0 1.59892e-06 1.15359e-09 0
          1.58943e-06 1.1877e-09 0 1.58028e-06 1.34758e-09 0 1.57178e-06 1.58868e-09 0 1.56415e-06 1.87097e-09 0
          1.5573e-06 2.07755e-09 0 1.55091e-06 2.16717e-09 0 1.54451e-06 2.10297e-09 0 1.53755e-06 1.86456e-09 0
          1.52941e-06 1.43869e-09 0 1.5195e-06 8.36112e-10 0 1.50732e-06 1.23631e-10 0 1.49248e-06 -7.15142e-10 0
          1.47562e-06 -1.04753e-09 0 1.45908e-06 -4.73112e-10 0 1.44519e-06 6.04966e-10 0 1.43451e-06 1.54268e-09 0
          1.42638e-06 2.24271e-09 0 1.41982e-06 2.62051e-09 0 1.4136e-06 2.59459e-09 0 1.40646e-06 2.24258e-09 0
          1.39732e-06 1.58723e-09 0 1.38478e-06 4.16985e-10 0 1.36549e-06 -2.23589e-09 0 1.33637e-06 -5.25341e-09 0
          1.29879e-06 -7.06086e-09 0 1.2591e-06 -6.25612e-09 0 1.22789e-06 -1.63337e-09 0 1.21058e-06 2.50454e-09 0
          1.20178e-06 3.98694e-09 0 1.19444e-06 4.01164e-09 0 1.18432e-06 3.09708e-09 0 1.16852e-06 1.55737e-09 0
          1.1441e-06 -8.57655e-10 0 1.09953e-06 -9.02271e-09 0 1.01851e-06 -2.0874e-08 0 8.96097e-07 -3.14151e-08 0
          7.55888e-07 -2.80473e-08 0 6.47815e-07 -6.52787e-09 0 5.72419e-07 0 0 4.86478e-07 0 0
          3.60206e-07 0 0 1.66002e-07 0 0 2.42735e-08 0 0 2.56001e-11 0 0
          0 0 0 0 0 0 0 0 0 0 0 0
          0 0 0 0 0 0 0 0 0 0 0 0
          0 0 0 0 0 0 0 0 0 0 0 0
          0 0 0 0 0 0 0 0 0 0 0 0
        </DataArray>
      </PointData>
      <CellData Scalars="process rank">
        <DataArray type="Float32" Name="process rank" NumberOfComponents="1" format="ascii">
          2 2 2 2 2 2 2 2 2 2 2 2
          2 2 2 2 2 2 2 2 2 2 2 2
          2 2 2 2 2 2 2 2 2 2 2 2
          2 2 2 2 2 2 2 2 2 2 2 2
          2 2 2 2 2 2 2 2 2 2 2 2
          2 2 2 2 2 2 2 2 2 2 2 2
          2 2 2 2 2 2 2 2 2 2 2 2
          2 2 2 2 2 2 2 2 2 2 2 2
          2 2 2 2 2 2 2 2 2 2 2 2
          2 2 2 2 2 2 2 2 2 2 2 2
          2 2 2 2 2 2 2 2 2 2 2 2
          2 2 2 2 2 2 2 2 2 2 2 2
          2 2 2 2 2 2 2 2 2 2 2 2
          2 2 2 2 2 2 2 2 2 2 2 2
          2 2 2 2 2 2 2 2 2 2 2 2
          2 2 2 2 2 2 2 2 2 2 2 2
          2 2 2 2 2 2 2 2 2 2 2 2
          2 2 2 2 2 2 2 2 2 2 2 2
          2 2 2 2 2 2 2 2 2 2 2 2
          2 2 2 2 2 2 2 2 2 2 2 2
          2 2 2 2 2 2 2 2 2 2 2 2
          2 2 2 2 2 2 2 2 2 2 2 2
          2 2 2 2 2 2 2 2 2 2 2 2
          2 2 2 2 2 2 2 2 2 2 2 2
          2 2 2 2 2 2 2 2 2 2 2 2
          2 2 2 2 2 2 2 2 2 2 2 2
          2 2 2 2 2 2 2 2 2 2 2 2
          2 2 2 2 2 2 2 2 2 2 2 2
          2 2 2 2 2 2 2 2 2 2 2 2
          2 2 2 2 2 2 2 2 2 2 2 2
          2 2 2 2 2 2 2 2 2 2 2 2
          2 2 2 2 2 2 2 2 2 2 2 2
          2 2 2 2 2 2 2 2 2 2 2 2
          2 2 2 2 2 2 2 2 2 2 2 2
          2 2 2 2 2 2 2 2 2 2 2 2
          2 2 2 2 2 2 2 2 2 2 2 2
          2 2 2 2 2 2 2 2 2 2 2 2
          2 2 2 2 2 2 2 2 2 2 2 2
          2 2 2 2 2 2 2 2 2 2 2 2
          2 2 2 2 2 2 2 2 2 2 2 2
          2 2 2 2 2 2 2 2 2 2 2 2
          2 2 2 2 2 2 2 2 2 2 2 2
          2 2 2 2 2 2 2 2 2 2 2 2
          2 2 2 2 2 2 2 2 2 2 2 2
          2 2 2 2 2 2 2 2 2 2 2 2
          2 2 2 2 2 2 2 2 2 2 2 2
          2 2 2 2 2 2 2 2 2 2 2 2
          2 2 2 2 2 2 2 2 2 2 2 2
          2 2 2 2 2 2 2 2 2 2 2 2
          2 2 2 2 2 2 2 2 2 2 2 2
          2 2 2 2 2 2 2 2 2 2 2 2
          2 2 2 2 2 2 2 2 2 2 2 2
          2 2 2 2 2 2 2 2 2 2 2 2
          2 2 2 2 2 2 2 2 2 2 2 2
          2 2 2 2 2 2 2 2 2 2 2 2
          2 2 2 2 2 2 2 2 2 2 2 2
          2 2 2 2 2 2 2 2 2 2 2 2
          2 2 2 2 2 2 2 2 2 2 2 2
          2 2 2 2 2 2 2 2 2 2 2 2
          2 2 2 2 2 2 2 2 2 2 2 2
          2 2 2 2 2 2 2 2 2 2 2 2
          2 2 2 2 2 2 2 2 2 2 2 2
          2 2 2 2 2 2 2 2 2 2 2 2
          2 2 2 2 2 2 2 2 2 2 2 2
          2 2 2 2 2 2 2 2 2 2 2 2
          2 2 2 2 2 2 2 2 2 2 2 2
          2 2 2 2 2 2 2 2 2 2 2 2
          2 2 2 2 2 2 2 2 2 2 2 2
          2 2 2 2 2 2 2 2 2 2 2 2
          2 2 2 2 2 2 2 2 2 2 2 2
          2 2 2 2 2 2 2 2 2 2 2 2
          2 2 2 2 2 2 2 2 2 2 2 2
          2 2 2 2 2 2 2 2 2 2 2 2
          2 2 2 2 2 2 2 2 2 2 2 2
          2 2 2 2 2 2 2 2 2 2 2 2
          2 2 2 2 2 2 2 2 2 2 2 2
          2 2 2 2 2 2 2 2 2 2 2 2
          2 2 2 2 2 2 2 2 2 2 2 2
          2 2 2 2 2 2 2 2 2 2 2 2
          2 2 2 2 2 2 2 2 2 2 2 2
          2 2 2 2 2 2 2 2 2 2 2 2
          2 2 2 2 2 2 2 2 2 2 2 2
          2 2 2 2 2 2 2 2 2 2 2 2
          2 2 2 2 2 2 2 2 2 2 2 2
          2 2 2 2 2 2 2 2 2 2 2 2
          2 2 2 2 2 2 2 2 2 2 2 2
          2 2 2 2 2 2 2 2 2 2 2 2
          2 2 2 2 2 2 2 2 2 2 2 2
          2 2 2 2 2 2 2 2 2 2 2 2
          2 2 2 2 2 2 2 2 2 2 2 2
          2 2 2 2 2 2 2 2 2 2 2 2
          2 2 2 2 2 2 2 2 2 2 2 2
          2 2 2 2 2 2 2 2 2 2 2 2
          2 2 2 2 2 2 2 2 2 2 2 2
          2 2 2 2 2 2 2 2 2 2 2 2
          2 2 2 2 2 2 2 2 2 2 2 2
          2 2 2 2 2 2 2 2 2 2 2 2
          2 2 2 2 2 2 2 2 2 2 2 2
          2 2 2 2 2 2 2 2 2 2 2 2
          2 2 2 2 2 2 2 2 2 2 2 2
          2 2 2 2 2 2 2 2 2 2 2 2
          2 2 2 2 2 2 2 2 2 2 2 2
          2 2 2 2 2 2 2 2 2 2 2 2
          2 2 2 2 2 2 2 2 2 2 2 2
          2 2 2 2 2 2 2 2 2 2 2 2
          2 2 2 2 2 2 2 2 2 2 2 2
          2 2 2 2 2 2 2 2 2 2 2 2
          2 2 2 2 2 2 2 2 2 2 2 2
          2 2 2 2 2 2 2 2 2 2 2 2
          2 2 2 2 2 2 2 2 2 2 2 2
          2 2 2 2 2 2 2 2 2 2 2 2
          2 2 2 2 2 2 2 2 2 2 2 2
          2 2 2 2 2 2 2 2 2 2 2 2
          2 2 2 2 2 2 2 2 2 2 2 2
          2 2 2 2 2 2 2 2 2 2 2 2
          2 2 2 2 2 2 2 2 2 2 2 2
          2 2 2 2 2 2 2 2 2 2 2 2
          2 2 2 2 2 2 2 2 2 2 2 2
          2 2 2 2 2 2 2 2 2 2 2 2
          2 2 2 2 2 2 2 2 2 2 2 2
          2 2 2 2 2 2 2 2 2 2 2 2
          2 2 2 2 2 2 2 2 2 2 2 2
          2 2 2 2 2 2 2 2 2 2 2 2
          2 2 2 2 2 2 2 2 2 2 2 2
          2 2 2 2 2 2 2 2 2 2 2 2
          2 2 2 2 2 2 2 2 2 2 2 2
          2 2 2 2 2 2 2 2 2 2 2 2
          2 2 2 2 2 2 2 2 2 2 2 2
          2 2 2 2 2 2 2 2 2 2 2 2
          2 2 2 2 2 2 2 2 2 2 2 2
          2 2 2 2 2 2 2 2 2 2 2 2
          2 2 2 2 2 2 2 2 2 2 2 2
          2 2 2 2 2 2 2 2 2 2 2 2
          2 2 2 2 2 2 2 2 2 2 2 2
          2 2 2 2 2 2 2 2 2 2 2 2
          2 2 2 2 2 2 2 2 2 2 2 2
          2 2 2 2 2 2 2 2 2 2 2 2
          2 2 2 2 2 2 2 2 2 2 2 2
          2 2 2 2 2 2 2 2 2 2 2 2
          2 2 2 2 2 2 2 2 2 2 2 2
          2 2 2 2 2 2 2 2 2 2 2 2
          2 2 2 2 2 2 2 2 2 2 2 2
          2 2 2 2 2 2 2 2 2 2 2 2
          2 2 2 2 2 2 2 2 2 2 2 2
          2 2 2 2 2 2 2 2 2 2 2 2
          2 2 2 2 2 2 2 2 2 2 2 2
          2 2 2 2 2 2 2 2 2 2 2 2
          2 2 2 2 2 2 2 2 2 2 2 2
          2 2 2 2 2 2 2 2 2 2 2 2
          2 2 2 2 2 2 2 2 2 2 2 2
          2 2 2 2 2 2 2 2 2 2 2 2
          2 2 2 2 2 2 2 2 2 2 2 2
          2 2 2 2 2 2 2 2 2 2 2 2
          2 2 2 2 2 2 2 2 2 2 2 2
          2 2 2 2 2 2 2 2 2 2 2 2
          2 2 2 2 2 2 2 2 2 2 2 2
          2 2 2 2 2 2 2 2 2 2 2 2
          2 2 2 2 2 2 2 2 2 2 2 2
          2 2 2 2 2 2 2 2 2 2 2 2
          2 2 2 2 2 2 2 2 2 2 2 2
          2 2 2 2 2 2 2 2 2 2 2 2
          2 2 2 2 2 2 2 2 2 2 2 2
          2 2 2 2 2 2 2 2 2 2 2 2
          2 2 2 2 2 2 2 2 2 2 2 2
          2 2 2 2 2 2 2 2 2 2 2 2
          2 2 2 2 2 2 2 2 2 2 2 2
          2 2 2 2 2 2 2 2 2 2 2 2
          2 2 2 2 2 2 2 2 2 2 2 2
          2 2 2 2 2 2 2 2 2 2 2 2
          2 2 2 2 2 2 2 2 2 2 2 2
          2 2 2 2 2 2 2 2 2 2 2 2
          2 2 2 2 2 2 2 2 2 2 2 2
          2 2 2 2 2 2 2 2 2 2 2 2
          2 2 2 2 2 2 2 2 2 2 2 2
          2 2 2 2 2 2 2 2 2 2 2 2
          2 2 2 2 2 2 2 2 2 2 2 2
          2 2 2 2 2 2 2 2 2 2 2 2
          2 2 2 2 2 2 2 2 2 2 2 2
          2 2 2 2 2 2 2 2 2 2 2 2
          2 2 2 2 2 2 2 2 2 2 2 2
          2 2 2 2 2 2 2 2 2 2 2 2
          2 2 2 2 2 2 2 2 2 2 2 2
          2 2 2 2 2 2 2 2 2 2 2 2
          2 2 2 2 2 2 2 2 2 2 2 2
          2 2 2 2 2 2 2 2 2 2 2 2
          2 2 2 2 2 2 2 2 2 2 2 2
          2 2 2 2 2 2 2 2 2 2 2 2
          2 2 2 2 2 2
        </DataArray>
      </CellData>
      <Points>
        <DataArray type="Float32" Name="Coordinates" NumberOfComponents="3" format="ascii">
          500.2 0 0 503.533 0 0 500.2 2 0 503.533 2 0
          506.867 0 0 506.867 2 0 510.2 0 0 510.2 2 0
          513.533 0 0 513.533 2 0 516.867 0 0 516.867 2 0
          520.2 0 0 520.2 2 0 523.533 0 0 523.533 2 0
          526.867 0 0 526.867 2 0 530.2 0 0 530.2 2 0
          533.533 0 0 533.533 2 0 536.867 0 0 536.867 2 0
          540.2 0 0 540.2 2 0 543.533 0 0 543.533 2 0
          546.867 0 0 546.867 2 0 550.2 0 0 550.2 2 0
          553.533 0 0 553.533 2 0 556.867 0 0 556.867 2 0
          560.2 0 0 560.2 2 0 563.533 0 0 563.533 2 0
          566.867 0 0 566.867 2 0 570.2 0 0 570.2 2 0
          573.533 0 0 573.533 2 0 576.867 0 0 576.867 2 0
          580.2 0 0 580.2 2 0 583.533 0 0 583.533 2 0
          586.867 0 0 586.867 2 0 590.2 0 0 590.2 2 0
          593.533 0 0 593.533 2 0 596.867 0 0 596.867 2 0
          600.2 0 0 600.2 2 0 603.533 0 0 603.533 2 0
          606.867 0 0 606.867 2 0 610.2 0 0 610.2 2 0
          613.533 0 0 613.533 2 0 616.867 0 0 616.867 2 0
          620.2 0 0 620.2 2 0 623.533 0 0 623.533 2 0
          626.867 0 0 626.867 2 0 630.2 0 0 630.2 2 0
          633.533 0 0 633.533 2 0 636.867 0 0 636.867 2 0
          640.2 0 0 640.2 2 0 643.533 0 0 643.533 2 0
          646.867 0 0 646.867 2 0 650.2 0 0 650.2 2 0
          653.533 0 0 653.533 2 0 656.867 0 0 656.867 2 0
          660.2 0 0 660.2 2 0 663.533 0 0 663.533 2 0
          666.867 0 0 666.867 2 0 670.2 0 0 670.2 2 0
          673.533 0 0 673.533 2 0 676.867 0 0 676.867 2 0
          680.2 0 0 680.2 2 0 683.533 0 0 683.533 2 0
          686.867 0 0 686.867 2 0 690.2 0 0 690.2 2 0
          693.533 0 0 693.533 2 0 696.867 0 0 696.867 2 0
          700.2 0 0 700.2 2 0 703.533 0 0 703.533 2 0
          706.867 0 0 706.867 2 0 710.2 0 0 710.2 2 0
          713.533 0 0 713.533 2 0 716.867 0 0 716.867 2 0
          720.2 0 0 720.2 2 0 723.533 0 0 723.533 2 0
          726.867 0 0 726.867 2 0 730.2 0 0 730.2 2 0
          733.533 0 0 733.533 2 0 736.867 0 0 736.867 2 0
          740.2 0 0 740.2 2 0 743.533 0 0 743.533 2 0
          746.867 0 0 746.867 2 0 750.2 0 0 750.2 2 0
          500.2 4 0 503.533 4 0 506.867 4 0 510.2 4 0
          513.533 4 0 516.867 4 0 520.2 4 0 523.533 4 0
          526.867 4 0 530.2 4 0 533.533 4 0 536.867 4 0
          540.2 4 0 543.533 4 0 546.867 4 0 550.2 4 0
          553.533 4 0 556.867 4 0 560.2 4 0 563.533 4 0
          566.867 4 0 570.2 4 0 573.533 4 0 576.867 4 0
          580.2 4 0 583.533 4 0 586.867 4 0 590.2 4 0
          593.533 4 0 596.867 4 0 600.2 4 0 603.533 4 0
          606.867 4 0 610.2 4 0 613.533 4 0 616.867 4 0
          620.2 4 0 623.533 4 0 626.867 4 0 630.2 4 0
          633.533 4 0 636.867 4 0 640.2 4 0 643.533 4 0
          646.867 4 0 650.2 4 0 653.533 4 0 656.867 4 0
          660.2 4 0 663.533 4 0 666.867 4 0 670.2 4 0
          673.533 4 0 676.867 4 0 680.2 4 0 683.533 4 0
          686.867 4 0 690.2 4 0 693.533 4 0 696.867 4 0
          700.2 4 0 703.533 4 0 706.867 4 0 710.2 4 0
          713.533 4 0 716.867 4 0 720.2 4 0 723.533 4 0
          726.867 4 0 730.2 4 0 733.533 4 0 736.867 4 0
          740.2 4 0 743.533 4 0 746.867 4 0 750.2 4 0
          500.2 6 0 503.533 6 0 506.867 6 0 510.2 6 0
          513.533 6 0 516.867 6 0 520.2 6 0 523.533 6 0
          526.867 6 0 530.2 6 0 533.533 6 0 536.867 6 0
          540.2 6 0 543.533 6 0 546.867 6 0 550.2 6 0
          553.533 6 0 556.867 6 0 560.2 6 0 563.533 6 0
          566.867 6 0 570.2 6 0 573.533 6 0 576.867 6 0
          580.2 6 0 583.533 6 0 586.867 6 0 590.2 6 0
          593.533 6 0 596.867 6 0 600.2 6 0 603.533 6 0
          606.867 6 0 610.2 6 0 613.533 6 0 616.867 6 0
          620.2 6 0 623.533 6 0 626.867 6 0 630.2 6 0
          633.533 6 0 636.867 6 0 640.2 6 0 643.533 6 0
          646.867 6 0 650.2 6 0 653.533 6 0 656.867 6 0
          660.2 6 0 663.533 6 0 666.867 6 0 670.2 6 0
          673.533 6 0 676.867 6 0 680.2 6 0 683.533 6 0
          686.867 6 0 690.2 6 0 693.533 6 0 696.867 6 0
          700.2 6 0 703.533 6 0 706.867 6 0 710.2 6 0
          713.533 6 0 716.867 6 0 720.2 6 0 723.533 6 0
          726.867 6 0 730.2 6 0 733.533 6 0 736.867 6 0
          740.2 6 0 743.533 6 0 746.867 6 0 750.2 6 0
          500.2 8 0 503.533 8 0 506.867 8 0 510.2 8 0
          513.533 8 0 516.867 8 0 520.2 8 0 523.533 8 0
          526.867 8 0 530.2 8 0 533.533 8 0 536.867 8 0
          540.2 8 0 543.533 8 0 546.867 8 0 550.2 8 0
          553.533 8 0 556.867 8 0 560.2 8 0 563.533 8 0
          566.867 8 0 570.2 8 0 573.533 8 0 576.867 8 0
          580.2 8 0 583.533 8 0 586.867 8 0 590.2 8 0
          593.533 8 0 596.867 8 0 600.2 8 0 603.533 8 0
          606.867 8 0 610.2 8 0 613.533 8 0 616.867 8 0
          620.2 8 0 623.533 8 0 626.867 8 0 630.2 8 0
          633.533 8 0 636.867 8 0 640.2 8 0 643.533 8 0
          646.867 8 0 650.2 8 0 653.533 8 0 656.867 8 0
          660.2 8 0 663.533 8 0 666.867 8 0 670.2 8 0
          673.533 8 0 676.867 8 0 680.2 8 0 683.533 8 0
          686.867 8 0 690.2 8 0 693.533 8 0 696.867 8 0
          700.2 8 0 703.533 8 0 706.867 8 0 710.2 8 0
          713.533 8 0 716.867 8 0 720.2 8 0 723.533 8 0
          726.867 8 0 730.2 8 0 733.533 8 0 736.867 8 0
          740.2 8 0 743.533 8 0 746.867 8 0 750.2 8 0
          500.2 10 0 503.533 10 0 506.867 10 0 510.2 10 0
          513.533 10 0 516.867 10 0 520.2 10 0 523.533 10 0
          526.867 10 0 530.2 10 0 533.533 10 0 536.867 10 0
          540.2 10 0 543.533 10 0 546.867 10 0 550.2 10 0
          553.533 10 0 556.867 10 0 560.2 10 0 563.533 10 0
          566.867 10 0 570.2 10 0 573.533 10 0 576.867 10 0
          580.2 10 0 583.533 10 0 586.867 10 0 590.2 10 0
          593.533 10 0 596.867 10 0 600.2 10 0 603.533 10 0
          606.867 10 0 610.2 10 0 613.533 10 0 616.867 10 0
          620.2 10 0 623.533 10 0 626.867 10 0 630.2 10 0
          633.533 10 0 636.867 10 0 640.2 10 0 643.533 10 0
          646.867 10 0 650.2 10 0 653.533 10 0 656.867 10 0
          660.2 10 0 663.533 10 0 666.867 10 0 670.2 10 0
          673.533 10 0 676.867 10 0 680.2 10 0 683.533 10 0
          686.867 10 0 690.2 10 0 693.533 10 0 696.867 10 0
          700.2 10 0 703.533 10 0 706.867 10 0 710.2 10 0
          713.533 10 0 716.867 10 0 720.2 10 0 723.533 10 0
          726.867 10 0 730.2 10 0 733.533 10 0 736.867 10 0
          740.2 10 0 743.533 10 0 746.867 10 0 750.2 10 0
          500.2 12 0 503.533 12 0 506.867 12 0 510.2 12 0
          513.533 12 0 516.867 12 0 520.2 12 0 523.533 12 0
          526.867 12 0 530.2 12 0 533.533 12 0 536.867 12 0
          540.2 12 0 543.533 12 0 546.867 12 0 550.2 12 0
          553.533 12 0 556.867 12 0 560.2 12 0 563.533 12 0
          566.867 12 0 570.2 12 0 573.533 12 0 576.867 12 0
          580.2 12 0 583.533 12 0 586.867 12 0 590.2 12 0
          593.533 12 0 596.867 12 0 600.2 12 0 603.533 12 0
          606.867 12 0 610.2 12 0 613.533 12 0 616.867 12 0
          620.2 12 0 623.533 12 0 626.867 12 0 630.2 12 0
          633.533 12 0 636.867 12 0 640.2 12 0 643.533 12 0
          646.867 12 0 650.2 12 0 653.533 12 0 656.867 12 0
          660.2 12 0 663.533 12 0 666.867 12 0 670.2 12 0
          673.533 12 0 676.867 12 0 680.2 12 0 683.533 12 0
          686.867 12 0 690.2 12 0 693.533 12 0 696.867 12 0
          700.2 12 0 703.533 12 0 706.867 12 0 710.2 12 0
          713.533 12 0 716.867 12 0 720.2 12 0 723.533 12 0
          726.867 12 0 730.2 12 0 733.533 12 0 736.867 12 0
          740.2 12 0 743.533 12 0 746.867 12 0 750.2 12 0
          500.2 14 0 503.533 14 0 506.867 14 0 510.2 14 0
          513.533 14 0 516.867 14 0 520.2 14 0 523.533 14 0
          526.867 14 0 530.2 14 0 533.533 14 0 536.867 14 0
          540.2 14 0 543.533 14 0 546.867 14 0 550.2 14 0
          553.533 14 0 556.867 14 0 560.2 14 0 563.533 14 0
          566.867 14 0 570.2 14 0 573.533 14 0 576.867 14 0
          580.2 14 0 583.533 14 0 586.867 14 0 590.2 14 0
          593.533 14 0 596.867 14 0 600.2 14 0 603.533 14 0
          606.867 14 0 610.2 14 0 613.533 14 0 616.867 14 0
          620.2 14 0 623.533 14 0 626.867 14 0 630.2 14 0
          633.533 14 0 636.867 14 0 640.2 14 0 643.533 14 0
          646.867 14 0 650.2 14 0 653.533 14 0 656.867 14 0
          660.2 14 0 663.533 14 0 666.867 14 0 670.2 14 0
          673.533 14 0 676.867 14 0 680.2 14 0 683.533 14 0
          686.867 14 0 690.2 14 0 693.533 14 0 696.867 14 0
          700.2 14 0 703.533 14 0 706.867 14 0 710.2 14 0
          713.533 14 0 716.867 14 0 720.2 14 0 723.533 14 0
          726.867 14 0 730.2 14 0 733.533 14 0 736.867 14 0
          740.2 14 0 743.533 14 0 746.867 14 0 750.2 14 0
          500.2 16 0 503.533 16 0 506.867 16 0 510.2 16 0
          513.533 16 0 516.867 16 0 520.2 16 0 523.533 16 0
          526.867 16 0 530.2 16 0 533.533 16 0 536.867 16 0
          540.2 16 0 543.533 16 0 546.867 16 0 550.2 16 0
          553.533 16 0 556.867 16 0 560.2 16 0 563.533 16 0
          566.867 16 0 570.2 16 0 573.533 16 0 576.867 16 0
          580.2 16 0 583.533 16 0 586.867 16 0 590.2 16 0
          593.533 16 0 596.867 16 0 600.2 16 0 603.533 16 0
          606.867 16 0 610.2 16 0 613.533 16 0 616.867 16 0
          620.2 16 0 623.533 16 0 626.867 16 0 630.2 16 0
          633.533 16 0 636.867 16 0 640.2 16 0 643.533 16 0
          646.867 16 0 650.2 16 0 653.533 16 0 656.867 16 0
          660.2 16 0 663.533 16 0 666.867 16 0 670.2 16 0
          673.533 16 0 676.867 16 0 680.2 16 0 683.533 16 0
          686.867 16 0 690.2 16 0 693.533 16 0 696.867 16 0
          700.2 16 0 703.533 16 0 706.867 16 0 710.2 16 0
          713.533 16 0 716.867 16 0 720.2 16 0 723.533 16 0
          726.867 16 0 730.2 16 0 733.533 16 0 736.867 16 0
          740.2 16 0 743.533 16 0 746.867 16 0 750.2 16 0
          500.2 18 0 503.533 18 0 506.867 18 0 510.2 18 0
          513.533 18 0 516.867 18 0 520.2 18 0 523.533 18 0
          526.867 18 0 530.2 18 0 533.533 18 0 536.867 18 0
          540.2 18 0 543.533 18 0 546.867 18 0 550.2 18 0
          553.533 18 0 556.867 18 0 560.2 18 0 563.533 18 0
          566.867 18 0 570.2 18 0 573.533 18 0 576.867 18 0
          580.2 18 0 583.533 18 0 586.867 18 0 590.2 18 0
          593.533 18 0 596.867 18 0 600.2 18 0 603.533 18 0
          606.867 18 0 610.2 18 0 613.533 18 0 616.867 18 0
          620.2 18 0 623.533 18 0 626.867 18 0 630.2 18 0
          633.533 18 0 636.867 18 0 640.2 18 0 643.533 18 0
          646.867 18 0 650.2 18 0 653.533 18 0 656.867 18 0
          660.2 18 0 663.533 18 0 666.867 18 0 670.2 18 0
          673.533 18 0 676.867 18 0 680.2 18 0 683.533 18 0
          686.867 18 0 690.2 18 0 693.533 18 0 696.867 18 0
          700.2 18 0 703.533 18 0 706.867 18 0 710.2 18 0
          713.533 18 0 716.867 18 0 720.2 18 0 723.533 18 0
          726.867 18 0 730.2 18 0 733.533 18 0 736.867 18 0
          740.2 18 0 743.533 18 0 746.867 18 0 750.2 18 0
          500.2 20 0 503.533 20 0 506.867 20 0 510.2 20 0
          513.533 20 0 516.867 20 0 520.2 20 0 523.533 20 0
          526.867 20 0 530.2 20 0 533.533 20 0 536.867 20 0
          540.2 20 0 543.533 20 0 546.867 20 0 550.2 20 0
          553.533 20 0 556.867 20 0 560.2 20 0 563.533 20 0
          566.867 20 0 570.2 20 0 573.533 20 0 576.867 20 0
          580.2 20 0 583.533 20 0 586.867 20 0 590.2 20 0
          593.533 20 0 596.867 20 0 600.2 20 0 603.533 20 0
          606.867 20 0 610.2 20 0 613.533 20 0 616.867 20 0
          620.2 20 0 623.533 20 0 626.867 20 0 630.2 20 0
          633.533 20 0 636.867 20 0 640.2 20 0 643.533 20 0
          646.867 20 0 650.2 20 0 653.533 20 0 656.867 20 0
          660.2 20 0 663.533 20 0 666.867 20 0 670.2 20 0
          673.533 20 0 676.867 20 0 680.2 20 0 683.533 20 0
          686.867 20 0 690.2 20 0 693.533 20 0 696.867 20 0
          700.2 20 0 703.533 20 0 706.867 20 0 710.2 20 0
          713.533 20 0 716.867 20 0 720.2 20 0 723.533 20 0
          726.867 20 0 730.2 20 0 733.533 20 0 736.867 20 0
          740.2 20 0 743.533 20 0 746.867 20 0 750.2 20 0
          500.2 22 0 503.533 22 0 506.867 22 0 510.2 22 0
          513.533 22 0 516.867 22 0 520.2 22 0 523.533 22 0
          526.867 22 0 530.2 22 0 533.533 22 0 536.867 22 0
          540.2 22 0 543.533 22 0 546.867 22 0 550.2 22 0
          553.533 22 0 556.867 22 0 560.2 22 0 563.533 22 0
          566.867 22 0 570.2 22 0 573.533 22 0 576.867 22 0
          580.2 22 0 583.533 22 0 586.867 22 0 590.2 22 0
          593.533 22 0 596.867 22 0 600.2 22 0 603.533 22 0
          606.867 22 0 610.2 22 0 613.533 22 0 616.867 22 0
          620.2 22 0 623.533 22 0 626.867 22 0 630.2 22 0
          633.533 22 0 636.867 22 0 640.2 22 0 643.533 22 0
          646.867 22 0 650.2 22 0 653.533 22 0 656.867 22 0
          660.2 22 0 663.533 22 0 666.867 22 0 670.2 22 0
          673.533 22 0 676.867 22 0 680.2 22 0 683.533 22 0
          686.867 22 0 690.2 22 0 693.533 22 0 696.867 22 0
          700.2 22 0 703.533 22 0 706.867 22 0 710.2 22 0
          713.533 22 0 716.867 22 0 720.2 22 0 723.533 22 0
          726.867 22 0 730.2 22 0 733.533 22 0 736.867 22 0
          740.2 22 0 743.533 22 0 746.867 22 0 750.2 22 0
          500.2 24 0 503.533 24 0 506.867 24 0 510.2 24 0
          513.533 24 0 516.867 24 0 520.2 24 0 523.533 24 0
          526.867 24 0 530.2 24 0 533.533 24 0 536.867 24 0
          540.2 24 0 543.533 24 0 546.867 24 0 550.2 24 0
          553.533 24 0 556.867 24 0 560.2 24 0 563.533 24 0
          566.867 24 0 570.2 24 0 573.533 24 0 576.867 24 0
          580.2 24 0 583.533 24 0 586.867 24 0 590.2 24 0
          593.533 24 0 596.867 24 0 600.2 24 0 603.533 24 0
          606.867 24 0 610.2 24 0 613.533 24 0 616.867 24 0
          620.2 24 0 623.533 24 0 626.867 24 0 630.2 24 0
          633.533 24 0 636.867 24 0 640.2 24 0 643.533 24 0
          646.867 24 0 650.2 24 0 653.533 24 0 656.867 24 0
          660.2 24 0 663.533 24 0 666.867 24 0 670.2 24 0
          673.533 24 0 676.867 24 0 680.2 24 0 683.533 24 0
          686.867 24 0 690.2 24 0 693.533 24 0 696.867 24 0
          700.2 24 0 703.533 24 0 706.867 24 0 710.2 24 0
          713.533 24 0 716.867 24 0 720.2 24 0 723.533 24 0
          726.867 24 0 730.2 24 0 733.533 24 0 736.867 24 0
          740.2 24 0 743.533 24 0 746.867 24 0 750.2 24 0
          500.2 26 0 503.533 26 0 506.867 26 0 510.2 26 0
          513.533 26 0 516.867 26 0 520.2 26 0 523.533 26 0
          526.867 26 0 530.2 26 0 533.533 26 0 536.867 26 0
          540.2 26 0 543.533 26 0 546.867 26 0 550.2 26 0
          553.533 26 0 556.867 26 0 560.2 26 0 563.533 26 0
          566.867 26 0 570.2 26 0 573.533 26 0 576.867 26 0
          580.2 26 0 583.533 26 0 586.867 26 0 590.2 26 0
          593.533 26 0 596.867 26 0 600.2 26 0 603.533 26 0
          606.867 26 0 610.2 26 0 613.533 26 0 616.867 26 0
          620.2 26 0 623.533 26 0 626.867 26 0 630.2 26 0
          633.533 26 0 636.867 26 0 640.2 26 0 643.533 26 0
          646.867 26 0 650.2 26 0 653.533 26 0 656.867 26 0
          660.2 26 0 663.533 26 0 666.867 26 0 670.2 26 0
          673.533 26 0 676.867 26 0 680.2 26 0 683.533 26 0
          686.867 26 0 690.2 26 0 693.533 26 0 696.867 26 0
          700.2 26 0 703.533 26 0 706.867 26 0 710.2 26 0
          713.533 26 0 716.867 26 0 720.2 26 0 723.533 26 0
          726.867 26 0 730.2 26 0 733.533 26 0 736.867 26 0
          740.2 26 0 743.533 26 0 746.867 26 0 750.2 26 0
          500.2 28 0 503.533 28 0 506.867 28 0 510.2 28 0
          513.533 28 0 516.867 28 0 520.2 28 0 523.533 28 0
          526.867 28 0 530.2 28 0 533.533 28 0 536.867 28 0
          540.2 28 0 543.533 28 0 546.867 28 0 550.2 28 0
          553.533 28 0 556.867 28 0 560.2 28 0 563.533 28 0
          566.867 28 0 570.2 28 0 573.533 28 0 576.867 28 0
          580.2 28 0 583.533 28 0 586.867 28 0 590.2 28 0
          593.533 28 0 596.867 28 0 600.2 28 0 603.533 28 0
          606.867 28 0 610.2 28 0 613.533 28 0 616.867 28 0
          620.2 28 0 623.533 28 0 626.867 28 0 630.2 28 0
          633.533 28 0 636.867 28 0 640.2 28 0 643.533 28 0
          646.867 28 0 650.2 28 0 653.533 28 0 656.867 28 0
          660.2 28 0 663.533 28 0 666.867 28 0 670.2 28 0
          673.533 28 0 676.867 28 0 680.2 28 0 683.533 28 0
          686.867 28 0 690.2 28 0 693.533 28 0 696.867 28 0
          700.2 28 0 703.533 28 0 706.867 28 0 710.2 28 0
          713.533 28 0 716.867 28 0 720.2 28 0 723.533 28 0
          726.867 28 0 730.2 28 0 733.533 28 0 736.867 28 0
          740.2 28 0 743.533 28 0 746.867 28 0 750.2 28 0
          500.2 30 0 503.533 30 0 506.867 30 0 510.2 30 0
          513.533 30 0 516.867 30 0 520.2 30 0 523.533 30 0
          526.867 30 0 530.2 30 0 533.533 30 0 536.867 30 0
          540.2 30 0 543.533 30 0 546.867 30 0 550.2 30 0
          553.533 30 0 556.867 30 0 560.2 30 0 563.533 30 0
          566.867 30 0 570.2 30 0 573.533 30 0 576.867 30 0
          580.2 30 0 583.533 30 0 586.867 30 0 590.2 30 0
          593.533 30 0 596.867 30 0 600.2 30 0 603.533 30 0
          606.867 30 0 610.2 30 0 613.533 30 0 616.867 30 0
          620.2 30 0 623.533 30 0 626.867 30 0 630.2 30 0
          633.533 30 0 636.867 30 0 640.2 30 0 643.533 30 0
          646.867 30 0 650.2 30 0 653.533 30 0 656.867 30 0
          660.2 30 0 663.533 30 0 666.867 30 0 670.2 30 0
          673.533 30 0 676.867 30 0 680.2 30 0 683.533 30 0
          686.867 30 0 690.2 30 0 693.533 30 0 696.867 30 0
          700.2 30 0 703.533 30 0 706.867 30 0 710.2 30 0
          713.533 30 0 716.867 30 0 720.2 30 0 723.533 30 0
          726.867 30 0 730.2 30 0 733.533 30 0 736.867 30 0
          740.2 30 0 743.533 30 0 746.867 30 0 750.2 30 0
          500.2 32 0 503.533 32 0 506.867 32 0 510.2 32 0
          513.533 32 0 516.867 32 0 520.2 32 0 523.533 32 0
          526.867 32 0 530.2 32 0 533.533 32 0 536.867 32 0
          540.2 32 0 543.533 32 0 546.867 32 0 550.2 32 0
          553.533 32 0 556.867 32 0 560.2 32 0 563.533 32 0
          566.867 32 0 570.2 32 0 573.533 32 0 576.867 32 0
          580.2 32 0 583.533 32 0 586.867 32 0 590.2 32 0
          593.533 32 0 596.867 32 0 600.2 32 0 603.533 32 0
          606.867 32 0 610.2 32 0 613.533 32 0 616.867 32 0
          620.2 32 0 623.533 32 0 626.867 32 0 630.2 32 0
          633.533 32 0 636.867 32 0 640.2 32 0 643.533 32 0
          646.867 32 0 650.2 32 0 653.533 32 0 656.867 32 0
          660.2 32 0 663.533 32 0 666.867 32 0 670.2 32 0
          673.533 32 0 676.867 32 0 680.2 32 0 683.533 32 0
          686.867 32 0 690.2 32 0 693.533 32 0 696.867 32 0
          700.2 32 0 703.533 32 0 706.867 32 0 710.2 32 0
          713.533 32 0 716.867 32 0 720.2 32 0 723.533 32 0
          726.867 32 0 730.2 32 0 733.533 32 0 736.867 32 0
          740.2 32 0 743.533 32 0 746.867 32 0 750.2 32 0
          500.2 34 0 503.533 34 0 506.867 34 0 510.2 34 0
          513.533 34 0 516.867 34 0 520.2 34 0 523.533 34 0
          526.867 34 0 530.2 34 0 533.533 34 0 536.867 34 0
          540.2 34 0 543.533 34 0 546.867 34 0 550.2 34 0
          553.533 34 0 556.867 34 0 560.2 34 0 563.533 34 0
          566.867 34 0 570.2 34 0 573.533 34 0 576.867 34 0
          580.2 34 0 583.533 34 0 586.867 34 0 590.2 34 0
          593.533 34 0 596.867 34 0 600.2 34 0 603.533 34 0
          606.867 34 0 610.2 34 0 613.533 34 0 616.867 34 0
          620.2 34 0 623.533 34 0 626.867 34 0 630.2 34 0
          633.533 34 0 636.867 34 0 640.2 34 0 643.533 34 0
          646.867 34 0 650.2 34 0 653.533 34 0 656.867 34 0
          660.2 34 0 663.533 34 0 666.867 34 0 670.2 34 0
          673.533 34 0 676.867 34 0 680.2 34 0 683.533 34 0
          686.867 34 0 690.2 34 0 693.533 34 0 696.867 34 0
          700.2 34 0 703.533 34 0 706.867 34 0 710.2 34 0
          713.533 34 0 716.867 34 0 720.2 34 0 723.533 34 0
          726.867 34 0 730.2 34 0 733.533 34 0 736.867 34 0
          740.2 34 0 743.533 34 0 746.867 34 0 750.2 34 0
          500.2 36 0 503.533 36 0 506.867 36 0 510.2 36 0
          513.533 36 0 516.867 36 0 520.2 36 0 523.533 36 0
          526.867 36 0 530.2 36 0 533.533 36 0 536.867 36 0
          540.2 36 0 543.533 36 0 546.867 36 0 550.2 36 0
          553.533 36 0 556.867 36 0 560.2 36 0 563.533 36 0
          566.867 36 0 570.2 36 0 573.533 36 0 576.867 36 0
          580.2 36 0 583.533 36 0 586.867 36 0 590.2 36 0
          593.533 36 0 596.867 36 0 600.2 36 0 603.533 36 0
          606.867 36 0 610.2 36 0 613.533 36 0 616.867 36 0
          620.2 36 0 623.533 36 0 626.867 36 0 630.2 36 0
          633.533 36 0 636.867 36 0 640.2 36 0 643.533 36 0
          646.867 36 0 650.2 36 0 653.533 36 0 656.867 36 0
          660.2 36 0 663.533 36 0 666.867 36 0 670.2 36 0
          673.533 36 0 676.867 36 0 680.2 36 0 683.533 36 0
          686.867 36 0 690.2 36 0 693.533 36 0 696.867 36 0
          700.2 36 0 703.533 36 0 706.867 36 0 710.2 36 0
          713.533 36 0 716.867 36 0 720.2 36 0 723.533 36 0
          726.867 36 0 730.2 36 0 733.533 36 0 736.867 36 0
          740.2 36 0 743.533 36 0 746.867 36 0 750.2 36 0
          500.2 38 0 503.533 38 0 506.867 38 0 510.2 38 0
          513.533 38 0 516.867 38 0 520.2 38 0 523.533 38 0
          526.867 38 0 530.2 38 0 533.533 38 0 536.867 38 0
          540.2 38 0 543.533 38 0 546.867 38 0 550.2 38 0
          553.533 38 0 556.867 38 0 560.2 38 0 563.533 38 0
          566.867 38 0 570.2 38 0 573.533 38 0 576.867 38 0
          580.2 38 0 583.533 38 0 586.867 38 0 590.2 38 0
          593.533 38 0 596.867 38 0 600.2 38 0 603.533 38 0
          606.867 38 0 610.2 38 0 613.533 38 0 616.867 38 0
          620.2 38 0 623.533 38 0 626.867 38 0 630.2 38 0
          633.533 38 0 636.867 38 0 640.2 38 0 643.533 38 0
          646.867 38 0 650.2 38 0 653.533 38 0 656.867 38 0
          660.2 38 0 663.533 38 0 666.867 38 0 670.2 38 0
          673.533 38 0 676.867 38 0 680.2 38 0 683.533 38 0
          686.867 38 0 690.2 38 0 693.533 38 0 696.867 38 0
          700.2 38 0 703.533 38 0 706.867 38 0 710.2 38 0
          713.533 38 0 716.867 38 0 720.2 38 0 723.533 38 0
          726.867 38 0 730.2 38 0 733.533 38 0 736.867 38 0
          740.2 38 0 743.533 38 0 746.867 38 0 750.2 38 0
          500.2 40 0 503.533 40 0 506.867 40 0 510.2 40 0
          513.533 40 0 516.867 40 0 520.2 40 0 523.533 40 0
          526.867 40 0 530.2 40 0 533.533 40 0 536.867 40 0
          540.2 40 0 543.533 40 0 546.867 40 0 550.2 40 0
          553.533 40 0 556.867 40 0 560.2 40 0 563.533 40 0
          566.867 40 0 570.2 40 0 573.533 40 0 576.867 40 0
          580.2 40 0 583.533 40 0 586.867 40 0 590.2 40 0
          593.533 40 0 596.867 40 0 600.2 40 0 603.533 40 0
          606.867 40 0 610.2 40 0 613.533 40 0 616.867 40 0
          620.2 40 0 623.533 40 0 626.867 40 0 630.2 40 0
          633.533 40 0 636.867 40 0 640.2 40 0 643.533 40 0
          646.867 40 0 650.2 40 0 653.533 40 0 656.867 40 0
          660.2 40 0 663.533 40 0 666.867 40 0 670.2 40 0
          673.533 40 0 676.867 40 0 680.2 40 0 683.533 40 0
          686.867 40 0 690.2 40 0 693.533 40 0 696.867 40 0
          700.2 40 0 703.533 40 0 706.867 40 0 710.2 40 0
          713.533 40 0 716.867 40 0 720.2 40 0 723.533 40 0
          726.867 40 0 730.2 40 0 733.533 40 0 736.867 40 0
          740.2 40 0 743.533 40 0 746.867 40 0 750.2 40 0
          500.2 42 0 503.533 42 0 506.867 42 0 510.2 42 0
          513.533 42 0 516.867 42 0 520.2 42 0 523.533 42 0
          526.867 42 0 530.2 42 0 533.533 42 0 536.867 42 0
          540.2 42 0 543.533 42 0 546.867 42 0 550.2 42 0
          553.533 42 0 556.867 42 0 560.2 42 0 563.533 42 0
          566.867 42 0 570.2 42 0 573.533 42 0 576.867 42 0
          580.2 42 0 583.533 42 0 586.867 42 0 590.2 42 0
          593.533 42 0 596.867 42 0 600.2 42 0 603.533 42 0
          606.867 42 0 610.2 42 0 613.533 42 0 616.867 42 0
          620.2 42 0 623.533 42 0 626.867 42 0 630.2 42 0
          633.533 42 0 636.867 42 0 640.2 42 0 643.533 42 0
          646.867 42 0 650.2 42 0 653.533 42 0 656.867 42 0
          660.2 42 0 663.533 42 0 666.867 42 0 670.2 42 0
          673.533 42 0 676.867 42 0 680.2 42 0 683.533 42 0
          686.867 42 0 690.2 42 0 693.533 42 0 696.867 42 0
          700.2 42 0 703.533 42 0 706.867 42 0 710.2 42 0
          713.533 42 0 716.867 42 0 720.2 42 0 723.533 42 0
          726.867 42 0 730.2 42 0 733.533 42 0 736.867 42 0
          740.2 42 0 743.533 42 0 746.867 42 0 750.2 42 0
          500.2 44 0 503.533 44 0 506.867 44 0 510.2 44 0
          513.533 44 0 516.867 44 0 520.2 44 0 523.533 44 0
          526.867 44 0 530.2 44 0 533.533 44 0 536.867 44 0
          540.2 44 0 543.533 44 0 546.867 44 0 550.2 44 0
          553.533 44 0 556.867 44 0 560.2 44 0 563.533 44 0
          566.867 44 0 570.2 44 0 573.533 44 0 576.867 44 0
          580.2 44 0 583.533 44 0 586.867 44 0 590.2 44 0
          593.533 44 0 596.867 44 0 600.2 44 0 603.533 44 0
          606.867 44 0 610.2 44 0 613.533 44 0 616.867 44 0
          620.2 44 0 623.533 44 0 626.867 44 0 630.2 44 0
          633.533 44 0 636.867 44 0 640.2 44 0 643.533 44 0
          646.867 44 0 650.2 44 0 653.533 44 0 656.867 44 0
          660.2 44 0 663.533 44 0 666.867 44 0 670.2 44 0
          673.533 44 0 676.867 44 0 680.2 44 0 683.533 44 0
          686.867 44 0 690.2 44 0 693.533 44 0 696.867 44 0
          700.2 44 0 703.533 44 0 706.867 44 0 710.2 44 0
          713.533 44 0 716.867 44 0 720.2 44 0 723.533 44 0
          726.867 44 0 730.2 44 0 733.533 44 0 736.867 44 0
          740.2 44 0 743.533 44 0 746.867 44 0 750.2 44 0
          500.2 46 0 503.533 46 0 506.867 46 0 510.2 46 0
          513.533 46 0 516.867 46 0 520.2 46 0 523.533 46 0
          526.867 46 0 530.2 46 0 533.533 46 0 536.867 46 0
          540.2 46 0 543.533 46 0 546.867 46 0 550.2 46 0
          553.533 46 0 556.867 46 0 560.2 46 0 563.533 46 0
          566.867 46 0 570.2 46 0 573.533 46 0 576.867 46 0
          580.2 46 0 583.533 46 0 586.867 46 0 590.2 46 0
          593.533 46 0 596.867 46 0 600.2 46 0 603.533 46 0
          606.867 46 0 610.2 46 0 613.533 46 0 616.867 46 0
          620.2 46 0 623.533 46 0 626.867 46 0 630.2 46 0
          633.533 46 0 636.867 46 0 640.2 46 0 643.533 46 0
          646.867 46 0 650.2 46 0 653.533 46 0 656.867 46 0
          660.2 46 0 663.533 46 0 666.867 46 0 670.2 46 0
          673.533 46 0 676.867 46 0 680.2 46 0 683.533 46 0
          686.867 46 0 690.2 46 0 693.533 46 0 696.867 46 0
          700.2 46 0 703.533 46 0 706.867 46 0 710.2 46 0
          713.533 46 0 716.867 46 0 720.2 46 0 723.533 46 0
          726.867 46 0 730.2 46 0 733.533 46 0 736.867 46 0
          740.2 46 0 743.533 46 0 746.867 46 0 750.2 46 0
          500.2 48 0 503.533 48 0 506.867 48 0 510.2 48 0
          513.533 48 0 516.867 48 0 520.2 48 0 523.533 48 0
          526.867 48 0 530.2 48 0 533.533 48 0 536.867 48 0
          540.2 48 0 543.533 48 0 546.867 48 0 550.2 48 0
          553.533 48 0 556.867 48 0 560.2 48 0 563.533 48 0
          566.867 48 0 570.2 48 0 573.533 48 0 576.867 48 0
          580.2 48 0 583.533 48 0 586.867 48 0 590.2 48 0
          593.533 48 0 596.867 48 0 600.2 48 0 603.533 48 0
          606.867 48 0 610.2 48 0 613.533 48 0 616.867 48 0
          620.2 48 0 623.533 48 0 626.867 48 0 630.2 48 0
          633.533 48 0 636.867 48 0 640.2 48 0 643.533 48 0
          646.867 48 0 650.2 48 0 653.533 48 0 656.867 48 0
          660.2 48 0 663.533 48 0 666.867 48 0 670.2 48 0
          673.533 48 0 676.867 48 0 680.2 48 0 683.533 48 0
          686.867 48 0 690.2 48 0 693.533 48 0 696.867 48 0
          700.2 48 0 703.533 48 0 706.867 48 0 710.2 48 0
          713.533 48 0 716.867 48 0 720.2 48 0 723.533 48 0
          726.867 48 0 730.2 48 0 733.533 48 0 736.867 48 0
          740.2 48 0 743.533 48 0 746.867 48 0 750.2 48 0
          500.2 50 0 503.533 50 0 506.867 50 0 510.2 50 0
          513.533 50 0 516.867 50 0 520.2 50 0 523.533 50 0
          526.867 50 0 530.2 50 0 533.533 50 0 536.867 50 0
          540.2 50 0 543.533 50 0 546.867 50 0 550.2 50 0
          553.533 50 0 556.867 50 0 560.2 50 0 563.533 50 0
          566.867 50 0 570.2 50 0 573.533 50 0 576.867 50 0
          580.2 50 0 583.533 50 0 586.867 50 0 590.2 50 0
          593.533 50 0 596.867 50 0 600.2 50 0 603.533 50 0
          606.867 50 0 610.2 50 0 613.533 50 0 616.867 50 0
          620.2 50 0 623.533 50 0 626.867 50 0 630.2 50 0
          633.533 50 0 636.867 50 0 640.2 50 0 643.533 50 0
          646.867 50 0 650.2 50 0 653.533 50 0 656.867 50 0
          660.2 50 0 663.533 50 0 666.867 50 0 670.2 50 0
          673.533 50 0 676.867 50 0 680.2 50 0 683.533 50 0
          686.867 50 0 690.2 50 0 693.533 50 0 696.867 50 0
          700.2 50 0 703.533 50 0 706.867 50 0 710.2 50 0
          713.533 50 0 716.867 50 0 720.2 50 0 723.533 50 0
          726.867 50 0 730.2 50 0 733.533 50 0 736.867 50 0
          740.2 50 0 743.533 50 0 746.867 50 0 750.2 50 0
          500.2 52 0 503.533 52 0 506.867 52 0 510.2 52 0
          513.533 52 0 516.867 52 0 520.2 52 0 523.533 52 0
          526.867 52 0 530.2 52 0 533.533 52 0 536.867 52 0
          540.2 52 0 543.533 52 0 546.867 52 0 550.2 52 0
          553.533 52 0 556.867 52 0 560.2 52 0 563.533 52 0
          566.867 52 0 570.2 52 0 573.533 52 0 576.867 52 0
          580.2 52 0 583.533 52 0 586.867 52 0 590.2 52 0
          593.533 52 0 596.867 52 0 600.2 52 0 603.533 52 0
          606.867 52 0 610.2 52 0 613.533 52 0 616.867 52 0
          620.2 52 0 623.533 52 0 626.867 52 0 630.2 52 0
          633.533 52 0 636.867 52 0 640.2 52 0 643.533 52 0
          646.867 52 0 650.2 52 0 653.533 52 0 656.867 52 0
          660.2 52 0 663.533 52 0 666.867 52 0 670.2 52 0
          673.533 52 0 676.867 52 0 680.2 52 0 683.533 52 0
          686.867 52 0 690.2 52 0 693.533 52 0 696.867 52 0
          700.2 52 0 703.533 52 0 706.867 52 0 710.2 52 0
          713.533 52 0 716.867 52 0 720.2 52 0 723.533 52 0
          726.867 52 0 730.2 52 0 733.533 52 0 736.867 52 0
          740.2 52 0 743.533 52 0 746.867 52 0 750.2 52 0
          500.2 54 0 503.533 54 0 506.867 54 0 510.2 54 0
          513.533 54 0 516.867 54 0 520.2 54 0 523.533 54 0
          526.867 54 0 530.2 54 0 533.533 54 0 536.867 54 0
          540.2 54 0 543.533 54 0 546.867 54 0 550.2 54 0
          553.533 54 0 556.867 54 0 560.2 54 0 563.533 54 0
          566.867 54 0 570.2 54 0 573.533 54 0 576.867 54 0
          580.2 54 0 583.533 54 0 586.867 54 0 590.2 54 0
          593.533 54 0 596.867 54 0 600.2 54 0 603.533 54 0
          606.867 54 0 610.2 54 0 613.533 54 0 616.867 54 0
          620.2 54 0 623.533 54 0 626.867 54 0 630.2 54 0
          633.533 54 0 636.867 54 0 640.2 54 0 643.533 54 0
          646.867 54 0 650.2 54 0 653.533 54 0 656.867 54 0
          660.2 54 0 663.533 54 0 666.867 54 0 670.2 54 0
          673.533 54 0 676.867 54 0 680.2 54 0 683.533 54 0
          686.867 54 0 690.2 54 0 693.533 54 0 696.867 54 0
          700.2 54 0 703.533 54 0 706.867 54 0 710.2 54 0
          713.533 54 0 716.867 54 0 720.2 54 0 723.533 54 0
          726.867 54 0 730.2 54 0 733.533 54 0 736.867 54 0
          740.2 54 0 743.533 54 0 746.867 54 0 750.2 54 0
          500.2 56 0 503.533 56 0 506.867 56 0 510.2 56 0
          513.533 56 0 516.867 56 0 520.2 56 0 523.533 56 0
          526.867 56 0 530.2 56 0 533.533 56 0 536.867 56 0
          540.2 56 0 543.533 56 0 546.867 56 0 550.2 56 0
          553.533 56 0 556.867 56 0 560.2 56 0 563.533 56 0
          566.867 56 0 570.2 56 0 573.533 56 0 576.867 56 0
          580.2 56 0 583.533 56 0 586.867 56 0 590.2 56 0
          593.533 56 0 596.867 56 0 600.2 56 0 603.533 56 0
          606.867 56 0 610.2 56 0 613.533 56 0 616.867 56 0
          620.2 56 0 623.533 56 0 626.867 56 0 630.2 56 0
          633.533 56 0 636.867 56 0 640.2 56 0 643.533 56 0
          646.867 56 0 650.2 56 0 653.533 56 0 656.867 56 0
          660.2 56 0 663.533 56 0 666.867 56 0 670.2 56 0
          673.533 56 0 676.867 56 0 680.2 56 0 683.533 56 0
          686.867 56 0 690.2 56 0 693.533 56 0 696.867 56 0
          700.2 56 0 703.533 56 0 706.867 56 0 710.2 56 0
          713.533 56 0 716.867 56 0 720.2 56 0 723.533 56 0
          726.867 56 0 730.2 56 0 733.533 56 0 736.867 56 0
          740.2 56 0 743.533 56 0 746.867 56 0 750.2 56 0
          500.2 58 0 503.533 58 0 506.867 58 0 510.2 58 0
          513.533 58 0 516.867 58 0 520.2 58 0 523.533 58 0
          526.867 58 0 530.2 58 0 533.533 58 0 536.867 58 0
          540.2 58 0 543.533 58 0 546.867 58 0 550.2 58 0
          553.533 58 0 556.867 58 0 560.2 58 0 563.533 58 0
          566.867 58 0 570.2 58 0 573.533 58 0 576.867 58 0
          580.2 58 0 583.533 58 0 586.867 58 0 590.2 58 0
          593.533 58 0 596.867 58 0 600.2 58 0 603.533 58 0
          606.867 58 0 610.2 58 0 613.533 58 0 616.867 58 0
          620.2 58 0 623.533 58 0 626.867 58 0 630.2 58 0
          633.533 58 0 636.867 58 0 640.2 58 0 643.533 58 0
          646.867 58 0 650.2 58 0 653.533 58 0 656.867 58 0
          660.2 58 0 663.533 58 0 666.867 58 0 670.2 58 0
          673.533 58 0 676.867 58 0 680.2 58 0 683.533 58 0
          686.867 58 0 690.2 58 0 693.533 58 0 696.867 58 0
          700.2 58 0 703.533 58 0 706.867 58 0 710.2 58 0
          713.533 58 0 716.867 58 0 720.2 58 0 723.533 58 0
          726.867 58 0 730.2 58 0 733.533 58 0 736.867 58 0
          740.2 58 0 743.533 58 0 746.867 58 0 750.2 58 0
          500.2 60 0 503.533 60 0 506.867 60 0 510.2 60 0
          513.533 60 0 516.867 60 0 520.2 60 0 523.533 60 0
          526.867 60 0 530.2 60 0 533.533 60 0 536.867 60 0
          540.2 60 0 543.533 60 0 546.867 60 0 550.2 60 0
          553.533 60 0 556.867 60 0 560.2 60 0 563.533 60 0
          566.867 60 0 570.2 60 0 573.533 60 0 576.867 60 0
          580.2 60 0 583.533 60 0 586.867 60 0 590.2 60 0
          593.533 60 0 596.867 60 0 600.2 60 0 603.533 60 0
          606.867 60 0 610.2 60 0 613.533 60 0 616.867 60 0
          620.2 60 0 623.533 60 0 626.867 60 0 630.2 60 0
          633.533 60 0 636.867 60 0 640.2 60 0 643.533 60 0
          646.867 60 0 650.2 60 0 653.533 60 0 656.867 60 0
          660.2 60 0 663.533 60 0 666.867 60 0 670.2 60 0
          673.533 60 0 676.867 60 0 680.2 60 0 683.533 60 0
          686.867 60 0 690.2 60 0 693.533 60 0 696.867 60 0
          700.2 60 0 703.533 60 0 706.867 60 0 710.2 60 0
          713.533 60 0 716.867 60 0 720.2 60 0 723.533 60 0
          726.867 60 0 730.2 60 0 733.533 60 0 736.867 60 0
          740.2 60 0 743.533 60 0 746.867 60 0 750.2 60 0
        </DataArray>
      </Points>
      <Cells>
        <DataArray type="Int32" Name="connectivity" NumberOfComponents="1" format="ascii">
          0 1 3 2 1 4 5 3 4 6 7 5
          6 8 9 7 8 10 11 9 10 12 13 11
          12 14 15 13 14 16 17 15 16 18 19 17
          18 20 21 19 20 22 23 21 22 24 25 23
          24 26 27 25 26 28 29 27 28 30 31 29
          30 32 33 31 32 34 35 33 34 36 37 35
          36 38 39 37 38 40 41 39 40 42 43 41
          42 44 45 43 44 46 47 45 46 48 49 47
          48 50 51 49 50 52 53 51 52 54 55 53
          54 56 57 55 56 58 59 57 58 60 61 59
          60 62 63 61 62 64 65 63 64 66 67 65
          66 68 69 67 68 70 71 69 70 72 73 71
          72 74 75 73 74 76 77 75 76 78 79 77
          78 80 81 79 80 82 83 81 82 84 85 83
          84 86 87 85 86 88 89 87 88 90 91 89
          90 92 93 91 92 94 95 93 94 96 97 95
          96 98 99 97 98 100 101 99 100 102 103 101
          102 104 105 103 104 106 107 105 106 108 109 107
          108 110 111 109 110 112 113 111 112 114 115 113
          114 116 117 115 116 118 119 117 118 120 121 119
          120 122 123 121 122 124 125 123 124 126 127 125
          126 128 129 127 128 130 131 129 130 132 133 131
          132 134 135 133 134 136 137 135 136 138 139 137
          138 140 141 139 140 142 143 141 142 144 145 143
          144 146 147 145 146 148 149 147 148 150 151 149
          2 3 153 152 3 5 154 153 5 7 155 154
          7 9 156 155 9 11 157 156 11 13 158 157
          13 15 159 158 15 17 160 159 17 19 161 160
          19 21 162 161 21 23 163 162 23 25 164 163
          25 27 165 164 27 29 166 165 29 31 167 166
          31 33 168 167 33 35 169 168 35 37 170 169
          37 39 171 170 39 41 172 171 41 43 173 172
          43 45 174 173 45 47 175 174 47 49 176 175
          49 51 177 176 51 53 178 177 53 55 179 178
          55 57 180 179 57 59 181 180 59 61 182 181
          61 63 183 182 63 65 184 183 65 67 185 184
          67 69 186 185 69 71 187 186 71 73 188 187
          73 75 189 188 75 77 190 189 77 79 191 190
          79 81 192 191 81 83 193 192 83 85 194 193
          85 87 195 194 87 89 196 195 89 91 197 196
          91 93 198 197 93 95 199 198 95 97 200 199
          97 99 201 200 99 101 202 201 101 103 203 202
          103 105 204 203 105 107 205 204 107 109 206 205
          109 111 207 206 111 113 208 207 113 115 209 208
          115 117 210 209 117 119 211 210 119 121 212 211
          121 123 213 212 123 125 214 213 125 127 215 214
          127 129 216 215 129 131 217 216 131 133 218 217
          133 135 219 218 135 137 220 219 137 139 221 220
          139 141 222 221 141 143 223 222 143 145 224 223
          145 147 225 224 147 149 226 225 149 151 227 226
          152 153 229 228 153 154 230 229 154 155 231 230
          155 156 232 231 156 157 233 232 157 158 234 233
          158 159 235 234 159 160 236 235 160 161 237 236
          161 162 238 237 162 163 239 238 163 164 240 239
          164 165 241 240 165 166 242 241 166 167 243 242
          167 168 244 243 168 169 245 244 169 170 246 245
          170 171 247 246 171 172 248 247 172 173 249 248
          173 174 250 249 174 175 251 250 175 176 252 251
          176 177 253 252 177 178 254 253 178 179 255 254
          179 180 256 255 180 181 257 256 181 182 258 257
          182 183 259 258 183 184 260 259 184 185 261 260
          185 186 262 261 186 187 263 262 187 188 264 263
          188 189 265 264 189 190 266 265 190 191 267 266
          191 192 268 267 192 193 269 268 193 194 270 269
          194 195 271 270 195 196 272 271 196 197 273 272
          197 198 274 273 198 199 275 274 199 200 276 275
          200 201 277 276 201 202 278 277 202 203 279 278
          203 204 280 279 204 205 281 280 205 206 282 281
          206 207 283 282 207 208 284 283 208 209 285 284
          209 210 286 285 210 211 287 286 211 212 288 287
          212 213 289 288 213 214 290 289 214 215 291 290
          215 216 292 291 216 217 293 292 217 218 294 293
          218 219 295 294 219 220 296 295 220 221 297 296
          221 222 298 297 222 223 299 298 223 224 300 299
          224 225 301 300 225 226 302 301 226 227 303 302
          228 229 305 304 229 230 306 305 230 231 307 306
          231 232 308 307 232 233 309 308 233 234 310 309
          234 235 311 310 235 236 312 311 236 237 313 312
          237 238 314 313 238 239 315 314 239 240 316 315
          240 241 317 316 241 242 318 317 242 243 319 318
          243 244 320 319 244 245 321 320 245 246 322 321
          246 247 323 322 247 248 324 323 248 249 325 324
          249 250 326 325 250 251 327 326 251 252 328 327
          252 253 329 328 253 254 330 329 254 255 331 330
          255 256 332 331 256 257 333 332 257 258 334 333
          258 259 335 334 259 260 336 335 260 261 337 336
          261 262 338 337 262 263 339 338 263 264 340 339
          264 265 341 340 265 266 342 341 266 267 343 342
          267 268 344 343 268 269 345 344 269 270 346 345
          270 271 347 346 271 272 348 347 272 273 349 348
          273 274 350 349 274 275 351 350 275 276 352 351
          276 277 353 352 277 278 354 353 278 279 355 354
          279 280 356 355 280 281 357 356 281 282 358 357
          282 283 359 358 283 284 360 359 284 285 361 360
          285 286 362 361 286 287 363 362 287 288 364 363
          288 289 365 364 289 290 366 365 290 291 367 366
          291 292 368 367 292 293 369 368 293 294 370 369
          294 295 371 370 295 296 372 371 296 297 373 372
          297 298 374 373 298 299 375 374 299 300 376 375
          300 301 377 376 301 302 378 377 302 303 379 378
          304 305 381 380 305 306 382 381 306 307 383 382
          307 308 384 383 308 309 385 384 309 310 386 385
          310 311 387 386 311 312 388 387 312 313 389 388
          313 314 390 389 314 315 391 390 315 316 392 391
          316 317 393 392 317 318 394 393 318 319 395 394
          319 320 396 395 320 321 397 396 321 322 398 397
          322 323 399 398 323 324 400 399 324 325 401 400
          325 326 402 401 326 327 403 402 327 328 404 403
          328 329 405 404 329 330 406 405 330 331 407 406
          331 332 408 407 332 333 409 408 333 334 410 409
          334 335 411 410 335 336 412 411 336 337 413 412
          337 338 414 413 338 339 415 414 339 340 416 415
          340 341 417 416 341 342 418 417 342 343 419 418
          343 344 420 419 344 345 421 420 345 346 422 421
          346 347 423 422 347 348 424 423 348 349 425 424
          349 350 426 425 350 351 427 426 351 352 428 427
          352 353 429 428 353 354 430 429 354 355 431 430
          355 356 432 431 356 357 433 432 357 358 434 433
          358 359 435 434 359 360 436 435 360 361 437 436
          361 362 438 437 362 363 439 438 363 364 440 439
          364 365 441 440 365 366 442 441 366 367 443 442
          367 368 444 443 368 369 445 444 369 370 446 445
          370 371 447 446 371 372 448 447 372 373 449 448
          373 374 450 449 374 375 451 450 375 376 452 451
          376 377 453 452 377 378 454 453 378 379 455 454
          380 381 457 456 381 382 458 457 382 383 459 458
          383 384 460 459 384 385 461 460 385 386 462 461
          386 387 463 462 387 388 464 463 388 389 465 464
          389 390 466 465 390 391 467 466 391 392 468 467
          392 393 469 468 393 394 470 469 394 395 471 470
          395 396 472 471 396 397 473 472 397 398 474 473
          398 399 475 474 399 400 476 475 400 401 477 476
          401 402 478 477 402 403 479 478 403 404 480 479
          404 405 481 480 405 406 482 481 406 407 483 482
          407 408 484 483 408 409 485 484 409 410 486 485
          410 411 487 486 411 412 488 487 412 413 489 488
          413 414 490 489 414 415 491 490 415 416 492 491
          416 417 493 492 417 418 494 493 418 419 495 494
          419 420 496 495 420 421 497 496 421 422 498 497
          422 423 499 498 423 424 500 499 424 425 501 500
          425 426 502 501 426 427 503 502 427 428 504 503
          428 429 505 504 429 430 506 505 430 431 507 506
          431 432 508 507 432 433 509 508 433 434 510 509
          434 435 511 510 435 436 512 511 436 437 513 512
          437 438 514 513 438 439 515 514 439 440 516 515
          440 441 517 516 441 442 518 517 442 443 519 518
          443 444 520 519 444 445 521 520 445 446 522 521
          446 447 523 522 447 448 524 523 448 449 525 524
          449 450 526 525 450 451 527 526 451 452 528 527
          452 453 529 528 453 454 530 529 454 455 531 530
          456 457 533 532 457 458 534 533 458 459 535 534
          459 460 536 535 460 461 537 536 461 462 538 537
          462 463 539 538 463 464 540 539 464 465 541 540
          465 466 542 541 466 467 543 542 467 468 544 543
          468 469 545 544 469 470 546 545 470 471 547 546
          471 472 548 547 472 473 549 548 473 474 550 549
          474 475 551 550 475 476 552 551 476 477 553 552
          477 478 554 553 478 479 555 554 479 480 556 555
          480 481 557 556 481 482 558 557 482 483 559 558
          483 484 560 559 484 485 561 560 485 486 562 561
          486 487 563 562 487 488 564 563 488 489 565 564
          489 490 566 565 490 491 567 566 491 492 568 567
          492 493 569 568 493 494 570 569 494 495 571 570
          495 496 572 571 496 497 573 572 497 498 574 573
          498 499 575 574 499 500 576 575 500 501 577 576
          501 502 578 577 502 503 579 578 503 504 580 579
          504 505 581 580 505 506 582 581 506 507 583 582
          507 508 584 583 508 509 585 584 509 510 586 585
          510 511 587 586 511 512 588 587 512 513 589 588
          513 514 590 589 514 515 591 590 515 516 592 591
          516 517 593 592 517 518 594 593 518 519 595 594
          519 520 596 595 520 521 597 596 521 522 598 597
          522 523 599 598 523 524 600 599 524 525 601 600
          525 526 602 601 526 527 603 602 527 528 604 603
          528 529 605 604 529 530 606 605 530 531 607 606
          532 533 609 608 533 534 610 609 534 535 611 610
          535 536 612 611 536 537 613 612 537 538 614 613
          538 539 615 614 539 540 616 615 540 541 617 616
          541 542 618 617 542 543 619 618 543 544 620 619
          544 545 621 620 545 546 622 621 546 547 623 622
          547 548 624 623 548 549 625 624 549 550 626 625
          550 551 627 626 551 552 628 627 552 553 629 628
          553 554 630 629 554 555 631 630 555 556 632 631
          556 557 633 632 557 558 634 633 558 559 635 634
          559 560 636 635 560 561 637 636 561 562 638 637
          562 563 639 638 563 564 640 639 564 565 641 640
          565 566 642 641 566 567 643 642 567 568 644 643
          568 569 645 644 569 570 646 645 570 571 647 646
          571 572 648 647 572 573 649 648 573 574 650 649
          574 575 651 650 575 576 652 651 576 577 653 652
          577 578 654 653 578 579 655 654 579 580 656 655
          580 581 657 656 581 582 658 657 582 583 659 658
          583 584 660 659 584 585 661 660 585 586 662 661
          586 587 663 662 587 588 664 663 588 589 665 664
          589 590 666 665 590 591 667 666 591 592 668 667
          592 593 669 668 593 594 670 669 594 595 671 670
          595 596 672 671 596 597 673 672 597 598 674 673
          598 599 675 674 599 600 676 675 600 601 677 676
          601 602 678 677 602 603 679 678 603 604 680 679
          604 605 681 680 605 606 682 681 606 607 683 682
          608 609 685 684 609 610 686 685 610 611 687 686
          611 612 688 687 612 613 689 688 613 614 690 689
          614 615 691 690 615 616 692 691 616 617 693 692
          617 618 694 693 618 619 695 694 619 620 696 695
          620 621 697 696 621 622 698 697 622 623 699 698
          623 624 700 699 624 625 701 700 625 626 702 701
          626 627 703 702 627 628 704 703 628 629 705 704
          629 630 706 705 630 631 707 706 631 632 708 707
          632 633 709 708 633 634 710 709 634 635 711 710
          635 636 712 711 636 637 713 712 637 638 714 713
          638 639 715 714 639 640 716 715 640 641 717 716
          641 642 718 717 642 643 719 718 643 644 720 719
          644 645 721 720 645 646 722 721 646 647 723 722
          647 648 724 723 648 649 725 724 649 650 726 725
          650 651 727 726 651 652 728 727 652 653 729 728
          653 654 730 729 654 655 731 730 655 656 732 731
          656 657 733 732 657 658 734 733 658 659 735 734
          659 660 736 735 660 661 737 736 661 662 738 737
          662 663 739 738 663 664 740 739 664 665 741 740
          665 666 742 741 666 667 743 742 667 668 744 743
          668 669 745 744 669 670 746 745 670 671 747 746
          671 672 748 747 672 673 749 748 673 674 750 749
          674 675 751 750 675 676 752 751 676 677 753 752
          677 678 754 753 678 679 755 754 679 680 756 755
          680 681 757 756 681 682 758 757 682 683 759 758
          684 685 761 760 685 686 762 761 686 687 763 762
          687 688 764 763 688 689 765 764 689 690 766 765
          690 691 767 766 691 692 768 767 692 693 769 768
          693 694 770 769 694 695 771 770 695 696 772 771
          696 697 773 772 697 698 774 773 698 699 775 774
          699 700 776 775 700 701 777 776 701 702 778 777
          702 703 779 778 703 704 780 779 704 705 781 780
          705 706 782 781 706 707 783 782 707 708 784 783
          708 709 785 784 709 710 786 785 710 711 787 786
          711 712 788 787 712 713 789 788 713 714 790 789
          714 715 791 790 715 716 792 791 716 717 793 792
          717 718 794 793 718 719 795 794 719 720 796 795
          720 721 797 796 721 722 798 797 722 723 799 798
          723 724 800 799 724 725 801 800 725 726 802 801
          726 727 803 802 727 728 804 803 728 729 805 804
          729 730 806 805 730 731 807 806 731 732 808 807
          732 733 809 808 733 734 810 809 734 735 811 810
          735 736 812 811 736 737 813 812 737 738 814 813
          738 739 815 814 739 740 816 815 740 741 817 816
          741 742 818 817 742 743 819 818 743 744 820 819
          744 745 821 820 745 746 822 821 746 747 823 822
          747 748 824 823 748 749 825 824 749 750 826 825
          750 751 827 826 751 752 828 827 752 753 829 828
          753 754 830 829 754 755 831 830 755 756 832 831
          756 757 833 832 757 758 834 833 758 759 835 834
          760 761 837 836 761 762 838 837 762 763 839 838
          763 764 840 839 764 765 841 840 765 766 842 841
          766 767 843 842 767 768 844 843 768 769 845 844
          769 770 846 845 770 771 847 846 771 772 848 847
          772 773 849 848 773 774 850 849 774 775 851 850
          775 776 852 851 776 777 853 852 777 778 854 853
          778 779 855 854 779 780 856 855 780 781 857 856
          781 782 858 857 782 783 859 858 783 784 860 859
          784 785 861 860 785 786 862 861 786 787 863 862
          787 788 864 863 788 789 865 864 789 790 866 865
          790 791 867 866 791 792 868 867 792 793 869 868
          793 794 870 869 794 795 871 870 795 796 872 871
          796 797 873 872 797 798 874 873 798 799 875 874
          799 800 876 875 800 801 877 876 801 802 878 877
          802 803 879 878 803 804 880 879 804 805 881 880
          805 806 882 881 806 807 883 882 807 808 884 883
          808 809 885 884 809 810 886 885 810 811 887 886
          811 812 888 887 812 813 889 888 813 814 890 889
          814 815 891 890 815 816 892 891 816 817 893 892
          817 818 894 893 818 819 895 894 819 820 896 895
          820 821 897 896 821 822 898 897 822 823 899 898
          823 824 900 899 824 825 901 900 825 826 902 901
          826 827 903 902 827 828 904 903 828 829 905 904
          829 830 906 905 830 831 907 906 831 832 908 907
          832 833 909 908 833 834 910 909 834 835 911 910
          836 837 913 912 837 838 914 913 838 839 915 914
          839 840 916 915 840 841 917 916 841 842 918 917
          842 843 919 918 843 844 920 919 844 845 921 920
          845 846 922 921 846 847 923 922 847 848 924 923
          848 849 925 924 849 850 926 925 850 851 927 926
          851 852 928 927 852 853 929 928 853 854 930 929
          854 855 931 930 855 856 932 931 856 857 933 932
          857 858 934 933 858 859 935 934 859 860 936 935
          860 861 937 936 861 862 938 937 862 863 939 938
          863 864 940 939 864 865 941 940 865 866 942 941
          866 867 943 942 867 868 944 943 868 869 945 944
          869 870 946 945 870 871 947 946 871 872 948 947
          872 873 949 948 873 874 950 949 874 875 951 950
          875 876 952 951 876 877 953 952 877 878 954 953
          878 879 955 954 879 880 956 955 880 881 957 956
          881 882 958 957 882 883 959 958 883 884 960 959
          884 885 961 960 885 886 962 961 886 887 963 962
          887 888 964 963 888 889 965 964 889 890 966 965
          890 891 967 966 891 892 968 967 892 893 969 968
          893 894 970 969 894 895 971 970 895 896 972 971
          896 897 973 972 897 898 974 973 898 899 975 974
          899 900 976 975 900 901 977 976 901 902 978 977
          902 903 979 978 903 904 980 979 904 905 981 980
          905 906 982 981 906 907 983 982 907 908 984 983
          908 909 985 984 909 910 986 985 910 911 987 986
          912 913 989 988 913 914 990 989 914 915 991 990
          915 916 992 991 916 917 993 992 917 918 994 993
          918 919 995 994 919 920 996 995 920 921 997 996
          921 922 998 997 922 923 999 998 923 924 1000 999
          924 925 1001 1000 925 926 1002 1001 926 927 1003 1002
          927 928 1004 1003 928 929 1005 1004 929 930 1006 1005
          930 931 1007 1006 931 932 1008 1007 932 933 1009 1008
          933 934 1010 1009 934 935 1011 1010 935 936 1012 1011
          936 937 1013 1012 937 938 1014 1013 938 939 1015 1014
          939 940 1016 1015 940 941 1017 1016 941 942 1018 1017
          942 943 1019 1018 943 944 1020 1019 944 945 1021 1020
          945 946 1022 1021 946 947 1023 1022 947 948 1024 1023
          948 949 1025 1024 949 950 1026 1025 950 951 1027 1026
          951 952 1028 1027 952 953 1029 1028 953 954 1030 1029
          954 955 1031 1030 955 956 1032 1031 956 957 1033 1032
          957 958 1034 1033 958 959 1035 1034 959 960 1036 1035
          960 961 1037 1036 961 962 1038 1037 962 963 1039 1038
          963 964 1040 1039 964 965 1041 1040 965 966 1042 1041
          966 967 1043 1042 967 968 1044 1043 968 969 1045 1044
          969 970 1046 1045 970 971 1047 1046 971 972 1048 1047
          972 973 1049 1048 973 974 1050 1049 974 975 1051 1050
          975 976 1052 1051 976 977 1053 1052 977 978 1054 1053
          978 979 1055 1054 979 980 1056 1055 980 981 1057 1056
          981 982 1058 1057 982 983 1059 1058 983 984 1060 1059
          984 985 1061 1060 985 986 1062 1061 986 987 1063 1062
          988 989 1065 1064 989 990 1066 1065 990 991 1067 1066
          991 992 1068 1067 992 993 1069 1068 993 994 1070 1069
          994 995 1071 1070 995 996 1072 1071 996 997 1073 1072
          997 998 1074 1073 998 999 1075 1074 999 1000 1076 1075
          1000 1001 1077 1076 1001 1002 1078 1077 1002 1003 1079 1078
          1003 1004 1080 1079 1004 1005 1081 1080 1005 1006 1082 1081
          1006 1007 1083 1082 1007 1008 1084 1083 1008 1009 1085 1084
          1009 1010 1086 1085 1010 1011 1087 1086 1011 1012 1088 1087
          1012 1013 1089 1088 1013 1014 1090 1089 1014 1015 1091 1090
          1015 1016 1092 1091 1016 1017 1093 1092 1017 1018 1094 1093
          1018 1019 1095 1094 1019 1020 1096 1095 1020 1021 1097 1096
          1021 1022 1098 1097 1022 1023 1099 1098 1023 1024 1100 1099
          1024 1025 1101 1100 1025 1026 1102 1101 1026 1027 1103 1102
          1027 1028 1104 1103 1028 1029 1105 1104 1029 1030 1106 1105
          1030 1031 1107 1106 1031 1032 1108 1107 1032 1033 1109 1108
          1033 1034 1110 1109 1034 1035 1111 1110 1035 1036 1112 1111
          1036 1037 1113 1112 1037 1038 1114 1113 1038 1039 1115 1114
          1039 1040 1116 1115 1040 1041 1117 1116 1041 1042 1118 1117
          1042 1043 1119 1118 1043 1044 1120 1119 1044 1045 1121 1120
          1045 1046 1122 1121 1046 1047 1123 1122 1047 1048 1124 1123
          1048 1049 1125 1124 1049 1050 1126 1125 1050 1051 1127 1126
          1051 1052 1128 1127 1052 1053 1129 1128 1053 1054 1130 1129
          1054 1055 1131 1130 1055 1056 1132 1131 1056 1057 1133 1132
          1057 1058 1134 1133 1058 1059 1135 1134 1059 1060 1136 1135
          1060 1061 1137 1136 1061 1062 1138 1137 1062 1063 1139 1138
          1064 1065 1141 1140 1065 1066 1142 1141 1066 1067 1143 1142
          1067 1068 1144 1143 1068 1069 1145 1144 1069 1070 1146 1145
          1070 1071 1147 1146 1071 1072 1148 1147 1072 1073 1149 1148
          1073 1074 1150 1149 1074 1075 1151 1150 1075 1076 1152 1151
          1076 1077 1153 1152 1077 1078 1154 1153 1078 1079 1155 1154
          1079 1080 1156 1155 1080 1081 1157 1156 1081 1082 1158 1157
          1082 1083 1159 1158 1083 1084 1160 1159 1084 1085 1161 1160
          1085 1086 1162 1161 1086 1087 1163 1162 1087 1088 1164 1163
          1088 1089 1165 1164 1089 1090 1166 1165 1090 1091 1167 1166
          1091 1092 1168 1167 1092 1093 1169 1168 1093 1094 1170 1169
          1094 1095 1171 1170 1095 1096 1172 1171 1096 1097 1173 1172
          1097 1098 1174 1173 1098 1099 1175 1174 1099 1100 1176 1175
          1100 1101 1177 1176 1101 1102 1178 1177 1102 1103 1179 1178
          1103 1104 1180 1179 1104 1105 1181 1180 1105 1106 1182 1181
          1106 1107 1183 1182 1107 1108 1184 1183 1108 1109 1185 1184
          1109 1110 1186 1185 1110 1111 1187 1186 1111 1112 1188 1187
          1112 1113 1189 1188 1113 1114 1190 1189 1114 1115 1191 1190
          1115 1116 1192 1191 1116 1117 1193 1192 1117 1118 1194 1193
          1118 1119 1195 1194 1119 1120 1196 1195 1120 1121 1197 1196
          1121 1122 1198 1197 1122 1123 1199 1198 1123 1124 1200 1199
          1124 1125 1201 1200 1125 1126 1202 1201 1126 1127 1203 1202
          1127 1128 1204 1203 1128 1129 1205 1204 1129 1130 1206 1205
          1130 1131 1207 1206 1131 1132 1208 1207 1132 1133 1209 1208
          1133 1134 1210 1209 1134 1135 1211 1210 1135 1136 1212 1211
          1136 1137 1213 1212 1137 1138 1214 1213 1138 1139 1215 1214
          1140 1141 1217 1216 1141 1142 1218 1217 1142 1143 1219 1218
          1143 1144 1220 1219 1144 1145 1221 1220 1145 1146 1222 1221
          1146 1147 1223 1222 1147 1148 1224 1223 1148 1149 1225 1224
          1149 1150 1226 1225 1150 1151 1227 1226 1151 1152 1228 1227
          1152 1153 1229 1228 1153 1154 1230 1229 1154 1155 1231 1230
          1155 1156 1232 1231 1156 1157 1233 1232 1157 1158 1234 1233
          1158 1159 1235 1234 1159 1160 1236 1235 1160 1161 1237 1236
          1161 1162 1238 1237 1162 1163 1239 1238 1163 1164 1240 1239
          1164 1165 1241 1240 1165 1166 1242 1241 1166 1167 1243 1242
          1167 1168 1244 1243 1168 1169 1245 1244 1169 1170 1246 1245
          1170 1171 1247 1246 1171 1172 1248 1247 1172 1173 1249 1248
          1173 1174 1250 1249 1174 1175 1251 1250 1175 1176 1252 1251
          1176 1177 1253 1252 1177 1178 1254 1253 1178 1179 1255 1254
          1179 1180 1256 1255 1180 1181 1257 1256 1181 1182 1258 1257
          1182 1183 1259 1258 1183 1184 1260 1259 1184 1185 1261 1260
          1185 1186 1262 1261 1186 1187 1263 1262 1187 1188 1264 1263
          1188 1189 1265 1264 1189 1190 1266 1265 1190 1191 1267 1266
          1191 1192 1268 1267 1192 1193 1269 1268 1193 1194 1270 1269
          1194 1195 1271 1270 1195 1196 1272 1271 1196 1197 1273 1272
          1197 1198 1274 1273 1198 1199 1275 1274 1199 1200 1276 1275
          1200 1201 1277 1276 1201 1202 1278 1277 1202 1203 1279 1278
          1203 1204 1280 1279 1204 1205 1281 1280 1205 1206 1282 1281
          1206 1207 1283 1282 1207 1208 1284 1283 1208 1209 1285 1284
          1209 1210 1286 1285 1210 1211 1287 1286 1211 1212 1288 1287
          1212 1213 1289 1288 1213 1214 1290 1289 1214 1215 1291 1290
          1216 1217 1293 1292 1217 1218 1294 1293 1218 1219 1295 1294
          1219 1220 1296 1295 1220 1221 1297 1296 1221 1222 1298 1297
          1222 1223 1299 1298 1223 1224 1300 1299 1224 1225 1301 1300
          1225 1226 1302 1301 1226 1227 1303 1302 1227 1228 1304 1303
          1228 1229 1305 1304 1229 1230 1306 1305 1230 1231 1307 1306
          1231 1232 1308 1307 1232 1233 1309 1308 1233 1234 1310 1309
          1234 1235 1311 1310 1235 1236 1312 1311 1236 1237 1313 1312
          1237 1238 1314 1313 1238 1239 1315 1314 1239 1240 1316 1315
          1240 1241 1317 1316 1241 1242 1318 1317 1242 1243 1319 1318
          1243 1244 1320 1319 1244 1245 1321 1320 1245 1246 1322 1321
          1246 1247 1323 1322 1247 1248 1324 1323 1248 1249 1325 1324
          1249 1250 1326 1325 1250 1251 1327 1326 1251 1252 1328 1327
          1252 1253 1329 1328 1253 1254 1330 1329 1254 1255 1331 1330
          1255 1256 1332 1331 1256 1257 1333 1332 1257 1258 1334 1333
          1258 1259 1335 1334 1259 1260 1336 1335 1260 1261 1337 1336
          1261 1262 1338 1337 1262 1263 1339 1338 1263 1264 1340 1339
          1264 1265 1341 1340 1265 1266 1342 1341 1266 1267 1343 1342
          1267 1268 1344 1343 1268 1269 1345 1344 1269 1270 1346 1345
          1270 1271 1347 1346 1271 1272 1348 1347 1272 1273 1349 1348
          1273 1274 1350 1349 1274 1275 1351 1350 1275 1276 1352 1351
          1276 1277 1353 1352 1277 1278 1354 1353 1278 1279 1355 1354
          1279 1280 1356 1355 1280 1281 1357 1356 1281 1282 1358 1357
          1282 1283 1359 1358 1283 1284 1360 1359 1284 1285 1361 1360
          1285 1286 1362 1361 1286 1287 1363 1362 1287 1288 1364 1363
          1288 1289 1365 1364 1289 1290 1366 1365 1290 1291 1367 1366
          1292 1293 1369 1368 1293 1294 1370 1369 1294 1295 1371 1370
          1295 1296 1372 1371 1296 1297 1373 1372 1297 1298 1374 1373
          1298 1299 1375 1374 1299 1300 1376 1375 1300 1301 1377 1376
          1301 1302 1378 1377 1302 1303 1379 1378 1303 1304 1380 1379
          1304 1305 1381 1380 1305 1306 1382 1381 1306 1307 1383 1382
          1307 1308 1384 1383 1308 1309 1385 1384 1309 1310 1386 1385
          1310 1311 1387 1386 1311 1312 1388 1387 1312 1313 1389 1388
          1313 1314 1390 1389 1314 1315 1391 1390 1315 1316 1392 1391
          1316 1317 1393 1392 1317 1318 1394 1393 1318 1319 1395 1394
          1319 1320 1396 1395 1320 1321 1397 1396 1321 1322 1398 1397
          1322 1323 1399 1398 1323 1324 1400 1399 1324 1325 1401 1400
          1325 1326 1402 1401 1326 1327 1403 1402 1327 1328 1404 1403
          1328 1329 1405 1404 1329 1330 1406 1405 1330 1331 1407 1406
          1331 1332 1408 1407 1332 1333 1409 1408 1333 1334 1410 1409
          1334 1335 1411 1410 1335 1336 1412 1411 1336 1337 1413 1412
          1337 1338 1414 1413 1338 1339 1415 1414 1339 1340 1416 1415
          1340 1341 1417 1416 1341 1342 1418 1417 1342 1343 1419 1418
          1343 1344 1420 1419 1344 1345 1421 1420 1345 1346 1422 1421
          1346 1347 1423 1422 1347 1348 1424 1423 1348 1349 1425 1424
          1349 1350 1426 1425 1350 1351 1427 1426 1351 1352 1428 1427
          1352 1353 1429 1428 1353 1354 1430 1429 1354 1355 1431 1430
          1355 1356 1432 1431 1356 1357 1433 1432 1357 1358 1434 1433
          1358 1359 1435 1434 1359 1360 1436 1435 1360 1361 1437 1436
          1361 1362 1438 1437 1362 1363 1439 1438 1363 1364 1440 1439
          1364 1365 1441 1440 1365 1366 1442 1441 1366 1367 1443 1442
          1368 1369 1445 1444 1369 1370 1446 1445 1370 1371 1447 1446
          1371 1372 1448 1447 1372 1373 1449 1448 1373 1374 1450 1449
          1374 1375 1451 1450 1375 1376 1452 1451 1376 1377 1453 1452
          1377 1378 1454 1453 1378 1379 1455 1454 1379 1380 1456 1455
          1380 1381 1457 1456 1381 1382 1458 1457 1382 1383 1459 1458
          1383 1384 1460 1459 1384 1385 1461 1460 1385 1386 1462 1461
          1386 1387 1463 1462 1387 1388 1464 1463 1388 1389 1465 1464
          1389 1390 1466 1465 1390 1391 1467 1466 1391 1392 1468 1467
          1392 1393 1469 1468 1393 1394 1470 1469 1394 1395 1471 1470
          1395 1396 1472 1471 1396 1397 1473 1472 1397 1398 1474 1473
          1398 1399 1475 1474 1399 1400 1476 1475 1400 1401 1477 1476
          1401 1402 1478 1477 1402 1403 1479 1478 1403 1404 1480 1479
          1404 1405 1481 1480 1405 1406 1482 1481 1406 1407 1483 1482
          1407 1408 1484 1483 1408 1409 1485 1484 1409 1410 1486 1485
          1410 1411 1487 1486 1411 1412 1488 1487 1412 1413 1489 1488
          1413 1414 1490 1489 1414 1415 1491 1490 1415 1416 1492 1491
          1416 1417 1493 1492 1417 1418 1494 1493 1418 1419 1495 1494
          1419 1420 1496 1495 1420 1421 1497 1496 1421 1422 1498 1497
          1422 1423 1499 1498 1423 1424 1500 1499 1424 1425 1501 1500
          1425 1426 1502 1501 1426 1427 1503 1502 1427 1428 1504 1503
          1428 1429 1505 1504 1429 1430 1506 1505 1430 1431 1507 1506
          1431 1432 1508 1507 1432 1433 1509 1508 1433 1434 1510 1509
          1434 1435 1511 1510 1435 1436 1512 1511 1436 1437 1513 1512
          1437 1438 1514 1513 1438 1439 1515 1514 1439 1440 1516 1515
          1440 1441 1517 1516 1441 1442 1518 1517 1442 1443 1519 1518
          1444 1445 1521 1520 1445 1446 1522 1521 1446 1447 1523 1522
          1447 1448 1524 1523 1448 1449 1525 1524 1449 1450 1526 1525
          1450 1451 1527 1526 1451 1452 1528 1527 1452 1453 1529 1528
          1453 1454 1530 1529 1454 1455 1531 1530 1455 1456 1532 1531
          1456 1457 1533 1532 1457 1458 1534 1533 1458 1459 1535 1534
          1459 1460 1536 1535 1460 1461 1537 1536 1461 1462 1538 1537
          1462 1463 1539 1538 1463 1464 1540 1539 1464 1465 1541 1540
          1465 1466 1542 1541 1466 1467 1543 1542 1467 1468 1544 1543
          1468 1469 1545 1544 1469 1470 1546 1545 1470 1471 1547 1546
          1471 1472 1548 1547 1472 1473 1549 1548 1473 1474 1550 1549
          1474 1475 1551 1550 1475 1476 1552 1551 1476 1477 1553 1552
          1477 1478 1554 1553 1478 1479 1555 1554 1479 1480 1556 1555
          1480 1481 1557 1556 1481 1482 1558 1557 1482 1483 1559 1558
          1483 1484 1560 1559 1484 1485 1561 1560 1485 1486 1562 1561
          1486 1487 1563 1562 1487 1488 1564 1563 1488 1489 1565 1564
          1489 1490 1566 1565 1490 1491 1567 1566 1491 1492 1568 1567
          1492 1493 1569 1568 1493 1494 1570 1569 1494 1495 1571 1570
          1495 1496 1572 1571 1496 1497 1573 1572 1497 1498 1574 1573
          1498 1499 1575 1574 1499 1500 1576 1575 1500 1501 1577 1576
          1501 1502 1578 1577 1502 1503 1579 1578 1503 1504 1580 1579
          1504 1505 1581 1580 1505 1506 1582 1581 1506 1507 1583 1582
          1507 1508 1584 1583 1508 1509 1585 1584 1509 1510 1586 1585
          1510 1511 1587 1586 1511 1512 1588 1587 1512 1513 1589 1588
          1513 1514 1590 1589 1514 1515 1591 1590 1515 1516 1592 1591
          1516 1517 1593 1592 1517 1518 1594 1593 1518 1519 1595 1594
          1520 1521 1597 1596 1521 1522 1598 1597 1522 1523 1599 1598
          1523 1524 1600 1599 1524 1525 1601 1600 1525 1526 1602 1601
          1526 1527 1603 1602 1527 1528 1604 1603 1528 1529 1605 1604
          1529 1530 1606 1605 1530 1531 1607 1606 1531 1532 1608 1607
          1532 1533 1609 1608 1533 1534 1610 1609 1534 1535 1611 1610
          1535 1536 1612 1611 1536 1537 1613 1612 1537 1538 1614 1613
          1538 1539 1615 1614 1539 1540 1616 1615 1540 1541 1617 1616
          1541 1542 1618 1617 1542 1543 1619 1618 1543 1544 1620 1619
          1544 1545 1621 1620 1545 1546 1622 1621 1546 1547 1623 1622
          1547 1548 1624 1623 1548 1549 1625 1624 1549 1550 1626 1625
          1550 1551 1627 1626 1551 1552 1628 1627 1552 1553 1629 1628
          1553 1554 1630 1629 1554 1555 1631 1630 1555 1556 1632 1631
          1556 1557 1633 1632 1557 1558 1634 1633 1558 1559 1635 1634
          1559 1560 1636 1635 1560 1561 1637 1636 1561 1562 1638 1637
          1562 1563 1639 1638 1563 1564 1640 1639 1564 1565 1641 1640
          1565 1566 1642 1641 1566 1567 1643 1642 1567 1568 1644 1643
          1568 1569 1645 1644 1569 1570 1646 1645 1570 1571 1647 1646
          1571 1572 1648 1647 1572 1573 1649 1648 1573 1574 1650 1649
          1574 1575 1651 1650 1575 1576 1652 1651 1576 1577 1653 1652
          1577 1578 1654 1653 1578 1579 1655 1654 1579 1580 1656 1655
          1580 1581 1657 1656 1581 1582 1658 1657 1582 1583 1659 1658
          1583 1584 1660 1659 1584 1585 1661 1660 1585 1586 1662 1661
          1586 1587 1663 1662 1587 1588 1664 1663 1588 1589 1665 1664
          1589 1590 1666 1665 1590 1591 1667 1666 1591 1592 1668 1667
          1592 1593 1669 1668 1593 1594 1670 1669 1594 1595 1671 1670
          1596 1597 1673 1672 1597 1598 1674 1673 1598 1599 1675 1674
          1599 1600 1676 1675 1600 1601 1677 1676 1601 1602 1678 1677
          1602 1603 1679 1678 1603 1604 1680 1679 1604 1605 1681 1680
          1605 1606 1682 1681 1606 1607 1683 1682 1607 1608 1684 1683
          1608 1609 1685 1684 1609 1610 1686 1685 1610 1611 1687 1686
          1611 1612 1688 1687 1612 1613 1689 1688 1613 1614 1690 1689
          1614 1615 1691 1690 1615 1616 1692 1691 1616 1617 1693 1692
          1617 1618 1694 1693 1618 1619 1695 1694 1619 1620 1696 1695
          1620 1621 1697 1696 1621 1622 1698 1697 1622 1623 1699 1698
          1623 1624 1700 1699 1624 1625 1701 1700 1625 1626 1702 1701
          1626 1627 1703 1702 1627 1628 1704 1703 1628 1629 1705 1704
          1629 1630 1706 1705 1630 1631 1707 1706 1631 1632 1708 1707
          1632 1633 1709 1708 1633 1634 1710 1709 1634 1635 1711 1710
          1635 1636 1712 1711 1636 1637 1713 1712 1637 1638 1714 1713
          1638 1639 1715 1714 1639 1640 1716 1715 1640 1641 1717 1716
          1641 1642 1718 1717 1642 1643 1719 1718 1643 1644 1720 1719
          1644 1645 1721 1720 1645 1646 1722 1721 1646 1647 1723 1722
          1647 1648 1724 1723 1648 1649 1725 1724 1649 1650 1726 1725
          1650 1651 1727 1726 1651 1652 1728 1727 1652 1653 1729 1728
          1653 1654 1730 1729 1654 1655 1731 1730 1655 1656 1732 1731
          1656 1657 1733 1732 1657 1658 1734 1733 1658 1659 1735 1734
          1659 1660 1736 1735 1660 1661 1737 1736 1661 1662 1738 1737
          1662 1663 1739 1738 1663 1664 1740 1739 1664 1665 1741 1740
          1665 1666 1742 1741 1666 1667 1743 1742 1667 1668 1744 1743
          1668 1669 1745 1744 1669 1670 1746 1745 1670 1671 1747 1746
          1672 1673 1749 1748 1673 1674 1750 1749 1674 1675 1751 1750
          1675 1676 1752 1751 1676 1677 1753 1752 1677 1678 1754 1753
          1678 1679 1755 1754 1679 1680 1756 1755 1680 1681 1757 1756
          1681 1682 1758 1757 1682 1683 1759 1758 1683 1684 1760 1759
          1684 1685 1761 1760 1685 1686 1762 1761 1686 1687 1763 1762
          1687 1688 1764 1763 1688 1689 1765 1764 1689 1690 1766 1765
          1690 1691 1767 1766 1691 1692 1768 1767 1692 1693 1769 1768
          1693 1694 1770 1769 1694 1695 1771 1770 1695 1696 1772 1771
          1696 1697 1773 1772 1697 1698 1774 1773 1698 1699 1775 1774
          1699 1700 1776 1775 1700 1701 1777 1776 1701 1702 1778 1777
          1702 1703 1779 1778 1703 1704 1780 1779 1704 1705 1781 1780
          1705 1706 1782 1781 1706 1707 1783 1782 1707 1708 1784 1783
          1708 1709 1785 1784 1709 1710 1786 1785 1710 1711 1787 1786
          1711 1712 1788 1787 1712 1713 1789 1788 1713 1714 1790 1789
          1714 1715 1791 1790 1715 1716 1792 1791 1716 1717 1793 1792
          1717 1718 1794 1793 1718 1719 1795 1794 1719 1720 1796 1795
          1720 1721 1797 1796 1721 1722 1798 1797 1722 1723 1799 1798
          1723 1724 1800 1799 1724 1725 1801 1800 1725 1726 1802 1801
          1726 1727 1803 1802 1727 1728 1804 1803 1728 1729 1805 1804
          1729 1730 1806 1805 1730 1731 1807 1806 1731 1732 1808 1807
          1732 1733 1809 1808 1733 1734 1810 1809 1734 1735 1811 1810
          1735 1736 1812 1811 1736 1737 1813 1812 1737 1738 1814 1813
          1738 1739 1815 1814 1739 1740 1816 1815 1740 1741 1817 1816
          1741 1742 1818 1817 1742 1743 1819 1818 1743 1744 1820 1819
          1744 1745 1821 1820 1745 1746 1822 1821 1746 1747 1823 1822
          1748 1749 1825 1824 1749 1750 1826 1825 1750 1751 1827 1826
          1751 1752 1828 1827 1752 1753 1829 1828 1753 1754 1830 1829
          1754 1755 1831 1830 1755 1756 1832 1831 1756 1757 1833 1832
          1757 1758 1834 1833 1758 1759 1835 1834 1759 1760 1836 1835
          1760 1761 1837 1836 1761 1762 1838 1837 1762 1763 1839 1838
          1763 1764 1840 1839 1764 1765 1841 1840 1765 1766 1842 1841
          1766 1767 1843 1842 1767 1768 1844 1843 1768 1769 1845 1844
          1769 1770 1846 1845 1770 1771 1847 1846 1771 1772 1848 1847
          1772 1773 1849 1848 1773 1774 1850 1849 1774 1775 1851 1850
          1775 1776 1852 1851 1776 1777 1853 1852 1777 1778 1854 1853
          1778 1779 1855 1854 1779 1780 1856 1855 1780 1781 1857 1856
          1781 1782 1858 1857 1782 1783 1859 1858 1783 1784 1860 1859
          1784 1785 1861 1860 1785 1786 1862 1861 1786 1787 1863 1862
          1787 1788 1864 1863 1788 1789 1865 1864 1789 1790 1866 1865
          1790 1791 1867 1866 1791 1792 1868 1867 1792 1793 1869 1868
          1793 1794 1870 1869 1794 1795 1871 1870 1795 1796 1872 1871
          1796 1797 1873 1872 1797 1798 1874 1873 1798 1799 1875 1874
          1799 1800 1876 1875 1800 1801 1877 1876 1801 1802 1878 1877
          1802 1803 1879 1878 1803 1804 1880 1879 1804 1805 1881 1880
          1805 1806 1882 1881 1806 1807 1883 1882 1807 1808 1884 1883
          1808 1809 1885 1884 1809 1810 1886 1885 1810 1811 1887 1886
          1811 1812 1888 1887 1812 1813 1889 1888 1813 1814 1890 1889
          1814 1815 1891 1890 1815 1816 1892 1891 1816 1817 1893 1892
          1817 1818 1894 1893 1818 1819 1895 1894 1819 1820 1896 1895
          1820 1821 1897 1896 1821 1822 1898 1897 1822 1823 1899 1898
          1824 1825 1901 1900 1825 1826 1902 1901 1826 1827 1903 1902
          1827 1828 1904 1903 1828 1829 1905 1904 1829 1830 1906 1905
          1830 1831 1907 1906 1831 1832 1908 1907 1832 1833 1909 1908
          1833 1834 1910 1909 1834 1835 1911 1910 1835 1836 1912 1911
          1836 1837 1913 1912 1837 1838 1914 1913 1838 1839 1915 1914
          1839 1840 1916 1915 1840 1841 1917 1916 1841 1842 1918 1917
          1842 1843 1919 1918 1843 1844 1920 1919 1844 1845 1921 1920
          1845 1846 1922 1921 1846 1847 1923 1922 1847 1848 1924 1923
          1848 1849 1925 1924 1849 1850 1926 1925 1850 1851 1927 1926
          1851 1852 1928 1927 1852 1853 1929 1928 1853 1854 1930 1929
          1854 1855 1931 1930 1855 1856 1932 1931 1856 1857 1933 1932
          1857 1858 1934 1933 1858 1859 1935 1934 1859 1860 1936 1935
          1860 1861 1937 1936 1861 1862 1938 1937 1862 1863 1939 1938
          1863 1864 1940 1939 1864 1865 1941 1940 1865 1866 1942 1941
          1866 1867 1943 1942 1867 1868 1944 1943 1868 1869 1945 1944
          1869 1870 1946 1945 1870 1871 1947 1946 1871 1872 1948 1947
          1872 1873 1949 1948 1873 1874 1950 1949 1874 1875 1951 1950
          1875 1876 1952 1951 1876 1877 1953 1952 1877 1878 1954 1953
          1878 1879 1955 1954 1879 1880 1956 1955 1880 1881 1957 1956
          1881 1882 1958 1957 1882 1883 1959 1958 1883 1884 1960 1959
          1884 1885 1961 1960 1885 1886 1962 1961 1886 1887 1963 1962
          1887 1888 1964 1963 1888 1889 1965 1964 1889 1890 1966 1965
          1890 1891 1967 1966 1891 1892 1968 1967 1892 1893 1969 1968
          1893 1894 1970 1969 1894 1895 1971 1970 1895 1896 1972 1971
          1896 1897 1973 1972 1897 1898 1974 1973 1898 1899 1975 1974
          1900 1901 1977 1976 1901 1902 1978 1977 1902 1903 1979 1978
          1903 1904 1980 1979 1904 1905 1981 1980 1905 1906 1982 1981
          1906 1907 1983 1982 1907 1908 1984 1983 1908 1909 1985 1984
          1909 1910 1986 1985 1910 1911 1987 1986 1911 1912 1988 1987
          1912 1913 1989 1988 1913 1914 1990 1989 1914 1915 1991 1990
          1915 1916 1992 1991 1916 1917 1993 1992 1917 1918 1994 1993
          1918 1919 1995 1994 1919 1920 1996 1995 1920 1921 1997 1996
          1921 1922 1998 1997 1922 1923 1999 1998 1923 1924 2000 1999
          1924 1925 2001 2000 1925 1926 2002 2001 1926 1927 2003 2002
          1927 1928 2004 2003 1928 1929 2005 2004 1929 1930 2006 2005
          1930 1931 2007 2006 1931 1932 2008 2007 1932 1933 2009 2008
          1933 1934 2010 2009 1934 1935 2011 2010 1935 1936 2012 2011
          1936 1937 2013 2012 1937 1938 2014 2013 1938 1939 2015 2014
          1939 1940 2016 2015 1940 1941 2017 2016 1941 1942 2018 2017
          1942 1943 2019 2018 1943 1944 2020 2019 1944 1945 2021 2020
          1945 1946 2022 2021 1946 1947 2023 2022 1947 1948 2024 2023
          1948 1949 2025 2024 1949 1950 2026 2025 1950 1951 2027 2026
          1951 1952 2028 2027 1952 1953 2029 2028 1953 1954 2030 2029
          1954 1955 2031 2030 1955 1956 2032 2031 1956 1957 2033 2032
          1957 1958 2034 2033 1958 1959 2035 2034 1959 1960 2036 2035
          1960 1961 2037 2036 1961 1962 2038 2037 1962 1963 2039 2038
          1963 1964 2040 2039 1964 1965 2041 2040 1965 1966 2042 2041
          1966 1967 2043 2042 1967 1968 2044 2043 1968 1969 2045 2044
          1969 1970 2046 2045 1970 1971 2047 2046 1971 1972 2048 2047
          1972 1973 2049 2048 1973 1974 2050 2049 1974 1975 2051 2050
          1976 1977 2053 2052 1977 1978 2054 2053 1978 1979 2055 2054
          1979 1980 2056 2055 1980 1981 2057 2056 1981 1982 2058 2057
          1982 1983 2059 2058 1983 1984 2060 2059 1984 1985 2061 2060
          1985 1986 2062 2061 1986 1987 2063 2062 1987 1988 2064 2063
          1988 1989 2065 2064 1989 1990 2066 2065 1990 1991 2067 2066
          1991 1992 2068 2067 1992 1993 2069 2068 1993 1994 2070 2069
          1994 1995 2071 2070 1995 1996 2072 2071 1996 1997 2073 2072
          1997 1998 2074 2073 1998 1999 2075 2074 1999 2000 2076 2075
          2000 2001 2077 2076 2001 2002 2078 2077 2002 2003 2079 2078
          2003 2004 2080 2079 2004 2005 2081 2080 2005 2006 2082 2081
          2006 2007 2083 2082 2007 2008 2084 2083 2008 2009 2085 2084
          2009 2010 2086 2085 2010 2011 2087 2086 2011 2012 2088 2087
          2012 2013 2089 2088 2013 2014 2090 2089 2014 2015 2091 2090
          2015 2016 2092 2091 2016 2017 2093 2092 2017 2018 2094 2093
          2018 2019 2095 2094 2019 2020 2096 2095 2020 2021 2097 2096
          2021 2022 2098 2097 2022 2023 2099 2098 2023 2024 2100 2099
          2024 2025 2101 2100 2025 2026 2102 2101 2026 2027 2103 2102
          2027 2028 2104 2103 2028 2029 2105 2104 2029 2030 2106 2105
          2030 2031 2107 2106 2031 2032 2108 2107 2032 2033 2109 2108
          2033 2034 2110 2109 2034 2035 2111 2110 2035 2036 2112 2111
          2036 2037 2113 2112 2037 2038 2114 2113 2038 2039 2115 2114
          2039 2040 2116 2115 2040 2041 2117 2116 2041 2042 2118 2117
          2042 2043 2119 2118 2043 2044 2120 2119 2044 2045 2121 2120
          2045 2046 2122 2121 2046 2047 2123 2122 2047 2048 2124 2123
          2048 2049 2125 2124 2049 2050 2126 2125 2050 2051 2127 2126
          2052 2053 2129 2128 2053 2054 2130 2129 2054 2055 2131 2130
          2055 2056 2132 2131 2056 2057 2133 2132 2057 2058 2134 2133
          2058 2059 2135 2134 2059 2060 2136 2135 2060 2061 2137 2136
          2061 2062 2138 2137 2062 2063 2139 2138 2063 2064 2140 2139
          2064 2065 2141 2140 2065 2066 2142 2141 2066 2067 2143 2142
          2067 2068 2144 2143 2068 2069 2145 2144 2069 2070 2146 2145
          2070 2071 2147 2146 2071 2072 2148 2147 2072 2073 2149 2148
          2073 2074 2150 2149 2074 2075 2151 2150 2075 2076 2152 2151
          2076 2077 2153 2152 2077 2078 2154 2153 2078 2079 2155 2154
          2079 2080 2156 2155 2080 2081 2157 2156 2081 2082 2158 2157
          2082 2083 2159 2158 2083 2084 2160 2159 2084 2085 2161 2160
          2085 2086 2162 2161 2086 2087 2163 2162 2087 2088 2164 2163
          2088 2089 2165 2164 2089 2090 2166 2165 2090 2091 2167 2166
          2091 2092 2168 2167 2092 2093 2169 2168 2093 2094 2170 2169
          2094 2095 2171 2170 2095 2096 2172 2171 2096 2097 2173 2172
          2097 2098 2174 2173 2098 2099 2175 2174 2099 2100 2176 2175
          2100 2101 2177 2176 2101 2102 2178 2177 2102 2103 2179 2178
          2103 2104 2180 2179 2104 2105 2181 2180 2105 2106 2182 2181
          2106 2107 2183 2182 2107 2108 2184 2183 2108 2109 2185 2184
          2109 2110 2186 2185 2110 2111 2187 2186 2111 2112 2188 2187
          2112 2113 2189 2188 2113 2114 2190 2189 2114 2115 2191 2190
          2115 2116 2192 2191 2116 2117 2193 2192 2117 2118 2194 2193
          2118 2119 2195 2194 2119 2120 2196 2195 2120 2121 2197 2196
          2121 2122 2198 2197 2122 2123 2199 2198 2123 2124 2200 2199
          2124 2125 2201 2200 2125 2126 2202 2201 2126 2127 2203 2202
          2128 2129 2205 2204 2129 2130 2206 2205 2130 2131 2207 2206
          2131 2132 2208 2207 2132 2133 2209 2208 2133 2134 2210 2209
          2134 2135 2211 2210 2135 2136 2212 2211 2136 2137 2213 2212
          2137 2138 2214 2213 2138 2139 2215 2214 2139 2140 2216 2215
          2140 2141 2217 2216 2141 2142 2218 2217 2142 2143 2219 2218
          2143 2144 2220 2219 2144 2145 2221 2220 2145 2146 2222 2221
          2146 2147 2223 2222 2147 2148 2224 2223 2148 2149 2225 2224
          2149 2150 2226 2225 2150 2151 2227 2226 2151 2152 2228 2227
          2152 2153 2229 2228 2153 2154 2230 2229 2154 2155 2231 2230
          2155 2156 2232 2231 2156 2157 2233 2232 2157 2158 2234 2233
          2158 2159 2235 2234 2159 2160 2236 2235 2160 2161 2237 2236
          2161 2162 2238 2237 2162 2163 2239 2238 2163 2164 2240 2239
          2164 2165 2241 2240 2165 2166 2242 2241 2166 2167 2243 2242
          2167 2168 2244 2243 2168 2169 2245 2244 2169 2170 2246 2245
          2170 2171 2247 2246 2171 2172 2248 2247 2172 2173 2249 2248
          2173 2174 2250 2249 2174 2175 2251 2250 2175 2176 2252 2251
          2176 2177 2253 2252 2177 2178 2254 2253 2178 2179 2255 2254
          2179 2180 2256 2255 2180 2181 2257 2256 2181 2182 2258 2257
          2182 2183 2259 2258 2183 2184 2260 2259 2184 2185 2261 2260
          2185 2186 2262 2261 2186 2187 2263 2262 2187 2188 2264 2263
          2188 2189 2265 2264 2189 2190 2266 2265 2190 2191 2267 2266
          2191 2192 2268 2267 2192 2193 2269 2268 2193 2194 2270 2269
          2194 2195 2271 2270 2195 2196 2272 2271 2196 2197 2273 2272
          2197 2198 2274 2273 2198 2199 2275 2274 2199 2200 2276 2275
          2200 2201 2277 2276 2201 2202 2278 2277 2202 2203 2279 2278
          2204 2205 2281 2280 2205 2206 2282 2281 2206 2207 2283 2282
          2207 2208 2284 2283 2208 2209 2285 2284 2209 2210 2286 2285
          2210 2211 2287 2286 2211 2212 2288 2287 2212 2213 2289 2288
          2213 2214 2290 2289 2214 2215 2291 2290 2215 2216 2292 2291
          2216 2217 2293 2292 2217 2218 2294 2293 2218 2219 2295 2294
          2219 2220 2296 2295 2220 2221 2297 2296 2221 2222 2298 2297
          2222 2223 2299 2298 2223 2224 2300 2299 2224 2225 2301 2300
          2225 2226 2302 2301 2226 2227 2303 2302 2227 2228 2304 2303
          2228 2229 2305 2304 2229 2230 2306 2305 2230 2231 2307 2306
          2231 2232 2308 2307 2232 2233 2309 2308 2233 2234 2310 2309
          2234 2235 2311 2310 2235 2236 2312 2311 2236 2237 2313 2312
          2237 2238 2314 2313 2238 2239 2315 2314 2239 2240 2316 2315
          2240 2241 2317 2316 2241 2242 2318 2317 2242 2243 2319 2318
          2243 2244 2320 2319 2244 2245 2321 2320 2245 2246 2322 2321
          2246 2247 2323 2322 2247 2248 2324 2323 2248 2249 2325 2324
          2249 2250 2326 2325 2250 2251 2327 2326 2251 2252 2328 2327
          2252 2253 2329 2328 2253 2254 2330 2329 2254 2255 2331 2330
          2255 2256 2332 2331 2256 2257 2333 2332 2257 2258 2334 2333
          2258 2259 2335 2334 2259 2260 2336 2335 2260 2261 2337 2336
          2261 2262 2338 2337 2262 2263 2339 2338 2263 2264 2340 2339
          2264 2265 2341 2340 2265 2266 2342 2341 2266 2267 2343 2342
          2267 2268 2344 2343 2268 2269 2345 2344 2269 2270 2346 2345
          2270 2271 2347 2346 2271 2272 2348 2347 2272 2273 2349 2348
          2273 2274 2350 2349 2274 2275 2351 2350 2275 2276 2352 2351
          2276 2277 2353 2352 2277 2278 2354 2353 2278 2279 2355 2354
        </DataArray>
        <DataArray type="Int32" Name="offsets" NumberOfComponents="1" format="ascii">
          4 8 12 16 20 24 28 32 36 40 44 48
          52 56 60 64 68 72 76 80 84 88 92 96
          100 104 108 112 116 120 124 128 132 136 140 144
          148 152 156 160 164 168 172 176 180 184 188 192
          196 200 204 208 212 216 220 224 228 232 236 240
          244 248 252 256 260 264 268 272 276 280 284 288
          292 296 300 304 308 312 316 320 324 328 332 336
          340 344 348 352 356 360 364 368 372 376 380 384
          388 392 396 400 404 408 412 416 420 424 428 432
          436 440 444 448 452 456 460 464 468 472 476 480
          484 488 492 496 500 504 508 512 516 520 524 528
          532 536 540 544 548 552 556 560 564 568 572 576
          580 584 588 592 596 600 604 608 612 616 620 624
          628 632 636 640 644 648 652 656 660 664 668 672
          676 680 684 688 692 696 700 704 708 712 716 720
          724 728 732 736 740 744 748 752 756 760 764 768
          772 776 780 784 788 792 796 800 804 808 812 816
          820 824 828 832 836 840 844 848 852 856 860 864
          868 872 876 880 884 888 892 896 900 904 908 912
          916 920 924 928 932 936 940 944 948 952 956 960
          964 968 972 976 980 984 988 992 996 1000 1004 1008
          1012 1016 1020 1024 1028 1032 1036 1040 1044 1048 1052 1056
          1060 1064 1068 1072 1076 1080 1084 1088 1092 1096 1100 1104
          1108 1112 1116 1120 1124 1128 1132 1136 1140 1144 1148 1152
          1156 1160 1164 1168 1172 1176 1180 1184 1188 1192 1196 1200
          1204 1208 1212 1216 1220 1224 1228 1232 1236 1240 1244 1248
          1252 1256 1260 1264 1268 1272 1276 1280 1284 1288 1292 1296
          1300 1304 1308 1312 1316 1320 1324 1328 1332 1336 1340 1344
          1348 1352 1356 1360 1364 1368 1372 1376 1380 1384 1388 1392
          1396 1400 1404 1408 1412 1416 1420 1424 1428 1432 1436 1440
          1444 1448 1452 1456 1460 1464 1468 1472 1476 1480 1484 1488
          1492 1496 1500 1504 1508 1512 1516 1520 1524 1528 1532 1536
          1540 1544 1548 1552 1556 1560 1564 1568 1572 1576 1580 1584
          1588 1592 1596 1600 1604 1608 1612 1616 1620 1624 1628 1632
          1636 1640 1644 1648 1652 1656 1660 1664 1668 1672 1676 1680
          1684 1688 1692 1696 1700 1704 1708 1712 1716 1720 1724 1728
          1732 1736 1740 1744 1748 1752 1756 1760 1764 1768 1772 1776
          1780 1784 1788 1792 1796 1800 1804 1808 1812 1816 1820 1824
          1828 1832 1836 1840 1844 1848 1852 1856 1860 1864 1868 1872
          1876 1880 1884 1888 1892 1896 1900 1904 1908 1912 1916 1920
          1924 1928 1932 1936 1940 1944 1948 1952 1956 1960 1964 1968
          1972 1976 1980 1984 1988 1992 1996 2000 2004 2008 2012 2016
          2020 2024 2028 2032 2036 2040 2044 2048 2052 2056 2060 2064
          2068 2072 2076 2080 2084 2088 2092 2096 2100 2104 2108 2112
          2116 2120 2124 2128 2132 2136 2140 2144 2148 2152 2156 2160
          2164 2168 2172 2176 2180 2184 2188 2192 2196 2200 2204 2208
          2212 2216 2220 2224 2228 2232 2236 2240 2244 2248 2252 2256
          2260 2264 2268 2272 2276 2280 2284 2288 2292 2296 2300 2304
          2308 2312 2316 2320 2324 2328 2332 2336 2340 2344 2348 2352
          2356 2360 2364 2368 2372 2376 2380 2384 2388 2392 2396 2400
          2404 2408 2412 2416 2420 2424 2428 2432 2436 2440 2444 2448
          2452 2456 2460 2464 2468 2472 2476 2480 2484 2488 2492 2496
          2500 2504 2508 2512 2516 2520 2524 2528 2532 2536 2540 2544
          2548 2552 2556 2560 2564 2568 2572 2576 2580 2584 2588 2592
          2596 2600 2604 2608 2612 2616 2620 2624 2628 2632 2636 2640
          2644 2648 2652 2656 2660 2664 2668 2672 2676 2680 2684 2688
          2692 2696 2700 2704 2708 2712 2716 2720 2724 2728 2732 2736
          2740 2744 2748 2752 2756 2760 2764 2768 2772 2776 2780 2784
          2788 2792 2796 2800 2804 2808 2812 2816 2820 2824 2828 2832
          2836 2840 2844 2848 2852 2856 2860 2864 2868 2872 2876 2880
          2884 2888 2892 2896 2900 2904 2908 2912 2916 2920 2924 2928
          2932 2936 2940 2944 2948 2952 2956 2960 2964 2968 2972 2976
          2980 2984 2988 2992 2996 3000 3004 3008 3012 3016 3020 3024
          3028 3032 3036 3040 3044 3048 3052 3056 3060 3064 3068 3072
          3076 3080 3084 3088 3092 3096 3100 3104 3108 3112 3116 3120
          3124 3128 3132 3136 3140 3144 3148 3152 3156 3160 3164 3168
          3172 3176 3180 3184 3188 3192 3196 3200 3204 3208 3212 3216
          3220 3224 3228 3232 3236 3240 3244 3248 3252 3256 3260 3264
          3268 3272 3276 3280 3284 3288 3292 3296 3300 3304 3308 3312
          3316 3320 3324 3328 3332 3336 3340 3344 3348 3352 3356 3360
          3364 3368 3372 3376 3380 3384 3388 3392 3396 3400 3404 3408
          3412 3416 3420 3424 3428 3432 3436 3440 3444 3448 3452 3456
          3460 3464 3468 3472 3476 3480 3484 3488 3492 3496 3500 3504
          3508 3512 3516 3520 3524 3528 3532 3536 3540 3544 3548 3552
          3556 3560 3564 3568 3572 3576 3580 3584 3588 3592 3596 3600
          3604 3608 3612 3616 3620 3624 3628 3632 3636 3640 3644 3648
          3652 3656 3660 3664 3668 3672 3676 3680 3684 3688 3692 3696
          3700 3704 3708 3712 3716 3720 3724 3728 3732 3736 3740 3744
          3748 3752 3756 3760 3764 3768 3772 3776 3780 3784 3788 3792
          3796 3800 3804 3808 3812 3816 3820 3824 3828 3832 3836 3840
          3844 3848 3852 3856 3860 3864 3868 3872 3876 3880 3884 3888
          3892 3896 3900 3904 3908 3912 3916 3920 3924 3928 3932 3936
          3940 3944 3948 3952 3956 3960 3964 3968 3972 3976 3980 3984
          3988 3992 3996 4000 4004 4008 4012 4016 4020 4024 4028 4032
          4036 4040 4044 4048 4052 4056 4060 4064 4068 4072 4076 4080
          4084 4088 4092 4096 4100 4104 4108 4112 4116 4120 4124 4128
          4132 4136 4140 4144 4148 4152 4156 4160 4164 4168 4172 4176
          4180 4184 4188 4192 4196 4200 4204 4208 4212 4216 4220 4224
          4228 4232 4236 4240 4244 4248 4252 4256 4260 4264 4268 4272
          4276 4280 4284 4288 4292 4296 4300 4304 4308 4312 4316 4320
          4324 4328 4332 4336 4340 4344 4348 4352 4356 4360 4364 4368
          4372 4376 4380 4384 4388 4392 4396 4400 4404 4408 4412 4416
          4420 4424 4428 4432 4436 4440 4444 4448 4452 4456 4460 4464
          4468 4472 4476 4480 4484 4488 4492 4496 4500 4504 4508 4512
          4516 4520 4524 4528 4532 4536 4540 4544 4548 4552 4556 4560
          4564 4568 4572 4576 4580 4584 4588 4592 4596 4600 4604 4608
          4612 4616 4620 4624 4628 4632 4636 4640 4644 4648 4652 4656
          4660 4664 4668 4672 4676 4680 4684 4688 4692 4696 4700 4704
          4708 4712 4716 4720 4724 4728 4732 4736 4740 4744 4748 4752
          4756 4760 4764 4768 4772 4776 4780 4784 4788 4792 4796 4800
          4804 4808 4812 4816 4820 4824 4828 4832 4836 4840 4844 4848
          4852 4856 4860 4864 4868 4872 4876 4880 4884 4888 4892 4896
          4900 4904 4908 4912 4916 4920 4924 4928 4932 4936 4940 4944
          4948 4952 4956 4960 4964 4968 4972 4976 4980 4984 4988 4992
          4996 5000 5004 5008 5012 5016 5020 5024 5028 5032 5036 5040
          5044 5048 5052 5056 5060 5064 5068 5072 5076 5080 5084 5088
          5092 5096 5100 5104 5108 5112 5116 5120 5124 5128 5132 5136
          5140 5144 5148 5152 5156 5160 5164 5168 5172 5176 5180 5184
          5188 5192 5196 5200 5204 5208 5212 5216 5220 5224 5228 5232
          5236 5240 5244 5248 5252 5256 5260 5264 5268 5272 5276 5280
          5284 5288 5292 5296 5300 5304 5308 5312 5316 5320 5324 5328
          5332 5336 5340 5344 5348 5352 5356 5360 5364 5368 5372 5376
          5380 5384 5388 5392 5396 5400 5404 5408 5412 5416 5420 5424
          5428 5432 5436 5440 5444 5448 5452 5456 5460 5464 5468 5472
          5476 5480 5484 5488 5492 5496 5500 5504 5508 5512 5516 5520
          5524 5528 5532 5536 5540 5544 5548 5552 5556 5560 5564 5568
          5572 5576 5580 5584 5588 5592 5596 5600 5604 5608 5612 5616
          5620 5624 5628 5632 5636 5640 5644 5648 5652 5656 5660 5664
          5668 5672 5676 5680 5684 5688 5692 5696 5700 5704 5708 5712
          5716 5720 5724 5728 5732 5736 5740 5744 5748 5752 5756 5760
          5764 5768 5772 5776 5780 5784 5788 5792 5796 5800 5804 5808
          5812 5816 5820 5824 5828 5832 5836 5840 5844 5848 5852 5856
          5860 5864 5868 5872 5876 5880 5884 5888 5892 5896 5900 5904
          5908 5912 5916 5920 5924 5928 5932 5936 5940 5944 5948 5952
          5956 5960 5964 5968 5972 5976 5980 5984 5988 5992 5996 6000
          6004 6008 6012 6016 6020 6024 6028 6032 6036 6040 6044 6048
          6052 6056 6060 6064 6068 6072 6076 6080 6084 6088 6092 6096
          6100 6104 6108 6112 6116 6120 6124 6128 6132 6136 6140 6144
          6148 6152 6156 6160 6164 6168 6172 6176 6180 6184 6188 6192
          6196 6200 6204 6208 6212 6216 6220 6224 6228 6232 6236 6240
          6244 6248 6252 6256 6260 6264 6268 6272 6276 6280 6284 6288
          6292 6296 6300 6304 6308 6312 6316 6320 6324 6328 6332 6336
          6340 6344 6348 6352 6356 6360 6364 6368 6372 6376 6380 6384
          6388 6392 6396 6400 6404 6408 6412 6416 6420 6424 6428 6432
          6436 6440 6444 6448 6452 6456 6460 6464 6468 6472 6476 6480
          6484 6488 6492 6496 6500 6504 6508 6512 6516 6520 6524 6528
          6532 6536 6540 6544 6548 6552 6556 6560 6564 6568 6572 6576
          6580 6584 6588 6592 6596 6600 6604 6608 6612 6616 6620 6624
          6628 6632 6636 6640 6644 6648 6652 6656 6660 6664 6668 6672
          6676 6680 6684 6688 6692 6696 6700 6704 6708 6712 6716 6720
          6724 6728 6732 6736 6740 6744 6748 6752 6756 6760 6764 6768
          6772 6776 6780 6784 6788 6792 6796 6800 6804 6808 6812 6816
          6820 6824 6828 6832 6836 6840 6844 6848 6852 6856 6860 6864
          6868 6872 6876 6880 6884 6888 6892 6896 6900 6904 6908 6912
          6916 6920 6924 6928 6932 6936 6940 6944 6948 6952 6956 6960
          6964 6968 6972 6976 6980 6984 6988 6992 6996 7000 7004 7008
          7012 7016 7020 7024 7028 7032 7036 7040 7044 7048 7052 7056
          7060 7064 7068 7072 7076 7080 7084 7088 7092 7096 7100 7104
          7108 7112 7116 7120 7124 7128 7132 7136 7140 7144 7148 7152
          7156 7160 7164 7168 7172 7176 7180 7184 7188 7192 7196 7200
          7204 7208 7212 7216 7220 7224 7228 7232 7236 7240 7244 7248
          7252 7256 7260 7264 7268 7272 7276 7280 7284 7288 7292 7296
          7300 7304 7308 7312 7316 7320 7324 7328 7332 7336 7340 7344
          7348 7352 7356 7360 7364 7368 7372 7376 7380 7384 7388 7392
          7396 7400 7404 7408 7412 7416 7420 7424 7428 7432 7436 7440
          7444 7448 7452 7456 7460 7464 7468 7472 7476 7480 7484 7488
          7492 7496 7500 7504 7508 7512 7516 7520 7524 7528 7532 7536
          7540 7544 7548 7552 7556 7560 7564 7568 7572 7576 7580 7584
          7588 7592 7596 7600 7604 7608 7612 7616 7620 7624 7628 7632
          7636 7640 7644 7648 7652 7656 7660 7664 7668 7672 7676 7680
          7684 7688 7692 7696 7700 7704 7708 7712 7716 7720 7724 7728
          7732 7736 7740 7744 7748 7752 7756 7760 7764 7768 7772 7776
          7780 7784 7788 7792 7796 7800 7804 7808 7812 7816 7820 7824
          7828 7832 7836 7840 7844 7848 7852 7856 7860 7864 7868 7872
          7876 7880 7884 7888 7892 7896 7900 7904 7908 7912 7916 7920
          7924 7928 7932 7936 7940 7944 7948 7952 7956 7960 7964 7968
          7972 7976 7980 7984 7988 7992 7996 8000 8004 8008 8012 8016
          8020 8024 8028 8032 8036 8040 8044 8048 8052 8056 8060 8064
          8068 8072 8076 8080 8084 8088 8092 8096 8100 8104 8108 8112
          8116 8120 8124 8128 8132 8136 8140 8144 8148 8152 8156 8160
          8164 8168 8172 8176 8180 8184 8188 8192 8196 8200 8204 8208
          8212 8216 8220 8224 8228 8232 8236 8240 8244 8248 8252 8256
          8260 8264 8268 8272 8276 8280 8284 8288 8292 8296 8300 8304
          8308 8312 8316 8320 8324 8328 8332 8336 8340 8344 8348 8352
          8356 8360 8364 8368 8372 8376 8380 8384 8388 8392 8396 8400
          8404 8408 8412 8416 8420 8424 8428 8432 8436 8440 8444 8448
          8452 8456 8460 8464 8468 8472 8476 8480 8484 8488 8492 8496
          8500 8504 8508 8512 8516 8520 8524 8528 8532 8536 8540 8544
          8548 8552 8556 8560 8564 8568 8572 8576 8580 8584 8588 8592
          8596 8600 8604 8608 8612 8616 8620 8624 8628 8632 8636 8640
          8644 8648 8652 8656 8660 8664 8668 8672 8676 8680 8684 8688
          8692 8696 8700 8704 8708 8712 8716 8720 8724 8728 8732 8736
          8740 8744 8748 8752 8756 8760 8764 8768 8772 8776 8780 8784
          8788 8792 8796 8800 8804 8808 8812 8816 8820 8824 8828 8832
          8836 8840 8844 8848 8852 8856 8860 8864 8868 8872 8876 8880
          8884 8888 8892 8896 8900 8904 8908 8912 8916 8920 8924 8928
          8932 8936 8940 8944 8948 8952 8956 8960 8964 8968 8972 8976
          8980 8984 8988 8992 8996 9000
        </DataArray>
        <DataArray type="UInt8" Name="types" NumberOfComponents="1" format="ascii">
          9 9 9 9 9 9 9 9 9 9 9 9
          9 9 9 9 9 9 9 9 9 9 9 9
          9 9 9 9 9 9 9 9 9 9 9 9
          9 9 9 9 9 9 9 9 9 9 9 9
          9 9 9 9 9 9 9 9 9 9 9 9
          9 9 9 9 9 9 9 9 9 9 9 9
          9 9 9 9 9 9 9 9 9 9 9 9
          9 9 9 9 9 9 9 9 9 9 9 9
          9 9 9 9 9 9 9 9 9 9 9 9
          9 9 9 9 9 9 9 9 9 9 9 9
          9 9 9 9 9 9 9 9 9 9 9 9
          9 9 9 9 9 9 9 9 9 9 9 9
          9 9 9 9 9 9 9 9 9 9 9 9
          9 9 9 9 9 9 9 9 9 9 9 9
          9 9 9 9 9 9 9 9 9 9 9 9
          9 9 9 9 9 9 9 9 9 9 9 9
          9 9 9 9 9 9 9 9 9 9 9 9
          9 9 9 9 9 9 9 9 9 9 9 9
          9 9 9 9 9 9 9 9 9 9 9 9
          9 9 9 9 9 9 9 9 9 9 9 9
          9 9 9 9 9 9 9 9 9 9 9 9
          9 9 9 9 9 9 9 9 9 9 9 9
          9 9 9 9 9 9 9 9 9 9 9 9
          9 9 9 9 9 9 9 9 9 9 9 9
          9 9 9 9 9 9 9 9 9 9 9 9
          9 9 9 9 9 9 9 9 9 9 9 9
          9 9 9 9 9 9 9 9 9 9 9 9
          9 9 9 9 9 9 9 9 9 9 9 9
          9 9 9 9 9 9 9 9 9 9 9 9
          9 9 9 9 9 9 9 9 9 9 9 9
          9 9 9 9 9 9 9 9 9 9 9 9
          9 9 9 9 9 9 9 9 9 9 9 9
          9 9 9 9 9 9 9 9 9 9 9 9
          9 9 9 9 9 9 9 9 9 9 9 9
          9 9 9 9 9 9 9 9 9 9 9 9
          9 9 9 9 9 9 9 9 9 9 9 9
          9 9 9 9 9 9 9 9 9 9 9 9
          9 9 9 9 9 9 9 9 9 9 9 9
          9 9 9 9 9 9 9 9 9 9 9 9
          9 9 9 9 9 9 9 9 9 9 9 9
          9 9 9 9 9 9 9 9 9 9 9 9
          9 9 9 9 9 9 9 9 9 9 9 9
          9 9 9 9 9 9 9 9 9 9 9 9
          9 9 9 9 9 9 9 9 9 9 9 9
          9 9 9 9 9 9 9 9 9 9 9 9
          9 9 9 9 9 9 9 9 9 9 9 9
          9 9 9 9 9 9 9 9 9 9 9 9
          9 9 9 9 9 9 9 9 9 9 9 9
          9 9 9 9 9 9 9 9 9 9 9 9
          9 9 9 9 9 9 9 9 9 9 9 9
          9 9 9 9 9 9 9 9 9 9 9 9
          9 9 9 9 9 9 9 9 9 9 9 9
          9 9 9 9 9 9 9 9 9 9 9 9
          9 9 9 9 9 9 9 9 9 9 9 9
          9 9 9 9 9 9 9 9 9 9 9 9
          9 9 9 9 9 9 9 9 9 9 9 9
          9 9 9 9 9 9 9 9 9 9 9 9
          9 9 9 9 9 9 9 9 9 9 9 9
          9 9 9 9 9 9 9 9 9 9 9 9
          9 9 9 9 9 9 9 9 9 9 9 9
          9 9 9 9 9 9 9 9 9 9 9 9
          9 9 9 9 9 9 9 9 9 9 9 9
          9 9 9 9 9 9 9 9 9 9 9 9
          9 9 9 9 9 9 9 9 9 9 9 9
          9 9 9 9 9 9 9 9 9 9 9 9
          9 9 9 9 9 9 9 9 9 9 9 9
          9 9 9 9 9 9 9 9 9 9 9 9
          9 9 9 9 9 9 9 9 9 9 9 9
          9 9 9 9 9 9 9 9 9 9 9 9
          9 9 9 9 9 9 9 9 9 9 9 9
          9 9 9 9 9 9 9 9 9 9 9 9
          9 9 9 9 9 9 9 9 9 9 9 9
          9 9 9 9 9 9 9 9 9 9 9 9
          9 9 9 9 9 9 9 9 9 9 9 9
          9 9 9 9 9 9 9 9 9 9 9 9
          9 9 9 9 9 9 9 9 9 9 9 9
          9 9 9 9 9 9 9 9 9 9 9 9
          9 9 9 9 9 9 9 9 9 9 9 9
          9 9 9 9 9 9 9 9 9 9 9 9
          9 9 9 9 9 9 9 9 9 9 9 9
          9 9 9 9 9 9 9 9 9 9 9 9
          9 9 9 9 9 9 9 9 9 9 9 9
          9 9 9 9 9 9 9 9 9 9 9 9
          9 9 9 9 9 9 9 9 9 9 9 9
          9 9 9 9 9 9 9 9 9 9 9 9
          9 9 9 9 9 9 9 9 9 9 9 9
          9 9 9 9 9 9 9 9 9 9 9 9
          9 9 9 9 9 9 9 9 9 9 9 9
          9 9 9 9 9 9 9 9 9 9 9 9
          9 9 9 9 9 9 9 9 9 9 9 9
          9 9 9 9 9 9 9 9 9 9 9 9
          9 9 9 9 9 9 9 9 9 9 9 9
          9 9 9 9 9 9 9 9 9 9 9 9
          9 9 9 9 9 9 9 9 9 9 9 9
          9 9 9 9 9 9 9 9 9 9 9 9
          9 9 9 9 9 9 9 9 9 9 9 9
          9 9 9 9 9 9 9 9 9 9 9 9
          9 9 9 9 9 9 9 9 9 9 9 9
          9 9 9 9 9 9 9 9 9 9 9 9
          9 9 9 9 9 9 9 9 9 9 9 9
          9 9 9 9 9 9 9 9 9 9 9 9
          9 9 9 9 9 9 9 9 9 9 9 9
          9 9 9 9 9 9 9 9 9 9 9 9
          9 9 9 9 9 9 9 9 9 9 9 9
          9 9 9 9 9 9 9 9 9 9 9 9
          9 9 9 9 9 9 9 9 9 9 9 9
          9 9 9 9 9 9 9 9 9 9 9 9
          9 9 9 9 9 9 9 9 9 9 9 9
          9 9 9 9 9 9 9 9 9 9 9 9
          9 9 9 9 9 9 9 9 9 9 9 9
          9 9 9 9 9 9 9 9 9 9 9 9
          9 9 9 9 9 9 9 9 9 9 9 9
          9 9 9 9 9 9 9 9 9 9 9 9
          9 9 9 9 9 9 9 9 9 9 9 9
          9 9 9 9 9 9 9 9 9 9 9 9
          9 9 9 9 9 9 9 9 9 9 9 9
          9 9 9 9 9 9 9 9 9 9 9 9
          9 9 9 9 9 9 9 9 9 9 9 9
          9 9 9 9 9 9 9 9 9 9 9 9
          9 9 9 9 9 9 9 9 9 9 9 9
          9 9 9 9 9 9 9 9 9 9 9 9
          9 9 9 9 9 9 9 9 9 9 9 9
          9 9 9 9 9 9 9 9 9 9 9 9
          9 9 9 9 9 9 9 9 9 9 9 9
          9 9 9 9 9 9 9 9 9 9 9 9
          9 9 9 9 9 9 9 9 9 9 9 9
          9 9 9 9 9 9 9 9 9 9 9 9
          9 9 9 9 9 9 9 9 9 9 9 9
          9 9 9 9 9 9 9 9 9 9 9 9
          9 9 9 9 9 9 9 9 9 9 9 9
          9 9 9 9 9 9 9 9 9 9 9 9
          9 9 9 9 9 9 9 9 9 9 9 9
          9 9 9 9 9 9 9 9 9 9 9 9
          9 9 9 9 9 9 9 9 9 9 9 9
          9 9 9 9 9 9 9 9 9 9 9 9
          9 9 9 9 9 9 9 9 9 9 9 9
          9 9 9 9 9 9 9 9 9 9 9 9
          9 9 9 9 9 9 9 9 9 9 9 9
          9 9 9 9 9 9 9 9 9 9 9 9
          9 9 9 9 9 9 9 9 9 9 9 9
          9 9 9 9 9 9 9 9 9 9 9 9
          9 9 9 9 9 9 9 9 9 9 9 9
          9 9 9 9 9 9 9 9 9 9 9 9
          9 9 9 9 9 9 9 9 9 9 9 9
          9 9 9 9 9 9 9 9 9 9 9 9
          9 9 9 9 9 9 9 9 9 9 9 9
          9 9 9 9 9 9 9 9 9 9 9 9
          9 9 9 9 9 9 9 9 9 9 9 9
          9 9 9 9 9 9 9 9 9 9 9 9
          9 9 9 9 9 9 9 9 9 9 9 9
          9 9 9 9 9 9 9 9 9 9 9 9
          9 9 9 9 9 9 9 9 9 9 9 9
          9 9 9 9 9 9 9 9 9 9 9 9
          9 9 9 9 9 9 9 9 9 9 9 9
          9 9 9 9 9 9 9 9 9 9 9 9
          9 9 9 9 9 9 9 9 9 9 9 9
          9 9 9 9 9 9 9 9 9 9 9 9
          9 9 9 9 9 9 9 9 9 9 9 9
          9 9 9 9 9 9 9 9 9 9 9 9
          9 9 9 9 9 9 9 9 9 9 9 9
          9 9 9 9 9 9 9 9 9 9 9 9
          9 9 9 9 9 9 9 9 9 9 9 9
          9 9 9 9 9 9 9 9 9 9 9 9
          9 9 9 9 9 9 9 9 9 9 9 9
          9 9 9 9 9 9 9 9 9 9 9 9
          9 9 9 9 9 9 9 9 9 9 9 9
          9 9 9 9 9 9 9 9 9 9 9 9
          9 9 9 9 9 9 9 9 9 9 9 9
          9 9 9 9 9 9 9 9 9 9 9 9
          9 9 9 9 9 9 9 9 9 9 9 9
          9 9 9 9 9 9 9 9 9 9 9 9
          9 9 9 9 9 9 9 9 9 9 9 9
          9 9 9 9 9 9 9 9 9 9 9 9
          9 9 9 9 9 9 9 9 9 9 9 9
          9 9 9 9 9 9 9 9 9 9 9 9
          9 9 9 9 9 9 9 9 9 9 9 9
          9 9 9 9 9 9 9 9 9 9 9 9
          9 9 9 9 9 9 9 9 9 9 9 9
          9 9 9 9 9 9 9 9 9 9 9 9
          9 9 9 9 9 9 9 9 9 9 9 9
          9 9 9 9 9 9 9 9 9 9 9 9
          9 9 9 9 9 9 9 9 9 9 9 9
          9 9 9 9 9 9 9 9 9 9 9 9
          9 9 9 9 9 9 9 9 9 9 9 9
          9 9 9 9 9 9 9 9 9 9 9 9
          9 9 9 9 9 9 9 9 9 9 9 9
          9 9 9 9 9 9 9 9 9 9 9 9
          9 9 9 9 9 9
        </DataArray>
      </Cells>
    </Piece>
  </UnstructuredGrid>
</VTKFile>
