<?xml version="1.0"?>
<VTKFile type="UnstructuredGrid" version="0.1" byte_order="LittleEndian">
  <UnstructuredGrid>
    <Piece NumberOfCells="2250" NumberOfPoints="2356">
      <PointData Scalars="S_liq" Vectors="velocity_liq (m/s)">
        <DataArray type="Float32" Name="S_liq" NumberOfComponents="1" format="ascii">
          1 1 1 1 1 1 1 1 1 1 1 1
          1 1 1 1 1 1 1 1 1 1 1 1
          1 1 1 1 1 1 1 1 1 1 1 1
          1 1 1 1 1 1 1 1 1 1 1 1
          1 1 1 1 1 1 1 1 1 1 1 1
          1 1 1 1 1 1 1 1 1 1 1 1
          1 1 1 1 1 1 1 1 1 1 1 1
          1 1 1 1 1 1 1 1 1 1 1 1
          1 1 1 1 1 1 1 1 1 1 1 1
          1 1 1 1 1 1 1 1 1 1 1 1
          1 1 1 1 1 1 1 1 1 1 1 1
          1 1 1 1 1 1 1 1 1 1 1 1
          1 1 1 1 1 1 1 1 1 1 1 1
          1 1 1 1 1 1 1 1 1 1 1 1
          1 1 1 1 1 1 1 1 1 1 1 1
          1 1 1 1 1 1 1 1 1 1 1 1
          1 1 1 1 1 1 1 1 1 1 1 1
          1 1 1 1 1 1 1 1 1 1 1 1
          1 1 1 1 1 1 1 1 1 1 1 1
          1 1 1 1 1 1 1 1 1 1 1 1
          1 1 1 1 1 1 1 1 1 1 1 1
          1 1 1 1 1 1 1 1 1 1 1 1
          1 1 1 1 1 1 1 1 1 1 1 1
          1 1 1 1 1 1 1 1 1 1 1 1
          1 1 1 1 1 1 1 1 1 1 1 1
          1 1 1 1 1 1 1 1 1 1 1 1
          1 1 1 1 1 1 1 1 1 1 1 1
          1 1 1 1 1 1 1 1 1 1 1 1
          1 1 1 1 1 1 1 1 1 1 1 1
          1 1 1 1 1 1 1 1 1 1 1 1
          1 1 1 1 1 1 1 1 1 1 1 1
          1 1 1 1 1 1 1 1 1 1 1 1
          1 1 1 1 1 1 1 1 1 1 1 1
          1 1 1 1 1 1 1 1 1 1 1 1
          1 1 1 1 1 1 1 1 1 1 1 1
          1 1 1 1 1 1 1 1 1 1 1 1
          1 1 1 1 1 1 1 1 1 1 1 1
          1 1 1 1 1 1 1 1 1 1 1 1
          1 1 1 1 1 1 1 1 1 1 1 1
          1 1 1 1 1 1 1 1 1 1 1 1
          1 1 1 1 1 1 1 1 1 1 1 1
          1 1 1 1 1 1 1 1 1 1 1 1
          1 1 1 1 1 1 1 1 1 1 1 1
          1 1 1 1 1 1 1 1 1 1 1 1
          1 1 1 1 1 1 1 1 1 1 1 1
          1 1 1 1 1 1 1 1 1 1 1 1
          1 1 1 1 1 1 1 1 1 1 1 1
          1 1 1 1 1 1 1 1 1 1 1 1
          1 1 1 1 1 1 1 1 1 1 1 1
          1 1 1 1 1 1 1 1 1 1 1 1
          1 1 1 1 1 1 1 1 1 1 1 1
          1 1 1 1 1 1 1 1 1 1 1 1
          1 1 1 1 1 1 1 1 1 1 1 1
          1 1 1 1 1 1 1 1 1 1 1 1
          1 1 1 1 1 1 1 1 1 1 1 1
          1 1 1 1 1 1 1 1 1 1 1 1
          1 1 1 1 1 1 1 1 1 1 1 1
          1 1 1 1 1 1 1 1 1 1 1 1
          1 1 1 1 1 1 1 1 1 1 1 1
          1 1 1 1 1 1 1 1 1 1 1 1
          1 1 1 1 1 1 1 1 1 1 1 1
          1 1 1 1 1 1 1 1 1 1 1 1
          1 1 1 1 1 1 1 1 1 1 1 1
          1 1 1 1 1 1 1 1 1 1 1 1
          1 1 1 1 1 1 1 1 1 1 1 1
          1 1 1 1 1 1 1 1 1 1 1 1
          1 1 1 1 1 1 1 1 1 1 1 1
          1 1 1 1 1 1 1 1 1 1 1 1
          1 1 1 1 1 1 1 1 1 1 1 1
          1 1 1 1 1 1 1 1 1 1 1 1
          1 1 1 1 1 1 1 1 1 1 1 1
          1 1 1 1 1 1 1 1 1 1 1 1
          1 1 1 1 1 1 1 1 1 1 1 1
          1 1 1 1 1 1 1 1 1 1 1 1
          1 1 1 1 1 1 1 1 1 1 1 1
          1 1 1 1 1 1 1 1 1 1 1 1
          1 1 1 1 1 1 1 1 1 1 1 1
          1 1 1 1 1 1 1 1 1 1 1 1
          1 1 1 1 1 1 1 1 1 1 1 1
          1 1 1 1 1 1 1 1 1 1 1 1
          1 1 1 1 1 1 1 1 1 1 1 1
          1 1 1 1 1 1 1 1 1 1 1 1
          1 1 1 1 1 1 1 1 1 1 1 1
          1 1 1 1 1 1 1 1 1 1 1 1
          1 1 1 1 1 1 1 1 1 1 1 1
          1 1 1 1 1 1 1 1 1 1 1 1
          1 1 1 1 1 1 1 1 1 1 1 1
          1 1 1 1 1 1 1 1 1 1 1 1
          1 1 1 1 1 1 1 1 1 1 1 1
          1 1 1 1 1 1 1 1 1 1 1 1
          1 1 1 1 1 1 1 1 1 1 1 1
          1 1 1 1 1 1 1 1 1 1 1 1
          1 1 1 1 1 1 1 1 1 1 1 1
          1 1 1 1 1 1 1 1 1 1 1 1
          1 1 1 1 1 1 1 1 1 1 1 1
          1 1 1 1 1 1 1 1 1 1 1 1
          1 1 1 1 1 1 1 1 1 1 1 1
          1 1 1 1 1 1 1 1 1 1 1 1
          1 1 1 1 1 1 1 1 1 1 1 1
          1 1 1 1 1 1 1 1 1 1 1 1
          1 1 1 1 1 1 1 1 1 1 1 1
          1 1 1 1 1 1 1 1 1 1 1 1
          1 1 1 1 1 1 1 1 1 1 1 1
          1 1 1 1 1 1 1 1 1 1 1 1
          1 1 1 1 1 1 1 1 1 1 1 1
          1 1 1 1 1 1 1 1 1 1 1 1
          1 1 1 1 1 1 1 1 1 1 1 1
          1 1 1 1 1 1 1 1 1 1 1 1
          1 1 1 1 1 1 1 1 1 1 1 1
          1 1 1 1 1 1 1 1 1 1 1 1
          1 1 1 1 1 1 1 1 1 1 1 1
          1 1 1 1 1 1 1 1 1 1 1 1
          1 1 1 1 1 1 1 1 1 1 1 1
          1 1 1 1 1 1 1 1 1 1 1 1
          1 1 1 1 1 1 1 1 1 1 1 1
          1 1 1 1 1 1 1 1 1 1 1 1
          1 1 1 1 1 1 1 1 1 1 1 1
          1 1 1 1 1 1 1 1 1 1 1 1
          1 1 1 1 1 1 1 1 1 1 1 1
          1 1 1 1 1 1 1 1 1 1 1 1
          1 1 1 1 1 1 1 1 1 1 1 1
          1 1 1 1 1 1 1 1 1 1 1 1
          1 1 1 1 1 1 1 1 1 1 1 1
          1 1 1 1 1 1 1 1 1 1 1 1
          1 1 1 1 1 1 1 1 1 1 1 1
          1 1 1 1 1 1 1 1 1 1 1 1
          1 1 1 1 1 1 1 1 1 1 1 1
          1 1 1 1 1 1 1 1 1 1 1 1
          1 1 1 1 1 1 1 1 1 1 1 1
          1 1 1 1 1 1 1 1 1 1 1 1
          1 1 1 1 1 1 1 1 1 1 1 1
          1 1 1 1 1 1 1 1 1 1 1 1
          1 1 1 1 1 1 1 1 1 1 1 1
          1 1 1 1 1 1 1 1 1 1 1 1
          1 1 1 1 1 1 1 1 1 1 1 1
          1 1 1 1 1 1 1 1 1 1 1 1
          1 1 1 1 1 1 1 1 1 1 1 1
          1 1 1 1 1 1 1 1 1 1 1 1
          1 1 1 1 1 1 1 1 1 1 1 1
          1 1 1 1 1 1 1 1 1 1 1 1
          1 1 1 1 1 1 1 1 1 1 1 1
          1 1 1 1 1 1 1 1 1 1 1 1
          1 1 1 1 1 1 1 1 1 1 1 1
          1 1 1 1 1 1 1 1 1 1 1 1
          1 1 1 1 1 1 1 1 1 1 1 1
          1 1 1 1 1 1 1 1 1 1 1 1
          1 1 1 1 1 1 1 1 1 1 1 1
          1 1 1 1 1 1 1 1 1 1 1 1
          1 1 1 1 1 1 1 1 1 1 1 1
          1 1 1 1 1 1 1 1 1 1 1 1
          1 1 1 1 1 1 1 1 1 1 1 1
          1 1 1 1 1 1 1 1 1 1 1 1
          1 1 1 1 1 1 1 1 1 1 1 1
          1 1 1 1 1 1 1 1 1 1 1 1
          1 1 1 1 1 1 1 1 1 1 1 1
          1 1 1 1 1 1 1 1 1 1 1 1
          1 1 1 1 1 1 1 1 1 1 1 1
          1 1 1 1 1 1 1 1 1 1 1 1
          1 1 1 1 1 1 1 1 1 1 1 1
          1 1 1 1 1 1 1 1 1 1 1 1
          1 1 1 1 1 1 1 1 1 1 1 1
          1 1 1 1 1 1 1 1 1 1 1 1
          1 1 1 1 1 1 1 1 1 1 1 1
          1 1 1 1 1 1 1 1 1 1 1 1
          1 1 1 1 1 1 1 1 1 1 1 1
          1 1 1 1 1 1 1 1 1 1 1 1
          1 1 1 1 1 1 1 1 1 1 1 1
          1 1 1 1 1 1 1 1 1 1 1 1
          1 1 1 1 1 1 1 1 1 1 1 1
          1 1 1 1 1 1 1 1 1 1 1 1
          1 1 1 1 1 1 1 1 1 1 1 1
          1 1 1 1 1 1 1 1 1 1 1 1
          1 1 1 1 1 1 1 1 1 1 1 1
          1 1 1 1 1 1 1 1 1 1 1 1
          1 1 1 1 1 1 1 1 1 1 1 1
          1 1 1 1 1 1 1 1 1 1 1 1
          1 1 1 1 1 1 1 1 1 1 1 1
          1 1 1 1 1 1 1 1 1 1 1 1
          1 1 1 1 1 1 1 1 1 1 1 1
          1 1 1 1 1 1 1 1 1 1 1 1
          1 1 1 1 1 1 1 1 1 1 1 1
          1 1 1 1 1 1 1 1 1 1 1 1
          1 1 1 1 1 1 1 1 1 1 1 1
          1 1 1 1 1 1 1 1 1 1 1 1
          1 1 1 1 1 1 1 1 1 1 1 1
          1 1 1 1 1 1 1 1 1 1 1 1
          1 1 1 1 1 1 1 1 1 1 1 1
          1 1 1 1 1 1 1 1 1 1 1 1
          1 1 1 1 1 1 1 1 1 1 1 1
          1 1 1 1 1 1 1 1 1 1 1 1
          1 1 1 1 1 1 1 1 1 1 1 1
          1 1 1 1 1 1 1 1 1 1 1 1
          1 1 1 1 1 1 1 1 1 1 1 1
          1 1 1 1 1 1 1 1 1 1 1 1
          1 1 1 1 1 1 1 1 1 1 1 1
          1 1 1 1 1 1 1 1 1 1 1 1
          1 1 1 1
        </DataArray>
        <DataArray type="Float32" Name="p_liq" NumberOfComponents="1" format="ascii">
          1.79992e+07 1.79975e+07 1.79796e+07 1.79779e+07 1.79958e+07 1.79762e+07 1.79941e+07 1.79745e+07 1.79924e+07 1.79728e+07 1.79908e+07 1.79712e+07
          1.79891e+07 1.79695e+07 1.79874e+07 1.79678e+07 1.79858e+07 1.79662e+07 1.79841e+07 1.79645e+07 1.79825e+07 1.79629e+07 1.79809e+07 1.79613e+07
          1.79793e+07 1.79596e+07 1.79776e+07 1.7958e+07 1.7976e+07 1.79564e+07 1.79744e+07 1.79548e+07 1.79728e+07 1.79532e+07 1.79712e+07 1.79516e+07
          1.79696e+07 1.795e+07 1.79681e+07 1.79484e+07 1.79665e+07 1.79469e+07 1.79649e+07 1.79453e+07 1.79634e+07 1.79437e+07 1.79618e+07 1.79422e+07
          1.79603e+07 1.79406e+07 1.79587e+07 1.79391e+07 1.79572e+07 1.79376e+07 1.79556e+07 1.7936e+07 1.79541e+07 1.79345e+07 1.79526e+07 1.7933e+07
          1.79511e+07 1.79315e+07 1.79496e+07 1.793e+07 1.79481e+07 1.79285e+07 1.79466e+07 1.7927e+07 1.79451e+07 1.79255e+07 1.79436e+07 1.7924e+07
          1.79421e+07 1.79225e+07 1.79407e+07 1.79211e+07 1.79392e+07 1.79196e+07 1.79377e+07 1.79181e+07 1.79363e+07 1.79167e+07 1.79348e+07 1.79152e+07
          1.79334e+07 1.79138e+07 1.7932e+07 1.79123e+07 1.79305e+07 1.79109e+07 1.79291e+07 1.79095e+07 1.79277e+07 1.79081e+07 1.79263e+07 1.79066e+07
          1.79248e+07 1.79052e+07 1.79234e+07 1.79038e+07 1.7922e+07 1.79024e+07 1.79206e+07 1.7901e+07 1.79193e+07 1.78996e+07 1.79179e+07 1.78983e+07
          1.79165e+07 1.78969e+07 1.79151e+07 1.78955e+07 1.79137e+07 1.78941e+07 1.79124e+07 1.78928e+07 1.7911e+07 1.78914e+07 1.79097e+07 1.789e+07
          1.79083e+07 1.78887e+07 1.7907e+07 1.78873e+07 1.79056e+07 1.7886e+07 1.79043e+07 1.78847e+07 1.79029e+07 1.78833e+07 1.79016e+07 1.7882e+07
          1.79003e+07 1.78807e+07 1.7899e+07 1.78794e+07 1.78977e+07 1.7878e+07 1.78964e+07 1.78767e+07 1.7895e+07 1.78754e+07 1.78937e+07 1.78741e+07
          1.78925e+07 1.78728e+07 1.78912e+07 1.78715e+07 1.78899e+07 1.78703e+07 1.78886e+07 1.7869e+07 1.796e+07 1.79583e+07 1.79566e+07 1.79549e+07
          1.79532e+07 1.79515e+07 1.79499e+07 1.79482e+07 1.79466e+07 1.79449e+07 1.79433e+07 1.79416e+07 1.794e+07 1.79384e+07 1.79368e+07 1.79352e+07
          1.79336e+07 1.7932e+07 1.79304e+07 1.79288e+07 1.79273e+07 1.79257e+07 1.79241e+07 1.79226e+07 1.7921e+07 1.79195e+07 1.79179e+07 1.79164e+07
          1.79149e+07 1.79134e+07 1.79119e+07 1.79104e+07 1.79089e+07 1.79074e+07 1.79059e+07 1.79044e+07 1.79029e+07 1.79014e+07 1.79e+07 1.78985e+07
          1.78971e+07 1.78956e+07 1.78942e+07 1.78927e+07 1.78913e+07 1.78899e+07 1.78884e+07 1.7887e+07 1.78856e+07 1.78842e+07 1.78828e+07 1.78814e+07
          1.788e+07 1.78786e+07 1.78773e+07 1.78759e+07 1.78745e+07 1.78731e+07 1.78718e+07 1.78704e+07 1.78691e+07 1.78677e+07 1.78664e+07 1.7865e+07
          1.78637e+07 1.78624e+07 1.78611e+07 1.78597e+07 1.78584e+07 1.78571e+07 1.78558e+07 1.78545e+07 1.78532e+07 1.78519e+07 1.78506e+07 1.78494e+07
          1.79404e+07 1.79387e+07 1.7937e+07 1.79353e+07 1.79336e+07 1.79319e+07 1.79303e+07 1.79286e+07 1.7927e+07 1.79253e+07 1.79237e+07 1.7922e+07
          1.79204e+07 1.79188e+07 1.79172e+07 1.79156e+07 1.7914e+07 1.79124e+07 1.79108e+07 1.79092e+07 1.79076e+07 1.79061e+07 1.79045e+07 1.7903e+07
          1.79014e+07 1.78999e+07 1.78983e+07 1.78968e+07 1.78953e+07 1.78938e+07 1.78923e+07 1.78907e+07 1.78892e+07 1.78878e+07 1.78863e+07 1.78848e+07
          1.78833e+07 1.78818e+07 1.78804e+07 1.78789e+07 1.78774e+07 1.7876e+07 1.78746e+07 1.78731e+07 1.78717e+07 1.78703e+07 1.78688e+07 1.78674e+07
          1.7866e+07 1.78646e+07 1.78632e+07 1.78618e+07 1.78604e+07 1.7859e+07 1.78576e+07 1.78563e+07 1.78549e+07 1.78535e+07 1.78522e+07 1.78508e+07
          1.78495e+07 1.78481e+07 1.78468e+07 1.78454e+07 1.78441e+07 1.78428e+07 1.78414e+07 1.78401e+07 1.78388e+07 1.78375e+07 1.78362e+07 1.78349e+07
          1.78336e+07 1.78323e+07 1.7831e+07 1.78297e+07 1.79208e+07 1.79191e+07 1.79174e+07 1.79157e+07 1.7914e+07 1.79123e+07 1.79107e+07 1.7909e+07
          1.79073e+07 1.79057e+07 1.79041e+07 1.79024e+07 1.79008e+07 1.78992e+07 1.78976e+07 1.7896e+07 1.78944e+07 1.78928e+07 1.78912e+07 1.78896e+07
          1.7888e+07 1.78865e+07 1.78849e+07 1.78833e+07 1.78818e+07 1.78803e+07 1.78787e+07 1.78772e+07 1.78757e+07 1.78741e+07 1.78726e+07 1.78711e+07
          1.78696e+07 1.78681e+07 1.78666e+07 1.78652e+07 1.78637e+07 1.78622e+07 1.78608e+07 1.78593e+07 1.78578e+07 1.78564e+07 1.78549e+07 1.78535e+07
          1.78521e+07 1.78506e+07 1.78492e+07 1.78478e+07 1.78464e+07 1.7845e+07 1.78436e+07 1.78422e+07 1.78408e+07 1.78394e+07 1.7838e+07 1.78366e+07
          1.78353e+07 1.78339e+07 1.78325e+07 1.78312e+07 1.78298e+07 1.78285e+07 1.78272e+07 1.78258e+07 1.78245e+07 1.78232e+07 1.78218e+07 1.78205e+07
          1.78192e+07 1.78179e+07 1.78166e+07 1.78153e+07 1.7814e+07 1.78127e+07 1.78114e+07 1.78101e+07 1.79012e+07 1.78994e+07 1.78978e+07 1.78961e+07
          1.78944e+07 1.78927e+07 1.7891e+07 1.78894e+07 1.78877e+07 1.78861e+07 1.78844e+07 1.78828e+07 1.78812e+07 1.78796e+07 1.7878e+07 1.78763e+07
          1.78747e+07 1.78732e+07 1.78716e+07 1.787e+07 1.78684e+07 1.78668e+07 1.78653e+07 1.78637e+07 1.78622e+07 1.78606e+07 1.78591e+07 1.78576e+07
          1.78561e+07 1.78545e+07 1.7853e+07 1.78515e+07 1.785e+07 1.78485e+07 1.7847e+07 1.78456e+07 1.78441e+07 1.78426e+07 1.78411e+07 1.78397e+07
          1.78382e+07 1.78368e+07 1.78353e+07 1.78339e+07 1.78325e+07 1.7831e+07 1.78296e+07 1.78282e+07 1.78268e+07 1.78254e+07 1.7824e+07 1.78226e+07
          1.78212e+07 1.78198e+07 1.78184e+07 1.7817e+07 1.78157e+07 1.78143e+07 1.78129e+07 1.78116e+07 1.78102e+07 1.78089e+07 1.78075e+07 1.78062e+07
          1.78049e+07 1.78035e+07 1.78022e+07 1.78009e+07 1.77996e+07 1.77983e+07 1.7797e+07 1.77957e+07 1.77944e+07 1.77931e+07 1.77918e+07 1.77905e+07
          1.78815e+07 1.78798e+07 1.78781e+07 1.78765e+07 1.78748e+07 1.78731e+07 1.78714e+07 1.78698e+07 1.78681e+07 1.78665e+07 1.78648e+07 1.78632e+07
          1.78616e+07 1.786e+07 1.78583e+07 1.78567e+07 1.78551e+07 1.78535e+07 1.7852e+07 1.78504e+07 1.78488e+07 1.78472e+07 1.78457e+07 1.78441e+07
          1.78426e+07 1.7841e+07 1.78395e+07 1.7838e+07 1.78364e+07 1.78349e+07 1.78334e+07 1.78319e+07 1.78304e+07 1.78289e+07 1.78274e+07 1.78259e+07
          1.78245e+07 1.7823e+07 1.78215e+07 1.78201e+07 1.78186e+07 1.78172e+07 1.78157e+07 1.78143e+07 1.78128e+07 1.78114e+07 1.781e+07 1.78086e+07
          1.78072e+07 1.78058e+07 1.78044e+07 1.7803e+07 1.78016e+07 1.78002e+07 1.77988e+07 1.77974e+07 1.7796e+07 1.77947e+07 1.77933e+07 1.7792e+07
          1.77906e+07 1.77893e+07 1.77879e+07 1.77866e+07 1.77852e+07 1.77839e+07 1.77826e+07 1.77813e+07 1.778e+07 1.77786e+07 1.77773e+07 1.7776e+07
          1.77747e+07 1.77735e+07 1.77722e+07 1.77709e+07 1.78619e+07 1.78602e+07 1.78585e+07 1.78568e+07 1.78552e+07 1.78535e+07 1.78518e+07 1.78502e+07
          1.78485e+07 1.78469e+07 1.78452e+07 1.78436e+07 1.7842e+07 1.78403e+07 1.78387e+07 1.78371e+07 1.78355e+07 1.78339e+07 1.78323e+07 1.78308e+07
          1.78292e+07 1.78276e+07 1.78261e+07 1.78245e+07 1.7823e+07 1.78214e+07 1.78199e+07 1.78183e+07 1.78168e+07 1.78153e+07 1.78138e+07 1.78123e+07
          1.78108e+07 1.78093e+07 1.78078e+07 1.78063e+07 1.78048e+07 1.78034e+07 1.78019e+07 1.78004e+07 1.7799e+07 1.77975e+07 1.77961e+07 1.77947e+07
          1.77932e+07 1.77918e+07 1.77904e+07 1.7789e+07 1.77875e+07 1.77861e+07 1.77847e+07 1.77833e+07 1.77819e+07 1.77806e+07 1.77792e+07 1.77778e+07
          1.77764e+07 1.77751e+07 1.77737e+07 1.77723e+07 1.7771e+07 1.77696e+07 1.77683e+07 1.7767e+07 1.77656e+07 1.77643e+07 1.7763e+07 1.77617e+07
          1.77603e+07 1.7759e+07 1.77577e+07 1.77564e+07 1.77551e+07 1.77538e+07 1.77525e+07 1.77513e+07 1.78423e+07 1.78406e+07 1.78389e+07 1.78372e+07
          1.78356e+07 1.78339e+07 1.78322e+07 1.78305e+07 1.78289e+07 1.78272e+07 1.78256e+07 1.7824e+07 1.78223e+07 1.78207e+07 1.78191e+07 1.78175e+07
          1.78159e+07 1.78143e+07 1.78127e+07 1.78111e+07 1.78096e+07 1.7808e+07 1.78064e+07 1.78049e+07 1.78033e+07 1.78018e+07 1.78003e+07 1.77987e+07
          1.77972e+07 1.77957e+07 1.77942e+07 1.77927e+07 1.77912e+07 1.77897e+07 1.77882e+07 1.77867e+07 1.77852e+07 1.77838e+07 1.77823e+07 1.77808e+07
          1.77794e+07 1.77779e+07 1.77765e+07 1.7775e+07 1.77736e+07 1.77722e+07 1.77708e+07 1.77693e+07 1.77679e+07 1.77665e+07 1.77651e+07 1.77637e+07
          1.77623e+07 1.77609e+07 1.77596e+07 1.77582e+07 1.77568e+07 1.77554e+07 1.77541e+07 1.77527e+07 1.77514e+07 1.775e+07 1.77487e+07 1.77473e+07
          1.7746e+07 1.77447e+07 1.77434e+07 1.7742e+07 1.77407e+07 1.77394e+07 1.77381e+07 1.77368e+07 1.77355e+07 1.77342e+07 1.77329e+07 1.77316e+07
          1.78227e+07 1.7821e+07 1.78193e+07 1.78176e+07 1.78159e+07 1.78143e+07 1.78126e+07 1.78109e+07 1.78093e+07 1.78076e+07 1.7806e+07 1.78044e+07
          1.78027e+07 1.78011e+07 1.77995e+07 1.77979e+07 1.77963e+07 1.77947e+07 1.77931e+07 1.77915e+07 1.779e+07 1.77884e+07 1.77868e+07 1.77853e+07
          1.77837e+07 1.77822e+07 1.77807e+07 1.77791e+07 1.77776e+07 1.77761e+07 1.77746e+07 1.77731e+07 1.77716e+07 1.77701e+07 1.77686e+07 1.77671e+07
          1.77656e+07 1.77641e+07 1.77627e+07 1.77612e+07 1.77598e+07 1.77583e+07 1.77569e+07 1.77554e+07 1.7754e+07 1.77526e+07 1.77511e+07 1.77497e+07
          1.77483e+07 1.77469e+07 1.77455e+07 1.77441e+07 1.77427e+07 1.77413e+07 1.77399e+07 1.77386e+07 1.77372e+07 1.77358e+07 1.77345e+07 1.77331e+07
          1.77318e+07 1.77304e+07 1.77291e+07 1.77277e+07 1.77264e+07 1.77251e+07 1.77237e+07 1.77224e+07 1.77211e+07 1.77198e+07 1.77185e+07 1.77172e+07
          1.77159e+07 1.77146e+07 1.77133e+07 1.7712e+07 1.78031e+07 1.78014e+07 1.77997e+07 1.7798e+07 1.77963e+07 1.77947e+07 1.7793e+07 1.77913e+07
          1.77897e+07 1.7788e+07 1.77864e+07 1.77848e+07 1.77831e+07 1.77815e+07 1.77799e+07 1.77783e+07 1.77767e+07 1.77751e+07 1.77735e+07 1.77719e+07
          1.77704e+07 1.77688e+07 1.77672e+07 1.77657e+07 1.77641e+07 1.77626e+07 1.7761e+07 1.77595e+07 1.7758e+07 1.77565e+07 1.7755e+07 1.77534e+07
          1.77519e+07 1.77504e+07 1.7749e+07 1.77475e+07 1.7746e+07 1.77445e+07 1.77431e+07 1.77416e+07 1.77401e+07 1.77387e+07 1.77372e+07 1.77358e+07
          1.77344e+07 1.7733e+07 1.77315e+07 1.77301e+07 1.77287e+07 1.77273e+07 1.77259e+07 1.77245e+07 1.77231e+07 1.77217e+07 1.77203e+07 1.7719e+07
          1.77176e+07 1.77162e+07 1.77148e+07 1.77135e+07 1.77121e+07 1.77108e+07 1.77094e+07 1.77081e+07 1.77068e+07 1.77054e+07 1.77041e+07 1.77028e+07
          1.77015e+07 1.77002e+07 1.76989e+07 1.76976e+07 1.76963e+07 1.7695e+07 1.76937e+07 1.76924e+07 1.77835e+07 1.77818e+07 1.77801e+07 1.77784e+07
          1.77767e+07 1.7775e+07 1.77734e+07 1.77717e+07 1.77701e+07 1.77684e+07 1.77668e+07 1.77651e+07 1.77635e+07 1.77619e+07 1.77603e+07 1.77587e+07
          1.77571e+07 1.77555e+07 1.77539e+07 1.77523e+07 1.77507e+07 1.77492e+07 1.77476e+07 1.77461e+07 1.77445e+07 1.7743e+07 1.77414e+07 1.77399e+07
          1.77384e+07 1.77368e+07 1.77353e+07 1.77338e+07 1.77323e+07 1.77308e+07 1.77293e+07 1.77279e+07 1.77264e+07 1.77249e+07 1.77234e+07 1.7722e+07
          1.77205e+07 1.77191e+07 1.77176e+07 1.77162e+07 1.77148e+07 1.77133e+07 1.77119e+07 1.77105e+07 1.77091e+07 1.77077e+07 1.77063e+07 1.77049e+07
          1.77035e+07 1.77021e+07 1.77007e+07 1.76993e+07 1.7698e+07 1.76966e+07 1.76952e+07 1.76939e+07 1.76925e+07 1.76912e+07 1.76898e+07 1.76885e+07
          1.76872e+07 1.76858e+07 1.76845e+07 1.76832e+07 1.76819e+07 1.76806e+07 1.76792e+07 1.76779e+07 1.76766e+07 1.76754e+07 1.76741e+07 1.76728e+07
          1.77639e+07 1.77622e+07 1.77605e+07 1.77588e+07 1.77571e+07 1.77554e+07 1.77538e+07 1.77521e+07 1.77505e+07 1.77488e+07 1.77472e+07 1.77455e+07
          1.77439e+07 1.77423e+07 1.77407e+07 1.77391e+07 1.77375e+07 1.77359e+07 1.77343e+07 1.77327e+07 1.77311e+07 1.77296e+07 1.7728e+07 1.77264e+07
          1.77249e+07 1.77233e+07 1.77218e+07 1.77203e+07 1.77188e+07 1.77172e+07 1.77157e+07 1.77142e+07 1.77127e+07 1.77112e+07 1.77097e+07 1.77082e+07
          1.77068e+07 1.77053e+07 1.77038e+07 1.77024e+07 1.77009e+07 1.76995e+07 1.7698e+07 1.76966e+07 1.76951e+07 1.76937e+07 1.76923e+07 1.76909e+07
          1.76895e+07 1.76881e+07 1.76867e+07 1.76853e+07 1.76839e+07 1.76825e+07 1.76811e+07 1.76797e+07 1.76783e+07 1.7677e+07 1.76756e+07 1.76743e+07
          1.76729e+07 1.76716e+07 1.76702e+07 1.76689e+07 1.76675e+07 1.76662e+07 1.76649e+07 1.76636e+07 1.76622e+07 1.76609e+07 1.76596e+07 1.76583e+07
          1.7657e+07 1.76557e+07 1.76544e+07 1.76532e+07 1.77443e+07 1.77426e+07 1.77409e+07 1.77392e+07 1.77375e+07 1.77358e+07 1.77342e+07 1.77325e+07
          1.77308e+07 1.77292e+07 1.77276e+07 1.77259e+07 1.77243e+07 1.77227e+07 1.77211e+07 1.77194e+07 1.77178e+07 1.77163e+07 1.77147e+07 1.77131e+07
          1.77115e+07 1.77099e+07 1.77084e+07 1.77068e+07 1.77053e+07 1.77037e+07 1.77022e+07 1.77007e+07 1.76991e+07 1.76976e+07 1.76961e+07 1.76946e+07
          1.76931e+07 1.76916e+07 1.76901e+07 1.76886e+07 1.76872e+07 1.76857e+07 1.76842e+07 1.76828e+07 1.76813e+07 1.76798e+07 1.76784e+07 1.7677e+07
          1.76755e+07 1.76741e+07 1.76727e+07 1.76713e+07 1.76698e+07 1.76684e+07 1.7667e+07 1.76656e+07 1.76642e+07 1.76629e+07 1.76615e+07 1.76601e+07
          1.76587e+07 1.76574e+07 1.7656e+07 1.76546e+07 1.76533e+07 1.76519e+07 1.76506e+07 1.76493e+07 1.76479e+07 1.76466e+07 1.76453e+07 1.76439e+07
          1.76426e+07 1.76413e+07 1.764e+07 1.76387e+07 1.76374e+07 1.76361e+07 1.76348e+07 1.76335e+07 1.77247e+07 1.7723e+07 1.77213e+07 1.77196e+07
          1.77179e+07 1.77162e+07 1.77146e+07 1.77129e+07 1.77112e+07 1.77096e+07 1.77079e+07 1.77063e+07 1.77047e+07 1.77031e+07 1.77014e+07 1.76998e+07
          1.76982e+07 1.76966e+07 1.76951e+07 1.76935e+07 1.76919e+07 1.76903e+07 1.76888e+07 1.76872e+07 1.76857e+07 1.76841e+07 1.76826e+07 1.76811e+07
          1.76795e+07 1.7678e+07 1.76765e+07 1.7675e+07 1.76735e+07 1.7672e+07 1.76705e+07 1.7669e+07 1.76675e+07 1.76661e+07 1.76646e+07 1.76631e+07
          1.76617e+07 1.76602e+07 1.76588e+07 1.76574e+07 1.76559e+07 1.76545e+07 1.76531e+07 1.76516e+07 1.76502e+07 1.76488e+07 1.76474e+07 1.7646e+07
          1.76446e+07 1.76432e+07 1.76419e+07 1.76405e+07 1.76391e+07 1.76377e+07 1.76364e+07 1.7635e+07 1.76337e+07 1.76323e+07 1.7631e+07 1.76296e+07
          1.76283e+07 1.7627e+07 1.76256e+07 1.76243e+07 1.7623e+07 1.76217e+07 1.76204e+07 1.76191e+07 1.76178e+07 1.76165e+07 1.76152e+07 1.76139e+07
          1.77051e+07 1.77034e+07 1.77017e+07 1.77e+07 1.76983e+07 1.76966e+07 1.76949e+07 1.76933e+07 1.76916e+07 1.769e+07 1.76883e+07 1.76867e+07
          1.76851e+07 1.76834e+07 1.76818e+07 1.76802e+07 1.76786e+07 1.7677e+07 1.76754e+07 1.76739e+07 1.76723e+07 1.76707e+07 1.76692e+07 1.76676e+07
          1.76661e+07 1.76645e+07 1.7663e+07 1.76614e+07 1.76599e+07 1.76584e+07 1.76569e+07 1.76554e+07 1.76539e+07 1.76524e+07 1.76509e+07 1.76494e+07
          1.76479e+07 1.76465e+07 1.7645e+07 1.76435e+07 1.76421e+07 1.76406e+07 1.76392e+07 1.76377e+07 1.76363e+07 1.76349e+07 1.76334e+07 1.7632e+07
          1.76306e+07 1.76292e+07 1.76278e+07 1.76264e+07 1.7625e+07 1.76236e+07 1.76222e+07 1.76209e+07 1.76195e+07 1.76181e+07 1.76168e+07 1.76154e+07
          1.76141e+07 1.76127e+07 1.76114e+07 1.761e+07 1.76087e+07 1.76074e+07 1.7606e+07 1.76047e+07 1.76034e+07 1.76021e+07 1.76008e+07 1.75995e+07
          1.75982e+07 1.75969e+07 1.75956e+07 1.75943e+07 1.76855e+07 1.76838e+07 1.76821e+07 1.76804e+07 1.76787e+07 1.7677e+07 1.76753e+07 1.76737e+07
          1.7672e+07 1.76704e+07 1.76687e+07 1.76671e+07 1.76655e+07 1.76638e+07 1.76622e+07 1.76606e+07 1.7659e+07 1.76574e+07 1.76558e+07 1.76543e+07
          1.76527e+07 1.76511e+07 1.76495e+07 1.7648e+07 1.76464e+07 1.76449e+07 1.76434e+07 1.76418e+07 1.76403e+07 1.76388e+07 1.76373e+07 1.76358e+07
          1.76343e+07 1.76328e+07 1.76313e+07 1.76298e+07 1.76283e+07 1.76268e+07 1.76254e+07 1.76239e+07 1.76225e+07 1.7621e+07 1.76196e+07 1.76181e+07
          1.76167e+07 1.76153e+07 1.76138e+07 1.76124e+07 1.7611e+07 1.76096e+07 1.76082e+07 1.76068e+07 1.76054e+07 1.7604e+07 1.76026e+07 1.76013e+07
          1.75999e+07 1.75985e+07 1.75971e+07 1.75958e+07 1.75944e+07 1.75931e+07 1.75917e+07 1.75904e+07 1.75891e+07 1.75877e+07 1.75864e+07 1.75851e+07
          1.75838e+07 1.75825e+07 1.75812e+07 1.75798e+07 1.75786e+07 1.75773e+07 1.7576e+07 1.75747e+07 1.76659e+07 1.76642e+07 1.76625e+07 1.76608e+07
          1.76591e+07 1.76574e+07 1.76557e+07 1.76541e+07 1.76524e+07 1.76508e+07 1.76491e+07 1.76475e+07 1.76459e+07 1.76442e+07 1.76426e+07 1.7641e+07
          1.76394e+07 1.76378e+07 1.76362e+07 1.76346e+07 1.76331e+07 1.76315e+07 1.76299e+07 1.76284e+07 1.76268e+07 1.76253e+07 1.76237e+07 1.76222e+07
          1.76207e+07 1.76192e+07 1.76177e+07 1.76161e+07 1.76146e+07 1.76132e+07 1.76117e+07 1.76102e+07 1.76087e+07 1.76072e+07 1.76058e+07 1.76043e+07
          1.76028e+07 1.76014e+07 1.75999e+07 1.75985e+07 1.75971e+07 1.75956e+07 1.75942e+07 1.75928e+07 1.75914e+07 1.759e+07 1.75886e+07 1.75872e+07
          1.75858e+07 1.75844e+07 1.7583e+07 1.75816e+07 1.75803e+07 1.75789e+07 1.75775e+07 1.75762e+07 1.75748e+07 1.75735e+07 1.75721e+07 1.75708e+07
          1.75694e+07 1.75681e+07 1.75668e+07 1.75655e+07 1.75642e+07 1.75628e+07 1.75615e+07 1.75602e+07 1.75589e+07 1.75576e+07 1.75563e+07 1.75551e+07
          1.76463e+07 1.76446e+07 1.76429e+07 1.76412e+07 1.76395e+07 1.76378e+07 1.76361e+07 1.76345e+07 1.76328e+07 1.76311e+07 1.76295e+07 1.76279e+07
          1.76262e+07 1.76246e+07 1.7623e+07 1.76214e+07 1.76198e+07 1.76182e+07 1.76166e+07 1.7615e+07 1.76135e+07 1.76119e+07 1.76103e+07 1.76088e+07
          1.76072e+07 1.76057e+07 1.76041e+07 1.76026e+07 1.76011e+07 1.75996e+07 1.7598e+07 1.75965e+07 1.7595e+07 1.75935e+07 1.7592e+07 1.75906e+07
          1.75891e+07 1.75876e+07 1.75861e+07 1.75847e+07 1.75832e+07 1.75818e+07 1.75803e+07 1.75789e+07 1.75775e+07 1.7576e+07 1.75746e+07 1.75732e+07
          1.75718e+07 1.75704e+07 1.7569e+07 1.75676e+07 1.75662e+07 1.75648e+07 1.75634e+07 1.7562e+07 1.75606e+07 1.75593e+07 1.75579e+07 1.75566e+07
          1.75552e+07 1.75539e+07 1.75525e+07 1.75512e+07 1.75498e+07 1.75485e+07 1.75472e+07 1.75459e+07 1.75445e+07 1.75432e+07 1.75419e+07 1.75406e+07
          1.75393e+07 1.7538e+07 1.75367e+07 1.75354e+07 1.76267e+07 1.76249e+07 1.76232e+07 1.76216e+07 1.76199e+07 1.76182e+07 1.76165e+07 1.76148e+07
          1.76132e+07 1.76115e+07 1.76099e+07 1.76083e+07 1.76066e+07 1.7605e+07 1.76034e+07 1.76018e+07 1.76002e+07 1.75986e+07 1.7597e+07 1.75954e+07
          1.75938e+07 1.75923e+07 1.75907e+07 1.75892e+07 1.75876e+07 1.75861e+07 1.75845e+07 1.7583e+07 1.75815e+07 1.75799e+07 1.75784e+07 1.75769e+07
          1.75754e+07 1.75739e+07 1.75724e+07 1.75709e+07 1.75695e+07 1.7568e+07 1.75665e+07 1.75651e+07 1.75636e+07 1.75622e+07 1.75607e+07 1.75593e+07
          1.75578e+07 1.75564e+07 1.7555e+07 1.75536e+07 1.75522e+07 1.75507e+07 1.75493e+07 1.75479e+07 1.75466e+07 1.75452e+07 1.75438e+07 1.75424e+07
          1.7541e+07 1.75397e+07 1.75383e+07 1.75369e+07 1.75356e+07 1.75342e+07 1.75329e+07 1.75315e+07 1.75302e+07 1.75289e+07 1.75276e+07 1.75262e+07
          1.75249e+07 1.75236e+07 1.75223e+07 1.7521e+07 1.75197e+07 1.75184e+07 1.75171e+07 1.75158e+07 1.7607e+07 1.76053e+07 1.76036e+07 1.76019e+07
          1.76003e+07 1.75986e+07 1.75969e+07 1.75952e+07 1.75936e+07 1.75919e+07 1.75903e+07 1.75886e+07 1.7587e+07 1.75854e+07 1.75838e+07 1.75822e+07
          1.75806e+07 1.7579e+07 1.75774e+07 1.75758e+07 1.75742e+07 1.75727e+07 1.75711e+07 1.75695e+07 1.7568e+07 1.75664e+07 1.75649e+07 1.75634e+07
          1.75618e+07 1.75603e+07 1.75588e+07 1.75573e+07 1.75558e+07 1.75543e+07 1.75528e+07 1.75513e+07 1.75499e+07 1.75484e+07 1.75469e+07 1.75455e+07
          1.7544e+07 1.75425e+07 1.75411e+07 1.75397e+07 1.75382e+07 1.75368e+07 1.75354e+07 1.7534e+07 1.75325e+07 1.75311e+07 1.75297e+07 1.75283e+07
          1.75269e+07 1.75255e+07 1.75242e+07 1.75228e+07 1.75214e+07 1.752e+07 1.75187e+07 1.75173e+07 1.7516e+07 1.75146e+07 1.75133e+07 1.75119e+07
          1.75106e+07 1.75093e+07 1.75079e+07 1.75066e+07 1.75053e+07 1.7504e+07 1.75027e+07 1.75014e+07 1.75001e+07 1.74988e+07 1.74975e+07 1.74962e+07
          1.75874e+07 1.75857e+07 1.7584e+07 1.75823e+07 1.75806e+07 1.7579e+07 1.75773e+07 1.75756e+07 1.7574e+07 1.75723e+07 1.75707e+07 1.7569e+07
          1.75674e+07 1.75658e+07 1.75642e+07 1.75626e+07 1.7561e+07 1.75594e+07 1.75578e+07 1.75562e+07 1.75546e+07 1.7553e+07 1.75515e+07 1.75499e+07
          1.75484e+07 1.75468e+07 1.75453e+07 1.75438e+07 1.75422e+07 1.75407e+07 1.75392e+07 1.75377e+07 1.75362e+07 1.75347e+07 1.75332e+07 1.75317e+07
          1.75302e+07 1.75288e+07 1.75273e+07 1.75258e+07 1.75244e+07 1.75229e+07 1.75215e+07 1.752e+07 1.75186e+07 1.75172e+07 1.75158e+07 1.75143e+07
          1.75129e+07 1.75115e+07 1.75101e+07 1.75087e+07 1.75073e+07 1.75059e+07 1.75045e+07 1.75032e+07 1.75018e+07 1.75004e+07 1.74991e+07 1.74977e+07
          1.74963e+07 1.7495e+07 1.74937e+07 1.74923e+07 1.7491e+07 1.74896e+07 1.74883e+07 1.7487e+07 1.74857e+07 1.74844e+07 1.74831e+07 1.74818e+07
          1.74805e+07 1.74792e+07 1.74779e+07 1.74766e+07 1.75678e+07 1.75661e+07 1.75644e+07 1.75627e+07 1.7561e+07 1.75594e+07 1.75577e+07 1.7556e+07
          1.75544e+07 1.75527e+07 1.75511e+07 1.75494e+07 1.75478e+07 1.75462e+07 1.75446e+07 1.75429e+07 1.75413e+07 1.75398e+07 1.75382e+07 1.75366e+07
          1.7535e+07 1.75334e+07 1.75319e+07 1.75303e+07 1.75288e+07 1.75272e+07 1.75257e+07 1.75241e+07 1.75226e+07 1.75211e+07 1.75196e+07 1.75181e+07
          1.75166e+07 1.75151e+07 1.75136e+07 1.75121e+07 1.75106e+07 1.75092e+07 1.75077e+07 1.75062e+07 1.75048e+07 1.75033e+07 1.75019e+07 1.75004e+07
          1.7499e+07 1.74976e+07 1.74961e+07 1.74947e+07 1.74933e+07 1.74919e+07 1.74905e+07 1.74891e+07 1.74877e+07 1.74863e+07 1.74849e+07 1.74836e+07
          1.74822e+07 1.74808e+07 1.74794e+07 1.74781e+07 1.74767e+07 1.74754e+07 1.7474e+07 1.74727e+07 1.74714e+07 1.747e+07 1.74687e+07 1.74674e+07
          1.74661e+07 1.74647e+07 1.74634e+07 1.74621e+07 1.74608e+07 1.74595e+07 1.74582e+07 1.7457e+07 1.75482e+07 1.75465e+07 1.75448e+07 1.75431e+07
          1.75414e+07 1.75397e+07 1.75381e+07 1.75364e+07 1.75347e+07 1.75331e+07 1.75315e+07 1.75298e+07 1.75282e+07 1.75266e+07 1.75249e+07 1.75233e+07
          1.75217e+07 1.75201e+07 1.75185e+07 1.7517e+07 1.75154e+07 1.75138e+07 1.75123e+07 1.75107e+07 1.75091e+07 1.75076e+07 1.75061e+07 1.75045e+07
          1.7503e+07 1.75015e+07 1.75e+07 1.74985e+07 1.7497e+07 1.74955e+07 1.7494e+07 1.74925e+07 1.7491e+07 1.74895e+07 1.74881e+07 1.74866e+07
          1.74852e+07 1.74837e+07 1.74823e+07 1.74808e+07 1.74794e+07 1.7478e+07 1.74765e+07 1.74751e+07 1.74737e+07 1.74723e+07 1.74709e+07 1.74695e+07
          1.74681e+07 1.74667e+07 1.74653e+07 1.74639e+07 1.74626e+07 1.74612e+07 1.74598e+07 1.74585e+07 1.74571e+07 1.74558e+07 1.74544e+07 1.74531e+07
          1.74517e+07 1.74504e+07 1.74491e+07 1.74478e+07 1.74464e+07 1.74451e+07 1.74438e+07 1.74425e+07 1.74412e+07 1.74399e+07 1.74386e+07 1.74373e+07
          1.75286e+07 1.75269e+07 1.75252e+07 1.75235e+07 1.75218e+07 1.75201e+07 1.75185e+07 1.75168e+07 1.75151e+07 1.75135e+07 1.75118e+07 1.75102e+07
          1.75086e+07 1.7507e+07 1.75053e+07 1.75037e+07 1.75021e+07 1.75005e+07 1.74989e+07 1.74974e+07 1.74958e+07 1.74942e+07 1.74926e+07 1.74911e+07
          1.74895e+07 1.7488e+07 1.74864e+07 1.74849e+07 1.74834e+07 1.74819e+07 1.74804e+07 1.74788e+07 1.74773e+07 1.74759e+07 1.74744e+07 1.74729e+07
          1.74714e+07 1.74699e+07 1.74685e+07 1.7467e+07 1.74655e+07 1.74641e+07 1.74626e+07 1.74612e+07 1.74598e+07 1.74583e+07 1.74569e+07 1.74555e+07
          1.74541e+07 1.74527e+07 1.74513e+07 1.74499e+07 1.74485e+07 1.74471e+07 1.74457e+07 1.74443e+07 1.74429e+07 1.74416e+07 1.74402e+07 1.74389e+07
          1.74375e+07 1.74361e+07 1.74348e+07 1.74335e+07 1.74321e+07 1.74308e+07 1.74295e+07 1.74281e+07 1.74268e+07 1.74255e+07 1.74242e+07 1.74229e+07
          1.74216e+07 1.74203e+07 1.7419e+07 1.74177e+07 1.7509e+07 1.75073e+07 1.75056e+07 1.75039e+07 1.75022e+07 1.75005e+07 1.74988e+07 1.74972e+07
          1.74955e+07 1.74939e+07 1.74922e+07 1.74906e+07 1.7489e+07 1.74873e+07 1.74857e+07 1.74841e+07 1.74825e+07 1.74809e+07 1.74793e+07 1.74777e+07
          1.74762e+07 1.74746e+07 1.7473e+07 1.74715e+07 1.74699e+07 1.74684e+07 1.74668e+07 1.74653e+07 1.74638e+07 1.74623e+07 1.74607e+07 1.74592e+07
          1.74577e+07 1.74562e+07 1.74547e+07 1.74533e+07 1.74518e+07 1.74503e+07 1.74488e+07 1.74474e+07 1.74459e+07 1.74445e+07 1.7443e+07 1.74416e+07
          1.74401e+07 1.74387e+07 1.74373e+07 1.74359e+07 1.74345e+07 1.74331e+07 1.74316e+07 1.74302e+07 1.74289e+07 1.74275e+07 1.74261e+07 1.74247e+07
          1.74233e+07 1.7422e+07 1.74206e+07 1.74192e+07 1.74179e+07 1.74165e+07 1.74152e+07 1.74138e+07 1.74125e+07 1.74112e+07 1.74098e+07 1.74085e+07
          1.74072e+07 1.74059e+07 1.74046e+07 1.74033e+07 1.7402e+07 1.74007e+07 1.73994e+07 1.73981e+07 1.74894e+07 1.74877e+07 1.7486e+07 1.74843e+07
          1.74826e+07 1.74809e+07 1.74792e+07 1.74776e+07 1.74759e+07 1.74743e+07 1.74726e+07 1.7471e+07 1.74693e+07 1.74677e+07 1.74661e+07 1.74645e+07
          1.74629e+07 1.74613e+07 1.74597e+07 1.74581e+07 1.74565e+07 1.7455e+07 1.74534e+07 1.74519e+07 1.74503e+07 1.74488e+07 1.74472e+07 1.74457e+07
          1.74442e+07 1.74426e+07 1.74411e+07 1.74396e+07 1.74381e+07 1.74366e+07 1.74351e+07 1.74336e+07 1.74322e+07 1.74307e+07 1.74292e+07 1.74278e+07
          1.74263e+07 1.74249e+07 1.74234e+07 1.7422e+07 1.74205e+07 1.74191e+07 1.74177e+07 1.74163e+07 1.74148e+07 1.74134e+07 1.7412e+07 1.74106e+07
          1.74092e+07 1.74079e+07 1.74065e+07 1.74051e+07 1.74037e+07 1.74023e+07 1.7401e+07 1.73996e+07 1.73983e+07 1.73969e+07 1.73956e+07 1.73942e+07
          1.73929e+07 1.73916e+07 1.73902e+07 1.73889e+07 1.73876e+07 1.73863e+07 1.7385e+07 1.73837e+07 1.73824e+07 1.73811e+07 1.73798e+07 1.73785e+07
          1.74698e+07 1.74681e+07 1.74664e+07 1.74647e+07 1.7463e+07 1.74613e+07 1.74596e+07 1.7458e+07 1.74563e+07 1.74546e+07 1.7453e+07 1.74514e+07
          1.74497e+07 1.74481e+07 1.74465e+07 1.74449e+07 1.74433e+07 1.74417e+07 1.74401e+07 1.74385e+07 1.74369e+07 1.74354e+07 1.74338e+07 1.74322e+07
          1.74307e+07 1.74291e+07 1.74276e+07 1.74261e+07 1.74246e+07 1.7423e+07 1.74215e+07 1.742e+07 1.74185e+07 1.7417e+07 1.74155e+07 1.7414e+07
          1.74126e+07 1.74111e+07 1.74096e+07 1.74081e+07 1.74067e+07 1.74052e+07 1.74038e+07 1.74024e+07 1.74009e+07 1.73995e+07 1.73981e+07 1.73966e+07
          1.73952e+07 1.73938e+07 1.73924e+07 1.7391e+07 1.73896e+07 1.73882e+07 1.73869e+07 1.73855e+07 1.73841e+07 1.73827e+07 1.73814e+07 1.738e+07
          1.73786e+07 1.73773e+07 1.7376e+07 1.73746e+07 1.73733e+07 1.73719e+07 1.73706e+07 1.73693e+07 1.7368e+07 1.73667e+07 1.73653e+07 1.7364e+07
          1.73627e+07 1.73614e+07 1.73601e+07 1.73589e+07 1.74502e+07 1.74485e+07 1.74468e+07 1.74451e+07 1.74434e+07 1.74417e+07 1.744e+07 1.74383e+07
          1.74367e+07 1.7435e+07 1.74334e+07 1.74318e+07 1.74301e+07 1.74285e+07 1.74269e+07 1.74253e+07 1.74237e+07 1.74221e+07 1.74205e+07 1.74189e+07
          1.74173e+07 1.74158e+07 1.74142e+07 1.74126e+07 1.74111e+07 1.74095e+07 1.7408e+07 1.74065e+07 1.74049e+07 1.74034e+07 1.74019e+07 1.74004e+07
          1.73989e+07 1.73974e+07 1.73959e+07 1.73944e+07 1.73929e+07 1.73915e+07 1.739e+07 1.73885e+07 1.73871e+07 1.73856e+07 1.73842e+07 1.73827e+07
          1.73813e+07 1.73799e+07 1.73784e+07 1.7377e+07 1.73756e+07 1.73742e+07 1.73728e+07 1.73714e+07 1.737e+07 1.73686e+07 1.73672e+07 1.73659e+07
          1.73645e+07 1.73631e+07 1.73617e+07 1.73604e+07 1.7359e+07 1.73577e+07 1.73563e+07 1.7355e+07 1.73537e+07 1.73523e+07 1.7351e+07 1.73497e+07
          1.73484e+07 1.7347e+07 1.73457e+07 1.73444e+07 1.73431e+07 1.73418e+07 1.73405e+07 1.73392e+07 1.74306e+07 1.74288e+07 1.74271e+07 1.74254e+07
          1.74238e+07 1.74221e+07 1.74204e+07 1.74187e+07 1.74171e+07 1.74154e+07 1.74138e+07 1.74121e+07 1.74105e+07 1.74089e+07 1.74073e+07 1.74057e+07
          1.74041e+07 1.74025e+07 1.74009e+07 1.73993e+07 1.73977e+07 1.73961e+07 1.73946e+07 1.7393e+07 1.73915e+07 1.73899e+07 1.73884e+07 1.73868e+07
          1.73853e+07 1.73838e+07 1.73823e+07 1.73808e+07 1.73793e+07 1.73778e+07 1.73763e+07 1.73748e+07 1.73733e+07 1.73718e+07 1.73704e+07 1.73689e+07
          1.73675e+07 1.7366e+07 1.73646e+07 1.73631e+07 1.73617e+07 1.73603e+07 1.73588e+07 1.73574e+07 1.7356e+07 1.73546e+07 1.73532e+07 1.73518e+07
          1.73504e+07 1.7349e+07 1.73476e+07 1.73462e+07 1.73449e+07 1.73435e+07 1.73421e+07 1.73408e+07 1.73394e+07 1.73381e+07 1.73367e+07 1.73354e+07
          1.7334e+07 1.73327e+07 1.73314e+07 1.73301e+07 1.73287e+07 1.73274e+07 1.73261e+07 1.73248e+07 1.73235e+07 1.73222e+07 1.73209e+07 1.73196e+07
          1.74109e+07 1.74092e+07 1.74075e+07 1.74058e+07 1.74041e+07 1.74025e+07 1.74008e+07 1.73991e+07 1.73975e+07 1.73958e+07 1.73942e+07 1.73925e+07
          1.73909e+07 1.73893e+07 1.73876e+07 1.7386e+07 1.73844e+07 1.73828e+07 1.73812e+07 1.73797e+07 1.73781e+07 1.73765e+07 1.7375e+07 1.73734e+07
          1.73718e+07 1.73703e+07 1.73688e+07 1.73672e+07 1.73657e+07 1.73642e+07 1.73627e+07 1.73612e+07 1.73597e+07 1.73582e+07 1.73567e+07 1.73552e+07
          1.73537e+07 1.73522e+07 1.73508e+07 1.73493e+07 1.73478e+07 1.73464e+07 1.7345e+07 1.73435e+07 1.73421e+07 1.73406e+07 1.73392e+07 1.73378e+07
          1.73364e+07 1.7335e+07 1.73336e+07 1.73322e+07 1.73308e+07 1.73294e+07 1.7328e+07 1.73266e+07 1.73253e+07 1.73239e+07 1.73225e+07 1.73212e+07
          1.73198e+07 1.73185e+07 1.73171e+07 1.73158e+07 1.73144e+07 1.73131e+07 1.73118e+07 1.73104e+07 1.73091e+07 1.73078e+07 1.73065e+07 1.73052e+07
          1.73039e+07 1.73026e+07 1.73013e+07 1.73e+07
        </DataArray>
        <DataArray type="Float32" Name="rho_liq" NumberOfComponents="1" format="ascii">
          999.732 999.732 999.732 999.732 999.732 999.732 999.732 999.732 999.732 999.732 999.732 999.732
          999.732 999.732 999.732 999.732 999.732 999.732 999.732 999.732 999.732 999.732 999.732 999.732
          999.732 999.732 999.732 999.732 999.732 999.732 999.732 999.732 999.732 999.732 999.732 999.732
          999.732 999.732 999.732 999.732 999.732 999.732 999.732 999.732 999.732 999.732 999.732 999.732
          999.732 999.732 999.732 999.732 999.732 999.732 999.732 999.732 999.732 999.732 999.732 999.732
          999.732 999.732 999.732 999.732 999.732 999.732 999.732 999.732 999.732 999.732 999.732 999.732
          999.732 999.732 999.732 999.732 999.732 999.732 999.732 999.732 999.732 999.732 999.732 999.732
          999.732 999.732 999.732 999.732 999.732 999.732 999.732 999.732 999.732 999.732 999.732 999.732
          999.732 999.732 999.732 999.732 999.732 999.732 999.732 999.732 999.732 999.732 999.732 999.732
          999.732 999.732 999.732 999.732 999.732 999.732 999.732 999.732 999.732 999.732 999.732 999.732
          999.732 999.732 999.732 999.732 999.732 999.732 999.732 999.732 999.732 999.732 999.732 999.732
          999.732 999.732 999.732 999.732 999.732 999.732 999.732 999.732 999.732 999.732 999.732 999.732
          999.732 999.732 999.732 999.732 999.732 999.732 999.732 999.732 999.732 999.732 999.732 999.732
          999.732 999.732 999.732 999.732 999.732 999.732 999.732 999.732 999.732 999.732 999.732 999.732
          999.732 999.732 999.732 999.732 999.732 999.732 999.732 999.732 999.732 999.732 999.732 999.732
          999.732 999.732 999.732 999.732 999.732 999.732 999.732 999.732 999.732 999.732 999.732 999.732
          999.732 999.732 999.732 999.732 999.732 999.732 999.732 999.732 999.732 999.732 999.732 999.732
          999.732 999.732 999.732 999.732 999.732 999.732 999.732 999.732 999.732 999.732 999.732 999.732
          999.732 999.732 999.732 999.732 999.732 999.732 999.732 999.732 999.732 999.732 999.732 999.732
          999.732 999.732 999.732 999.732 999.732 999.732 999.732 999.732 999.732 999.732 999.732 999.732
          999.732 999.732 999.732 999.732 999.732 999.732 999.732 999.732 999.732 999.732 999.732 999.732
          999.732 999.732 999.732 999.732 999.732 999.732 999.732 999.732 999.732 999.732 999.732 999.732
          999.732 999.732 999.732 999.732 999.732 999.732 999.732 999.732 999.732 999.732 999.732 999.732
          999.732 999.732 999.732 999.732 999.732 999.732 999.732 999.732 999.732 999.732 999.732 999.732
          999.732 999.732 999.732 999.732 999.732 999.732 999.732 999.732 999.732 999.732 999.732 999.732
          999.732 999.732 999.732 999.732 999.733 999.733 999.733 999.733 999.733 999.733 999.733 999.733
          999.733 999.733 999.733 999.733 999.733 999.733 999.733 999.733 999.733 999.733 999.733 999.733
          999.733 999.733 999.733 999.733 999.733 999.733 999.733 999.733 999.733 999.733 999.733 999.733
          999.733 999.733 999.733 999.733 999.733 999.733 999.733 999.733 999.733 999.733 999.733 999.733
          999.733 999.733 999.733 999.733 999.733 999.733 999.733 999.733 999.733 999.733 999.733 999.733
          999.733 999.733 999.733 999.733 999.733 999.733 999.733 999.733 999.733 999.733 999.733 999.733
          999.733 999.733 999.733 999.733 999.733 999.733 999.733 999.733 999.733 999.733 999.733 999.733
          999.733 999.733 999.733 999.733 999.733 999.733 999.733 999.733 999.733 999.733 999.733 999.733
          999.733 999.733 999.733 999.733 999.733 999.733 999.733 999.733 999.733 999.733 999.733 999.733
          999.733 999.733 999.733 999.733 999.733 999.733 999.733 999.733 999.733 999.733 999.733 999.733
          999.733 999.733 999.733 999.733 999.733 999.733 999.733 999.733 999.733 999.733 999.733 999.733
          999.733 999.733 999.733 999.733 999.733 999.733 999.733 999.733 999.733 999.733 999.733 999.733
          999.733 999.733 999.733 999.733 999.733 999.733 999.733 999.733 999.733 999.733 999.733 999.733
          999.733 999.733 999.733 999.733 999.733 999.733 999.733 999.733 999.733 999.733 999.733 999.733
          999.733 999.733 999.733 999.733 999.733 999.733 999.733 999.733 999.733 999.733 999.733 999.733
          999.733 999.733 999.733 999.733 999.733 999.733 999.733 999.733 999.733 999.733 999.733 999.733
          999.733 999.733 999.733 999.733 999.733 999.733 999.733 999.733 999.733 999.733 999.733 999.733
          999.733 999.733 999.733 999.733 999.733 999.733 999.733 999.733 999.733 999.733 999.733 999.733
          999.733 999.733 999.733 999.733 999.733 999.733 999.733 999.733 999.733 999.733 999.733 999.733
          999.733 999.733 999.733 999.733 999.733 999.733 999.733 999.733 999.733 999.733 999.733 999.733
          999.733 999.733 999.733 999.733 999.733 999.733 999.733 999.733 999.733 999.733 999.733 999.733
          999.733 999.733 999.733 999.733 999.733 999.733 999.733 999.733 999.733 999.733 999.733 999.733
          999.733 999.733 999.733 999.733 999.733 999.733 999.733 999.733 999.733 999.733 999.733 999.733
          999.733 999.733 999.733 999.733 999.733 999.733 999.733 999.733 999.733 999.733 999.733 999.733
          999.733 999.733 999.733 999.733 999.733 999.733 999.733 999.733 999.733 999.733 999.733 999.733
          999.733 999.733 999.733 999.733 999.733 999.733 999.733 999.733 999.734 999.734 999.734 999.734
          999.734 999.734 999.734 999.734 999.734 999.734 999.734 999.734 999.734 999.734 999.734 999.734
          999.734 999.734 999.734 999.734 999.734 999.734 999.734 999.734 999.734 999.734 999.734 999.734
          999.734 999.734 999.734 999.734 999.734 999.734 999.734 999.734 999.734 999.734 999.734 999.734
          999.734 999.734 999.734 999.734 999.734 999.734 999.734 999.734 999.734 999.734 999.734 999.734
          999.734 999.734 999.734 999.734 999.734 999.734 999.734 999.734 999.734 999.734 999.734 999.734
          999.734 999.734 999.734 999.734 999.734 999.734 999.734 999.734 999.734 999.734 999.734 999.734
          999.734 999.734 999.734 999.734 999.734 999.734 999.734 999.734 999.734 999.734 999.734 999.734
          999.734 999.734 999.734 999.734 999.734 999.734 999.734 999.734 999.734 999.734 999.734 999.734
          999.734 999.734 999.734 999.734 999.734 999.734 999.734 999.734 999.734 999.734 999.734 999.734
          999.734 999.734 999.734 999.734 999.734 999.734 999.734 999.734 999.734 999.734 999.734 999.734
          999.734 999.734 999.734 999.734 999.734 999.734 999.734 999.734 999.734 999.734 999.734 999.734
          999.734 999.734 999.734 999.734 999.734 999.734 999.734 999.734 999.734 999.734 999.734 999.734
          999.734 999.734 999.734 999.734 999.734 999.734 999.734 999.734 999.734 999.734 999.734 999.734
          999.734 999.734 999.734 999.734 999.734 999.734 999.734 999.734 999.734 999.734 999.734 999.734
          999.734 999.734 999.734 999.734 999.734 999.734 999.734 999.734 999.734 999.734 999.734 999.734
          999.734 999.734 999.734 999.734 999.734 999.734 999.734 999.734 999.734 999.734 999.734 999.734
          999.734 999.734 999.734 999.734 999.734 999.734 999.734 999.734 999.734 999.734 999.734 999.734
          999.734 999.734 999.734 999.734 999.734 999.734 999.734 999.734 999.734 999.734 999.734 999.734
          999.734 999.734 999.734 999.734 999.734 999.734 999.734 999.734 999.734 999.734 999.734 999.734
          999.734 999.734 999.734 999.734 999.734 999.734 999.734 999.734 999.734 999.734 999.734 999.734
          999.734 999.734 999.734 999.734 999.734 999.734 999.734 999.734 999.734 999.734 999.734 999.734
          999.734 999.734 999.734 999.734 999.734 999.734 999.734 999.734 999.734 999.734 999.734 999.734
          999.734 999.734 999.734 999.734 999.734 999.734 999.734 999.734 999.734 999.734 999.734 999.734
          999.734 999.734 999.734 999.734 999.734 999.734 999.734 999.734 999.734 999.734 999.734 999.734
          999.734 999.734 999.734 999.734 999.734 999.734 999.734 999.734 999.734 999.734 999.734 999.734
          999.735 999.735 999.735 999.735 999.735 999.735 999.735 999.735 999.735 999.735 999.735 999.735
          999.735 999.735 999.735 999.735 999.735 999.735 999.735 999.735 999.735 999.735 999.735 999.735
          999.735 999.735 999.735 999.735 999.735 999.735 999.735 999.735 999.735 999.735 999.735 999.735
          999.735 999.735 999.735 999.735 999.735 999.735 999.735 999.735 999.735 999.735 999.735 999.735
          999.735 999.735 999.735 999.735 999.735 999.735 999.735 999.735 999.735 999.735 999.735 999.735
          999.735 999.735 999.735 999.735 999.735 999.735 999.735 999.735 999.735 999.735 999.735 999.735
          999.735 999.735 999.735 999.735 999.735 999.735 999.735 999.735 999.735 999.735 999.735 999.735
          999.735 999.735 999.735 999.735 999.735 999.735 999.735 999.735 999.735 999.735 999.735 999.735
          999.735 999.735 999.735 999.735 999.735 999.735 999.735 999.735 999.735 999.735 999.735 999.735
          999.735 999.735 999.735 999.735 999.735 999.735 999.735 999.735 999.735 999.735 999.735 999.735
          999.735 999.735 999.735 999.735 999.735 999.735 999.735 999.735 999.735 999.735 999.735 999.735
          999.735 999.735 999.735 999.735 999.735 999.735 999.735 999.735 999.735 999.735 999.735 999.735
          999.735 999.735 999.735 999.735 999.735 999.735 999.735 999.735 999.735 999.735 999.735 999.735
          999.735 999.735 999.735 999.735 999.735 999.735 999.735 999.735 999.735 999.735 999.735 999.735
          999.735 999.735 999.735 999.735 999.735 999.735 999.735 999.735 999.735 999.735 999.735 999.735
          999.735 999.735 999.735 999.735 999.735 999.735 999.735 999.735 999.735 999.735 999.735 999.735
          999.735 999.735 999.735 999.735 999.735 999.735 999.735 999.735 999.735 999.735 999.735 999.735
          999.735 999.735 999.735 999.735 999.735 999.735 999.735 999.735 999.735 999.735 999.735 999.735
          999.735 999.735 999.735 999.735 999.735 999.735 999.735 999.735 999.735 999.735 999.735 999.735
          999.736 999.736 999.736 999.736 999.736 999.736 999.736 999.736 999.736 999.736 999.736 999.736
          999.736 999.736 999.736 999.736 999.736 999.736 999.736 999.736 999.736 999.736 999.736 999.736
          999.736 999.736 999.736 999.736 999.736 999.736 999.736 999.736 999.736 999.736 999.736 999.736
          999.736 999.736 999.736 999.736 999.736 999.736 999.736 999.736 999.736 999.736 999.736 999.736
          999.736 999.736 999.736 999.736 999.736 999.736 999.736 999.736 999.736 999.736 999.736 999.736
          999.736 999.736 999.736 999.736 999.736 999.736 999.736 999.736 999.736 999.736 999.736 999.736
          999.736 999.736 999.736 999.736 999.736 999.736 999.736 999.736 999.736 999.736 999.736 999.736
          999.736 999.736 999.736 999.736 999.736 999.736 999.736 999.736 999.736 999.736 999.736 999.736
          999.736 999.736 999.736 999.736 999.736 999.736 999.736 999.736 999.736 999.736 999.736 999.736
          999.736 999.736 999.736 999.736 999.736 999.736 999.736 999.736 999.736 999.736 999.736 999.736
          999.736 999.736 999.736 999.736 999.736 999.736 999.736 999.736 999.736 999.736 999.736 999.736
          999.736 999.736 999.736 999.736 999.736 999.736 999.736 999.736 999.736 999.736 999.736 999.736
          999.736 999.736 999.736 999.736 999.736 999.736 999.736 999.736 999.736 999.736 999.736 999.736
          999.736 999.736 999.736 999.736 999.736 999.736 999.736 999.736 999.736 999.736 999.736 999.736
          999.736 999.736 999.736 999.736 999.736 999.736 999.736 999.736 999.736 999.736 999.736 999.736
          999.736 999.736 999.736 999.736 999.736 999.736 999.736 999.736 999.736 999.736 999.736 999.736
          999.736 999.736 999.736 999.736 999.736 999.736 999.736 999.736 999.736 999.736 999.736 999.736
          999.736 999.736 999.736 999.736 999.736 999.736 999.736 999.736 999.736 999.736 999.736 999.736
          999.736 999.736 999.736 999.736 999.736 999.736 999.736 999.736 999.736 999.736 999.736 999.736
          999.736 999.736 999.736 999.736 999.736 999.736 999.736 999.736 999.736 999.736 999.736 999.736
          999.736 999.736 999.736 999.736 999.736 999.736 999.736 999.736 999.736 999.736 999.736 999.736
          999.736 999.736 999.736 999.736 999.736 999.736 999.736 999.736 999.736 999.736 999.736 999.736
          999.736 999.736 999.736 999.736 999.736 999.736 999.736 999.736 999.736 999.736 999.736 999.736
          999.736 999.736 999.736 999.736 999.736 999.736 999.736 999.736 999.736 999.736 999.736 999.736
          999.736 999.736 999.736 999.736 999.736 999.736 999.736 999.736 999.736 999.736 999.736 999.736
          999.736 999.736 999.736 999.736 999.737 999.737 999.737 999.737 999.737 999.737 999.737 999.737
          999.737 999.737 999.737 999.737 999.737 999.737 999.737 999.737 999.737 999.737 999.737 999.737
          999.737 999.737 999.737 999.737 999.737 999.737 999.737 999.737 999.737 999.737 999.737 999.737
          999.737 999.737 999.737 999.737 999.737 999.737 999.737 999.737 999.737 999.737 999.737 999.737
          999.737 999.737 999.737 999.737 999.737 999.737 999.737 999.737 999.737 999.737 999.737 999.737
          999.737 999.737 999.737 999.737 999.737 999.737 999.737 999.737 999.737 999.737 999.737 999.737
          999.737 999.737 999.737 999.737 999.737 999.737 999.737 999.737 999.737 999.737 999.737 999.737
          999.737 999.737 999.737 999.737 999.737 999.737 999.737 999.737 999.737 999.737 999.737 999.737
          999.737 999.737 999.737 999.737 999.737 999.737 999.737 999.737 999.737 999.737 999.737 999.737
          999.737 999.737 999.737 999.737 999.737 999.737 999.737 999.737 999.737 999.737 999.737 999.737
          999.737 999.737 999.737 999.737 999.737 999.737 999.737 999.737 999.737 999.737 999.737 999.737
          999.737 999.737 999.737 999.737 999.737 999.737 999.737 999.737 999.737 999.737 999.737 999.737
          999.737 999.737 999.737 999.737 999.737 999.737 999.737 999.737 999.737 999.737 999.737 999.737
          999.737 999.737 999.737 999.737 999.737 999.737 999.737 999.737 999.737 999.737 999.737 999.737
          999.737 999.737 999.737 999.737 999.737 999.737 999.737 999.737 999.737 999.737 999.737 999.737
          999.737 999.737 999.737 999.737 999.737 999.737 999.737 999.737 999.737 999.737 999.737 999.737
          999.737 999.737 999.737 999.737 999.737 999.737 999.737 999.737 999.737 999.737 999.737 999.737
          999.737 999.737 999.737 999.737 999.737 999.737 999.737 999.737 999.737 999.737 999.737 999.737
          999.737 999.737 999.737 999.737 999.737 999.737 999.737 999.737 999.737 999.737 999.737 999.737
          999.737 999.737 999.737 999.737 999.737 999.737 999.737 999.737 999.737 999.737 999.737 999.737
          999.737 999.737 999.737 999.737 999.737 999.737 999.737 999.737 999.737 999.737 999.737 999.737
          999.737 999.737 999.737 999.737 999.737 999.737 999.737 999.737 999.737 999.737 999.737 999.737
          999.737 999.737 999.737 999.737 999.737 999.737 999.737 999.737 999.737 999.737 999.737 999.737
          999.737 999.737 999.737 999.737 999.737 999.737 999.737 999.737 999.737 999.737 999.737 999.737
          999.737 999.737 999.737 999.737 999.737 999.737 999.737 999.737 999.737 999.737 999.737 999.737
          999.737 999.737 999.737 999.737 999.737 999.737 999.737 999.737 999.738 999.738 999.738 999.738
          999.738 999.738 999.738 999.738 999.738 999.738 999.738 999.738 999.738 999.738 999.738 999.738
          999.738 999.738 999.738 999.738 999.738 999.738 999.738 999.738 999.738 999.738 999.738 999.738
          999.738 999.738 999.738 999.738 999.738 999.738 999.738 999.738 999.738 999.738 999.738 999.738
          999.738 999.738 999.738 999.738 999.738 999.738 999.738 999.738 999.738 999.738 999.738 999.738
          999.738 999.738 999.738 999.738 999.738 999.738 999.738 999.738 999.738 999.738 999.738 999.738
          999.738 999.738 999.738 999.738 999.738 999.738 999.738 999.738 999.738 999.738 999.738 999.738
          999.738 999.738 999.738 999.738 999.738 999.738 999.738 999.738 999.738 999.738 999.738 999.738
          999.738 999.738 999.738 999.738 999.738 999.738 999.738 999.738 999.738 999.738 999.738 999.738
          999.738 999.738 999.738 999.738 999.738 999.738 999.738 999.738 999.738 999.738 999.738 999.738
          999.738 999.738 999.738 999.738 999.738 999.738 999.738 999.738 999.738 999.738 999.738 999.738
          999.738 999.738 999.738 999.738 999.738 999.738 999.738 999.738 999.738 999.738 999.738 999.738
          999.738 999.738 999.738 999.738 999.738 999.738 999.738 999.738 999.738 999.738 999.738 999.738
          999.738 999.738 999.738 999.738 999.738 999.738 999.738 999.738 999.738 999.738 999.738 999.738
          999.738 999.738 999.738 999.738 999.738 999.738 999.738 999.738 999.738 999.738 999.738 999.738
          999.738 999.738 999.738 999.738 999.738 999.738 999.738 999.738 999.738 999.738 999.738 999.738
          999.738 999.738 999.738 999.738 999.738 999.738 999.738 999.738 999.738 999.738 999.738 999.738
          999.738 999.738 999.738 999.738 999.738 999.738 999.738 999.738 999.738 999.738 999.738 999.738
          999.738 999.738 999.738 999.738 999.738 999.738 999.738 999.738 999.738 999.738 999.738 999.738
          999.738 999.738 999.738 999.738 999.738 999.738 999.738 999.738 999.738 999.738 999.738 999.738
          999.738 999.738 999.738 999.738 999.738 999.738 999.738 999.738 999.738 999.738 999.738 999.738
          999.738 999.738 999.738 999.738 999.738 999.738 999.738 999.738 999.738 999.738 999.738 999.738
          999.738 999.738 999.738 999.738 999.738 999.738 999.738 999.738 999.738 999.738 999.738 999.738
          999.738 999.738 999.738 999.738 999.738 999.738 999.738 999.738 999.738 999.738 999.738 999.738
          999.738 999.738 999.738 999.738 999.738 999.738 999.738 999.738 999.738 999.738 999.738 999.738
          999.738 999.738 999.738 999.738 999.738 999.738 999.738 999.738 999.738 999.738 999.738 999.738
          999.739 999.739 999.739 999.739 999.739 999.739 999.739 999.739 999.739 999.739 999.739 999.739
          999.739 999.739 999.739 999.739 999.739 999.739 999.739 999.739 999.739 999.739 999.739 999.739
          999.739 999.739 999.739 999.739 999.739 999.739 999.739 999.739 999.739 999.739 999.739 999.739
          999.739 999.739 999.739 999.739 999.739 999.739 999.739 999.739 999.739 999.739 999.739 999.739
          999.739 999.739 999.739 999.739 999.739 999.739 999.739 999.739 999.739 999.739 999.739 999.739
          999.739 999.739 999.739 999.739 999.739 999.739 999.739 999.739 999.739 999.739 999.739 999.739
          999.739 999.739 999.739 999.739 999.739 999.739 999.739 999.739 999.739 999.739 999.739 999.739
          999.739 999.739 999.739 999.739 999.739 999.739 999.739 999.739 999.739 999.739 999.739 999.739
          999.739 999.739 999.739 999.739 999.739 999.739 999.739 999.739 999.739 999.739 999.739 999.739
          999.739 999.739 999.739 999.739 999.739 999.739 999.739 999.739 999.739 999.739 999.739 999.739
          999.739 999.739 999.739 999.739 999.739 999.739 999.739 999.739 999.739 999.739 999.739 999.739
          999.739 999.739 999.739 999.739 999.739 999.739 999.739 999.739 999.739 999.739 999.739 999.739
          999.739 999.739 999.739 999.739 999.739 999.739 999.739 999.739 999.739 999.739 999.739 999.739
          999.739 999.739 999.739 999.739 999.739 999.739 999.739 999.739 999.739 999.739 999.739 999.739
          999.739 999.739 999.739 999.739 999.739 999.739 999.739 999.739 999.739 999.739 999.739 999.739
          999.739 999.739 999.739 999.739 999.739 999.739 999.739 999.739 999.739 999.739 999.739 999.739
          999.739 999.739 999.739 999.739 999.739 999.739 999.739 999.739 999.739 999.739 999.739 999.739
          999.739 999.739 999.739 999.739 999.739 999.739 999.739 999.739 999.739 999.739 999.739 999.739
          999.739 999.739 999.739 999.739 999.739 999.739 999.739 999.739 999.739 999.739 999.739 999.739
          999.739 999.739 999.739 999.739 999.739 999.739 999.739 999.739 999.739 999.739 999.739 999.739
          999.739 999.739 999.739 999.739 999.739 999.739 999.739 999.739 999.739 999.739 999.739 999.739
          999.739 999.739 999.739 999.739 999.739 999.739 999.739 999.739 999.739 999.739 999.739 999.739
          999.739 999.739 999.739 999.739 999.739 999.739 999.739 999.739 999.739 999.739 999.739 999.739
          999.739 999.739 999.739 999.739 999.739 999.739 999.739 999.739 999.739 999.739 999.739 999.739
          999.739 999.739 999.739 999.739 999.739 999.739 999.739 999.739 999.739 999.739 999.739 999.739
          999.739 999.739 999.739 999.739
        </DataArray>
        <DataArray type="Float32" Name="mob_liq" NumberOfComponents="1" format="ascii">
          1000 1000 1000 1000 1000 1000 1000 1000 1000 1000 1000 1000
          1000 1000 1000 1000 1000 1000 1000 1000 1000 1000 1000 1000
          1000 1000 1000 1000 1000 1000 1000 1000 1000 1000 1000 1000
          1000 1000 1000 1000 1000 1000 1000 1000 1000 1000 1000 1000
          1000 1000 1000 1000 1000 1000 1000 1000 1000 1000 1000 1000
          1000 1000 1000 1000 1000 1000 1000 1000 1000 1000 1000 1000
          1000 1000 1000 1000 1000 1000 1000 1000 1000 1000 1000 1000
          1000 1000 1000 1000 1000 1000 1000 1000 1000 1000 1000 1000
          1000 1000 1000 1000 1000 1000 1000 1000 1000 1000 1000 1000
          1000 1000 1000 1000 1000 1000 1000 1000 1000 1000 1000 1000
          1000 1000 1000 1000 1000 1000 1000 1000 1000 1000 1000 1000
          1000 1000 1000 1000 1000 1000 1000 1000 1000 1000 1000 1000
          1000 1000 1000 1000 1000 1000 1000 1000 1000 1000 1000 1000
          1000 1000 1000 1000 1000 1000 1000 1000 1000 1000 1000 1000
          1000 1000 1000 1000 1000 1000 1000 1000 1000 1000 1000 1000
          1000 1000 1000 1000 1000 1000 1000 1000 1000 1000 1000 1000
          1000 1000 1000 1000 1000 1000 1000 1000 1000 1000 1000 1000
          1000 1000 1000 1000 1000 1000 1000 1000 1000 1000 1000 1000
          1000 1000 1000 1000 1000 1000 1000 1000 1000 1000 1000 1000
          1000 1000 1000 1000 1000 1000 1000 1000 1000 1000 1000 1000
          1000 1000 1000 1000 1000 1000 1000 1000 1000 1000 1000 1000
          1000 1000 1000 1000 1000 1000 1000 1000 1000 1000 1000 1000
          1000 1000 1000 1000 1000 1000 1000 1000 1000 1000 1000 1000
          1000 1000 1000 1000 1000 1000 1000 1000 1000 1000 1000 1000
          1000 1000 1000 1000 1000 1000 1000 1000 1000 1000 1000 1000
          1000 1000 1000 1000 1000 1000 1000 1000 1000 1000 1000 1000
          1000 1000 1000 1000 1000 1000 1000 1000 1000 1000 1000 1000
          1000 1000 1000 1000 1000 1000 1000 1000 1000 1000 1000 1000
          1000 1000 1000 1000 1000 1000 1000 1000 1000 1000 1000 1000
          1000 1000 1000 1000 1000 1000 1000 1000 1000 1000 1000 1000
          1000 1000 1000 1000 1000 1000 1000 1000 1000 1000 1000 1000
          1000 1000 1000 1000 1000 1000 1000 1000 1000 1000 1000 1000
          1000 1000 1000 1000 1000 1000 1000 1000 1000 1000 1000 1000
          1000 1000 1000 1000 1000 1000 1000 1000 1000 1000 1000 1000
          1000 1000 1000 1000 1000 1000 1000 1000 1000 1000 1000 1000
          1000 1000 1000 1000 1000 1000 1000 1000 1000 1000 1000 1000
          1000 1000 1000 1000 1000 1000 1000 1000 1000 1000 1000 1000
          1000 1000 1000 1000 1000 1000 1000 1000 1000 1000 1000 1000
          1000 1000 1000 1000 1000 1000 1000 1000 1000 1000 1000 1000
          1000 1000 1000 1000 1000 1000 1000 1000 1000 1000 1000 1000
          1000 1000 1000 1000 1000 1000 1000 1000 1000 1000 1000 1000
          1000 1000 1000 1000 1000 1000 1000 1000 1000 1000 1000 1000
          1000 1000 1000 1000 1000 1000 1000 1000 1000 1000 1000 1000
          1000 1000 1000 1000 1000 1000 1000 1000 1000 1000 1000 1000
          1000 1000 1000 1000 1000 1000 1000 1000 1000 1000 1000 1000
          1000 1000 1000 1000 1000 1000 1000 1000 1000 1000 1000 1000
          1000 1000 1000 1000 1000 1000 1000 1000 1000 1000 1000 1000
          1000 1000 1000 1000 1000 1000 1000 1000 1000 1000 1000 1000
          1000 1000 1000 1000 1000 1000 1000 1000 1000 1000 1000 1000
          1000 1000 1000 1000 1000 1000 1000 1000 1000 1000 1000 1000
          1000 1000 1000 1000 1000 1000 1000 1000 1000 1000 1000 1000
          1000 1000 1000 1000 1000 1000 1000 1000 1000 1000 1000 1000
          1000 1000 1000 1000 1000 1000 1000 1000 1000 1000 1000 1000
          1000 1000 1000 1000 1000 1000 1000 1000 1000 1000 1000 1000
          1000 1000 1000 1000 1000 1000 1000 1000 1000 1000 1000 1000
          1000 1000 1000 1000 1000 1000 1000 1000 1000 1000 1000 1000
          1000 1000 1000 1000 1000 1000 1000 1000 1000 1000 1000 1000
          1000 1000 1000 1000 1000 1000 1000 1000 1000 1000 1000 1000
          1000 1000 1000 1000 1000 1000 1000 1000 1000 1000 1000 1000
          1000 1000 1000 1000 1000 1000 1000 1000 1000 1000 1000 1000
          1000 1000 1000 1000 1000 1000 1000 1000 1000 1000 1000 1000
          1000 1000 1000 1000 1000 1000 1000 1000 1000 1000 1000 1000
          1000 1000 1000 1000 1000 1000 1000 1000 1000 1000 1000 1000
          1000 1000 1000 1000 1000 1000 1000 1000 1000 1000 1000 1000
          1000 1000 1000 1000 1000 1000 1000 1000 1000 1000 1000 1000
          1000 1000 1000 1000 1000 1000 1000 1000 1000 1000 1000 1000
          1000 1000 1000 1000 1000 1000 1000 1000 1000 1000 1000 1000
          1000 1000 1000 1000 1000 1000 1000 1000 1000 1000 1000 1000
          1000 1000 1000 1000 1000 1000 1000 1000 1000 1000 1000 1000
          1000 1000 1000 1000 1000 1000 1000 1000 1000 1000 1000 1000
          1000 1000 1000 1000 1000 1000 1000 1000 1000 1000 1000 1000
          1000 1000 1000 1000 1000 1000 1000 1000 1000 1000 1000 1000
          1000 1000 1000 1000 1000 1000 1000 1000 1000 1000 1000 1000
          1000 1000 1000 1000 1000 1000 1000 1000 1000 1000 1000 1000
          1000 1000 1000 1000 1000 1000 1000 1000 1000 1000 1000 1000
          1000 1000 1000 1000 1000 1000 1000 1000 1000 1000 1000 1000
          1000 1000 1000 1000 1000 1000 1000 1000 1000 1000 1000 1000
          1000 1000 1000 1000 1000 1000 1000 1000 1000 1000 1000 1000
          1000 1000 1000 1000 1000 1000 1000 1000 1000 1000 1000 1000
          1000 1000 1000 1000 1000 1000 1000 1000 1000 1000 1000 1000
          1000 1000 1000 1000 1000 1000 1000 1000 1000 1000 1000 1000
          1000 1000 1000 1000 1000 1000 1000 1000 1000 1000 1000 1000
          1000 1000 1000 1000 1000 1000 1000 1000 1000 1000 1000 1000
          1000 1000 1000 1000 1000 1000 1000 1000 1000 1000 1000 1000
          1000 1000 1000 1000 1000 1000 1000 1000 1000 1000 1000 1000
          1000 1000 1000 1000 1000 1000 1000 1000 1000 1000 1000 1000
          1000 1000 1000 1000 1000 1000 1000 1000 1000 1000 1000 1000
          1000 1000 1000 1000 1000 1000 1000 1000 1000 1000 1000 1000
          1000 1000 1000 1000 1000 1000 1000 1000 1000 1000 1000 1000
          1000 1000 1000 1000 1000 1000 1000 1000 1000 1000 1000 1000
          1000 1000 1000 1000 1000 1000 1000 1000 1000 1000 1000 1000
          1000 1000 1000 1000 1000 1000 1000 1000 1000 1000 1000 1000
          1000 1000 1000 1000 1000 1000 1000 1000 1000 1000 1000 1000
          1000 1000 1000 1000 1000 1000 1000 1000 1000 1000 1000 1000
          1000 1000 1000 1000 1000 1000 1000 1000 1000 1000 1000 1000
          1000 1000 1000 1000 1000 1000 1000 1000 1000 1000 1000 1000
          1000 1000 1000 1000 1000 1000 1000 1000 1000 1000 1000 1000
          1000 1000 1000 1000 1000 1000 1000 1000 1000 1000 1000 1000
          1000 1000 1000 1000 1000 1000 1000 1000 1000 1000 1000 1000
          1000 1000 1000 1000 1000 1000 1000 1000 1000 1000 1000 1000
          1000 1000 1000 1000 1000 1000 1000 1000 1000 1000 1000 1000
          1000 1000 1000 1000 1000 1000 1000 1000 1000 1000 1000 1000
          1000 1000 1000 1000 1000 1000 1000 1000 1000 1000 1000 1000
          1000 1000 1000 1000 1000 1000 1000 1000 1000 1000 1000 1000
          1000 1000 1000 1000 1000 1000 1000 1000 1000 1000 1000 1000
          1000 1000 1000 1000 1000 1000 1000 1000 1000 1000 1000 1000
          1000 1000 1000 1000 1000 1000 1000 1000 1000 1000 1000 1000
          1000 1000 1000 1000 1000 1000 1000 1000 1000 1000 1000 1000
          1000 1000 1000 1000 1000 1000 1000 1000 1000 1000 1000 1000
          1000 1000 1000 1000 1000 1000 1000 1000 1000 1000 1000 1000
          1000 1000 1000 1000 1000 1000 1000 1000 1000 1000 1000 1000
          1000 1000 1000 1000 1000 1000 1000 1000 1000 1000 1000 1000
          1000 1000 1000 1000 1000 1000 1000 1000 1000 1000 1000 1000
          1000 1000 1000 1000 1000 1000 1000 1000 1000 1000 1000 1000
          1000 1000 1000 1000 1000 1000 1000 1000 1000 1000 1000 1000
          1000 1000 1000 1000 1000 1000 1000 1000 1000 1000 1000 1000
          1000 1000 1000 1000 1000 1000 1000 1000 1000 1000 1000 1000
          1000 1000 1000 1000 1000 1000 1000 1000 1000 1000 1000 1000
          1000 1000 1000 1000 1000 1000 1000 1000 1000 1000 1000 1000
          1000 1000 1000 1000 1000 1000 1000 1000 1000 1000 1000 1000
          1000 1000 1000 1000 1000 1000 1000 1000 1000 1000 1000 1000
          1000 1000 1000 1000 1000 1000 1000 1000 1000 1000 1000 1000
          1000 1000 1000 1000 1000 1000 1000 1000 1000 1000 1000 1000
          1000 1000 1000 1000 1000 1000 1000 1000 1000 1000 1000 1000
          1000 1000 1000 1000 1000 1000 1000 1000 1000 1000 1000 1000
          1000 1000 1000 1000 1000 1000 1000 1000 1000 1000 1000 1000
          1000 1000 1000 1000 1000 1000 1000 1000 1000 1000 1000 1000
          1000 1000 1000 1000 1000 1000 1000 1000 1000 1000 1000 1000
          1000 1000 1000 1000 1000 1000 1000 1000 1000 1000 1000 1000
          1000 1000 1000 1000 1000 1000 1000 1000 1000 1000 1000 1000
          1000 1000 1000 1000 1000 1000 1000 1000 1000 1000 1000 1000
          1000 1000 1000 1000 1000 1000 1000 1000 1000 1000 1000 1000
          1000 1000 1000 1000 1000 1000 1000 1000 1000 1000 1000 1000
          1000 1000 1000 1000 1000 1000 1000 1000 1000 1000 1000 1000
          1000 1000 1000 1000 1000 1000 1000 1000 1000 1000 1000 1000
          1000 1000 1000 1000 1000 1000 1000 1000 1000 1000 1000 1000
          1000 1000 1000 1000 1000 1000 1000 1000 1000 1000 1000 1000
          1000 1000 1000 1000 1000 1000 1000 1000 1000 1000 1000 1000
          1000 1000 1000 1000 1000 1000 1000 1000 1000 1000 1000 1000
          1000 1000 1000 1000 1000 1000 1000 1000 1000 1000 1000 1000
          1000 1000 1000 1000 1000 1000 1000 1000 1000 1000 1000 1000
          1000 1000 1000 1000 1000 1000 1000 1000 1000 1000 1000 1000
          1000 1000 1000 1000 1000 1000 1000 1000 1000 1000 1000 1000
          1000 1000 1000 1000 1000 1000 1000 1000 1000 1000 1000 1000
          1000 1000 1000 1000 1000 1000 1000 1000 1000 1000 1000 1000
          1000 1000 1000 1000 1000 1000 1000 1000 1000 1000 1000 1000
          1000 1000 1000 1000 1000 1000 1000 1000 1000 1000 1000 1000
          1000 1000 1000 1000 1000 1000 1000 1000 1000 1000 1000 1000
          1000 1000 1000 1000 1000 1000 1000 1000 1000 1000 1000 1000
          1000 1000 1000 1000 1000 1000 1000 1000 1000 1000 1000 1000
          1000 1000 1000 1000 1000 1000 1000 1000 1000 1000 1000 1000
          1000 1000 1000 1000 1000 1000 1000 1000 1000 1000 1000 1000
          1000 1000 1000 1000 1000 1000 1000 1000 1000 1000 1000 1000
          1000 1000 1000 1000 1000 1000 1000 1000 1000 1000 1000 1000
          1000 1000 1000 1000 1000 1000 1000 1000 1000 1000 1000 1000
          1000 1000 1000 1000 1000 1000 1000 1000 1000 1000 1000 1000
          1000 1000 1000 1000 1000 1000 1000 1000 1000 1000 1000 1000
          1000 1000 1000 1000 1000 1000 1000 1000 1000 1000 1000 1000
          1000 1000 1000 1000 1000 1000 1000 1000 1000 1000 1000 1000
          1000 1000 1000 1000 1000 1000 1000 1000 1000 1000 1000 1000
          1000 1000 1000 1000 1000 1000 1000 1000 1000 1000 1000 1000
          1000 1000 1000 1000 1000 1000 1000 1000 1000 1000 1000 1000
          1000 1000 1000 1000 1000 1000 1000 1000 1000 1000 1000 1000
          1000 1000 1000 1000 1000 1000 1000 1000 1000 1000 1000 1000
          1000 1000 1000 1000 1000 1000 1000 1000 1000 1000 1000 1000
          1000 1000 1000 1000 1000 1000 1000 1000 1000 1000 1000 1000
          1000 1000 1000 1000 1000 1000 1000 1000 1000 1000 1000 1000
          1000 1000 1000 1000 1000 1000 1000 1000 1000 1000 1000 1000
          1000 1000 1000 1000 1000 1000 1000 1000 1000 1000 1000 1000
          1000 1000 1000 1000 1000 1000 1000 1000 1000 1000 1000 1000
          1000 1000 1000 1000 1000 1000 1000 1000 1000 1000 1000 1000
          1000 1000 1000 1000 1000 1000 1000 1000 1000 1000 1000 1000
          1000 1000 1000 1000 1000 1000 1000 1000 1000 1000 1000 1000
          1000 1000 1000 1000 1000 1000 1000 1000 1000 1000 1000 1000
          1000 1000 1000 1000 1000 1000 1000 1000 1000 1000 1000 1000
          1000 1000 1000 1000 1000 1000 1000 1000 1000 1000 1000 1000
          1000 1000 1000 1000 1000 1000 1000 1000 1000 1000 1000 1000
          1000 1000 1000 1000 1000 1000 1000 1000 1000 1000 1000 1000
          1000 1000 1000 1000 1000 1000 1000 1000 1000 1000 1000 1000
          1000 1000 1000 1000 1000 1000 1000 1000 1000 1000 1000 1000
          1000 1000 1000 1000 1000 1000 1000 1000 1000 1000 1000 1000
          1000 1000 1000 1000 1000 1000 1000 1000 1000 1000 1000 1000
          1000 1000 1000 1000 1000 1000 1000 1000 1000 1000 1000 1000
          1000 1000 1000 1000 1000 1000 1000 1000 1000 1000 1000 1000
          1000 1000 1000 1000 1000 1000 1000 1000 1000 1000 1000 1000
          1000 1000 1000 1000 1000 1000 1000 1000 1000 1000 1000 1000
          1000 1000 1000 1000 1000 1000 1000 1000 1000 1000 1000 1000
          1000 1000 1000 1000 1000 1000 1000 1000 1000 1000 1000 1000
          1000 1000 1000 1000 1000 1000 1000 1000 1000 1000 1000 1000
          1000 1000 1000 1000 1000 1000 1000 1000 1000 1000 1000 1000
          1000 1000 1000 1000 1000 1000 1000 1000 1000 1000 1000 1000
          1000 1000 1000 1000 1000 1000 1000 1000 1000 1000 1000 1000
          1000 1000 1000 1000 1000 1000 1000 1000 1000 1000 1000 1000
          1000 1000 1000 1000 1000 1000 1000 1000 1000 1000 1000 1000
          1000 1000 1000 1000 1000 1000 1000 1000 1000 1000 1000 1000
          1000 1000 1000 1000 1000 1000 1000 1000 1000 1000 1000 1000
          1000 1000 1000 1000
        </DataArray>
        <DataArray type="Float32" Name="S_gas" NumberOfComponents="1" format="ascii">
          0 0 0 0 0 0 0 0 0 0 0 0
          0 0 0 0 0 0 0 0 0 0 0 0
          0 0 0 0 0 0 0 0 0 0 0 0
          0 0 0 0 0 0 0 0 0 0 0 0
          0 0 0 0 0 0 0 0 0 0 0 0
          0 0 0 0 0 0 0 0 0 0 0 0
          0 0 0 0 0 0 0 0 0 0 0 0
          0 0 0 0 0 0 0 0 0 0 0 0
          0 0 0 0 0 0 0 0 0 0 0 0
          0 0 0 0 0 0 0 0 0 0 0 0
          0 0 0 0 0 0 0 0 0 0 0 0
          0 0 0 0 0 0 0 0 0 0 0 0
          0 0 0 0 0 0 0 0 0 0 0 0
          0 0 0 0 0 0 0 0 0 0 0 0
          0 0 0 0 0 0 0 0 0 0 0 0
          0 0 0 0 0 0 0 0 0 0 0 0
          0 0 0 0 0 0 0 0 0 0 0 0
          0 0 0 0 0 0 0 0 0 0 0 0
          0 0 0 0 0 0 0 0 0 0 0 0
          0 0 0 0 0 0 0 0 0 0 0 0
          0 0 0 0 0 0 0 0 0 0 0 0
          0 0 0 0 0 0 0 0 0 0 0 0
          0 0 0 0 0 0 0 0 0 0 0 0
          0 0 0 0 0 0 0 0 0 0 0 0
          0 0 0 0 0 0 0 0 0 0 0 0
          0 0 0 0 0 0 0 0 0 0 0 0
          0 0 0 0 0 0 0 0 0 0 0 0
          0 0 0 0 0 0 0 0 0 0 0 0
          0 0 0 0 0 0 0 0 0 0 0 0
          0 0 0 0 0 0 0 0 0 0 0 0
          0 0 0 0 0 0 0 0 0 0 0 0
          0 0 0 0 0 0 0 0 0 0 0 0
          0 0 0 0 0 0 0 0 0 0 0 0
          0 0 0 0 0 0 0 0 0 0 0 0
          0 0 0 0 0 0 0 0 0 0 0 0
          0 0 0 0 0 0 0 0 0 0 0 0
          0 0 0 0 0 0 0 0 0 0 0 0
          0 0 0 0 0 0 0 0 0 0 0 0
          0 0 0 0 0 0 0 0 0 0 0 0
          0 0 0 0 0 0 0 0 0 0 0 0
          0 0 0 0 0 0 0 0 0 0 0 0
          0 0 0 0 0 0 0 0 0 0 0 0
          0 0 0 0 0 0 0 0 0 0 0 0
          0 0 0 0 0 0 0 0 0 0 0 0
          0 0 0 0 0 0 0 0 0 0 0 0
          0 0 0 0 0 0 0 0 0 0 0 0
          0 0 0 0 0 0 0 0 0 0 0 0
          0 0 0 0 0 0 0 0 0 0 0 0
          0 0 0 0 0 0 0 0 0 0 0 0
          0 0 0 0 0 0 0 0 0 0 0 0
          0 0 0 0 0 0 0 0 0 0 0 0
          0 0 0 0 0 0 0 0 0 0 0 0
          0 0 0 0 0 0 0 0 0 0 0 0
          0 0 0 0 0 0 0 0 0 0 0 0
          0 0 0 0 0 0 0 0 0 0 0 0
          0 0 0 0 0 0 0 0 0 0 0 0
          0 0 0 0 0 0 0 0 0 0 0 0
          0 0 0 0 0 0 0 0 0 0 0 0
          0 0 0 0 0 0 0 0 0 0 0 0
          0 0 0 0 0 0 0 0 0 0 0 0
          0 0 0 0 0 0 0 0 0 0 0 0
          0 0 0 0 0 0 0 0 0 0 0 0
          0 0 0 0 0 0 0 0 0 0 0 0
          0 0 0 0 0 0 0 0 0 0 0 0
          0 0 0 0 0 0 0 0 0 0 0 0
          0 0 0 0 0 0 0 0 0 0 0 0
          0 0 0 0 0 0 0 0 0 0 0 0
          0 0 0 0 0 0 0 0 0 0 0 0
          0 0 0 0 0 0 0 0 0 0 0 0
          0 0 0 0 0 0 0 0 0 0 0 0
          0 0 0 0 0 0 0 0 0 0 0 0
          0 0 0 0 0 0 0 0 0 0 0 0
          0 0 0 0 0 0 0 0 0 0 0 0
          0 0 0 0 0 0 0 0 0 0 0 0
          0 0 0 0 0 0 0 0 0 0 0 0
          0 0 0 0 0 0 0 0 0 0 0 0
          0 0 0 0 0 0 0 0 0 0 0 0
          0 0 0 0 0 0 0 0 0 0 0 0
          0 0 0 0 0 0 0 0 0 0 0 0
          0 0 0 0 0 0 0 0 0 0 0 0
          0 0 0 0 0 0 0 0 0 0 0 0
          0 0 0 0 0 0 0 0 0 0 0 0
          0 0 0 0 0 0 0 0 0 0 0 0
          0 0 0 0 0 0 0 0 0 0 0 0
          0 0 0 0 0 0 0 0 0 0 0 0
          0 0 0 0 0 0 0 0 0 0 0 0
          0 0 0 0 0 0 0 0 0 0 0 0
          0 0 0 0 0 0 0 0 0 0 0 0
          0 0 0 0 0 0 0 0 0 0 0 0
          0 0 0 0 0 0 0 0 0 0 0 0
          0 0 0 0 0 0 0 0 0 0 0 0
          0 0 0 0 0 0 0 0 0 0 0 0
          0 0 0 0 0 0 0 0 0 0 0 0
          0 0 0 0 0 0 0 0 0 0 0 0
          0 0 0 0 0 0 0 0 0 0 0 0
          0 0 0 0 0 0 0 0 0 0 0 0
          0 0 0 0 0 0 0 0 0 0 0 0
          0 0 0 0 0 0 0 0 0 0 0 0
          0 0 0 0 0 0 0 0 0 0 0 0
          0 0 0 0 0 0 0 0 0 0 0 0
          0 0 0 0 0 0 0 0 0 0 0 0
          0 0 0 0 0 0 0 0 0 0 0 0
          0 0 0 0 0 0 0 0 0 0 0 0
          0 0 0 0 0 0 0 0 0 0 0 0
          0 0 0 0 0 0 0 0 0 0 0 0
          0 0 0 0 0 0 0 0 0 0 0 0
          0 0 0 0 0 0 0 0 0 0 0 0
          0 0 0 0 0 0 0 0 0 0 0 0
          0 0 0 0 0 0 0 0 0 0 0 0
          0 0 0 0 0 0 0 0 0 0 0 0
          0 0 0 0 0 0 0 0 0 0 0 0
          0 0 0 0 0 0 0 0 0 0 0 0
          0 0 0 0 0 0 0 0 0 0 0 0
          0 0 0 0 0 0 0 0 0 0 0 0
          0 0 0 0 0 0 0 0 0 0 0 0
          0 0 0 0 0 0 0 0 0 0 0 0
          0 0 0 0 0 0 0 0 0 0 0 0
          0 0 0 0 0 0 0 0 0 0 0 0
          0 0 0 0 0 0 0 0 0 0 0 0
          0 0 0 0 0 0 0 0 0 0 0 0
          0 0 0 0 0 0 0 0 0 0 0 0
          0 0 0 0 0 0 0 0 0 0 0 0
          0 0 0 0 0 0 0 0 0 0 0 0
          0 0 0 0 0 0 0 0 0 0 0 0
          0 0 0 0 0 0 0 0 0 0 0 0
          0 0 0 0 0 0 0 0 0 0 0 0
          0 0 0 0 0 0 0 0 0 0 0 0
          0 0 0 0 0 0 0 0 0 0 0 0
          0 0 0 0 0 0 0 0 0 0 0 0
          0 0 0 0 0 0 0 0 0 0 0 0
          0 0 0 0 0 0 0 0 0 0 0 0
          0 0 0 0 0 0 0 0 0 0 0 0
          0 0 0 0 0 0 0 0 0 0 0 0
          0 0 0 0 0 0 0 0 0 0 0 0
          0 0 0 0 0 0 0 0 0 0 0 0
          0 0 0 0 0 0 0 0 0 0 0 0
          0 0 0 0 0 0 0 0 0 0 0 0
          0 0 0 0 0 0 0 0 0 0 0 0
          0 0 0 0 0 0 0 0 0 0 0 0
          0 0 0 0 0 0 0 0 0 0 0 0
          0 0 0 0 0 0 0 0 0 0 0 0
          0 0 0 0 0 0 0 0 0 0 0 0
          0 0 0 0 0 0 0 0 0 0 0 0
          0 0 0 0 0 0 0 0 0 0 0 0
          0 0 0 0 0 0 0 0 0 0 0 0
          0 0 0 0 0 0 0 0 0 0 0 0
          0 0 0 0 0 0 0 0 0 0 0 0
          0 0 0 0 0 0 0 0 0 0 0 0
          0 0 0 0 0 0 0 0 0 0 0 0
          0 0 0 0 0 0 0 0 0 0 0 0
          0 0 0 0 0 0 0 0 0 0 0 0
          0 0 0 0 0 0 0 0 0 0 0 0
          0 0 0 0 0 0 0 0 0 0 0 0
          0 0 0 0 0 0 0 0 0 0 0 0
          0 0 0 0 0 0 0 0 0 0 0 0
          0 0 0 0 0 0 0 0 0 0 0 0
          0 0 0 0 0 0 0 0 0 0 0 0
          0 0 0 0 0 0 0 0 0 0 0 0
          0 0 0 0 0 0 0 0 0 0 0 0
          0 0 0 0 0 0 0 0 0 0 0 0
          0 0 0 0 0 0 0 0 0 0 0 0
          0 0 0 0 0 0 0 0 0 0 0 0
          0 0 0 0 0 0 0 0 0 0 0 0
          0 0 0 0 0 0 0 0 0 0 0 0
          0 0 0 0 0 0 0 0 0 0 0 0
          0 0 0 0 0 0 0 0 0 0 0 0
          0 0 0 0 0 0 0 0 0 0 0 0
          0 0 0 0 0 0 0 0 0 0 0 0
          0 0 0 0 0 0 0 0 0 0 0 0
          0 0 0 0 0 0 0 0 0 0 0 0
          0 0 0 0 0 0 0 0 0 0 0 0
          0 0 0 0 0 0 0 0 0 0 0 0
          0 0 0 0 0 0 0 0 0 0 0 0
          0 0 0 0 0 0 0 0 0 0 0 0
          0 0 0 0 0 0 0 0 0 0 0 0
          0 0 0 0 0 0 0 0 0 0 0 0
          0 0 0 0 0 0 0 0 0 0 0 0
          0 0 0 0 0 0 0 0 0 0 0 0
          0 0 0 0 0 0 0 0 0 0 0 0
          0 0 0 0 0 0 0 0 0 0 0 0
          0 0 0 0 0 0 0 0 0 0 0 0
          0 0 0 0 0 0 0 0 0 0 0 0
          0 0 0 0 0 0 0 0 0 0 0 0
          0 0 0 0 0 0 0 0 0 0 0 0
          0 0 0 0 0 0 0 0 0 0 0 0
          0 0 0 0 0 0 0 0 0 0 0 0
          0 0 0 0 0 0 0 0 0 0 0 0
          0 0 0 0 0 0 0 0 0 0 0 0
          0 0 0 0 0 0 0 0 0 0 0 0
          0 0 0 0 0 0 0 0 0 0 0 0
          0 0 0 0 0 0 0 0 0 0 0 0
          0 0 0 0 0 0 0 0 0 0 0 0
          0 0 0 0 0 0 0 0 0 0 0 0
          0 0 0 0 0 0 0 0 0 0 0 0
          0 0 0 0 0 0 0 0 0 0 0 0
          0 0 0 0 0 0 0 0 0 0 0 0
          0 0 0 0
        </DataArray>
        <DataArray type="Float32" Name="p_gas" NumberOfComponents="1" format="ascii">
          1.80042e+07 1.80025e+07 1.79846e+07 1.79829e+07 1.80008e+07 1.79812e+07 1.79991e+07 1.79795e+07 1.79974e+07 1.79778e+07 1.79958e+07 1.79762e+07
          1.79941e+07 1.79745e+07 1.79924e+07 1.79728e+07 1.79908e+07 1.79712e+07 1.79891e+07 1.79695e+07 1.79875e+07 1.79679e+07 1.79859e+07 1.79663e+07
          1.79843e+07 1.79646e+07 1.79826e+07 1.7963e+07 1.7981e+07 1.79614e+07 1.79794e+07 1.79598e+07 1.79778e+07 1.79582e+07 1.79762e+07 1.79566e+07
          1.79746e+07 1.7955e+07 1.79731e+07 1.79534e+07 1.79715e+07 1.79519e+07 1.79699e+07 1.79503e+07 1.79684e+07 1.79487e+07 1.79668e+07 1.79472e+07
          1.79653e+07 1.79456e+07 1.79637e+07 1.79441e+07 1.79622e+07 1.79426e+07 1.79606e+07 1.7941e+07 1.79591e+07 1.79395e+07 1.79576e+07 1.7938e+07
          1.79561e+07 1.79365e+07 1.79546e+07 1.7935e+07 1.79531e+07 1.79335e+07 1.79516e+07 1.7932e+07 1.79501e+07 1.79305e+07 1.79486e+07 1.7929e+07
          1.79471e+07 1.79275e+07 1.79457e+07 1.79261e+07 1.79442e+07 1.79246e+07 1.79427e+07 1.79231e+07 1.79413e+07 1.79217e+07 1.79398e+07 1.79202e+07
          1.79384e+07 1.79188e+07 1.7937e+07 1.79173e+07 1.79355e+07 1.79159e+07 1.79341e+07 1.79145e+07 1.79327e+07 1.79131e+07 1.79313e+07 1.79116e+07
          1.79298e+07 1.79102e+07 1.79284e+07 1.79088e+07 1.7927e+07 1.79074e+07 1.79256e+07 1.7906e+07 1.79243e+07 1.79046e+07 1.79229e+07 1.79033e+07
          1.79215e+07 1.79019e+07 1.79201e+07 1.79005e+07 1.79187e+07 1.78991e+07 1.79174e+07 1.78978e+07 1.7916e+07 1.78964e+07 1.79147e+07 1.7895e+07
          1.79133e+07 1.78937e+07 1.7912e+07 1.78923e+07 1.79106e+07 1.7891e+07 1.79093e+07 1.78897e+07 1.79079e+07 1.78883e+07 1.79066e+07 1.7887e+07
          1.79053e+07 1.78857e+07 1.7904e+07 1.78844e+07 1.79027e+07 1.7883e+07 1.79014e+07 1.78817e+07 1.79e+07 1.78804e+07 1.78987e+07 1.78791e+07
          1.78975e+07 1.78778e+07 1.78962e+07 1.78765e+07 1.78949e+07 1.78753e+07 1.78936e+07 1.7874e+07 1.7965e+07 1.79633e+07 1.79616e+07 1.79599e+07
          1.79582e+07 1.79565e+07 1.79549e+07 1.79532e+07 1.79516e+07 1.79499e+07 1.79483e+07 1.79466e+07 1.7945e+07 1.79434e+07 1.79418e+07 1.79402e+07
          1.79386e+07 1.7937e+07 1.79354e+07 1.79338e+07 1.79323e+07 1.79307e+07 1.79291e+07 1.79276e+07 1.7926e+07 1.79245e+07 1.79229e+07 1.79214e+07
          1.79199e+07 1.79184e+07 1.79169e+07 1.79154e+07 1.79139e+07 1.79124e+07 1.79109e+07 1.79094e+07 1.79079e+07 1.79064e+07 1.7905e+07 1.79035e+07
          1.79021e+07 1.79006e+07 1.78992e+07 1.78977e+07 1.78963e+07 1.78949e+07 1.78934e+07 1.7892e+07 1.78906e+07 1.78892e+07 1.78878e+07 1.78864e+07
          1.7885e+07 1.78836e+07 1.78823e+07 1.78809e+07 1.78795e+07 1.78781e+07 1.78768e+07 1.78754e+07 1.78741e+07 1.78727e+07 1.78714e+07 1.787e+07
          1.78687e+07 1.78674e+07 1.78661e+07 1.78647e+07 1.78634e+07 1.78621e+07 1.78608e+07 1.78595e+07 1.78582e+07 1.78569e+07 1.78556e+07 1.78544e+07
          1.79454e+07 1.79437e+07 1.7942e+07 1.79403e+07 1.79386e+07 1.79369e+07 1.79353e+07 1.79336e+07 1.7932e+07 1.79303e+07 1.79287e+07 1.7927e+07
          1.79254e+07 1.79238e+07 1.79222e+07 1.79206e+07 1.7919e+07 1.79174e+07 1.79158e+07 1.79142e+07 1.79126e+07 1.79111e+07 1.79095e+07 1.7908e+07
          1.79064e+07 1.79049e+07 1.79033e+07 1.79018e+07 1.79003e+07 1.78988e+07 1.78973e+07 1.78957e+07 1.78942e+07 1.78928e+07 1.78913e+07 1.78898e+07
          1.78883e+07 1.78868e+07 1.78854e+07 1.78839e+07 1.78824e+07 1.7881e+07 1.78796e+07 1.78781e+07 1.78767e+07 1.78753e+07 1.78738e+07 1.78724e+07
          1.7871e+07 1.78696e+07 1.78682e+07 1.78668e+07 1.78654e+07 1.7864e+07 1.78626e+07 1.78613e+07 1.78599e+07 1.78585e+07 1.78572e+07 1.78558e+07
          1.78545e+07 1.78531e+07 1.78518e+07 1.78504e+07 1.78491e+07 1.78478e+07 1.78464e+07 1.78451e+07 1.78438e+07 1.78425e+07 1.78412e+07 1.78399e+07
          1.78386e+07 1.78373e+07 1.7836e+07 1.78347e+07 1.79258e+07 1.79241e+07 1.79224e+07 1.79207e+07 1.7919e+07 1.79173e+07 1.79157e+07 1.7914e+07
          1.79123e+07 1.79107e+07 1.79091e+07 1.79074e+07 1.79058e+07 1.79042e+07 1.79026e+07 1.7901e+07 1.78994e+07 1.78978e+07 1.78962e+07 1.78946e+07
          1.7893e+07 1.78915e+07 1.78899e+07 1.78883e+07 1.78868e+07 1.78853e+07 1.78837e+07 1.78822e+07 1.78807e+07 1.78791e+07 1.78776e+07 1.78761e+07
          1.78746e+07 1.78731e+07 1.78716e+07 1.78702e+07 1.78687e+07 1.78672e+07 1.78658e+07 1.78643e+07 1.78628e+07 1.78614e+07 1.78599e+07 1.78585e+07
          1.78571e+07 1.78556e+07 1.78542e+07 1.78528e+07 1.78514e+07 1.785e+07 1.78486e+07 1.78472e+07 1.78458e+07 1.78444e+07 1.7843e+07 1.78416e+07
          1.78403e+07 1.78389e+07 1.78375e+07 1.78362e+07 1.78348e+07 1.78335e+07 1.78322e+07 1.78308e+07 1.78295e+07 1.78282e+07 1.78268e+07 1.78255e+07
          1.78242e+07 1.78229e+07 1.78216e+07 1.78203e+07 1.7819e+07 1.78177e+07 1.78164e+07 1.78151e+07 1.79062e+07 1.79044e+07 1.79028e+07 1.79011e+07
          1.78994e+07 1.78977e+07 1.7896e+07 1.78944e+07 1.78927e+07 1.78911e+07 1.78894e+07 1.78878e+07 1.78862e+07 1.78846e+07 1.7883e+07 1.78813e+07
          1.78797e+07 1.78782e+07 1.78766e+07 1.7875e+07 1.78734e+07 1.78718e+07 1.78703e+07 1.78687e+07 1.78672e+07 1.78656e+07 1.78641e+07 1.78626e+07
          1.78611e+07 1.78595e+07 1.7858e+07 1.78565e+07 1.7855e+07 1.78535e+07 1.7852e+07 1.78506e+07 1.78491e+07 1.78476e+07 1.78461e+07 1.78447e+07
          1.78432e+07 1.78418e+07 1.78403e+07 1.78389e+07 1.78375e+07 1.7836e+07 1.78346e+07 1.78332e+07 1.78318e+07 1.78304e+07 1.7829e+07 1.78276e+07
          1.78262e+07 1.78248e+07 1.78234e+07 1.7822e+07 1.78207e+07 1.78193e+07 1.78179e+07 1.78166e+07 1.78152e+07 1.78139e+07 1.78125e+07 1.78112e+07
          1.78099e+07 1.78085e+07 1.78072e+07 1.78059e+07 1.78046e+07 1.78033e+07 1.7802e+07 1.78007e+07 1.77994e+07 1.77981e+07 1.77968e+07 1.77955e+07
          1.78865e+07 1.78848e+07 1.78831e+07 1.78815e+07 1.78798e+07 1.78781e+07 1.78764e+07 1.78748e+07 1.78731e+07 1.78715e+07 1.78698e+07 1.78682e+07
          1.78666e+07 1.7865e+07 1.78633e+07 1.78617e+07 1.78601e+07 1.78585e+07 1.7857e+07 1.78554e+07 1.78538e+07 1.78522e+07 1.78507e+07 1.78491e+07
          1.78476e+07 1.7846e+07 1.78445e+07 1.7843e+07 1.78414e+07 1.78399e+07 1.78384e+07 1.78369e+07 1.78354e+07 1.78339e+07 1.78324e+07 1.78309e+07
          1.78295e+07 1.7828e+07 1.78265e+07 1.78251e+07 1.78236e+07 1.78222e+07 1.78207e+07 1.78193e+07 1.78178e+07 1.78164e+07 1.7815e+07 1.78136e+07
          1.78122e+07 1.78108e+07 1.78094e+07 1.7808e+07 1.78066e+07 1.78052e+07 1.78038e+07 1.78024e+07 1.7801e+07 1.77997e+07 1.77983e+07 1.7797e+07
          1.77956e+07 1.77943e+07 1.77929e+07 1.77916e+07 1.77902e+07 1.77889e+07 1.77876e+07 1.77863e+07 1.7785e+07 1.77836e+07 1.77823e+07 1.7781e+07
          1.77797e+07 1.77785e+07 1.77772e+07 1.77759e+07 1.78669e+07 1.78652e+07 1.78635e+07 1.78618e+07 1.78602e+07 1.78585e+07 1.78568e+07 1.78552e+07
          1.78535e+07 1.78519e+07 1.78502e+07 1.78486e+07 1.7847e+07 1.78453e+07 1.78437e+07 1.78421e+07 1.78405e+07 1.78389e+07 1.78373e+07 1.78358e+07
          1.78342e+07 1.78326e+07 1.78311e+07 1.78295e+07 1.7828e+07 1.78264e+07 1.78249e+07 1.78233e+07 1.78218e+07 1.78203e+07 1.78188e+07 1.78173e+07
          1.78158e+07 1.78143e+07 1.78128e+07 1.78113e+07 1.78098e+07 1.78084e+07 1.78069e+07 1.78054e+07 1.7804e+07 1.78025e+07 1.78011e+07 1.77997e+07
          1.77982e+07 1.77968e+07 1.77954e+07 1.7794e+07 1.77925e+07 1.77911e+07 1.77897e+07 1.77883e+07 1.77869e+07 1.77856e+07 1.77842e+07 1.77828e+07
          1.77814e+07 1.77801e+07 1.77787e+07 1.77773e+07 1.7776e+07 1.77746e+07 1.77733e+07 1.7772e+07 1.77706e+07 1.77693e+07 1.7768e+07 1.77667e+07
          1.77653e+07 1.7764e+07 1.77627e+07 1.77614e+07 1.77601e+07 1.77588e+07 1.77575e+07 1.77563e+07 1.78473e+07 1.78456e+07 1.78439e+07 1.78422e+07
          1.78406e+07 1.78389e+07 1.78372e+07 1.78355e+07 1.78339e+07 1.78322e+07 1.78306e+07 1.7829e+07 1.78273e+07 1.78257e+07 1.78241e+07 1.78225e+07
          1.78209e+07 1.78193e+07 1.78177e+07 1.78161e+07 1.78146e+07 1.7813e+07 1.78114e+07 1.78099e+07 1.78083e+07 1.78068e+07 1.78053e+07 1.78037e+07
          1.78022e+07 1.78007e+07 1.77992e+07 1.77977e+07 1.77962e+07 1.77947e+07 1.77932e+07 1.77917e+07 1.77902e+07 1.77888e+07 1.77873e+07 1.77858e+07
          1.77844e+07 1.77829e+07 1.77815e+07 1.778e+07 1.77786e+07 1.77772e+07 1.77758e+07 1.77743e+07 1.77729e+07 1.77715e+07 1.77701e+07 1.77687e+07
          1.77673e+07 1.77659e+07 1.77646e+07 1.77632e+07 1.77618e+07 1.77604e+07 1.77591e+07 1.77577e+07 1.77564e+07 1.7755e+07 1.77537e+07 1.77523e+07
          1.7751e+07 1.77497e+07 1.77484e+07 1.7747e+07 1.77457e+07 1.77444e+07 1.77431e+07 1.77418e+07 1.77405e+07 1.77392e+07 1.77379e+07 1.77366e+07
          1.78277e+07 1.7826e+07 1.78243e+07 1.78226e+07 1.78209e+07 1.78193e+07 1.78176e+07 1.78159e+07 1.78143e+07 1.78126e+07 1.7811e+07 1.78094e+07
          1.78077e+07 1.78061e+07 1.78045e+07 1.78029e+07 1.78013e+07 1.77997e+07 1.77981e+07 1.77965e+07 1.7795e+07 1.77934e+07 1.77918e+07 1.77903e+07
          1.77887e+07 1.77872e+07 1.77857e+07 1.77841e+07 1.77826e+07 1.77811e+07 1.77796e+07 1.77781e+07 1.77766e+07 1.77751e+07 1.77736e+07 1.77721e+07
          1.77706e+07 1.77691e+07 1.77677e+07 1.77662e+07 1.77648e+07 1.77633e+07 1.77619e+07 1.77604e+07 1.7759e+07 1.77576e+07 1.77561e+07 1.77547e+07
          1.77533e+07 1.77519e+07 1.77505e+07 1.77491e+07 1.77477e+07 1.77463e+07 1.77449e+07 1.77436e+07 1.77422e+07 1.77408e+07 1.77395e+07 1.77381e+07
          1.77368e+07 1.77354e+07 1.77341e+07 1.77327e+07 1.77314e+07 1.77301e+07 1.77287e+07 1.77274e+07 1.77261e+07 1.77248e+07 1.77235e+07 1.77222e+07
          1.77209e+07 1.77196e+07 1.77183e+07 1.7717e+07 1.78081e+07 1.78064e+07 1.78047e+07 1.7803e+07 1.78013e+07 1.77997e+07 1.7798e+07 1.77963e+07
          1.77947e+07 1.7793e+07 1.77914e+07 1.77898e+07 1.77881e+07 1.77865e+07 1.77849e+07 1.77833e+07 1.77817e+07 1.77801e+07 1.77785e+07 1.77769e+07
          1.77754e+07 1.77738e+07 1.77722e+07 1.77707e+07 1.77691e+07 1.77676e+07 1.7766e+07 1.77645e+07 1.7763e+07 1.77615e+07 1.776e+07 1.77584e+07
          1.77569e+07 1.77554e+07 1.7754e+07 1.77525e+07 1.7751e+07 1.77495e+07 1.77481e+07 1.77466e+07 1.77451e+07 1.77437e+07 1.77422e+07 1.77408e+07
          1.77394e+07 1.7738e+07 1.77365e+07 1.77351e+07 1.77337e+07 1.77323e+07 1.77309e+07 1.77295e+07 1.77281e+07 1.77267e+07 1.77253e+07 1.7724e+07
          1.77226e+07 1.77212e+07 1.77198e+07 1.77185e+07 1.77171e+07 1.77158e+07 1.77144e+07 1.77131e+07 1.77118e+07 1.77104e+07 1.77091e+07 1.77078e+07
          1.77065e+07 1.77052e+07 1.77039e+07 1.77026e+07 1.77013e+07 1.77e+07 1.76987e+07 1.76974e+07 1.77885e+07 1.77868e+07 1.77851e+07 1.77834e+07
          1.77817e+07 1.778e+07 1.77784e+07 1.77767e+07 1.77751e+07 1.77734e+07 1.77718e+07 1.77701e+07 1.77685e+07 1.77669e+07 1.77653e+07 1.77637e+07
          1.77621e+07 1.77605e+07 1.77589e+07 1.77573e+07 1.77557e+07 1.77542e+07 1.77526e+07 1.77511e+07 1.77495e+07 1.7748e+07 1.77464e+07 1.77449e+07
          1.77434e+07 1.77418e+07 1.77403e+07 1.77388e+07 1.77373e+07 1.77358e+07 1.77343e+07 1.77329e+07 1.77314e+07 1.77299e+07 1.77284e+07 1.7727e+07
          1.77255e+07 1.77241e+07 1.77226e+07 1.77212e+07 1.77198e+07 1.77183e+07 1.77169e+07 1.77155e+07 1.77141e+07 1.77127e+07 1.77113e+07 1.77099e+07
          1.77085e+07 1.77071e+07 1.77057e+07 1.77043e+07 1.7703e+07 1.77016e+07 1.77002e+07 1.76989e+07 1.76975e+07 1.76962e+07 1.76948e+07 1.76935e+07
          1.76922e+07 1.76908e+07 1.76895e+07 1.76882e+07 1.76869e+07 1.76856e+07 1.76842e+07 1.76829e+07 1.76816e+07 1.76804e+07 1.76791e+07 1.76778e+07
          1.77689e+07 1.77672e+07 1.77655e+07 1.77638e+07 1.77621e+07 1.77604e+07 1.77588e+07 1.77571e+07 1.77555e+07 1.77538e+07 1.77522e+07 1.77505e+07
          1.77489e+07 1.77473e+07 1.77457e+07 1.77441e+07 1.77425e+07 1.77409e+07 1.77393e+07 1.77377e+07 1.77361e+07 1.77346e+07 1.7733e+07 1.77314e+07
          1.77299e+07 1.77283e+07 1.77268e+07 1.77253e+07 1.77238e+07 1.77222e+07 1.77207e+07 1.77192e+07 1.77177e+07 1.77162e+07 1.77147e+07 1.77132e+07
          1.77118e+07 1.77103e+07 1.77088e+07 1.77074e+07 1.77059e+07 1.77045e+07 1.7703e+07 1.77016e+07 1.77001e+07 1.76987e+07 1.76973e+07 1.76959e+07
          1.76945e+07 1.76931e+07 1.76917e+07 1.76903e+07 1.76889e+07 1.76875e+07 1.76861e+07 1.76847e+07 1.76833e+07 1.7682e+07 1.76806e+07 1.76793e+07
          1.76779e+07 1.76766e+07 1.76752e+07 1.76739e+07 1.76725e+07 1.76712e+07 1.76699e+07 1.76686e+07 1.76672e+07 1.76659e+07 1.76646e+07 1.76633e+07
          1.7662e+07 1.76607e+07 1.76594e+07 1.76582e+07 1.77493e+07 1.77476e+07 1.77459e+07 1.77442e+07 1.77425e+07 1.77408e+07 1.77392e+07 1.77375e+07
          1.77358e+07 1.77342e+07 1.77326e+07 1.77309e+07 1.77293e+07 1.77277e+07 1.77261e+07 1.77244e+07 1.77228e+07 1.77213e+07 1.77197e+07 1.77181e+07
          1.77165e+07 1.77149e+07 1.77134e+07 1.77118e+07 1.77103e+07 1.77087e+07 1.77072e+07 1.77057e+07 1.77041e+07 1.77026e+07 1.77011e+07 1.76996e+07
          1.76981e+07 1.76966e+07 1.76951e+07 1.76936e+07 1.76922e+07 1.76907e+07 1.76892e+07 1.76878e+07 1.76863e+07 1.76848e+07 1.76834e+07 1.7682e+07
          1.76805e+07 1.76791e+07 1.76777e+07 1.76763e+07 1.76748e+07 1.76734e+07 1.7672e+07 1.76706e+07 1.76692e+07 1.76679e+07 1.76665e+07 1.76651e+07
          1.76637e+07 1.76624e+07 1.7661e+07 1.76596e+07 1.76583e+07 1.76569e+07 1.76556e+07 1.76543e+07 1.76529e+07 1.76516e+07 1.76503e+07 1.76489e+07
          1.76476e+07 1.76463e+07 1.7645e+07 1.76437e+07 1.76424e+07 1.76411e+07 1.76398e+07 1.76385e+07 1.77297e+07 1.7728e+07 1.77263e+07 1.77246e+07
          1.77229e+07 1.77212e+07 1.77196e+07 1.77179e+07 1.77162e+07 1.77146e+07 1.77129e+07 1.77113e+07 1.77097e+07 1.77081e+07 1.77064e+07 1.77048e+07
          1.77032e+07 1.77016e+07 1.77001e+07 1.76985e+07 1.76969e+07 1.76953e+07 1.76938e+07 1.76922e+07 1.76907e+07 1.76891e+07 1.76876e+07 1.76861e+07
          1.76845e+07 1.7683e+07 1.76815e+07 1.768e+07 1.76785e+07 1.7677e+07 1.76755e+07 1.7674e+07 1.76725e+07 1.76711e+07 1.76696e+07 1.76681e+07
          1.76667e+07 1.76652e+07 1.76638e+07 1.76624e+07 1.76609e+07 1.76595e+07 1.76581e+07 1.76566e+07 1.76552e+07 1.76538e+07 1.76524e+07 1.7651e+07
          1.76496e+07 1.76482e+07 1.76469e+07 1.76455e+07 1.76441e+07 1.76427e+07 1.76414e+07 1.764e+07 1.76387e+07 1.76373e+07 1.7636e+07 1.76346e+07
          1.76333e+07 1.7632e+07 1.76306e+07 1.76293e+07 1.7628e+07 1.76267e+07 1.76254e+07 1.76241e+07 1.76228e+07 1.76215e+07 1.76202e+07 1.76189e+07
          1.77101e+07 1.77084e+07 1.77067e+07 1.7705e+07 1.77033e+07 1.77016e+07 1.76999e+07 1.76983e+07 1.76966e+07 1.7695e+07 1.76933e+07 1.76917e+07
          1.76901e+07 1.76884e+07 1.76868e+07 1.76852e+07 1.76836e+07 1.7682e+07 1.76804e+07 1.76789e+07 1.76773e+07 1.76757e+07 1.76742e+07 1.76726e+07
          1.76711e+07 1.76695e+07 1.7668e+07 1.76664e+07 1.76649e+07 1.76634e+07 1.76619e+07 1.76604e+07 1.76589e+07 1.76574e+07 1.76559e+07 1.76544e+07
          1.76529e+07 1.76515e+07 1.765e+07 1.76485e+07 1.76471e+07 1.76456e+07 1.76442e+07 1.76427e+07 1.76413e+07 1.76399e+07 1.76384e+07 1.7637e+07
          1.76356e+07 1.76342e+07 1.76328e+07 1.76314e+07 1.763e+07 1.76286e+07 1.76272e+07 1.76259e+07 1.76245e+07 1.76231e+07 1.76218e+07 1.76204e+07
          1.76191e+07 1.76177e+07 1.76164e+07 1.7615e+07 1.76137e+07 1.76124e+07 1.7611e+07 1.76097e+07 1.76084e+07 1.76071e+07 1.76058e+07 1.76045e+07
          1.76032e+07 1.76019e+07 1.76006e+07 1.75993e+07 1.76905e+07 1.76888e+07 1.76871e+07 1.76854e+07 1.76837e+07 1.7682e+07 1.76803e+07 1.76787e+07
          1.7677e+07 1.76754e+07 1.76737e+07 1.76721e+07 1.76705e+07 1.76688e+07 1.76672e+07 1.76656e+07 1.7664e+07 1.76624e+07 1.76608e+07 1.76593e+07
          1.76577e+07 1.76561e+07 1.76545e+07 1.7653e+07 1.76514e+07 1.76499e+07 1.76484e+07 1.76468e+07 1.76453e+07 1.76438e+07 1.76423e+07 1.76408e+07
          1.76393e+07 1.76378e+07 1.76363e+07 1.76348e+07 1.76333e+07 1.76318e+07 1.76304e+07 1.76289e+07 1.76275e+07 1.7626e+07 1.76246e+07 1.76231e+07
          1.76217e+07 1.76203e+07 1.76188e+07 1.76174e+07 1.7616e+07 1.76146e+07 1.76132e+07 1.76118e+07 1.76104e+07 1.7609e+07 1.76076e+07 1.76063e+07
          1.76049e+07 1.76035e+07 1.76021e+07 1.76008e+07 1.75994e+07 1.75981e+07 1.75967e+07 1.75954e+07 1.75941e+07 1.75927e+07 1.75914e+07 1.75901e+07
          1.75888e+07 1.75875e+07 1.75862e+07 1.75848e+07 1.75836e+07 1.75823e+07 1.7581e+07 1.75797e+07 1.76709e+07 1.76692e+07 1.76675e+07 1.76658e+07
          1.76641e+07 1.76624e+07 1.76607e+07 1.76591e+07 1.76574e+07 1.76558e+07 1.76541e+07 1.76525e+07 1.76509e+07 1.76492e+07 1.76476e+07 1.7646e+07
          1.76444e+07 1.76428e+07 1.76412e+07 1.76396e+07 1.76381e+07 1.76365e+07 1.76349e+07 1.76334e+07 1.76318e+07 1.76303e+07 1.76287e+07 1.76272e+07
          1.76257e+07 1.76242e+07 1.76227e+07 1.76211e+07 1.76196e+07 1.76182e+07 1.76167e+07 1.76152e+07 1.76137e+07 1.76122e+07 1.76108e+07 1.76093e+07
          1.76078e+07 1.76064e+07 1.76049e+07 1.76035e+07 1.76021e+07 1.76006e+07 1.75992e+07 1.75978e+07 1.75964e+07 1.7595e+07 1.75936e+07 1.75922e+07
          1.75908e+07 1.75894e+07 1.7588e+07 1.75866e+07 1.75853e+07 1.75839e+07 1.75825e+07 1.75812e+07 1.75798e+07 1.75785e+07 1.75771e+07 1.75758e+07
          1.75744e+07 1.75731e+07 1.75718e+07 1.75705e+07 1.75692e+07 1.75678e+07 1.75665e+07 1.75652e+07 1.75639e+07 1.75626e+07 1.75613e+07 1.75601e+07
          1.76513e+07 1.76496e+07 1.76479e+07 1.76462e+07 1.76445e+07 1.76428e+07 1.76411e+07 1.76395e+07 1.76378e+07 1.76361e+07 1.76345e+07 1.76329e+07
          1.76312e+07 1.76296e+07 1.7628e+07 1.76264e+07 1.76248e+07 1.76232e+07 1.76216e+07 1.762e+07 1.76185e+07 1.76169e+07 1.76153e+07 1.76138e+07
          1.76122e+07 1.76107e+07 1.76091e+07 1.76076e+07 1.76061e+07 1.76046e+07 1.7603e+07 1.76015e+07 1.76e+07 1.75985e+07 1.7597e+07 1.75956e+07
          1.75941e+07 1.75926e+07 1.75911e+07 1.75897e+07 1.75882e+07 1.75868e+07 1.75853e+07 1.75839e+07 1.75825e+07 1.7581e+07 1.75796e+07 1.75782e+07
          1.75768e+07 1.75754e+07 1.7574e+07 1.75726e+07 1.75712e+07 1.75698e+07 1.75684e+07 1.7567e+07 1.75656e+07 1.75643e+07 1.75629e+07 1.75616e+07
          1.75602e+07 1.75589e+07 1.75575e+07 1.75562e+07 1.75548e+07 1.75535e+07 1.75522e+07 1.75509e+07 1.75495e+07 1.75482e+07 1.75469e+07 1.75456e+07
          1.75443e+07 1.7543e+07 1.75417e+07 1.75404e+07 1.76317e+07 1.76299e+07 1.76282e+07 1.76266e+07 1.76249e+07 1.76232e+07 1.76215e+07 1.76198e+07
          1.76182e+07 1.76165e+07 1.76149e+07 1.76133e+07 1.76116e+07 1.761e+07 1.76084e+07 1.76068e+07 1.76052e+07 1.76036e+07 1.7602e+07 1.76004e+07
          1.75988e+07 1.75973e+07 1.75957e+07 1.75942e+07 1.75926e+07 1.75911e+07 1.75895e+07 1.7588e+07 1.75865e+07 1.75849e+07 1.75834e+07 1.75819e+07
          1.75804e+07 1.75789e+07 1.75774e+07 1.75759e+07 1.75745e+07 1.7573e+07 1.75715e+07 1.75701e+07 1.75686e+07 1.75672e+07 1.75657e+07 1.75643e+07
          1.75628e+07 1.75614e+07 1.756e+07 1.75586e+07 1.75572e+07 1.75557e+07 1.75543e+07 1.75529e+07 1.75516e+07 1.75502e+07 1.75488e+07 1.75474e+07
          1.7546e+07 1.75447e+07 1.75433e+07 1.75419e+07 1.75406e+07 1.75392e+07 1.75379e+07 1.75365e+07 1.75352e+07 1.75339e+07 1.75326e+07 1.75312e+07
          1.75299e+07 1.75286e+07 1.75273e+07 1.7526e+07 1.75247e+07 1.75234e+07 1.75221e+07 1.75208e+07 1.7612e+07 1.76103e+07 1.76086e+07 1.76069e+07
          1.76053e+07 1.76036e+07 1.76019e+07 1.76002e+07 1.75986e+07 1.75969e+07 1.75953e+07 1.75936e+07 1.7592e+07 1.75904e+07 1.75888e+07 1.75872e+07
          1.75856e+07 1.7584e+07 1.75824e+07 1.75808e+07 1.75792e+07 1.75777e+07 1.75761e+07 1.75745e+07 1.7573e+07 1.75714e+07 1.75699e+07 1.75684e+07
          1.75668e+07 1.75653e+07 1.75638e+07 1.75623e+07 1.75608e+07 1.75593e+07 1.75578e+07 1.75563e+07 1.75549e+07 1.75534e+07 1.75519e+07 1.75505e+07
          1.7549e+07 1.75475e+07 1.75461e+07 1.75447e+07 1.75432e+07 1.75418e+07 1.75404e+07 1.7539e+07 1.75375e+07 1.75361e+07 1.75347e+07 1.75333e+07
          1.75319e+07 1.75305e+07 1.75292e+07 1.75278e+07 1.75264e+07 1.7525e+07 1.75237e+07 1.75223e+07 1.7521e+07 1.75196e+07 1.75183e+07 1.75169e+07
          1.75156e+07 1.75143e+07 1.75129e+07 1.75116e+07 1.75103e+07 1.7509e+07 1.75077e+07 1.75064e+07 1.75051e+07 1.75038e+07 1.75025e+07 1.75012e+07
          1.75924e+07 1.75907e+07 1.7589e+07 1.75873e+07 1.75856e+07 1.7584e+07 1.75823e+07 1.75806e+07 1.7579e+07 1.75773e+07 1.75757e+07 1.7574e+07
          1.75724e+07 1.75708e+07 1.75692e+07 1.75676e+07 1.7566e+07 1.75644e+07 1.75628e+07 1.75612e+07 1.75596e+07 1.7558e+07 1.75565e+07 1.75549e+07
          1.75534e+07 1.75518e+07 1.75503e+07 1.75488e+07 1.75472e+07 1.75457e+07 1.75442e+07 1.75427e+07 1.75412e+07 1.75397e+07 1.75382e+07 1.75367e+07
          1.75352e+07 1.75338e+07 1.75323e+07 1.75308e+07 1.75294e+07 1.75279e+07 1.75265e+07 1.7525e+07 1.75236e+07 1.75222e+07 1.75208e+07 1.75193e+07
          1.75179e+07 1.75165e+07 1.75151e+07 1.75137e+07 1.75123e+07 1.75109e+07 1.75095e+07 1.75082e+07 1.75068e+07 1.75054e+07 1.75041e+07 1.75027e+07
          1.75013e+07 1.75e+07 1.74987e+07 1.74973e+07 1.7496e+07 1.74946e+07 1.74933e+07 1.7492e+07 1.74907e+07 1.74894e+07 1.74881e+07 1.74868e+07
          1.74855e+07 1.74842e+07 1.74829e+07 1.74816e+07 1.75728e+07 1.75711e+07 1.75694e+07 1.75677e+07 1.7566e+07 1.75644e+07 1.75627e+07 1.7561e+07
          1.75594e+07 1.75577e+07 1.75561e+07 1.75544e+07 1.75528e+07 1.75512e+07 1.75496e+07 1.75479e+07 1.75463e+07 1.75448e+07 1.75432e+07 1.75416e+07
          1.754e+07 1.75384e+07 1.75369e+07 1.75353e+07 1.75338e+07 1.75322e+07 1.75307e+07 1.75291e+07 1.75276e+07 1.75261e+07 1.75246e+07 1.75231e+07
          1.75216e+07 1.75201e+07 1.75186e+07 1.75171e+07 1.75156e+07 1.75142e+07 1.75127e+07 1.75112e+07 1.75098e+07 1.75083e+07 1.75069e+07 1.75054e+07
          1.7504e+07 1.75026e+07 1.75011e+07 1.74997e+07 1.74983e+07 1.74969e+07 1.74955e+07 1.74941e+07 1.74927e+07 1.74913e+07 1.74899e+07 1.74886e+07
          1.74872e+07 1.74858e+07 1.74844e+07 1.74831e+07 1.74817e+07 1.74804e+07 1.7479e+07 1.74777e+07 1.74764e+07 1.7475e+07 1.74737e+07 1.74724e+07
          1.74711e+07 1.74697e+07 1.74684e+07 1.74671e+07 1.74658e+07 1.74645e+07 1.74632e+07 1.7462e+07 1.75532e+07 1.75515e+07 1.75498e+07 1.75481e+07
          1.75464e+07 1.75447e+07 1.75431e+07 1.75414e+07 1.75397e+07 1.75381e+07 1.75365e+07 1.75348e+07 1.75332e+07 1.75316e+07 1.75299e+07 1.75283e+07
          1.75267e+07 1.75251e+07 1.75235e+07 1.7522e+07 1.75204e+07 1.75188e+07 1.75173e+07 1.75157e+07 1.75141e+07 1.75126e+07 1.75111e+07 1.75095e+07
          1.7508e+07 1.75065e+07 1.7505e+07 1.75035e+07 1.7502e+07 1.75005e+07 1.7499e+07 1.74975e+07 1.7496e+07 1.74945e+07 1.74931e+07 1.74916e+07
          1.74902e+07 1.74887e+07 1.74873e+07 1.74858e+07 1.74844e+07 1.7483e+07 1.74815e+07 1.74801e+07 1.74787e+07 1.74773e+07 1.74759e+07 1.74745e+07
          1.74731e+07 1.74717e+07 1.74703e+07 1.74689e+07 1.74676e+07 1.74662e+07 1.74648e+07 1.74635e+07 1.74621e+07 1.74608e+07 1.74594e+07 1.74581e+07
          1.74567e+07 1.74554e+07 1.74541e+07 1.74528e+07 1.74514e+07 1.74501e+07 1.74488e+07 1.74475e+07 1.74462e+07 1.74449e+07 1.74436e+07 1.74423e+07
          1.75336e+07 1.75319e+07 1.75302e+07 1.75285e+07 1.75268e+07 1.75251e+07 1.75235e+07 1.75218e+07 1.75201e+07 1.75185e+07 1.75168e+07 1.75152e+07
          1.75136e+07 1.7512e+07 1.75103e+07 1.75087e+07 1.75071e+07 1.75055e+07 1.75039e+07 1.75024e+07 1.75008e+07 1.74992e+07 1.74976e+07 1.74961e+07
          1.74945e+07 1.7493e+07 1.74914e+07 1.74899e+07 1.74884e+07 1.74869e+07 1.74854e+07 1.74838e+07 1.74823e+07 1.74809e+07 1.74794e+07 1.74779e+07
          1.74764e+07 1.74749e+07 1.74735e+07 1.7472e+07 1.74705e+07 1.74691e+07 1.74676e+07 1.74662e+07 1.74648e+07 1.74633e+07 1.74619e+07 1.74605e+07
          1.74591e+07 1.74577e+07 1.74563e+07 1.74549e+07 1.74535e+07 1.74521e+07 1.74507e+07 1.74493e+07 1.74479e+07 1.74466e+07 1.74452e+07 1.74439e+07
          1.74425e+07 1.74411e+07 1.74398e+07 1.74385e+07 1.74371e+07 1.74358e+07 1.74345e+07 1.74331e+07 1.74318e+07 1.74305e+07 1.74292e+07 1.74279e+07
          1.74266e+07 1.74253e+07 1.7424e+07 1.74227e+07 1.7514e+07 1.75123e+07 1.75106e+07 1.75089e+07 1.75072e+07 1.75055e+07 1.75038e+07 1.75022e+07
          1.75005e+07 1.74989e+07 1.74972e+07 1.74956e+07 1.7494e+07 1.74923e+07 1.74907e+07 1.74891e+07 1.74875e+07 1.74859e+07 1.74843e+07 1.74827e+07
          1.74812e+07 1.74796e+07 1.7478e+07 1.74765e+07 1.74749e+07 1.74734e+07 1.74718e+07 1.74703e+07 1.74688e+07 1.74673e+07 1.74657e+07 1.74642e+07
          1.74627e+07 1.74612e+07 1.74597e+07 1.74583e+07 1.74568e+07 1.74553e+07 1.74538e+07 1.74524e+07 1.74509e+07 1.74495e+07 1.7448e+07 1.74466e+07
          1.74451e+07 1.74437e+07 1.74423e+07 1.74409e+07 1.74395e+07 1.74381e+07 1.74366e+07 1.74352e+07 1.74339e+07 1.74325e+07 1.74311e+07 1.74297e+07
          1.74283e+07 1.7427e+07 1.74256e+07 1.74242e+07 1.74229e+07 1.74215e+07 1.74202e+07 1.74188e+07 1.74175e+07 1.74162e+07 1.74148e+07 1.74135e+07
          1.74122e+07 1.74109e+07 1.74096e+07 1.74083e+07 1.7407e+07 1.74057e+07 1.74044e+07 1.74031e+07 1.74944e+07 1.74927e+07 1.7491e+07 1.74893e+07
          1.74876e+07 1.74859e+07 1.74842e+07 1.74826e+07 1.74809e+07 1.74793e+07 1.74776e+07 1.7476e+07 1.74743e+07 1.74727e+07 1.74711e+07 1.74695e+07
          1.74679e+07 1.74663e+07 1.74647e+07 1.74631e+07 1.74615e+07 1.746e+07 1.74584e+07 1.74569e+07 1.74553e+07 1.74538e+07 1.74522e+07 1.74507e+07
          1.74492e+07 1.74476e+07 1.74461e+07 1.74446e+07 1.74431e+07 1.74416e+07 1.74401e+07 1.74386e+07 1.74372e+07 1.74357e+07 1.74342e+07 1.74328e+07
          1.74313e+07 1.74299e+07 1.74284e+07 1.7427e+07 1.74255e+07 1.74241e+07 1.74227e+07 1.74213e+07 1.74198e+07 1.74184e+07 1.7417e+07 1.74156e+07
          1.74142e+07 1.74129e+07 1.74115e+07 1.74101e+07 1.74087e+07 1.74073e+07 1.7406e+07 1.74046e+07 1.74033e+07 1.74019e+07 1.74006e+07 1.73992e+07
          1.73979e+07 1.73966e+07 1.73952e+07 1.73939e+07 1.73926e+07 1.73913e+07 1.739e+07 1.73887e+07 1.73874e+07 1.73861e+07 1.73848e+07 1.73835e+07
          1.74748e+07 1.74731e+07 1.74714e+07 1.74697e+07 1.7468e+07 1.74663e+07 1.74646e+07 1.7463e+07 1.74613e+07 1.74596e+07 1.7458e+07 1.74564e+07
          1.74547e+07 1.74531e+07 1.74515e+07 1.74499e+07 1.74483e+07 1.74467e+07 1.74451e+07 1.74435e+07 1.74419e+07 1.74404e+07 1.74388e+07 1.74372e+07
          1.74357e+07 1.74341e+07 1.74326e+07 1.74311e+07 1.74296e+07 1.7428e+07 1.74265e+07 1.7425e+07 1.74235e+07 1.7422e+07 1.74205e+07 1.7419e+07
          1.74176e+07 1.74161e+07 1.74146e+07 1.74131e+07 1.74117e+07 1.74102e+07 1.74088e+07 1.74074e+07 1.74059e+07 1.74045e+07 1.74031e+07 1.74016e+07
          1.74002e+07 1.73988e+07 1.73974e+07 1.7396e+07 1.73946e+07 1.73932e+07 1.73919e+07 1.73905e+07 1.73891e+07 1.73877e+07 1.73864e+07 1.7385e+07
          1.73836e+07 1.73823e+07 1.7381e+07 1.73796e+07 1.73783e+07 1.73769e+07 1.73756e+07 1.73743e+07 1.7373e+07 1.73717e+07 1.73703e+07 1.7369e+07
          1.73677e+07 1.73664e+07 1.73651e+07 1.73639e+07 1.74552e+07 1.74535e+07 1.74518e+07 1.74501e+07 1.74484e+07 1.74467e+07 1.7445e+07 1.74433e+07
          1.74417e+07 1.744e+07 1.74384e+07 1.74368e+07 1.74351e+07 1.74335e+07 1.74319e+07 1.74303e+07 1.74287e+07 1.74271e+07 1.74255e+07 1.74239e+07
          1.74223e+07 1.74208e+07 1.74192e+07 1.74176e+07 1.74161e+07 1.74145e+07 1.7413e+07 1.74115e+07 1.74099e+07 1.74084e+07 1.74069e+07 1.74054e+07
          1.74039e+07 1.74024e+07 1.74009e+07 1.73994e+07 1.73979e+07 1.73965e+07 1.7395e+07 1.73935e+07 1.73921e+07 1.73906e+07 1.73892e+07 1.73877e+07
          1.73863e+07 1.73849e+07 1.73834e+07 1.7382e+07 1.73806e+07 1.73792e+07 1.73778e+07 1.73764e+07 1.7375e+07 1.73736e+07 1.73722e+07 1.73709e+07
          1.73695e+07 1.73681e+07 1.73667e+07 1.73654e+07 1.7364e+07 1.73627e+07 1.73613e+07 1.736e+07 1.73587e+07 1.73573e+07 1.7356e+07 1.73547e+07
          1.73534e+07 1.7352e+07 1.73507e+07 1.73494e+07 1.73481e+07 1.73468e+07 1.73455e+07 1.73442e+07 1.74356e+07 1.74338e+07 1.74321e+07 1.74304e+07
          1.74288e+07 1.74271e+07 1.74254e+07 1.74237e+07 1.74221e+07 1.74204e+07 1.74188e+07 1.74171e+07 1.74155e+07 1.74139e+07 1.74123e+07 1.74107e+07
          1.74091e+07 1.74075e+07 1.74059e+07 1.74043e+07 1.74027e+07 1.74011e+07 1.73996e+07 1.7398e+07 1.73965e+07 1.73949e+07 1.73934e+07 1.73918e+07
          1.73903e+07 1.73888e+07 1.73873e+07 1.73858e+07 1.73843e+07 1.73828e+07 1.73813e+07 1.73798e+07 1.73783e+07 1.73768e+07 1.73754e+07 1.73739e+07
          1.73725e+07 1.7371e+07 1.73696e+07 1.73681e+07 1.73667e+07 1.73653e+07 1.73638e+07 1.73624e+07 1.7361e+07 1.73596e+07 1.73582e+07 1.73568e+07
          1.73554e+07 1.7354e+07 1.73526e+07 1.73512e+07 1.73499e+07 1.73485e+07 1.73471e+07 1.73458e+07 1.73444e+07 1.73431e+07 1.73417e+07 1.73404e+07
          1.7339e+07 1.73377e+07 1.73364e+07 1.73351e+07 1.73337e+07 1.73324e+07 1.73311e+07 1.73298e+07 1.73285e+07 1.73272e+07 1.73259e+07 1.73246e+07
          1.74159e+07 1.74142e+07 1.74125e+07 1.74108e+07 1.74091e+07 1.74075e+07 1.74058e+07 1.74041e+07 1.74025e+07 1.74008e+07 1.73992e+07 1.73975e+07
          1.73959e+07 1.73943e+07 1.73926e+07 1.7391e+07 1.73894e+07 1.73878e+07 1.73862e+07 1.73847e+07 1.73831e+07 1.73815e+07 1.738e+07 1.73784e+07
          1.73768e+07 1.73753e+07 1.73738e+07 1.73722e+07 1.73707e+07 1.73692e+07 1.73677e+07 1.73662e+07 1.73647e+07 1.73632e+07 1.73617e+07 1.73602e+07
          1.73587e+07 1.73572e+07 1.73558e+07 1.73543e+07 1.73528e+07 1.73514e+07 1.735e+07 1.73485e+07 1.73471e+07 1.73456e+07 1.73442e+07 1.73428e+07
          1.73414e+07 1.734e+07 1.73386e+07 1.73372e+07 1.73358e+07 1.73344e+07 1.7333e+07 1.73316e+07 1.73303e+07 1.73289e+07 1.73275e+07 1.73262e+07
          1.73248e+07 1.73235e+07 1.73221e+07 1.73208e+07 1.73194e+07 1.73181e+07 1.73168e+07 1.73154e+07 1.73141e+07 1.73128e+07 1.73115e+07 1.73102e+07
          1.73089e+07 1.73076e+07 1.73063e+07 1.7305e+07
        </DataArray>
        <DataArray type="Float32" Name="rho_gas" NumberOfComponents="1" format="ascii">
          118.312 118.314 118.185 118.188 118.317 118.191 118.32 118.193 118.322 118.196 118.325 118.199
          118.327 118.201 118.33 118.204 118.333 118.206 118.335 118.209 118.338 118.212 118.34 118.214
          118.343 118.217 118.345 118.219 118.348 118.222 118.35 118.224 118.353 118.227 118.355 118.229
          118.358 118.232 118.36 118.234 118.363 118.237 118.365 118.239 118.368 118.242 118.37 118.244
          118.373 118.246 118.375 118.249 118.377 118.251 118.38 118.254 118.382 118.256 118.385 118.258
          118.387 118.261 118.389 118.263 118.392 118.266 118.394 118.268 118.396 118.27 118.399 118.273
          118.401 118.275 118.403 118.277 118.406 118.279 118.408 118.282 118.41 118.284 118.413 118.286
          118.415 118.289 118.417 118.291 118.419 118.293 118.422 118.295 118.424 118.298 118.426 118.3
          118.428 118.302 118.431 118.304 118.433 118.307 118.435 118.309 118.437 118.311 118.44 118.313
          118.442 118.315 118.444 118.318 118.446 118.32 118.448 118.322 118.45 118.324 118.453 118.326
          118.455 118.328 118.457 118.33 118.459 118.333 118.461 118.335 118.463 118.337 118.465 118.339
          118.467 118.341 118.469 118.343 118.472 118.345 118.474 118.347 118.476 118.349 118.478 118.351
          118.48 118.354 118.482 118.356 118.484 118.358 118.486 118.36 118.059 118.061 118.064 118.067
          118.069 118.072 118.074 118.077 118.08 118.082 118.085 118.087 118.09 118.092 118.095 118.097
          118.1 118.102 118.105 118.107 118.11 118.112 118.115 118.117 118.12 118.122 118.124 118.127
          118.129 118.132 118.134 118.136 118.139 118.141 118.143 118.146 118.148 118.15 118.153 118.155
          118.157 118.16 118.162 118.164 118.166 118.169 118.171 118.173 118.175 118.178 118.18 118.182
          118.184 118.186 118.189 118.191 118.193 118.195 118.197 118.199 118.202 118.204 118.206 118.208
          118.21 118.212 118.214 118.216 118.218 118.221 118.223 118.225 118.227 118.229 118.231 118.233
          117.932 117.935 117.937 117.94 117.942 117.945 117.948 117.95 117.953 117.955 117.958 117.961
          117.963 117.966 117.968 117.971 117.973 117.976 117.978 117.981 117.983 117.986 117.988 117.99
          117.993 117.995 117.998 118 118.002 118.005 118.007 118.01 118.012 118.014 118.017 118.019
          118.021 118.024 118.026 118.028 118.03 118.033 118.035 118.037 118.04 118.042 118.044 118.046
          118.049 118.051 118.053 118.055 118.057 118.06 118.062 118.064 118.066 118.068 118.07 118.073
          118.075 118.077 118.079 118.081 118.083 118.085 118.087 118.09 118.092 118.094 118.096 118.098
          118.1 118.102 118.104 118.106 117.805 117.808 117.81 117.813 117.816 117.818 117.821 117.823
          117.826 117.829 117.831 117.834 117.836 117.839 117.841 117.844 117.846 117.849 117.851 117.854
          117.856 117.859 117.861 117.864 117.866 117.868 117.871 117.873 117.876 117.878 117.88 117.883
          117.885 117.887 117.89 117.892 117.894 117.897 117.899 117.901 117.904 117.906 117.908 117.91
          117.913 117.915 117.917 117.919 117.922 117.924 117.926 117.928 117.93 117.933 117.935 117.937
          117.939 117.941 117.943 117.946 117.948 117.95 117.952 117.954 117.956 117.958 117.961 117.963
          117.965 117.967 117.969 117.971 117.973 117.975 117.977 117.979 117.678 117.681 117.684 117.686
          117.689 117.691 117.694 117.697 117.699 117.702 117.704 117.707 117.709 117.712 117.714 117.717
          117.719 117.722 117.724 117.727 117.729 117.732 117.734 117.737 117.739 117.741 117.744 117.746
          117.749 117.751 117.753 117.756 117.758 117.76 117.763 117.765 117.767 117.77 117.772 117.774
          117.777 117.779 117.781 117.783 117.786 117.788 117.79 117.792 117.795 117.797 117.799 117.801
          117.804 117.806 117.808 117.81 117.812 117.814 117.817 117.819 117.821 117.823 117.825 117.827
          117.829 117.831 117.834 117.836 117.838 117.84 117.842 117.844 117.846 117.848 117.85 117.852
          117.551 117.554 117.557 117.559 117.562 117.565 117.567 117.57 117.572 117.575 117.577 117.58
          117.582 117.585 117.587 117.59 117.592 117.595 117.597 117.6 117.602 117.605 117.607 117.61
          117.612 117.615 117.617 117.619 117.622 117.624 117.626 117.629 117.631 117.634 117.636 117.638
          117.64 117.643 117.645 117.647 117.65 117.652 117.654 117.656 117.659 117.661 117.663 117.665
          117.668 117.67 117.672 117.674 117.677 117.679 117.681 117.683 117.685 117.687 117.69 117.692
          117.694 117.696 117.698 117.7 117.702 117.704 117.707 117.709 117.711 117.713 117.715 117.717
          117.719 117.721 117.723 117.725 117.424 117.427 117.43 117.432 117.435 117.438 117.44 117.443
          117.445 117.448 117.45 117.453 117.455 117.458 117.461 117.463 117.466 117.468 117.47 117.473
          117.475 117.478 117.48 117.483 117.485 117.488 117.49 117.492 117.495 117.497 117.499 117.502
          117.504 117.507 117.509 117.511 117.513 117.516 117.518 117.52 117.523 117.525 117.527 117.529
          117.532 117.534 117.536 117.538 117.541 117.543 117.545 117.547 117.549 117.552 117.554 117.556
          117.558 117.56 117.562 117.565 117.567 117.569 117.571 117.573 117.575 117.577 117.58 117.582
          117.584 117.586 117.588 117.59 117.592 117.594 117.596 117.598 117.297 117.3 117.303 117.305
          117.308 117.311 117.313 117.316 117.318 117.321 117.323 117.326 117.328 117.331 117.334 117.336
          117.338 117.341 117.343 117.346 117.348 117.351 117.353 117.356 117.358 117.36 117.363 117.365
          117.368 117.37 117.372 117.375 117.377 117.379 117.382 117.384 117.386 117.389 117.391 117.393
          117.396 117.398 117.4 117.402 117.405 117.407 117.409 117.411 117.414 117.416 117.418 117.42
          117.422 117.425 117.427 117.429 117.431 117.433 117.435 117.438 117.44 117.442 117.444 117.446
          117.448 117.45 117.452 117.455 117.457 117.459 117.461 117.463 117.465 117.467 117.469 117.471
          117.17 117.173 117.176 117.178 117.181 117.183 117.186 117.189 117.191 117.194 117.196 117.199
          117.201 117.204 117.206 117.209 117.211 117.214 117.216 117.219 117.221 117.224 117.226 117.229
          117.231 117.233 117.236 117.238 117.241 117.243 117.245 117.248 117.25 117.252 117.255 117.257
          117.259 117.262 117.264 117.266 117.268 117.271 117.273 117.275 117.278 117.28 117.282 117.284
          117.286 117.289 117.291 117.293 117.295 117.297 117.3 117.302 117.304 117.306 117.308 117.31
          117.313 117.315 117.317 117.319 117.321 117.323 117.325 117.327 117.329 117.332 117.334 117.336
          117.338 117.34 117.342 117.343 117.043 117.046 117.049 117.051 117.054 117.056 117.059 117.062
          117.064 117.067 117.069 117.072 117.074 117.077 117.079 117.082 117.084 117.087 117.089 117.092
          117.094 117.097 117.099 117.101 117.104 117.106 117.109 117.111 117.113 117.116 117.118 117.121
          117.123 117.125 117.128 117.13 117.132 117.134 117.137 117.139 117.141 117.144 117.146 117.148
          117.15 117.153 117.155 117.157 117.159 117.161 117.164 117.166 117.168 117.17 117.172 117.175
          117.177 117.179 117.181 117.183 117.185 117.187 117.19 117.192 117.194 117.196 117.198 117.2
          117.202 117.204 117.206 117.208 117.211 117.213 117.215 117.216 116.916 116.919 116.921 116.924
          116.927 116.929 116.932 116.934 116.937 116.94 116.942 116.945 116.947 116.95 116.952 116.955
          116.957 116.96 116.962 116.965 116.967 116.969 116.972 116.974 116.977 116.979 116.981 116.984
          116.986 116.989 116.991 116.993 116.996 116.998 117 117.003 117.005 117.007 117.01 117.012
          117.014 117.016 117.019 117.021 117.023 117.025 117.028 117.03 117.032 117.034 117.036 117.039
          117.041 117.043 117.045 117.047 117.05 117.052 117.054 117.056 117.058 117.06 117.062 117.064
          117.067 117.069 117.071 117.073 117.075 117.077 117.079 117.081 117.083 117.085 117.087 117.089
          116.789 116.792 116.794 116.797 116.799 116.802 116.805 116.807 116.81 116.812 116.815 116.817
          116.82 116.822 116.825 116.827 116.83 116.832 116.835 116.837 116.84 116.842 116.845 116.847
          116.849 116.852 116.854 116.857 116.859 116.861 116.864 116.866 116.868 116.871 116.873 116.875
          116.878 116.88 116.882 116.885 116.887 116.889 116.891 116.894 116.896 116.898 116.9 116.903
          116.905 116.907 116.909 116.911 116.914 116.916 116.918 116.92 116.922 116.924 116.927 116.929
          116.931 116.933 116.935 116.937 116.939 116.941 116.944 116.946 116.948 116.95 116.952 116.954
          116.956 116.958 116.96 116.962 116.662 116.664 116.667 116.67 116.672 116.675 116.677 116.68
          116.683 116.685 116.688 116.69 116.693 116.695 116.698 116.7 116.703 116.705 116.708 116.71
          116.713 116.715 116.717 116.72 116.722 116.725 116.727 116.729 116.732 116.734 116.736 116.739
          116.741 116.743 116.746 116.748 116.75 116.753 116.755 116.757 116.76 116.762 116.764 116.766
          116.769 116.771 116.773 116.775 116.777 116.78 116.782 116.784 116.786 116.788 116.791 116.793
          116.795 116.797 116.799 116.801 116.803 116.806 116.808 116.81 116.812 116.814 116.816 116.818
          116.82 116.822 116.824 116.827 116.829 116.831 116.833 116.834 116.535 116.537 116.54 116.542
          116.545 116.548 116.55 116.553 116.555 116.558 116.56 116.563 116.565 116.568 116.57 116.573
          116.575 116.578 116.58 116.583 116.585 116.588 116.59 116.592 116.595 116.597 116.6 116.602
          116.604 116.607 116.609 116.611 116.614 116.616 116.618 116.621 116.623 116.625 116.628 116.63
          116.632 116.634 116.637 116.639 116.641 116.643 116.646 116.648 116.65 116.652 116.655 116.657
          116.659 116.661 116.663 116.665 116.668 116.67 116.672 116.674 116.676 116.678 116.68 116.682
          116.685 116.687 116.689 116.691 116.693 116.695 116.697 116.699 116.701 116.703 116.705 116.707
          116.407 116.41 116.412 116.415 116.418 116.42 116.423 116.425 116.428 116.431 116.433 116.436
          116.438 116.441 116.443 116.446 116.448 116.451 116.453 116.455 116.458 116.46 116.463 116.465
          116.468 116.47 116.472 116.475 116.477 116.479 116.482 116.484 116.486 116.489 116.491 116.493
          116.496 116.498 116.5 116.503 116.505 116.507 116.509 116.512 116.514 116.516 116.518 116.521
          116.523 116.525 116.527 116.529 116.531 116.534 116.536 116.538 116.54 116.542 116.544 116.547
          116.549 116.551 116.553 116.555 116.557 116.559 116.561 116.563 116.565 116.568 116.57 116.572
          116.574 116.576 116.578 116.579 116.28 116.282 116.285 116.288 116.29 116.293 116.295 116.298
          116.301 116.303 116.306 116.308 116.311 116.313 116.316 116.318 116.321 116.323 116.326 116.328
          116.33 116.333 116.335 116.338 116.34 116.343 116.345 116.347 116.35 116.352 116.354 116.357
          116.359 116.361 116.364 116.366 116.368 116.371 116.373 116.375 116.377 116.38 116.382 116.384
          116.386 116.389 116.391 116.393 116.395 116.397 116.4 116.402 116.404 116.406 116.408 116.411
          116.413 116.415 116.417 116.419 116.421 116.423 116.425 116.428 116.43 116.432 116.434 116.436
          116.438 116.44 116.442 116.444 116.446 116.448 116.45 116.452 116.152 116.155 116.158 116.16
          116.163 116.166 116.168 116.171 116.173 116.176 116.178 116.181 116.183 116.186 116.188 116.191
          116.193 116.196 116.198 116.201 116.203 116.205 116.208 116.21 116.213 116.215 116.217 116.22
          116.222 116.225 116.227 116.229 116.232 116.234 116.236 116.239 116.241 116.243 116.245 116.248
          116.25 116.252 116.254 116.257 116.259 116.261 116.263 116.266 116.268 116.27 116.272 116.274
          116.277 116.279 116.281 116.283 116.285 116.287 116.289 116.292 116.294 116.296 116.298 116.3
          116.302 116.304 116.306 116.308 116.31 116.313 116.315 116.317 116.319 116.321 116.323 116.324
          116.025 116.028 116.03 116.033 116.035 116.038 116.041 116.043 116.046 116.048 116.051 116.053
          116.056 116.058 116.061 116.063 116.066 116.068 116.071 116.073 116.076 116.078 116.08 116.083
          116.085 116.088 116.09 116.092 116.095 116.097 116.099 116.102 116.104 116.106 116.109 116.111
          116.113 116.116 116.118 116.12 116.122 116.125 116.127 116.129 116.131 116.134 116.136 116.138
          116.14 116.142 116.145 116.147 116.149 116.151 116.153 116.155 116.158 116.16 116.162 116.164
          116.166 116.168 116.17 116.172 116.175 116.177 116.179 116.181 116.183 116.185 116.187 116.189
          116.191 116.193 116.195 116.197 115.898 115.9 115.903 115.905 115.908 115.911 115.913 115.916
          115.918 115.921 115.923 115.926 115.928 115.931 115.933 115.936 115.938 115.941 115.943 115.946
          115.948 115.95 115.953 115.955 115.958 115.96 115.962 115.965 115.967 115.97 115.972 115.974
          115.977 115.979 115.981 115.983 115.986 115.988 115.99 115.993 115.995 115.997 115.999 116.002
          116.004 116.006 116.008 116.01 116.013 116.015 116.017 116.019 116.021 116.024 116.026 116.028
          116.03 116.032 116.034 116.036 116.038 116.041 116.043 116.045 116.047 116.049 116.051 116.053
          116.055 116.057 116.059 116.061 116.063 116.066 116.068 116.069 115.77 115.773 115.775 115.778
          115.78 115.783 115.786 115.788 115.791 115.793 115.796 115.798 115.801 115.803 115.806 115.808
          115.811 115.813 115.816 115.818 115.82 115.823 115.825 115.828 115.83 115.832 115.835 115.837
          115.84 115.842 115.844 115.847 115.849 115.851 115.854 115.856 115.858 115.86 115.863 115.865
          115.867 115.869 115.872 115.874 115.876 115.878 115.881 115.883 115.885 115.887 115.889 115.892
          115.894 115.896 115.898 115.9 115.902 115.904 115.907 115.909 115.911 115.913 115.915 115.917
          115.919 115.921 115.923 115.925 115.928 115.93 115.932 115.934 115.936 115.938 115.94 115.941
          115.642 115.645 115.648 115.65 115.653 115.655 115.658 115.661 115.663 115.666 115.668 115.671
          115.673 115.676 115.678 115.681 115.683 115.686 115.688 115.69 115.693 115.695 115.698 115.7
          115.702 115.705 115.707 115.71 115.712 115.714 115.717 115.719 115.721 115.724 115.726 115.728
          115.73 115.733 115.735 115.737 115.74 115.742 115.744 115.746 115.748 115.751 115.753 115.755
          115.757 115.759 115.762 115.764 115.766 115.768 115.77 115.772 115.775 115.777 115.779 115.781
          115.783 115.785 115.787 115.789 115.792 115.794 115.796 115.798 115.8 115.802 115.804 115.806
          115.808 115.81 115.812 115.814 115.515 115.518 115.52 115.523 115.525 115.528 115.53 115.533
          115.536 115.538 115.541 115.543 115.546 115.548 115.551 115.553 115.555 115.558 115.56 115.563
          115.565 115.568 115.57 115.572 115.575 115.577 115.58 115.582 115.584 115.587 115.589 115.591
          115.594 115.596 115.598 115.6 115.603 115.605 115.607 115.61 115.612 115.614 115.616 115.619
          115.621 115.623 115.625 115.627 115.63 115.632 115.634 115.636 115.638 115.64 115.643 115.645
          115.647 115.649 115.651 115.653 115.655 115.657 115.66 115.662 115.664 115.666 115.668 115.67
          115.672 115.674 115.676 115.678 115.68 115.682 115.684 115.686 115.387 115.39 115.392 115.395
          115.398 115.4 115.403 115.405 115.408 115.41 115.413 115.415 115.418 115.42 115.423 115.425
          115.428 115.43 115.433 115.435 115.438 115.44 115.442 115.445 115.447 115.449 115.452 115.454
          115.457 115.459 115.461 115.464 115.466 115.468 115.47 115.473 115.475 115.477 115.48 115.482
          115.484 115.486 115.489 115.491 115.493 115.495 115.497 115.5 115.502 115.504 115.506 115.508
          115.51 115.513 115.515 115.517 115.519 115.521 115.523 115.525 115.528 115.53 115.532 115.534
          115.536 115.538 115.54 115.542 115.544 115.546 115.548 115.55 115.552 115.554 115.557 115.558
          115.26 115.262 115.265 115.267 115.27 115.272 115.275 115.278 115.28 115.283 115.285 115.288
          115.29 115.293 115.295 115.298 115.3 115.302 115.305 115.307 115.31 115.312 115.315 115.317
          115.319 115.322 115.324 115.326 115.329 115.331 115.333 115.336 115.338 115.34 115.343 115.345
          115.347 115.35 115.352 115.354 115.356 115.359 115.361 115.363 115.365 115.367 115.37 115.372
          115.374 115.376 115.378 115.381 115.383 115.385 115.387 115.389 115.391 115.393 115.395 115.398
          115.4 115.402 115.404 115.406 115.408 115.41 115.412 115.414 115.416 115.418 115.42 115.423
          115.425 115.427 115.429 115.43 115.132 115.134 115.137 115.14 115.142 115.145 115.147 115.15
          115.152 115.155 115.157 115.16 115.162 115.165 115.167 115.17 115.172 115.175 115.177 115.18
          115.182 115.184 115.187 115.189 115.192 115.194 115.196 115.199 115.201 115.203 115.206 115.208
          115.21 115.213 115.215 115.217 115.219 115.222 115.224 115.226 115.228 115.231 115.233 115.235
          115.237 115.24 115.242 115.244 115.246 115.248 115.25 115.253 115.255 115.257 115.259 115.261
          115.263 115.265 115.268 115.27 115.272 115.274 115.276 115.278 115.28 115.282 115.284 115.286
          115.288 115.291 115.293 115.295 115.297 115.299 115.301 115.302 115.004 115.007 115.009 115.012
          115.014 115.017 115.02 115.022 115.025 115.027 115.03 115.032 115.035 115.037 115.04 115.042
          115.044 115.047 115.049 115.052 115.054 115.057 115.059 115.061 115.064 115.066 115.068 115.071
          115.073 115.075 115.078 115.08 115.082 115.085 115.087 115.089 115.092 115.094 115.096 115.098
          115.101 115.103 115.105 115.107 115.109 115.112 115.114 115.116 115.118 115.12 115.123 115.125
          115.127 115.129 115.131 115.133 115.135 115.138 115.14 115.142 115.144 115.146 115.148 115.15
          115.152 115.154 115.156 115.158 115.16 115.163 115.165 115.167 115.169 115.171 115.173 115.174
          114.876 114.879 114.881 114.884 114.887 114.889 114.892 114.894 114.897 114.899 114.902 114.904
          114.907 114.909 114.912 114.914 114.917 114.919 114.921 114.924 114.926 114.929 114.931 114.933
          114.936 114.938 114.941 114.943 114.945 114.948 114.95 114.952 114.954 114.957 114.959 114.961
          114.964 114.966 114.968 114.97 114.973 114.975 114.977 114.979 114.981 114.984 114.986 114.988
          114.99 114.992 114.995 114.997 114.999 115.001 115.003 115.005 115.007 115.01 115.012 115.014
          115.016 115.018 115.02 115.022 115.024 115.026 115.028 115.03 115.032 115.035 115.037 115.039
          115.041 115.043 115.045 115.046 114.748 114.751 114.754 114.756 114.759 114.761 114.764 114.766
          114.769 114.771 114.774 114.776 114.779 114.781 114.784 114.786 114.789 114.791 114.794 114.796
          114.798 114.801 114.803 114.806 114.808 114.81 114.813 114.815 114.817 114.82 114.822 114.824
          114.827 114.829 114.831 114.833 114.836 114.838 114.84 114.842 114.845 114.847 114.849 114.851
          114.853 114.856 114.858 114.86 114.862 114.864 114.867 114.869 114.871 114.873 114.875 114.877
          114.879 114.882 114.884 114.886 114.888 114.89 114.892 114.894 114.896 114.898 114.9 114.902
          114.904 114.906 114.908 114.911 114.913 114.915 114.917 114.918 114.621 114.623 114.626 114.628
          114.631 114.633 114.636 114.638 114.641 114.643 114.646 114.648 114.651 114.653 114.656 114.658
          114.661 114.663 114.666 114.668 114.67 114.673 114.675 114.678 114.68 114.682 114.685 114.687
          114.689 114.692 114.694 114.696 114.699 114.701 114.703 114.705 114.708 114.71 114.712 114.714
          114.717 114.719 114.721 114.723 114.725 114.728 114.73 114.732 114.734 114.736 114.739 114.741
          114.743 114.745 114.747 114.749 114.751 114.753 114.756 114.758 114.76 114.762 114.764 114.766
          114.768 114.77 114.772 114.774 114.776 114.778 114.78 114.782 114.784 114.786 114.789 114.79
          114.493 114.496 114.498 114.501 114.503 114.506 114.508 114.511 114.513 114.516 114.518 114.521
          114.523 114.526 114.528 114.531 114.533 114.536 114.538 114.54 114.543 114.545 114.548 114.55
          114.552 114.555 114.557 114.559 114.562 114.564 114.566 114.569 114.571 114.573 114.575 114.578
          114.58 114.582 114.585 114.587 114.589 114.591 114.593 114.596 114.598 114.6 114.602 114.604
          114.607 114.609 114.611 114.613 114.615 114.617 114.619 114.622 114.624 114.626 114.628 114.63
          114.632 114.634 114.636 114.638 114.64 114.642 114.644 114.646 114.649 114.651 114.653 114.655
          114.657 114.659 114.661 114.662
        </DataArray>
        <DataArray type="Float32" Name="mob_gas" NumberOfComponents="1" format="ascii">
          0 0 0 0 0 0 0 0 0 0 0 0
          0 0 0 0 0 0 0 0 0 0 0 0
          0 0 0 0 0 0 0 0 0 0 0 0
          0 0 0 0 0 0 0 0 0 0 0 0
          0 0 0 0 0 0 0 0 0 0 0 0
          0 0 0 0 0 0 0 0 0 0 0 0
          0 0 0 0 0 0 0 0 0 0 0 0
          0 0 0 0 0 0 0 0 0 0 0 0
          0 0 0 0 0 0 0 0 0 0 0 0
          0 0 0 0 0 0 0 0 0 0 0 0
          0 0 0 0 0 0 0 0 0 0 0 0
          0 0 0 0 0 0 0 0 0 0 0 0
          0 0 0 0 0 0 0 0 0 0 0 0
          0 0 0 0 0 0 0 0 0 0 0 0
          0 0 0 0 0 0 0 0 0 0 0 0
          0 0 0 0 0 0 0 0 0 0 0 0
          0 0 0 0 0 0 0 0 0 0 0 0
          0 0 0 0 0 0 0 0 0 0 0 0
          0 0 0 0 0 0 0 0 0 0 0 0
          0 0 0 0 0 0 0 0 0 0 0 0
          0 0 0 0 0 0 0 0 0 0 0 0
          0 0 0 0 0 0 0 0 0 0 0 0
          0 0 0 0 0 0 0 0 0 0 0 0
          0 0 0 0 0 0 0 0 0 0 0 0
          0 0 0 0 0 0 0 0 0 0 0 0
          0 0 0 0 0 0 0 0 0 0 0 0
          0 0 0 0 0 0 0 0 0 0 0 0
          0 0 0 0 0 0 0 0 0 0 0 0
          0 0 0 0 0 0 0 0 0 0 0 0
          0 0 0 0 0 0 0 0 0 0 0 0
          0 0 0 0 0 0 0 0 0 0 0 0
          0 0 0 0 0 0 0 0 0 0 0 0
          0 0 0 0 0 0 0 0 0 0 0 0
          0 0 0 0 0 0 0 0 0 0 0 0
          0 0 0 0 0 0 0 0 0 0 0 0
          0 0 0 0 0 0 0 0 0 0 0 0
          0 0 0 0 0 0 0 0 0 0 0 0
          0 0 0 0 0 0 0 0 0 0 0 0
          0 0 0 0 0 0 0 0 0 0 0 0
          0 0 0 0 0 0 0 0 0 0 0 0
          0 0 0 0 0 0 0 0 0 0 0 0
          0 0 0 0 0 0 0 0 0 0 0 0
          0 0 0 0 0 0 0 0 0 0 0 0
          0 0 0 0 0 0 0 0 0 0 0 0
          0 0 0 0 0 0 0 0 0 0 0 0
          0 0 0 0 0 0 0 0 0 0 0 0
          0 0 0 0 0 0 0 0 0 0 0 0
          0 0 0 0 0 0 0 0 0 0 0 0
          0 0 0 0 0 0 0 0 0 0 0 0
          0 0 0 0 0 0 0 0 0 0 0 0
          0 0 0 0 0 0 0 0 0 0 0 0
          0 0 0 0 0 0 0 0 0 0 0 0
          0 0 0 0 0 0 0 0 0 0 0 0
          0 0 0 0 0 0 0 0 0 0 0 0
          0 0 0 0 0 0 0 0 0 0 0 0
          0 0 0 0 0 0 0 0 0 0 0 0
          0 0 0 0 0 0 0 0 0 0 0 0
          0 0 0 0 0 0 0 0 0 0 0 0
          0 0 0 0 0 0 0 0 0 0 0 0
          0 0 0 0 0 0 0 0 0 0 0 0
          0 0 0 0 0 0 0 0 0 0 0 0
          0 0 0 0 0 0 0 0 0 0 0 0
          0 0 0 0 0 0 0 0 0 0 0 0
          0 0 0 0 0 0 0 0 0 0 0 0
          0 0 0 0 0 0 0 0 0 0 0 0
          0 0 0 0 0 0 0 0 0 0 0 0
          0 0 0 0 0 0 0 0 0 0 0 0
          0 0 0 0 0 0 0 0 0 0 0 0
          0 0 0 0 0 0 0 0 0 0 0 0
          0 0 0 0 0 0 0 0 0 0 0 0
          0 0 0 0 0 0 0 0 0 0 0 0
          0 0 0 0 0 0 0 0 0 0 0 0
          0 0 0 0 0 0 0 0 0 0 0 0
          0 0 0 0 0 0 0 0 0 0 0 0
          0 0 0 0 0 0 0 0 0 0 0 0
          0 0 0 0 0 0 0 0 0 0 0 0
          0 0 0 0 0 0 0 0 0 0 0 0
          0 0 0 0 0 0 0 0 0 0 0 0
          0 0 0 0 0 0 0 0 0 0 0 0
          0 0 0 0 0 0 0 0 0 0 0 0
          0 0 0 0 0 0 0 0 0 0 0 0
          0 0 0 0 0 0 0 0 0 0 0 0
          0 0 0 0 0 0 0 0 0 0 0 0
          0 0 0 0 0 0 0 0 0 0 0 0
          0 0 0 0 0 0 0 0 0 0 0 0
          0 0 0 0 0 0 0 0 0 0 0 0
          0 0 0 0 0 0 0 0 0 0 0 0
          0 0 0 0 0 0 0 0 0 0 0 0
          0 0 0 0 0 0 0 0 0 0 0 0
          0 0 0 0 0 0 0 0 0 0 0 0
          0 0 0 0 0 0 0 0 0 0 0 0
          0 0 0 0 0 0 0 0 0 0 0 0
          0 0 0 0 0 0 0 0 0 0 0 0
          0 0 0 0 0 0 0 0 0 0 0 0
          0 0 0 0 0 0 0 0 0 0 0 0
          0 0 0 0 0 0 0 0 0 0 0 0
          0 0 0 0 0 0 0 0 0 0 0 0
          0 0 0 0 0 0 0 0 0 0 0 0
          0 0 0 0 0 0 0 0 0 0 0 0
          0 0 0 0 0 0 0 0 0 0 0 0
          0 0 0 0 0 0 0 0 0 0 0 0
          0 0 0 0 0 0 0 0 0 0 0 0
          0 0 0 0 0 0 0 0 0 0 0 0
          0 0 0 0 0 0 0 0 0 0 0 0
          0 0 0 0 0 0 0 0 0 0 0 0
          0 0 0 0 0 0 0 0 0 0 0 0
          0 0 0 0 0 0 0 0 0 0 0 0
          0 0 0 0 0 0 0 0 0 0 0 0
          0 0 0 0 0 0 0 0 0 0 0 0
          0 0 0 0 0 0 0 0 0 0 0 0
          0 0 0 0 0 0 0 0 0 0 0 0
          0 0 0 0 0 0 0 0 0 0 0 0
          0 0 0 0 0 0 0 0 0 0 0 0
          0 0 0 0 0 0 0 0 0 0 0 0
          0 0 0 0 0 0 0 0 0 0 0 0
          0 0 0 0 0 0 0 0 0 0 0 0
          0 0 0 0 0 0 0 0 0 0 0 0
          0 0 0 0 0 0 0 0 0 0 0 0
          0 0 0 0 0 0 0 0 0 0 0 0
          0 0 0 0 0 0 0 0 0 0 0 0
          0 0 0 0 0 0 0 0 0 0 0 0
          0 0 0 0 0 0 0 0 0 0 0 0
          0 0 0 0 0 0 0 0 0 0 0 0
          0 0 0 0 0 0 0 0 0 0 0 0
          0 0 0 0 0 0 0 0 0 0 0 0
          0 0 0 0 0 0 0 0 0 0 0 0
          0 0 0 0 0 0 0 0 0 0 0 0
          0 0 0 0 0 0 0 0 0 0 0 0
          0 0 0 0 0 0 0 0 0 0 0 0
          0 0 0 0 0 0 0 0 0 0 0 0
          0 0 0 0 0 0 0 0 0 0 0 0
          0 0 0 0 0 0 0 0 0 0 0 0
          0 0 0 0 0 0 0 0 0 0 0 0
          0 0 0 0 0 0 0 0 0 0 0 0
          0 0 0 0 0 0 0 0 0 0 0 0
          0 0 0 0 0 0 0 0 0 0 0 0
          0 0 0 0 0 0 0 0 0 0 0 0
          0 0 0 0 0 0 0 0 0 0 0 0
          0 0 0 0 0 0 0 0 0 0 0 0
          0 0 0 0 0 0 0 0 0 0 0 0
          0 0 0 0 0 0 0 0 0 0 0 0
          0 0 0 0 0 0 0 0 0 0 0 0
          0 0 0 0 0 0 0 0 0 0 0 0
          0 0 0 0 0 0 0 0 0 0 0 0
          0 0 0 0 0 0 0 0 0 0 0 0
          0 0 0 0 0 0 0 0 0 0 0 0
          0 0 0 0 0 0 0 0 0 0 0 0
          0 0 0 0 0 0 0 0 0 0 0 0
          0 0 0 0 0 0 0 0 0 0 0 0
          0 0 0 0 0 0 0 0 0 0 0 0
          0 0 0 0 0 0 0 0 0 0 0 0
          0 0 0 0 0 0 0 0 0 0 0 0
          0 0 0 0 0 0 0 0 0 0 0 0
          0 0 0 0 0 0 0 0 0 0 0 0
          0 0 0 0 0 0 0 0 0 0 0 0
          0 0 0 0 0 0 0 0 0 0 0 0
          0 0 0 0 0 0 0 0 0 0 0 0
          0 0 0 0 0 0 0 0 0 0 0 0
          0 0 0 0 0 0 0 0 0 0 0 0
          0 0 0 0 0 0 0 0 0 0 0 0
          0 0 0 0 0 0 0 0 0 0 0 0
          0 0 0 0 0 0 0 0 0 0 0 0
          0 0 0 0 0 0 0 0 0 0 0 0
          0 0 0 0 0 0 0 0 0 0 0 0
          0 0 0 0 0 0 0 0 0 0 0 0
          0 0 0 0 0 0 0 0 0 0 0 0
          0 0 0 0 0 0 0 0 0 0 0 0
          0 0 0 0 0 0 0 0 0 0 0 0
          0 0 0 0 0 0 0 0 0 0 0 0
          0 0 0 0 0 0 0 0 0 0 0 0
          0 0 0 0 0 0 0 0 0 0 0 0
          0 0 0 0 0 0 0 0 0 0 0 0
          0 0 0 0 0 0 0 0 0 0 0 0
          0 0 0 0 0 0 0 0 0 0 0 0
          0 0 0 0 0 0 0 0 0 0 0 0
          0 0 0 0 0 0 0 0 0 0 0 0
          0 0 0 0 0 0 0 0 0 0 0 0
          0 0 0 0 0 0 0 0 0 0 0 0
          0 0 0 0 0 0 0 0 0 0 0 0
          0 0 0 0 0 0 0 0 0 0 0 0
          0 0 0 0 0 0 0 0 0 0 0 0
          0 0 0 0 0 0 0 0 0 0 0 0
          0 0 0 0 0 0 0 0 0 0 0 0
          0 0 0 0 0 0 0 0 0 0 0 0
          0 0 0 0 0 0 0 0 0 0 0 0
          0 0 0 0 0 0 0 0 0 0 0 0
          0 0 0 0 0 0 0 0 0 0 0 0
          0 0 0 0 0 0 0 0 0 0 0 0
          0 0 0 0 0 0 0 0 0 0 0 0
          0 0 0 0 0 0 0 0 0 0 0 0
          0 0 0 0 0 0 0 0 0 0 0 0
          0 0 0 0 0 0 0 0 0 0 0 0
          0 0 0 0 0 0 0 0 0 0 0 0
          0 0 0 0 0 0 0 0 0 0 0 0
          0 0 0 0 0 0 0 0 0 0 0 0
          0 0 0 0 0 0 0 0 0 0 0 0
          0 0 0 0
        </DataArray>
        <DataArray type="Float32" Name="pc" NumberOfComponents="1" format="ascii">
          5000 5000 5000 5000 5000 5000 5000 5000 5000 5000 5000 5000
          5000 5000 5000 5000 5000 5000 5000 5000 5000 5000 5000 5000
          5000 5000 5000 5000 5000 5000 5000 5000 5000 5000 5000 5000
          5000 5000 5000 5000 5000 5000 5000 5000 5000 5000 5000 5000
          5000 5000 5000 5000 5000 5000 5000 5000 5000 5000 5000 5000
          5000 5000 5000 5000 5000 5000 5000 5000 5000 5000 5000 5000
          5000 5000 5000 5000 5000 5000 5000 5000 5000 5000 5000 5000
          5000 5000 5000 5000 5000 5000 5000 5000 5000 5000 5000 5000
          5000 5000 5000 5000 5000 5000 5000 5000 5000 5000 5000 5000
          5000 5000 5000 5000 5000 5000 5000 5000 5000 5000 5000 5000
          5000 5000 5000 5000 5000 5000 5000 5000 5000 5000 5000 5000
          5000 5000 5000 5000 5000 5000 5000 5000 5000 5000 5000 5000
          5000 5000 5000 5000 5000 5000 5000 5000 5000 5000 5000 5000
          5000 5000 5000 5000 5000 5000 5000 5000 5000 5000 5000 5000
          5000 5000 5000 5000 5000 5000 5000 5000 5000 5000 5000 5000
          5000 5000 5000 5000 5000 5000 5000 5000 5000 5000 5000 5000
          5000 5000 5000 5000 5000 5000 5000 5000 5000 5000 5000 5000
          5000 5000 5000 5000 5000 5000 5000 5000 5000 5000 5000 5000
          5000 5000 5000 5000 5000 5000 5000 5000 5000 5000 5000 5000
          5000 5000 5000 5000 5000 5000 5000 5000 5000 5000 5000 5000
          5000 5000 5000 5000 5000 5000 5000 5000 5000 5000 5000 5000
          5000 5000 5000 5000 5000 5000 5000 5000 5000 5000 5000 5000
          5000 5000 5000 5000 5000 5000 5000 5000 5000 5000 5000 5000
          5000 5000 5000 5000 5000 5000 5000 5000 5000 5000 5000 5000
          5000 5000 5000 5000 5000 5000 5000 5000 5000 5000 5000 5000
          5000 5000 5000 5000 5000 5000 5000 5000 5000 5000 5000 5000
          5000 5000 5000 5000 5000 5000 5000 5000 5000 5000 5000 5000
          5000 5000 5000 5000 5000 5000 5000 5000 5000 5000 5000 5000
          5000 5000 5000 5000 5000 5000 5000 5000 5000 5000 5000 5000
          5000 5000 5000 5000 5000 5000 5000 5000 5000 5000 5000 5000
          5000 5000 5000 5000 5000 5000 5000 5000 5000 5000 5000 5000
          5000 5000 5000 5000 5000 5000 5000 5000 5000 5000 5000 5000
          5000 5000 5000 5000 5000 5000 5000 5000 5000 5000 5000 5000
          5000 5000 5000 5000 5000 5000 5000 5000 5000 5000 5000 5000
          5000 5000 5000 5000 5000 5000 5000 5000 5000 5000 5000 5000
          5000 5000 5000 5000 5000 5000 5000 5000 5000 5000 5000 5000
          5000 5000 5000 5000 5000 5000 5000 5000 5000 5000 5000 5000
          5000 5000 5000 5000 5000 5000 5000 5000 5000 5000 5000 5000
          5000 5000 5000 5000 5000 5000 5000 5000 5000 5000 5000 5000
          5000 5000 5000 5000 5000 5000 5000 5000 5000 5000 5000 5000
          5000 5000 5000 5000 5000 5000 5000 5000 5000 5000 5000 5000
          5000 5000 5000 5000 5000 5000 5000 5000 5000 5000 5000 5000
          5000 5000 5000 5000 5000 5000 5000 5000 5000 5000 5000 5000
          5000 5000 5000 5000 5000 5000 5000 5000 5000 5000 5000 5000
          5000 5000 5000 5000 5000 5000 5000 5000 5000 5000 5000 5000
          5000 5000 5000 5000 5000 5000 5000 5000 5000 5000 5000 5000
          5000 5000 5000 5000 5000 5000 5000 5000 5000 5000 5000 5000
          5000 5000 5000 5000 5000 5000 5000 5000 5000 5000 5000 5000
          5000 5000 5000 5000 5000 5000 5000 5000 5000 5000 5000 5000
          5000 5000 5000 5000 5000 5000 5000 5000 5000 5000 5000 5000
          5000 5000 5000 5000 5000 5000 5000 5000 5000 5000 5000 5000
          5000 5000 5000 5000 5000 5000 5000 5000 5000 5000 5000 5000
          5000 5000 5000 5000 5000 5000 5000 5000 5000 5000 5000 5000
          5000 5000 5000 5000 5000 5000 5000 5000 5000 5000 5000 5000
          5000 5000 5000 5000 5000 5000 5000 5000 5000 5000 5000 5000
          5000 5000 5000 5000 5000 5000 5000 5000 5000 5000 5000 5000
          5000 5000 5000 5000 5000 5000 5000 5000 5000 5000 5000 5000
          5000 5000 5000 5000 5000 5000 5000 5000 5000 5000 5000 5000
          5000 5000 5000 5000 5000 5000 5000 5000 5000 5000 5000 5000
          5000 5000 5000 5000 5000 5000 5000 5000 5000 5000 5000 5000
          5000 5000 5000 5000 5000 5000 5000 5000 5000 5000 5000 5000
          5000 5000 5000 5000 5000 5000 5000 5000 5000 5000 5000 5000
          5000 5000 5000 5000 5000 5000 5000 5000 5000 5000 5000 5000
          5000 5000 5000 5000 5000 5000 5000 5000 5000 5000 5000 5000
          5000 5000 5000 5000 5000 5000 5000 5000 5000 5000 5000 5000
          5000 5000 5000 5000 5000 5000 5000 5000 5000 5000 5000 5000
          5000 5000 5000 5000 5000 5000 5000 5000 5000 5000 5000 5000
          5000 5000 5000 5000 5000 5000 5000 5000 5000 5000 5000 5000
          5000 5000 5000 5000 5000 5000 5000 5000 5000 5000 5000 5000
          5000 5000 5000 5000 5000 5000 5000 5000 5000 5000 5000 5000
          5000 5000 5000 5000 5000 5000 5000 5000 5000 5000 5000 5000
          5000 5000 5000 5000 5000 5000 5000 5000 5000 5000 5000 5000
          5000 5000 5000 5000 5000 5000 5000 5000 5000 5000 5000 5000
          5000 5000 5000 5000 5000 5000 5000 5000 5000 5000 5000 5000
          5000 5000 5000 5000 5000 5000 5000 5000 5000 5000 5000 5000
          5000 5000 5000 5000 5000 5000 5000 5000 5000 5000 5000 5000
          5000 5000 5000 5000 5000 5000 5000 5000 5000 5000 5000 5000
          5000 5000 5000 5000 5000 5000 5000 5000 5000 5000 5000 5000
          5000 5000 5000 5000 5000 5000 5000 5000 5000 5000 5000 5000
          5000 5000 5000 5000 5000 5000 5000 5000 5000 5000 5000 5000
          5000 5000 5000 5000 5000 5000 5000 5000 5000 5000 5000 5000
          5000 5000 5000 5000 5000 5000 5000 5000 5000 5000 5000 5000
          5000 5000 5000 5000 5000 5000 5000 5000 5000 5000 5000 5000
          5000 5000 5000 5000 5000 5000 5000 5000 5000 5000 5000 5000
          5000 5000 5000 5000 5000 5000 5000 5000 5000 5000 5000 5000
          5000 5000 5000 5000 5000 5000 5000 5000 5000 5000 5000 5000
          5000 5000 5000 5000 5000 5000 5000 5000 5000 5000 5000 5000
          5000 5000 5000 5000 5000 5000 5000 5000 5000 5000 5000 5000
          5000 5000 5000 5000 5000 5000 5000 5000 5000 5000 5000 5000
          5000 5000 5000 5000 5000 5000 5000 5000 5000 5000 5000 5000
          5000 5000 5000 5000 5000 5000 5000 5000 5000 5000 5000 5000
          5000 5000 5000 5000 5000 5000 5000 5000 5000 5000 5000 5000
          5000 5000 5000 5000 5000 5000 5000 5000 5000 5000 5000 5000
          5000 5000 5000 5000 5000 5000 5000 5000 5000 5000 5000 5000
          5000 5000 5000 5000 5000 5000 5000 5000 5000 5000 5000 5000
          5000 5000 5000 5000 5000 5000 5000 5000 5000 5000 5000 5000
          5000 5000 5000 5000 5000 5000 5000 5000 5000 5000 5000 5000
          5000 5000 5000 5000 5000 5000 5000 5000 5000 5000 5000 5000
          5000 5000 5000 5000 5000 5000 5000 5000 5000 5000 5000 5000
          5000 5000 5000 5000 5000 5000 5000 5000 5000 5000 5000 5000
          5000 5000 5000 5000 5000 5000 5000 5000 5000 5000 5000 5000
          5000 5000 5000 5000 5000 5000 5000 5000 5000 5000 5000 5000
          5000 5000 5000 5000 5000 5000 5000 5000 5000 5000 5000 5000
          5000 5000 5000 5000 5000 5000 5000 5000 5000 5000 5000 5000
          5000 5000 5000 5000 5000 5000 5000 5000 5000 5000 5000 5000
          5000 5000 5000 5000 5000 5000 5000 5000 5000 5000 5000 5000
          5000 5000 5000 5000 5000 5000 5000 5000 5000 5000 5000 5000
          5000 5000 5000 5000 5000 5000 5000 5000 5000 5000 5000 5000
          5000 5000 5000 5000 5000 5000 5000 5000 5000 5000 5000 5000
          5000 5000 5000 5000 5000 5000 5000 5000 5000 5000 5000 5000
          5000 5000 5000 5000 5000 5000 5000 5000 5000 5000 5000 5000
          5000 5000 5000 5000 5000 5000 5000 5000 5000 5000 5000 5000
          5000 5000 5000 5000 5000 5000 5000 5000 5000 5000 5000 5000
          5000 5000 5000 5000 5000 5000 5000 5000 5000 5000 5000 5000
          5000 5000 5000 5000 5000 5000 5000 5000 5000 5000 5000 5000
          5000 5000 5000 5000 5000 5000 5000 5000 5000 5000 5000 5000
          5000 5000 5000 5000 5000 5000 5000 5000 5000 5000 5000 5000
          5000 5000 5000 5000 5000 5000 5000 5000 5000 5000 5000 5000
          5000 5000 5000 5000 5000 5000 5000 5000 5000 5000 5000 5000
          5000 5000 5000 5000 5000 5000 5000 5000 5000 5000 5000 5000
          5000 5000 5000 5000 5000 5000 5000 5000 5000 5000 5000 5000
          5000 5000 5000 5000 5000 5000 5000 5000 5000 5000 5000 5000
          5000 5000 5000 5000 5000 5000 5000 5000 5000 5000 5000 5000
          5000 5000 5000 5000 5000 5000 5000 5000 5000 5000 5000 5000
          5000 5000 5000 5000 5000 5000 5000 5000 5000 5000 5000 5000
          5000 5000 5000 5000 5000 5000 5000 5000 5000 5000 5000 5000
          5000 5000 5000 5000 5000 5000 5000 5000 5000 5000 5000 5000
          5000 5000 5000 5000 5000 5000 5000 5000 5000 5000 5000 5000
          5000 5000 5000 5000 5000 5000 5000 5000 5000 5000 5000 5000
          5000 5000 5000 5000 5000 5000 5000 5000 5000 5000 5000 5000
          5000 5000 5000 5000 5000 5000 5000 5000 5000 5000 5000 5000
          5000 5000 5000 5000 5000 5000 5000 5000 5000 5000 5000 5000
          5000 5000 5000 5000 5000 5000 5000 5000 5000 5000 5000 5000
          5000 5000 5000 5000 5000 5000 5000 5000 5000 5000 5000 5000
          5000 5000 5000 5000 5000 5000 5000 5000 5000 5000 5000 5000
          5000 5000 5000 5000 5000 5000 5000 5000 5000 5000 5000 5000
          5000 5000 5000 5000 5000 5000 5000 5000 5000 5000 5000 5000
          5000 5000 5000 5000 5000 5000 5000 5000 5000 5000 5000 5000
          5000 5000 5000 5000 5000 5000 5000 5000 5000 5000 5000 5000
          5000 5000 5000 5000 5000 5000 5000 5000 5000 5000 5000 5000
          5000 5000 5000 5000 5000 5000 5000 5000 5000 5000 5000 5000
          5000 5000 5000 5000 5000 5000 5000 5000 5000 5000 5000 5000
          5000 5000 5000 5000 5000 5000 5000 5000 5000 5000 5000 5000
          5000 5000 5000 5000 5000 5000 5000 5000 5000 5000 5000 5000
          5000 5000 5000 5000 5000 5000 5000 5000 5000 5000 5000 5000
          5000 5000 5000 5000 5000 5000 5000 5000 5000 5000 5000 5000
          5000 5000 5000 5000 5000 5000 5000 5000 5000 5000 5000 5000
          5000 5000 5000 5000 5000 5000 5000 5000 5000 5000 5000 5000
          5000 5000 5000 5000 5000 5000 5000 5000 5000 5000 5000 5000
          5000 5000 5000 5000 5000 5000 5000 5000 5000 5000 5000 5000
          5000 5000 5000 5000 5000 5000 5000 5000 5000 5000 5000 5000
          5000 5000 5000 5000 5000 5000 5000 5000 5000 5000 5000 5000
          5000 5000 5000 5000 5000 5000 5000 5000 5000 5000 5000 5000
          5000 5000 5000 5000 5000 5000 5000 5000 5000 5000 5000 5000
          5000 5000 5000 5000 5000 5000 5000 5000 5000 5000 5000 5000
          5000 5000 5000 5000 5000 5000 5000 5000 5000 5000 5000 5000
          5000 5000 5000 5000 5000 5000 5000 5000 5000 5000 5000 5000
          5000 5000 5000 5000 5000 5000 5000 5000 5000 5000 5000 5000
          5000 5000 5000 5000 5000 5000 5000 5000 5000 5000 5000 5000
          5000 5000 5000 5000 5000 5000 5000 5000 5000 5000 5000 5000
          5000 5000 5000 5000 5000 5000 5000 5000 5000 5000 5000 5000
          5000 5000 5000 5000 5000 5000 5000 5000 5000 5000 5000 5000
          5000 5000 5000 5000 5000 5000 5000 5000 5000 5000 5000 5000
          5000 5000 5000 5000 5000 5000 5000 5000 5000 5000 5000 5000
          5000 5000 5000 5000 5000 5000 5000 5000 5000 5000 5000 5000
          5000 5000 5000 5000 5000 5000 5000 5000 5000 5000 5000 5000
          5000 5000 5000 5000 5000 5000 5000 5000 5000 5000 5000 5000
          5000 5000 5000 5000 5000 5000 5000 5000 5000 5000 5000 5000
          5000 5000 5000 5000 5000 5000 5000 5000 5000 5000 5000 5000
          5000 5000 5000 5000 5000 5000 5000 5000 5000 5000 5000 5000
          5000 5000 5000 5000 5000 5000 5000 5000 5000 5000 5000 5000
          5000 5000 5000 5000 5000 5000 5000 5000 5000 5000 5000 5000
          5000 5000 5000 5000 5000 5000 5000 5000 5000 5000 5000 5000
          5000 5000 5000 5000 5000 5000 5000 5000 5000 5000 5000 5000
          5000 5000 5000 5000 5000 5000 5000 5000 5000 5000 5000 5000
          5000 5000 5000 5000 5000 5000 5000 5000 5000 5000 5000 5000
          5000 5000 5000 5000 5000 5000 5000 5000 5000 5000 5000 5000
          5000 5000 5000 5000 5000 5000 5000 5000 5000 5000 5000 5000
          5000 5000 5000 5000 5000 5000 5000 5000 5000 5000 5000 5000
          5000 5000 5000 5000 5000 5000 5000 5000 5000 5000 5000 5000
          5000 5000 5000 5000 5000 5000 5000 5000 5000 5000 5000 5000
          5000 5000 5000 5000 5000 5000 5000 5000 5000 5000 5000 5000
          5000 5000 5000 5000 5000 5000 5000 5000 5000 5000 5000 5000
          5000 5000 5000 5000 5000 5000 5000 5000 5000 5000 5000 5000
          5000 5000 5000 5000 5000 5000 5000 5000 5000 5000 5000 5000
          5000 5000 5000 5000 5000 5000 5000 5000 5000 5000 5000 5000
          5000 5000 5000 5000 5000 5000 5000 5000 5000 5000 5000 5000
          5000 5000 5000 5000 5000 5000 5000 5000 5000 5000 5000 5000
          5000 5000 5000 5000 5000 5000 5000 5000 5000 5000 5000 5000
          5000 5000 5000 5000 5000 5000 5000 5000 5000 5000 5000 5000
          5000 5000 5000 5000 5000 5000 5000 5000 5000 5000 5000 5000
          5000 5000 5000 5000 5000 5000 5000 5000 5000 5000 5000 5000
          5000 5000 5000 5000 5000 5000 5000 5000 5000 5000 5000 5000
          5000 5000 5000 5000 5000 5000 5000 5000 5000 5000 5000 5000
          5000 5000 5000 5000 5000 5000 5000 5000 5000 5000 5000 5000
          5000 5000 5000 5000 5000 5000 5000 5000 5000 5000 5000 5000
          5000 5000 5000 5000
        </DataArray>
        <DataArray type="Float32" Name="porosity" NumberOfComponents="1" format="ascii">
          0.14 0.14 0.14 0.14 0.14 0.14 0.14 0.14 0.14 0.14 0.14 0.14
          0.14 0.14 0.14 0.14 0.14 0.14 0.14 0.14 0.14 0.14 0.14 0.14
          0.14 0.14 0.14 0.14 0.14 0.14 0.14 0.14 0.14 0.14 0.14 0.14
          0.14 0.14 0.14 0.14 0.14 0.14 0.14 0.14 0.14 0.14 0.14 0.14
          0.14 0.14 0.14 0.14 0.14 0.14 0.14 0.14 0.14 0.14 0.14 0.14
          0.14 0.14 0.14 0.14 0.14 0.14 0.14 0.14 0.14 0.14 0.14 0.14
          0.14 0.14 0.14 0.14 0.14 0.14 0.14 0.14 0.14 0.14 0.14 0.14
          0.14 0.14 0.14 0.14 0.14 0.14 0.14 0.14 0.14 0.14 0.14 0.14
          0.14 0.14 0.14 0.14 0.14 0.14 0.14 0.14 0.14 0.14 0.14 0.14
          0.14 0.14 0.14 0.14 0.14 0.14 0.14 0.14 0.14 0.14 0.14 0.14
          0.14 0.14 0.14 0.14 0.14 0.14 0.14 0.14 0.14 0.14 0.14 0.14
          0.14 0.14 0.14 0.14 0.14 0.14 0.14 0.14 0.14 0.14 0.14 0.14
          0.14 0.14 0.14 0.14 0.14 0.14 0.14 0.14 0.14 0.14 0.14 0.14
          0.14 0.14 0.14 0.14 0.14 0.14 0.14 0.14 0.14 0.14 0.14 0.14
          0.14 0.14 0.14 0.14 0.14 0.14 0.14 0.14 0.14 0.14 0.14 0.14
          0.14 0.14 0.14 0.14 0.14 0.14 0.14 0.14 0.14 0.14 0.14 0.14
          0.14 0.14 0.14 0.14 0.14 0.14 0.14 0.14 0.14 0.14 0.14 0.14
          0.14 0.14 0.14 0.14 0.14 0.14 0.14 0.14 0.14 0.14 0.14 0.14
          0.14 0.14 0.14 0.14 0.14 0.14 0.14 0.14 0.14 0.14 0.14 0.14
          0.14 0.14 0.14 0.14 0.14 0.14 0.14 0.14 0.14 0.14 0.14 0.14
          0.14 0.14 0.14 0.14 0.14 0.14 0.14 0.14 0.14 0.14 0.14 0.14
          0.14 0.14 0.14 0.14 0.14 0.14 0.14 0.14 0.14 0.14 0.14 0.14
          0.14 0.14 0.14 0.14 0.14 0.14 0.14 0.14 0.14 0.14 0.14 0.14
          0.14 0.14 0.14 0.14 0.14 0.14 0.14 0.14 0.14 0.14 0.14 0.14
          0.14 0.14 0.14 0.14 0.14 0.14 0.14 0.14 0.14 0.14 0.14 0.14
          0.14 0.14 0.14 0.14 0.14 0.14 0.14 0.14 0.14 0.14 0.14 0.14
          0.14 0.14 0.14 0.14 0.14 0.14 0.14 0.14 0.14 0.14 0.14 0.14
          0.14 0.14 0.14 0.14 0.14 0.14 0.14 0.14 0.14 0.14 0.14 0.14
          0.14 0.14 0.14 0.14 0.14 0.14 0.14 0.14 0.14 0.14 0.14 0.14
          0.14 0.14 0.14 0.14 0.14 0.14 0.14 0.14 0.14 0.14 0.14 0.14
          0.14 0.14 0.14 0.14 0.14 0.14 0.14 0.14 0.14 0.14 0.14 0.14
          0.14 0.14 0.14 0.14 0.14 0.14 0.14 0.14 0.14 0.14 0.14 0.14
          0.14 0.14 0.14 0.14 0.14 0.14 0.14 0.14 0.14 0.14 0.14 0.14
          0.14 0.14 0.14 0.14 0.14 0.14 0.14 0.14 0.14 0.14 0.14 0.14
          0.14 0.14 0.14 0.14 0.14 0.14 0.14 0.14 0.14 0.14 0.14 0.14
          0.14 0.14 0.14 0.14 0.14 0.14 0.14 0.14 0.14 0.14 0.14 0.14
          0.14 0.14 0.14 0.14 0.14 0.14 0.14 0.14 0.14 0.14 0.14 0.14
          0.14 0.14 0.14 0.14 0.14 0.14 0.14 0.14 0.14 0.14 0.14 0.14
          0.14 0.14 0.14 0.14 0.14 0.14 0.14 0.14 0.14 0.14 0.14 0.14
          0.14 0.14 0.14 0.14 0.14 0.14 0.14 0.14 0.14 0.14 0.14 0.14
          0.14 0.14 0.14 0.14 0.14 0.14 0.14 0.14 0.14 0.14 0.14 0.14
          0.14 0.14 0.14 0.14 0.14 0.14 0.14 0.14 0.14 0.14 0.14 0.14
          0.14 0.14 0.14 0.14 0.14 0.14 0.14 0.14 0.14 0.14 0.14 0.14
          0.14 0.14 0.14 0.14 0.14 0.14 0.14 0.14 0.14 0.14 0.14 0.14
          0.14 0.14 0.14 0.14 0.14 0.14 0.14 0.14 0.14 0.14 0.14 0.14
          0.14 0.14 0.14 0.14 0.14 0.14 0.14 0.14 0.14 0.14 0.14 0.14
          0.14 0.14 0.14 0.14 0.14 0.14 0.14 0.14 0.14 0.14 0.14 0.14
          0.14 0.14 0.14 0.14 0.14 0.14 0.14 0.14 0.14 0.14 0.14 0.14
          0.14 0.14 0.14 0.14 0.14 0.14 0.14 0.14 0.14 0.14 0.14 0.14
          0.14 0.14 0.14 0.14 0.14 0.14 0.14 0.14 0.14 0.14 0.14 0.14
          0.14 0.14 0.14 0.14 0.14 0.14 0.14 0.14 0.14 0.14 0.14 0.14
          0.14 0.14 0.14 0.14 0.14 0.14 0.14 0.14 0.14 0.14 0.14 0.14
          0.14 0.14 0.14 0.14 0.14 0.14 0.14 0.14 0.14 0.14 0.14 0.14
          0.14 0.14 0.14 0.14 0.14 0.14 0.14 0.14 0.14 0.14 0.14 0.14
          0.14 0.14 0.14 0.14 0.14 0.14 0.14 0.14 0.14 0.14 0.14 0.14
          0.14 0.14 0.14 0.14 0.14 0.14 0.14 0.14 0.14 0.14 0.14 0.14
          0.14 0.14 0.14 0.14 0.14 0.14 0.14 0.14 0.14 0.14 0.14 0.14
          0.14 0.14 0.14 0.14 0.14 0.14 0.14 0.14 0.14 0.14 0.14 0.14
          0.14 0.14 0.14 0.14 0.14 0.14 0.14 0.14 0.14 0.14 0.14 0.14
          0.14 0.14 0.14 0.14 0.14 0.14 0.14 0.14 0.14 0.14 0.14 0.14
          0.14 0.14 0.14 0.14 0.14 0.14 0.14 0.14 0.14 0.14 0.14 0.14
          0.14 0.14 0.14 0.14 0.14 0.14 0.14 0.14 0.14 0.14 0.14 0.14
          0.14 0.14 0.14 0.14 0.14 0.14 0.14 0.14 0.14 0.14 0.14 0.14
          0.14 0.14 0.14 0.14 0.14 0.14 0.14 0.14 0.14 0.14 0.14 0.14
          0.14 0.14 0.14 0.14 0.14 0.14 0.14 0.14 0.14 0.14 0.14 0.14
          0.14 0.14 0.14 0.14 0.14 0.14 0.14 0.14 0.14 0.14 0.14 0.14
          0.14 0.14 0.14 0.14 0.14 0.14 0.14 0.14 0.14 0.14 0.14 0.14
          0.14 0.14 0.14 0.14 0.14 0.14 0.14 0.14 0.14 0.14 0.14 0.14
          0.14 0.14 0.14 0.14 0.14 0.14 0.14 0.14 0.14 0.14 0.14 0.14
          0.14 0.14 0.14 0.14 0.14 0.14 0.14 0.14 0.14 0.14 0.14 0.14
          0.14 0.14 0.14 0.14 0.14 0.14 0.14 0.14 0.14 0.14 0.14 0.14
          0.14 0.14 0.14 0.14 0.14 0.14 0.14 0.14 0.14 0.14 0.14 0.14
          0.14 0.14 0.14 0.14 0.14 0.14 0.14 0.14 0.14 0.14 0.14 0.14
          0.14 0.14 0.14 0.14 0.14 0.14 0.14 0.14 0.14 0.14 0.14 0.14
          0.14 0.14 0.14 0.14 0.14 0.14 0.14 0.14 0.14 0.14 0.14 0.14
          0.14 0.14 0.14 0.14 0.14 0.14 0.14 0.14 0.14 0.14 0.14 0.14
          0.14 0.14 0.14 0.14 0.14 0.14 0.14 0.14 0.14 0.14 0.14 0.14
          0.14 0.14 0.14 0.14 0.14 0.14 0.14 0.14 0.14 0.14 0.14 0.14
          0.14 0.14 0.14 0.14 0.14 0.14 0.14 0.14 0.14 0.14 0.14 0.14
          0.14 0.14 0.14 0.14 0.14 0.14 0.14 0.14 0.14 0.14 0.14 0.14
          0.14 0.14 0.14 0.14 0.14 0.14 0.14 0.14 0.14 0.14 0.14 0.14
          0.14 0.14 0.14 0.14 0.14 0.14 0.14 0.14 0.14 0.14 0.14 0.14
          0.14 0.14 0.14 0.14 0.14 0.14 0.14 0.14 0.14 0.14 0.14 0.14
          0.14 0.14 0.14 0.14 0.14 0.14 0.14 0.14 0.14 0.14 0.14 0.14
          0.14 0.14 0.14 0.14 0.14 0.14 0.14 0.14 0.14 0.14 0.14 0.14
          0.14 0.14 0.14 0.14 0.14 0.14 0.14 0.14 0.14 0.14 0.14 0.14
          0.14 0.14 0.14 0.14 0.14 0.14 0.14 0.14 0.14 0.14 0.14 0.14
          0.14 0.14 0.14 0.14 0.14 0.14 0.14 0.14 0.14 0.14 0.14 0.14
          0.14 0.14 0.14 0.14 0.14 0.14 0.14 0.14 0.14 0.14 0.14 0.14
          0.14 0.14 0.14 0.14 0.14 0.14 0.14 0.14 0.14 0.14 0.14 0.14
          0.14 0.14 0.14 0.14 0.14 0.14 0.14 0.14 0.14 0.14 0.14 0.14
          0.14 0.14 0.14 0.14 0.14 0.14 0.14 0.14 0.14 0.14 0.14 0.14
          0.14 0.14 0.14 0.14 0.14 0.14 0.14 0.14 0.14 0.14 0.14 0.14
          0.14 0.14 0.14 0.14 0.14 0.14 0.14 0.14 0.14 0.14 0.14 0.14
          0.14 0.14 0.14 0.14 0.14 0.14 0.14 0.14 0.14 0.14 0.14 0.14
          0.14 0.14 0.14 0.14 0.14 0.14 0.14 0.14 0.14 0.14 0.14 0.14
          0.14 0.14 0.14 0.14 0.14 0.14 0.14 0.14 0.14 0.14 0.14 0.14
          0.14 0.14 0.14 0.14 0.14 0.14 0.14 0.14 0.14 0.14 0.14 0.14
          0.14 0.14 0.14 0.14 0.14 0.14 0.14 0.14 0.14 0.14 0.14 0.14
          0.14 0.14 0.14 0.14 0.14 0.14 0.14 0.14 0.14 0.14 0.14 0.14
          0.14 0.14 0.14 0.14 0.14 0.14 0.14 0.14 0.14 0.14 0.14 0.14
          0.14 0.14 0.14 0.14 0.14 0.14 0.14 0.14 0.14 0.14 0.14 0.14
          0.14 0.14 0.14 0.14 0.14 0.14 0.14 0.14 0.14 0.14 0.14 0.14
          0.14 0.14 0.14 0.14 0.14 0.14 0.14 0.14 0.14 0.14 0.14 0.14
          0.14 0.14 0.14 0.14 0.14 0.14 0.14 0.14 0.14 0.14 0.14 0.14
          0.14 0.14 0.14 0.14 0.14 0.14 0.14 0.14 0.14 0.14 0.14 0.14
          0.14 0.14 0.14 0.14 0.14 0.14 0.14 0.14 0.14 0.14 0.14 0.14
          0.14 0.14 0.14 0.14 0.14 0.14 0.14 0.14 0.14 0.14 0.14 0.14
          0.14 0.14 0.14 0.14 0.14 0.14 0.14 0.14 0.14 0.14 0.14 0.14
          0.14 0.14 0.14 0.14 0.14 0.14 0.14 0.14 0.14 0.14 0.14 0.14
          0.14 0.14 0.14 0.14 0.14 0.14 0.14 0.14 0.14 0.14 0.14 0.14
          0.14 0.14 0.14 0.14 0.14 0.14 0.14 0.14 0.14 0.14 0.14 0.14
          0.14 0.14 0.14 0.14 0.14 0.14 0.14 0.14 0.14 0.14 0.14 0.14
          0.14 0.14 0.14 0.14 0.14 0.14 0.14 0.14 0.14 0.14 0.14 0.14
          0.14 0.14 0.14 0.14 0.14 0.14 0.14 0.14 0.14 0.14 0.14 0.14
          0.14 0.14 0.14 0.14 0.14 0.14 0.14 0.14 0.14 0.14 0.14 0.14
          0.14 0.14 0.14 0.14 0.14 0.14 0.14 0.14 0.14 0.14 0.14 0.14
          0.14 0.14 0.14 0.14 0.14 0.14 0.14 0.14 0.14 0.14 0.14 0.14
          0.14 0.14 0.14 0.14 0.14 0.14 0.14 0.14 0.14 0.14 0.14 0.14
          0.14 0.14 0.14 0.14 0.14 0.14 0.14 0.14 0.14 0.14 0.14 0.14
          0.14 0.14 0.14 0.14 0.14 0.14 0.14 0.14 0.14 0.14 0.14 0.14
          0.14 0.14 0.14 0.14 0.14 0.14 0.14 0.14 0.14 0.14 0.14 0.14
          0.14 0.14 0.14 0.14 0.14 0.14 0.14 0.14 0.14 0.14 0.14 0.14
          0.14 0.14 0.14 0.14 0.14 0.14 0.14 0.14 0.14 0.14 0.14 0.14
          0.14 0.14 0.14 0.14 0.14 0.14 0.14 0.14 0.14 0.14 0.14 0.14
          0.14 0.14 0.14 0.14 0.14 0.14 0.14 0.14 0.14 0.14 0.14 0.14
          0.14 0.14 0.14 0.14 0.14 0.14 0.14 0.14 0.14 0.14 0.14 0.14
          0.14 0.14 0.14 0.14 0.14 0.14 0.14 0.14 0.14 0.14 0.14 0.14
          0.14 0.14 0.14 0.14 0.14 0.14 0.14 0.14 0.14 0.14 0.14 0.14
          0.14 0.14 0.14 0.14 0.14 0.14 0.14 0.14 0.14 0.14 0.14 0.14
          0.14 0.14 0.14 0.14 0.14 0.14 0.14 0.14 0.14 0.14 0.14 0.14
          0.14 0.14 0.14 0.14 0.14 0.14 0.14 0.14 0.14 0.14 0.14 0.14
          0.14 0.14 0.14 0.14 0.14 0.14 0.14 0.14 0.14 0.14 0.14 0.14
          0.14 0.14 0.14 0.14 0.14 0.14 0.14 0.14 0.14 0.14 0.14 0.14
          0.14 0.14 0.14 0.14 0.14 0.14 0.14 0.14 0.14 0.14 0.14 0.14
          0.14 0.14 0.14 0.14 0.14 0.14 0.14 0.14 0.14 0.14 0.14 0.14
          0.14 0.14 0.14 0.14 0.14 0.14 0.14 0.14 0.14 0.14 0.14 0.14
          0.14 0.14 0.14 0.14 0.14 0.14 0.14 0.14 0.14 0.14 0.14 0.14
          0.14 0.14 0.14 0.14 0.14 0.14 0.14 0.14 0.14 0.14 0.14 0.14
          0.14 0.14 0.14 0.14 0.14 0.14 0.14 0.14 0.14 0.14 0.14 0.14
          0.14 0.14 0.14 0.14 0.14 0.14 0.14 0.14 0.14 0.14 0.14 0.14
          0.14 0.14 0.14 0.14 0.14 0.14 0.14 0.14 0.14 0.14 0.14 0.14
          0.14 0.14 0.14 0.14 0.14 0.14 0.14 0.14 0.14 0.14 0.14 0.14
          0.14 0.14 0.14 0.14 0.14 0.14 0.14 0.14 0.14 0.14 0.14 0.14
          0.14 0.14 0.14 0.14 0.14 0.14 0.14 0.14 0.14 0.14 0.14 0.14
          0.14 0.14 0.14 0.14 0.14 0.14 0.14 0.14 0.14 0.14 0.14 0.14
          0.14 0.14 0.14 0.14 0.14 0.14 0.14 0.14 0.14 0.14 0.14 0.14
          0.14 0.14 0.14 0.14 0.14 0.14 0.14 0.14 0.14 0.14 0.14 0.14
          0.14 0.14 0.14 0.14 0.14 0.14 0.14 0.14 0.14 0.14 0.14 0.14
          0.14 0.14 0.14 0.14 0.14 0.14 0.14 0.14 0.14 0.14 0.14 0.14
          0.14 0.14 0.14 0.14 0.14 0.14 0.14 0.14 0.14 0.14 0.14 0.14
          0.14 0.14 0.14 0.14 0.14 0.14 0.14 0.14 0.14 0.14 0.14 0.14
          0.14 0.14 0.14 0.14 0.14 0.14 0.14 0.14 0.14 0.14 0.14 0.14
          0.14 0.14 0.14 0.14 0.14 0.14 0.14 0.14 0.14 0.14 0.14 0.14
          0.14 0.14 0.14 0.14 0.14 0.14 0.14 0.14 0.14 0.14 0.14 0.14
          0.14 0.14 0.14 0.14 0.14 0.14 0.14 0.14 0.14 0.14 0.14 0.14
          0.14 0.14 0.14 0.14 0.14 0.14 0.14 0.14 0.14 0.14 0.14 0.14
          0.14 0.14 0.14 0.14 0.14 0.14 0.14 0.14 0.14 0.14 0.14 0.14
          0.14 0.14 0.14 0.14 0.14 0.14 0.14 0.14 0.14 0.14 0.14 0.14
          0.14 0.14 0.14 0.14 0.14 0.14 0.14 0.14 0.14 0.14 0.14 0.14
          0.14 0.14 0.14 0.14 0.14 0.14 0.14 0.14 0.14 0.14 0.14 0.14
          0.14 0.14 0.14 0.14 0.14 0.14 0.14 0.14 0.14 0.14 0.14 0.14
          0.14 0.14 0.14 0.14 0.14 0.14 0.14 0.14 0.14 0.14 0.14 0.14
          0.14 0.14 0.14 0.14 0.14 0.14 0.14 0.14 0.14 0.14 0.14 0.14
          0.14 0.14 0.14 0.14 0.14 0.14 0.14 0.14 0.14 0.14 0.14 0.14
          0.14 0.14 0.14 0.14 0.14 0.14 0.14 0.14 0.14 0.14 0.14 0.14
          0.14 0.14 0.14 0.14 0.14 0.14 0.14 0.14 0.14 0.14 0.14 0.14
          0.14 0.14 0.14 0.14 0.14 0.14 0.14 0.14 0.14 0.14 0.14 0.14
          0.14 0.14 0.14 0.14 0.14 0.14 0.14 0.14 0.14 0.14 0.14 0.14
          0.14 0.14 0.14 0.14 0.14 0.14 0.14 0.14 0.14 0.14 0.14 0.14
          0.14 0.14 0.14 0.14 0.14 0.14 0.14 0.14 0.14 0.14 0.14 0.14
          0.14 0.14 0.14 0.14 0.14 0.14 0.14 0.14 0.14 0.14 0.14 0.14
          0.14 0.14 0.14 0.14 0.14 0.14 0.14 0.14 0.14 0.14 0.14 0.14
          0.14 0.14 0.14 0.14 0.14 0.14 0.14 0.14 0.14 0.14 0.14 0.14
          0.14 0.14 0.14 0.14 0.14 0.14 0.14 0.14 0.14 0.14 0.14 0.14
          0.14 0.14 0.14 0.14 0.14 0.14 0.14 0.14 0.14 0.14 0.14 0.14
          0.14 0.14 0.14 0.14 0.14 0.14 0.14 0.14 0.14 0.14 0.14 0.14
          0.14 0.14 0.14 0.14 0.14 0.14 0.14 0.14 0.14 0.14 0.14 0.14
          0.14 0.14 0.14 0.14 0.14 0.14 0.14 0.14 0.14 0.14 0.14 0.14
          0.14 0.14 0.14 0.14 0.14 0.14 0.14 0.14 0.14 0.14 0.14 0.14
          0.14 0.14 0.14 0.14 0.14 0.14 0.14 0.14 0.14 0.14 0.14 0.14
          0.14 0.14 0.14 0.14 0.14 0.14 0.14 0.14 0.14 0.14 0.14 0.14
          0.14 0.14 0.14 0.14 0.14 0.14 0.14 0.14 0.14 0.14 0.14 0.14
          0.14 0.14 0.14 0.14 0.14 0.14 0.14 0.14 0.14 0.14 0.14 0.14
          0.14 0.14 0.14 0.14 0.14 0.14 0.14 0.14 0.14 0.14 0.14 0.14
          0.14 0.14 0.14 0.14 0.14 0.14 0.14 0.14 0.14 0.14 0.14 0.14
          0.14 0.14 0.14 0.14 0.14 0.14 0.14 0.14 0.14 0.14 0.14 0.14
          0.14 0.14 0.14 0.14 0.14 0.14 0.14 0.14 0.14 0.14 0.14 0.14
          0.14 0.14 0.14 0.14 0.14 0.14 0.14 0.14 0.14 0.14 0.14 0.14
          0.14 0.14 0.14 0.14 0.14 0.14 0.14 0.14 0.14 0.14 0.14 0.14
          0.14 0.14 0.14 0.14 0.14 0.14 0.14 0.14 0.14 0.14 0.14 0.14
          0.14 0.14 0.14 0.14 0.14 0.14 0.14 0.14 0.14 0.14 0.14 0.14
          0.14 0.14 0.14 0.14 0.14 0.14 0.14 0.14 0.14 0.14 0.14 0.14
          0.14 0.14 0.14 0.14 0.14 0.14 0.14 0.14 0.14 0.14 0.14 0.14
          0.14 0.14 0.14 0.14 0.14 0.14 0.14 0.14 0.14 0.14 0.14 0.14
          0.14 0.14 0.14 0.14 0.14 0.14 0.14 0.14 0.14 0.14 0.14 0.14
          0.14 0.14 0.14 0.14
        </DataArray>
        <DataArray type="Float32" Name="x^SimpleH2O_liq" NumberOfComponents="1" format="ascii">
          0.997532 0.997532 0.997534 0.997534 0.997532 0.997534 0.997532 0.997534 0.997532 0.997534 0.997532 0.997534
          0.997532 0.997534 0.997532 0.997534 0.997532 0.997534 0.997532 0.997534 0.997532 0.997534 0.997532 0.997534
          0.997532 0.997534 0.997532 0.997534 0.997532 0.997534 0.997532 0.997534 0.997532 0.997534 0.997532 0.997534
          0.997532 0.997534 0.997532 0.997534 0.997532 0.997534 0.997532 0.997534 0.997532 0.997534 0.997532 0.997534
          0.997532 0.997534 0.997532 0.997534 0.997532 0.997534 0.997532 0.997534 0.997532 0.997534 0.997532 0.997534
          0.997532 0.997534 0.997532 0.997534 0.997532 0.997534 0.997532 0.997534 0.997532 0.997534 0.997532 0.997534
          0.997532 0.997534 0.997532 0.997534 0.997532 0.997534 0.997532 0.997534 0.997532 0.997534 0.997532 0.997534
          0.997532 0.997534 0.997532 0.997534 0.997532 0.997534 0.997532 0.997534 0.997532 0.997534 0.997532 0.997534
          0.997532 0.997534 0.997532 0.997534 0.997532 0.997534 0.997532 0.997534 0.997532 0.997534 0.997532 0.997534
          0.997532 0.997534 0.997532 0.997534 0.997532 0.997534 0.997532 0.997534 0.997532 0.997534 0.997532 0.997534
          0.997532 0.997534 0.997532 0.997534 0.997532 0.997534 0.997532 0.997534 0.997532 0.997534 0.997532 0.997534
          0.997532 0.997534 0.997532 0.997534 0.997532 0.997534 0.997532 0.997534 0.997532 0.997534 0.997532 0.997534
          0.997532 0.997534 0.997532 0.997534 0.997532 0.997534 0.997532 0.997534 0.997537 0.997537 0.997537 0.997537
          0.997537 0.997537 0.997537 0.997537 0.997537 0.997537 0.997537 0.997537 0.997537 0.997537 0.997537 0.997537
          0.997537 0.997537 0.997537 0.997537 0.997537 0.997537 0.997537 0.997537 0.997537 0.997537 0.997537 0.997537
          0.997537 0.997537 0.997537 0.997537 0.997537 0.997537 0.997537 0.997537 0.997537 0.997537 0.997537 0.997537
          0.997537 0.997537 0.997537 0.997537 0.997537 0.997537 0.997537 0.997537 0.997537 0.997537 0.997537 0.997537
          0.997537 0.997537 0.997537 0.997537 0.997537 0.997537 0.997537 0.997537 0.997537 0.997537 0.997537 0.997537
          0.997537 0.997537 0.997537 0.997537 0.997537 0.997537 0.997537 0.997537 0.997537 0.997537 0.997537 0.997537
          0.997539 0.997539 0.997539 0.997539 0.997539 0.997539 0.997539 0.997539 0.997539 0.997539 0.997539 0.997539
          0.997539 0.997539 0.997539 0.997539 0.997539 0.997539 0.997539 0.997539 0.997539 0.997539 0.997539 0.997539
          0.997539 0.997539 0.997539 0.997539 0.997539 0.997539 0.997539 0.997539 0.997539 0.997539 0.997539 0.997539
          0.997539 0.997539 0.997539 0.997539 0.997539 0.997539 0.997539 0.997539 0.997539 0.997539 0.997539 0.997539
          0.997539 0.997539 0.997539 0.997539 0.997539 0.997539 0.997539 0.997539 0.997539 0.997539 0.997539 0.997539
          0.997539 0.997539 0.997539 0.997539 0.997539 0.997539 0.997539 0.997539 0.997539 0.997539 0.997539 0.997539
          0.997539 0.997539 0.997539 0.997539 0.997542 0.997542 0.997542 0.997542 0.997542 0.997542 0.997542 0.997542
          0.997542 0.997542 0.997542 0.997542 0.997542 0.997542 0.997542 0.997542 0.997542 0.997542 0.997542 0.997542
          0.997542 0.997542 0.997542 0.997542 0.997542 0.997542 0.997542 0.997542 0.997542 0.997542 0.997542 0.997542
          0.997542 0.997542 0.997542 0.997542 0.997542 0.997542 0.997542 0.997542 0.997542 0.997542 0.997542 0.997542
          0.997542 0.997542 0.997542 0.997542 0.997542 0.997542 0.997542 0.997542 0.997542 0.997542 0.997542 0.997542
          0.997542 0.997542 0.997542 0.997542 0.997542 0.997542 0.997542 0.997542 0.997542 0.997542 0.997542 0.997542
          0.997542 0.997542 0.997542 0.997542 0.997542 0.997542 0.997542 0.997542 0.997544 0.997544 0.997544 0.997544
          0.997544 0.997544 0.997544 0.997544 0.997544 0.997544 0.997544 0.997544 0.997544 0.997544 0.997544 0.997544
          0.997544 0.997544 0.997544 0.997544 0.997544 0.997544 0.997544 0.997544 0.997544 0.997544 0.997544 0.997544
          0.997544 0.997544 0.997544 0.997544 0.997544 0.997544 0.997544 0.997544 0.997544 0.997544 0.997544 0.997544
          0.997544 0.997544 0.997544 0.997544 0.997544 0.997544 0.997544 0.997544 0.997544 0.997544 0.997544 0.997544
          0.997544 0.997544 0.997544 0.997544 0.997544 0.997544 0.997544 0.997544 0.997544 0.997544 0.997544 0.997544
          0.997544 0.997544 0.997544 0.997544 0.997544 0.997544 0.997544 0.997544 0.997544 0.997544 0.997544 0.997544
          0.997546 0.997546 0.997546 0.997546 0.997546 0.997546 0.997546 0.997546 0.997546 0.997546 0.997546 0.997546
          0.997546 0.997546 0.997546 0.997546 0.997546 0.997546 0.997546 0.997546 0.997546 0.997546 0.997546 0.997546
          0.997546 0.997546 0.997546 0.997546 0.997546 0.997546 0.997546 0.997546 0.997546 0.997546 0.997546 0.997546
          0.997546 0.997546 0.997546 0.997546 0.997546 0.997546 0.997546 0.997546 0.997546 0.997546 0.997546 0.997546
          0.997546 0.997546 0.997546 0.997546 0.997546 0.997546 0.997546 0.997546 0.997546 0.997546 0.997546 0.997546
          0.997546 0.997546 0.997546 0.997546 0.997546 0.997546 0.997546 0.997546 0.997546 0.997546 0.997546 0.997546
          0.997546 0.997546 0.997546 0.997546 0.997549 0.997549 0.997549 0.997549 0.997549 0.997549 0.997549 0.997549
          0.997549 0.997549 0.997549 0.997549 0.997549 0.997549 0.997549 0.997549 0.997549 0.997549 0.997549 0.997549
          0.997549 0.997549 0.997549 0.997549 0.997549 0.997549 0.997549 0.997549 0.997549 0.997549 0.997549 0.997549
          0.997549 0.997549 0.997549 0.997549 0.997549 0.997549 0.997549 0.997549 0.997549 0.997549 0.997549 0.997549
          0.997549 0.997549 0.997549 0.997549 0.997549 0.997549 0.997549 0.997549 0.997549 0.997549 0.997549 0.997549
          0.997549 0.997549 0.997549 0.997549 0.997549 0.997549 0.997549 0.997549 0.997549 0.997549 0.997549 0.997549
          0.997549 0.997549 0.997549 0.997549 0.997549 0.997549 0.997549 0.997549 0.997551 0.997551 0.997551 0.997551
          0.997551 0.997551 0.997551 0.997551 0.997551 0.997551 0.997551 0.997551 0.997551 0.997551 0.997551 0.997551
          0.997551 0.997551 0.997551 0.997551 0.997551 0.997551 0.997551 0.997551 0.997551 0.997551 0.997551 0.997551
          0.997551 0.997551 0.997551 0.997551 0.997551 0.997551 0.997551 0.997551 0.997551 0.997551 0.997551 0.997551
          0.997551 0.997551 0.997551 0.997551 0.997551 0.997551 0.997551 0.997551 0.997551 0.997551 0.997551 0.997551
          0.997551 0.997551 0.997551 0.997551 0.997551 0.997551 0.997551 0.997551 0.997551 0.997551 0.997551 0.997551
          0.997551 0.997551 0.997551 0.997551 0.997551 0.997551 0.997551 0.997551 0.997551 0.997551 0.997551 0.997551
          0.997553 0.997553 0.997553 0.997553 0.997553 0.997553 0.997553 0.997553 0.997553 0.997553 0.997553 0.997553
          0.997553 0.997553 0.997553 0.997553 0.997553 0.997553 0.997553 0.997553 0.997553 0.997553 0.997553 0.997553
          0.997553 0.997553 0.997553 0.997553 0.997553 0.997553 0.997553 0.997553 0.997553 0.997553 0.997553 0.997553
          0.997553 0.997553 0.997553 0.997553 0.997553 0.997553 0.997553 0.997553 0.997553 0.997553 0.997553 0.997553
          0.997553 0.997553 0.997553 0.997553 0.997553 0.997553 0.997553 0.997553 0.997553 0.997553 0.997553 0.997553
          0.997553 0.997553 0.997553 0.997553 0.997553 0.997553 0.997553 0.997553 0.997553 0.997553 0.997553 0.997553
          0.997553 0.997553 0.997553 0.997553 0.997556 0.997556 0.997556 0.997556 0.997556 0.997556 0.997556 0.997556
          0.997556 0.997556 0.997556 0.997556 0.997556 0.997556 0.997556 0.997556 0.997556 0.997556 0.997556 0.997556
          0.997556 0.997556 0.997556 0.997556 0.997556 0.997556 0.997556 0.997556 0.997556 0.997556 0.997556 0.997556
          0.997556 0.997556 0.997556 0.997556 0.997556 0.997556 0.997556 0.997556 0.997556 0.997556 0.997556 0.997556
          0.997556 0.997556 0.997556 0.997556 0.997556 0.997556 0.997556 0.997556 0.997556 0.997556 0.997556 0.997556
          0.997556 0.997556 0.997556 0.997556 0.997556 0.997556 0.997556 0.997556 0.997556 0.997556 0.997556 0.997556
          0.997556 0.997556 0.997556 0.997556 0.997556 0.997556 0.997556 0.997556 0.997558 0.997558 0.997558 0.997558
          0.997558 0.997558 0.997558 0.997558 0.997558 0.997558 0.997558 0.997558 0.997558 0.997558 0.997558 0.997558
          0.997558 0.997558 0.997558 0.997558 0.997558 0.997558 0.997558 0.997558 0.997558 0.997558 0.997558 0.997558
          0.997558 0.997558 0.997558 0.997558 0.997558 0.997558 0.997558 0.997558 0.997558 0.997558 0.997558 0.997558
          0.997558 0.997558 0.997558 0.997558 0.997558 0.997558 0.997558 0.997558 0.997558 0.997558 0.997558 0.997558
          0.997558 0.997558 0.997558 0.997558 0.997558 0.997558 0.997558 0.997558 0.997558 0.997558 0.997558 0.997558
          0.997558 0.997558 0.997558 0.997558 0.997558 0.997558 0.997558 0.997558 0.997558 0.997558 0.997558 0.997558
          0.997561 0.997561 0.997561 0.997561 0.997561 0.997561 0.997561 0.997561 0.997561 0.997561 0.997561 0.997561
          0.997561 0.997561 0.997561 0.997561 0.997561 0.997561 0.997561 0.997561 0.997561 0.997561 0.997561 0.997561
          0.997561 0.997561 0.997561 0.997561 0.997561 0.997561 0.997561 0.997561 0.997561 0.997561 0.997561 0.997561
          0.997561 0.997561 0.997561 0.997561 0.997561 0.997561 0.997561 0.997561 0.997561 0.997561 0.997561 0.997561
          0.997561 0.997561 0.997561 0.997561 0.997561 0.997561 0.997561 0.997561 0.997561 0.997561 0.997561 0.997561
          0.997561 0.997561 0.997561 0.997561 0.997561 0.997561 0.997561 0.997561 0.997561 0.997561 0.997561 0.997561
          0.997561 0.997561 0.997561 0.997561 0.997563 0.997563 0.997563 0.997563 0.997563 0.997563 0.997563 0.997563
          0.997563 0.997563 0.997563 0.997563 0.997563 0.997563 0.997563 0.997563 0.997563 0.997563 0.997563 0.997563
          0.997563 0.997563 0.997563 0.997563 0.997563 0.997563 0.997563 0.997563 0.997563 0.997563 0.997563 0.997563
          0.997563 0.997563 0.997563 0.997563 0.997563 0.997563 0.997563 0.997563 0.997563 0.997563 0.997563 0.997563
          0.997563 0.997563 0.997563 0.997563 0.997563 0.997563 0.997563 0.997563 0.997563 0.997563 0.997563 0.997563
          0.997563 0.997563 0.997563 0.997563 0.997563 0.997563 0.997563 0.997563 0.997563 0.997563 0.997563 0.997563
          0.997563 0.997563 0.997563 0.997563 0.997563 0.997563 0.997563 0.997563 0.997565 0.997565 0.997565 0.997565
          0.997565 0.997565 0.997565 0.997565 0.997565 0.997565 0.997565 0.997565 0.997565 0.997565 0.997565 0.997565
          0.997565 0.997565 0.997565 0.997565 0.997565 0.997565 0.997565 0.997565 0.997565 0.997565 0.997565 0.997565
          0.997565 0.997565 0.997565 0.997565 0.997565 0.997565 0.997565 0.997565 0.997565 0.997565 0.997565 0.997565
          0.997565 0.997565 0.997565 0.997565 0.997565 0.997565 0.997565 0.997565 0.997565 0.997565 0.997565 0.997565
          0.997565 0.997565 0.997565 0.997565 0.997565 0.997565 0.997565 0.997565 0.997565 0.997565 0.997565 0.997565
          0.997565 0.997565 0.997565 0.997565 0.997565 0.997565 0.997565 0.997565 0.997565 0.997565 0.997565 0.997565
          0.997568 0.997568 0.997568 0.997568 0.997568 0.997568 0.997568 0.997568 0.997568 0.997568 0.997568 0.997568
          0.997568 0.997568 0.997568 0.997568 0.997568 0.997568 0.997568 0.997568 0.997568 0.997568 0.997568 0.997568
          0.997568 0.997568 0.997568 0.997568 0.997568 0.997568 0.997568 0.997568 0.997568 0.997568 0.997568 0.997568
          0.997568 0.997568 0.997568 0.997568 0.997568 0.997568 0.997568 0.997568 0.997568 0.997568 0.997568 0.997568
          0.997568 0.997568 0.997568 0.997568 0.997568 0.997568 0.997568 0.997568 0.997568 0.997568 0.997568 0.997568
          0.997568 0.997568 0.997568 0.997568 0.997568 0.997568 0.997568 0.997568 0.997568 0.997568 0.997568 0.997568
          0.997568 0.997568 0.997568 0.997568 0.99757 0.99757 0.99757 0.99757 0.99757 0.99757 0.99757 0.99757
          0.99757 0.99757 0.99757 0.99757 0.99757 0.99757 0.99757 0.99757 0.99757 0.99757 0.99757 0.99757
          0.99757 0.99757 0.99757 0.99757 0.99757 0.99757 0.99757 0.99757 0.99757 0.99757 0.99757 0.99757
          0.99757 0.99757 0.99757 0.99757 0.99757 0.99757 0.99757 0.99757 0.99757 0.99757 0.99757 0.99757
          0.99757 0.99757 0.99757 0.99757 0.99757 0.99757 0.99757 0.99757 0.99757 0.99757 0.99757 0.99757
          0.99757 0.99757 0.99757 0.99757 0.99757 0.99757 0.99757 0.99757 0.99757 0.99757 0.99757 0.99757
          0.99757 0.99757 0.99757 0.99757 0.99757 0.99757 0.99757 0.99757 0.997572 0.997572 0.997572 0.997572
          0.997572 0.997572 0.997572 0.997572 0.997572 0.997572 0.997572 0.997572 0.997572 0.997572 0.997572 0.997572
          0.997572 0.997572 0.997572 0.997572 0.997572 0.997572 0.997572 0.997572 0.997572 0.997572 0.997572 0.997572
          0.997572 0.997572 0.997572 0.997572 0.997572 0.997572 0.997572 0.997572 0.997572 0.997572 0.997572 0.997572
          0.997572 0.997572 0.997572 0.997572 0.997572 0.997572 0.997572 0.997572 0.997572 0.997572 0.997572 0.997572
          0.997572 0.997572 0.997572 0.997572 0.997572 0.997572 0.997572 0.997572 0.997572 0.997572 0.997572 0.997572
          0.997572 0.997572 0.997572 0.997572 0.997572 0.997572 0.997572 0.997572 0.997572 0.997572 0.997572 0.997572
          0.997575 0.997575 0.997575 0.997575 0.997575 0.997575 0.997575 0.997575 0.997575 0.997575 0.997575 0.997575
          0.997575 0.997575 0.997575 0.997575 0.997575 0.997575 0.997575 0.997575 0.997575 0.997575 0.997575 0.997575
          0.997575 0.997575 0.997575 0.997575 0.997575 0.997575 0.997575 0.997575 0.997575 0.997575 0.997575 0.997575
          0.997575 0.997575 0.997575 0.997575 0.997575 0.997575 0.997575 0.997575 0.997575 0.997575 0.997575 0.997575
          0.997575 0.997575 0.997575 0.997575 0.997575 0.997575 0.997575 0.997575 0.997575 0.997575 0.997575 0.997575
          0.997575 0.997575 0.997575 0.997575 0.997575 0.997575 0.997575 0.997575 0.997575 0.997575 0.997575 0.997575
          0.997575 0.997575 0.997575 0.997575 0.997577 0.997577 0.997577 0.997577 0.997577 0.997577 0.997577 0.997577
          0.997577 0.997577 0.997577 0.997577 0.997577 0.997577 0.997577 0.997577 0.997577 0.997577 0.997577 0.997577
          0.997577 0.997577 0.997577 0.997577 0.997577 0.997577 0.997577 0.997577 0.997577 0.997577 0.997577 0.997577
          0.997577 0.997577 0.997577 0.997577 0.997577 0.997577 0.997577 0.997577 0.997577 0.997577 0.997577 0.997577
          0.997577 0.997577 0.997577 0.997577 0.997577 0.997577 0.997577 0.997577 0.997577 0.997577 0.997577 0.997577
          0.997577 0.997577 0.997577 0.997577 0.997577 0.997577 0.997577 0.997577 0.997577 0.997577 0.997577 0.997577
          0.997577 0.997577 0.997577 0.997577 0.997577 0.997577 0.997577 0.997577 0.997579 0.997579 0.997579 0.997579
          0.997579 0.997579 0.997579 0.997579 0.997579 0.997579 0.997579 0.997579 0.997579 0.997579 0.997579 0.997579
          0.997579 0.997579 0.997579 0.997579 0.997579 0.997579 0.997579 0.997579 0.997579 0.997579 0.997579 0.997579
          0.997579 0.997579 0.997579 0.997579 0.997579 0.997579 0.997579 0.997579 0.997579 0.997579 0.997579 0.997579
          0.997579 0.997579 0.997579 0.997579 0.997579 0.997579 0.997579 0.997579 0.997579 0.997579 0.997579 0.997579
          0.997579 0.997579 0.997579 0.997579 0.997579 0.997579 0.997579 0.997579 0.997579 0.997579 0.997579 0.997579
          0.997579 0.997579 0.997579 0.997579 0.997579 0.997579 0.997579 0.997579 0.997579 0.997579 0.997579 0.997579
          0.997582 0.997582 0.997582 0.997582 0.997582 0.997582 0.997582 0.997582 0.997582 0.997582 0.997582 0.997582
          0.997582 0.997582 0.997582 0.997582 0.997582 0.997582 0.997582 0.997582 0.997582 0.997582 0.997582 0.997582
          0.997582 0.997582 0.997582 0.997582 0.997582 0.997582 0.997582 0.997582 0.997582 0.997582 0.997582 0.997582
          0.997582 0.997582 0.997582 0.997582 0.997582 0.997582 0.997582 0.997582 0.997582 0.997582 0.997582 0.997582
          0.997582 0.997582 0.997582 0.997582 0.997582 0.997582 0.997582 0.997582 0.997582 0.997582 0.997582 0.997582
          0.997582 0.997582 0.997582 0.997582 0.997582 0.997582 0.997582 0.997582 0.997582 0.997582 0.997582 0.997582
          0.997582 0.997582 0.997582 0.997582 0.997584 0.997584 0.997584 0.997584 0.997584 0.997584 0.997584 0.997584
          0.997584 0.997584 0.997584 0.997584 0.997584 0.997584 0.997584 0.997584 0.997584 0.997584 0.997584 0.997584
          0.997584 0.997584 0.997584 0.997584 0.997584 0.997584 0.997584 0.997584 0.997584 0.997584 0.997584 0.997584
          0.997584 0.997584 0.997584 0.997584 0.997584 0.997584 0.997584 0.997584 0.997584 0.997584 0.997584 0.997584
          0.997584 0.997584 0.997584 0.997584 0.997584 0.997584 0.997584 0.997584 0.997584 0.997584 0.997584 0.997584
          0.997584 0.997584 0.997584 0.997584 0.997584 0.997584 0.997584 0.997584 0.997584 0.997584 0.997584 0.997584
          0.997584 0.997584 0.997584 0.997584 0.997584 0.997584 0.997584 0.997584 0.997587 0.997587 0.997587 0.997587
          0.997587 0.997587 0.997587 0.997587 0.997587 0.997587 0.997587 0.997587 0.997587 0.997587 0.997587 0.997587
          0.997587 0.997587 0.997587 0.997587 0.997587 0.997587 0.997587 0.997587 0.997587 0.997587 0.997587 0.997587
          0.997587 0.997587 0.997587 0.997587 0.997587 0.997587 0.997587 0.997587 0.997587 0.997587 0.997587 0.997587
          0.997587 0.997587 0.997587 0.997587 0.997587 0.997587 0.997587 0.997587 0.997587 0.997587 0.997587 0.997587
          0.997587 0.997587 0.997587 0.997587 0.997587 0.997587 0.997587 0.997587 0.997587 0.997587 0.997587 0.997587
          0.997587 0.997587 0.997587 0.997587 0.997587 0.997587 0.997587 0.997587 0.997587 0.997587 0.997587 0.997587
          0.997589 0.997589 0.997589 0.997589 0.997589 0.997589 0.997589 0.997589 0.997589 0.997589 0.997589 0.997589
          0.997589 0.997589 0.997589 0.997589 0.997589 0.997589 0.997589 0.997589 0.997589 0.997589 0.997589 0.997589
          0.997589 0.997589 0.997589 0.997589 0.997589 0.997589 0.997589 0.997589 0.997589 0.997589 0.997589 0.997589
          0.997589 0.997589 0.997589 0.997589 0.997589 0.997589 0.997589 0.997589 0.997589 0.997589 0.997589 0.997589
          0.997589 0.997589 0.997589 0.997589 0.997589 0.997589 0.997589 0.997589 0.997589 0.997589 0.997589 0.997589
          0.997589 0.997589 0.997589 0.997589 0.997589 0.997589 0.997589 0.997589 0.997589 0.997589 0.997589 0.997589
          0.997589 0.997589 0.997589 0.997589 0.997591 0.997591 0.997591 0.997591 0.997591 0.997591 0.997591 0.997591
          0.997591 0.997591 0.997591 0.997591 0.997591 0.997591 0.997591 0.997591 0.997591 0.997591 0.997591 0.997591
          0.997591 0.997591 0.997591 0.997591 0.997591 0.997591 0.997591 0.997591 0.997591 0.997591 0.997591 0.997591
          0.997591 0.997591 0.997591 0.997591 0.997591 0.997591 0.997591 0.997591 0.997591 0.997591 0.997591 0.997591
          0.997591 0.997591 0.997591 0.997591 0.997591 0.997591 0.997591 0.997591 0.997591 0.997591 0.997591 0.997591
          0.997591 0.997591 0.997591 0.997591 0.997591 0.997591 0.997591 0.997591 0.997591 0.997591 0.997591 0.997591
          0.997591 0.997591 0.997591 0.997591 0.997591 0.997591 0.997591 0.997591 0.997594 0.997594 0.997594 0.997594
          0.997594 0.997594 0.997594 0.997594 0.997594 0.997594 0.997594 0.997594 0.997594 0.997594 0.997594 0.997594
          0.997594 0.997594 0.997594 0.997594 0.997594 0.997594 0.997594 0.997594 0.997594 0.997594 0.997594 0.997594
          0.997594 0.997594 0.997594 0.997594 0.997594 0.997594 0.997594 0.997594 0.997594 0.997594 0.997594 0.997594
          0.997594 0.997594 0.997594 0.997594 0.997594 0.997594 0.997594 0.997594 0.997594 0.997594 0.997594 0.997594
          0.997594 0.997594 0.997594 0.997594 0.997594 0.997594 0.997594 0.997594 0.997594 0.997594 0.997594 0.997594
          0.997594 0.997594 0.997594 0.997594 0.997594 0.997594 0.997594 0.997594 0.997594 0.997594 0.997594 0.997594
          0.997596 0.997596 0.997596 0.997596 0.997596 0.997596 0.997596 0.997596 0.997596 0.997596 0.997596 0.997596
          0.997596 0.997596 0.997596 0.997596 0.997596 0.997596 0.997596 0.997596 0.997596 0.997596 0.997596 0.997596
          0.997596 0.997596 0.997596 0.997596 0.997596 0.997596 0.997596 0.997596 0.997596 0.997596 0.997596 0.997596
          0.997596 0.997596 0.997596 0.997596 0.997596 0.997596 0.997596 0.997596 0.997596 0.997596 0.997596 0.997596
          0.997596 0.997596 0.997596 0.997596 0.997596 0.997596 0.997596 0.997596 0.997596 0.997596 0.997596 0.997596
          0.997596 0.997596 0.997596 0.997596 0.997596 0.997596 0.997596 0.997596 0.997596 0.997596 0.997596 0.997596
          0.997596 0.997596 0.997596 0.997596 0.997598 0.997598 0.997598 0.997598 0.997598 0.997598 0.997598 0.997598
          0.997598 0.997598 0.997598 0.997598 0.997598 0.997598 0.997598 0.997598 0.997598 0.997598 0.997598 0.997598
          0.997598 0.997598 0.997598 0.997598 0.997598 0.997598 0.997598 0.997598 0.997598 0.997598 0.997598 0.997598
          0.997598 0.997598 0.997598 0.997598 0.997598 0.997598 0.997598 0.997598 0.997598 0.997598 0.997598 0.997598
          0.997598 0.997598 0.997598 0.997598 0.997598 0.997598 0.997598 0.997598 0.997598 0.997598 0.997598 0.997598
          0.997598 0.997598 0.997598 0.997598 0.997598 0.997598 0.997598 0.997598 0.997598 0.997598 0.997598 0.997598
          0.997598 0.997598 0.997598 0.997598 0.997598 0.997598 0.997598 0.997598 0.997601 0.997601 0.997601 0.997601
          0.997601 0.997601 0.997601 0.997601 0.997601 0.997601 0.997601 0.997601 0.997601 0.997601 0.997601 0.997601
          0.997601 0.997601 0.997601 0.997601 0.997601 0.997601 0.997601 0.997601 0.997601 0.997601 0.997601 0.997601
          0.997601 0.997601 0.997601 0.997601 0.997601 0.997601 0.997601 0.997601 0.997601 0.997601 0.997601 0.997601
          0.997601 0.997601 0.997601 0.997601 0.997601 0.997601 0.997601 0.997601 0.997601 0.997601 0.997601 0.997601
          0.997601 0.997601 0.997601 0.997601 0.997601 0.997601 0.997601 0.997601 0.997601 0.997601 0.997601 0.997601
          0.997601 0.997601 0.997601 0.997601 0.997601 0.997601 0.997601 0.997601 0.997601 0.997601 0.997601 0.997601
          0.997603 0.997603 0.997603 0.997603 0.997603 0.997603 0.997603 0.997603 0.997603 0.997603 0.997603 0.997603
          0.997603 0.997603 0.997603 0.997603 0.997603 0.997603 0.997603 0.997603 0.997603 0.997603 0.997603 0.997603
          0.997603 0.997603 0.997603 0.997603 0.997603 0.997603 0.997603 0.997603 0.997603 0.997603 0.997603 0.997603
          0.997603 0.997603 0.997603 0.997603 0.997603 0.997603 0.997603 0.997603 0.997603 0.997603 0.997603 0.997603
          0.997603 0.997603 0.997603 0.997603 0.997603 0.997603 0.997603 0.997603 0.997603 0.997603 0.997603 0.997603
          0.997603 0.997603 0.997603 0.997603 0.997603 0.997603 0.997603 0.997603 0.997603 0.997603 0.997603 0.997603
          0.997603 0.997603 0.997603 0.997603
        </DataArray>
        <DataArray type="Float32" Name="x^CH4_liq" NumberOfComponents="1" format="ascii">
          0.00246788 0.00246788 0.00246552 0.00246552 0.00246788 0.00246552 0.00246788 0.00246552 0.00246788 0.00246552 0.00246788 0.00246552
          0.00246788 0.00246552 0.00246788 0.00246552 0.00246788 0.00246552 0.00246788 0.00246552 0.00246788 0.00246552 0.00246788 0.00246552
          0.00246788 0.00246552 0.00246788 0.00246552 0.00246788 0.00246552 0.00246788 0.00246552 0.00246788 0.00246552 0.00246788 0.00246552
          0.00246788 0.00246552 0.00246788 0.00246552 0.00246788 0.00246552 0.00246788 0.00246552 0.00246788 0.00246552 0.00246788 0.00246552
          0.00246788 0.00246552 0.00246788 0.00246552 0.00246788 0.00246552 0.00246788 0.00246552 0.00246788 0.00246552 0.00246788 0.00246552
          0.00246788 0.00246552 0.00246788 0.00246552 0.00246788 0.00246552 0.00246788 0.00246552 0.00246788 0.00246552 0.00246788 0.00246552
          0.00246788 0.00246552 0.00246788 0.00246552 0.00246788 0.00246552 0.00246788 0.00246552 0.00246788 0.00246552 0.00246788 0.00246552
          0.00246788 0.00246552 0.00246788 0.00246552 0.00246788 0.00246552 0.00246788 0.00246552 0.00246788 0.00246552 0.00246788 0.00246552
          0.00246788 0.00246552 0.00246788 0.00246552 0.00246788 0.00246552 0.00246788 0.00246552 0.00246788 0.00246552 0.00246788 0.00246552
          0.00246788 0.00246552 0.00246788 0.00246552 0.00246788 0.00246552 0.00246788 0.00246552 0.00246788 0.00246552 0.00246788 0.00246552
          0.00246788 0.00246552 0.00246788 0.00246552 0.00246788 0.00246552 0.00246788 0.00246552 0.00246788 0.00246552 0.00246788 0.00246552
          0.00246788 0.00246552 0.00246788 0.00246552 0.00246788 0.00246552 0.00246788 0.00246552 0.00246788 0.00246552 0.00246788 0.00246552
          0.00246788 0.00246552 0.00246788 0.00246552 0.00246788 0.00246552 0.00246788 0.00246552 0.00246316 0.00246316 0.00246316 0.00246316
          0.00246316 0.00246316 0.00246316 0.00246316 0.00246316 0.00246316 0.00246316 0.00246316 0.00246316 0.00246316 0.00246316 0.00246316
          0.00246316 0.00246316 0.00246316 0.00246316 0.00246316 0.00246316 0.00246316 0.00246316 0.00246316 0.00246316 0.00246316 0.00246316
          0.00246316 0.00246316 0.00246316 0.00246316 0.00246316 0.00246316 0.00246316 0.00246316 0.00246316 0.00246316 0.00246316 0.00246316
          0.00246316 0.00246316 0.00246316 0.00246316 0.00246316 0.00246316 0.00246316 0.00246316 0.00246316 0.00246316 0.00246316 0.00246316
          0.00246316 0.00246316 0.00246316 0.00246316 0.00246316 0.00246316 0.00246316 0.00246316 0.00246316 0.00246316 0.00246316 0.00246316
          0.00246316 0.00246316 0.00246316 0.00246316 0.00246316 0.00246316 0.00246316 0.00246316 0.00246316 0.00246316 0.00246316 0.00246316
          0.00246079 0.00246079 0.00246079 0.00246079 0.00246079 0.00246079 0.00246079 0.00246079 0.00246079 0.00246079 0.00246079 0.00246079
          0.00246079 0.00246079 0.00246079 0.00246079 0.00246079 0.00246079 0.00246079 0.00246079 0.00246079 0.00246079 0.00246079 0.00246079
          0.00246079 0.00246079 0.00246079 0.00246079 0.00246079 0.00246079 0.00246079 0.00246079 0.00246079 0.00246079 0.00246079 0.00246079
          0.00246079 0.00246079 0.00246079 0.00246079 0.00246079 0.00246079 0.00246079 0.00246079 0.00246079 0.00246079 0.00246079 0.00246079
          0.00246079 0.00246079 0.00246079 0.00246079 0.00246079 0.00246079 0.00246079 0.00246079 0.00246079 0.00246079 0.00246079 0.00246079
          0.00246079 0.00246079 0.00246079 0.00246079 0.00246079 0.00246079 0.00246079 0.00246079 0.00246079 0.00246079 0.00246079 0.0024608
          0.0024608 0.0024608 0.0024608 0.00246079 0.00245843 0.00245843 0.00245843 0.00245843 0.00245843 0.00245843 0.00245843 0.00245843
          0.00245843 0.00245843 0.00245843 0.00245843 0.00245843 0.00245843 0.00245843 0.00245843 0.00245843 0.00245843 0.00245843 0.00245843
          0.00245843 0.00245843 0.00245843 0.00245843 0.00245843 0.00245843 0.00245843 0.00245843 0.00245843 0.00245843 0.00245843 0.00245843
          0.00245843 0.00245843 0.00245843 0.00245843 0.00245843 0.00245843 0.00245843 0.00245843 0.00245843 0.00245843 0.00245843 0.00245843
          0.00245843 0.00245843 0.00245843 0.00245843 0.00245843 0.00245843 0.00245843 0.00245843 0.00245843 0.00245843 0.00245843 0.00245843
          0.00245843 0.00245843 0.00245843 0.00245843 0.00245843 0.00245843 0.00245843 0.00245843 0.00245843 0.00245843 0.00245843 0.00245843
          0.00245843 0.00245843 0.00245843 0.00245843 0.00245843 0.00245843 0.00245843 0.00245843 0.00245606 0.00245606 0.00245606 0.00245606
          0.00245606 0.00245606 0.00245606 0.00245606 0.00245606 0.00245606 0.00245606 0.00245606 0.00245606 0.00245606 0.00245606 0.00245606
          0.00245606 0.00245606 0.00245606 0.00245606 0.00245606 0.00245606 0.00245606 0.00245606 0.00245606 0.00245606 0.00245606 0.00245606
          0.00245606 0.00245606 0.00245606 0.00245606 0.00245606 0.00245606 0.00245606 0.00245606 0.00245606 0.00245606 0.00245606 0.00245606
          0.00245606 0.00245606 0.00245606 0.00245606 0.00245606 0.00245606 0.00245606 0.00245606 0.00245606 0.00245606 0.00245606 0.00245606
          0.00245606 0.00245606 0.00245606 0.00245606 0.00245606 0.00245606 0.00245606 0.00245606 0.00245606 0.00245606 0.00245606 0.00245606
          0.00245606 0.00245607 0.00245607 0.00245607 0.00245607 0.00245607 0.00245607 0.00245607 0.00245607 0.00245607 0.00245607 0.00245606
          0.00245369 0.0024537 0.0024537 0.0024537 0.0024537 0.0024537 0.0024537 0.0024537 0.0024537 0.0024537 0.0024537 0.0024537
          0.0024537 0.0024537 0.0024537 0.0024537 0.0024537 0.0024537 0.0024537 0.0024537 0.0024537 0.0024537 0.0024537 0.0024537
          0.0024537 0.0024537 0.0024537 0.0024537 0.0024537 0.0024537 0.0024537 0.0024537 0.0024537 0.0024537 0.0024537 0.0024537
          0.0024537 0.0024537 0.0024537 0.0024537 0.0024537 0.0024537 0.0024537 0.0024537 0.0024537 0.0024537 0.0024537 0.0024537
          0.0024537 0.0024537 0.0024537 0.0024537 0.0024537 0.0024537 0.0024537 0.0024537 0.0024537 0.0024537 0.0024537 0.0024537
          0.0024537 0.0024537 0.0024537 0.0024537 0.0024537 0.0024537 0.0024537 0.0024537 0.0024537 0.0024537 0.0024537 0.0024537
          0.0024537 0.0024537 0.0024537 0.0024537 0.00245133 0.00245133 0.00245133 0.00245133 0.00245133 0.00245133 0.00245133 0.00245133
          0.00245133 0.00245133 0.00245133 0.00245133 0.00245133 0.00245133 0.00245133 0.00245133 0.00245133 0.00245133 0.00245133 0.00245133
          0.00245133 0.00245133 0.00245133 0.00245133 0.00245133 0.00245133 0.00245133 0.00245133 0.00245133 0.00245133 0.00245133 0.00245133
          0.00245133 0.00245133 0.00245133 0.00245133 0.00245133 0.00245133 0.00245133 0.00245133 0.00245133 0.00245133 0.00245133 0.00245133
          0.00245133 0.00245133 0.00245133 0.00245133 0.00245133 0.00245133 0.00245133 0.00245133 0.00245133 0.00245133 0.00245133 0.00245133
          0.00245133 0.00245133 0.00245133 0.00245133 0.00245133 0.00245133 0.00245133 0.00245133 0.00245133 0.00245134 0.00245134 0.00245134
          0.00245134 0.00245134 0.00245134 0.00245134 0.00245134 0.00245134 0.00245134 0.00245133 0.00244896 0.00244896 0.00244896 0.00244896
          0.00244896 0.00244896 0.00244896 0.00244896 0.00244896 0.00244896 0.00244896 0.00244896 0.00244896 0.00244896 0.00244896 0.00244896
          0.00244896 0.00244896 0.00244897 0.00244897 0.00244897 0.00244897 0.00244897 0.00244897 0.00244897 0.00244897 0.00244897 0.00244897
          0.00244897 0.00244897 0.00244897 0.00244897 0.00244897 0.00244897 0.00244897 0.00244897 0.00244897 0.00244897 0.00244897 0.00244897
          0.00244897 0.00244897 0.00244897 0.00244897 0.00244897 0.00244897 0.00244897 0.00244897 0.00244897 0.00244897 0.00244897 0.00244897
          0.00244897 0.00244897 0.00244897 0.00244897 0.00244897 0.00244897 0.00244897 0.00244897 0.00244897 0.00244897 0.00244897 0.00244897
          0.00244897 0.00244897 0.00244897 0.00244897 0.00244897 0.00244897 0.00244897 0.00244897 0.00244897 0.00244897 0.00244897 0.00244897
          0.0024466 0.0024466 0.0024466 0.0024466 0.0024466 0.0024466 0.0024466 0.0024466 0.0024466 0.0024466 0.0024466 0.0024466
          0.0024466 0.0024466 0.0024466 0.0024466 0.0024466 0.0024466 0.0024466 0.0024466 0.0024466 0.0024466 0.0024466 0.0024466
          0.0024466 0.0024466 0.0024466 0.0024466 0.0024466 0.0024466 0.0024466 0.0024466 0.0024466 0.0024466 0.0024466 0.0024466
          0.0024466 0.0024466 0.0024466 0.0024466 0.0024466 0.0024466 0.0024466 0.0024466 0.0024466 0.0024466 0.0024466 0.0024466
          0.0024466 0.0024466 0.0024466 0.0024466 0.0024466 0.0024466 0.0024466 0.0024466 0.0024466 0.0024466 0.0024466 0.0024466
          0.0024466 0.0024466 0.0024466 0.0024466 0.0024466 0.0024466 0.0024466 0.0024466 0.0024466 0.0024466 0.00244661 0.00244661
          0.00244661 0.00244661 0.00244661 0.0024466 0.00244423 0.00244423 0.00244423 0.00244423 0.00244423 0.00244423 0.00244423 0.00244423
          0.00244423 0.00244423 0.00244423 0.00244423 0.00244423 0.00244423 0.00244423 0.00244423 0.00244423 0.00244423 0.00244423 0.00244423
          0.00244423 0.00244423 0.00244423 0.00244423 0.00244423 0.00244423 0.00244423 0.00244423 0.00244423 0.00244423 0.00244423 0.00244423
          0.00244423 0.00244423 0.00244423 0.00244423 0.00244423 0.00244423 0.00244423 0.00244423 0.00244423 0.00244423 0.00244423 0.00244423
          0.00244423 0.00244423 0.00244423 0.00244423 0.00244423 0.00244424 0.00244424 0.00244424 0.00244424 0.00244424 0.00244424 0.00244424
          0.00244424 0.00244424 0.00244424 0.00244424 0.00244424 0.00244424 0.00244424 0.00244424 0.00244424 0.00244424 0.00244424 0.00244424
          0.00244424 0.00244424 0.00244424 0.00244424 0.00244424 0.00244424 0.00244424 0.00244423 0.00244186 0.00244186 0.00244186 0.00244186
          0.00244186 0.00244186 0.00244186 0.00244186 0.00244186 0.00244187 0.00244187 0.00244187 0.00244187 0.00244187 0.00244187 0.00244187
          0.00244187 0.00244187 0.00244187 0.00244187 0.00244187 0.00244187 0.00244187 0.00244187 0.00244187 0.00244187 0.00244187 0.00244187
          0.00244187 0.00244187 0.00244187 0.00244187 0.00244187 0.00244187 0.00244187 0.00244187 0.00244187 0.00244187 0.00244187 0.00244187
          0.00244187 0.00244187 0.00244187 0.00244187 0.00244187 0.00244187 0.00244187 0.00244187 0.00244187 0.00244187 0.00244187 0.00244187
          0.00244187 0.00244187 0.00244187 0.00244187 0.00244187 0.00244187 0.00244187 0.00244187 0.00244187 0.00244187 0.00244187 0.00244187
          0.00244187 0.00244187 0.00244187 0.00244187 0.00244187 0.00244187 0.00244187 0.00244187 0.00244187 0.00244187 0.00244187 0.00244187
          0.0024395 0.0024395 0.0024395 0.0024395 0.0024395 0.0024395 0.0024395 0.0024395 0.0024395 0.0024395 0.0024395 0.0024395
          0.0024395 0.0024395 0.0024395 0.0024395 0.0024395 0.0024395 0.0024395 0.0024395 0.0024395 0.0024395 0.0024395 0.0024395
          0.0024395 0.0024395 0.0024395 0.0024395 0.0024395 0.0024395 0.0024395 0.0024395 0.0024395 0.0024395 0.0024395 0.0024395
          0.0024395 0.0024395 0.0024395 0.0024395 0.0024395 0.0024395 0.0024395 0.0024395 0.0024395 0.0024395 0.0024395 0.0024395
          0.0024395 0.0024395 0.0024395 0.0024395 0.0024395 0.0024395 0.0024395 0.0024395 0.0024395 0.0024395 0.0024395 0.0024395
          0.0024395 0.0024395 0.0024395 0.0024395 0.0024395 0.0024395 0.0024395 0.0024395 0.00243951 0.00243951 0.00243951 0.00243951
          0.00243951 0.00243951 0.00243951 0.0024395 0.00243713 0.00243713 0.00243713 0.00243713 0.00243713 0.00243713 0.00243713 0.00243713
          0.00243713 0.00243713 0.00243713 0.00243713 0.00243713 0.00243713 0.00243713 0.00243713 0.00243713 0.00243713 0.00243713 0.00243713
          0.00243713 0.00243713 0.00243713 0.00243713 0.00243713 0.00243713 0.00243713 0.00243713 0.00243713 0.00243713 0.00243713 0.00243713
          0.00243713 0.00243713 0.00243713 0.00243713 0.00243713 0.00243713 0.00243713 0.00243713 0.00243713 0.00243713 0.00243713 0.00243713
          0.00243713 0.00243713 0.00243713 0.00243713 0.00243713 0.00243713 0.00243713 0.00243713 0.00243714 0.00243714 0.00243714 0.00243714
          0.00243714 0.00243714 0.00243714 0.00243714 0.00243714 0.00243714 0.00243714 0.00243714 0.00243714 0.00243714 0.00243714 0.00243714
          0.00243714 0.00243714 0.00243714 0.00243714 0.00243714 0.00243714 0.00243714 0.00243713 0.00243476 0.00243476 0.00243476 0.00243476
          0.00243476 0.00243476 0.00243476 0.00243476 0.00243476 0.00243476 0.00243476 0.00243476 0.00243476 0.00243476 0.00243476 0.00243476
          0.00243476 0.00243476 0.00243476 0.00243476 0.00243476 0.00243476 0.00243476 0.00243476 0.00243476 0.00243477 0.00243477 0.00243477
          0.00243477 0.00243477 0.00243477 0.00243477 0.00243477 0.00243477 0.00243477 0.00243477 0.00243477 0.00243477 0.00243477 0.00243477
          0.00243477 0.00243477 0.00243477 0.00243477 0.00243477 0.00243477 0.00243477 0.00243477 0.00243477 0.00243477 0.00243477 0.00243477
          0.00243477 0.00243477 0.00243477 0.00243477 0.00243477 0.00243477 0.00243477 0.00243477 0.00243477 0.00243477 0.00243477 0.00243477
          0.00243477 0.00243477 0.00243477 0.00243477 0.00243477 0.00243477 0.00243477 0.00243477 0.00243477 0.00243477 0.00243477 0.00243477
          0.00243239 0.00243239 0.00243239 0.0024324 0.0024324 0.0024324 0.0024324 0.0024324 0.0024324 0.0024324 0.0024324 0.0024324
          0.0024324 0.0024324 0.0024324 0.0024324 0.0024324 0.0024324 0.0024324 0.0024324 0.0024324 0.0024324 0.0024324 0.0024324
          0.0024324 0.0024324 0.0024324 0.0024324 0.0024324 0.0024324 0.0024324 0.0024324 0.0024324 0.0024324 0.0024324 0.0024324
          0.0024324 0.0024324 0.0024324 0.0024324 0.0024324 0.0024324 0.0024324 0.0024324 0.0024324 0.0024324 0.0024324 0.0024324
          0.0024324 0.0024324 0.0024324 0.0024324 0.0024324 0.0024324 0.0024324 0.0024324 0.0024324 0.0024324 0.0024324 0.0024324
          0.0024324 0.0024324 0.0024324 0.0024324 0.0024324 0.0024324 0.0024324 0.0024324 0.0024324 0.0024324 0.0024324 0.0024324
          0.0024324 0.0024324 0.0024324 0.0024324 0.00243003 0.00243003 0.00243003 0.00243003 0.00243003 0.00243003 0.00243003 0.00243003
          0.00243003 0.00243003 0.00243003 0.00243003 0.00243003 0.00243003 0.00243003 0.00243003 0.00243003 0.00243003 0.00243003 0.00243003
          0.00243003 0.00243003 0.00243003 0.00243003 0.00243003 0.00243003 0.00243003 0.00243003 0.00243003 0.00243003 0.00243003 0.00243003
          0.00243003 0.00243003 0.00243003 0.00243003 0.00243003 0.00243003 0.00243003 0.00243003 0.00243003 0.00243003 0.00243003 0.00243003
          0.00243003 0.00243003 0.00243003 0.00243003 0.00243003 0.00243003 0.00243003 0.00243003 0.00243003 0.00243003 0.00243003 0.00243003
          0.00243003 0.00243003 0.00243003 0.00243003 0.00243003 0.00243003 0.00243003 0.00243003 0.00243003 0.00243003 0.00243003 0.00243003
          0.00243004 0.00243004 0.00243004 0.00243004 0.00243004 0.00243004 0.00243004 0.00243003 0.00242766 0.00242766 0.00242766 0.00242766
          0.00242766 0.00242766 0.00242766 0.00242766 0.00242766 0.00242766 0.00242766 0.00242766 0.00242766 0.00242766 0.00242766 0.00242766
          0.00242766 0.00242766 0.00242766 0.00242766 0.00242766 0.00242766 0.00242766 0.00242766 0.00242766 0.00242766 0.00242766 0.00242766
          0.00242766 0.00242766 0.00242766 0.00242766 0.00242766 0.00242766 0.00242766 0.00242766 0.00242766 0.00242766 0.00242766 0.00242766
          0.00242766 0.00242766 0.00242766 0.00242766 0.00242766 0.00242766 0.00242766 0.00242766 0.00242766 0.00242766 0.00242766 0.00242766
          0.00242766 0.00242766 0.00242766 0.00242766 0.00242766 0.00242766 0.00242766 0.00242766 0.00242767 0.00242767 0.00242767 0.00242767
          0.00242767 0.00242767 0.00242767 0.00242767 0.00242767 0.00242767 0.00242767 0.00242767 0.00242767 0.00242767 0.00242767 0.00242766
          0.00242529 0.00242529 0.00242529 0.00242529 0.00242529 0.00242529 0.00242529 0.00242529 0.00242529 0.00242529 0.00242529 0.00242529
          0.00242529 0.00242529 0.00242529 0.00242529 0.00242529 0.00242529 0.00242529 0.00242529 0.00242529 0.00242529 0.00242529 0.00242529
          0.00242529 0.00242529 0.00242529 0.00242529 0.00242529 0.00242529 0.00242529 0.00242529 0.00242529 0.00242529 0.00242529 0.00242529
          0.00242529 0.00242529 0.00242529 0.00242529 0.00242529 0.00242529 0.00242529 0.00242529 0.00242529 0.00242529 0.00242529 0.00242529
          0.00242529 0.00242529 0.00242529 0.0024253 0.0024253 0.0024253 0.0024253 0.0024253 0.0024253 0.0024253 0.0024253 0.0024253
          0.0024253 0.0024253 0.0024253 0.0024253 0.0024253 0.0024253 0.0024253 0.0024253 0.0024253 0.0024253 0.0024253 0.0024253
          0.0024253 0.0024253 0.0024253 0.00242529 0.00242292 0.00242292 0.00242292 0.00242292 0.00242292 0.00242292 0.00242292 0.00242292
          0.00242292 0.00242292 0.00242292 0.00242292 0.00242292 0.00242292 0.00242292 0.00242292 0.00242292 0.00242292 0.00242292 0.00242292
          0.00242292 0.00242292 0.00242292 0.00242292 0.00242292 0.00242292 0.00242292 0.00242292 0.00242292 0.00242292 0.00242292 0.00242292
          0.00242292 0.00242292 0.00242292 0.00242292 0.00242292 0.00242292 0.00242292 0.00242292 0.00242292 0.00242293 0.00242293 0.00242293
          0.00242293 0.00242293 0.00242293 0.00242293 0.00242293 0.00242293 0.00242293 0.00242293 0.00242293 0.00242293 0.00242293 0.00242293
          0.00242293 0.00242293 0.00242293 0.00242293 0.00242293 0.00242293 0.00242293 0.00242293 0.00242293 0.00242293 0.00242293 0.00242293
          0.00242293 0.00242293 0.00242293 0.00242293 0.00242293 0.00242293 0.00242293 0.00242292 0.00242055 0.00242055 0.00242055 0.00242055
          0.00242055 0.00242055 0.00242055 0.00242055 0.00242055 0.00242055 0.00242055 0.00242055 0.00242055 0.00242055 0.00242055 0.00242055
          0.00242055 0.00242055 0.00242055 0.00242055 0.00242055 0.00242055 0.00242055 0.00242055 0.00242055 0.00242055 0.00242055 0.00242055
          0.00242055 0.00242056 0.00242056 0.00242056 0.00242056 0.00242056 0.00242056 0.00242056 0.00242056 0.00242056 0.00242056 0.00242056
          0.00242056 0.00242056 0.00242056 0.00242056 0.00242056 0.00242056 0.00242056 0.00242056 0.00242056 0.00242056 0.00242056 0.00242056
          0.00242056 0.00242056 0.00242056 0.00242056 0.00242056 0.00242056 0.00242056 0.00242056 0.00242056 0.00242056 0.00242056 0.00242056
          0.00242056 0.00242056 0.00242056 0.00242056 0.00242056 0.00242056 0.00242056 0.00242056 0.00242056 0.00242056 0.00242056 0.00242055
          0.00241818 0.00241818 0.00241818 0.00241818 0.00241818 0.00241818 0.00241818 0.00241818 0.00241818 0.00241818 0.00241818 0.00241818
          0.00241818 0.00241818 0.00241818 0.00241818 0.00241818 0.00241818 0.00241818 0.00241818 0.00241818 0.00241819 0.00241819 0.00241819
          0.00241819 0.00241819 0.00241819 0.00241819 0.00241819 0.00241819 0.00241819 0.00241819 0.00241819 0.00241819 0.00241819 0.00241819
          0.00241819 0.00241819 0.00241819 0.00241819 0.00241819 0.00241819 0.00241819 0.00241819 0.00241819 0.00241819 0.00241819 0.00241819
          0.00241819 0.00241819 0.00241819 0.00241819 0.00241819 0.00241819 0.00241819 0.00241819 0.00241819 0.00241819 0.00241819 0.00241819
          0.00241819 0.00241819 0.00241819 0.00241819 0.00241819 0.00241819 0.00241819 0.00241819 0.00241819 0.00241819 0.00241819 0.00241819
          0.00241819 0.00241819 0.00241819 0.00241819 0.00241581 0.00241581 0.00241581 0.00241581 0.00241581 0.00241581 0.00241581 0.00241581
          0.00241581 0.00241581 0.00241581 0.00241581 0.00241581 0.00241581 0.00241581 0.00241581 0.00241582 0.00241582 0.00241582 0.00241582
          0.00241582 0.00241582 0.00241582 0.00241582 0.00241582 0.00241582 0.00241582 0.00241582 0.00241582 0.00241582 0.00241582 0.00241582
          0.00241582 0.00241582 0.00241582 0.00241582 0.00241582 0.00241582 0.00241582 0.00241582 0.00241582 0.00241582 0.00241582 0.00241582
          0.00241582 0.00241582 0.00241582 0.00241582 0.00241582 0.00241582 0.00241582 0.00241582 0.00241582 0.00241582 0.00241582 0.00241582
          0.00241582 0.00241582 0.00241582 0.00241582 0.00241582 0.00241582 0.00241582 0.00241582 0.00241582 0.00241582 0.00241582 0.00241582
          0.00241582 0.00241582 0.00241582 0.00241582 0.00241582 0.00241582 0.00241582 0.00241582 0.00241344 0.00241344 0.00241344 0.00241344
          0.00241344 0.00241344 0.00241344 0.00241344 0.00241344 0.00241344 0.00241344 0.00241344 0.00241344 0.00241344 0.00241344 0.00241345
          0.00241345 0.00241345 0.00241345 0.00241345 0.00241345 0.00241345 0.00241345 0.00241345 0.00241345 0.00241345 0.00241345 0.00241345
          0.00241345 0.00241345 0.00241345 0.00241345 0.00241345 0.00241345 0.00241345 0.00241345 0.00241345 0.00241345 0.00241345 0.00241345
          0.00241345 0.00241345 0.00241345 0.00241345 0.00241345 0.00241345 0.00241345 0.00241345 0.00241345 0.00241345 0.00241345 0.00241345
          0.00241345 0.00241345 0.00241345 0.00241345 0.00241345 0.00241345 0.00241345 0.00241345 0.00241345 0.00241345 0.00241345 0.00241345
          0.00241345 0.00241345 0.00241345 0.00241345 0.00241345 0.00241345 0.00241345 0.00241345 0.00241345 0.00241345 0.00241345 0.00241345
          0.00241107 0.00241107 0.00241107 0.00241107 0.00241107 0.00241107 0.00241107 0.00241107 0.00241107 0.00241107 0.00241107 0.00241107
          0.00241107 0.00241107 0.00241107 0.00241107 0.00241107 0.00241107 0.00241107 0.00241107 0.00241108 0.00241108 0.00241108 0.00241108
          0.00241108 0.00241108 0.00241108 0.00241108 0.00241108 0.00241108 0.00241108 0.00241108 0.00241108 0.00241108 0.00241108 0.00241108
          0.00241108 0.00241108 0.00241108 0.00241108 0.00241108 0.00241108 0.00241108 0.00241108 0.00241108 0.00241108 0.00241108 0.00241108
          0.00241108 0.00241108 0.00241108 0.00241108 0.00241108 0.00241108 0.00241108 0.00241108 0.00241108 0.00241108 0.00241108 0.00241108
          0.00241108 0.00241108 0.00241108 0.00241108 0.00241108 0.00241108 0.00241108 0.00241108 0.00241108 0.00241108 0.00241108 0.00241108
          0.00241108 0.00241108 0.00241108 0.00241108 0.0024087 0.0024087 0.0024087 0.0024087 0.0024087 0.0024087 0.0024087 0.0024087
          0.0024087 0.0024087 0.0024087 0.0024087 0.0024087 0.0024087 0.0024087 0.0024087 0.0024087 0.0024087 0.0024087 0.0024087
          0.0024087 0.0024087 0.0024087 0.0024087 0.0024087 0.0024087 0.0024087 0.0024087 0.0024087 0.0024087 0.0024087 0.0024087
          0.0024087 0.0024087 0.00240871 0.00240871 0.00240871 0.00240871 0.00240871 0.00240871 0.00240871 0.00240871 0.00240871 0.00240871
          0.00240871 0.00240871 0.00240871 0.00240871 0.00240871 0.00240871 0.00240871 0.00240871 0.00240871 0.00240871 0.00240871 0.00240871
          0.00240871 0.00240871 0.00240871 0.00240871 0.00240871 0.00240871 0.00240871 0.00240871 0.00240871 0.00240871 0.00240871 0.00240871
          0.00240871 0.00240871 0.00240871 0.00240871 0.00240871 0.00240871 0.00240871 0.0024087 0.00240633 0.00240633 0.00240633 0.00240633
          0.00240633 0.00240633 0.00240633 0.00240633 0.00240633 0.00240633 0.00240633 0.00240633 0.00240633 0.00240633 0.00240633 0.00240633
          0.00240633 0.00240633 0.00240633 0.00240633 0.00240633 0.00240633 0.00240633 0.00240633 0.00240633 0.00240633 0.00240633 0.00240633
          0.00240633 0.00240633 0.00240633 0.00240633 0.00240633 0.00240633 0.00240633 0.00240633 0.00240633 0.00240633 0.00240633 0.00240633
          0.00240633 0.00240633 0.00240633 0.00240633 0.00240633 0.00240633 0.00240633 0.00240633 0.00240633 0.00240633 0.00240633 0.00240633
          0.00240633 0.00240634 0.00240634 0.00240634 0.00240634 0.00240634 0.00240634 0.00240634 0.00240634 0.00240634 0.00240634 0.00240634
          0.00240634 0.00240634 0.00240634 0.00240634 0.00240634 0.00240634 0.00240634 0.00240634 0.00240634 0.00240634 0.00240634 0.00240633
          0.00240396 0.00240396 0.00240396 0.00240396 0.00240396 0.00240396 0.00240396 0.00240396 0.00240396 0.00240396 0.00240396 0.00240396
          0.00240396 0.00240396 0.00240396 0.00240396 0.00240396 0.00240396 0.00240396 0.00240396 0.00240396 0.00240396 0.00240396 0.00240396
          0.00240396 0.00240396 0.00240396 0.00240396 0.00240396 0.00240396 0.00240396 0.00240396 0.00240396 0.00240396 0.00240396 0.00240396
          0.00240396 0.00240396 0.00240396 0.00240396 0.00240396 0.00240396 0.00240396 0.00240396 0.00240396 0.00240396 0.00240396 0.00240396
          0.00240396 0.00240396 0.00240396 0.00240396 0.00240396 0.00240396 0.00240396 0.00240396 0.00240396 0.00240396 0.00240396 0.00240396
          0.00240396 0.00240396 0.00240396 0.00240396 0.00240396 0.00240396 0.00240397 0.00240397 0.00240397 0.00240397 0.00240397 0.00240397
          0.00240397 0.00240397 0.00240397 0.00240396 0.00240159 0.00240159 0.00240159 0.00240159 0.00240159 0.00240159 0.00240159 0.00240159
          0.00240159 0.00240159 0.00240159 0.00240159 0.00240159 0.00240159 0.00240159 0.00240159 0.00240159 0.00240159 0.00240159 0.00240159
          0.00240159 0.00240159 0.00240159 0.00240159 0.00240159 0.00240159 0.00240159 0.00240159 0.00240159 0.00240159 0.00240159 0.00240159
          0.00240159 0.00240159 0.00240159 0.00240159 0.00240159 0.00240159 0.00240159 0.00240159 0.00240159 0.00240159 0.00240159 0.00240159
          0.00240159 0.00240159 0.00240159 0.00240159 0.00240159 0.00240159 0.00240159 0.00240159 0.00240159 0.00240159 0.00240159 0.00240159
          0.00240159 0.00240159 0.00240159 0.00240159 0.00240159 0.00240159 0.00240159 0.00240159 0.00240159 0.00240159 0.00240159 0.00240159
          0.00240159 0.00240159 0.00240159 0.00240159 0.0024016 0.0024016 0.0024016 0.00240159 0.00239922 0.00239922 0.00239922 0.00239922
          0.00239922 0.00239922 0.00239922 0.00239922 0.00239922 0.00239922 0.00239922 0.00239922 0.00239922 0.00239922 0.00239922 0.00239922
          0.00239922 0.00239922 0.00239922 0.00239922 0.00239922 0.00239922 0.00239922 0.00239922 0.00239922 0.00239922 0.00239922 0.00239922
          0.00239922 0.00239922 0.00239922 0.00239922 0.00239922 0.00239922 0.00239922 0.00239922 0.00239922 0.00239922 0.00239922 0.00239922
          0.00239922 0.00239922 0.00239922 0.00239922 0.00239922 0.00239922 0.00239922 0.00239922 0.00239922 0.00239922 0.00239922 0.00239922
          0.00239922 0.00239922 0.00239922 0.00239922 0.00239922 0.00239922 0.00239922 0.00239922 0.00239922 0.00239922 0.00239922 0.00239922
          0.00239922 0.00239922 0.00239922 0.00239922 0.00239922 0.00239922 0.00239922 0.00239922 0.00239922 0.00239922 0.00239922 0.00239922
          0.00239685 0.00239685 0.00239685 0.00239685 0.00239685 0.00239685 0.00239685 0.00239685 0.00239685 0.00239685 0.00239685 0.00239685
          0.00239685 0.00239685 0.00239685 0.00239685 0.00239685 0.00239685 0.00239685 0.00239685 0.00239685 0.00239685 0.00239685 0.00239685
          0.00239685 0.00239685 0.00239685 0.00239685 0.00239685 0.00239685 0.00239685 0.00239685 0.00239685 0.00239685 0.00239685 0.00239685
          0.00239685 0.00239685 0.00239685 0.00239685 0.00239685 0.00239685 0.00239685 0.00239685 0.00239685 0.00239685 0.00239685 0.00239685
          0.00239685 0.00239685 0.00239685 0.00239685 0.00239685 0.00239685 0.00239685 0.00239685 0.00239685 0.00239685 0.00239685 0.00239685
          0.00239685 0.00239685 0.00239685 0.00239685 0.00239685 0.00239685 0.00239685 0.00239685 0.00239686 0.00239686 0.00239686 0.00239686
          0.00239686 0.00239686 0.00239686 0.00239685
        </DataArray>
        <DataArray type="Float32" Name="x^H2_liq" NumberOfComponents="1" format="ascii">
          0 0 0 0 0 0 0 0 0 0 0 0
          0 0 0 0 0 0 0 0 0 0 0 0
          0 0 0 0 0 0 0 0 0 0 0 0
          0 0 0 0 0 0 0 0 0 0 0 0
          0 0 0 0 0 0 0 0 0 0 0 0
          0 0 0 0 0 0 0 0 0 0 0 0
          0 0 0 0 0 0 0 0 0 0 0 0
          0 0 0 0 0 0 0 0 0 0 0 0
          0 0 0 0 0 0 0 0 0 0 0 0
          0 0 0 0 0 0 0 0 0 0 0 0
          0 0 0 0 0 0 0 0 0 0 0 0
          0 0 0 0 0 0 0 0 0 0 0 0
          0 0 0 0 0 0 0 0 0 0 0 0
          0 0 0 0 0 0 0 0 0 0 0 0
          0 0 0 0 0 0 0 0 0 0 0 0
          0 0 0 0 0 0 0 0 0 0 0 0
          0 0 0 0 0 0 0 0 0 0 0 0
          0 0 0 0 0 0 0 0 0 0 0 0
          0 0 0 0 0 0 0 0 0 0 0 0
          0 0 0 0 0 0 0 0 0 0 0 0
          0 0 0 0 0 0 0 0 0 0 0 0
          0 0 0 0 0 0 0 0 0 0 0 0
          0 0 0 0 0 0 0 0 0 0 0 0
          0 0 0 0 0 0 0 0 0 0 0 0
          0 0 0 0 0 0 0 0 0 0 0 0
          0 0 0 0 0 0 0 0 0 0 0 0
          0 0 0 0 0 0 0 0 0 0 0 0
          0 0 0 0 0 0 0 0 0 0 0 0
          0 0 0 0 0 0 0 0 0 0 0 0
          0 0 0 0 0 0 0 0 0 0 0 0
          0 0 0 0 0 0 0 0 0 0 0 0
          0 0 0 0 0 0 0 0 0 0 0 0
          0 0 0 0 0 0 0 0 0 0 0 0
          0 0 0 0 0 0 0 0 0 0 0 0
          0 0 0 0 0 0 0 0 0 0 0 0
          0 0 0 0 0 0 0 0 0 0 0 0
          0 0 0 0 0 0 0 0 0 0 0 0
          0 0 0 0 0 0 0 0 0 0 0 0
          0 0 0 0 0 0 0 0 0 0 0 0
          0 0 0 0 0 0 0 0 0 0 0 0
          0 0 0 0 0 0 0 0 0 0 0 0
          0 0 0 0 0 0 0 0 0 0 0 0
          0 0 0 0 0 0 0 0 0 0 0 0
          0 0 0 0 0 0 0 0 0 0 0 0
          0 0 0 0 0 0 0 0 0 0 0 0
          0 0 0 0 0 0 0 0 0 0 0 0
          0 0 0 0 0 0 0 0 0 0 0 0
          0 0 0 0 0 0 0 0 0 0 0 0
          0 0 0 0 0 0 0 0 0 0 0 0
          0 0 0 0 0 0 0 0 0 0 0 0
          0 0 0 0 0 0 0 0 0 0 0 0
          0 0 0 0 0 0 0 0 0 0 0 0
          0 0 0 0 0 0 0 0 0 0 0 0
          0 0 0 0 0 0 0 0 0 0 0 0
          0 0 0 0 0 0 0 0 0 0 0 0
          0 0 0 0 0 0 0 0 0 0 0 0
          0 0 0 0 0 0 0 0 0 0 0 0
          0 0 0 0 0 0 0 0 0 0 0 0
          0 0 0 0 0 0 0 0 0 0 0 0
          0 0 0 0 0 0 0 0 0 0 0 0
          0 0 0 0 0 0 0 0 0 0 0 0
          0 0 0 0 0 0 0 0 0 0 0 0
          0 0 0 0 0 0 0 0 0 0 0 0
          0 0 0 0 0 0 0 0 0 0 0 0
          0 0 0 0 0 0 0 0 0 0 0 0
          0 0 0 0 0 0 0 0 0 0 0 0
          0 0 0 0 0 0 0 0 0 0 0 0
          0 0 0 0 0 0 0 0 0 0 0 0
          0 0 0 0 0 0 0 0 0 0 0 0
          0 0 0 0 0 0 0 0 0 0 0 0
          0 0 0 0 0 0 0 0 0 0 0 0
          0 0 0 0 0 0 0 0 0 0 0 0
          0 0 0 0 0 0 0 0 0 0 0 0
          0 0 0 0 0 0 0 0 0 0 0 0
          0 0 0 0 0 0 0 0 0 0 0 0
          0 0 0 0 0 0 0 0 0 0 0 0
          0 0 0 0 0 0 0 0 0 0 0 0
          0 0 0 0 0 0 0 0 0 0 0 0
          0 0 0 0 0 0 0 0 0 0 0 0
          0 0 0 0 0 0 0 0 0 0 0 0
          0 0 0 0 0 0 0 0 0 0 0 0
          0 0 0 0 0 0 0 0 0 0 0 0
          0 0 0 0 0 0 0 0 0 0 0 0
          0 0 0 0 0 0 0 0 0 0 0 0
          0 0 0 0 0 0 0 0 0 0 0 0
          0 0 0 0 0 0 0 0 0 0 0 0
          0 0 0 0 0 0 0 0 0 0 0 0
          0 0 0 0 0 0 0 0 0 0 0 0
          0 0 0 0 0 0 0 0 0 0 0 0
          0 0 0 0 0 0 0 0 0 0 0 0
          0 0 0 0 0 0 0 0 0 0 0 0
          0 0 0 0 0 0 0 0 0 0 0 0
          0 0 0 0 0 0 0 0 0 0 0 0
          0 0 0 0 0 0 0 0 0 0 0 0
          0 0 0 0 0 0 0 0 0 0 0 0
          0 0 0 0 0 0 0 0 0 0 0 0
          0 0 0 0 0 0 0 0 0 0 0 0
          0 0 0 0 0 0 0 0 0 0 0 0
          0 0 0 0 0 0 0 0 0 0 0 0
          0 0 0 0 0 0 0 0 0 0 0 0
          0 0 0 0 0 0 0 0 0 0 0 0
          0 0 0 0 0 0 0 0 0 0 0 0
          0 0 0 0 0 0 0 0 0 0 0 0
          0 0 0 0 0 0 0 0 0 0 0 0
          0 0 0 0 0 0 0 0 0 0 0 0
          0 0 0 0 0 0 0 0 0 0 0 0
          0 0 0 0 0 0 0 0 0 0 0 0
          0 0 0 0 0 0 0 0 0 0 0 0
          0 0 0 0 0 0 0 0 0 0 0 0
          0 0 0 0 0 0 0 0 0 0 0 0
          0 0 0 0 0 0 0 0 0 0 0 0
          0 0 0 0 0 0 0 0 0 0 0 0
          0 0 0 0 0 0 0 0 0 0 0 0
          0 0 0 0 0 0 0 0 0 0 0 0
          0 0 0 0 0 0 0 0 0 0 0 0
          0 0 0 0 0 0 0 0 0 0 0 0
          0 0 0 0 0 0 0 0 0 0 0 0
          0 0 0 0 0 0 0 0 0 0 0 0
          0 0 0 0 0 0 0 0 0 0 0 0
          0 0 0 0 0 0 0 0 0 0 0 0
          0 0 0 0 0 0 0 0 0 0 0 0
          0 0 0 0 0 0 0 0 0 0 0 0
          0 0 0 0 0 0 0 0 0 0 0 0
          0 0 0 0 0 0 0 0 0 0 0 0
          0 0 0 0 0 0 0 0 0 0 0 0
          0 0 0 0 0 0 0 0 0 0 0 0
          0 0 0 0 0 0 0 0 0 0 0 0
          0 0 0 0 0 0 0 0 0 0 0 0
          0 0 0 0 0 0 0 0 0 0 0 0
          0 0 0 0 0 0 0 0 0 0 0 0
          0 0 0 0 0 0 0 0 0 0 0 0
          0 0 0 0 0 0 0 0 0 0 0 0
          0 0 0 0 0 0 0 0 0 0 0 0
          0 0 0 0 0 0 0 0 0 0 0 0
          0 0 0 0 0 0 0 0 0 0 0 0
          0 0 0 0 0 0 0 0 0 0 0 0
          0 0 0 0 0 0 0 0 0 0 0 0
          0 0 0 0 0 0 0 0 0 0 0 0
          0 0 0 0 0 0 0 0 0 0 0 0
          0 0 0 0 0 0 0 0 0 0 0 0
          0 0 0 0 0 0 0 0 0 0 0 0
          0 0 0 0 0 0 0 0 0 0 0 0
          0 0 0 0 0 0 0 0 0 0 0 0
          0 0 0 0 0 0 0 0 0 0 0 0
          0 0 0 0 0 0 0 0 0 0 0 0
          0 0 0 0 0 0 0 0 0 0 0 0
          0 0 0 0 0 0 0 0 0 0 0 0
          0 0 0 0 0 0 0 0 0 0 0 0
          0 0 0 0 0 0 0 0 0 0 0 0
          0 0 0 0 0 0 0 0 0 0 0 0
          0 0 0 0 0 0 0 0 0 0 0 0
          0 0 0 0 0 0 0 0 0 0 0 0
          0 0 0 0 0 0 0 0 0 0 0 0
          0 0 0 0 0 0 0 0 0 0 0 0
          0 0 0 0 0 0 0 0 0 0 0 0
          0 0 0 0 0 0 0 0 0 0 0 0
          0 0 0 0 0 0 0 0 0 0 0 0
          0 0 0 0 0 0 0 0 0 0 0 0
          0 0 0 0 0 0 0 0 0 0 0 0
          0 0 0 0 0 0 0 0 0 0 0 0
          0 0 0 0 0 0 0 0 0 0 0 0
          0 0 0 0 0 0 0 0 0 0 0 0
          0 0 0 0 0 0 0 0 0 0 0 0
          0 0 0 0 0 0 0 0 0 0 0 0
          0 0 0 0 0 0 0 0 0 0 0 0
          0 0 0 0 0 0 0 0 0 0 0 0
          0 0 0 0 0 0 0 0 0 0 0 0
          0 0 0 0 0 0 0 0 0 0 0 0
          0 0 0 0 0 0 0 0 0 0 0 0
          0 0 0 0 0 0 0 0 0 0 0 0
          0 0 0 0 0 0 0 0 0 0 0 0
          0 0 0 0 0 0 0 0 0 0 0 0
          0 0 0 0 0 0 0 0 0 0 0 0
          0 0 0 0 0 0 0 0 0 0 0 0
          0 0 0 0 0 0 0 0 0 0 0 0
          0 0 0 0 0 0 0 0 0 0 0 0
          0 0 0 0 0 0 0 0 0 0 0 0
          0 0 0 0 0 0 0 0 0 0 0 0
          0 0 0 0 0 0 0 0 0 0 0 0
          0 0 0 0 0 0 0 0 0 0 0 0
          0 0 0 0 0 0 0 0 0 0 0 0
          0 0 0 0 0 0 0 0 0 0 0 0
          0 0 0 0 0 0 0 0 0 0 0 0
          0 0 0 0 0 0 0 0 0 0 0 0
          0 0 0 0 0 0 0 0 0 0 0 0
          0 0 0 0 0 0 0 0 0 0 0 0
          0 0 0 0 0 0 0 0 0 0 0 0
          0 0 0 0 0 0 0 0 0 0 0 0
          0 0 0 0 0 0 0 0 0 0 0 0
          0 0 0 0 0 0 0 0 0 0 0 0
          0 0 0 0 0 0 0 0 0 0 0 0
          0 0 0 0 0 0 0 0 0 0 0 0
          0 0 0 0 0 0 0 0 0 0 0 0
          0 0 0 0 0 0 0 0 0 0 0 0
          0 0 0 0 0 0 0 0 0 0 0 0
          0 0 0 0 0 0 0 0 0 0 0 0
          0 0 0 0
        </DataArray>
        <DataArray type="Float32" Name="x^CO2_liq" NumberOfComponents="1" format="ascii">
          0 0 0 0 0 0 0 0 0 0 0 0
          0 0 0 0 0 0 0 0 0 0 0 0
          0 0 0 0 0 0 0 0 0 0 0 0
          0 0 0 0 0 0 0 0 0 0 0 0
          0 0 0 0 0 0 0 0 0 0 0 0
          0 0 0 0 0 0 0 0 0 0 0 0
          0 0 0 0 0 0 0 0 0 0 0 0
          0 0 0 0 0 0 0 0 0 0 0 0
          0 0 0 0 0 0 0 0 0 0 0 0
          0 0 0 0 0 0 0 0 0 0 0 0
          0 0 0 0 0 0 0 0 0 0 0 0
          0 0 0 0 0 0 0 0 0 0 0 0
          0 0 0 0 0 0 0 0 0 0 0 0
          0 0 0 0 0 0 0 0 0 0 0 0
          0 0 0 0 0 0 0 0 0 0 0 0
          0 0 0 0 0 0 0 0 0 0 0 0
          0 0 0 0 0 0 0 0 0 0 0 0
          0 0 0 0 0 0 0 0 0 0 0 0
          0 0 0 0 0 0 0 0 0 0 0 0
          0 0 0 0 0 0 0 0 0 0 0 0
          0 0 0 0 0 0 0 0 0 0 0 0
          0 0 0 0 0 0 0 0 0 0 0 0
          0 0 0 0 0 0 0 0 0 0 0 0
          0 0 0 0 0 0 0 0 0 0 0 0
          0 0 0 0 0 0 0 0 0 0 0 0
          0 0 0 0 0 0 0 0 0 0 0 0
          0 0 0 0 0 0 0 0 0 0 0 0
          0 0 0 0 0 0 0 0 0 0 0 0
          0 0 0 0 0 0 0 0 0 0 0 0
          0 0 0 0 0 0 0 0 0 0 0 0
          0 0 0 0 0 0 0 0 0 0 0 0
          0 0 0 0 0 0 0 0 0 0 0 0
          0 0 0 0 0 0 0 0 0 0 0 0
          0 0 0 0 0 0 0 0 0 0 0 0
          0 0 0 0 0 0 0 0 0 0 0 0
          0 0 0 0 0 0 0 0 0 0 0 0
          0 0 0 0 0 0 0 0 0 0 0 0
          0 0 0 0 0 0 0 0 0 0 0 0
          0 0 0 0 0 0 0 0 0 0 0 0
          0 0 0 0 0 0 0 0 0 0 0 0
          0 0 0 0 0 0 0 0 0 0 0 0
          0 0 0 0 0 0 0 0 0 0 0 0
          0 0 0 0 0 0 0 0 0 0 0 0
          0 0 0 0 0 0 0 0 0 0 0 0
          0 0 0 0 0 0 0 0 0 0 0 0
          0 0 0 0 0 0 0 0 0 0 0 0
          0 0 0 0 0 0 0 0 0 0 0 0
          0 0 0 0 0 0 0 0 0 0 0 0
          0 0 0 0 0 0 0 0 0 0 0 0
          0 0 0 0 0 0 0 0 0 0 0 0
          0 0 0 0 0 0 0 0 0 0 0 0
          0 0 0 0 0 0 0 0 0 0 0 0
          0 0 0 0 0 0 0 0 0 0 0 0
          0 0 0 0 0 0 0 0 0 0 0 0
          0 0 0 0 0 0 0 0 0 0 0 0
          0 0 0 0 0 0 0 0 0 0 0 0
          0 0 0 0 0 0 0 0 0 0 0 0
          0 0 0 0 0 0 0 0 0 0 0 0
          0 0 0 0 0 0 0 0 0 0 0 0
          0 0 0 0 0 0 0 0 0 0 0 0
          0 0 0 0 0 0 0 0 0 0 0 0
          0 0 0 0 0 0 0 0 0 0 0 0
          0 0 0 0 0 0 0 0 0 0 0 0
          0 0 0 0 0 0 0 0 0 0 0 0
          0 0 0 0 0 0 0 0 0 0 0 0
          0 0 0 0 0 0 0 0 0 0 0 0
          0 0 0 0 0 0 0 0 0 0 0 0
          0 0 0 0 0 0 0 0 0 0 0 0
          0 0 0 0 0 0 0 0 0 0 0 0
          0 0 0 0 0 0 0 0 0 0 0 0
          0 0 0 0 0 0 0 0 0 0 0 0
          0 0 0 0 0 0 0 0 0 0 0 0
          0 0 0 0 0 0 0 0 0 0 0 0
          0 0 0 0 0 0 0 0 0 0 0 0
          0 0 0 0 0 0 0 0 0 0 0 0
          0 0 0 0 0 0 0 0 0 0 0 0
          0 0 0 0 0 0 0 0 0 0 0 0
          0 0 0 0 0 0 0 0 0 0 0 0
          0 0 0 0 0 0 0 0 0 0 0 0
          0 0 0 0 0 0 0 0 0 0 0 0
          0 0 0 0 0 0 0 0 0 0 0 0
          0 0 0 0 0 0 0 0 0 0 0 0
          0 0 0 0 0 0 0 0 0 0 0 0
          0 0 0 0 0 0 0 0 0 0 0 0
          0 0 0 0 0 0 0 0 0 0 0 0
          0 0 0 0 0 0 0 0 0 0 0 0
          0 0 0 0 0 0 0 0 0 0 0 0
          0 0 0 0 0 0 0 0 0 0 0 0
          0 0 0 0 0 0 0 0 0 0 0 0
          0 0 0 0 0 0 0 0 0 0 0 0
          0 0 0 0 0 0 0 0 0 0 0 0
          0 0 0 0 0 0 0 0 0 0 0 0
          0 0 0 0 0 0 0 0 0 0 0 0
          0 0 0 0 0 0 0 0 0 0 0 0
          0 0 0 0 0 0 0 0 0 0 0 0
          0 0 0 0 0 0 0 0 0 0 0 0
          0 0 0 0 0 0 0 0 0 0 0 0
          0 0 0 0 0 0 0 0 0 0 0 0
          0 0 0 0 0 0 0 0 0 0 0 0
          0 0 0 0 0 0 0 0 0 0 0 0
          0 0 0 0 0 0 0 0 0 0 0 0
          0 0 0 0 0 0 0 0 0 0 0 0
          0 0 0 0 0 0 0 0 0 0 0 0
          0 0 0 0 0 0 0 0 0 0 0 0
          0 0 0 0 0 0 0 0 0 0 0 0
          0 0 0 0 0 0 0 0 0 0 0 0
          0 0 0 0 0 0 0 0 0 0 0 0
          0 0 0 0 0 0 0 0 0 0 0 0
          0 0 0 0 0 0 0 0 0 0 0 0
          0 0 0 0 0 0 0 0 0 0 0 0
          0 0 0 0 0 0 0 0 0 0 0 0
          0 0 0 0 0 0 0 0 0 0 0 0
          0 0 0 0 0 0 0 0 0 0 0 0
          0 0 0 0 0 0 0 0 0 0 0 0
          0 0 0 0 0 0 0 0 0 0 0 0
          0 0 0 0 0 0 0 0 0 0 0 0
          0 0 0 0 0 0 0 0 0 0 0 0
          0 0 0 0 0 0 0 0 0 0 0 0
          0 0 0 0 0 0 0 0 0 0 0 0
          0 0 0 0 0 0 0 0 0 0 0 0
          0 0 0 0 0 0 0 0 0 0 0 0
          0 0 0 0 0 0 0 0 0 0 0 0
          0 0 0 0 0 0 0 0 0 0 0 0
          0 0 0 0 0 0 0 0 0 0 0 0
          0 0 0 0 0 0 0 0 0 0 0 0
          0 0 0 0 0 0 0 0 0 0 0 0
          0 0 0 0 0 0 0 0 0 0 0 0
          0 0 0 0 0 0 0 0 0 0 0 0
          0 0 0 0 0 0 0 0 0 0 0 0
          0 0 0 0 0 0 0 0 0 0 0 0
          0 0 0 0 0 0 0 0 0 0 0 0
          0 0 0 0 0 0 0 0 0 0 0 0
          0 0 0 0 0 0 0 0 0 0 0 0
          0 0 0 0 0 0 0 0 0 0 0 0
          0 0 0 0 0 0 0 0 0 0 0 0
          0 0 0 0 0 0 0 0 0 0 0 0
          0 0 0 0 0 0 0 0 0 0 0 0
          0 0 0 0 0 0 0 0 0 0 0 0
          0 0 0 0 0 0 0 0 0 0 0 0
          0 0 0 0 0 0 0 0 0 0 0 0
          0 0 0 0 0 0 0 0 0 0 0 0
          0 0 0 0 0 0 0 0 0 0 0 0
          0 0 0 0 0 0 0 0 0 0 0 0
          0 0 0 0 0 0 0 0 0 0 0 0
          0 0 0 0 0 0 0 0 0 0 0 0
          0 0 0 0 0 0 0 0 0 0 0 0
          0 0 0 0 0 0 0 0 0 0 0 0
          0 0 0 0 0 0 0 0 0 0 0 0
          0 0 0 0 0 0 0 0 0 0 0 0
          0 0 0 0 0 0 0 0 0 0 0 0
          0 0 0 0 0 0 0 0 0 0 0 0
          0 0 0 0 0 0 0 0 0 0 0 0
          0 0 0 0 0 0 0 0 0 0 0 0
          0 0 0 0 0 0 0 0 0 0 0 0
          0 0 0 0 0 0 0 0 0 0 0 0
          0 0 0 0 0 0 0 0 0 0 0 0
          0 0 0 0 0 0 0 0 0 0 0 0
          0 0 0 0 0 0 0 0 0 0 0 0
          0 0 0 0 0 0 0 0 0 0 0 0
          0 0 0 0 0 0 0 0 0 0 0 0
          0 0 0 0 0 0 0 0 0 0 0 0
          0 0 0 0 0 0 0 0 0 0 0 0
          0 0 0 0 0 0 0 0 0 0 0 0
          0 0 0 0 0 0 0 0 0 0 0 0
          0 0 0 0 0 0 0 0 0 0 0 0
          0 0 0 0 0 0 0 0 0 0 0 0
          0 0 0 0 0 0 0 0 0 0 0 0
          0 0 0 0 0 0 0 0 0 0 0 0
          0 0 0 0 0 0 0 0 0 0 0 0
          0 0 0 0 0 0 0 0 0 0 0 0
          0 0 0 0 0 0 0 0 0 0 0 0
          0 0 0 0 0 0 0 0 0 0 0 0
          0 0 0 0 0 0 0 0 0 0 0 0
          0 0 0 0 0 0 0 0 0 0 0 0
          0 0 0 0 0 0 0 0 0 0 0 0
          0 0 0 0 0 0 0 0 0 0 0 0
          0 0 0 0 0 0 0 0 0 0 0 0
          0 0 0 0 0 0 0 0 0 0 0 0
          0 0 0 0 0 0 0 0 0 0 0 0
          0 0 0 0 0 0 0 0 0 0 0 0
          0 0 0 0 0 0 0 0 0 0 0 0
          0 0 0 0 0 0 0 0 0 0 0 0
          0 0 0 0 0 0 0 0 0 0 0 0
          0 0 0 0 0 0 0 0 0 0 0 0
          0 0 0 0 0 0 0 0 0 0 0 0
          0 0 0 0 0 0 0 0 0 0 0 0
          0 0 0 0 0 0 0 0 0 0 0 0
          0 0 0 0 0 0 0 0 0 0 0 0
          0 0 0 0 0 0 0 0 0 0 0 0
          0 0 0 0 0 0 0 0 0 0 0 0
          0 0 0 0 0 0 0 0 0 0 0 0
          0 0 0 0 0 0 0 0 0 0 0 0
          0 0 0 0 0 0 0 0 0 0 0 0
          0 0 0 0 0 0 0 0 0 0 0 0
          0 0 0 0 0 0 0 0 0 0 0 0
          0 0 0 0 0 0 0 0 0 0 0 0
          0 0 0 0
        </DataArray>
        <DataArray type="Float32" Name="x^N2_liq" NumberOfComponents="1" format="ascii">
          0 0 0 0 0 0 0 0 0 0 0 0
          0 0 0 0 0 0 0 0 0 0 0 0
          0 0 0 0 0 0 0 0 0 0 0 0
          0 0 0 0 0 0 0 0 0 0 0 0
          0 0 0 0 0 0 0 0 0 0 0 0
          0 0 0 0 0 0 0 0 0 0 0 0
          0 0 0 0 0 0 0 0 0 0 0 0
          0 0 0 0 0 0 0 0 0 0 0 0
          0 0 0 0 0 0 0 0 0 0 0 0
          0 0 0 0 0 0 0 0 0 0 0 0
          0 0 0 0 0 0 0 0 0 0 0 0
          0 0 0 0 0 0 0 0 0 0 0 0
          0 0 0 0 0 0 0 0 0 0 0 0
          0 0 0 0 0 0 0 0 0 0 0 0
          0 0 0 0 0 0 0 0 0 0 0 0
          0 0 0 0 0 0 0 0 0 0 0 0
          0 0 0 0 0 0 0 0 0 0 0 0
          0 0 0 0 0 0 0 0 0 0 0 0
          0 0 0 0 0 0 0 0 0 0 0 0
          0 0 0 0 0 0 0 0 0 0 0 0
          0 0 0 0 0 0 0 0 0 0 0 0
          0 0 0 0 0 0 0 0 0 0 0 0
          0 0 0 0 0 0 0 0 0 0 0 0
          0 0 0 0 0 0 0 0 0 0 0 0
          0 0 0 0 0 0 0 0 0 0 0 0
          0 0 0 0 0 0 0 0 0 0 0 0
          0 0 0 0 0 0 0 0 0 0 0 0
          0 0 0 0 0 0 0 0 0 0 0 0
          0 0 0 0 0 0 0 0 0 0 0 0
          0 0 0 0 0 0 0 0 0 0 0 0
          0 0 0 0 0 0 0 0 0 0 0 0
          0 0 0 0 0 0 0 0 0 0 0 0
          0 0 0 0 0 0 0 0 0 0 0 0
          0 0 0 0 0 0 0 0 0 0 0 0
          0 0 0 0 0 0 0 0 0 0 0 0
          0 0 0 0 0 0 0 0 0 0 0 0
          0 0 0 0 0 0 0 0 0 0 0 0
          0 0 0 0 0 0 0 0 0 0 0 0
          0 0 0 0 0 0 0 0 0 0 0 0
          0 0 0 0 0 0 0 0 0 0 0 0
          0 0 0 0 0 0 0 0 0 0 0 0
          0 0 0 0 0 0 0 0 0 0 0 0
          0 0 0 0 0 0 0 0 0 0 0 0
          0 0 0 0 0 0 0 0 0 0 0 0
          0 0 0 0 0 0 0 0 0 0 0 0
          0 0 0 0 0 0 0 0 0 0 0 0
          0 0 0 0 0 0 0 0 0 0 0 0
          0 0 0 0 0 0 0 0 0 0 0 0
          0 0 0 0 0 0 0 0 0 0 0 0
          0 0 0 0 0 0 0 0 0 0 0 0
          0 0 0 0 0 0 0 0 0 0 0 0
          0 0 0 0 0 0 0 0 0 0 0 0
          0 0 0 0 0 0 0 0 0 0 0 0
          0 0 0 0 0 0 0 0 0 0 0 0
          0 0 0 0 0 0 0 0 0 0 0 0
          0 0 0 0 0 0 0 0 0 0 0 0
          0 0 0 0 0 0 0 0 0 0 0 0
          0 0 0 0 0 0 0 0 0 0 0 0
          0 0 0 0 0 0 0 0 0 0 0 0
          0 0 0 0 0 0 0 0 0 0 0 0
          0 0 0 0 0 0 0 0 0 0 0 0
          0 0 0 0 0 0 0 0 0 0 0 0
          0 0 0 0 0 0 0 0 0 0 0 0
          0 0 0 0 0 0 0 0 0 0 0 0
          0 0 0 0 0 0 0 0 0 0 0 0
          0 0 0 0 0 0 0 0 0 0 0 0
          0 0 0 0 0 0 0 0 0 0 0 0
          0 0 0 0 0 0 0 0 0 0 0 0
          0 0 0 0 0 0 0 0 0 0 0 0
          0 0 0 0 0 0 0 0 0 0 0 0
          0 0 0 0 0 0 0 0 0 0 0 0
          0 0 0 0 0 0 0 0 0 0 0 0
          0 0 0 0 0 0 0 0 0 0 0 0
          0 0 0 0 0 0 0 0 0 0 0 0
          0 0 0 0 0 0 0 0 0 0 0 0
          0 0 0 0 0 0 0 0 0 0 0 0
          0 0 0 0 0 0 0 0 0 0 0 0
          0 0 0 0 0 0 0 0 0 0 0 0
          0 0 0 0 0 0 0 0 0 0 0 0
          0 0 0 0 0 0 0 0 0 0 0 0
          0 0 0 0 0 0 0 0 0 0 0 0
          0 0 0 0 0 0 0 0 0 0 0 0
          0 0 0 0 0 0 0 0 0 0 0 0
          0 0 0 0 0 0 0 0 0 0 0 0
          0 0 0 0 0 0 0 0 0 0 0 0
          0 0 0 0 0 0 0 0 0 0 0 0
          0 0 0 0 0 0 0 0 0 0 0 0
          0 0 0 0 0 0 0 0 0 0 0 0
          0 0 0 0 0 0 0 0 0 0 0 0
          0 0 0 0 0 0 0 0 0 0 0 0
          0 0 0 0 0 0 0 0 0 0 0 0
          0 0 0 0 0 0 0 0 0 0 0 0
          0 0 0 0 0 0 0 0 0 0 0 0
          0 0 0 0 0 0 0 0 0 0 0 0
          0 0 0 0 0 0 0 0 0 0 0 0
          0 0 0 0 0 0 0 0 0 0 0 0
          0 0 0 0 0 0 0 0 0 0 0 0
          0 0 0 0 0 0 0 0 0 0 0 0
          0 0 0 0 0 0 0 0 0 0 0 0
          0 0 0 0 0 0 0 0 0 0 0 0
          0 0 0 0 0 0 0 0 0 0 0 0
          0 0 0 0 0 0 0 0 0 0 0 0
          0 0 0 0 0 0 0 0 0 0 0 0
          0 0 0 0 0 0 0 0 0 0 0 0
          0 0 0 0 0 0 0 0 0 0 0 0
          0 0 0 0 0 0 0 0 0 0 0 0
          0 0 0 0 0 0 0 0 0 0 0 0
          0 0 0 0 0 0 0 0 0 0 0 0
          0 0 0 0 0 0 0 0 0 0 0 0
          0 0 0 0 0 0 0 0 0 0 0 0
          0 0 0 0 0 0 0 0 0 0 0 0
          0 0 0 0 0 0 0 0 0 0 0 0
          0 0 0 0 0 0 0 0 0 0 0 0
          0 0 0 0 0 0 0 0 0 0 0 0
          0 0 0 0 0 0 0 0 0 0 0 0
          0 0 0 0 0 0 0 0 0 0 0 0
          0 0 0 0 0 0 0 0 0 0 0 0
          0 0 0 0 0 0 0 0 0 0 0 0
          0 0 0 0 0 0 0 0 0 0 0 0
          0 0 0 0 0 0 0 0 0 0 0 0
          0 0 0 0 0 0 0 0 0 0 0 0
          0 0 0 0 0 0 0 0 0 0 0 0
          0 0 0 0 0 0 0 0 0 0 0 0
          0 0 0 0 0 0 0 0 0 0 0 0
          0 0 0 0 0 0 0 0 0 0 0 0
          0 0 0 0 0 0 0 0 0 0 0 0
          0 0 0 0 0 0 0 0 0 0 0 0
          0 0 0 0 0 0 0 0 0 0 0 0
          0 0 0 0 0 0 0 0 0 0 0 0
          0 0 0 0 0 0 0 0 0 0 0 0
          0 0 0 0 0 0 0 0 0 0 0 0
          0 0 0 0 0 0 0 0 0 0 0 0
          0 0 0 0 0 0 0 0 0 0 0 0
          0 0 0 0 0 0 0 0 0 0 0 0
          0 0 0 0 0 0 0 0 0 0 0 0
          0 0 0 0 0 0 0 0 0 0 0 0
          0 0 0 0 0 0 0 0 0 0 0 0
          0 0 0 0 0 0 0 0 0 0 0 0
          0 0 0 0 0 0 0 0 0 0 0 0
          0 0 0 0 0 0 0 0 0 0 0 0
          0 0 0 0 0 0 0 0 0 0 0 0
          0 0 0 0 0 0 0 0 0 0 0 0
          0 0 0 0 0 0 0 0 0 0 0 0
          0 0 0 0 0 0 0 0 0 0 0 0
          0 0 0 0 0 0 0 0 0 0 0 0
          0 0 0 0 0 0 0 0 0 0 0 0
          0 0 0 0 0 0 0 0 0 0 0 0
          0 0 0 0 0 0 0 0 0 0 0 0
          0 0 0 0 0 0 0 0 0 0 0 0
          0 0 0 0 0 0 0 0 0 0 0 0
          0 0 0 0 0 0 0 0 0 0 0 0
          0 0 0 0 0 0 0 0 0 0 0 0
          0 0 0 0 0 0 0 0 0 0 0 0
          0 0 0 0 0 0 0 0 0 0 0 0
          0 0 0 0 0 0 0 0 0 0 0 0
          0 0 0 0 0 0 0 0 0 0 0 0
          0 0 0 0 0 0 0 0 0 0 0 0
          0 0 0 0 0 0 0 0 0 0 0 0
          0 0 0 0 0 0 0 0 0 0 0 0
          0 0 0 0 0 0 0 0 0 0 0 0
          0 0 0 0 0 0 0 0 0 0 0 0
          0 0 0 0 0 0 0 0 0 0 0 0
          0 0 0 0 0 0 0 0 0 0 0 0
          0 0 0 0 0 0 0 0 0 0 0 0
          0 0 0 0 0 0 0 0 0 0 0 0
          0 0 0 0 0 0 0 0 0 0 0 0
          0 0 0 0 0 0 0 0 0 0 0 0
          0 0 0 0 0 0 0 0 0 0 0 0
          0 0 0 0 0 0 0 0 0 0 0 0
          0 0 0 0 0 0 0 0 0 0 0 0
          0 0 0 0 0 0 0 0 0 0 0 0
          0 0 0 0 0 0 0 0 0 0 0 0
          0 0 0 0 0 0 0 0 0 0 0 0
          0 0 0 0 0 0 0 0 0 0 0 0
          0 0 0 0 0 0 0 0 0 0 0 0
          0 0 0 0 0 0 0 0 0 0 0 0
          0 0 0 0 0 0 0 0 0 0 0 0
          0 0 0 0 0 0 0 0 0 0 0 0
          0 0 0 0 0 0 0 0 0 0 0 0
          0 0 0 0 0 0 0 0 0 0 0 0
          0 0 0 0 0 0 0 0 0 0 0 0
          0 0 0 0 0 0 0 0 0 0 0 0
          0 0 0 0 0 0 0 0 0 0 0 0
          0 0 0 0 0 0 0 0 0 0 0 0
          0 0 0 0 0 0 0 0 0 0 0 0
          0 0 0 0 0 0 0 0 0 0 0 0
          0 0 0 0 0 0 0 0 0 0 0 0
          0 0 0 0 0 0 0 0 0 0 0 0
          0 0 0 0 0 0 0 0 0 0 0 0
          0 0 0 0 0 0 0 0 0 0 0 0
          0 0 0 0 0 0 0 0 0 0 0 0
          0 0 0 0 0 0 0 0 0 0 0 0
          0 0 0 0 0 0 0 0 0 0 0 0
          0 0 0 0 0 0 0 0 0 0 0 0
          0 0 0 0 0 0 0 0 0 0 0 0
          0 0 0 0 0 0 0 0 0 0 0 0
          0 0 0 0
        </DataArray>
        <DataArray type="Float32" Name="rhoMolar_liq" NumberOfComponents="1" format="ascii">
          55555.6 55555.6 55555.6 55555.6 55555.6 55555.6 55555.6 55555.6 55555.6 55555.6 55555.6 55555.6
          55555.6 55555.6 55555.6 55555.6 55555.6 55555.6 55555.6 55555.6 55555.6 55555.6 55555.6 55555.6
          55555.6 55555.6 55555.6 55555.6 55555.6 55555.6 55555.6 55555.6 55555.6 55555.6 55555.6 55555.6
          55555.6 55555.6 55555.6 55555.6 55555.6 55555.6 55555.6 55555.6 55555.6 55555.6 55555.6 55555.6
          55555.6 55555.6 55555.6 55555.6 55555.6 55555.6 55555.6 55555.6 55555.6 55555.6 55555.6 55555.6
          55555.6 55555.6 55555.6 55555.6 55555.6 55555.6 55555.6 55555.6 55555.6 55555.6 55555.6 55555.6
          55555.6 55555.6 55555.6 55555.6 55555.6 55555.6 55555.6 55555.6 55555.6 55555.6 55555.6 55555.6
          55555.6 55555.6 55555.6 55555.6 55555.6 55555.6 55555.6 55555.6 55555.6 55555.6 55555.6 55555.6
          55555.6 55555.6 55555.6 55555.6 55555.6 55555.6 55555.6 55555.6 55555.6 55555.6 55555.6 55555.6
          55555.6 55555.6 55555.6 55555.6 55555.6 55555.6 55555.6 55555.6 55555.6 55555.6 55555.6 55555.6
          55555.6 55555.6 55555.6 55555.6 55555.6 55555.6 55555.6 55555.6 55555.6 55555.6 55555.6 55555.6
          55555.6 55555.6 55555.6 55555.6 55555.6 55555.6 55555.6 55555.6 55555.6 55555.6 55555.6 55555.6
          55555.6 55555.6 55555.6 55555.6 55555.6 55555.6 55555.6 55555.6 55555.6 55555.6 55555.6 55555.6
          55555.6 55555.6 55555.6 55555.6 55555.6 55555.6 55555.6 55555.6 55555.6 55555.6 55555.6 55555.6
          55555.6 55555.6 55555.6 55555.6 55555.6 55555.6 55555.6 55555.6 55555.6 55555.6 55555.6 55555.6
          55555.6 55555.6 55555.6 55555.6 55555.6 55555.6 55555.6 55555.6 55555.6 55555.6 55555.6 55555.6
          55555.6 55555.6 55555.6 55555.6 55555.6 55555.6 55555.6 55555.6 55555.6 55555.6 55555.6 55555.6
          55555.6 55555.6 55555.6 55555.6 55555.6 55555.6 55555.6 55555.6 55555.6 55555.6 55555.6 55555.6
          55555.6 55555.6 55555.6 55555.6 55555.6 55555.6 55555.6 55555.6 55555.6 55555.6 55555.6 55555.6
          55555.6 55555.6 55555.6 55555.6 55555.6 55555.6 55555.6 55555.6 55555.6 55555.6 55555.6 55555.6
          55555.6 55555.6 55555.6 55555.6 55555.6 55555.6 55555.6 55555.6 55555.6 55555.6 55555.6 55555.6
          55555.6 55555.6 55555.6 55555.6 55555.6 55555.6 55555.6 55555.6 55555.6 55555.6 55555.6 55555.6
          55555.6 55555.6 55555.6 55555.6 55555.6 55555.6 55555.6 55555.6 55555.6 55555.6 55555.6 55555.6
          55555.6 55555.6 55555.6 55555.6 55555.6 55555.6 55555.6 55555.6 55555.6 55555.6 55555.6 55555.6
          55555.6 55555.6 55555.6 55555.6 55555.6 55555.6 55555.6 55555.6 55555.6 55555.6 55555.6 55555.6
          55555.6 55555.6 55555.6 55555.6 55555.6 55555.6 55555.6 55555.6 55555.6 55555.6 55555.6 55555.6
          55555.6 55555.6 55555.6 55555.6 55555.6 55555.6 55555.6 55555.6 55555.6 55555.6 55555.6 55555.6
          55555.6 55555.6 55555.6 55555.6 55555.6 55555.6 55555.6 55555.6 55555.6 55555.6 55555.6 55555.6
          55555.6 55555.6 55555.6 55555.6 55555.6 55555.6 55555.6 55555.6 55555.6 55555.6 55555.6 55555.6
          55555.6 55555.6 55555.6 55555.6 55555.6 55555.6 55555.6 55555.6 55555.6 55555.6 55555.6 55555.6
          55555.6 55555.6 55555.6 55555.6 55555.6 55555.6 55555.6 55555.6 55555.6 55555.6 55555.6 55555.6
          55555.6 55555.6 55555.6 55555.6 55555.6 55555.6 55555.6 55555.6 55555.6 55555.6 55555.6 55555.6
          55555.6 55555.6 55555.6 55555.6 55555.6 55555.6 55555.6 55555.6 55555.6 55555.6 55555.6 55555.6
          55555.6 55555.6 55555.6 55555.6 55555.6 55555.6 55555.6 55555.6 55555.6 55555.6 55555.6 55555.6
          55555.6 55555.6 55555.6 55555.6 55555.6 55555.6 55555.6 55555.6 55555.6 55555.6 55555.6 55555.6
          55555.6 55555.6 55555.6 55555.6 55555.6 55555.6 55555.6 55555.6 55555.6 55555.6 55555.6 55555.6
          55555.6 55555.6 55555.6 55555.6 55555.6 55555.6 55555.6 55555.6 55555.6 55555.6 55555.6 55555.6
          55555.6 55555.6 55555.6 55555.6 55555.6 55555.6 55555.6 55555.6 55555.6 55555.6 55555.6 55555.6
          55555.6 55555.6 55555.6 55555.6 55555.6 55555.6 55555.6 55555.6 55555.6 55555.6 55555.6 55555.6
          55555.6 55555.6 55555.6 55555.6 55555.6 55555.6 55555.6 55555.6 55555.6 55555.6 55555.6 55555.6
          55555.6 55555.6 55555.6 55555.6 55555.6 55555.6 55555.6 55555.6 55555.6 55555.6 55555.6 55555.6
          55555.6 55555.6 55555.6 55555.6 55555.6 55555.6 55555.6 55555.6 55555.6 55555.6 55555.6 55555.6
          55555.6 55555.6 55555.6 55555.6 55555.6 55555.6 55555.6 55555.6 55555.6 55555.6 55555.6 55555.6
          55555.6 55555.6 55555.6 55555.6 55555.6 55555.6 55555.6 55555.6 55555.6 55555.6 55555.6 55555.6
          55555.6 55555.6 55555.6 55555.6 55555.6 55555.6 55555.6 55555.6 55555.6 55555.6 55555.6 55555.6
          55555.6 55555.6 55555.6 55555.6 55555.6 55555.6 55555.6 55555.6 55555.6 55555.6 55555.6 55555.6
          55555.6 55555.6 55555.6 55555.6 55555.6 55555.6 55555.6 55555.6 55555.6 55555.6 55555.6 55555.6
          55555.6 55555.6 55555.6 55555.6 55555.6 55555.6 55555.6 55555.6 55555.6 55555.6 55555.6 55555.6
          55555.6 55555.6 55555.6 55555.6 55555.6 55555.6 55555.6 55555.6 55555.6 55555.6 55555.6 55555.6
          55555.6 55555.6 55555.6 55555.6 55555.6 55555.6 55555.6 55555.6 55555.6 55555.6 55555.6 55555.6
          55555.6 55555.6 55555.6 55555.6 55555.6 55555.6 55555.6 55555.6 55555.6 55555.6 55555.6 55555.6
          55555.6 55555.6 55555.6 55555.6 55555.6 55555.6 55555.6 55555.6 55555.6 55555.6 55555.6 55555.6
          55555.6 55555.6 55555.6 55555.6 55555.6 55555.6 55555.6 55555.6 55555.6 55555.6 55555.6 55555.6
          55555.6 55555.6 55555.6 55555.6 55555.6 55555.6 55555.6 55555.6 55555.6 55555.6 55555.6 55555.6
          55555.6 55555.6 55555.6 55555.6 55555.6 55555.6 55555.6 55555.6 55555.6 55555.6 55555.6 55555.6
          55555.6 55555.6 55555.6 55555.6 55555.6 55555.6 55555.6 55555.6 55555.6 55555.6 55555.6 55555.6
          55555.6 55555.6 55555.6 55555.6 55555.6 55555.6 55555.6 55555.6 55555.6 55555.6 55555.6 55555.6
          55555.6 55555.6 55555.6 55555.6 55555.6 55555.6 55555.6 55555.6 55555.6 55555.6 55555.6 55555.6
          55555.6 55555.6 55555.6 55555.6 55555.6 55555.6 55555.6 55555.6 55555.6 55555.6 55555.6 55555.6
          55555.6 55555.6 55555.6 55555.6 55555.6 55555.6 55555.6 55555.6 55555.6 55555.6 55555.6 55555.6
          55555.6 55555.6 55555.6 55555.6 55555.6 55555.6 55555.6 55555.6 55555.6 55555.6 55555.6 55555.6
          55555.6 55555.6 55555.6 55555.6 55555.6 55555.6 55555.6 55555.6 55555.6 55555.6 55555.6 55555.6
          55555.6 55555.6 55555.6 55555.6 55555.6 55555.6 55555.6 55555.6 55555.6 55555.6 55555.6 55555.6
          55555.6 55555.6 55555.6 55555.6 55555.6 55555.6 55555.6 55555.6 55555.6 55555.6 55555.6 55555.6
          55555.6 55555.6 55555.6 55555.6 55555.6 55555.6 55555.6 55555.6 55555.6 55555.6 55555.6 55555.6
          55555.6 55555.6 55555.6 55555.6 55555.6 55555.6 55555.6 55555.6 55555.6 55555.6 55555.6 55555.6
          55555.6 55555.6 55555.6 55555.6 55555.6 55555.6 55555.6 55555.6 55555.6 55555.6 55555.6 55555.6
          55555.6 55555.6 55555.6 55555.6 55555.6 55555.6 55555.6 55555.6 55555.6 55555.6 55555.6 55555.6
          55555.6 55555.6 55555.6 55555.6 55555.6 55555.6 55555.6 55555.6 55555.6 55555.6 55555.6 55555.6
          55555.6 55555.6 55555.6 55555.6 55555.6 55555.6 55555.6 55555.6 55555.6 55555.6 55555.6 55555.6
          55555.6 55555.6 55555.6 55555.6 55555.6 55555.6 55555.6 55555.6 55555.6 55555.6 55555.6 55555.6
          55555.6 55555.6 55555.6 55555.6 55555.6 55555.6 55555.6 55555.6 55555.6 55555.6 55555.6 55555.6
          55555.6 55555.6 55555.6 55555.6 55555.6 55555.6 55555.6 55555.6 55555.6 55555.6 55555.6 55555.6
          55555.6 55555.6 55555.6 55555.6 55555.6 55555.6 55555.6 55555.6 55555.6 55555.6 55555.6 55555.6
          55555.6 55555.6 55555.6 55555.6 55555.6 55555.6 55555.6 55555.6 55555.6 55555.6 55555.6 55555.6
          55555.6 55555.6 55555.6 55555.6 55555.6 55555.6 55555.6 55555.6 55555.6 55555.6 55555.6 55555.6
          55555.6 55555.6 55555.6 55555.6 55555.6 55555.6 55555.6 55555.6 55555.6 55555.6 55555.6 55555.6
          55555.6 55555.6 55555.6 55555.6 55555.6 55555.6 55555.6 55555.6 55555.6 55555.6 55555.6 55555.6
          55555.6 55555.6 55555.6 55555.6 55555.6 55555.6 55555.6 55555.6 55555.6 55555.6 55555.6 55555.6
          55555.6 55555.6 55555.6 55555.6 55555.6 55555.6 55555.6 55555.6 55555.6 55555.6 55555.6 55555.6
          55555.6 55555.6 55555.6 55555.6 55555.6 55555.6 55555.6 55555.6 55555.6 55555.6 55555.6 55555.6
          55555.6 55555.6 55555.6 55555.6 55555.6 55555.6 55555.6 55555.6 55555.6 55555.6 55555.6 55555.6
          55555.6 55555.6 55555.6 55555.6 55555.6 55555.6 55555.6 55555.6 55555.6 55555.6 55555.6 55555.6
          55555.6 55555.6 55555.6 55555.6 55555.6 55555.6 55555.6 55555.6 55555.6 55555.6 55555.6 55555.6
          55555.6 55555.6 55555.6 55555.6 55555.6 55555.6 55555.6 55555.6 55555.6 55555.6 55555.6 55555.6
          55555.6 55555.6 55555.6 55555.6 55555.6 55555.6 55555.6 55555.6 55555.6 55555.6 55555.6 55555.6
          55555.6 55555.6 55555.6 55555.6 55555.6 55555.6 55555.6 55555.6 55555.6 55555.6 55555.6 55555.6
          55555.6 55555.6 55555.6 55555.6 55555.6 55555.6 55555.6 55555.6 55555.6 55555.6 55555.6 55555.6
          55555.6 55555.6 55555.6 55555.6 55555.6 55555.6 55555.6 55555.6 55555.6 55555.6 55555.6 55555.6
          55555.6 55555.6 55555.6 55555.6 55555.6 55555.6 55555.6 55555.6 55555.6 55555.6 55555.6 55555.6
          55555.6 55555.6 55555.6 55555.6 55555.6 55555.6 55555.6 55555.6 55555.6 55555.6 55555.6 55555.6
          55555.6 55555.6 55555.6 55555.6 55555.6 55555.6 55555.6 55555.6 55555.6 55555.6 55555.6 55555.6
          55555.6 55555.6 55555.6 55555.6 55555.6 55555.6 55555.6 55555.6 55555.6 55555.6 55555.6 55555.6
          55555.6 55555.6 55555.6 55555.6 55555.6 55555.6 55555.6 55555.6 55555.6 55555.6 55555.6 55555.6
          55555.6 55555.6 55555.6 55555.6 55555.6 55555.6 55555.6 55555.6 55555.6 55555.6 55555.6 55555.6
          55555.6 55555.6 55555.6 55555.6 55555.6 55555.6 55555.6 55555.6 55555.6 55555.6 55555.6 55555.6
          55555.6 55555.6 55555.6 55555.6 55555.6 55555.6 55555.6 55555.6 55555.6 55555.6 55555.6 55555.6
          55555.6 55555.6 55555.6 55555.6 55555.6 55555.6 55555.6 55555.6 55555.6 55555.6 55555.6 55555.6
          55555.6 55555.6 55555.6 55555.6 55555.6 55555.6 55555.6 55555.6 55555.6 55555.6 55555.6 55555.6
          55555.6 55555.6 55555.6 55555.6 55555.6 55555.6 55555.6 55555.6 55555.6 55555.6 55555.6 55555.6
          55555.6 55555.6 55555.6 55555.6 55555.6 55555.6 55555.6 55555.6 55555.6 55555.6 55555.6 55555.6
          55555.6 55555.6 55555.6 55555.6 55555.6 55555.6 55555.6 55555.6 55555.6 55555.6 55555.6 55555.6
          55555.6 55555.6 55555.6 55555.6 55555.6 55555.6 55555.6 55555.6 55555.6 55555.6 55555.6 55555.6
          55555.6 55555.6 55555.6 55555.6 55555.6 55555.6 55555.6 55555.6 55555.6 55555.6 55555.6 55555.6
          55555.6 55555.6 55555.6 55555.6 55555.6 55555.6 55555.6 55555.6 55555.6 55555.6 55555.6 55555.6
          55555.6 55555.6 55555.6 55555.6 55555.6 55555.6 55555.6 55555.6 55555.6 55555.6 55555.6 55555.6
          55555.6 55555.6 55555.6 55555.6 55555.6 55555.6 55555.6 55555.6 55555.6 55555.6 55555.6 55555.6
          55555.6 55555.6 55555.6 55555.6 55555.6 55555.6 55555.6 55555.6 55555.6 55555.6 55555.6 55555.6
          55555.6 55555.6 55555.6 55555.6 55555.6 55555.6 55555.6 55555.6 55555.6 55555.6 55555.6 55555.6
          55555.6 55555.6 55555.6 55555.6 55555.6 55555.6 55555.6 55555.6 55555.6 55555.6 55555.6 55555.6
          55555.6 55555.6 55555.6 55555.6 55555.6 55555.6 55555.6 55555.6 55555.6 55555.6 55555.6 55555.6
          55555.6 55555.6 55555.6 55555.6 55555.6 55555.6 55555.6 55555.6 55555.6 55555.6 55555.6 55555.6
          55555.6 55555.6 55555.6 55555.6 55555.6 55555.6 55555.6 55555.6 55555.6 55555.6 55555.6 55555.6
          55555.6 55555.6 55555.6 55555.6 55555.6 55555.6 55555.6 55555.6 55555.6 55555.6 55555.6 55555.6
          55555.6 55555.6 55555.6 55555.6 55555.6 55555.6 55555.6 55555.6 55555.6 55555.6 55555.6 55555.6
          55555.6 55555.6 55555.6 55555.6 55555.6 55555.6 55555.6 55555.6 55555.6 55555.6 55555.6 55555.6
          55555.6 55555.6 55555.6 55555.6 55555.6 55555.6 55555.6 55555.6 55555.6 55555.6 55555.6 55555.6
          55555.6 55555.6 55555.6 55555.6 55555.6 55555.6 55555.6 55555.6 55555.6 55555.6 55555.6 55555.6
          55555.6 55555.6 55555.6 55555.6 55555.6 55555.6 55555.6 55555.6 55555.6 55555.6 55555.6 55555.6
          55555.6 55555.6 55555.6 55555.6 55555.6 55555.6 55555.6 55555.6 55555.6 55555.6 55555.6 55555.6
          55555.6 55555.6 55555.6 55555.6 55555.6 55555.6 55555.6 55555.6 55555.6 55555.6 55555.6 55555.6
          55555.6 55555.6 55555.6 55555.6 55555.6 55555.6 55555.6 55555.6 55555.6 55555.6 55555.6 55555.6
          55555.6 55555.6 55555.6 55555.6 55555.6 55555.6 55555.6 55555.6 55555.6 55555.6 55555.6 55555.6
          55555.6 55555.6 55555.6 55555.6 55555.6 55555.6 55555.6 55555.6 55555.6 55555.6 55555.6 55555.6
          55555.6 55555.6 55555.6 55555.6 55555.6 55555.6 55555.6 55555.6 55555.6 55555.6 55555.6 55555.6
          55555.6 55555.6 55555.6 55555.6 55555.6 55555.6 55555.6 55555.6 55555.6 55555.6 55555.6 55555.6
          55555.6 55555.6 55555.6 55555.6 55555.6 55555.6 55555.6 55555.6 55555.6 55555.6 55555.6 55555.6
          55555.6 55555.6 55555.6 55555.6 55555.6 55555.6 55555.6 55555.6 55555.6 55555.6 55555.6 55555.6
          55555.6 55555.6 55555.6 55555.6 55555.6 55555.6 55555.6 55555.6 55555.6 55555.6 55555.6 55555.6
          55555.6 55555.6 55555.6 55555.6 55555.6 55555.6 55555.6 55555.6 55555.6 55555.6 55555.6 55555.6
          55555.6 55555.6 55555.6 55555.6 55555.6 55555.6 55555.6 55555.6 55555.6 55555.6 55555.6 55555.6
          55555.6 55555.6 55555.6 55555.6 55555.6 55555.6 55555.6 55555.6 55555.6 55555.6 55555.6 55555.6
          55555.6 55555.6 55555.6 55555.6 55555.6 55555.6 55555.6 55555.6 55555.6 55555.6 55555.6 55555.6
          55555.6 55555.6 55555.6 55555.6 55555.6 55555.6 55555.6 55555.6 55555.6 55555.6 55555.6 55555.6
          55555.6 55555.6 55555.6 55555.6 55555.6 55555.6 55555.6 55555.6 55555.6 55555.6 55555.6 55555.6
          55555.6 55555.6 55555.6 55555.6 55555.6 55555.6 55555.6 55555.6 55555.6 55555.6 55555.6 55555.6
          55555.6 55555.6 55555.6 55555.6 55555.6 55555.6 55555.6 55555.6 55555.6 55555.6 55555.6 55555.6
          55555.6 55555.6 55555.6 55555.6 55555.6 55555.6 55555.6 55555.6 55555.6 55555.6 55555.6 55555.6
          55555.6 55555.6 55555.6 55555.6 55555.6 55555.6 55555.6 55555.6 55555.6 55555.6 55555.6 55555.6
          55555.6 55555.6 55555.6 55555.6 55555.6 55555.6 55555.6 55555.6 55555.6 55555.6 55555.6 55555.6
          55555.6 55555.6 55555.6 55555.6 55555.6 55555.6 55555.6 55555.6 55555.6 55555.6 55555.6 55555.6
          55555.6 55555.6 55555.6 55555.6 55555.6 55555.6 55555.6 55555.6 55555.6 55555.6 55555.6 55555.6
          55555.6 55555.6 55555.6 55555.6 55555.6 55555.6 55555.6 55555.6 55555.6 55555.6 55555.6 55555.6
          55555.6 55555.6 55555.6 55555.6 55555.6 55555.6 55555.6 55555.6 55555.6 55555.6 55555.6 55555.6
          55555.6 55555.6 55555.6 55555.6 55555.6 55555.6 55555.6 55555.6 55555.6 55555.6 55555.6 55555.6
          55555.6 55555.6 55555.6 55555.6 55555.6 55555.6 55555.6 55555.6 55555.6 55555.6 55555.6 55555.6
          55555.6 55555.6 55555.6 55555.6 55555.6 55555.6 55555.6 55555.6 55555.6 55555.6 55555.6 55555.6
          55555.6 55555.6 55555.6 55555.6 55555.6 55555.6 55555.6 55555.6 55555.6 55555.6 55555.6 55555.6
          55555.6 55555.6 55555.6 55555.6 55555.6 55555.6 55555.6 55555.6 55555.6 55555.6 55555.6 55555.6
          55555.6 55555.6 55555.6 55555.6 55555.6 55555.6 55555.6 55555.6 55555.6 55555.6 55555.6 55555.6
          55555.6 55555.6 55555.6 55555.6 55555.6 55555.6 55555.6 55555.6 55555.6 55555.6 55555.6 55555.6
          55555.6 55555.6 55555.6 55555.6 55555.6 55555.6 55555.6 55555.6 55555.6 55555.6 55555.6 55555.6
          55555.6 55555.6 55555.6 55555.6 55555.6 55555.6 55555.6 55555.6 55555.6 55555.6 55555.6 55555.6
          55555.6 55555.6 55555.6 55555.6 55555.6 55555.6 55555.6 55555.6 55555.6 55555.6 55555.6 55555.6
          55555.6 55555.6 55555.6 55555.6 55555.6 55555.6 55555.6 55555.6 55555.6 55555.6 55555.6 55555.6
          55555.6 55555.6 55555.6 55555.6 55555.6 55555.6 55555.6 55555.6 55555.6 55555.6 55555.6 55555.6
          55555.6 55555.6 55555.6 55555.6 55555.6 55555.6 55555.6 55555.6 55555.6 55555.6 55555.6 55555.6
          55555.6 55555.6 55555.6 55555.6 55555.6 55555.6 55555.6 55555.6 55555.6 55555.6 55555.6 55555.6
          55555.6 55555.6 55555.6 55555.6 55555.6 55555.6 55555.6 55555.6 55555.6 55555.6 55555.6 55555.6
          55555.6 55555.6 55555.6 55555.6 55555.6 55555.6 55555.6 55555.6 55555.6 55555.6 55555.6 55555.6
          55555.6 55555.6 55555.6 55555.6 55555.6 55555.6 55555.6 55555.6 55555.6 55555.6 55555.6 55555.6
          55555.6 55555.6 55555.6 55555.6 55555.6 55555.6 55555.6 55555.6 55555.6 55555.6 55555.6 55555.6
          55555.6 55555.6 55555.6 55555.6 55555.6 55555.6 55555.6 55555.6 55555.6 55555.6 55555.6 55555.6
          55555.6 55555.6 55555.6 55555.6 55555.6 55555.6 55555.6 55555.6 55555.6 55555.6 55555.6 55555.6
          55555.6 55555.6 55555.6 55555.6 55555.6 55555.6 55555.6 55555.6 55555.6 55555.6 55555.6 55555.6
          55555.6 55555.6 55555.6 55555.6 55555.6 55555.6 55555.6 55555.6 55555.6 55555.6 55555.6 55555.6
          55555.6 55555.6 55555.6 55555.6 55555.6 55555.6 55555.6 55555.6 55555.6 55555.6 55555.6 55555.6
          55555.6 55555.6 55555.6 55555.6 55555.6 55555.6 55555.6 55555.6 55555.6 55555.6 55555.6 55555.6
          55555.6 55555.6 55555.6 55555.6 55555.6 55555.6 55555.6 55555.6 55555.6 55555.6 55555.6 55555.6
          55555.6 55555.6 55555.6 55555.6 55555.6 55555.6 55555.6 55555.6 55555.6 55555.6 55555.6 55555.6
          55555.6 55555.6 55555.6 55555.6 55555.6 55555.6 55555.6 55555.6 55555.6 55555.6 55555.6 55555.6
          55555.6 55555.6 55555.6 55555.6 55555.6 55555.6 55555.6 55555.6 55555.6 55555.6 55555.6 55555.6
          55555.6 55555.6 55555.6 55555.6 55555.6 55555.6 55555.6 55555.6 55555.6 55555.6 55555.6 55555.6
          55555.6 55555.6 55555.6 55555.6 55555.6 55555.6 55555.6 55555.6 55555.6 55555.6 55555.6 55555.6
          55555.6 55555.6 55555.6 55555.6 55555.6 55555.6 55555.6 55555.6 55555.6 55555.6 55555.6 55555.6
          55555.6 55555.6 55555.6 55555.6 55555.6 55555.6 55555.6 55555.6 55555.6 55555.6 55555.6 55555.6
          55555.6 55555.6 55555.6 55555.6 55555.6 55555.6 55555.6 55555.6 55555.6 55555.6 55555.6 55555.6
          55555.6 55555.6 55555.6 55555.6 55555.6 55555.6 55555.6 55555.6 55555.6 55555.6 55555.6 55555.6
          55555.6 55555.6 55555.6 55555.6 55555.6 55555.6 55555.6 55555.6 55555.6 55555.6 55555.6 55555.6
          55555.6 55555.6 55555.6 55555.6 55555.6 55555.6 55555.6 55555.6 55555.6 55555.6 55555.6 55555.6
          55555.6 55555.6 55555.6 55555.6 55555.6 55555.6 55555.6 55555.6 55555.6 55555.6 55555.6 55555.6
          55555.6 55555.6 55555.6 55555.6 55555.6 55555.6 55555.6 55555.6 55555.6 55555.6 55555.6 55555.6
          55555.6 55555.6 55555.6 55555.6 55555.6 55555.6 55555.6 55555.6 55555.6 55555.6 55555.6 55555.6
          55555.6 55555.6 55555.6 55555.6 55555.6 55555.6 55555.6 55555.6 55555.6 55555.6 55555.6 55555.6
          55555.6 55555.6 55555.6 55555.6 55555.6 55555.6 55555.6 55555.6 55555.6 55555.6 55555.6 55555.6
          55555.6 55555.6 55555.6 55555.6 55555.6 55555.6 55555.6 55555.6 55555.6 55555.6 55555.6 55555.6
          55555.6 55555.6 55555.6 55555.6 55555.6 55555.6 55555.6 55555.6 55555.6 55555.6 55555.6 55555.6
          55555.6 55555.6 55555.6 55555.6 55555.6 55555.6 55555.6 55555.6 55555.6 55555.6 55555.6 55555.6
          55555.6 55555.6 55555.6 55555.6 55555.6 55555.6 55555.6 55555.6 55555.6 55555.6 55555.6 55555.6
          55555.6 55555.6 55555.6 55555.6 55555.6 55555.6 55555.6 55555.6 55555.6 55555.6 55555.6 55555.6
          55555.6 55555.6 55555.6 55555.6 55555.6 55555.6 55555.6 55555.6 55555.6 55555.6 55555.6 55555.6
          55555.6 55555.6 55555.6 55555.6 55555.6 55555.6 55555.6 55555.6 55555.6 55555.6 55555.6 55555.6
          55555.6 55555.6 55555.6 55555.6 55555.6 55555.6 55555.6 55555.6 55555.6 55555.6 55555.6 55555.6
          55555.6 55555.6 55555.6 55555.6 55555.6 55555.6 55555.6 55555.6 55555.6 55555.6 55555.6 55555.6
          55555.6 55555.6 55555.6 55555.6 55555.6 55555.6 55555.6 55555.6 55555.6 55555.6 55555.6 55555.6
          55555.6 55555.6 55555.6 55555.6 55555.6 55555.6 55555.6 55555.6 55555.6 55555.6 55555.6 55555.6
          55555.6 55555.6 55555.6 55555.6
        </DataArray>
        <DataArray type="Float32" Name="x^SimpleH2O_gas" NumberOfComponents="1" format="ascii">
          4.76798e-06 4.76606e-06 4.74592e-06 4.744e-06 4.76415e-06 4.7421e-06 4.76225e-06 4.74021e-06 4.76035e-06 4.73833e-06 4.75847e-06 4.73645e-06
          4.75659e-06 4.73458e-06 4.75472e-06 4.73272e-06 4.75286e-06 4.73087e-06 4.75101e-06 4.72903e-06 4.74917e-06 4.7272e-06 4.74734e-06 4.72537e-06
          4.74551e-06 4.72356e-06 4.7437e-06 4.72175e-06 4.74189e-06 4.71995e-06 4.74009e-06 4.71816e-06 4.7383e-06 4.71637e-06 4.73651e-06 4.7146e-06
          4.73473e-06 4.71283e-06 4.73297e-06 4.71107e-06 4.7312e-06 4.70932e-06 4.72945e-06 4.70757e-06 4.72771e-06 4.70584e-06 4.72597e-06 4.70411e-06
          4.72424e-06 4.70238e-06 4.72252e-06 4.70067e-06 4.7208e-06 4.69896e-06 4.71909e-06 4.69726e-06 4.71739e-06 4.69557e-06 4.7157e-06 4.69389e-06
          4.71401e-06 4.69221e-06 4.71233e-06 4.69054e-06 4.71066e-06 4.68887e-06 4.709e-06 4.68722e-06 4.70734e-06 4.68557e-06 4.70569e-06 4.68392e-06
          4.70405e-06 4.68229e-06 4.70241e-06 4.68066e-06 4.70078e-06 4.67904e-06 4.69916e-06 4.67742e-06 4.69754e-06 4.67581e-06 4.69593e-06 4.67421e-06
          4.69433e-06 4.67262e-06 4.69273e-06 4.67103e-06 4.69114e-06 4.66944e-06 4.68956e-06 4.66787e-06 4.68798e-06 4.6663e-06 4.68641e-06 4.66474e-06
          4.68484e-06 4.66318e-06 4.68329e-06 4.66163e-06 4.68173e-06 4.66008e-06 4.68019e-06 4.65854e-06 4.67865e-06 4.65701e-06 4.67712e-06 4.65549e-06
          4.67559e-06 4.65397e-06 4.67407e-06 4.65245e-06 4.67255e-06 4.65094e-06 4.67104e-06 4.64944e-06 4.66954e-06 4.64794e-06 4.66804e-06 4.64645e-06
          4.66655e-06 4.64497e-06 4.66506e-06 4.64349e-06 4.66358e-06 4.64202e-06 4.66211e-06 4.64055e-06 4.66064e-06 4.63909e-06 4.65918e-06 4.63763e-06
          4.65772e-06 4.63618e-06 4.65627e-06 4.63474e-06 4.65482e-06 4.6333e-06 4.65338e-06 4.63187e-06 4.65195e-06 4.63044e-06 4.65052e-06 4.62902e-06
          4.6491e-06 4.6276e-06 4.64768e-06 4.62619e-06 4.64627e-06 4.62478e-06 4.64486e-06 4.62338e-06 4.72396e-06 4.72206e-06 4.72016e-06 4.71828e-06
          4.7164e-06 4.71454e-06 4.71268e-06 4.71083e-06 4.70899e-06 4.70716e-06 4.70533e-06 4.70352e-06 4.70171e-06 4.69991e-06 4.69812e-06 4.69633e-06
          4.69456e-06 4.69279e-06 4.69103e-06 4.68928e-06 4.68753e-06 4.6858e-06 4.68407e-06 4.68235e-06 4.68063e-06 4.67893e-06 4.67723e-06 4.67554e-06
          4.67385e-06 4.67218e-06 4.67051e-06 4.66884e-06 4.66719e-06 4.66554e-06 4.6639e-06 4.66226e-06 4.66063e-06 4.65901e-06 4.6574e-06 4.65579e-06
          4.65419e-06 4.6526e-06 4.65101e-06 4.64943e-06 4.64785e-06 4.64628e-06 4.64472e-06 4.64316e-06 4.64161e-06 4.64007e-06 4.63853e-06 4.637e-06
          4.63548e-06 4.63396e-06 4.63245e-06 4.63094e-06 4.62944e-06 4.62794e-06 4.62645e-06 4.62497e-06 4.62349e-06 4.62202e-06 4.62056e-06 4.6191e-06
          4.61764e-06 4.61619e-06 4.61475e-06 4.61331e-06 4.61188e-06 4.61045e-06 4.60903e-06 4.60761e-06 4.6062e-06 4.6048e-06 4.6034e-06 4.60201e-06
          4.70211e-06 4.70022e-06 4.69833e-06 4.69646e-06 4.69459e-06 4.69273e-06 4.69088e-06 4.68904e-06 4.68721e-06 4.68538e-06 4.68357e-06 4.68176e-06
          4.67996e-06 4.67817e-06 4.67639e-06 4.67461e-06 4.67285e-06 4.67109e-06 4.66933e-06 4.66759e-06 4.66586e-06 4.66413e-06 4.66241e-06 4.66069e-06
          4.65899e-06 4.65729e-06 4.6556e-06 4.65392e-06 4.65224e-06 4.65057e-06 4.64891e-06 4.64725e-06 4.64561e-06 4.64396e-06 4.64233e-06 4.6407e-06
          4.63908e-06 4.63747e-06 4.63586e-06 4.63426e-06 4.63267e-06 4.63108e-06 4.6295e-06 4.62793e-06 4.62636e-06 4.6248e-06 4.62325e-06 4.6217e-06
          4.62015e-06 4.61862e-06 4.61709e-06 4.61557e-06 4.61405e-06 4.61254e-06 4.61103e-06 4.60953e-06 4.60804e-06 4.60655e-06 4.60507e-06 4.60359e-06
          4.60212e-06 4.60065e-06 4.5992e-06 4.59774e-06 4.59629e-06 4.59485e-06 4.59342e-06 4.59198e-06 4.59056e-06 4.58914e-06 4.58772e-06 4.58631e-06
          4.58491e-06 4.58351e-06 4.58212e-06 4.58073e-06 4.68036e-06 4.67848e-06 4.6766e-06 4.67474e-06 4.67288e-06 4.67103e-06 4.66919e-06 4.66736e-06
          4.66553e-06 4.66372e-06 4.66191e-06 4.66011e-06 4.65832e-06 4.65654e-06 4.65476e-06 4.653e-06 4.65124e-06 4.64949e-06 4.64774e-06 4.64601e-06
          4.64428e-06 4.64256e-06 4.64085e-06 4.63914e-06 4.63745e-06 4.63576e-06 4.63407e-06 4.6324e-06 4.63073e-06 4.62907e-06 4.62741e-06 4.62577e-06
          4.62413e-06 4.62249e-06 4.62087e-06 4.61925e-06 4.61764e-06 4.61603e-06 4.61443e-06 4.61284e-06 4.61125e-06 4.60967e-06 4.6081e-06 4.60653e-06
          4.60497e-06 4.60342e-06 4.60187e-06 4.60033e-06 4.5988e-06 4.59727e-06 4.59575e-06 4.59423e-06 4.59272e-06 4.59121e-06 4.58972e-06 4.58822e-06
          4.58674e-06 4.58526e-06 4.58378e-06 4.58231e-06 4.58085e-06 4.57939e-06 4.57794e-06 4.57649e-06 4.57505e-06 4.57361e-06 4.57218e-06 4.57076e-06
          4.56934e-06 4.56793e-06 4.56652e-06 4.56511e-06 4.56372e-06 4.56232e-06 4.56094e-06 4.55955e-06 4.65872e-06 4.65685e-06 4.65498e-06 4.65312e-06
          4.65127e-06 4.64943e-06 4.6476e-06 4.64578e-06 4.64396e-06 4.64215e-06 4.64036e-06 4.63857e-06 4.63678e-06 4.63501e-06 4.63324e-06 4.63148e-06
          4.62973e-06 4.62799e-06 4.62626e-06 4.62453e-06 4.62281e-06 4.6211e-06 4.61939e-06 4.6177e-06 4.61601e-06 4.61433e-06 4.61265e-06 4.61098e-06
          4.60932e-06 4.60767e-06 4.60602e-06 4.60438e-06 4.60275e-06 4.60113e-06 4.59951e-06 4.5979e-06 4.59629e-06 4.59469e-06 4.5931e-06 4.59152e-06
          4.58994e-06 4.58837e-06 4.5868e-06 4.58524e-06 4.58369e-06 4.58214e-06 4.5806e-06 4.57907e-06 4.57754e-06 4.57602e-06 4.5745e-06 4.573e-06
          4.57149e-06 4.56999e-06 4.5685e-06 4.56702e-06 4.56554e-06 4.56406e-06 4.5626e-06 4.56113e-06 4.55968e-06 4.55823e-06 4.55678e-06 4.55534e-06
          4.55391e-06 4.55248e-06 4.55105e-06 4.54963e-06 4.54822e-06 4.54682e-06 4.54541e-06 4.54402e-06 4.54262e-06 4.54124e-06 4.53986e-06 4.53848e-06
          4.63719e-06 4.63532e-06 4.63346e-06 4.63161e-06 4.62977e-06 4.62794e-06 4.62612e-06 4.6243e-06 4.62249e-06 4.6207e-06 4.6189e-06 4.61712e-06
          4.61535e-06 4.61358e-06 4.61182e-06 4.61007e-06 4.60833e-06 4.6066e-06 4.60487e-06 4.60315e-06 4.60144e-06 4.59974e-06 4.59804e-06 4.59635e-06
          4.59467e-06 4.593e-06 4.59133e-06 4.58967e-06 4.58802e-06 4.58637e-06 4.58473e-06 4.5831e-06 4.58148e-06 4.57986e-06 4.57825e-06 4.57665e-06
          4.57505e-06 4.57346e-06 4.57187e-06 4.5703e-06 4.56873e-06 4.56716e-06 4.5656e-06 4.56405e-06 4.56251e-06 4.56097e-06 4.55943e-06 4.55791e-06
          4.55639e-06 4.55487e-06 4.55336e-06 4.55186e-06 4.55037e-06 4.54888e-06 4.54739e-06 4.54591e-06 4.54444e-06 4.54297e-06 4.54151e-06 4.54006e-06
          4.53861e-06 4.53716e-06 4.53572e-06 4.53429e-06 4.53286e-06 4.53144e-06 4.53002e-06 4.52861e-06 4.5272e-06 4.5258e-06 4.52441e-06 4.52302e-06
          4.52163e-06 4.52025e-06 4.51888e-06 4.51751e-06 4.61575e-06 4.6139e-06 4.61205e-06 4.61021e-06 4.60837e-06 4.60655e-06 4.60473e-06 4.60293e-06
          4.60113e-06 4.59934e-06 4.59756e-06 4.59578e-06 4.59402e-06 4.59226e-06 4.59051e-06 4.58877e-06 4.58703e-06 4.58531e-06 4.58359e-06 4.58188e-06
          4.58018e-06 4.57848e-06 4.57679e-06 4.57511e-06 4.57344e-06 4.57177e-06 4.57011e-06 4.56846e-06 4.56681e-06 4.56518e-06 4.56355e-06 4.56192e-06
          4.56031e-06 4.5587e-06 4.55709e-06 4.5555e-06 4.55391e-06 4.55232e-06 4.55075e-06 4.54918e-06 4.54761e-06 4.54606e-06 4.54451e-06 4.54296e-06
          4.54142e-06 4.53989e-06 4.53837e-06 4.53685e-06 4.53533e-06 4.53383e-06 4.53233e-06 4.53083e-06 4.52934e-06 4.52786e-06 4.52638e-06 4.52491e-06
          4.52344e-06 4.52198e-06 4.52053e-06 4.51908e-06 4.51764e-06 4.5162e-06 4.51477e-06 4.51334e-06 4.51192e-06 4.5105e-06 4.50909e-06 4.50769e-06
          4.50629e-06 4.50489e-06 4.5035e-06 4.50212e-06 4.50074e-06 4.49937e-06 4.498e-06 4.49664e-06 4.59443e-06 4.59258e-06 4.59073e-06 4.5889e-06
          4.58708e-06 4.58526e-06 4.58346e-06 4.58166e-06 4.57987e-06 4.57809e-06 4.57631e-06 4.57455e-06 4.57279e-06 4.57104e-06 4.5693e-06 4.56756e-06
          4.56584e-06 4.56412e-06 4.56241e-06 4.56071e-06 4.55901e-06 4.55732e-06 4.55564e-06 4.55397e-06 4.5523e-06 4.55065e-06 4.54899e-06 4.54735e-06
          4.54571e-06 4.54408e-06 4.54246e-06 4.54084e-06 4.53923e-06 4.53763e-06 4.53604e-06 4.53445e-06 4.53287e-06 4.53129e-06 4.52972e-06 4.52816e-06
          4.5266e-06 4.52505e-06 4.52351e-06 4.52197e-06 4.52044e-06 4.51892e-06 4.5174e-06 4.51589e-06 4.51438e-06 4.51288e-06 4.51139e-06 4.5099e-06
          4.50842e-06 4.50694e-06 4.50547e-06 4.504e-06 4.50255e-06 4.50109e-06 4.49964e-06 4.4982e-06 4.49677e-06 4.49534e-06 4.49391e-06 4.49249e-06
          4.49108e-06 4.48967e-06 4.48826e-06 4.48686e-06 4.48547e-06 4.48408e-06 4.4827e-06 4.48132e-06 4.47995e-06 4.47858e-06 4.47722e-06 4.47586e-06
          4.5732e-06 4.57136e-06 4.56952e-06 4.5677e-06 4.56588e-06 4.56408e-06 4.56228e-06 4.56049e-06 4.55871e-06 4.55693e-06 4.55517e-06 4.55341e-06
          4.55166e-06 4.54992e-06 4.54819e-06 4.54646e-06 4.54474e-06 4.54303e-06 4.54133e-06 4.53964e-06 4.53795e-06 4.53627e-06 4.5346e-06 4.53293e-06
          4.53127e-06 4.52962e-06 4.52798e-06 4.52634e-06 4.52471e-06 4.52309e-06 4.52148e-06 4.51987e-06 4.51827e-06 4.51667e-06 4.51508e-06 4.5135e-06
          4.51193e-06 4.51036e-06 4.5088e-06 4.50724e-06 4.50569e-06 4.50415e-06 4.50261e-06 4.50108e-06 4.49956e-06 4.49804e-06 4.49653e-06 4.49503e-06
          4.49353e-06 4.49203e-06 4.49055e-06 4.48907e-06 4.48759e-06 4.48612e-06 4.48466e-06 4.4832e-06 4.48175e-06 4.4803e-06 4.47886e-06 4.47743e-06
          4.476e-06 4.47457e-06 4.47315e-06 4.47174e-06 4.47033e-06 4.46893e-06 4.46753e-06 4.46614e-06 4.46475e-06 4.46337e-06 4.46199e-06 4.46062e-06
          4.45926e-06 4.4579e-06 4.45654e-06 4.45519e-06 4.55207e-06 4.55024e-06 4.54842e-06 4.5466e-06 4.54479e-06 4.54299e-06 4.5412e-06 4.53942e-06
          4.53765e-06 4.53588e-06 4.53413e-06 4.53238e-06 4.53063e-06 4.5289e-06 4.52718e-06 4.52546e-06 4.52375e-06 4.52205e-06 4.52035e-06 4.51866e-06
          4.51699e-06 4.51531e-06 4.51365e-06 4.51199e-06 4.51034e-06 4.5087e-06 4.50706e-06 4.50543e-06 4.50381e-06 4.5022e-06 4.50059e-06 4.49899e-06
          4.49739e-06 4.49581e-06 4.49423e-06 4.49265e-06 4.49109e-06 4.48952e-06 4.48797e-06 4.48642e-06 4.48488e-06 4.48335e-06 4.48182e-06 4.48029e-06
          4.47878e-06 4.47727e-06 4.47576e-06 4.47427e-06 4.47277e-06 4.47129e-06 4.46981e-06 4.46833e-06 4.46687e-06 4.4654e-06 4.46395e-06 4.46249e-06
          4.46105e-06 4.45961e-06 4.45818e-06 4.45675e-06 4.45532e-06 4.45391e-06 4.45249e-06 4.45109e-06 4.44969e-06 4.44829e-06 4.4469e-06 4.44551e-06
          4.44413e-06 4.44276e-06 4.44139e-06 4.44002e-06 4.43866e-06 4.43731e-06 4.43596e-06 4.43461e-06 4.53105e-06 4.52923e-06 4.52741e-06 4.5256e-06
          4.5238e-06 4.52201e-06 4.52023e-06 4.51846e-06 4.51669e-06 4.51493e-06 4.51318e-06 4.51144e-06 4.50971e-06 4.50798e-06 4.50627e-06 4.50456e-06
          4.50286e-06 4.50116e-06 4.49947e-06 4.49779e-06 4.49612e-06 4.49446e-06 4.4928e-06 4.49115e-06 4.48951e-06 4.48787e-06 4.48625e-06 4.48463e-06
          4.48301e-06 4.4814e-06 4.4798e-06 4.47821e-06 4.47662e-06 4.47504e-06 4.47347e-06 4.4719e-06 4.47034e-06 4.46879e-06 4.46724e-06 4.4657e-06
          4.46417e-06 4.46264e-06 4.46112e-06 4.4596e-06 4.4581e-06 4.45659e-06 4.4551e-06 4.4536e-06 4.45212e-06 4.45064e-06 4.44917e-06 4.4477e-06
          4.44624e-06 4.44478e-06 4.44333e-06 4.44189e-06 4.44045e-06 4.43902e-06 4.43759e-06 4.43617e-06 4.43475e-06 4.43334e-06 4.43193e-06 4.43053e-06
          4.42914e-06 4.42775e-06 4.42637e-06 4.42499e-06 4.42361e-06 4.42224e-06 4.42088e-06 4.41952e-06 4.41817e-06 4.41682e-06 4.41547e-06 4.41414e-06
          4.51013e-06 4.50831e-06 4.5065e-06 4.5047e-06 4.50291e-06 4.50113e-06 4.49936e-06 4.49759e-06 4.49583e-06 4.49408e-06 4.49234e-06 4.49061e-06
          4.48888e-06 4.48717e-06 4.48546e-06 4.48376e-06 4.48206e-06 4.48037e-06 4.4787e-06 4.47702e-06 4.47536e-06 4.4737e-06 4.47206e-06 4.47041e-06
          4.46878e-06 4.46715e-06 4.46553e-06 4.46392e-06 4.46231e-06 4.46071e-06 4.45912e-06 4.45753e-06 4.45595e-06 4.45438e-06 4.45282e-06 4.45126e-06
          4.4497e-06 4.44816e-06 4.44662e-06 4.44508e-06 4.44356e-06 4.44204e-06 4.44052e-06 4.43901e-06 4.43751e-06 4.43602e-06 4.43453e-06 4.43304e-06
          4.43156e-06 4.43009e-06 4.42863e-06 4.42716e-06 4.42571e-06 4.42426e-06 4.42282e-06 4.42138e-06 4.41995e-06 4.41852e-06 4.4171e-06 4.41569e-06
          4.41428e-06 4.41287e-06 4.41147e-06 4.41008e-06 4.40869e-06 4.40731e-06 4.40593e-06 4.40456e-06 4.40319e-06 4.40183e-06 4.40047e-06 4.39912e-06
          4.39777e-06 4.39643e-06 4.39509e-06 4.39376e-06 4.48931e-06 4.4875e-06 4.4857e-06 4.48391e-06 4.48212e-06 4.48035e-06 4.47858e-06 4.47682e-06
          4.47508e-06 4.47333e-06 4.4716e-06 4.46987e-06 4.46816e-06 4.46645e-06 4.46475e-06 4.46305e-06 4.46137e-06 4.45969e-06 4.45802e-06 4.45635e-06
          4.4547e-06 4.45305e-06 4.45141e-06 4.44977e-06 4.44815e-06 4.44653e-06 4.44491e-06 4.44331e-06 4.44171e-06 4.44012e-06 4.43853e-06 4.43695e-06
          4.43538e-06 4.43382e-06 4.43226e-06 4.43071e-06 4.42916e-06 4.42762e-06 4.42609e-06 4.42456e-06 4.42304e-06 4.42153e-06 4.42002e-06 4.41852e-06
          4.41703e-06 4.41554e-06 4.41405e-06 4.41258e-06 4.41111e-06 4.40964e-06 4.40818e-06 4.40673e-06 4.40528e-06 4.40384e-06 4.4024e-06 4.40097e-06
          4.39955e-06 4.39813e-06 4.39671e-06 4.3953e-06 4.3939e-06 4.3925e-06 4.39111e-06 4.38972e-06 4.38834e-06 4.38696e-06 4.38559e-06 4.38422e-06
          4.38286e-06 4.38151e-06 4.38016e-06 4.37881e-06 4.37747e-06 4.37613e-06 4.3748e-06 4.37347e-06 4.46858e-06 4.46678e-06 4.46499e-06 4.46321e-06
          4.46143e-06 4.45967e-06 4.45791e-06 4.45616e-06 4.45442e-06 4.45268e-06 4.45096e-06 4.44924e-06 4.44753e-06 4.44583e-06 4.44414e-06 4.44245e-06
          4.44077e-06 4.4391e-06 4.43744e-06 4.43578e-06 4.43413e-06 4.43249e-06 4.43086e-06 4.42923e-06 4.42761e-06 4.426e-06 4.42439e-06 4.4228e-06
          4.4212e-06 4.41962e-06 4.41804e-06 4.41647e-06 4.41491e-06 4.41335e-06 4.4118e-06 4.41025e-06 4.40871e-06 4.40718e-06 4.40566e-06 4.40414e-06
          4.40263e-06 4.40112e-06 4.39962e-06 4.39813e-06 4.39664e-06 4.39515e-06 4.39368e-06 4.39221e-06 4.39074e-06 4.38929e-06 4.38783e-06 4.38639e-06
          4.38495e-06 4.38351e-06 4.38208e-06 4.38066e-06 4.37924e-06 4.37783e-06 4.37642e-06 4.37502e-06 4.37362e-06 4.37223e-06 4.37084e-06 4.36946e-06
          4.36809e-06 4.36672e-06 4.36535e-06 4.36399e-06 4.36263e-06 4.36128e-06 4.35994e-06 4.3586e-06 4.35726e-06 4.35593e-06 4.35461e-06 4.35329e-06
          4.44796e-06 4.44617e-06 4.44438e-06 4.44261e-06 4.44084e-06 4.43908e-06 4.43733e-06 4.43559e-06 4.43386e-06 4.43213e-06 4.43041e-06 4.4287e-06
          4.427e-06 4.42531e-06 4.42362e-06 4.42194e-06 4.42027e-06 4.41861e-06 4.41695e-06 4.41531e-06 4.41367e-06 4.41203e-06 4.41041e-06 4.40879e-06
          4.40718e-06 4.40557e-06 4.40397e-06 4.40238e-06 4.4008e-06 4.39922e-06 4.39765e-06 4.39609e-06 4.39453e-06 4.39298e-06 4.39144e-06 4.3899e-06
          4.38837e-06 4.38684e-06 4.38532e-06 4.38381e-06 4.38231e-06 4.38081e-06 4.37931e-06 4.37783e-06 4.37635e-06 4.37487e-06 4.3734e-06 4.37194e-06
          4.37048e-06 4.36903e-06 4.36758e-06 4.36614e-06 4.36471e-06 4.36328e-06 4.36186e-06 4.36044e-06 4.35903e-06 4.35762e-06 4.35622e-06 4.35483e-06
          4.35344e-06 4.35205e-06 4.35067e-06 4.3493e-06 4.34793e-06 4.34656e-06 4.3452e-06 4.34385e-06 4.3425e-06 4.34116e-06 4.33982e-06 4.33849e-06
          4.33716e-06 4.33583e-06 4.33451e-06 4.3332e-06 4.42743e-06 4.42565e-06 4.42387e-06 4.42211e-06 4.42035e-06 4.4186e-06 4.41685e-06 4.41512e-06
          4.41339e-06 4.41168e-06 4.40997e-06 4.40827e-06 4.40657e-06 4.40489e-06 4.40321e-06 4.40154e-06 4.39987e-06 4.39822e-06 4.39657e-06 4.39493e-06
          4.3933e-06 4.39167e-06 4.39005e-06 4.38844e-06 4.38684e-06 4.38524e-06 4.38365e-06 4.38207e-06 4.38049e-06 4.37892e-06 4.37736e-06 4.3758e-06
          4.37425e-06 4.37271e-06 4.37117e-06 4.36964e-06 4.36812e-06 4.3666e-06 4.36509e-06 4.36358e-06 4.36208e-06 4.36059e-06 4.35911e-06 4.35763e-06
          4.35615e-06 4.35468e-06 4.35322e-06 4.35177e-06 4.35031e-06 4.34887e-06 4.34743e-06 4.346e-06 4.34457e-06 4.34315e-06 4.34173e-06 4.34032e-06
          4.33892e-06 4.33752e-06 4.33612e-06 4.33473e-06 4.33335e-06 4.33197e-06 4.3306e-06 4.32923e-06 4.32787e-06 4.32651e-06 4.32516e-06 4.32381e-06
          4.32247e-06 4.32113e-06 4.3198e-06 4.31847e-06 4.31715e-06 4.31583e-06 4.31452e-06 4.31321e-06 4.407e-06 4.40523e-06 4.40346e-06 4.4017e-06
          4.39995e-06 4.39821e-06 4.39647e-06 4.39475e-06 4.39303e-06 4.39132e-06 4.38962e-06 4.38792e-06 4.38624e-06 4.38456e-06 4.38289e-06 4.38123e-06
          4.37957e-06 4.37792e-06 4.37628e-06 4.37465e-06 4.37303e-06 4.37141e-06 4.3698e-06 4.36819e-06 4.36659e-06 4.365e-06 4.36342e-06 4.36185e-06
          4.36028e-06 4.35871e-06 4.35716e-06 4.35561e-06 4.35407e-06 4.35253e-06 4.351e-06 4.34948e-06 4.34796e-06 4.34645e-06 4.34495e-06 4.34345e-06
          4.34196e-06 4.34047e-06 4.33899e-06 4.33752e-06 4.33605e-06 4.33459e-06 4.33314e-06 4.33169e-06 4.33024e-06 4.32881e-06 4.32737e-06 4.32595e-06
          4.32453e-06 4.32311e-06 4.3217e-06 4.3203e-06 4.3189e-06 4.31751e-06 4.31612e-06 4.31473e-06 4.31336e-06 4.31199e-06 4.31062e-06 4.30926e-06
          4.3079e-06 4.30655e-06 4.3052e-06 4.30386e-06 4.30253e-06 4.30119e-06 4.29987e-06 4.29855e-06 4.29723e-06 4.29592e-06 4.29461e-06 4.29331e-06
          4.38667e-06 4.38491e-06 4.38315e-06 4.38139e-06 4.37965e-06 4.37792e-06 4.37619e-06 4.37447e-06 4.37276e-06 4.37106e-06 4.36937e-06 4.36768e-06
          4.366e-06 4.36433e-06 4.36267e-06 4.36101e-06 4.35937e-06 4.35773e-06 4.35609e-06 4.35447e-06 4.35285e-06 4.35124e-06 4.34964e-06 4.34804e-06
          4.34645e-06 4.34487e-06 4.34329e-06 4.34172e-06 4.34016e-06 4.33861e-06 4.33706e-06 4.33552e-06 4.33398e-06 4.33245e-06 4.33093e-06 4.32941e-06
          4.3279e-06 4.3264e-06 4.3249e-06 4.32341e-06 4.32193e-06 4.32045e-06 4.31898e-06 4.31751e-06 4.31605e-06 4.3146e-06 4.31315e-06 4.31171e-06
          4.31027e-06 4.30884e-06 4.30741e-06 4.30599e-06 4.30458e-06 4.30317e-06 4.30177e-06 4.30037e-06 4.29898e-06 4.29759e-06 4.29621e-06 4.29483e-06
          4.29346e-06 4.2921e-06 4.29073e-06 4.28938e-06 4.28803e-06 4.28668e-06 4.28534e-06 4.28401e-06 4.28268e-06 4.28135e-06 4.28003e-06 4.27872e-06
          4.27741e-06 4.2761e-06 4.2748e-06 4.27351e-06 4.36644e-06 4.36468e-06 4.36293e-06 4.36118e-06 4.35945e-06 4.35772e-06 4.356e-06 4.35429e-06
          4.35259e-06 4.3509e-06 4.34921e-06 4.34753e-06 4.34586e-06 4.3442e-06 4.34254e-06 4.3409e-06 4.33926e-06 4.33762e-06 4.336e-06 4.33438e-06
          4.33277e-06 4.33117e-06 4.32957e-06 4.32798e-06 4.3264e-06 4.32482e-06 4.32326e-06 4.3217e-06 4.32014e-06 4.31859e-06 4.31705e-06 4.31552e-06
          4.31399e-06 4.31247e-06 4.31095e-06 4.30944e-06 4.30794e-06 4.30645e-06 4.30496e-06 4.30347e-06 4.30199e-06 4.30052e-06 4.29906e-06 4.2976e-06
          4.29614e-06 4.2947e-06 4.29326e-06 4.29182e-06 4.29039e-06 4.28896e-06 4.28755e-06 4.28613e-06 4.28473e-06 4.28332e-06 4.28193e-06 4.28054e-06
          4.27915e-06 4.27777e-06 4.27639e-06 4.27502e-06 4.27366e-06 4.2723e-06 4.27095e-06 4.2696e-06 4.26825e-06 4.26691e-06 4.26558e-06 4.26425e-06
          4.26293e-06 4.26161e-06 4.2603e-06 4.25899e-06 4.25768e-06 4.25638e-06 4.25509e-06 4.2538e-06 4.3463e-06 4.34455e-06 4.3428e-06 4.34107e-06
          4.33934e-06 4.33762e-06 4.33591e-06 4.33421e-06 4.33252e-06 4.33083e-06 4.32915e-06 4.32748e-06 4.32582e-06 4.32416e-06 4.32251e-06 4.32087e-06
          4.31924e-06 4.31762e-06 4.316e-06 4.31439e-06 4.31279e-06 4.31119e-06 4.3096e-06 4.30802e-06 4.30645e-06 4.30488e-06 4.30332e-06 4.30176e-06
          4.30022e-06 4.29868e-06 4.29714e-06 4.29561e-06 4.29409e-06 4.29258e-06 4.29107e-06 4.28957e-06 4.28807e-06 4.28658e-06 4.2851e-06 4.28363e-06
          4.28215e-06 4.28069e-06 4.27923e-06 4.27778e-06 4.27633e-06 4.27489e-06 4.27346e-06 4.27203e-06 4.2706e-06 4.26919e-06 4.26777e-06 4.26637e-06
          4.26497e-06 4.26357e-06 4.26218e-06 4.2608e-06 4.25942e-06 4.25804e-06 4.25667e-06 4.25531e-06 4.25395e-06 4.2526e-06 4.25125e-06 4.24991e-06
          4.24857e-06 4.24724e-06 4.24591e-06 4.24459e-06 4.24327e-06 4.24196e-06 4.24065e-06 4.23935e-06 4.23805e-06 4.23675e-06 4.23547e-06 4.23418e-06
          4.32626e-06 4.32451e-06 4.32278e-06 4.32105e-06 4.31933e-06 4.31762e-06 4.31592e-06 4.31422e-06 4.31254e-06 4.31086e-06 4.30919e-06 4.30752e-06
          4.30587e-06 4.30422e-06 4.30258e-06 4.30095e-06 4.29932e-06 4.29771e-06 4.2961e-06 4.29449e-06 4.2929e-06 4.29131e-06 4.28973e-06 4.28815e-06
          4.28659e-06 4.28503e-06 4.28347e-06 4.28193e-06 4.28039e-06 4.27885e-06 4.27733e-06 4.27581e-06 4.27429e-06 4.27278e-06 4.27128e-06 4.26979e-06
          4.2683e-06 4.26682e-06 4.26534e-06 4.26387e-06 4.26241e-06 4.26095e-06 4.2595e-06 4.25806e-06 4.25661e-06 4.25518e-06 4.25375e-06 4.25233e-06
          4.25091e-06 4.2495e-06 4.2481e-06 4.2467e-06 4.2453e-06 4.24391e-06 4.24253e-06 4.24115e-06 4.23978e-06 4.23841e-06 4.23705e-06 4.23569e-06
          4.23434e-06 4.23299e-06 4.23165e-06 4.23032e-06 4.22898e-06 4.22766e-06 4.22634e-06 4.22502e-06 4.22371e-06 4.2224e-06 4.2211e-06 4.2198e-06
          4.21851e-06 4.21722e-06 4.21594e-06 4.21466e-06 4.30631e-06 4.30457e-06 4.30285e-06 4.30113e-06 4.29941e-06 4.29771e-06 4.29602e-06 4.29433e-06
          4.29265e-06 4.29098e-06 4.28932e-06 4.28766e-06 4.28601e-06 4.28437e-06 4.28274e-06 4.28112e-06 4.2795e-06 4.27789e-06 4.27629e-06 4.27469e-06
          4.2731e-06 4.27152e-06 4.26995e-06 4.26838e-06 4.26682e-06 4.26527e-06 4.26372e-06 4.26218e-06 4.26065e-06 4.25912e-06 4.2576e-06 4.25609e-06
          4.25459e-06 4.25309e-06 4.25159e-06 4.2501e-06 4.24862e-06 4.24715e-06 4.24568e-06 4.24422e-06 4.24276e-06 4.24131e-06 4.23986e-06 4.23842e-06
          4.23699e-06 4.23556e-06 4.23414e-06 4.23273e-06 4.23132e-06 4.22991e-06 4.22851e-06 4.22712e-06 4.22573e-06 4.22435e-06 4.22297e-06 4.2216e-06
          4.22023e-06 4.21887e-06 4.21752e-06 4.21617e-06 4.21482e-06 4.21348e-06 4.21215e-06 4.21081e-06 4.20949e-06 4.20817e-06 4.20685e-06 4.20554e-06
          4.20424e-06 4.20294e-06 4.20164e-06 4.20035e-06 4.19906e-06 4.19778e-06 4.1965e-06 4.19523e-06 4.28646e-06 4.28473e-06 4.28301e-06 4.2813e-06
          4.27959e-06 4.2779e-06 4.27621e-06 4.27453e-06 4.27286e-06 4.2712e-06 4.26954e-06 4.26789e-06 4.26625e-06 4.26462e-06 4.263e-06 4.26138e-06
          4.25977e-06 4.25817e-06 4.25657e-06 4.25498e-06 4.2534e-06 4.25183e-06 4.25026e-06 4.2487e-06 4.24715e-06 4.24561e-06 4.24407e-06 4.24253e-06
          4.24101e-06 4.23949e-06 4.23798e-06 4.23647e-06 4.23497e-06 4.23348e-06 4.23199e-06 4.23051e-06 4.22904e-06 4.22757e-06 4.22611e-06 4.22465e-06
          4.2232e-06 4.22176e-06 4.22032e-06 4.21889e-06 4.21746e-06 4.21604e-06 4.21463e-06 4.21322e-06 4.21181e-06 4.21042e-06 4.20902e-06 4.20764e-06
          4.20625e-06 4.20488e-06 4.20351e-06 4.20214e-06 4.20078e-06 4.19943e-06 4.19808e-06 4.19673e-06 4.19539e-06 4.19406e-06 4.19273e-06 4.19141e-06
          4.19009e-06 4.18877e-06 4.18746e-06 4.18616e-06 4.18486e-06 4.18357e-06 4.18228e-06 4.18099e-06 4.17971e-06 4.17843e-06 4.17716e-06 4.1759e-06
          4.2667e-06 4.26498e-06 4.26326e-06 4.26156e-06 4.25986e-06 4.25818e-06 4.2565e-06 4.25483e-06 4.25316e-06 4.25151e-06 4.24986e-06 4.24822e-06
          4.24659e-06 4.24496e-06 4.24335e-06 4.24174e-06 4.24013e-06 4.23854e-06 4.23695e-06 4.23537e-06 4.2338e-06 4.23223e-06 4.23067e-06 4.22912e-06
          4.22757e-06 4.22604e-06 4.2245e-06 4.22298e-06 4.22146e-06 4.21995e-06 4.21844e-06 4.21694e-06 4.21545e-06 4.21397e-06 4.21249e-06 4.21101e-06
          4.20955e-06 4.20808e-06 4.20663e-06 4.20518e-06 4.20374e-06 4.2023e-06 4.20087e-06 4.19944e-06 4.19802e-06 4.19661e-06 4.1952e-06 4.1938e-06
          4.1924e-06 4.19101e-06 4.18963e-06 4.18824e-06 4.18687e-06 4.1855e-06 4.18414e-06 4.18278e-06 4.18142e-06 4.18008e-06 4.17873e-06 4.17739e-06
          4.17606e-06 4.17473e-06 4.17341e-06 4.17209e-06 4.17078e-06 4.16947e-06 4.16817e-06 4.16687e-06 4.16558e-06 4.16429e-06 4.163e-06 4.16172e-06
          4.16045e-06 4.15918e-06 4.15791e-06 4.15665e-06 4.24703e-06 4.24532e-06 4.24361e-06 4.24192e-06 4.24023e-06 4.23855e-06 4.23688e-06 4.23521e-06
          4.23356e-06 4.23191e-06 4.23027e-06 4.22864e-06 4.22701e-06 4.2254e-06 4.22379e-06 4.22219e-06 4.22059e-06 4.219e-06 4.21742e-06 4.21585e-06
          4.21428e-06 4.21273e-06 4.21117e-06 4.20963e-06 4.20809e-06 4.20656e-06 4.20504e-06 4.20352e-06 4.20201e-06 4.2005e-06 4.199e-06 4.19751e-06
          4.19603e-06 4.19455e-06 4.19307e-06 4.19161e-06 4.19015e-06 4.18869e-06 4.18724e-06 4.1858e-06 4.18437e-06 4.18294e-06 4.18151e-06 4.18009e-06
          4.17868e-06 4.17727e-06 4.17587e-06 4.17447e-06 4.17308e-06 4.1717e-06 4.17032e-06 4.16895e-06 4.16758e-06 4.16622e-06 4.16486e-06 4.1635e-06
          4.16216e-06 4.16082e-06 4.15948e-06 4.15815e-06 4.15682e-06 4.1555e-06 4.15418e-06 4.15287e-06 4.15156e-06 4.15026e-06 4.14896e-06 4.14767e-06
          4.14638e-06 4.1451e-06 4.14382e-06 4.14255e-06 4.14128e-06 4.14001e-06 4.13875e-06 4.1375e-06 4.22746e-06 4.22575e-06 4.22406e-06 4.22237e-06
          4.22069e-06 4.21902e-06 4.21735e-06 4.2157e-06 4.21405e-06 4.21241e-06 4.21078e-06 4.20915e-06 4.20753e-06 4.20592e-06 4.20432e-06 4.20273e-06
          4.20114e-06 4.19956e-06 4.19799e-06 4.19642e-06 4.19486e-06 4.19331e-06 4.19177e-06 4.19023e-06 4.1887e-06 4.18718e-06 4.18566e-06 4.18415e-06
          4.18264e-06 4.18115e-06 4.17965e-06 4.17817e-06 4.17669e-06 4.17522e-06 4.17375e-06 4.17229e-06 4.17084e-06 4.16939e-06 4.16795e-06 4.16652e-06
          4.16509e-06 4.16366e-06 4.16225e-06 4.16083e-06 4.15943e-06 4.15803e-06 4.15663e-06 4.15524e-06 4.15386e-06 4.15248e-06 4.15111e-06 4.14974e-06
          4.14838e-06 4.14702e-06 4.14567e-06 4.14432e-06 4.14298e-06 4.14165e-06 4.14032e-06 4.13899e-06 4.13767e-06 4.13635e-06 4.13504e-06 4.13374e-06
          4.13244e-06 4.13114e-06 4.12985e-06 4.12856e-06 4.12728e-06 4.126e-06 4.12473e-06 4.12346e-06 4.1222e-06 4.12094e-06 4.11969e-06 4.11844e-06
          4.20798e-06 4.20628e-06 4.20459e-06 4.20291e-06 4.20124e-06 4.19957e-06 4.19792e-06 4.19627e-06 4.19463e-06 4.193e-06 4.19137e-06 4.18976e-06
          4.18815e-06 4.18654e-06 4.18495e-06 4.18336e-06 4.18178e-06 4.18021e-06 4.17865e-06 4.17709e-06 4.17554e-06 4.17399e-06 4.17245e-06 4.17092e-06
          4.1694e-06 4.16788e-06 4.16637e-06 4.16487e-06 4.16337e-06 4.16188e-06 4.1604e-06 4.15892e-06 4.15745e-06 4.15598e-06 4.15452e-06 4.15307e-06
          4.15163e-06 4.15018e-06 4.14875e-06 4.14732e-06 4.1459e-06 4.14448e-06 4.14307e-06 4.14167e-06 4.14027e-06 4.13887e-06 4.13748e-06 4.1361e-06
          4.13472e-06 4.13335e-06 4.13199e-06 4.13063e-06 4.12927e-06 4.12792e-06 4.12657e-06 4.12523e-06 4.1239e-06 4.12257e-06 4.12125e-06 4.11993e-06
          4.11861e-06 4.1173e-06 4.116e-06 4.1147e-06 4.1134e-06 4.11211e-06 4.11083e-06 4.10955e-06 4.10827e-06 4.107e-06 4.10573e-06 4.10447e-06
          4.10321e-06 4.10196e-06 4.10071e-06 4.09947e-06 4.18859e-06 4.1869e-06 4.18522e-06 4.18355e-06 4.18188e-06 4.18022e-06 4.17858e-06 4.17694e-06
          4.1753e-06 4.17368e-06 4.17206e-06 4.17045e-06 4.16885e-06 4.16726e-06 4.16567e-06 4.16409e-06 4.16252e-06 4.16095e-06 4.15939e-06 4.15784e-06
          4.1563e-06 4.15476e-06 4.15323e-06 4.15171e-06 4.15019e-06 4.14868e-06 4.14718e-06 4.14568e-06 4.14419e-06 4.14271e-06 4.14123e-06 4.13976e-06
          4.1383e-06 4.13684e-06 4.13539e-06 4.13394e-06 4.1325e-06 4.13107e-06 4.12964e-06 4.12822e-06 4.1268e-06 4.12539e-06 4.12399e-06 4.12259e-06
          4.1212e-06 4.11981e-06 4.11843e-06 4.11705e-06 4.11568e-06 4.11432e-06 4.11296e-06 4.1116e-06 4.11025e-06 4.10891e-06 4.10757e-06 4.10624e-06
          4.10491e-06 4.10358e-06 4.10227e-06 4.10095e-06 4.09964e-06 4.09834e-06 4.09704e-06 4.09575e-06 4.09446e-06 4.09318e-06 4.0919e-06 4.09062e-06
          4.08935e-06 4.08809e-06 4.08683e-06 4.08557e-06 4.08432e-06 4.08307e-06 4.08183e-06 4.08059e-06 4.16929e-06 4.16761e-06 4.16594e-06 4.16427e-06
          4.16261e-06 4.16097e-06 4.15932e-06 4.15769e-06 4.15607e-06 4.15445e-06 4.15284e-06 4.15124e-06 4.14965e-06 4.14806e-06 4.14648e-06 4.14491e-06
          4.14334e-06 4.14178e-06 4.14023e-06 4.13869e-06 4.13715e-06 4.13562e-06 4.1341e-06 4.13259e-06 4.13108e-06 4.12957e-06 4.12808e-06 4.12659e-06
          4.12511e-06 4.12363e-06 4.12216e-06 4.1207e-06 4.11924e-06 4.11779e-06 4.11634e-06 4.1149e-06 4.11347e-06 4.11204e-06 4.11062e-06 4.10921e-06
          4.1078e-06 4.10639e-06 4.105e-06 4.1036e-06 4.10222e-06 4.10084e-06 4.09946e-06 4.09809e-06 4.09673e-06 4.09537e-06 4.09402e-06 4.09267e-06
          4.09133e-06 4.08999e-06 4.08866e-06 4.08733e-06 4.08601e-06 4.08469e-06 4.08338e-06 4.08207e-06 4.08077e-06 4.07947e-06 4.07818e-06 4.07689e-06
          4.07561e-06 4.07433e-06 4.07306e-06 4.07179e-06 4.07052e-06 4.06926e-06 4.06801e-06 4.06676e-06 4.06551e-06 4.06427e-06 4.06303e-06 4.0618e-06
          4.15008e-06 4.14841e-06 4.14674e-06 4.14509e-06 4.14344e-06 4.1418e-06 4.14016e-06 4.13854e-06 4.13692e-06 4.13531e-06 4.13371e-06 4.13212e-06
          4.13053e-06 4.12895e-06 4.12738e-06 4.12582e-06 4.12426e-06 4.12271e-06 4.12116e-06 4.11963e-06 4.1181e-06 4.11658e-06 4.11506e-06 4.11355e-06
          4.11205e-06 4.11056e-06 4.10907e-06 4.10758e-06 4.10611e-06 4.10464e-06 4.10318e-06 4.10172e-06 4.10027e-06 4.09882e-06 4.09739e-06 4.09595e-06
          4.09453e-06 4.09311e-06 4.09169e-06 4.09029e-06 4.08888e-06 4.08749e-06 4.08609e-06 4.08471e-06 4.08333e-06 4.08196e-06 4.08059e-06 4.07922e-06
          4.07787e-06 4.07651e-06 4.07517e-06 4.07383e-06 4.07249e-06 4.07116e-06 4.06983e-06 4.06851e-06 4.06719e-06 4.06588e-06 4.06458e-06 4.06328e-06
          4.06198e-06 4.06069e-06 4.0594e-06 4.05812e-06 4.05685e-06 4.05557e-06 4.05431e-06 4.05304e-06 4.05179e-06 4.05053e-06 4.04928e-06 4.04804e-06
          4.0468e-06 4.04556e-06 4.04433e-06 4.0431e-06
        </DataArray>
        <DataArray type="Float32" Name="x^CH4_gas" NumberOfComponents="1" format="ascii">
          0.994623 0.994705 0.99462 0.994702 0.994787 0.994784 0.994869 0.994866 0.99495 0.994947 0.995031 0.995028
          0.995111 0.995109 0.995192 0.995189 0.995272 0.995269 0.995351 0.995349 0.99543 0.995428 0.995509 0.995507
          0.995588 0.995586 0.995666 0.995664 0.995744 0.995742 0.995822 0.99582 0.995899 0.995897 0.995976 0.995974
          0.996053 0.996051 0.99613 0.996128 0.996206 0.996204 0.996282 0.99628 0.996357 0.996356 0.996432 0.996431
          0.996508 0.996506 0.996582 0.996581 0.996657 0.996656 0.996731 0.99673 0.996805 0.996804 0.996878 0.996877
          0.996952 0.996951 0.997025 0.997024 0.997097 0.997097 0.99717 0.997169 0.997242 0.997242 0.997314 0.997314
          0.997386 0.997386 0.997457 0.997457 0.997529 0.997528 0.997599 0.997599 0.99767 0.99767 0.997741 0.997741
          0.997811 0.997811 0.997881 0.997881 0.99795 0.997951 0.99802 0.99802 0.998089 0.998089 0.998158 0.998158
          0.998226 0.998227 0.998295 0.998295 0.998363 0.998364 0.998431 0.998432 0.998499 0.9985 0.998566 0.998567
          0.998633 0.998634 0.9987 0.998702 0.998767 0.998768 0.998834 0.998835 0.9989 0.998901 0.998966 0.998967
          0.999032 0.999033 0.999098 0.999099 0.999163 0.999165 0.999228 0.99923 0.999293 0.999295 0.999358 0.99936
          0.999422 0.999424 0.999487 0.999489 0.999551 0.999553 0.999614 0.999617 0.999678 0.999681 0.999741 0.999744
          0.999805 0.999807 0.999868 0.999871 0.99993 0.999934 0.999995 0.999995 0.994614 0.994696 0.994778 0.99486
          0.994941 0.995022 0.995103 0.995183 0.995263 0.995343 0.995423 0.995502 0.995581 0.995659 0.995737 0.995815
          0.995893 0.99597 0.996047 0.996123 0.9962 0.996276 0.996352 0.996427 0.996502 0.996577 0.996652 0.996726
          0.9968 0.996874 0.996947 0.997021 0.997093 0.997166 0.997239 0.997311 0.997383 0.997454 0.997526 0.997597
          0.997667 0.997738 0.997808 0.997878 0.997948 0.998018 0.998087 0.998156 0.998225 0.998294 0.998362 0.99843
          0.998498 0.998565 0.998633 0.9987 0.998767 0.998834 0.9989 0.998966 0.999032 0.999098 0.999164 0.999229
          0.999294 0.999359 0.999424 0.999488 0.999553 0.999617 0.999681 0.999744 0.999808 0.999871 0.999935 0.999995
          0.994608 0.99469 0.994772 0.994854 0.994935 0.995017 0.995097 0.995178 0.995258 0.995338 0.995417 0.995497
          0.995575 0.995654 0.995732 0.99581 0.995888 0.995965 0.996042 0.996119 0.996195 0.996272 0.996347 0.996423
          0.996498 0.996573 0.996648 0.996722 0.996796 0.99687 0.996944 0.997017 0.99709 0.997163 0.997235 0.997308
          0.99738 0.997451 0.997523 0.997594 0.997665 0.997735 0.997806 0.997876 0.997946 0.998015 0.998085 0.998154
          0.998223 0.998292 0.99836 0.998428 0.998496 0.998564 0.998631 0.998699 0.998766 0.998832 0.998899 0.998965
          0.999031 0.999097 0.999163 0.999228 0.999294 0.999359 0.999423 0.999488 0.999552 0.999617 0.999681 0.999744
          0.999808 0.999871 0.999935 0.999995 0.994601 0.994684 0.994766 0.994848 0.99493 0.995011 0.995092 0.995172
          0.995253 0.995332 0.995412 0.995491 0.99557 0.995649 0.995727 0.995805 0.995883 0.995961 0.996038 0.996114
          0.996191 0.996267 0.996343 0.996419 0.996494 0.996569 0.996644 0.996719 0.996793 0.996867 0.99694 0.997014
          0.997087 0.99716 0.997232 0.997304 0.997377 0.997448 0.99752 0.997591 0.997662 0.997733 0.997803 0.997873
          0.997943 0.998013 0.998083 0.998152 0.998221 0.99829 0.998358 0.998426 0.998494 0.998562 0.99863 0.998697
          0.998764 0.998831 0.998898 0.998964 0.99903 0.999096 0.999162 0.999228 0.999293 0.999358 0.999423 0.999488
          0.999552 0.999616 0.99968 0.999744 0.999808 0.999872 0.999935 0.999995 0.994595 0.994678 0.99476 0.994842
          0.994924 0.995005 0.995086 0.995167 0.995247 0.995327 0.995407 0.995486 0.995565 0.995644 0.995722 0.995801
          0.995878 0.995956 0.996033 0.99611 0.996187 0.996263 0.996339 0.996415 0.99649 0.996565 0.99664 0.996715
          0.996789 0.996863 0.996937 0.99701 0.997083 0.997156 0.997229 0.997301 0.997374 0.997445 0.997517 0.997588
          0.997659 0.99773 0.997801 0.997871 0.997941 0.998011 0.99808 0.99815 0.998219 0.998288 0.998356 0.998425
          0.998493 0.998561 0.998628 0.998696 0.998763 0.99883 0.998896 0.998963 0.999029 0.999095 0.999161 0.999227
          0.999292 0.999357 0.999422 0.999487 0.999552 0.999616 0.99968 0.999744 0.999808 0.999872 0.999935 0.999995
          0.994589 0.994671 0.994754 0.994836 0.994918 0.994999 0.99508 0.995161 0.995242 0.995322 0.995401 0.995481
          0.99556 0.995639 0.995717 0.995796 0.995874 0.995951 0.996029 0.996106 0.996182 0.996259 0.996335 0.996411
          0.996486 0.996561 0.996636 0.996711 0.996785 0.996859 0.996933 0.997007 0.99708 0.997153 0.997226 0.997298
          0.99737 0.997442 0.997514 0.997585 0.997657 0.997728 0.997798 0.997869 0.997939 0.998009 0.998078 0.998148
          0.998217 0.998286 0.998354 0.998423 0.998491 0.998559 0.998627 0.998694 0.998761 0.998828 0.998895 0.998962
          0.999028 0.999094 0.99916 0.999226 0.999291 0.999357 0.999422 0.999487 0.999551 0.999616 0.99968 0.999744
          0.999808 0.999872 0.999935 0.999995 0.994582 0.994665 0.994748 0.99483 0.994912 0.994993 0.995075 0.995155
          0.995236 0.995316 0.995396 0.995476 0.995555 0.995634 0.995712 0.995791 0.995869 0.995947 0.996024 0.996101
          0.996178 0.996254 0.99633 0.996406 0.996482 0.996557 0.996632 0.996707 0.996782 0.996856 0.99693 0.997003
          0.997077 0.99715 0.997223 0.997295 0.997367 0.997439 0.997511 0.997583 0.997654 0.997725 0.997796 0.997866
          0.997936 0.998006 0.998076 0.998145 0.998215 0.998284 0.998352 0.998421 0.998489 0.998557 0.998625 0.998693
          0.99876 0.998827 0.998894 0.998961 0.999027 0.999093 0.999159 0.999225 0.999291 0.999356 0.999421 0.999486
          0.999551 0.999615 0.99968 0.999744 0.999808 0.999871 0.999935 0.999996 0.994576 0.994659 0.994741 0.994824
          0.994906 0.994987 0.995069 0.99515 0.99523 0.995311 0.995391 0.99547 0.99555 0.995629 0.995707 0.995786
          0.995864 0.995942 0.996019 0.996096 0.996173 0.99625 0.996326 0.996402 0.996478 0.996553 0.996628 0.996703
          0.996778 0.996852 0.996926 0.997 0.997073 0.997146 0.997219 0.997292 0.997364 0.997436 0.997508 0.99758
          0.997651 0.997722 0.997793 0.997864 0.997934 0.998004 0.998074 0.998143 0.998213 0.998282 0.998351 0.998419
          0.998487 0.998556 0.998623 0.998691 0.998759 0.998826 0.998893 0.99896 0.999026 0.999092 0.999158 0.999224
          0.99929 0.999355 0.999421 0.999486 0.99955 0.999615 0.999679 0.999744 0.999808 0.999871 0.999935 0.999996
          0.994569 0.994652 0.994735 0.994818 0.9949 0.994981 0.995063 0.995144 0.995225 0.995305 0.995385 0.995465
          0.995544 0.995624 0.995702 0.995781 0.995859 0.995937 0.996015 0.996092 0.996169 0.996246 0.996322 0.996398
          0.996474 0.996549 0.996625 0.996699 0.996774 0.996848 0.996923 0.996996 0.99707 0.997143 0.997216 0.997289
          0.997361 0.997433 0.997505 0.997577 0.997648 0.99772 0.99779 0.997861 0.997931 0.998002 0.998072 0.998141
          0.998211 0.99828 0.998349 0.998417 0.998486 0.998554 0.998622 0.99869 0.998757 0.998824 0.998892 0.998958
          0.999025 0.999091 0.999157 0.999223 0.999289 0.999355 0.99942 0.999485 0.99955 0.999615 0.999679 0.999743
          0.999807 0.999871 0.999935 0.999996 0.994563 0.994646 0.994729 0.994811 0.994894 0.994975 0.995057 0.995138
          0.995219 0.9953 0.99538 0.99546 0.995539 0.995618 0.995697 0.995776 0.995854 0.995932 0.99601 0.996087
          0.996164 0.996241 0.996318 0.996394 0.99647 0.996545 0.996621 0.996696 0.99677 0.996845 0.996919 0.996993
          0.997066 0.99714 0.997213 0.997286 0.997358 0.99743 0.997502 0.997574 0.997646 0.997717 0.997788 0.997859
          0.997929 0.997999 0.998069 0.998139 0.998208 0.998278 0.998347 0.998415 0.998484 0.998552 0.99862 0.998688
          0.998756 0.998823 0.99889 0.998957 0.999024 0.99909 0.999157 0.999223 0.999288 0.999354 0.999419 0.999485
          0.99955 0.999614 0.999679 0.999743 0.999807 0.999871 0.999935 0.999996 0.994556 0.994639 0.994722 0.994805
          0.994887 0.994969 0.995051 0.995132 0.995213 0.995294 0.995374 0.995454 0.995534 0.995613 0.995692 0.995771
          0.995849 0.995927 0.996005 0.996083 0.99616 0.996237 0.996313 0.99639 0.996466 0.996541 0.996617 0.996692
          0.996767 0.996841 0.996915 0.996989 0.997063 0.997136 0.99721 0.997283 0.997355 0.997427 0.9975 0.997571
          0.997643 0.997714 0.997785 0.997856 0.997927 0.997997 0.998067 0.998137 0.998206 0.998276 0.998345 0.998414
          0.998482 0.998551 0.998619 0.998687 0.998754 0.998822 0.998889 0.998956 0.999023 0.999089 0.999156 0.999222
          0.999288 0.999353 0.999419 0.999484 0.999549 0.999614 0.999678 0.999743 0.999807 0.999871 0.999935 0.999996
          0.99455 0.994633 0.994716 0.994799 0.994881 0.994963 0.995045 0.995127 0.995208 0.995288 0.995369 0.995449
          0.995529 0.995608 0.995687 0.995766 0.995844 0.995923 0.996001 0.996078 0.996155 0.996232 0.996309 0.996385
          0.996461 0.996537 0.996613 0.996688 0.996763 0.996837 0.996912 0.996986 0.99706 0.997133 0.997206 0.997279
          0.997352 0.997424 0.997497 0.997569 0.99764 0.997712 0.997783 0.997854 0.997924 0.997995 0.998065 0.998135
          0.998204 0.998274 0.998343 0.998412 0.99848 0.998549 0.998617 0.998685 0.998753 0.99882 0.998888 0.998955
          0.999022 0.999088 0.999155 0.999221 0.999287 0.999353 0.999418 0.999483 0.999549 0.999613 0.999678 0.999743
          0.999807 0.999871 0.999935 0.999996 0.994543 0.994627 0.99471 0.994793 0.994875 0.994957 0.995039 0.995121
          0.995202 0.995283 0.995363 0.995444 0.995523 0.995603 0.995682 0.995761 0.99584 0.995918 0.995996 0.996073
          0.996151 0.996228 0.996305 0.996381 0.996457 0.996533 0.996609 0.996684 0.996759 0.996834 0.996908 0.996982
          0.997056 0.99713 0.997203 0.997276 0.997349 0.997421 0.997494 0.997566 0.997637 0.997709 0.99778 0.997851
          0.997922 0.997992 0.998062 0.998132 0.998202 0.998272 0.998341 0.99841 0.998479 0.998547 0.998616 0.998684
          0.998751 0.998819 0.998886 0.998954 0.99902 0.999087 0.999154 0.99922 0.999286 0.999352 0.999417 0.999483
          0.999548 0.999613 0.999678 0.999742 0.999807 0.999871 0.999935 0.999996 0.994536 0.99462 0.994703 0.994786
          0.994869 0.994951 0.995033 0.995115 0.995196 0.995277 0.995358 0.995438 0.995518 0.995598 0.995677 0.995756
          0.995835 0.995913 0.995991 0.996069 0.996146 0.996223 0.9963 0.996377 0.996453 0.996529 0.996605 0.99668
          0.996755 0.99683 0.996904 0.996979 0.997053 0.997126 0.9972 0.997273 0.997346 0.997418 0.997491 0.997563
          0.997635 0.997706 0.997777 0.997849 0.997919 0.99799 0.99806 0.99813 0.9982 0.99827 0.998339 0.998408
          0.998477 0.998545 0.998614 0.998682 0.99875 0.998818 0.998885 0.998952 0.999019 0.999086 0.999153 0.999219
          0.999285 0.999351 0.999417 0.999482 0.999547 0.999613 0.999677 0.999742 0.999807 0.999871 0.999935 0.999996
          0.99453 0.994614 0.994697 0.99478 0.994863 0.994945 0.995027 0.995109 0.995191 0.995272 0.995352 0.995433
          0.995513 0.995592 0.995672 0.995751 0.99583 0.995908 0.995986 0.996064 0.996142 0.996219 0.996296 0.996373
          0.996449 0.996525 0.996601 0.996676 0.996751 0.996826 0.996901 0.996975 0.997049 0.997123 0.997196 0.99727
          0.997343 0.997415 0.997488 0.99756 0.997632 0.997703 0.997775 0.997846 0.997917 0.997988 0.998058 0.998128
          0.998198 0.998268 0.998337 0.998406 0.998475 0.998544 0.998612 0.99868 0.998748 0.998816 0.998884 0.998951
          0.999018 0.999085 0.999152 0.999218 0.999284 0.99935 0.999416 0.999482 0.999547 0.999612 0.999677 0.999742
          0.999806 0.999871 0.999935 0.999996 0.994523 0.994607 0.994691 0.994774 0.994857 0.994939 0.995021 0.995103
          0.995185 0.995266 0.995347 0.995427 0.995507 0.995587 0.995667 0.995746 0.995825 0.995903 0.995982 0.99606
          0.996137 0.996215 0.996292 0.996368 0.996445 0.996521 0.996597 0.996672 0.996747 0.996822 0.996897 0.996972
          0.997046 0.99712 0.997193 0.997266 0.997339 0.997412 0.997485 0.997557 0.997629 0.997701 0.997772 0.997843
          0.997914 0.997985 0.998056 0.998126 0.998196 0.998266 0.998335 0.998404 0.998473 0.998542 0.998611 0.998679
          0.998747 0.998815 0.998882 0.99895 0.999017 0.999084 0.999151 0.999217 0.999283 0.99935 0.999415 0.999481
          0.999546 0.999612 0.999677 0.999741 0.999806 0.99987 0.999935 0.999996 0.994516 0.994601 0.994684 0.994768
          0.994851 0.994933 0.995016 0.995097 0.995179 0.99526 0.995341 0.995422 0.995502 0.995582 0.995662 0.995741
          0.99582 0.995899 0.995977 0.996055 0.996133 0.99621 0.996287 0.996364 0.99644 0.996517 0.996593 0.996668
          0.996744 0.996819 0.996893 0.996968 0.997042 0.997116 0.99719 0.997263 0.997336 0.997409 0.997482 0.997554
          0.997626 0.997698 0.99777 0.997841 0.997912 0.997983 0.998053 0.998124 0.998194 0.998263 0.998333 0.998402
          0.998471 0.99854 0.998609 0.998677 0.998745 0.998813 0.998881 0.998949 0.999016 0.999083 0.99915 0.999216
          0.999283 0.999349 0.999415 0.99948 0.999546 0.999611 0.999676 0.999741 0.999806 0.99987 0.999935 0.999996
          0.99451 0.994594 0.994678 0.994761 0.994844 0.994927 0.99501 0.995092 0.995173 0.995255 0.995336 0.995416
          0.995497 0.995577 0.995656 0.995736 0.995815 0.995894 0.995972 0.99605 0.996128 0.996206 0.996283 0.99636
          0.996436 0.996513 0.996589 0.996664 0.99674 0.996815 0.99689 0.996964 0.997039 0.997113 0.997186 0.99726
          0.997333 0.997406 0.997479 0.997551 0.997623 0.997695 0.997767 0.997838 0.997909 0.99798 0.998051 0.998121
          0.998191 0.998261 0.998331 0.9984 0.99847 0.998538 0.998607 0.998676 0.998744 0.998812 0.99888 0.998947
          0.999015 0.999082 0.999149 0.999215 0.999282 0.999348 0.999414 0.99948 0.999545 0.999611 0.999676 0.999741
          0.999806 0.99987 0.999934 0.999996 0.994503 0.994588 0.994671 0.994755 0.994838 0.994921 0.995004 0.995086
          0.995168 0.995249 0.99533 0.995411 0.995491 0.995572 0.995651 0.995731 0.99581 0.995889 0.995967 0.996046
          0.996123 0.996201 0.996278 0.996355 0.996432 0.996508 0.996585 0.99666 0.996736 0.996811 0.996886 0.996961
          0.997035 0.997109 0.997183 0.997257 0.99733 0.997403 0.997476 0.997548 0.99762 0.997692 0.997764 0.997836
          0.997907 0.997978 0.998049 0.998119 0.998189 0.998259 0.998329 0.998398 0.998468 0.998537 0.998605 0.998674
          0.998742 0.99881 0.998878 0.998946 0.999013 0.999081 0.999147 0.999214 0.999281 0.999347 0.999413 0.999479
          0.999545 0.99961 0.999676 0.999741 0.999805 0.99987 0.999934 0.999996 0.994497 0.994581 0.994665 0.994749
          0.994832 0.994915 0.994998 0.99508 0.995162 0.995243 0.995325 0.995405 0.995486 0.995566 0.995646 0.995726
          0.995805 0.995884 0.995963 0.996041 0.996119 0.996197 0.996274 0.996351 0.996428 0.996504 0.99658 0.996656
          0.996732 0.996807 0.996882 0.996957 0.997032 0.997106 0.99718 0.997253 0.997327 0.9974 0.997473 0.997545
          0.997618 0.99769 0.997761 0.997833 0.997904 0.997975 0.998046 0.998117 0.998187 0.998257 0.998327 0.998396
          0.998466 0.998535 0.998604 0.998672 0.998741 0.998809 0.998877 0.998945 0.999012 0.999079 0.999146 0.999213
          0.99928 0.999346 0.999412 0.999478 0.999544 0.99961 0.999675 0.99974 0.999805 0.99987 0.999934 0.999996
          0.99449 0.994575 0.994659 0.994743 0.994826 0.994909 0.994992 0.995074 0.995156 0.995238 0.995319 0.9954
          0.995481 0.995561 0.995641 0.995721 0.9958 0.995879 0.995958 0.996036 0.996114 0.996192 0.99627 0.996347
          0.996424 0.9965 0.996576 0.996652 0.996728 0.996804 0.996879 0.996953 0.997028 0.997102 0.997176 0.99725
          0.997324 0.997397 0.99747 0.997542 0.997615 0.997687 0.997759 0.99783 0.997902 0.997973 0.998044 0.998114
          0.998185 0.998255 0.998325 0.998394 0.998464 0.998533 0.998602 0.998671 0.998739 0.998807 0.998875 0.998943
          0.999011 0.999078 0.999145 0.999212 0.999279 0.999345 0.999412 0.999478 0.999544 0.999609 0.999675 0.99974
          0.999805 0.99987 0.999934 0.999996 0.994484 0.994568 0.994652 0.994736 0.99482 0.994903 0.994986 0.995068
          0.99515 0.995232 0.995314 0.995395 0.995475 0.995556 0.995636 0.995716 0.995795 0.995874 0.995953 0.996032
          0.99611 0.996188 0.996265 0.996342 0.996419 0.996496 0.996572 0.996648 0.996724 0.9968 0.996875 0.99695
          0.997025 0.997099 0.997173 0.997247 0.99732 0.997394 0.997467 0.997539 0.997612 0.997684 0.997756 0.997828
          0.997899 0.99797 0.998041 0.998112 0.998183 0.998253 0.998323 0.998392 0.998462 0.998531 0.9986 0.998669
          0.998738 0.998806 0.998874 0.998942 0.99901 0.999077 0.999144 0.999211 0.999278 0.999345 0.999411 0.999477
          0.999543 0.999609 0.999674 0.99974 0.999805 0.99987 0.999934 0.999996 0.994477 0.994562 0.994646 0.99473
          0.994814 0.994897 0.99498 0.995062 0.995145 0.995227 0.995308 0.995389 0.99547 0.995551 0.995631 0.995711
          0.99579 0.995869 0.995948 0.996027 0.996105 0.996183 0.996261 0.996338 0.996415 0.996492 0.996568 0.996644
          0.99672 0.996796 0.996871 0.996946 0.997021 0.997095 0.99717 0.997244 0.997317 0.997391 0.997464 0.997536
          0.997609 0.997681 0.997753 0.997825 0.997897 0.997968 0.998039 0.99811 0.99818 0.998251 0.998321 0.99839
          0.99846 0.998529 0.998598 0.998667 0.998736 0.998804 0.998873 0.99894 0.999008 0.999076 0.999143 0.99921
          0.999277 0.999344 0.99941 0.999476 0.999542 0.999608 0.999674 0.999739 0.999804 0.999869 0.999934 0.999996
          0.994471 0.994555 0.99464 0.994724 0.994808 0.994891 0.994974 0.995057 0.995139 0.995221 0.995303 0.995384
          0.995465 0.995545 0.995626 0.995706 0.995785 0.995865 0.995943 0.996022 0.996101 0.996179 0.996256 0.996334
          0.996411 0.996488 0.996564 0.996641 0.996716 0.996792 0.996868 0.996943 0.997017 0.997092 0.997166 0.99724
          0.997314 0.997387 0.997461 0.997533 0.997606 0.997678 0.997751 0.997822 0.997894 0.997965 0.998037 0.998107
          0.998178 0.998248 0.998318 0.998388 0.998458 0.998527 0.998597 0.998666 0.998734 0.998803 0.998871 0.998939
          0.999007 0.999074 0.999142 0.999209 0.999276 0.999343 0.999409 0.999475 0.999542 0.999608 0.999673 0.999739
          0.999804 0.999869 0.999934 0.999996 0.994464 0.994549 0.994634 0.994718 0.994802 0.994885 0.994968 0.995051
          0.995133 0.995215 0.995297 0.995378 0.995459 0.99554 0.995621 0.995701 0.99578 0.99586 0.995939 0.996018
          0.996096 0.996174 0.996252 0.996329 0.996407 0.996484 0.99656 0.996637 0.996713 0.996788 0.996864 0.996939
          0.997014 0.997088 0.997163 0.997237 0.997311 0.997384 0.997457 0.99753 0.997603 0.997676 0.997748 0.99782
          0.997891 0.997963 0.998034 0.998105 0.998176 0.998246 0.998316 0.998386 0.998456 0.998526 0.998595 0.998664
          0.998733 0.998801 0.998869 0.998938 0.999005 0.999073 0.999141 0.999208 0.999275 0.999342 0.999408 0.999475
          0.999541 0.999607 0.999673 0.999738 0.999804 0.999869 0.999934 0.999996 0.994458 0.994543 0.994627 0.994712
          0.994796 0.994879 0.994962 0.995045 0.995128 0.99521 0.995292 0.995373 0.995454 0.995535 0.995615 0.995696
          0.995775 0.995855 0.995934 0.996013 0.996091 0.99617 0.996248 0.996325 0.996402 0.996479 0.996556 0.996633
          0.996709 0.996785 0.99686 0.996935 0.99701 0.997085 0.997159 0.997234 0.997307 0.997381 0.997454 0.997527
          0.9976 0.997673 0.997745 0.997817 0.997889 0.99796 0.998032 0.998103 0.998173 0.998244 0.998314 0.998384
          0.998454 0.998524 0.998593 0.998662 0.998731 0.9988 0.998868 0.998936 0.999004 0.999072 0.999139 0.999207
          0.999274 0.999341 0.999407 0.999474 0.99954 0.999606 0.999672 0.999738 0.999803 0.999869 0.999934 0.999996
          0.994451 0.994536 0.994621 0.994706 0.99479 0.994873 0.994956 0.995039 0.995122 0.995204 0.995286 0.995368
          0.995449 0.99553 0.99561 0.995691 0.99577 0.99585 0.995929 0.996008 0.996087 0.996165 0.996243 0.996321
          0.996398 0.996475 0.996552 0.996629 0.996705 0.996781 0.996856 0.996932 0.997007 0.997082 0.997156 0.99723
          0.997304 0.997378 0.997451 0.997524 0.997597 0.99767 0.997742 0.997814 0.997886 0.997958 0.998029 0.9981
          0.998171 0.998242 0.998312 0.998382 0.998452 0.998522 0.998591 0.99866 0.998729 0.998798 0.998866 0.998935
          0.999003 0.99907 0.999138 0.999205 0.999273 0.99934 0.999406 0.999473 0.999539 0.999605 0.999671 0.999737
          0.999803 0.999868 0.999934 0.999996 0.994445 0.99453 0.994615 0.994699 0.994784 0.994867 0.994951 0.995034
          0.995116 0.995199 0.995281 0.995362 0.995444 0.995525 0.995605 0.995686 0.995766 0.995845 0.995924 0.996004
          0.996082 0.996161 0.996239 0.996316 0.996394 0.996471 0.996548 0.996625 0.996701 0.996777 0.996853 0.996928
          0.997003 0.997078 0.997153 0.997227 0.997301 0.997375 0.997448 0.997521 0.997594 0.997667 0.997739 0.997812
          0.997884 0.997955 0.998027 0.998098 0.998169 0.998239 0.99831 0.99838 0.99845 0.99852 0.998589 0.998658
          0.998727 0.998796 0.998865 0.998933 0.999001 0.999069 0.999137 0.999204 0.999271 0.999338 0.999405 0.999472
          0.999538 0.999605 0.999671 0.999736 0.999802 0.999868 0.999933 0.999996 0.994439 0.994524 0.994609 0.994693
          0.994778 0.994861 0.994945 0.995028 0.995111 0.995193 0.995275 0.995357 0.995438 0.995519 0.9956 0.995681
          0.995761 0.99584 0.99592 0.995999 0.996078 0.996156 0.996234 0.996312 0.99639 0.996467 0.996544 0.996621
          0.996697 0.996773 0.996849 0.996924 0.997 0.997074 0.997149 0.997224 0.997298 0.997371 0.997445 0.997518
          0.997591 0.997664 0.997737 0.997809 0.997881 0.997953 0.998024 0.998095 0.998166 0.998237 0.998308 0.998378
          0.998448 0.998518 0.998587 0.998657 0.998726 0.998794 0.998863 0.998932 0.999 0.999068 0.999135 0.999203
          0.99927 0.999337 0.999404 0.999471 0.999537 0.999604 0.99967 0.999736 0.999801 0.999867 0.999933 0.999996
          0.994435 0.99452 0.994605 0.99469 0.994774 0.994858 0.994942 0.995025 0.995108 0.99519 0.995273 0.995354
          0.995436 0.995517 0.995598 0.995678 0.995758 0.995838 0.995918 0.995997 0.996076 0.996154 0.996233 0.996311
          0.996388 0.996466 0.996543 0.996619 0.996696 0.996772 0.996848 0.996923 0.996999 0.997074 0.997149 0.997223
          0.997297 0.997371 0.997445 0.997518 0.997591 0.997664 0.997737 0.997809 0.997881 0.997953 0.998024 0.998096
          0.998167 0.998238 0.998308 0.998379 0.998449 0.998519 0.998588 0.998658 0.998727 0.998796 0.998864 0.998933
          0.999001 0.999069 0.999137 0.999204 0.999272 0.999339 0.999406 0.999473 0.999539 0.999605 0.999672 0.999738
          0.999804 0.999869 0.999935 0.999996
        </DataArray>
        <DataArray type="Float32" Name="x^H2_gas" NumberOfComponents="1" format="ascii">
          0 0 0 0 0 0 0 0 0 0 0 0
          0 0 0 0 0 0 0 0 0 0 0 0
          0 0 0 0 0 0 0 0 0 0 0 0
          0 0 0 0 0 0 0 0 0 0 0 0
          0 0 0 0 0 0 0 0 0 0 0 0
          0 0 0 0 0 0 0 0 0 0 0 0
          0 0 0 0 0 0 0 0 0 0 0 0
          0 0 0 0 0 0 0 0 0 0 0 0
          0 0 0 0 0 0 0 0 0 0 0 0
          0 0 0 0 0 0 0 0 0 0 0 0
          0 0 0 0 0 0 0 0 0 0 0 0
          0 0 0 0 0 0 0 0 0 0 0 0
          0 0 0 0 0 0 0 0 0 0 0 0
          0 0 0 0 0 0 0 0 0 0 0 0
          0 0 0 0 0 0 0 0 0 0 0 0
          0 0 0 0 0 0 0 0 0 0 0 0
          0 0 0 0 0 0 0 0 0 0 0 0
          0 0 0 0 0 0 0 0 0 0 0 0
          0 0 0 0 0 0 0 0 0 0 0 0
          0 0 0 0 0 0 0 0 0 0 0 0
          0 0 0 0 0 0 0 0 0 0 0 0
          0 0 0 0 0 0 0 0 0 0 0 0
          0 0 0 0 0 0 0 0 0 0 0 0
          0 0 0 0 0 0 0 0 0 0 0 0
          0 0 0 0 0 0 0 0 0 0 0 0
          0 0 0 0 0 0 0 0 0 0 0 0
          0 0 0 0 0 0 0 0 0 0 0 0
          0 0 0 0 0 0 0 0 0 0 0 0
          0 0 0 0 0 0 0 0 0 0 0 0
          0 0 0 0 0 0 0 0 0 0 0 0
          0 0 0 0 0 0 0 0 0 0 0 0
          0 0 0 0 0 0 0 0 0 0 0 0
          0 0 0 0 0 0 0 0 0 0 0 0
          0 0 0 0 0 0 0 0 0 0 0 0
          0 0 0 0 0 0 0 0 0 0 0 0
          0 0 0 0 0 0 0 0 0 0 0 0
          0 0 0 0 0 0 0 0 0 0 0 0
          0 0 0 0 0 0 0 0 0 0 0 0
          0 0 0 0 0 0 0 0 0 0 0 0
          0 0 0 0 0 0 0 0 0 0 0 0
          0 0 0 0 0 0 0 0 0 0 0 0
          0 0 0 0 0 0 0 0 0 0 0 0
          0 0 0 0 0 0 0 0 0 0 0 0
          0 0 0 0 0 0 0 0 0 0 0 0
          0 0 0 0 0 0 0 0 0 0 0 0
          0 0 0 0 0 0 0 0 0 0 0 0
          0 0 0 0 0 0 0 0 0 0 0 0
          0 0 0 0 0 0 0 0 0 0 0 0
          0 0 0 0 0 0 0 0 0 0 0 0
          0 0 0 0 0 0 0 0 0 0 0 0
          0 0 0 0 0 0 0 0 0 0 0 0
          0 0 0 0 0 0 0 0 0 0 0 0
          0 0 0 0 0 0 0 0 0 0 0 0
          0 0 0 0 0 0 0 0 0 0 0 0
          0 0 0 0 0 0 0 0 0 0 0 0
          0 0 0 0 0 0 0 0 0 0 0 0
          0 0 0 0 0 0 0 0 0 0 0 0
          0 0 0 0 0 0 0 0 0 0 0 0
          0 0 0 0 0 0 0 0 0 0 0 0
          0 0 0 0 0 0 0 0 0 0 0 0
          0 0 0 0 0 0 0 0 0 0 0 0
          0 0 0 0 0 0 0 0 0 0 0 0
          0 0 0 0 0 0 0 0 0 0 0 0
          0 0 0 0 0 0 0 0 0 0 0 0
          0 0 0 0 0 0 0 0 0 0 0 0
          0 0 0 0 0 0 0 0 0 0 0 0
          0 0 0 0 0 0 0 0 0 0 0 0
          0 0 0 0 0 0 0 0 0 0 0 0
          0 0 0 0 0 0 0 0 0 0 0 0
          0 0 0 0 0 0 0 0 0 0 0 0
          0 0 0 0 0 0 0 0 0 0 0 0
          0 0 0 0 0 0 0 0 0 0 0 0
          0 0 0 0 0 0 0 0 0 0 0 0
          0 0 0 0 0 0 0 0 0 0 0 0
          0 0 0 0 0 0 0 0 0 0 0 0
          0 0 0 0 0 0 0 0 0 0 0 0
          0 0 0 0 0 0 0 0 0 0 0 0
          0 0 0 0 0 0 0 0 0 0 0 0
          0 0 0 0 0 0 0 0 0 0 0 0
          0 0 0 0 0 0 0 0 0 0 0 0
          0 0 0 0 0 0 0 0 0 0 0 0
          0 0 0 0 0 0 0 0 0 0 0 0
          0 0 0 0 0 0 0 0 0 0 0 0
          0 0 0 0 0 0 0 0 0 0 0 0
          0 0 0 0 0 0 0 0 0 0 0 0
          0 0 0 0 0 0 0 0 0 0 0 0
          0 0 0 0 0 0 0 0 0 0 0 0
          0 0 0 0 0 0 0 0 0 0 0 0
          0 0 0 0 0 0 0 0 0 0 0 0
          0 0 0 0 0 0 0 0 0 0 0 0
          0 0 0 0 0 0 0 0 0 0 0 0
          0 0 0 0 0 0 0 0 0 0 0 0
          0 0 0 0 0 0 0 0 0 0 0 0
          0 0 0 0 0 0 0 0 0 0 0 0
          0 0 0 0 0 0 0 0 0 0 0 0
          0 0 0 0 0 0 0 0 0 0 0 0
          0 0 0 0 0 0 0 0 0 0 0 0
          0 0 0 0 0 0 0 0 0 0 0 0
          0 0 0 0 0 0 0 0 0 0 0 0
          0 0 0 0 0 0 0 0 0 0 0 0
          0 0 0 0 0 0 0 0 0 0 0 0
          0 0 0 0 0 0 0 0 0 0 0 0
          0 0 0 0 0 0 0 0 0 0 0 0
          0 0 0 0 0 0 0 0 0 0 0 0
          0 0 0 0 0 0 0 0 0 0 0 0
          0 0 0 0 0 0 0 0 0 0 0 0
          0 0 0 0 0 0 0 0 0 0 0 0
          0 0 0 0 0 0 0 0 0 0 0 0
          0 0 0 0 0 0 0 0 0 0 0 0
          0 0 0 0 0 0 0 0 0 0 0 0
          0 0 0 0 0 0 0 0 0 0 0 0
          0 0 0 0 0 0 0 0 0 0 0 0
          0 0 0 0 0 0 0 0 0 0 0 0
          0 0 0 0 0 0 0 0 0 0 0 0
          0 0 0 0 0 0 0 0 0 0 0 0
          0 0 0 0 0 0 0 0 0 0 0 0
          0 0 0 0 0 0 0 0 0 0 0 0
          0 0 0 0 0 0 0 0 0 0 0 0
          0 0 0 0 0 0 0 0 0 0 0 0
          0 0 0 0 0 0 0 0 0 0 0 0
          0 0 0 0 0 0 0 0 0 0 0 0
          0 0 0 0 0 0 0 0 0 0 0 0
          0 0 0 0 0 0 0 0 0 0 0 0
          0 0 0 0 0 0 0 0 0 0 0 0
          0 0 0 0 0 0 0 0 0 0 0 0
          0 0 0 0 0 0 0 0 0 0 0 0
          0 0 0 0 0 0 0 0 0 0 0 0
          0 0 0 0 0 0 0 0 0 0 0 0
          0 0 0 0 0 0 0 0 0 0 0 0
          0 0 0 0 0 0 0 0 0 0 0 0
          0 0 0 0 0 0 0 0 0 0 0 0
          0 0 0 0 0 0 0 0 0 0 0 0
          0 0 0 0 0 0 0 0 0 0 0 0
          0 0 0 0 0 0 0 0 0 0 0 0
          0 0 0 0 0 0 0 0 0 0 0 0
          0 0 0 0 0 0 0 0 0 0 0 0
          0 0 0 0 0 0 0 0 0 0 0 0
          0 0 0 0 0 0 0 0 0 0 0 0
          0 0 0 0 0 0 0 0 0 0 0 0
          0 0 0 0 0 0 0 0 0 0 0 0
          0 0 0 0 0 0 0 0 0 0 0 0
          0 0 0 0 0 0 0 0 0 0 0 0
          0 0 0 0 0 0 0 0 0 0 0 0
          0 0 0 0 0 0 0 0 0 0 0 0
          0 0 0 0 0 0 0 0 0 0 0 0
          0 0 0 0 0 0 0 0 0 0 0 0
          0 0 0 0 0 0 0 0 0 0 0 0
          0 0 0 0 0 0 0 0 0 0 0 0
          0 0 0 0 0 0 0 0 0 0 0 0
          0 0 0 0 0 0 0 0 0 0 0 0
          0 0 0 0 0 0 0 0 0 0 0 0
          0 0 0 0 0 0 0 0 0 0 0 0
          0 0 0 0 0 0 0 0 0 0 0 0
          0 0 0 0 0 0 0 0 0 0 0 0
          0 0 0 0 0 0 0 0 0 0 0 0
          0 0 0 0 0 0 0 0 0 0 0 0
          0 0 0 0 0 0 0 0 0 0 0 0
          0 0 0 0 0 0 0 0 0 0 0 0
          0 0 0 0 0 0 0 0 0 0 0 0
          0 0 0 0 0 0 0 0 0 0 0 0
          0 0 0 0 0 0 0 0 0 0 0 0
          0 0 0 0 0 0 0 0 0 0 0 0
          0 0 0 0 0 0 0 0 0 0 0 0
          0 0 0 0 0 0 0 0 0 0 0 0
          0 0 0 0 0 0 0 0 0 0 0 0
          0 0 0 0 0 0 0 0 0 0 0 0
          0 0 0 0 0 0 0 0 0 0 0 0
          0 0 0 0 0 0 0 0 0 0 0 0
          0 0 0 0 0 0 0 0 0 0 0 0
          0 0 0 0 0 0 0 0 0 0 0 0
          0 0 0 0 0 0 0 0 0 0 0 0
          0 0 0 0 0 0 0 0 0 0 0 0
          0 0 0 0 0 0 0 0 0 0 0 0
          0 0 0 0 0 0 0 0 0 0 0 0
          0 0 0 0 0 0 0 0 0 0 0 0
          0 0 0 0 0 0 0 0 0 0 0 0
          0 0 0 0 0 0 0 0 0 0 0 0
          0 0 0 0 0 0 0 0 0 0 0 0
          0 0 0 0 0 0 0 0 0 0 0 0
          0 0 0 0 0 0 0 0 0 0 0 0
          0 0 0 0 0 0 0 0 0 0 0 0
          0 0 0 0 0 0 0 0 0 0 0 0
          0 0 0 0 0 0 0 0 0 0 0 0
          0 0 0 0 0 0 0 0 0 0 0 0
          0 0 0 0 0 0 0 0 0 0 0 0
          0 0 0 0 0 0 0 0 0 0 0 0
          0 0 0 0 0 0 0 0 0 0 0 0
          0 0 0 0 0 0 0 0 0 0 0 0
          0 0 0 0 0 0 0 0 0 0 0 0
          0 0 0 0 0 0 0 0 0 0 0 0
          0 0 0 0 0 0 0 0 0 0 0 0
          0 0 0 0 0 0 0 0 0 0 0 0
          0 0 0 0 0 0 0 0 0 0 0 0
          0 0 0 0 0 0 0 0 0 0 0 0
          0 0 0 0 0 0 0 0 0 0 0 0
          0 0 0 0 0 0 0 0 0 0 0 0
          0 0 0 0
        </DataArray>
        <DataArray type="Float32" Name="x^CO2_gas" NumberOfComponents="1" format="ascii">
          0 0 0 0 0 0 0 0 0 0 0 0
          0 0 0 0 0 0 0 0 0 0 0 0
          0 0 0 0 0 0 0 0 0 0 0 0
          0 0 0 0 0 0 0 0 0 0 0 0
          0 0 0 0 0 0 0 0 0 0 0 0
          0 0 0 0 0 0 0 0 0 0 0 0
          0 0 0 0 0 0 0 0 0 0 0 0
          0 0 0 0 0 0 0 0 0 0 0 0
          0 0 0 0 0 0 0 0 0 0 0 0
          0 0 0 0 0 0 0 0 0 0 0 0
          0 0 0 0 0 0 0 0 0 0 0 0
          0 0 0 0 0 0 0 0 0 0 0 0
          0 0 0 0 0 0 0 0 0 0 0 0
          0 0 0 0 0 0 0 0 0 0 0 0
          0 0 0 0 0 0 0 0 0 0 0 0
          0 0 0 0 0 0 0 0 0 0 0 0
          0 0 0 0 0 0 0 0 0 0 0 0
          0 0 0 0 0 0 0 0 0 0 0 0
          0 0 0 0 0 0 0 0 0 0 0 0
          0 0 0 0 0 0 0 0 0 0 0 0
          0 0 0 0 0 0 0 0 0 0 0 0
          0 0 0 0 0 0 0 0 0 0 0 0
          0 0 0 0 0 0 0 0 0 0 0 0
          0 0 0 0 0 0 0 0 0 0 0 0
          0 0 0 0 0 0 0 0 0 0 0 0
          0 0 0 0 0 0 0 0 0 0 0 0
          0 0 0 0 0 0 0 0 0 0 0 0
          0 0 0 0 0 0 0 0 0 0 0 0
          0 0 0 0 0 0 0 0 0 0 0 0
          0 0 0 0 0 0 0 0 0 0 0 0
          0 0 0 0 0 0 0 0 0 0 0 0
          0 0 0 0 0 0 0 0 0 0 0 0
          0 0 0 0 0 0 0 0 0 0 0 0
          0 0 0 0 0 0 0 0 0 0 0 0
          0 0 0 0 0 0 0 0 0 0 0 0
          0 0 0 0 0 0 0 0 0 0 0 0
          0 0 0 0 0 0 0 0 0 0 0 0
          0 0 0 0 0 0 0 0 0 0 0 0
          0 0 0 0 0 0 0 0 0 0 0 0
          0 0 0 0 0 0 0 0 0 0 0 0
          0 0 0 0 0 0 0 0 0 0 0 0
          0 0 0 0 0 0 0 0 0 0 0 0
          0 0 0 0 0 0 0 0 0 0 0 0
          0 0 0 0 0 0 0 0 0 0 0 0
          0 0 0 0 0 0 0 0 0 0 0 0
          0 0 0 0 0 0 0 0 0 0 0 0
          0 0 0 0 0 0 0 0 0 0 0 0
          0 0 0 0 0 0 0 0 0 0 0 0
          0 0 0 0 0 0 0 0 0 0 0 0
          0 0 0 0 0 0 0 0 0 0 0 0
          0 0 0 0 0 0 0 0 0 0 0 0
          0 0 0 0 0 0 0 0 0 0 0 0
          0 0 0 0 0 0 0 0 0 0 0 0
          0 0 0 0 0 0 0 0 0 0 0 0
          0 0 0 0 0 0 0 0 0 0 0 0
          0 0 0 0 0 0 0 0 0 0 0 0
          0 0 0 0 0 0 0 0 0 0 0 0
          0 0 0 0 0 0 0 0 0 0 0 0
          0 0 0 0 0 0 0 0 0 0 0 0
          0 0 0 0 0 0 0 0 0 0 0 0
          0 0 0 0 0 0 0 0 0 0 0 0
          0 0 0 0 0 0 0 0 0 0 0 0
          0 0 0 0 0 0 0 0 0 0 0 0
          0 0 0 0 0 0 0 0 0 0 0 0
          0 0 0 0 0 0 0 0 0 0 0 0
          0 0 0 0 0 0 0 0 0 0 0 0
          0 0 0 0 0 0 0 0 0 0 0 0
          0 0 0 0 0 0 0 0 0 0 0 0
          0 0 0 0 0 0 0 0 0 0 0 0
          0 0 0 0 0 0 0 0 0 0 0 0
          0 0 0 0 0 0 0 0 0 0 0 0
          0 0 0 0 0 0 0 0 0 0 0 0
          0 0 0 0 0 0 0 0 0 0 0 0
          0 0 0 0 0 0 0 0 0 0 0 0
          0 0 0 0 0 0 0 0 0 0 0 0
          0 0 0 0 0 0 0 0 0 0 0 0
          0 0 0 0 0 0 0 0 0 0 0 0
          0 0 0 0 0 0 0 0 0 0 0 0
          0 0 0 0 0 0 0 0 0 0 0 0
          0 0 0 0 0 0 0 0 0 0 0 0
          0 0 0 0 0 0 0 0 0 0 0 0
          0 0 0 0 0 0 0 0 0 0 0 0
          0 0 0 0 0 0 0 0 0 0 0 0
          0 0 0 0 0 0 0 0 0 0 0 0
          0 0 0 0 0 0 0 0 0 0 0 0
          0 0 0 0 0 0 0 0 0 0 0 0
          0 0 0 0 0 0 0 0 0 0 0 0
          0 0 0 0 0 0 0 0 0 0 0 0
          0 0 0 0 0 0 0 0 0 0 0 0
          0 0 0 0 0 0 0 0 0 0 0 0
          0 0 0 0 0 0 0 0 0 0 0 0
          0 0 0 0 0 0 0 0 0 0 0 0
          0 0 0 0 0 0 0 0 0 0 0 0
          0 0 0 0 0 0 0 0 0 0 0 0
          0 0 0 0 0 0 0 0 0 0 0 0
          0 0 0 0 0 0 0 0 0 0 0 0
          0 0 0 0 0 0 0 0 0 0 0 0
          0 0 0 0 0 0 0 0 0 0 0 0
          0 0 0 0 0 0 0 0 0 0 0 0
          0 0 0 0 0 0 0 0 0 0 0 0
          0 0 0 0 0 0 0 0 0 0 0 0
          0 0 0 0 0 0 0 0 0 0 0 0
          0 0 0 0 0 0 0 0 0 0 0 0
          0 0 0 0 0 0 0 0 0 0 0 0
          0 0 0 0 0 0 0 0 0 0 0 0
          0 0 0 0 0 0 0 0 0 0 0 0
          0 0 0 0 0 0 0 0 0 0 0 0
          0 0 0 0 0 0 0 0 0 0 0 0
          0 0 0 0 0 0 0 0 0 0 0 0
          0 0 0 0 0 0 0 0 0 0 0 0
          0 0 0 0 0 0 0 0 0 0 0 0
          0 0 0 0 0 0 0 0 0 0 0 0
          0 0 0 0 0 0 0 0 0 0 0 0
          0 0 0 0 0 0 0 0 0 0 0 0
          0 0 0 0 0 0 0 0 0 0 0 0
          0 0 0 0 0 0 0 0 0 0 0 0
          0 0 0 0 0 0 0 0 0 0 0 0
          0 0 0 0 0 0 0 0 0 0 0 0
          0 0 0 0 0 0 0 0 0 0 0 0
          0 0 0 0 0 0 0 0 0 0 0 0
          0 0 0 0 0 0 0 0 0 0 0 0
          0 0 0 0 0 0 0 0 0 0 0 0
          0 0 0 0 0 0 0 0 0 0 0 0
          0 0 0 0 0 0 0 0 0 0 0 0
          0 0 0 0 0 0 0 0 0 0 0 0
          0 0 0 0 0 0 0 0 0 0 0 0
          0 0 0 0 0 0 0 0 0 0 0 0
          0 0 0 0 0 0 0 0 0 0 0 0
          0 0 0 0 0 0 0 0 0 0 0 0
          0 0 0 0 0 0 0 0 0 0 0 0
          0 0 0 0 0 0 0 0 0 0 0 0
          0 0 0 0 0 0 0 0 0 0 0 0
          0 0 0 0 0 0 0 0 0 0 0 0
          0 0 0 0 0 0 0 0 0 0 0 0
          0 0 0 0 0 0 0 0 0 0 0 0
          0 0 0 0 0 0 0 0 0 0 0 0
          0 0 0 0 0 0 0 0 0 0 0 0
          0 0 0 0 0 0 0 0 0 0 0 0
          0 0 0 0 0 0 0 0 0 0 0 0
          0 0 0 0 0 0 0 0 0 0 0 0
          0 0 0 0 0 0 0 0 0 0 0 0
          0 0 0 0 0 0 0 0 0 0 0 0
          0 0 0 0 0 0 0 0 0 0 0 0
          0 0 0 0 0 0 0 0 0 0 0 0
          0 0 0 0 0 0 0 0 0 0 0 0
          0 0 0 0 0 0 0 0 0 0 0 0
          0 0 0 0 0 0 0 0 0 0 0 0
          0 0 0 0 0 0 0 0 0 0 0 0
          0 0 0 0 0 0 0 0 0 0 0 0
          0 0 0 0 0 0 0 0 0 0 0 0
          0 0 0 0 0 0 0 0 0 0 0 0
          0 0 0 0 0 0 0 0 0 0 0 0
          0 0 0 0 0 0 0 0 0 0 0 0
          0 0 0 0 0 0 0 0 0 0 0 0
          0 0 0 0 0 0 0 0 0 0 0 0
          0 0 0 0 0 0 0 0 0 0 0 0
          0 0 0 0 0 0 0 0 0 0 0 0
          0 0 0 0 0 0 0 0 0 0 0 0
          0 0 0 0 0 0 0 0 0 0 0 0
          0 0 0 0 0 0 0 0 0 0 0 0
          0 0 0 0 0 0 0 0 0 0 0 0
          0 0 0 0 0 0 0 0 0 0 0 0
          0 0 0 0 0 0 0 0 0 0 0 0
          0 0 0 0 0 0 0 0 0 0 0 0
          0 0 0 0 0 0 0 0 0 0 0 0
          0 0 0 0 0 0 0 0 0 0 0 0
          0 0 0 0 0 0 0 0 0 0 0 0
          0 0 0 0 0 0 0 0 0 0 0 0
          0 0 0 0 0 0 0 0 0 0 0 0
          0 0 0 0 0 0 0 0 0 0 0 0
          0 0 0 0 0 0 0 0 0 0 0 0
          0 0 0 0 0 0 0 0 0 0 0 0
          0 0 0 0 0 0 0 0 0 0 0 0
          0 0 0 0 0 0 0 0 0 0 0 0
          0 0 0 0 0 0 0 0 0 0 0 0
          0 0 0 0 0 0 0 0 0 0 0 0
          0 0 0 0 0 0 0 0 0 0 0 0
          0 0 0 0 0 0 0 0 0 0 0 0
          0 0 0 0 0 0 0 0 0 0 0 0
          0 0 0 0 0 0 0 0 0 0 0 0
          0 0 0 0 0 0 0 0 0 0 0 0
          0 0 0 0 0 0 0 0 0 0 0 0
          0 0 0 0 0 0 0 0 0 0 0 0
          0 0 0 0 0 0 0 0 0 0 0 0
          0 0 0 0 0 0 0 0 0 0 0 0
          0 0 0 0 0 0 0 0 0 0 0 0
          0 0 0 0 0 0 0 0 0 0 0 0
          0 0 0 0 0 0 0 0 0 0 0 0
          0 0 0 0 0 0 0 0 0 0 0 0
          0 0 0 0 0 0 0 0 0 0 0 0
          0 0 0 0 0 0 0 0 0 0 0 0
          0 0 0 0 0 0 0 0 0 0 0 0
          0 0 0 0 0 0 0 0 0 0 0 0
          0 0 0 0 0 0 0 0 0 0 0 0
          0 0 0 0 0 0 0 0 0 0 0 0
          0 0 0 0 0 0 0 0 0 0 0 0
          0 0 0 0
        </DataArray>
        <DataArray type="Float32" Name="x^N2_gas" NumberOfComponents="1" format="ascii">
          0 0 0 0 0 0 0 0 0 0 0 0
          0 0 0 0 0 0 0 0 0 0 0 0
          0 0 0 0 0 0 0 0 0 0 0 0
          0 0 0 0 0 0 0 0 0 0 0 0
          0 0 0 0 0 0 0 0 0 0 0 0
          0 0 0 0 0 0 0 0 0 0 0 0
          0 0 0 0 0 0 0 0 0 0 0 0
          0 0 0 0 0 0 0 0 0 0 0 0
          0 0 0 0 0 0 0 0 0 0 0 0
          0 0 0 0 0 0 0 0 0 0 0 0
          0 0 0 0 0 0 0 0 0 0 0 0
          0 0 0 0 0 0 0 0 0 0 0 0
          0 0 0 0 0 0 0 0 0 0 0 0
          0 0 0 0 0 0 0 0 0 0 0 0
          0 0 0 0 0 0 0 0 0 0 0 0
          0 0 0 0 0 0 0 0 0 0 0 0
          0 0 0 0 0 0 0 0 0 0 0 0
          0 0 0 0 0 0 0 0 0 0 0 0
          0 0 0 0 0 0 0 0 0 0 0 0
          0 0 0 0 0 0 0 0 0 0 0 0
          0 0 0 0 0 0 0 0 0 0 0 0
          0 0 0 0 0 0 0 0 0 0 0 0
          0 0 0 0 0 0 0 0 0 0 0 0
          0 0 0 0 0 0 0 0 0 0 0 0
          0 0 0 0 0 0 0 0 0 0 0 0
          0 0 0 0 0 0 0 0 0 0 0 0
          0 0 0 0 0 0 0 0 0 0 0 0
          0 0 0 0 0 0 0 0 0 0 0 0
          0 0 0 0 0 0 0 0 0 0 0 0
          0 0 0 0 0 0 0 0 0 0 0 0
          0 0 0 0 0 0 0 0 0 0 0 0
          0 0 0 0 0 0 0 0 0 0 0 0
          0 0 0 0 0 0 0 0 0 0 0 0
          0 0 0 0 0 0 0 0 0 0 0 0
          0 0 0 0 0 0 0 0 0 0 0 0
          0 0 0 0 0 0 0 0 0 0 0 0
          0 0 0 0 0 0 0 0 0 0 0 0
          0 0 0 0 0 0 0 0 0 0 0 0
          0 0 0 0 0 0 0 0 0 0 0 0
          0 0 0 0 0 0 0 0 0 0 0 0
          0 0 0 0 0 0 0 0 0 0 0 0
          0 0 0 0 0 0 0 0 0 0 0 0
          0 0 0 0 0 0 0 0 0 0 0 0
          0 0 0 0 0 0 0 0 0 0 0 0
          0 0 0 0 0 0 0 0 0 0 0 0
          0 0 0 0 0 0 0 0 0 0 0 0
          0 0 0 0 0 0 0 0 0 0 0 0
          0 0 0 0 0 0 0 0 0 0 0 0
          0 0 0 0 0 0 0 0 0 0 0 0
          0 0 0 0 0 0 0 0 0 0 0 0
          0 0 0 0 0 0 0 0 0 0 0 0
          0 0 0 0 0 0 0 0 0 0 0 0
          0 0 0 0 0 0 0 0 0 0 0 0
          0 0 0 0 0 0 0 0 0 0 0 0
          0 0 0 0 0 0 0 0 0 0 0 0
          0 0 0 0 0 0 0 0 0 0 0 0
          0 0 0 0 0 0 0 0 0 0 0 0
          0 0 0 0 0 0 0 0 0 0 0 0
          0 0 0 0 0 0 0 0 0 0 0 0
          0 0 0 0 0 0 0 0 0 0 0 0
          0 0 0 0 0 0 0 0 0 0 0 0
          0 0 0 0 0 0 0 0 0 0 0 0
          0 0 0 0 0 0 0 0 0 0 0 0
          0 0 0 0 0 0 0 0 0 0 0 0
          0 0 0 0 0 0 0 0 0 0 0 0
          0 0 0 0 0 0 0 0 0 0 0 0
          0 0 0 0 0 0 0 0 0 0 0 0
          0 0 0 0 0 0 0 0 0 0 0 0
          0 0 0 0 0 0 0 0 0 0 0 0
          0 0 0 0 0 0 0 0 0 0 0 0
          0 0 0 0 0 0 0 0 0 0 0 0
          0 0 0 0 0 0 0 0 0 0 0 0
          0 0 0 0 0 0 0 0 0 0 0 0
          0 0 0 0 0 0 0 0 0 0 0 0
          0 0 0 0 0 0 0 0 0 0 0 0
          0 0 0 0 0 0 0 0 0 0 0 0
          0 0 0 0 0 0 0 0 0 0 0 0
          0 0 0 0 0 0 0 0 0 0 0 0
          0 0 0 0 0 0 0 0 0 0 0 0
          0 0 0 0 0 0 0 0 0 0 0 0
          0 0 0 0 0 0 0 0 0 0 0 0
          0 0 0 0 0 0 0 0 0 0 0 0
          0 0 0 0 0 0 0 0 0 0 0 0
          0 0 0 0 0 0 0 0 0 0 0 0
          0 0 0 0 0 0 0 0 0 0 0 0
          0 0 0 0 0 0 0 0 0 0 0 0
          0 0 0 0 0 0 0 0 0 0 0 0
          0 0 0 0 0 0 0 0 0 0 0 0
          0 0 0 0 0 0 0 0 0 0 0 0
          0 0 0 0 0 0 0 0 0 0 0 0
          0 0 0 0 0 0 0 0 0 0 0 0
          0 0 0 0 0 0 0 0 0 0 0 0
          0 0 0 0 0 0 0 0 0 0 0 0
          0 0 0 0 0 0 0 0 0 0 0 0
          0 0 0 0 0 0 0 0 0 0 0 0
          0 0 0 0 0 0 0 0 0 0 0 0
          0 0 0 0 0 0 0 0 0 0 0 0
          0 0 0 0 0 0 0 0 0 0 0 0
          0 0 0 0 0 0 0 0 0 0 0 0
          0 0 0 0 0 0 0 0 0 0 0 0
          0 0 0 0 0 0 0 0 0 0 0 0
          0 0 0 0 0 0 0 0 0 0 0 0
          0 0 0 0 0 0 0 0 0 0 0 0
          0 0 0 0 0 0 0 0 0 0 0 0
          0 0 0 0 0 0 0 0 0 0 0 0
          0 0 0 0 0 0 0 0 0 0 0 0
          0 0 0 0 0 0 0 0 0 0 0 0
          0 0 0 0 0 0 0 0 0 0 0 0
          0 0 0 0 0 0 0 0 0 0 0 0
          0 0 0 0 0 0 0 0 0 0 0 0
          0 0 0 0 0 0 0 0 0 0 0 0
          0 0 0 0 0 0 0 0 0 0 0 0
          0 0 0 0 0 0 0 0 0 0 0 0
          0 0 0 0 0 0 0 0 0 0 0 0
          0 0 0 0 0 0 0 0 0 0 0 0
          0 0 0 0 0 0 0 0 0 0 0 0
          0 0 0 0 0 0 0 0 0 0 0 0
          0 0 0 0 0 0 0 0 0 0 0 0
          0 0 0 0 0 0 0 0 0 0 0 0
          0 0 0 0 0 0 0 0 0 0 0 0
          0 0 0 0 0 0 0 0 0 0 0 0
          0 0 0 0 0 0 0 0 0 0 0 0
          0 0 0 0 0 0 0 0 0 0 0 0
          0 0 0 0 0 0 0 0 0 0 0 0
          0 0 0 0 0 0 0 0 0 0 0 0
          0 0 0 0 0 0 0 0 0 0 0 0
          0 0 0 0 0 0 0 0 0 0 0 0
          0 0 0 0 0 0 0 0 0 0 0 0
          0 0 0 0 0 0 0 0 0 0 0 0
          0 0 0 0 0 0 0 0 0 0 0 0
          0 0 0 0 0 0 0 0 0 0 0 0
          0 0 0 0 0 0 0 0 0 0 0 0
          0 0 0 0 0 0 0 0 0 0 0 0
          0 0 0 0 0 0 0 0 0 0 0 0
          0 0 0 0 0 0 0 0 0 0 0 0
          0 0 0 0 0 0 0 0 0 0 0 0
          0 0 0 0 0 0 0 0 0 0 0 0
          0 0 0 0 0 0 0 0 0 0 0 0
          0 0 0 0 0 0 0 0 0 0 0 0
          0 0 0 0 0 0 0 0 0 0 0 0
          0 0 0 0 0 0 0 0 0 0 0 0
          0 0 0 0 0 0 0 0 0 0 0 0
          0 0 0 0 0 0 0 0 0 0 0 0
          0 0 0 0 0 0 0 0 0 0 0 0
          0 0 0 0 0 0 0 0 0 0 0 0
          0 0 0 0 0 0 0 0 0 0 0 0
          0 0 0 0 0 0 0 0 0 0 0 0
          0 0 0 0 0 0 0 0 0 0 0 0
          0 0 0 0 0 0 0 0 0 0 0 0
          0 0 0 0 0 0 0 0 0 0 0 0
          0 0 0 0 0 0 0 0 0 0 0 0
          0 0 0 0 0 0 0 0 0 0 0 0
          0 0 0 0 0 0 0 0 0 0 0 0
          0 0 0 0 0 0 0 0 0 0 0 0
          0 0 0 0 0 0 0 0 0 0 0 0
          0 0 0 0 0 0 0 0 0 0 0 0
          0 0 0 0 0 0 0 0 0 0 0 0
          0 0 0 0 0 0 0 0 0 0 0 0
          0 0 0 0 0 0 0 0 0 0 0 0
          0 0 0 0 0 0 0 0 0 0 0 0
          0 0 0 0 0 0 0 0 0 0 0 0
          0 0 0 0 0 0 0 0 0 0 0 0
          0 0 0 0 0 0 0 0 0 0 0 0
          0 0 0 0 0 0 0 0 0 0 0 0
          0 0 0 0 0 0 0 0 0 0 0 0
          0 0 0 0 0 0 0 0 0 0 0 0
          0 0 0 0 0 0 0 0 0 0 0 0
          0 0 0 0 0 0 0 0 0 0 0 0
          0 0 0 0 0 0 0 0 0 0 0 0
          0 0 0 0 0 0 0 0 0 0 0 0
          0 0 0 0 0 0 0 0 0 0 0 0
          0 0 0 0 0 0 0 0 0 0 0 0
          0 0 0 0 0 0 0 0 0 0 0 0
          0 0 0 0 0 0 0 0 0 0 0 0
          0 0 0 0 0 0 0 0 0 0 0 0
          0 0 0 0 0 0 0 0 0 0 0 0
          0 0 0 0 0 0 0 0 0 0 0 0
          0 0 0 0 0 0 0 0 0 0 0 0
          0 0 0 0 0 0 0 0 0 0 0 0
          0 0 0 0 0 0 0 0 0 0 0 0
          0 0 0 0 0 0 0 0 0 0 0 0
          0 0 0 0 0 0 0 0 0 0 0 0
          0 0 0 0 0 0 0 0 0 0 0 0
          0 0 0 0 0 0 0 0 0 0 0 0
          0 0 0 0 0 0 0 0 0 0 0 0
          0 0 0 0 0 0 0 0 0 0 0 0
          0 0 0 0 0 0 0 0 0 0 0 0
          0 0 0 0 0 0 0 0 0 0 0 0
          0 0 0 0 0 0 0 0 0 0 0 0
          0 0 0 0 0 0 0 0 0 0 0 0
          0 0 0 0 0 0 0 0 0 0 0 0
          0 0 0 0 0 0 0 0 0 0 0 0
          0 0 0 0 0 0 0 0 0 0 0 0
          0 0 0 0 0 0 0 0 0 0 0 0
          0 0 0 0 0 0 0 0 0 0 0 0
          0 0 0 0 0 0 0 0 0 0 0 0
          0 0 0 0
        </DataArray>
        <DataArray type="Float32" Name="rhoMolar_gas" NumberOfComponents="1" format="ascii">
          7414.49 7414.04 7406.6 7406.15 7413.6 7405.71 7413.15 7405.27 7412.71 7404.83 7412.27 7404.39
          7411.84 7403.95 7411.4 7403.52 7410.97 7403.08 7410.54 7402.65 7410.11 7402.22 7409.68 7401.79
          7409.26 7401.37 7408.83 7400.94 7408.41 7400.52 7407.99 7400.1 7407.57 7399.68 7407.15 7399.27
          7406.74 7398.85 7406.32 7398.44 7405.91 7398.02 7405.5 7397.61 7405.09 7397.21 7404.69 7396.8
          7404.28 7396.39 7403.88 7395.99 7403.48 7395.59 7403.08 7395.19 7402.68 7394.79 7402.28 7394.39
          7401.88 7393.99 7401.49 7393.6 7401.1 7393.21 7400.71 7392.82 7400.32 7392.43 7399.93 7392.04
          7399.54 7391.65 7399.16 7391.27 7398.77 7390.88 7398.39 7390.5 7398.01 7390.12 7397.63 7389.74
          7397.25 7389.36 7396.88 7388.99 7396.5 7388.61 7396.13 7388.24 7395.76 7387.87 7395.39 7387.49
          7395.02 7387.13 7394.65 7386.76 7394.28 7386.39 7393.92 7386.03 7393.55 7385.66 7393.19 7385.3
          7392.83 7384.94 7392.47 7384.58 7392.11 7384.22 7391.75 7383.86 7391.4 7383.51 7391.04 7383.15
          7390.69 7382.8 7390.34 7382.44 7389.99 7382.09 7389.64 7381.74 7389.29 7381.4 7388.94 7381.05
          7388.6 7380.7 7388.25 7380.36 7387.91 7380.01 7387.57 7379.67 7387.23 7379.33 7386.89 7378.99
          7386.55 7378.65 7386.21 7378.32 7385.88 7377.98 7385.55 7377.65 7398.71 7398.26 7397.81 7397.37
          7396.93 7396.49 7396.05 7395.62 7395.19 7394.75 7394.33 7393.9 7393.47 7393.05 7392.62 7392.2
          7391.78 7391.37 7390.95 7390.54 7390.13 7389.72 7389.31 7388.9 7388.49 7388.09 7387.69 7387.29
          7386.89 7386.49 7386.09 7385.7 7385.31 7384.92 7384.53 7384.14 7383.75 7383.37 7382.98 7382.6
          7382.22 7381.84 7381.46 7381.08 7380.71 7380.34 7379.96 7379.59 7379.22 7378.85 7378.49 7378.12
          7377.76 7377.4 7377.03 7376.67 7376.32 7375.96 7375.6 7375.25 7374.89 7374.54 7374.19 7373.84
          7373.49 7373.14 7372.8 7372.45 7372.11 7371.77 7371.43 7371.09 7370.75 7370.41 7370.08 7369.74
          7390.81 7390.36 7389.92 7389.47 7389.03 7388.59 7388.16 7387.72 7387.29 7386.85 7386.43 7386
          7385.57 7385.15 7384.72 7384.3 7383.88 7383.47 7383.05 7382.64 7382.22 7381.81 7381.4 7381
          7380.59 7380.19 7379.79 7379.38 7378.98 7378.59 7378.19 7377.8 7377.4 7377.01 7376.62 7376.23
          7375.85 7375.46 7375.08 7374.69 7374.31 7373.93 7373.56 7373.18 7372.8 7372.43 7372.06 7371.69
          7371.32 7370.95 7370.58 7370.22 7369.85 7369.49 7369.13 7368.77 7368.41 7368.05 7367.69 7367.34
          7366.99 7366.63 7366.28 7365.93 7365.58 7365.24 7364.89 7364.55 7364.2 7363.86 7363.52 7363.18
          7362.84 7362.5 7362.17 7361.83 7382.91 7382.46 7382.01 7381.57 7381.13 7380.69 7380.25 7379.82
          7379.38 7378.95 7378.52 7378.09 7377.67 7377.24 7376.82 7376.4 7375.98 7375.56 7375.15 7374.73
          7374.32 7373.91 7373.5 7373.09 7372.69 7372.28 7371.88 7371.48 7371.08 7370.68 7370.29 7369.89
          7369.5 7369.11 7368.72 7368.33 7367.94 7367.55 7367.17 7366.79 7366.41 7366.03 7365.65 7365.27
          7364.9 7364.52 7364.15 7363.78 7363.41 7363.04 7362.67 7362.31 7361.94 7361.58 7361.22 7360.86
          7360.5 7360.14 7359.79 7359.43 7359.08 7358.72 7358.37 7358.02 7357.67 7357.33 7356.98 7356.64
          7356.29 7355.95 7355.61 7355.27 7354.93 7354.59 7354.26 7353.91 7375 7374.56 7374.11 7373.67
          7373.23 7372.79 7372.35 7371.91 7371.48 7371.05 7370.62 7370.19 7369.76 7369.34 7368.91 7368.49
          7368.07 7367.66 7367.24 7366.83 7366.41 7366 7365.59 7365.19 7364.78 7364.37 7363.97 7363.57
          7363.17 7362.77 7362.38 7361.98 7361.59 7361.2 7360.81 7360.42 7360.03 7359.65 7359.26 7358.88
          7358.5 7358.12 7357.74 7357.36 7356.99 7356.61 7356.24 7355.87 7355.5 7355.13 7354.76 7354.4
          7354.03 7353.67 7353.31 7352.95 7352.59 7352.23 7351.87 7351.52 7351.16 7350.81 7350.46 7350.11
          7349.76 7349.41 7349.07 7348.72 7348.38 7348.04 7347.69 7347.35 7347.02 7346.68 7346.34 7346
          7367.1 7366.65 7366.2 7365.76 7365.32 7364.88 7364.44 7364.01 7363.57 7363.14 7362.71 7362.28
          7361.85 7361.43 7361.01 7360.58 7360.17 7359.75 7359.33 7358.92 7358.5 7358.09 7357.68 7357.27
          7356.87 7356.46 7356.06 7355.66 7355.26 7354.86 7354.47 7354.07 7353.68 7353.29 7352.89 7352.51
          7352.12 7351.73 7351.35 7350.97 7350.58 7350.2 7349.83 7349.45 7349.07 7348.7 7348.33 7347.95
          7347.58 7347.21 7346.85 7346.48 7346.12 7345.75 7345.39 7345.03 7344.67 7344.31 7343.96 7343.6
          7343.25 7342.9 7342.54 7342.19 7341.84 7341.5 7341.15 7340.8 7340.46 7340.12 7339.78 7339.44
          7339.1 7338.76 7338.42 7338.08 7359.19 7358.74 7358.29 7357.85 7357.41 7356.97 7356.53 7356.1
          7355.66 7355.23 7354.8 7354.37 7353.94 7353.52 7353.09 7352.67 7352.25 7351.83 7351.42 7351
          7350.59 7350.18 7349.77 7349.36 7348.96 7348.55 7348.15 7347.75 7347.35 7346.95 7346.55 7346.16
          7345.76 7345.37 7344.98 7344.59 7344.2 7343.82 7343.43 7343.05 7342.67 7342.29 7341.91 7341.53
          7341.16 7340.78 7340.41 7340.04 7339.67 7339.3 7338.93 7338.56 7338.2 7337.84 7337.47 7337.11
          7336.75 7336.4 7336.04 7335.68 7335.33 7334.98 7334.62 7334.27 7333.92 7333.58 7333.23 7332.88
          7332.54 7332.2 7331.86 7331.52 7331.18 7330.84 7330.5 7330.16 7351.28 7350.83 7350.38 7349.94
          7349.5 7349.06 7348.62 7348.18 7347.75 7347.32 7346.89 7346.46 7346.03 7345.6 7345.18 7344.76
          7344.34 7343.92 7343.5 7343.09 7342.68 7342.26 7341.85 7341.45 7341.04 7340.63 7340.23 7339.83
          7339.43 7339.03 7338.63 7338.24 7337.84 7337.45 7337.06 7336.67 7336.29 7335.9 7335.51 7335.13
          7334.75 7334.37 7333.99 7333.61 7333.24 7332.86 7332.49 7332.12 7331.75 7331.38 7331.01 7330.64
          7330.28 7329.92 7329.55 7329.19 7328.83 7328.47 7328.12 7327.76 7327.41 7327.05 7326.7 7326.35
          7326 7325.65 7325.31 7324.96 7324.62 7324.27 7323.93 7323.59 7323.25 7322.91 7322.58 7322.23
          7343.36 7342.92 7342.47 7342.02 7341.58 7341.14 7340.7 7340.27 7339.83 7339.4 7338.97 7338.54
          7338.11 7337.69 7337.26 7336.84 7336.42 7336 7335.59 7335.17 7334.76 7334.35 7333.94 7333.53
          7333.12 7332.72 7332.31 7331.91 7331.51 7331.11 7330.71 7330.32 7329.92 7329.53 7329.14 7328.75
          7328.36 7327.98 7327.59 7327.21 7326.83 7326.45 7326.07 7325.69 7325.31 7324.94 7324.57 7324.19
          7323.82 7323.45 7323.09 7322.72 7322.36 7321.99 7321.63 7321.27 7320.91 7320.55 7320.19 7319.84
          7319.48 7319.13 7318.78 7318.43 7318.08 7317.73 7317.38 7317.04 7316.69 7316.35 7316.01 7315.66
          7315.32 7314.99 7314.65 7314.3 7335.45 7335 7334.55 7334.11 7333.67 7333.22 7332.79 7332.35
          7331.91 7331.48 7331.05 7330.62 7330.19 7329.77 7329.34 7328.92 7328.5 7328.08 7327.66 7327.25
          7326.84 7326.42 7326.01 7325.61 7325.2 7324.79 7324.39 7323.99 7323.59 7323.19 7322.79 7322.4
          7322 7321.61 7321.22 7320.83 7320.44 7320.05 7319.67 7319.29 7318.9 7318.52 7318.14 7317.77
          7317.39 7317.01 7316.64 7316.27 7315.9 7315.53 7315.16 7314.79 7314.43 7314.07 7313.7 7313.34
          7312.98 7312.62 7312.27 7311.91 7311.55 7311.2 7310.85 7310.5 7310.15 7309.8 7309.45 7309.11
          7308.76 7308.42 7308.08 7307.73 7307.4 7307.06 7306.72 7306.37 7327.53 7327.08 7326.63 7326.19
          7325.74 7325.3 7324.87 7324.43 7323.99 7323.56 7323.13 7322.7 7322.27 7321.84 7321.42 7321
          7320.58 7320.16 7319.74 7319.33 7318.91 7318.5 7318.09 7317.68 7317.27 7316.87 7316.46 7316.06
          7315.66 7315.26 7314.87 7314.47 7314.08 7313.68 7313.29 7312.9 7312.51 7312.13 7311.74 7311.36
          7310.98 7310.59 7310.22 7309.84 7309.46 7309.09 7308.71 7308.34 7307.97 7307.6 7307.23 7306.87
          7306.5 7306.14 7305.77 7305.41 7305.05 7304.69 7304.34 7303.98 7303.62 7303.27 7302.92 7302.57
          7302.22 7301.87 7301.52 7301.18 7300.83 7300.49 7300.14 7299.8 7299.46 7299.12 7298.79 7298.44
          7319.61 7319.16 7318.71 7318.26 7317.82 7317.38 7316.94 7316.5 7316.07 7315.64 7315.2 7314.77
          7314.35 7313.92 7313.5 7313.07 7312.65 7312.23 7311.81 7311.4 7310.99 7310.57 7310.16 7309.75
          7309.35 7308.94 7308.54 7308.13 7307.73 7307.33 7306.94 7306.54 7306.15 7305.75 7305.36 7304.97
          7304.58 7304.2 7303.81 7303.43 7303.05 7302.66 7302.29 7301.91 7301.53 7301.16 7300.78 7300.41
          7300.04 7299.67 7299.3 7298.93 7298.57 7298.2 7297.84 7297.48 7297.12 7296.76 7296.4 7296.05
          7295.69 7295.34 7294.98 7294.63 7294.28 7293.93 7293.59 7293.24 7292.9 7292.55 7292.21 7291.87
          7291.53 7291.19 7290.85 7290.5 7311.68 7311.23 7310.78 7310.34 7309.9 7309.45 7309.02 7308.58
          7308.14 7307.71 7307.28 7306.85 7306.42 7305.99 7305.57 7305.14 7304.72 7304.3 7303.89 7303.47
          7303.06 7302.64 7302.23 7301.82 7301.42 7301.01 7300.61 7300.2 7299.8 7299.4 7299.01 7298.61
          7298.21 7297.82 7297.43 7297.04 7296.65 7296.26 7295.88 7295.5 7295.11 7294.73 7294.35 7293.97
          7293.6 7293.22 7292.85 7292.48 7292.1 7291.73 7291.37 7291 7290.63 7290.27 7289.91 7289.54
          7289.18 7288.82 7288.47 7288.11 7287.75 7287.4 7287.05 7286.7 7286.35 7286 7285.65 7285.3
          7284.96 7284.61 7284.27 7283.93 7283.59 7283.25 7282.91 7282.56 7303.75 7303.3 7302.86 7302.41
          7301.97 7301.53 7301.09 7300.65 7300.21 7299.78 7299.35 7298.92 7298.49 7298.06 7297.64 7297.21
          7296.79 7296.37 7295.95 7295.54 7295.12 7294.71 7294.3 7293.89 7293.48 7293.08 7292.67 7292.27
          7291.87 7291.47 7291.07 7290.68 7290.28 7289.89 7289.5 7289.1 7288.72 7288.33 7287.94 7287.56
          7287.18 7286.8 7286.42 7286.04 7285.66 7285.28 7284.91 7284.54 7284.17 7283.8 7283.43 7283.06
          7282.69 7282.33 7281.97 7281.6 7281.24 7280.89 7280.53 7280.17 7279.82 7279.46 7279.11 7278.76
          7278.41 7278.06 7277.71 7277.36 7277.02 7276.67 7276.33 7275.99 7275.65 7275.31 7274.97 7274.62
          7295.82 7295.37 7294.93 7294.48 7294.04 7293.59 7293.15 7292.72 7292.28 7291.85 7291.41 7290.98
          7290.55 7290.13 7289.7 7289.28 7288.86 7288.44 7288.02 7287.6 7287.19 7286.78 7286.36 7285.96
          7285.55 7285.14 7284.74 7284.33 7283.93 7283.53 7283.13 7282.74 7282.34 7281.95 7281.56 7281.17
          7280.78 7280.39 7280.01 7279.62 7279.24 7278.86 7278.48 7278.1 7277.72 7277.35 7276.97 7276.6
          7276.23 7275.86 7275.49 7275.12 7274.75 7274.39 7274.03 7273.66 7273.3 7272.94 7272.59 7272.23
          7271.87 7271.52 7271.17 7270.81 7270.46 7270.11 7269.77 7269.42 7269.07 7268.73 7268.39 7268.04
          7267.7 7267.36 7267.02 7266.68 7287.89 7287.44 7286.99 7286.55 7286.1 7285.66 7285.22 7284.78
          7284.35 7283.91 7283.48 7283.05 7282.62 7282.19 7281.77 7281.34 7280.92 7280.5 7280.08 7279.67
          7279.25 7278.84 7278.43 7278.02 7277.61 7277.2 7276.8 7276.39 7275.99 7275.59 7275.19 7274.8
          7274.4 7274.01 7273.62 7273.23 7272.84 7272.45 7272.06 7271.68 7271.3 7270.92 7270.53 7270.16
          7269.78 7269.4 7269.03 7268.66 7268.28 7267.91 7267.54 7267.18 7266.81 7266.45 7266.08 7265.72
          7265.36 7265 7264.64 7264.28 7263.93 7263.57 7263.22 7262.87 7262.52 7262.17 7261.82 7261.47
          7261.13 7260.78 7260.44 7260.1 7259.76 7259.42 7259.08 7258.73 7279.96 7279.5 7279.06 7278.61
          7278.17 7277.72 7277.28 7276.84 7276.41 7275.97 7275.54 7275.11 7274.68 7274.25 7273.83 7273.4
          7272.98 7272.56 7272.14 7271.73 7271.31 7270.9 7270.49 7270.08 7269.67 7269.26 7268.86 7268.45
          7268.05 7267.65 7267.25 7266.86 7266.46 7266.07 7265.67 7265.28 7264.89 7264.51 7264.12 7263.74
          7263.35 7262.97 7262.59 7262.21 7261.83 7261.46 7261.08 7260.71 7260.34 7259.97 7259.6 7259.23
          7258.86 7258.5 7258.14 7257.77 7257.41 7257.05 7256.69 7256.34 7255.98 7255.63 7255.27 7254.92
          7254.57 7254.22 7253.87 7253.52 7253.18 7252.83 7252.49 7252.15 7251.81 7251.47 7251.13 7250.78
          7272.02 7271.57 7271.12 7270.67 7270.23 7269.78 7269.34 7268.9 7268.47 7268.03 7267.6 7267.17
          7266.74 7266.31 7265.88 7265.46 7265.04 7264.62 7264.2 7263.78 7263.37 7262.95 7262.54 7262.13
          7261.72 7261.32 7260.91 7260.51 7260.11 7259.71 7259.31 7258.91 7258.51 7258.12 7257.73 7257.34
          7256.95 7256.56 7256.17 7255.79 7255.4 7255.02 7254.64 7254.26 7253.89 7253.51 7253.13 7252.76
          7252.39 7252.02 7251.65 7251.28 7250.92 7250.55 7250.19 7249.82 7249.46 7249.1 7248.74 7248.39
          7248.03 7247.68 7247.32 7246.97 7246.62 7246.27 7245.92 7245.57 7245.23 7244.88 7244.54 7244.19
          7243.85 7243.51 7243.17 7242.83 7264.08 7263.62 7263.18 7262.73 7262.28 7261.84 7261.4 7260.96
          7260.52 7260.09 7259.65 7259.22 7258.79 7258.37 7257.94 7257.52 7257.09 7256.67 7256.25 7255.84
          7255.42 7255.01 7254.59 7254.18 7253.78 7253.37 7252.96 7252.56 7252.16 7251.76 7251.36 7250.96
          7250.57 7250.17 7249.78 7249.39 7249 7248.61 7248.22 7247.84 7247.46 7247.07 7246.69 7246.31
          7245.94 7245.56 7245.18 7244.81 7244.44 7244.07 7243.7 7243.33 7242.96 7242.6 7242.23 7241.87
          7241.51 7241.15 7240.79 7240.43 7240.08 7239.72 7239.37 7239.02 7238.66 7238.31 7237.96 7237.62
          7237.27 7236.93 7236.58 7236.24 7235.9 7235.56 7235.22 7234.87 7256.13 7255.68 7255.23 7254.78
          7254.34 7253.89 7253.45 7253.01 7252.58 7252.14 7251.71 7251.28 7250.85 7250.42 7249.99 7249.57
          7249.14 7248.72 7248.3 7247.89 7247.47 7247.06 7246.65 7246.23 7245.83 7245.42 7245.01 7244.61
          7244.21 7243.81 7243.41 7243.01 7242.61 7242.22 7241.83 7241.44 7241.05 7240.66 7240.27 7239.89
          7239.5 7239.12 7238.74 7238.36 7237.98 7237.6 7237.23 7236.86 7236.48 7236.11 7235.74 7235.38
          7235.01 7234.64 7234.28 7233.92 7233.55 7233.19 7232.83 7232.48 7232.12 7231.77 7231.41 7231.06
          7230.71 7230.36 7230.01 7229.66 7229.31 7228.97 7228.62 7228.28 7227.94 7227.6 7227.26 7226.91
          7248.18 7247.73 7247.28 7246.84 7246.39 7245.95 7245.5 7245.06 7244.63 7244.19 7243.76 7243.33
          7242.9 7242.47 7242.04 7241.62 7241.19 7240.77 7240.35 7239.94 7239.52 7239.11 7238.69 7238.28
          7237.87 7237.47 7237.06 7236.66 7236.25 7235.85 7235.45 7235.06 7234.66 7234.27 7233.87 7233.48
          7233.09 7232.7 7232.32 7231.93 7231.55 7231.16 7230.78 7230.4 7230.03 7229.65 7229.27 7228.9
          7228.53 7228.16 7227.79 7227.42 7227.05 7226.68 7226.32 7225.96 7225.6 7225.23 7224.88 7224.52
          7224.16 7223.81 7223.45 7223.1 7222.75 7222.4 7222.05 7221.7 7221.35 7221.01 7220.66 7220.32
          7219.98 7219.64 7219.3 7218.95 7240.23 7239.78 7239.33 7238.88 7238.44 7238 7237.55 7237.11
          7236.68 7236.24 7235.81 7235.37 7234.94 7234.51 7234.09 7233.66 7233.24 7232.82 7232.4 7231.98
          7231.56 7231.15 7230.74 7230.33 7229.92 7229.51 7229.1 7228.7 7228.3 7227.9 7227.5 7227.1
          7226.7 7226.31 7225.92 7225.52 7225.13 7224.74 7224.36 7223.97 7223.59 7223.21 7222.82 7222.44
          7222.07 7221.69 7221.31 7220.94 7220.57 7220.2 7219.83 7219.46 7219.09 7218.72 7218.36 7218
          7217.63 7217.27 7216.91 7216.56 7216.2 7215.84 7215.49 7215.14 7214.78 7214.43 7214.08 7213.74
          7213.39 7213.04 7212.7 7212.36 7212.01 7211.67 7211.33 7210.99 7232.28 7231.83 7231.38 7230.93
          7230.48 7230.04 7229.6 7229.16 7228.72 7228.28 7227.85 7227.42 7226.99 7226.56 7226.13 7225.71
          7225.28 7224.86 7224.44 7224.02 7223.61 7223.19 7222.78 7222.37 7221.96 7221.55 7221.15 7220.74
          7220.34 7219.94 7219.54 7219.14 7218.74 7218.35 7217.96 7217.56 7217.17 7216.78 7216.4 7216.01
          7215.63 7215.24 7214.86 7214.48 7214.1 7213.73 7213.35 7212.98 7212.6 7212.23 7211.86 7211.49
          7211.13 7210.76 7210.4 7210.03 7209.67 7209.31 7208.95 7208.59 7208.23 7207.88 7207.52 7207.17
          7206.82 7206.47 7206.12 7205.77 7205.42 7205.08 7204.73 7204.39 7204.05 7203.71 7203.37 7203.02
          7224.33 7223.87 7223.42 7222.97 7222.53 7222.08 7221.64 7221.2 7220.76 7220.33 7219.89 7219.46
          7219.03 7218.6 7218.17 7217.75 7217.32 7216.9 7216.48 7216.06 7215.65 7215.23 7214.82 7214.41
          7214 7213.59 7213.18 7212.78 7212.38 7211.98 7211.58 7211.18 7210.78 7210.39 7209.99 7209.6
          7209.21 7208.82 7208.43 7208.05 7207.66 7207.28 7206.9 7206.52 7206.14 7205.76 7205.39 7205.01
          7204.64 7204.27 7203.9 7203.53 7203.16 7202.79 7202.43 7202.07 7201.7 7201.34 7200.98 7200.62
          7200.27 7199.91 7199.56 7199.2 7198.85 7198.5 7198.15 7197.8 7197.45 7197.11 7196.76 7196.42
          7196.08 7195.74 7195.4 7195.05 7216.37 7215.91 7215.46 7215.01 7214.57 7214.12 7213.68 7213.24
          7212.8 7212.37 7211.93 7211.5 7211.07 7210.64 7210.21 7209.78 7209.36 7208.94 7208.52 7208.1
          7207.68 7207.27 7206.86 7206.44 7206.03 7205.63 7205.22 7204.81 7204.41 7204.01 7203.61 7203.21
          7202.81 7202.42 7202.03 7201.63 7201.24 7200.85 7200.47 7200.08 7199.7 7199.31 7198.93 7198.55
          7198.17 7197.79 7197.42 7197.04 7196.67 7196.3 7195.93 7195.56 7195.19 7194.83 7194.46 7194.1
          7193.73 7193.37 7193.01 7192.65 7192.3 7191.94 7191.59 7191.23 7190.88 7190.53 7190.18 7189.83
          7189.48 7189.14 7188.79 7188.45 7188.1 7187.76 7187.42 7187.08 7208.41 7207.95 7207.5 7207.05
          7206.61 7206.16 7205.72 7205.28 7204.84 7204.4 7203.97 7203.53 7203.1 7202.67 7202.25 7201.82
          7201.4 7200.97 7200.55 7200.13 7199.72 7199.3 7198.89 7198.48 7198.07 7197.66 7197.25 7196.85
          7196.44 7196.04 7195.64 7195.24 7194.85 7194.45 7194.06 7193.67 7193.27 7192.89 7192.5 7192.11
          7191.73 7191.34 7190.96 7190.58 7190.2 7189.82 7189.45 7189.07 7188.7 7188.33 7187.96 7187.59
          7187.22 7186.85 7186.49 7186.12 7185.76 7185.4 7185.04 7184.68 7184.32 7183.97 7183.61 7183.26
          7182.91 7182.56 7182.21 7181.86 7181.51 7181.16 7180.82 7180.47 7180.13 7179.79 7179.45 7179.1
          7200.44 7199.99 7199.54 7199.09 7198.64 7198.19 7197.75 7197.31 7196.87 7196.43 7196 7195.57
          7195.13 7194.71 7194.28 7193.85 7193.43 7193 7192.58 7192.17 7191.75 7191.33 7190.92 7190.51
          7190.1 7189.69 7189.28 7188.88 7188.47 7188.07 7187.67 7187.27 7186.88 7186.48 7186.09 7185.69
          7185.3 7184.91 7184.53 7184.14 7183.75 7183.37 7182.99 7182.61 7182.23 7181.85 7181.47 7181.1
          7180.73 7180.35 7179.98 7179.61 7179.25 7178.88 7178.51 7178.15 7177.79 7177.42 7177.06 7176.71
          7176.35 7175.99 7175.64 7175.28 7174.93 7174.58 7174.23 7173.88 7173.53 7173.18 7172.84 7172.49
          7172.15 7171.81 7171.47 7171.12 7192.47 7192.02 7191.57 7191.12 7190.67 7190.23 7189.78 7189.34
          7188.9 7188.46 7188.03 7187.6 7187.16 7186.73 7186.31 7185.88 7185.46 7185.03 7184.61 7184.19
          7183.78 7183.36 7182.95 7182.54 7182.13 7181.72 7181.31 7180.9 7180.5 7180.1 7179.7 7179.3
          7178.9 7178.51 7178.11 7177.72 7177.33 7176.94 7176.55 7176.16 7175.78 7175.4 7175.01 7174.63
          7174.25 7173.88 7173.5 7173.12 7172.75 7172.38 7172.01 7171.64 7171.27 7170.9 7170.54 7170.17
          7169.81 7169.45 7169.09 7168.73 7168.37 7168.01 7167.66 7167.3 7166.95 7166.6 7166.25 7165.9
          7165.55 7165.2 7164.86 7164.51 7164.17 7163.83 7163.49 7163.14 7184.5 7184.05 7183.6 7183.15
          7182.7 7182.25 7181.81 7181.37 7180.93 7180.49 7180.06 7179.62 7179.19 7178.76 7178.33 7177.91
          7177.48 7177.06 7176.64 7176.22 7175.8 7175.39 7174.97 7174.56 7174.15 7173.74 7173.33 7172.93
          7172.52 7172.12 7171.72 7171.32 7170.93 7170.53 7170.14 7169.74 7169.35 7168.96 7168.57 7168.19
          7167.8 7167.42 7167.04 7166.65 7166.27 7165.9 7165.52 7165.14 7164.77 7164.4 7164.03 7163.66
          7163.29 7162.92 7162.56 7162.19 7161.83 7161.47 7161.11 7160.75 7160.39 7160.03 7159.68 7159.32
          7158.97 7158.62 7158.27 7157.92 7157.57 7157.22 7156.88 7156.53 7156.19 7155.84 7155.5 7155.16
          7176.54 7176.08 7175.63 7175.18 7174.73 7174.29 7173.84 7173.4 7172.96 7172.52 7172.09 7171.66
          7171.22 7170.79 7170.36 7169.94 7169.51 7169.09 7168.67 7168.25 7167.83 7167.42 7167 7166.59
          7166.18 7165.77 7165.36 7164.96 7164.55 7164.15 7163.75 7163.35 7162.95 7162.56 7162.16 7161.77
          7161.38 7160.99 7160.6 7160.21 7159.83 7159.44 7159.06 7158.68 7158.3 7157.92 7157.55 7157.17
          7156.8 7156.42 7156.05 7155.68 7155.31 7154.95 7154.58 7154.22 7153.85 7153.49 7153.13 7152.77
          7152.41 7152.06 7151.7 7151.35 7150.99 7150.64 7150.29 7149.94 7149.59 7149.24 7148.9 7148.55
          7148.21 7147.87 7147.53 7147.17
        </DataArray>
        <DataArray type="Float32" Name="phase presence" NumberOfComponents="1" format="ascii">
          1 1 1 1 1 1 1 1 1 1 1 1
          1 1 1 1 1 1 1 1 1 1 1 1
          1 1 1 1 1 1 1 1 1 1 1 1
          1 1 1 1 1 1 1 1 1 1 1 1
          1 1 1 1 1 1 1 1 1 1 1 1
          1 1 1 1 1 1 1 1 1 1 1 1
          1 1 1 1 1 1 1 1 1 1 1 1
          1 1 1 1 1 1 1 1 1 1 1 1
          1 1 1 1 1 1 1 1 1 1 1 1
          1 1 1 1 1 1 1 1 1 1 1 1
          1 1 1 1 1 1 1 1 1 1 1 1
          1 1 1 1 1 1 1 1 1 1 1 1
          1 1 1 1 1 1 3 3 1 1 1 1
          1 1 1 1 1 1 1 1 1 1 1 1
          1 1 1 1 1 1 1 1 1 1 1 1
          1 1 1 1 1 1 1 1 1 1 1 1
          1 1 1 1 1 1 1 1 1 1 1 1
          1 1 1 1 1 1 1 1 1 1 1 1
          1 1 1 1 1 1 1 1 1 1 1 3
          1 1 1 1 1 1 1 1 1 1 1 1
          1 1 1 1 1 1 1 1 1 1 1 1
          1 1 1 1 1 1 1 1 1 1 1 1
          1 1 1 1 1 1 1 1 1 1 1 1
          1 1 1 1 1 1 1 1 1 1 1 1
          1 1 1 1 1 1 1 1 1 1 1 1
          1 1 1 3 1 1 1 1 1 1 1 1
          1 1 1 1 1 1 1 1 1 1 1 1
          1 1 1 1 1 1 1 1 1 1 1 1
          1 1 1 1 1 1 1 1 1 1 1 1
          1 1 1 1 1 1 1 1 1 1 1 1
          1 1 1 1 1 1 1 1 1 1 1 1
          1 1 1 1 1 1 1 3 1 1 1 1
          1 1 1 1 1 1 1 1 1 1 1 1
          1 1 1 1 1 1 1 1 1 1 1 1
          1 1 1 1 1 1 1 1 1 1 1 1
          1 1 1 1 1 1 1 1 1 1 1 1
          1 1 1 1 1 1 1 1 1 1 1 1
          1 1 1 1 1 1 1 1 1 1 1 3
          1 1 1 1 1 1 1 1 1 1 1 1
          1 1 1 1 1 1 1 1 1 1 1 1
          1 1 1 1 1 1 1 1 1 1 1 1
          1 1 1 1 1 1 1 1 1 1 1 1
          1 1 1 1 1 1 1 1 1 1 1 1
          1 1 1 1 1 1 1 1 1 1 1 1
          1 1 1 3 1 1 1 1 1 1 1 1
          1 1 1 1 1 1 1 1 1 1 1 1
          1 1 1 1 1 1 1 1 1 1 1 1
          1 1 1 1 1 1 1 1 1 1 1 1
          1 1 1 1 1 1 1 1 1 1 1 1
          1 1 1 1 1 1 1 1 1 1 1 1
          1 1 1 1 1 1 1 3 1 1 1 1
          1 1 1 1 1 1 1 1 1 1 1 1
          1 1 1 1 1 1 1 1 1 1 1 1
          1 1 1 1 1 1 1 1 1 1 1 1
          1 1 1 1 1 1 1 1 1 1 1 1
          1 1 1 1 1 1 1 1 1 1 1 1
          1 1 1 1 1 1 1 1 1 1 1 3
          1 1 1 1 1 1 1 1 1 1 1 1
          1 1 1 1 1 1 1 1 1 1 1 1
          1 1 1 1 1 1 1 1 1 1 1 1
          1 1 1 1 1 1 1 1 1 1 1 1
          1 1 1 1 1 1 1 1 1 1 1 1
          1 1 1 1 1 1 1 1 1 1 1 1
          1 1 1 3 1 1 1 1 1 1 1 1
          1 1 1 1 1 1 1 1 1 1 1 1
          1 1 1 1 1 1 1 1 1 1 1 1
          1 1 1 1 1 1 1 1 1 1 1 1
          1 1 1 1 1 1 1 1 1 1 1 1
          1 1 1 1 1 1 1 1 1 1 1 1
          1 1 1 1 1 1 1 3 1 1 1 1
          1 1 1 1 1 1 1 1 1 1 1 1
          1 1 1 1 1 1 1 1 1 1 1 1
          1 1 1 1 1 1 1 1 1 1 1 1
          1 1 1 1 1 1 1 1 1 1 1 1
          1 1 1 1 1 1 1 1 1 1 1 1
          1 1 1 1 1 1 1 1 1 1 1 3
          1 1 1 1 1 1 1 1 1 1 1 1
          1 1 1 1 1 1 1 1 1 1 1 1
          1 1 1 1 1 1 1 1 1 1 1 1
          1 1 1 1 1 1 1 1 1 1 1 1
          1 1 1 1 1 1 1 1 1 1 1 1
          1 1 1 1 1 1 1 1 1 1 1 1
          1 1 1 3 1 1 1 1 1 1 1 1
          1 1 1 1 1 1 1 1 1 1 1 1
          1 1 1 1 1 1 1 1 1 1 1 1
          1 1 1 1 1 1 1 1 1 1 1 1
          1 1 1 1 1 1 1 1 1 1 1 1
          1 1 1 1 1 1 1 1 1 1 1 1
          1 1 1 1 1 1 1 3 1 1 1 1
          1 1 1 1 1 1 1 1 1 1 1 1
          1 1 1 1 1 1 1 1 1 1 1 1
          1 1 1 1 1 1 1 1 1 1 1 1
          1 1 1 1 1 1 1 1 1 1 1 1
          1 1 1 1 1 1 1 1 1 1 1 1
          1 1 1 1 1 1 1 1 1 1 1 3
          1 1 1 1 1 1 1 1 1 1 1 1
          1 1 1 1 1 1 1 1 1 1 1 1
          1 1 1 1 1 1 1 1 1 1 1 1
          1 1 1 1 1 1 1 1 1 1 1 1
          1 1 1 1 1 1 1 1 1 1 1 1
          1 1 1 1 1 1 1 1 1 1 1 1
          1 1 1 3 1 1 1 1 1 1 1 1
          1 1 1 1 1 1 1 1 1 1 1 1
          1 1 1 1 1 1 1 1 1 1 1 1
          1 1 1 1 1 1 1 1 1 1 1 1
          1 1 1 1 1 1 1 1 1 1 1 1
          1 1 1 1 1 1 1 1 1 1 1 1
          1 1 1 1 1 1 1 3 1 1 1 1
          1 1 1 1 1 1 1 1 1 1 1 1
          1 1 1 1 1 1 1 1 1 1 1 1
          1 1 1 1 1 1 1 1 1 1 1 1
          1 1 1 1 1 1 1 1 1 1 1 1
          1 1 1 1 1 1 1 1 1 1 1 1
          1 1 1 1 1 1 1 1 1 1 1 3
          1 1 1 1 1 1 1 1 1 1 1 1
          1 1 1 1 1 1 1 1 1 1 1 1
          1 1 1 1 1 1 1 1 1 1 1 1
          1 1 1 1 1 1 1 1 1 1 1 1
          1 1 1 1 1 1 1 1 1 1 1 1
          1 1 1 1 1 1 1 1 1 1 1 1
          1 1 1 3 1 1 1 1 1 1 1 1
          1 1 1 1 1 1 1 1 1 1 1 1
          1 1 1 1 1 1 1 1 1 1 1 1
          1 1 1 1 1 1 1 1 1 1 1 1
          1 1 1 1 1 1 1 1 1 1 1 1
          1 1 1 1 1 1 1 1 1 1 1 1
          1 1 1 1 1 1 1 3 1 1 1 1
          1 1 1 1 1 1 1 1 1 1 1 1
          1 1 1 1 1 1 1 1 1 1 1 1
          1 1 1 1 1 1 1 1 1 1 1 1
          1 1 1 1 1 1 1 1 1 1 1 1
          1 1 1 1 1 1 1 1 1 1 1 1
          1 1 1 1 1 1 1 1 1 1 1 3
          1 1 1 1 1 1 1 1 1 1 1 1
          1 1 1 1 1 1 1 1 1 1 1 1
          1 1 1 1 1 1 1 1 1 1 1 1
          1 1 1 1 1 1 1 1 1 1 1 1
          1 1 1 1 1 1 1 1 1 1 1 1
          1 1 1 1 1 1 1 1 1 1 1 1
          1 1 1 3 1 1 1 1 1 1 1 1
          1 1 1 1 1 1 1 1 1 1 1 1
          1 1 1 1 1 1 1 1 1 1 1 1
          1 1 1 1 1 1 1 1 1 1 1 1
          1 1 1 1 1 1 1 1 1 1 1 1
          1 1 1 1 1 1 1 1 1 1 1 1
          1 1 1 1 1 1 1 3 1 1 1 1
          1 1 1 1 1 1 1 1 1 1 1 1
          1 1 1 1 1 1 1 1 1 1 1 1
          1 1 1 1 1 1 1 1 1 1 1 1
          1 1 1 1 1 1 1 1 1 1 1 1
          1 1 1 1 1 1 1 1 1 1 1 1
          1 1 1 1 1 1 1 1 1 1 1 3
          1 1 1 1 1 1 1 1 1 1 1 1
          1 1 1 1 1 1 1 1 1 1 1 1
          1 1 1 1 1 1 1 1 1 1 1 1
          1 1 1 1 1 1 1 1 1 1 1 1
          1 1 1 1 1 1 1 1 1 1 1 1
          1 1 1 1 1 1 1 1 1 1 1 1
          1 1 1 3 1 1 1 1 1 1 1 1
          1 1 1 1 1 1 1 1 1 1 1 1
          1 1 1 1 1 1 1 1 1 1 1 1
          1 1 1 1 1 1 1 1 1 1 1 1
          1 1 1 1 1 1 1 1 1 1 1 1
          1 1 1 1 1 1 1 1 1 1 1 1
          1 1 1 1 1 1 1 3 1 1 1 1
          1 1 1 1 1 1 1 1 1 1 1 1
          1 1 1 1 1 1 1 1 1 1 1 1
          1 1 1 1 1 1 1 1 1 1 1 1
          1 1 1 1 1 1 1 1 1 1 1 1
          1 1 1 1 1 1 1 1 1 1 1 1
          1 1 1 1 1 1 1 1 1 1 1 3
          1 1 1 1 1 1 1 1 1 1 1 1
          1 1 1 1 1 1 1 1 1 1 1 1
          1 1 1 1 1 1 1 1 1 1 1 1
          1 1 1 1 1 1 1 1 1 1 1 1
          1 1 1 1 1 1 1 1 1 1 1 1
          1 1 1 1 1 1 1 1 1 1 1 1
          1 1 1 3 1 1 1 1 1 1 1 1
          1 1 1 1 1 1 1 1 1 1 1 1
          1 1 1 1 1 1 1 1 1 1 1 1
          1 1 1 1 1 1 1 1 1 1 1 1
          1 1 1 1 1 1 1 1 1 1 1 1
          1 1 1 1 1 1 1 1 1 1 1 1
          1 1 1 1 1 1 1 3 1 1 1 1
          1 1 1 1 1 1 1 1 1 1 1 1
          1 1 1 1 1 1 1 1 1 1 1 1
          1 1 1 1 1 1 1 1 1 1 1 1
          1 1 1 1 1 1 1 1 1 1 1 1
          1 1 1 1 1 1 1 1 1 1 1 1
          1 1 1 1 1 1 1 1 1 1 1 3
          1 1 1 1 1 1 1 1 1 1 1 1
          1 1 1 1 1 1 1 1 1 1 1 1
          1 1 1 1 1 1 1 1 1 1 1 1
          1 1 1 1 1 1 1 1 1 1 1 1
          1 1 1 1 1 1 1 1 1 1 1 1
          1 1 1 1 1 1 1 1 1 1 1 1
          1 1 1 3
        </DataArray>
        <DataArray type="Float32" Name="velocity_liq (m/s)" NumberOfComponents="3" format="ascii">
          8.31767e-08 -3.82171e-12 0 1.65998e-07 -7.31646e-12 0 8.3178e-08 -7.62313e-12 0 1.66001e-07 -1.4594e-11 0
          1.65291e-07 -6.89996e-12 0 1.65293e-07 -1.37632e-11 0 1.64588e-07 -6.50567e-12 0 1.64591e-07 -1.29767e-11 0
          1.63891e-07 -6.13236e-12 0 1.63893e-07 -1.2232e-11 0 1.63198e-07 -5.77885e-12 0 1.632e-07 -1.15268e-11 0
          1.62511e-07 -5.44402e-12 0 1.62513e-07 -1.08589e-11 0 1.61828e-07 -5.1268e-12 0 1.6183e-07 -1.02261e-11 0
          1.6115e-07 -4.8262e-12 0 1.61152e-07 -9.62653e-12 0 1.60477e-07 -4.54126e-12 0 1.60479e-07 -9.05815e-12 0
          1.59809e-07 -4.27108e-12 0 1.59811e-07 -8.5192e-12 0 1.59146e-07 -4.01478e-12 0 1.59147e-07 -8.00796e-12 0
          1.58488e-07 -3.77155e-12 0 1.58489e-07 -7.5228e-12 0 1.57834e-07 -3.54062e-12 0 1.57835e-07 -7.06217e-12 0
          1.57185e-07 -3.32125e-12 0 1.57186e-07 -6.6246e-12 0 1.56541e-07 -3.11273e-12 0 1.56542e-07 -6.20867e-12 0
          1.55902e-07 -2.9144e-12 0 1.55903e-07 -5.81308e-12 0 1.55267e-07 -2.72562e-12 0 1.55268e-07 -5.43653e-12 0
          1.54637e-07 -2.54579e-12 0 1.54638e-07 -5.07784e-12 0 1.54012e-07 -2.37433e-12 0 1.54013e-07 -4.73584e-12 0
          1.53391e-07 -2.21068e-12 0 1.53392e-07 -4.40943e-12 0 1.52774e-07 -2.05433e-12 0 1.52775e-07 -4.09758e-12 0
          1.52163e-07 -1.90477e-12 0 1.52163e-07 -3.79927e-12 0 1.51555e-07 -1.76152e-12 0 1.51556e-07 -3.51356e-12 0
          1.50952e-07 -1.62412e-12 0 1.50953e-07 -3.2395e-12 0 1.50354e-07 -1.49213e-12 0 1.50355e-07 -2.97624e-12 0
          1.4976e-07 -1.36511e-12 0 1.49761e-07 -2.7229e-12 0 1.4917e-07 -1.24266e-12 0 1.49171e-07 -2.47868e-12 0
          1.48584e-07 -1.12439e-12 0 1.48585e-07 -2.24279e-12 0 1.48003e-07 -1.0099e-12 0 1.48004e-07 -2.01446e-12 0
          1.47426e-07 -8.98823e-13 0 1.47427e-07 -1.79293e-12 0 1.46853e-07 -7.90798e-13 0 1.46854e-07 -1.5775e-12 0
          1.46284e-07 -6.85468e-13 0 1.46285e-07 -1.36745e-12 0 1.4572e-07 -5.82482e-13 0 1.4572e-07 -1.16208e-12 0
          1.45159e-07 -4.81495e-13 0 1.45159e-07 -9.60701e-13 0 1.44602e-07 -3.82167e-13 0 1.44603e-07 -7.62642e-13 0
          1.44049e-07 -2.84155e-13 0 1.4405e-07 -5.67221e-13 0 1.435e-07 -1.8712e-13 0 1.43501e-07 -3.7376e-13 0
          1.42955e-07 -9.07165e-14 0 1.42956e-07 -1.81573e-13 0 1.42414e-07 5.40503e-15 0 1.42415e-07 1.00324e-14 0
          1.41877e-07 1.01602e-13 0 1.41877e-07 2.01767e-13 0 1.41343e-07 1.98243e-13 0 1.41343e-07 3.94362e-13 0
          1.40813e-07 2.95711e-13 0 1.40813e-07 5.88576e-13 0 1.40286e-07 3.94409e-13 0 1.40287e-07 7.85204e-13 0
          1.39763e-07 4.9476e-13 0 1.39764e-07 9.85087e-13 0 1.39244e-07 5.97219e-13 0 1.39245e-07 1.18912e-12 0
          1.38728e-07 7.02276e-13 0 1.38729e-07 1.39827e-12 0 1.38216e-07 8.10462e-13 0 1.38216e-07 1.61358e-12 0
          1.37707e-07 9.22364e-13 0 1.37707e-07 1.8362e-12 0 1.37201e-07 1.03863e-12 0 1.37202e-07 2.06741e-12 0
          1.36699e-07 1.16e-12 0 1.36699e-07 2.30864e-12 0 1.36199e-07 1.28729e-12 0 1.362e-07 2.56151e-12 0
          1.35703e-07 1.42145e-12 0 1.35704e-07 2.82785e-12 0 1.3521e-07 1.56358e-12 0 1.35211e-07 3.1098e-12 0
          1.3472e-07 1.71497e-12 0 1.34721e-07 3.40984e-12 0 1.34233e-07 1.87713e-12 0 1.34234e-07 3.7309e-12 0
          1.33749e-07 2.05188e-12 0 1.3375e-07 4.07647e-12 0 1.33268e-07 2.24142e-12 0 1.33269e-07 4.45076e-12 0
          1.32789e-07 2.44845e-12 0 1.3279e-07 4.85888e-12 0 1.32313e-07 2.67632e-12 0 1.32315e-07 5.30718e-12 0
          1.3184e-07 2.92925e-12 0 1.31841e-07 5.80358e-12 0 1.31368e-07 3.21264e-12 0 1.3137e-07 6.35813e-12 0
          1.309e-07 3.53355e-12 0 1.30902e-07 6.98381e-12 0 1.30433e-07 3.90135e-12 0 1.30435e-07 7.69767e-12 0
          1.29968e-07 4.32876e-12 0 1.29971e-07 8.52254e-12 0 1.29505e-07 4.83359e-12 0 1.29508e-07 9.48971e-12 0
          1.29043e-07 5.44148e-12 0 1.29046e-07 1.06432e-11 0 1.28581e-07 6.19086e-12 0 1.28586e-07 1.20467e-11 0
          1.2812e-07 7.14207e-12 0 1.28127e-07 1.3796e-11 0 1.27659e-07 8.39596e-12 0 1.27667e-07 1.6041e-11 0
          1.27195e-07 1.01352e-11 0 1.27207e-07 1.90286e-11 0 1.26728e-07 1.27274e-11 0 1.26745e-07 2.31909e-11 0
          1.26252e-07 1.70166e-11 0 1.2628e-07 2.93409e-11 0 1.25758e-07 2.52478e-11 0 1.25813e-07 3.91432e-11 0
          1.25221e-07 4.43088e-11 0 1.25349e-07 5.63444e-11 0 1.24938e-07 7.44583e-11 0 1.2512e-07 7.78499e-11 0
          8.31819e-08 -1.51653e-11 0 1.66009e-07 -2.9033e-11 0 1.65301e-07 -2.73799e-11 0 1.64598e-07 -2.5815e-11 0
          1.639e-07 -2.43334e-11 0 1.63207e-07 -2.29304e-11 0 1.62518e-07 -2.16016e-11 0 1.61835e-07 -2.03427e-11 0
          1.61157e-07 -1.91498e-11 0 1.60484e-07 -1.8019e-11 0 1.59815e-07 -1.69468e-11 0 1.59152e-07 -1.59298e-11 0
          1.58493e-07 -1.49646e-11 0 1.57839e-07 -1.40483e-11 0 1.5719e-07 -1.31778e-11 0 1.56546e-07 -1.23504e-11 0
          1.55906e-07 -1.15634e-11 0 1.55271e-07 -1.08144e-11 0 1.54641e-07 -1.01008e-11 0 1.54016e-07 -9.42053e-12 0
          1.53395e-07 -8.77126e-12 0 1.52778e-07 -8.15093e-12 0 1.52166e-07 -7.55756e-12 0 1.51559e-07 -6.98923e-12 0
          1.50956e-07 -6.44412e-12 0 1.50357e-07 -5.92048e-12 0 1.49763e-07 -5.4166e-12 0 1.49173e-07 -4.93087e-12 0
          1.48587e-07 -4.46171e-12 0 1.48006e-07 -4.0076e-12 0 1.47429e-07 -3.56706e-12 0 1.46856e-07 -3.13864e-12 0
          1.46287e-07 -2.72096e-12 0 1.45722e-07 -2.31261e-12 0 1.45161e-07 -1.91224e-12 0 1.44604e-07 -1.5185e-12 0
          1.44052e-07 -1.13005e-12 0 1.43503e-07 -7.45547e-13 0 1.42958e-07 -3.63641e-13 0 1.42416e-07 1.7041e-14 0
          1.41879e-07 3.97896e-13 0 1.41345e-07 7.80362e-13 0 1.40815e-07 1.16593e-12 0 1.40289e-07 1.55616e-12 0
          1.39766e-07 1.95268e-12 0 1.39247e-07 2.35726e-12 0 1.38731e-07 2.77175e-12 0 1.38218e-07 3.1982e-12 0
          1.37709e-07 3.63882e-12 0 1.37204e-07 4.09606e-12 0 1.36701e-07 4.57267e-12 0 1.36202e-07 5.07171e-12 0
          1.35706e-07 5.59669e-12 0 1.35214e-07 6.15162e-12 0 1.34724e-07 6.74116e-12 0 1.34237e-07 7.37075e-12 0
          1.33753e-07 8.04685e-12 0 1.33272e-07 8.77714e-12 0 1.32794e-07 9.57092e-12 0 1.32319e-07 1.04395e-11 0
          1.31846e-07 1.1397e-11 0 1.31375e-07 1.24608e-11 0 1.30908e-07 1.3653e-11 0 1.30442e-07 1.50023e-11 0
          1.29978e-07 1.65457e-11 0 1.29517e-07 1.83322e-11 0 1.29057e-07 2.04282e-11 0 1.286e-07 2.29245e-11 0
          1.28143e-07 2.59476e-11 0 1.27688e-07 2.96776e-11 0 1.27235e-07 3.43722e-11 0 1.26783e-07 4.03996e-11 0
          1.26334e-07 4.82625e-11 0 1.2589e-07 5.8537e-11 0 1.25455e-07 7.13946e-11 0 1.2524e-07 8.19797e-11 0
          8.31884e-08 -2.25465e-11 0 1.66021e-07 -4.31631e-11 0 1.65313e-07 -4.07049e-11 0 1.64609e-07 -3.8378e-11 0
          1.6391e-07 -3.61749e-11 0 1.63217e-07 -3.40888e-11 0 1.62528e-07 -3.2113e-11 0 1.61844e-07 -3.02412e-11 0
          1.61166e-07 -2.84676e-11 0 1.60492e-07 -2.67864e-11 0 1.59823e-07 -2.51923e-11 0 1.59159e-07 -2.36802e-11 0
          1.585e-07 -2.22453e-11 0 1.57846e-07 -2.0883e-11 0 1.57197e-07 -1.95889e-11 0 1.56552e-07 -1.83588e-11 0
          1.55912e-07 -1.7189e-11 0 1.55277e-07 -1.60755e-11 0 1.54646e-07 -1.50148e-11 0 1.5402e-07 -1.40035e-11 0
          1.53399e-07 -1.30383e-11 0 1.52783e-07 -1.21163e-11 0 1.5217e-07 -1.12343e-11 0 1.51563e-07 -1.03895e-11 0
          1.5096e-07 -9.57932e-12 0 1.50361e-07 -8.80104e-12 0 1.49766e-07 -8.05217e-12 0 1.49176e-07 -7.3303e-12 0
          1.48591e-07 -6.63309e-12 0 1.48009e-07 -5.95828e-12 0 1.47432e-07 -5.30369e-12 0 1.46859e-07 -4.66717e-12 0
          1.4629e-07 -4.04664e-12 0 1.45725e-07 -3.44006e-12 0 1.45164e-07 -2.84541e-12 0 1.44607e-07 -2.2607e-12 0
          1.44054e-07 -1.68396e-12 0 1.43506e-07 -1.1132e-12 0 1.4296e-07 -5.46438e-13 0 1.42419e-07 1.83357e-14 0
          1.41882e-07 5.83168e-13 0 1.41348e-07 1.15016e-12 0 1.40818e-07 1.72148e-12 0 1.40292e-07 2.29938e-12 0
          1.39769e-07 2.88624e-12 0 1.3925e-07 3.48456e-12 0 1.38734e-07 4.09704e-12 0 1.38222e-07 4.72656e-12 0
          1.37713e-07 5.37627e-12 0 1.37207e-07 6.04962e-12 0 1.36705e-07 6.75042e-12 0 1.36206e-07 7.48295e-12 0
          1.3571e-07 8.25202e-12 0 1.35218e-07 9.0631e-12 0 1.34728e-07 9.92248e-12 0 1.34242e-07 1.08374e-11 0
          1.33758e-07 1.18164e-11 0 1.33278e-07 1.28695e-11 0 1.328e-07 1.40084e-11 0 1.32325e-07 1.52476e-11 0
          1.31853e-07 1.66042e-11 0 1.31384e-07 1.80991e-11 0 1.30917e-07 1.97584e-11 0 1.30452e-07 2.16139e-11 0
          1.2999e-07 2.37058e-11 0 1.29531e-07 2.60845e-11 0 1.29073e-07 2.88135e-11 0 1.28618e-07 3.19735e-11 0
          1.28166e-07 3.56653e-11 0 1.27716e-07 4.00131e-11 0 1.27268e-07 4.51629e-11 0 1.26824e-07 5.12683e-11 0
          1.26385e-07 5.84501e-11 0 1.2595e-07 6.67104e-11 0 1.25522e-07 7.58394e-11 0 1.2531e-07 8.30524e-11 0
          8.31975e-08 -2.96879e-11 0 1.66039e-07 -5.68339e-11 0 1.65329e-07 -5.35961e-11 0 1.64625e-07 -5.05313e-11 0
          1.63925e-07 -4.76297e-11 0 1.63231e-07 -4.48823e-11 0 1.62541e-07 -4.22803e-11 0 1.61857e-07 -3.98153e-11 0
          1.61178e-07 -3.74797e-11 0 1.60503e-07 -3.52658e-11 0 1.59834e-07 -3.31667e-11 0 1.5917e-07 -3.11757e-11 0
          1.5851e-07 -2.92863e-11 0 1.57855e-07 -2.74925e-11 0 1.57205e-07 -2.57886e-11 0 1.5656e-07 -2.41691e-11 0
          1.5592e-07 -2.26289e-11 0 1.55284e-07 -2.11629e-11 0 1.54654e-07 -1.97664e-11 0 1.54027e-07 -1.84351e-11 0
          1.53406e-07 -1.71645e-11 0 1.52789e-07 -1.59507e-11 0 1.52176e-07 -1.47897e-11 0 1.51569e-07 -1.36777e-11 0
          1.50965e-07 -1.26112e-11 0 1.50366e-07 -1.15868e-11 0 1.49772e-07 -1.06012e-11 0 1.49181e-07 -9.65119e-12 0
          1.48595e-07 -8.73367e-12 0 1.48014e-07 -7.84571e-12 0 1.47436e-07 -6.98443e-12 0 1.46863e-07 -6.14702e-12 0
          1.46294e-07 -5.33075e-12 0 1.45729e-07 -4.53295e-12 0 1.45168e-07 -3.75099e-12 0 1.44611e-07 -2.98226e-12 0
          1.44058e-07 -2.22418e-12 0 1.43509e-07 -1.4742e-12 0 1.42964e-07 -7.29718e-13 0 1.42423e-07 1.18543e-14 0
          1.41886e-07 7.53159e-13 0 1.41352e-07 1.49689e-12 0 1.40822e-07 2.24583e-12 0 1.40296e-07 3.00286e-12 0
          1.39773e-07 3.77096e-12 0 1.39254e-07 4.55332e-12 0 1.38738e-07 5.35329e-12 0 1.38226e-07 6.17446e-12 0
          1.37717e-07 7.02071e-12 0 1.37212e-07 7.89626e-12 0 1.3671e-07 8.80574e-12 0 1.36211e-07 9.75427e-12 0
          1.35716e-07 1.07476e-11 0 1.35224e-07 1.1792e-11 0 1.34734e-07 1.28949e-11 0 1.34248e-07 1.40645e-11 0
          1.33765e-07 1.53103e-11 0 1.33285e-07 1.66433e-11 0 1.32808e-07 1.80763e-11 0 1.32334e-07 1.96244e-11 0
          1.31863e-07 2.1305e-11 0 1.31394e-07 2.31391e-11 0 1.30928e-07 2.51514e-11 0 1.30465e-07 2.73712e-11 0
          1.30005e-07 2.98332e-11 0 1.29547e-07 3.25785e-11 0 1.29092e-07 3.56551e-11 0 1.2864e-07 3.9118e-11 0
          1.2819e-07 4.30276e-11 0 1.27744e-07 4.74467e-11 0 1.27301e-07 5.24319e-11 0 1.26862e-07 5.80198e-11 0
          1.26427e-07 6.42069e-11 0 1.25997e-07 7.09297e-11 0 1.25571e-07 7.80581e-11 0 1.2536e-07 8.35556e-11 0
          8.32089e-08 -3.65134e-11 0 1.66061e-07 -6.98992e-11 0 1.6535e-07 -6.59154e-11 0 1.64645e-07 -6.21447e-11 0
          1.63944e-07 -5.8575e-11 0 1.63249e-07 -5.51951e-11 0 1.62558e-07 -5.19942e-11 0 1.61873e-07 -4.8962e-11 0
          1.61193e-07 -4.6089e-11 0 1.60518e-07 -4.33659e-11 0 1.59848e-07 -4.07841e-11 0 1.59183e-07 -3.83353e-11 0
          1.58522e-07 -3.60115e-11 0 1.57867e-07 -3.38055e-11 0 1.57216e-07 -3.171e-11 0 1.56571e-07 -2.97184e-11 0
          1.5593e-07 -2.78243e-11 0 1.55294e-07 -2.60216e-11 0 1.54663e-07 -2.43044e-11 0 1.54036e-07 -2.26674e-11 0
          1.53414e-07 -2.11051e-11 0 1.52797e-07 -1.96127e-11 0 1.52184e-07 -1.81852e-11 0 1.51576e-07 -1.68181e-11 0
          1.50972e-07 -1.55071e-11 0 1.50373e-07 -1.42478e-11 0 1.49778e-07 -1.30362e-11 0 1.49188e-07 -1.18685e-11 0
          1.48601e-07 -1.07408e-11 0 1.4802e-07 -9.64962e-12 0 1.47442e-07 -8.5913e-12 0 1.46869e-07 -7.56245e-12 0
          1.463e-07 -6.55973e-12 0 1.45734e-07 -5.57988e-12 0 1.45173e-07 -4.61969e-12 0 1.44616e-07 -3.67599e-12 0
          1.44063e-07 -2.74565e-12 0 1.43514e-07 -1.82555e-12 0 1.42969e-07 -9.12585e-13 0 1.42428e-07 -3.61701e-15 0
          1.41891e-07 9.04518e-13 0 1.41357e-07 1.81504e-12 0 1.40827e-07 2.73125e-12 0 1.40301e-07 3.65655e-12 0
          1.39778e-07 4.59446e-12 0 1.39259e-07 5.54867e-12 0 1.38744e-07 6.52307e-12 0 1.38232e-07 7.52179e-12 0
          1.37723e-07 8.54922e-12 0 1.37218e-07 9.61011e-12 0 1.36716e-07 1.07096e-11 0 1.36218e-07 1.18533e-11 0
          1.35723e-07 1.30475e-11 0 1.35231e-07 1.42988e-11 0 1.34742e-07 1.56151e-11 0 1.34256e-07 1.70048e-11 0
          1.33774e-07 1.84775e-11 0 1.33294e-07 2.0044e-11 0 1.32818e-07 2.17169e-11 0 1.32345e-07 2.351e-11 0
          1.31874e-07 2.54394e-11 0 1.31407e-07 2.75234e-11 0 1.30942e-07 2.97827e-11 0 1.3048e-07 3.22406e-11 0
          1.30021e-07 3.49235e-11 0 1.29565e-07 3.786e-11 0 1.29112e-07 4.1081e-11 0 1.28662e-07 4.4618e-11 0
          1.28215e-07 4.85009e-11 0 1.27772e-07 5.27542e-11 0 1.27332e-07 5.73917e-11 0 1.26895e-07 6.24098e-11 0
          1.26463e-07 6.77811e-11 0 1.26034e-07 7.34496e-11 0 1.25611e-07 7.93296e-11 0 1.254e-07 8.38152e-11 0
          8.32227e-08 -4.29497e-11 0 1.66088e-07 -8.22185e-11 0 1.65376e-07 -7.75304e-11 0 1.64669e-07 -7.30932e-11 0
          1.63967e-07 -6.88928e-11 0 1.6327e-07 -6.4916e-11 0 1.62579e-07 -6.11499e-11 0 1.61893e-07 -5.75826e-11 0
          1.61211e-07 -5.42026e-11 0 1.60535e-07 -5.09992e-11 0 1.59864e-07 -4.79621e-11 0 1.59198e-07 -4.50815e-11 0
          1.58537e-07 -4.23482e-11 0 1.57881e-07 -3.97534e-11 0 1.5723e-07 -3.72888e-11 0 1.56584e-07 -3.49464e-11 0
          1.55942e-07 -3.27188e-11 0 1.55306e-07 -3.05987e-11 0 1.54674e-07 -2.85794e-11 0 1.54047e-07 -2.66543e-11 0
          1.53424e-07 -2.48173e-11 0 1.52806e-07 -2.30624e-11 0 1.52193e-07 -2.1384e-11 0 1.51585e-07 -1.97767e-11 0
          1.50981e-07 -1.82353e-11 0 1.50381e-07 -1.67549e-11 0 1.49786e-07 -1.53307e-11 0 1.49195e-07 -1.39582e-11 0
          1.48609e-07 -1.26328e-11 0 1.48027e-07 -1.13505e-11 0 1.47449e-07 -1.01069e-11 0 1.46875e-07 -8.89818e-12 0
          1.46306e-07 -7.72036e-12 0 1.45741e-07 -6.56964e-12 0 1.4518e-07 -5.44227e-12 0 1.44623e-07 -4.33458e-12 0
          1.4407e-07 -3.24294e-12 0 1.4352e-07 -2.16375e-12 0 1.42975e-07 -1.09341e-12 0 1.42434e-07 -2.8319e-14 0
          1.41897e-07 1.03513e-12 0 1.41363e-07 2.10062e-12 0 1.40833e-07 3.17186e-12 0 1.40307e-07 4.25269e-12 0
          1.39784e-07 5.34705e-12 0 1.39265e-07 6.45902e-12 0 1.3875e-07 7.59287e-12 0 1.38238e-07 8.75308e-12 0
          1.3773e-07 9.94438e-12 0 1.37225e-07 1.11718e-11 0 1.36723e-07 1.24408e-11 0 1.36225e-07 1.37571e-11 0
          1.35731e-07 1.51271e-11 0 1.35239e-07 1.65575e-11 0 1.34751e-07 1.80559e-11 0 1.34266e-07 1.96305e-11 0
          1.33784e-07 2.12903e-11 0 1.33305e-07 2.30453e-11 0 1.32829e-07 2.49066e-11 0 1.32356e-07 2.68862e-11 0
          1.31887e-07 2.89976e-11 0 1.3142e-07 3.12553e-11 0 1.30957e-07 3.36753e-11 0 1.30496e-07 3.62745e-11 0
          1.30038e-07 3.90709e-11 0 1.29584e-07 4.20823e-11 0 1.29132e-07 4.53264e-11 0 1.28684e-07 4.88187e-11 0
          1.28239e-07 5.25711e-11 0 1.27797e-07 5.65894e-11 0 1.27359e-07 6.08705e-11 0 1.26925e-07 6.54e-11 0
          1.26494e-07 7.01498e-11 0 1.26067e-07 7.50773e-11 0 1.25643e-07 8.01264e-11 0 1.25433e-07 8.39543e-11 0
          8.32386e-08 -4.89273e-11 0 1.66119e-07 -9.36591e-11 0 1.65405e-07 -8.83156e-11 0 1.64696e-07 -8.32585e-11 0
          1.63993e-07 -7.84716e-11 0 1.63295e-07 -7.39397e-11 0 1.62602e-07 -6.96483e-11 0 1.61915e-07 -6.55835e-11 0
          1.61232e-07 -6.17325e-11 0 1.60555e-07 -5.80828e-11 0 1.59883e-07 -5.46227e-11 0 1.59216e-07 -5.13411e-11 0
          1.58554e-07 -4.82274e-11 0 1.57897e-07 -4.52716e-11 0 1.57245e-07 -4.24643e-11 0 1.56598e-07 -3.97963e-11 0
          1.55956e-07 -3.72592e-11 0 1.55319e-07 -3.48446e-11 0 1.54686e-07 -3.25448e-11 0 1.54059e-07 -3.03525e-11 0
          1.53436e-07 -2.82606e-11 0 1.52817e-07 -2.62622e-11 0 1.52204e-07 -2.43511e-11 0 1.51595e-07 -2.25211e-11 0
          1.5099e-07 -2.07662e-11 0 1.5039e-07 -1.90809e-11 0 1.49795e-07 -1.74596e-11 0 1.49204e-07 -1.58973e-11 0
          1.48617e-07 -1.43889e-11 0 1.48035e-07 -1.29296e-11 0 1.47457e-07 -1.15147e-11 0 1.46883e-07 -1.01395e-11 0
          1.46313e-07 -8.79984e-12 0 1.45748e-07 -7.49126e-12 0 1.45187e-07 -6.20957e-12 0 1.4463e-07 -4.95063e-12 0
          1.44076e-07 -3.71038e-12 0 1.43527e-07 -2.48478e-12 0 1.42982e-07 -1.26981e-12 0 1.42441e-07 -6.15009e-14 0
          1.41903e-07 1.14417e-12 0 1.4137e-07 2.35123e-12 0 1.4084e-07 3.56375e-12 0 1.40314e-07 4.7859e-12 0
          1.39791e-07 6.02191e-12 0 1.39273e-07 7.27615e-12 0 1.38757e-07 8.55314e-12 0 1.38246e-07 9.85756e-12 0
          1.37738e-07 1.11943e-11 0 1.37233e-07 1.25685e-11 0 1.36732e-07 1.39857e-11 0 1.36234e-07 1.54515e-11 0
          1.35739e-07 1.69721e-11 0 1.35248e-07 1.85541e-11 0 1.3476e-07 2.02045e-11 0 1.34276e-07 2.19307e-11 0
          1.33794e-07 2.37409e-11 0 1.33316e-07 2.56437e-11 0 1.32841e-07 2.76484e-11 0 1.32369e-07 2.97651e-11 0
          1.319e-07 3.2004e-11 0 1.31434e-07 3.43764e-11 0 1.30972e-07 3.68934e-11 0 1.30512e-07 3.95666e-11 0
          1.30056e-07 4.24071e-11 0 1.29603e-07 4.54252e-11 0 1.29152e-07 4.86296e-11 0 1.28706e-07 5.20266e-11 0
          1.28262e-07 5.56185e-11 0 1.27822e-07 5.9403e-11 0 1.27385e-07 6.33714e-11 0 1.26951e-07 6.75078e-11 0
          1.26521e-07 7.17885e-11 0 1.26095e-07 7.6182e-11 0 1.25672e-07 8.06498e-11 0 1.25462e-07 8.40243e-11 0
          8.32565e-08 -5.43815e-11 0 1.66154e-07 -1.04097e-10 0 1.65438e-07 -9.81539e-11 0 1.64728e-07 -9.25301e-11 0
          1.64023e-07 -8.72072e-11 0 1.63323e-07 -8.21681e-11 0 1.62629e-07 -7.73968e-11 0 1.6194e-07 -7.28778e-11 0
          1.61256e-07 -6.85966e-11 0 1.60578e-07 -6.45394e-11 0 1.59905e-07 -6.06933e-11 0 1.59236e-07 -5.70458e-11 0
          1.58573e-07 -5.35851e-11 0 1.57916e-07 -5.03e-11 0 1.57263e-07 -4.71801e-11 0 1.56615e-07 -4.42152e-11 0
          1.55972e-07 -4.13958e-11 0 1.55334e-07 -3.87127e-11 0 1.54701e-07 -3.61574e-11 0 1.54072e-07 -3.37215e-11 0
          1.53449e-07 -3.13973e-11 0 1.5283e-07 -2.91772e-11 0 1.52216e-07 -2.70542e-11 0 1.51606e-07 -2.50213e-11 0
          1.51001e-07 -2.3072e-11 0 1.50401e-07 -2.12001e-11 0 1.49805e-07 -1.93996e-11 0 1.49213e-07 -1.76647e-11 0
          1.48626e-07 -1.59898e-11 0 1.48044e-07 -1.43696e-11 0 1.47466e-07 -1.27989e-11 0 1.46892e-07 -1.12726e-11 0
          1.46322e-07 -9.786e-12 0 1.45756e-07 -8.33422e-12 0 1.45195e-07 -6.91265e-12 0 1.44638e-07 -5.51676e-12 0
          1.44084e-07 -4.14208e-12 0 1.43535e-07 -2.78421e-12 0 1.4299e-07 -1.4388e-12 0 1.42448e-07 -1.01503e-13 0
          1.41911e-07 1.23198e-12 0 1.41377e-07 2.56599e-12 0 1.40848e-07 3.90486e-12 0 1.40322e-07 5.25299e-12 0
          1.39799e-07 6.61484e-12 0 1.39281e-07 7.99496e-12 0 1.38765e-07 9.398e-12 0 1.38254e-07 1.08287e-11 0
          1.37746e-07 1.22921e-11 0 1.37242e-07 1.37932e-11 0 1.36741e-07 1.53374e-11 0 1.36243e-07 1.69301e-11 0
          1.35749e-07 1.85773e-11 0 1.35258e-07 2.02849e-11 0 1.34771e-07 2.20593e-11 0 1.34287e-07 2.39072e-11 0
          1.33806e-07 2.58355e-11 0 1.33328e-07 2.78516e-11 0 1.32854e-07 2.99628e-11 0 1.32382e-07 3.21771e-11 0
          1.31914e-07 3.45023e-11 0 1.31449e-07 3.69462e-11 0 1.30988e-07 3.95165e-11 0 1.30529e-07 4.22205e-11 0
          1.30073e-07 4.50646e-11 0 1.29621e-07 4.80538e-11 0 1.29172e-07 5.11917e-11 0 1.28726e-07 5.44792e-11 0
          1.28283e-07 5.79144e-11 0 1.27844e-07 6.14915e-11 0 1.27408e-07 6.52007e-11 0 1.26975e-07 6.90276e-11 0
          1.26546e-07 7.29529e-11 0 1.2612e-07 7.69532e-11 0 1.25698e-07 8.10011e-11 0 1.25487e-07 8.40509e-11 0
          8.32762e-08 -5.92525e-11 0 1.66192e-07 -1.13417e-10 0 1.65474e-07 -1.06938e-10 0 1.64762e-07 -1.00806e-10 0
          1.64055e-07 -9.50039e-11 0 1.63354e-07 -8.95111e-11 0 1.62658e-07 -8.43106e-11 0 1.61968e-07 -7.93854e-11 0
          1.61282e-07 -7.47197e-11 0 1.60603e-07 -7.02985e-11 0 1.59928e-07 -6.61075e-11 0 1.59259e-07 -6.21331e-11 0
          1.58595e-07 -5.83625e-11 0 1.57936e-07 -5.47835e-11 0 1.57282e-07 -5.13845e-11 0 1.56633e-07 -4.81546e-11 0
          1.55989e-07 -4.50833e-11 0 1.5535e-07 -4.21608e-11 0 1.54716e-07 -3.93775e-11 0 1.54087e-07 -3.67244e-11 0
          1.53463e-07 -3.41931e-11 0 1.52843e-07 -3.17754e-11 0 1.52229e-07 -2.94634e-11 0 1.51619e-07 -2.72497e-11 0
          1.51013e-07 -2.51273e-11 0 1.50412e-07 -2.30893e-11 0 1.49816e-07 -2.11291e-11 0 1.49224e-07 -1.92405e-11 0
          1.48637e-07 -1.74175e-11 0 1.48054e-07 -1.56542e-11 0 1.47475e-07 -1.3945e-11 0 1.46901e-07 -1.22845e-11 0
          1.46331e-07 -1.06674e-11 0 1.45765e-07 -9.08857e-12 0 1.45204e-07 -7.54299e-12 0 1.44646e-07 -6.02577e-12 0
          1.44093e-07 -4.53214e-12 0 1.43544e-07 -3.05738e-12 0 1.42998e-07 -1.59684e-12 0 1.42457e-07 -1.45928e-13 0
          1.41919e-07 1.29993e-12 0 1.41386e-07 2.7453e-12 0 1.40856e-07 4.19471e-12 0 1.4033e-07 5.65273e-12 0
          1.39808e-07 7.12397e-12 0 1.39289e-07 8.61306e-12 0 1.38774e-07 1.01247e-11 0 1.38263e-07 1.16637e-11 0
          1.37755e-07 1.3235e-11 0 1.37251e-07 1.48434e-11 0 1.3675e-07 1.64942e-11 0 1.36253e-07 1.81925e-11 0
          1.35759e-07 1.99437e-11 0 1.35269e-07 2.17533e-11 0 1.34782e-07 2.3627e-11 0 1.34298e-07 2.55706e-11 0
          1.33818e-07 2.75899e-11 0 1.33341e-07 2.96908e-11 0 1.32867e-07 3.18794e-11 0 1.32396e-07 3.41614e-11 0
          1.31929e-07 3.65427e-11 0 1.31465e-07 3.90286e-11 0 1.31003e-07 4.1624e-11 0 1.30546e-07 4.43332e-11 0
          1.30091e-07 4.71594e-11 0 1.29639e-07 5.01046e-11 0 1.29191e-07 5.31691e-11 0 1.28746e-07 5.63512e-11 0
          1.28304e-07 5.9647e-11 0 1.27865e-07 6.30499e-11 0 1.2743e-07 6.65502e-11 0 1.26998e-07 7.01357e-11 0
          1.26569e-07 7.37909e-11 0 1.26143e-07 7.74978e-11 0 1.25721e-07 8.12363e-11 0 1.25511e-07 8.40483e-11 0
          8.32975e-08 -6.34863e-11 0 1.66234e-07 -1.21517e-10 0 1.65514e-07 -1.14569e-10 0 1.64799e-07 -1.07996e-10 0
          1.6409e-07 -1.01776e-10 0 1.63387e-07 -9.58876e-11 0 1.6269e-07 -9.03133e-11 0 1.61997e-07 -8.50346e-11 0
          1.61311e-07 -8.00344e-11 0 1.60629e-07 -7.52964e-11 0 1.59953e-07 -7.08055e-11 0 1.59283e-07 -6.65469e-11 0
          1.58617e-07 -6.25069e-11 0 1.57957e-07 -5.86725e-11 0 1.57302e-07 -5.50312e-11 0 1.56652e-07 -5.15711e-11 0
          1.56008e-07 -4.82812e-11 0 1.55368e-07 -4.51507e-11 0 1.54733e-07 -4.21695e-11 0 1.54103e-07 -3.9328e-11 0
          1.53478e-07 -3.66171e-11 0 1.52858e-07 -3.40279e-11 0 1.52243e-07 -3.15521e-11 0 1.51632e-07 -2.91818e-11 0
          1.51026e-07 -2.69093e-11 0 1.50425e-07 -2.47273e-11 0 1.49828e-07 -2.26289e-11 0 1.49236e-07 -2.06073e-11 0
          1.48648e-07 -1.8656e-11 0 1.48065e-07 -1.6769e-11 0 1.47486e-07 -1.494e-11 0 1.46911e-07 -1.31635e-11 0
          1.46341e-07 -1.14337e-11 0 1.45775e-07 -9.74513e-12 0 1.45213e-07 -8.09257e-12 0 1.44656e-07 -6.47082e-12 0
          1.44102e-07 -4.8748e-12 0 1.43553e-07 -3.29955e-12 0 1.43007e-07 -1.74018e-12 0 1.42466e-07 -1.91872e-13 0
          1.41928e-07 1.35013e-12 0 1.41395e-07 2.89054e-12 0 1.40865e-07 4.43408e-12 0 1.40339e-07 5.9854e-12 0
          1.39817e-07 7.5492e-12 0 1.39298e-07 9.13016e-12 0 1.38784e-07 1.0733e-11 0 1.38273e-07 1.23624e-11 0
          1.37765e-07 1.40232e-11 0 1.37261e-07 1.57202e-11 0 1.36761e-07 1.74582e-11 0 1.36264e-07 1.92422e-11 0
          1.3577e-07 2.1077e-11 0 1.3528e-07 2.29676e-11 0 1.34794e-07 2.4919e-11 0 1.3431e-07 2.69362e-11 0
          1.3383e-07 2.9024e-11 0 1.33354e-07 3.11873e-11 0 1.3288e-07 3.34306e-11 0 1.3241e-07 3.57585e-11 0
          1.31943e-07 3.81748e-11 0 1.3148e-07 4.06833e-11 0 1.31019e-07 4.32868e-11 0 1.30562e-07 4.59875e-11 0
          1.30108e-07 4.87868e-11 0 1.29657e-07 5.16845e-11 0 1.29209e-07 5.46794e-11 0 1.28765e-07 5.77684e-11 0
          1.28324e-07 6.09469e-11 0 1.27886e-07 6.42083e-11 0 1.27451e-07 6.75438e-11 0 1.27019e-07 7.09429e-11 0
          1.2659e-07 7.43931e-11 0 1.26165e-07 7.78803e-11 0 1.25743e-07 8.13888e-11 0 1.25532e-07 8.40249e-11 0
          8.33202e-08 -6.70357e-11 0 1.66278e-07 -1.28306e-10 0 1.65555e-07 -1.20964e-10 0 1.64839e-07 -1.14019e-10 0
          1.64128e-07 -1.07447e-10 0 1.63423e-07 -1.01227e-10 0 1.62723e-07 -9.53382e-11 0 1.62029e-07 -8.97626e-11 0
          1.61341e-07 -8.44814e-11 0 1.60658e-07 -7.94777e-11 0 1.5998e-07 -7.47351e-11 0 1.59308e-07 -7.02383e-11 0
          1.58642e-07 -6.59725e-11 0 1.5798e-07 -6.1924e-11 0 1.57324e-07 -5.80796e-11 0 1.56673e-07 -5.44268e-11 0
          1.56027e-07 -5.09538e-11 0 1.55387e-07 -4.76493e-11 0 1.54751e-07 -4.45026e-11 0 1.5412e-07 -4.15035e-11 0
          1.53495e-07 -3.86423e-11 0 1.52874e-07 -3.59098e-11 0 1.52258e-07 -3.32971e-11 0 1.51646e-07 -3.07959e-11 0
          1.5104e-07 -2.8398e-11 0 1.50438e-07 -2.60959e-11 0 1.49841e-07 -2.3882e-11 0 1.49248e-07 -2.17494e-11 0
          1.4866e-07 -1.96913e-11 0 1.48076e-07 -1.7701e-11 0 1.47497e-07 -1.57723e-11 0 1.46922e-07 -1.38991e-11 0
          1.46352e-07 -1.20754e-11 0 1.45785e-07 -1.02957e-11 0 1.45223e-07 -8.55419e-12 0 1.44666e-07 -6.84562e-12 0
          1.44112e-07 -5.16465e-12 0 1.43562e-07 -3.50613e-12 0 1.43017e-07 -1.86497e-12 0 1.42475e-07 -2.36199e-13 0
          1.41938e-07 1.3851e-12 0 1.41404e-07 3.00376e-12 0 1.40875e-07 4.62459e-12 0 1.40349e-07 6.25234e-12 0
          1.39827e-07 7.89172e-12 0 1.39308e-07 9.54744e-12 0 1.38794e-07 1.12242e-11 0 1.38283e-07 1.29266e-11 0
          1.37775e-07 1.46593e-11 0 1.37272e-07 1.64269e-11 0 1.36772e-07 1.8234e-11 0 1.36275e-07 2.00853e-11 0
          1.35782e-07 2.19852e-11 0 1.35292e-07 2.39382e-11 0 1.34806e-07 2.59487e-11 0 1.34323e-07 2.8021e-11 0
          1.33843e-07 3.01591e-11 0 1.33367e-07 3.23669e-11 0 1.32894e-07 3.46481e-11 0 1.32425e-07 3.70059e-11 0
          1.31958e-07 3.94431e-11 0 1.31495e-07 4.1962e-11 0 1.31035e-07 4.45642e-11 0 1.30579e-07 4.72506e-11 0
          1.30125e-07 5.00212e-11 0 1.29675e-07 5.28747e-11 0 1.29228e-07 5.58091e-11 0 1.28784e-07 5.88208e-11 0
          1.28343e-07 6.19048e-11 0 1.27905e-07 6.50549e-11 0 1.2747e-07 6.82633e-11 0 1.27039e-07 7.15209e-11 0
          1.26611e-07 7.48173e-11 0 1.26185e-07 7.8141e-11 0 1.25763e-07 8.14797e-11 0 1.25553e-07 8.39861e-11 0
          8.3344e-08 -6.98602e-11 0 1.66324e-07 -1.33706e-10 0 1.65599e-07 -1.2605e-10 0 1.6488e-07 -1.18806e-10 0
          1.64167e-07 -1.11953e-10 0 1.6346e-07 -1.05468e-10 0 1.62758e-07 -9.93286e-11 0 1.62062e-07 -9.3516e-11 0
          1.61372e-07 -8.80109e-11 0 1.60688e-07 -8.27953e-11 0 1.60009e-07 -7.78523e-11 0 1.59335e-07 -7.31658e-11 0
          1.58667e-07 -6.87204e-11 0 1.58005e-07 -6.45016e-11 0 1.57347e-07 -6.04958e-11 0 1.56695e-07 -5.66898e-11 0
          1.56048e-07 -5.30714e-11 0 1.55407e-07 -4.96287e-11 0 1.5477e-07 -4.63507e-11 0 1.54138e-07 -4.32265e-11 0
          1.53512e-07 -4.02462e-11 0 1.5289e-07 -3.74e-11 0 1.52273e-07 -3.46789e-11 0 1.51661e-07 -3.2074e-11 0
          1.51054e-07 -2.95769e-11 0 1.50452e-07 -2.71796e-11 0 1.49854e-07 -2.48744e-11 0 1.49261e-07 -2.2654e-11 0
          1.48672e-07 -2.05113e-11 0 1.48088e-07 -1.84394e-11 0 1.47509e-07 -1.64319e-11 0 1.46933e-07 -1.44824e-11 0
          1.46363e-07 -1.25847e-11 0 1.45796e-07 -1.07331e-11 0 1.45234e-07 -8.92155e-12 0 1.44676e-07 -7.14464e-12 0
          1.44122e-07 -5.39688e-12 0 1.43572e-07 -3.67295e-12 0 1.43027e-07 -1.96763e-12 0 1.42485e-07 -2.75819e-13 0
          1.41948e-07 1.4075e-12 0 1.41414e-07 3.08725e-12 0 1.40884e-07 4.76831e-12 0 1.40359e-07 6.45545e-12 0
          1.39837e-07 8.15343e-12 0 1.39318e-07 9.86692e-12 0 1.38804e-07 1.16006e-11 0 1.38293e-07 1.33589e-11 0
          1.37786e-07 1.51465e-11 0 1.37283e-07 1.69678e-11 0 1.36783e-07 1.88271e-11 0 1.36286e-07 2.07288e-11 0
          1.35793e-07 2.26771e-11 0 1.35304e-07 2.46761e-11 0 1.34818e-07 2.67295e-11 0 1.34336e-07 2.88413e-11 0
          1.33857e-07 3.10148e-11 0 1.33381e-07 3.32532e-11 0 1.32908e-07 3.55594e-11 0 1.32439e-07 3.79359e-11 0
          1.31973e-07 4.03846e-11 0 1.31511e-07 4.29069e-11 0 1.31051e-07 4.55035e-11 0 1.30595e-07 4.81745e-11 0
          1.30142e-07 5.09191e-11 0 1.29692e-07 5.37355e-11 0 1.29245e-07 5.66211e-11 0 1.28802e-07 5.9572e-11 0
          1.28361e-07 6.25835e-11 0 1.27924e-07 6.56496e-11 0 1.27489e-07 6.87634e-11 0 1.27058e-07 7.19168e-11 0
          1.2663e-07 7.51009e-11 0 1.26205e-07 7.83062e-11 0 1.25783e-07 8.15221e-11 0 1.25572e-07 8.39351e-11 0
          8.33687e-08 -7.1927e-11 0 1.66372e-07 -1.37656e-10 0 1.65645e-07 -1.29766e-10 0 1.64923e-07 -1.22303e-10 0
          1.64208e-07 -1.15243e-10 0 1.63498e-07 -1.08562e-10 0 1.62795e-07 -1.02239e-10 0 1.62097e-07 -9.62519e-11 0
          1.61405e-07 -9.05824e-11 0 1.60719e-07 -8.52115e-11 0 1.60038e-07 -8.01216e-11 0 1.59363e-07 -7.52962e-11 0
          1.58694e-07 -7.07193e-11 0 1.5803e-07 -6.63761e-11 0 1.57371e-07 -6.22523e-11 0 1.56718e-07 -5.83345e-11 0
          1.5607e-07 -5.461e-11 0 1.55427e-07 -5.10666e-11 0 1.54789e-07 -4.76928e-11 0 1.54157e-07 -4.44776e-11 0
          1.53529e-07 -4.14106e-11 0 1.52907e-07 -3.84818e-11 0 1.5229e-07 -3.56818e-11 0 1.51677e-07 -3.30015e-11 0
          1.51069e-07 -3.04323e-11 0 1.50466e-07 -2.79659e-11 0 1.49868e-07 -2.55945e-11 0 1.49274e-07 -2.33105e-11 0
          1.48685e-07 -2.11065e-11 0 1.48101e-07 -1.89756e-11 0 1.47521e-07 -1.6911e-11 0 1.46945e-07 -1.49063e-11 0
          1.46374e-07 -1.29552e-11 0 1.45807e-07 -1.10515e-11 0 1.45245e-07 -9.18949e-12 0 1.44687e-07 -7.36332e-12 0
          1.44133e-07 -5.56745e-12 0 1.43583e-07 -3.79645e-12 0 1.43037e-07 -2.04501e-12 0 1.42496e-07 -3.07958e-13 0
          1.41958e-07 1.41981e-12 0 1.41424e-07 3.14327e-12 0 1.40895e-07 4.86733e-12 0 1.40369e-07 6.5968e-12 0
          1.39847e-07 8.33643e-12 0 1.39329e-07 1.00909e-11 0 1.38815e-07 1.18647e-11 0 1.38304e-07 1.36625e-11 0
          1.37797e-07 1.54886e-11 0 1.37294e-07 1.73473e-11 0 1.36794e-07 1.92429e-11 0 1.36298e-07 2.11794e-11 0
          1.35805e-07 2.31609e-11 0 1.35316e-07 2.5191e-11 0 1.34831e-07 2.72733e-11 0 1.34349e-07 2.94112e-11 0
          1.3387e-07 3.16078e-11 0 1.33394e-07 3.38656e-11 0 1.32922e-07 3.61872e-11 0 1.32454e-07 3.85743e-11 0
          1.31988e-07 4.10284e-11 0 1.31526e-07 4.35504e-11 0 1.31067e-07 4.61404e-11 0 1.30611e-07 4.87979e-11 0
          1.30158e-07 5.15217e-11 0 1.29709e-07 5.43098e-11 0 1.29263e-07 5.71592e-11 0 1.28819e-07 6.00661e-11 0
          1.28379e-07 6.30258e-11 0 1.27942e-07 6.60327e-11 0 1.27508e-07 6.90804e-11 0 1.27077e-07 7.21617e-11 0
          1.26649e-07 7.52687e-11 0 1.26224e-07 7.83927e-11 0 1.25802e-07 8.15249e-11 0 1.25592e-07 8.38741e-11 0
          8.3394e-08 -7.32111e-11 0 1.66421e-07 -1.40108e-10 0 1.65691e-07 -1.3207e-10 0 1.64967e-07 -1.24468e-10 0
          1.64249e-07 -1.17277e-10 0 1.63538e-07 -1.10473e-10 0 1.62832e-07 -1.04034e-10 0 1.62132e-07 -9.79383e-11 0
          1.61438e-07 -9.21659e-11 0 1.6075e-07 -8.6698e-11 0 1.60068e-07 -8.15166e-11 0 1.59392e-07 -7.66047e-11 0
          1.58721e-07 -7.19461e-11 0 1.58055e-07 -6.75257e-11 0 1.57395e-07 -6.33289e-11 0 1.56741e-07 -5.9342e-11 0
          1.56092e-07 -5.5552e-11 0 1.55448e-07 -5.19465e-11 0 1.54809e-07 -4.85137e-11 0 1.54176e-07 -4.52424e-11 0
          1.53548e-07 -4.21221e-11 0 1.52924e-07 -3.91426e-11 0 1.52306e-07 -3.62942e-11 0 1.51693e-07 -3.35678e-11 0
          1.51084e-07 -3.09545e-11 0 1.50481e-07 -2.84459e-11 0 1.49882e-07 -2.60341e-11 0 1.49288e-07 -2.37112e-11 0
          1.48698e-07 -2.14699e-11 0 1.48113e-07 -1.9303e-11 0 1.47533e-07 -1.72038e-11 0 1.46957e-07 -1.51655e-11 0
          1.46386e-07 -1.31819e-11 0 1.45819e-07 -1.12468e-11 0 1.45256e-07 -9.35415e-12 0 1.44698e-07 -7.49818e-12 0
          1.44143e-07 -5.67325e-12 0 1.43594e-07 -3.87386e-12 0 1.43048e-07 -2.09465e-12 0 1.42506e-07 -3.30385e-13 0
          1.41968e-07 1.42406e-12 0 1.41435e-07 3.17371e-12 0 1.40905e-07 4.92349e-12 0 1.40379e-07 6.67821e-12 0
          1.39858e-07 8.44263e-12 0 1.3934e-07 1.02214e-11 0 1.38825e-07 1.2019e-11 0 1.38315e-07 1.384e-11 0
          1.37808e-07 1.56887e-11 0 1.37305e-07 1.75693e-11 0 1.36806e-07 1.94859e-11 0 1.3631e-07 2.14425e-11 0
          1.35818e-07 2.3443e-11 0 1.35329e-07 2.54908e-11 0 1.34843e-07 2.75893e-11 0 1.34362e-07 2.97416e-11 0
          1.33883e-07 3.19506e-11 0 1.33408e-07 3.42187e-11 0 1.32937e-07 3.65478e-11 0 1.32468e-07 3.89397e-11 0
          1.32003e-07 4.13954e-11 0 1.31541e-07 4.39154e-11 0 1.31083e-07 4.64996e-11 0 1.30627e-07 4.91473e-11 0
          1.30175e-07 5.1857e-11 0 1.29726e-07 5.46265e-11 0 1.2928e-07 5.74527e-11 0 1.28837e-07 6.03319e-11 0
          1.28397e-07 6.32596e-11 0 1.2796e-07 6.62302e-11 0 1.27526e-07 6.92377e-11 0 1.27095e-07 7.22754e-11 0
          1.26668e-07 7.53359e-11 0 1.26243e-07 7.84113e-11 0 1.2582e-07 8.14934e-11 0 1.2561e-07 8.38046e-11 0
          8.34196e-08 -7.3696e-11 0 1.66471e-07 -1.4103e-10 0 1.65738e-07 -1.32932e-10 0 1.65012e-07 -1.25274e-10 0
          1.64291e-07 -1.1803e-10 0 1.63577e-07 -1.11178e-10 0 1.6287e-07 -1.04693e-10 0 1.62168e-07 -9.85542e-11 0
          1.61472e-07 -9.27419e-11 0 1.60783e-07 -8.72367e-11 0 1.60099e-07 -8.20202e-11 0 1.5942e-07 -7.70755e-11 0
          1.58748e-07 -7.23861e-11 0 1.58081e-07 -6.79368e-11 0 1.5742e-07 -6.37127e-11 0 1.56764e-07 -5.97002e-11 0
          1.56114e-07 -5.58861e-11 0 1.55469e-07 -5.22578e-11 0 1.5483e-07 -4.88035e-11 0 1.54195e-07 -4.55119e-11 0
          1.53566e-07 -4.23724e-11 0 1.52942e-07 -3.93747e-11 0 1.52323e-07 -3.6509e-11 0 1.51709e-07 -3.37662e-11 0
          1.511e-07 -3.11372e-11 0 1.50496e-07 -2.86138e-11 0 1.49896e-07 -2.61878e-11 0 1.49301e-07 -2.38513e-11 0
          1.48711e-07 -2.1597e-11 0 1.48126e-07 -1.94177e-11 0 1.47545e-07 -1.73065e-11 0 1.46969e-07 -1.52567e-11 0
          1.46397e-07 -1.3262e-11 0 1.4583e-07 -1.13161e-11 0 1.45267e-07 -9.41304e-12 0 1.44709e-07 -7.54699e-12 0
          1.44154e-07 -5.71227e-12 0 1.43604e-07 -3.90337e-12 0 1.43058e-07 -2.11489e-12 0 1.42517e-07 -3.41597e-13 0
          1.41979e-07 1.42166e-12 0 1.41445e-07 3.17991e-12 0 1.40916e-07 4.93808e-12 0 1.4039e-07 6.701e-12 0
          1.39868e-07 8.4734e-12 0 1.3935e-07 1.02599e-11 0 1.38836e-07 1.20651e-11 0 1.38326e-07 1.38933e-11 0
          1.37819e-07 1.5749e-11 0 1.37317e-07 1.76363e-11 0 1.36817e-07 1.95593e-11 0 1.36322e-07 2.15219e-11 0
          1.3583e-07 2.35278e-11 0 1.35341e-07 2.55805e-11 0 1.34856e-07 2.76834e-11 0 1.34375e-07 2.98395e-11 0
          1.33897e-07 3.20514e-11 0 1.33422e-07 3.43215e-11 0 1.32951e-07 3.66517e-11 0 1.32483e-07 3.90436e-11 0
          1.32018e-07 4.14981e-11 0 1.31557e-07 4.40156e-11 0 1.31098e-07 4.6596e-11 0 1.30643e-07 4.92384e-11 0
          1.30191e-07 5.19412e-11 0 1.29743e-07 5.47023e-11 0 1.29297e-07 5.75185e-11 0 1.28854e-07 6.03862e-11 0
          1.28415e-07 6.33006e-11 0 1.27978e-07 6.62567e-11 0 1.27544e-07 6.92483e-11 0 1.27114e-07 7.22689e-11 0
          1.26686e-07 7.53113e-11 0 1.26261e-07 7.83679e-11 0 1.25839e-07 8.14307e-11 0 1.25629e-07 8.37273e-11 0
          8.34453e-08 -7.33737e-11 0 1.66521e-07 -1.40407e-10 0 1.65785e-07 -1.32337e-10 0 1.65056e-07 -1.24707e-10 0
          1.64334e-07 -1.17491e-10 0 1.63617e-07 -1.10664e-10 0 1.62908e-07 -1.04204e-10 0 1.62204e-07 -9.80905e-11 0
          1.61506e-07 -9.23019e-11 0 1.60815e-07 -8.68196e-11 0 1.60129e-07 -8.16253e-11 0 1.59449e-07 -7.67018e-11 0
          1.58775e-07 -7.2033e-11 0 1.58107e-07 -6.76034e-11 0 1.57445e-07 -6.33984e-11 0 1.56788e-07 -5.94042e-11 0
          1.56136e-07 -5.56077e-11 0 1.5549e-07 -5.19963e-11 0 1.5485e-07 -4.85584e-11 0 1.54214e-07 -4.52825e-11 0
          1.53584e-07 -4.21581e-11 0 1.5296e-07 -3.91749e-11 0 1.5234e-07 -3.63233e-11 0 1.51725e-07 -3.3594e-11 0
          1.51115e-07 -3.09782e-11 0 1.5051e-07 -2.84674e-11 0 1.4991e-07 -2.60535e-11 0 1.49315e-07 -2.37289e-11 0
          1.48725e-07 -2.14861e-11 0 1.48139e-07 -1.9318e-11 0 1.47558e-07 -1.72176e-11 0 1.46981e-07 -1.51785e-11 0
          1.46409e-07 -1.31941e-11 0 1.45842e-07 -1.12583e-11 0 1.45279e-07 -9.36517e-12 0 1.4472e-07 -7.50885e-12 0
          1.44165e-07 -5.6837e-12 0 1.43615e-07 -3.88422e-12 0 1.43069e-07 -2.10504e-12 0 1.42527e-07 -3.40926e-13 0
          1.4199e-07 1.41324e-12 0 1.41456e-07 3.16249e-12 0 1.40926e-07 4.91173e-12 0 1.40401e-07 6.6658e-12 0
          1.39879e-07 8.4294e-12 0 1.39361e-07 1.02072e-11 0 1.38847e-07 1.20037e-11 0 1.38337e-07 1.38234e-11 0
          1.37831e-07 1.56707e-11 0 1.37328e-07 1.75496e-11 0 1.36829e-07 1.94644e-11 0 1.36334e-07 2.1419e-11 0
          1.35842e-07 2.34172e-11 0 1.35354e-07 2.54624e-11 0 1.34869e-07 2.75582e-11 0 1.34388e-07 2.97075e-11 0
          1.3391e-07 3.19131e-11 0 1.33436e-07 3.41775e-11 0 1.32965e-07 3.65027e-11 0 1.32497e-07 3.88902e-11 0
          1.32033e-07 4.13412e-11 0 1.31572e-07 4.38561e-11 0 1.31114e-07 4.64349e-11 0 1.30659e-07 4.90768e-11 0
          1.30208e-07 5.17803e-11 0 1.29759e-07 5.45432e-11 0 1.29314e-07 5.73625e-11 0 1.28872e-07 6.02345e-11 0
          1.28432e-07 6.31545e-11 0 1.27996e-07 6.61172e-11 0 1.27562e-07 6.91166e-11 0 1.27132e-07 7.21459e-11 0
          1.26704e-07 7.51977e-11 0 1.26279e-07 7.82644e-11 0 1.25857e-07 8.13378e-11 0 1.25647e-07 8.36423e-11 0
          8.34707e-08 -7.2245e-11 0 1.66571e-07 -1.38241e-10 0 1.65832e-07 -1.30289e-10 0 1.65101e-07 -1.2277e-10 0
          1.64376e-07 -1.1566e-10 0 1.63657e-07 -1.08935e-10 0 1.62945e-07 -1.02572e-10 0 1.62239e-07 -9.65496e-11 0
          1.6154e-07 -9.08485e-11 0 1.60846e-07 -8.54493e-11 0 1.60159e-07 -8.03342e-11 0 1.59478e-07 -7.54862e-11 0
          1.58803e-07 -7.08892e-11 0 1.58133e-07 -6.65281e-11 0 1.57469e-07 -6.23883e-11 0 1.56811e-07 -5.84562e-11 0
          1.56158e-07 -5.4719e-11 0 1.55511e-07 -5.11642e-11 0 1.5487e-07 -4.77803e-11 0 1.54234e-07 -4.4556e-11 0
          1.53603e-07 -4.1481e-11 0 1.52977e-07 -3.8545e-11 0 1.52356e-07 -3.57387e-11 0 1.51741e-07 -3.30528e-11 0
          1.5113e-07 -3.04786e-11 0 1.50525e-07 -2.80079e-11 0 1.49924e-07 -2.56326e-11 0 1.49329e-07 -2.33452e-11 0
          1.48738e-07 -2.11383e-11 0 1.48152e-07 -1.90048e-11 0 1.4757e-07 -1.69381e-11 0 1.46993e-07 -1.49316e-11 0
          1.46421e-07 -1.29789e-11 0 1.45853e-07 -1.10741e-11 0 1.4529e-07 -9.21106e-12 0 1.44731e-07 -7.3842e-12 0
          1.44176e-07 -5.5879e-12 0 1.43626e-07 -3.81672e-12 0 1.4308e-07 -2.06535e-12 0 1.42538e-07 -3.28593e-13 0
          1.42e-07 1.39863e-12 0 1.41466e-07 3.12129e-12 0 1.40937e-07 4.84431e-12 0 1.40411e-07 6.57247e-12 0
          1.39889e-07 8.31052e-12 0 1.39372e-07 1.00631e-11 0 1.38858e-07 1.18348e-11 0 1.38348e-07 1.363e-11 0
          1.37842e-07 1.54533e-11 0 1.37339e-07 1.73088e-11 0 1.3684e-07 1.92007e-11 0 1.36345e-07 2.11332e-11 0
          1.35854e-07 2.31102e-11 0 1.35366e-07 2.51353e-11 0 1.34882e-07 2.72122e-11 0 1.34401e-07 2.9344e-11 0
          1.33923e-07 3.15339e-11 0 1.3345e-07 3.37845e-11 0 1.32979e-07 3.60981e-11 0 1.32512e-07 3.84766e-11 0
          1.32048e-07 4.09214e-11 0 1.31587e-07 4.34333e-11 0 1.3113e-07 4.60125e-11 0 1.30675e-07 4.86584e-11 0
          1.30224e-07 5.13698e-11 0 1.29776e-07 5.41447e-11 0 1.29331e-07 5.69802e-11 0 1.28889e-07 5.98725e-11 0
          1.2845e-07 6.28168e-11 0 1.28014e-07 6.58078e-11 0 1.27581e-07 6.88391e-11 0 1.2715e-07 7.19034e-11 0
          1.26723e-07 7.4993e-11 0 1.26298e-07 7.80994e-11 0 1.25876e-07 8.12138e-11 0 1.25665e-07 8.35496e-11 0
          8.34956e-08 -7.03198e-11 0 1.66619e-07 -1.34551e-10 0 1.65878e-07 -1.26804e-10 0 1.65144e-07 -1.19481e-10 0
          1.64417e-07 -1.12556e-10 0 1.63696e-07 -1.06006e-10 0 1.62982e-07 -9.98099e-11 0 1.62274e-07 -9.39462e-11 0
          1.61573e-07 -8.83954e-11 0 1.60878e-07 -8.3139e-11 0 1.60189e-07 -7.81596e-11 0 1.59506e-07 -7.34405e-11 0
          1.58829e-07 -6.8966e-11 0 1.58158e-07 -6.47213e-11 0 1.57493e-07 -6.06923e-11 0 1.56834e-07 -5.68657e-11 0
          1.5618e-07 -5.32289e-11 0 1.55532e-07 -4.97698e-11 0 1.54889e-07 -4.6477e-11 0 1.54252e-07 -4.33399e-11 0
          1.5362e-07 -4.03479e-11 0 1.52994e-07 -3.74915e-11 0 1.52373e-07 -3.47612e-11 0 1.51756e-07 -3.21481e-11 0
          1.51145e-07 -2.96438e-11 0 1.50539e-07 -2.72402e-11 0 1.49938e-07 -2.49295e-11 0 1.49342e-07 -2.27042e-11 0
          1.48751e-07 -2.05572e-11 0 1.48164e-07 -1.84817e-11 0 1.47582e-07 -1.64711e-11 0 1.47005e-07 -1.45189e-11 0
          1.46432e-07 -1.26191e-11 0 1.45864e-07 -1.07656e-11 0 1.45301e-07 -8.95273e-12 0 1.44741e-07 -7.17484e-12 0
          1.44187e-07 -5.42646e-12 0 1.43636e-07 -3.70227e-12 0 1.4309e-07 -1.99704e-12 0 1.42548e-07 -3.05673e-13 0
          1.4201e-07 1.37685e-12 0 1.41476e-07 3.05544e-12 0 1.40947e-07 4.73497e-12 0 1.40421e-07 6.42021e-12 0
          1.399e-07 8.11589e-12 0 1.39382e-07 9.82665e-12 0 1.38869e-07 1.15571e-11 0 1.38359e-07 1.33118e-11 0
          1.37853e-07 1.50952e-11 0 1.3735e-07 1.69118e-11 0 1.36852e-07 1.87659e-11 0 1.36357e-07 2.06617e-11 0
          1.35866e-07 2.26034e-11 0 1.35378e-07 2.4595e-11 0 1.34894e-07 2.66404e-11 0 1.34414e-07 2.87432e-11 0
          1.33937e-07 3.09069e-11 0 1.33463e-07 3.31346e-11 0 1.32993e-07 3.54291e-11 0 1.32526e-07 3.77928e-11 0
          1.32063e-07 4.02276e-11 0 1.31602e-07 4.27348e-11 0 1.31145e-07 4.53153e-11 0 1.30691e-07 4.79689e-11 0
          1.30241e-07 5.06949e-11 0 1.29793e-07 5.34915e-11 0 1.29348e-07 5.63561e-11 0 1.28907e-07 5.92849e-11 0
          1.28468e-07 6.22731e-11 0 1.28032e-07 6.53151e-11 0 1.27599e-07 6.84037e-11 0 1.27169e-07 7.15313e-11 0
          1.26741e-07 7.46889e-11 0 1.26317e-07 7.78672e-11 0 1.25895e-07 8.1056e-11 0 1.25684e-07 8.34484e-11 0
          8.35198e-08 -6.76167e-11 0 1.66666e-07 -1.29374e-10 0 1.65922e-07 -1.21919e-10 0 1.65186e-07 -1.14872e-10 0
          1.64456e-07 -1.08209e-10 0 1.63733e-07 -1.01908e-10 0 1.63017e-07 -9.59468e-11 0 1.62308e-07 -9.03064e-11 0
          1.61605e-07 -8.49676e-11 0 1.60908e-07 -7.99122e-11 0 1.60217e-07 -7.51236e-11 0 1.59533e-07 -7.05856e-11 0
          1.58855e-07 -6.62831e-11 0 1.58183e-07 -6.22018e-11 0 1.57516e-07 -5.83281e-11 0 1.56856e-07 -5.46492e-11 0
          1.56201e-07 -5.11529e-11 0 1.55552e-07 -4.78276e-11 0 1.54908e-07 -4.46624e-11 0 1.5427e-07 -4.16468e-11 0
          1.53638e-07 -3.8771e-11 0 1.5301e-07 -3.60254e-11 0 1.52388e-07 -3.34012e-11 0 1.51772e-07 -3.08897e-11 0
          1.5116e-07 -2.84827e-11 0 1.50553e-07 -2.61726e-11 0 1.49952e-07 -2.39517e-11 0 1.49355e-07 -2.18129e-11 0
          1.48763e-07 -1.97494e-11 0 1.48176e-07 -1.77545e-11 0 1.47594e-07 -1.58218e-11 0 1.47016e-07 -1.39452e-11 0
          1.46443e-07 -1.21188e-11 0 1.45875e-07 -1.03368e-11 0 1.45311e-07 -8.59363e-12 0 1.44752e-07 -6.88381e-12 0
          1.44197e-07 -5.20208e-12 0 1.43646e-07 -3.54323e-12 0 1.431e-07 -1.9022e-12 0 1.42558e-07 -2.74001e-13 0
          1.4202e-07 1.34627e-12 0 1.41486e-07 2.96346e-12 0 1.40957e-07 4.58234e-12 0 1.40431e-07 6.20765e-12 0
          1.3991e-07 7.84409e-12 0 1.39392e-07 9.49632e-12 0 1.38879e-07 1.1169e-11 0 1.38369e-07 1.28667e-11 0
          1.37863e-07 1.45941e-11 0 1.37361e-07 1.63557e-11 0 1.36863e-07 1.8156e-11 0 1.36368e-07 1.99997e-11 0
          1.35877e-07 2.18911e-11 0 1.3539e-07 2.38347e-11 0 1.34907e-07 2.58347e-11 0 1.34426e-07 2.78954e-11 0
          1.3395e-07 3.00207e-11 0 1.33477e-07 3.22146e-11 0 1.33007e-07 3.44804e-11 0 1.3254e-07 3.68214e-11 0
          1.32077e-07 3.92403e-11 0 1.31618e-07 4.17394e-11 0 1.31161e-07 4.43202e-11 0 1.30708e-07 4.69835e-11 0
          1.30257e-07 4.97292e-11 0 1.2981e-07 5.25563e-11 0 1.29366e-07 5.54625e-11 0 1.28925e-07 5.84444e-11 0
          1.28486e-07 6.1497e-11 0 1.28051e-07 6.46142e-11 0 1.27618e-07 6.77885e-11 0 1.27188e-07 7.10108e-11 0
          1.26761e-07 7.4271e-11 0 1.26336e-07 7.75578e-11 0 1.25914e-07 8.08592e-11 0 1.25704e-07 8.33374e-11 0
          8.35429e-08 -6.41634e-11 0 1.66711e-07 -1.22762e-10 0 1.65965e-07 -1.15682e-10 0 1.65226e-07 -1.0899e-10 0
          1.64494e-07 -1.02664e-10 0 1.63769e-07 -9.66813e-11 0 1.63051e-07 -9.10226e-11 0 1.6234e-07 -8.56684e-11 0
          1.61635e-07 -8.06009e-11 0 1.60937e-07 -7.58028e-11 0 1.60245e-07 -7.12581e-11 0 1.59559e-07 -6.69516e-11 0
          1.58879e-07 -6.28688e-11 0 1.58206e-07 -5.89962e-11 0 1.57538e-07 -5.53207e-11 0 1.56877e-07 -5.18302e-11 0
          1.56221e-07 -4.85132e-11 0 1.55571e-07 -4.53585e-11 0 1.54926e-07 -4.23557e-11 0 1.54288e-07 -3.9495e-11 0
          1.53654e-07 -3.6767e-11 0 1.53026e-07 -3.41626e-11 0 1.52403e-07 -3.16733e-11 0 1.51786e-07 -2.9291e-11 0
          1.51174e-07 -2.7008e-11 0 1.50567e-07 -2.48167e-11 0 1.49964e-07 -2.271e-11 0 1.49367e-07 -2.06813e-11 0
          1.48775e-07 -1.87238e-11 0 1.48188e-07 -1.68313e-11 0 1.47605e-07 -1.49978e-11 0 1.47027e-07 -1.32173e-11 0
          1.46454e-07 -1.14843e-11 0 1.45885e-07 -9.79312e-12 0 1.45321e-07 -8.13856e-12 0 1.44762e-07 -6.51537e-12 0
          1.44207e-07 -4.91845e-12 0 1.43656e-07 -3.34283e-12 0 1.4311e-07 -1.78363e-12 0 1.42567e-07 -2.36005e-13 0
          1.4203e-07 1.30478e-12 0 1.41496e-07 2.84345e-12 0 1.40966e-07 4.38468e-12 0 1.40441e-07 5.93313e-12 0
          1.3992e-07 7.49345e-12 0 1.39402e-07 9.07029e-12 0 1.38889e-07 1.06683e-11 0 1.38379e-07 1.22922e-11 0
          1.37874e-07 1.39467e-11 0 1.37372e-07 1.56365e-11 0 1.36874e-07 1.73665e-11 0 1.36379e-07 1.91413e-11 0
          1.35889e-07 2.0966e-11 0 1.35402e-07 2.28453e-11 0 1.34919e-07 2.47842e-11 0 1.34439e-07 2.67875e-11 0
          1.33963e-07 2.88599e-11 0 1.3349e-07 3.10062e-11 0 1.33021e-07 3.32309e-11 0 1.32555e-07 3.55383e-11 0
          1.32092e-07 3.79323e-11 0 1.31633e-07 4.04163e-11 0 1.31177e-07 4.29933e-11 0 1.30724e-07 4.56654e-11 0
          1.30274e-07 4.84337e-11 0 1.29827e-07 5.12982e-11 0 1.29384e-07 5.42575e-11 0 1.28943e-07 5.73088e-11 0
          1.28505e-07 6.04473e-11 0 1.2807e-07 6.36667e-11 0 1.27637e-07 6.69584e-11 0 1.27208e-07 7.03121e-11 0
          1.26781e-07 7.37155e-11 0 1.26356e-07 7.71548e-11 0 1.25934e-07 8.0615e-11 0 1.25724e-07 8.32146e-11 0
          8.35647e-08 -5.9996e-11 0 1.66753e-07 -1.14784e-10 0 1.66005e-07 -1.08159e-10 0 1.65264e-07 -1.01898e-10 0
          1.6453e-07 -9.59792e-11 0 1.63803e-07 -9.03827e-11 0 1.63083e-07 -8.50894e-11 0 1.6237e-07 -8.00815e-11 0
          1.61664e-07 -7.53418e-11 0 1.60964e-07 -7.08546e-11 0 1.6027e-07 -6.66046e-11 0 1.59583e-07 -6.25775e-11 0
          1.58902e-07 -5.87599e-11 0 1.58228e-07 -5.51389e-11 0 1.57559e-07 -5.17025e-11 0 1.56896e-07 -4.84392e-11 0
          1.5624e-07 -4.53381e-11 0 1.55589e-07 -4.2389e-11 0 1.54943e-07 -3.9582e-11 0 1.54304e-07 -3.69078e-11 0
          1.5367e-07 -3.43577e-11 0 1.53041e-07 -3.19233e-11 0 1.52418e-07 -2.95965e-11 0 1.51799e-07 -2.73697e-11 0
          1.51187e-07 -2.52357e-11 0 1.50579e-07 -2.31874e-11 0 1.49976e-07 -2.12182e-11 0 1.49379e-07 -1.93218e-11 0
          1.48786e-07 -1.74919e-11 0 1.48198e-07 -1.57227e-11 0 1.47616e-07 -1.40084e-11 0 1.47037e-07 -1.23437e-11 0
          1.46464e-07 -1.0723e-11 0 1.45895e-07 -9.1413e-12 0 1.45331e-07 -7.59352e-12 0 1.44771e-07 -6.07474e-12 0
          1.44216e-07 -4.58013e-12 0 1.43665e-07 -3.10499e-12 0 1.43119e-07 -1.64464e-12 0 1.42576e-07 -1.94495e-13 0
          1.42039e-07 1.25001e-12 0 1.41505e-07 2.69343e-12 0 1.40975e-07 4.14027e-12 0 1.4045e-07 5.59509e-12 0
          1.39929e-07 7.06244e-12 0 1.39411e-07 8.54694e-12 0 1.38898e-07 1.00532e-11 0 1.38389e-07 1.1586e-11 0
          1.37883e-07 1.31502e-11 0 1.37382e-07 1.47506e-11 0 1.36884e-07 1.63923e-11 0 1.3639e-07 1.80804e-11 0
          1.359e-07 1.98202e-11 0 1.35413e-07 2.1617e-11 0 1.3493e-07 2.34765e-11 0 1.34451e-07 2.54042e-11 0
          1.33975e-07 2.74059e-11 0 1.33503e-07 2.94873e-11 0 1.33034e-07 3.16543e-11 0 1.32569e-07 3.39127e-11 0
          1.32107e-07 3.62679e-11 0 1.31648e-07 3.87252e-11 0 1.31192e-07 4.12894e-11 0 1.3074e-07 4.39646e-11 0
          1.30291e-07 4.67538e-11 0 1.29845e-07 4.96591e-11 0 1.29402e-07 5.26806e-11 0 1.28962e-07 5.58167e-11 0
          1.28524e-07 5.90636e-11 0 1.2809e-07 6.24147e-11 0 1.27658e-07 6.58607e-11 0 1.27229e-07 6.93895e-11 0
          1.26802e-07 7.29862e-11 0 1.26378e-07 7.66331e-11 0 1.25956e-07 8.03106e-11 0 1.25746e-07 8.30766e-11 0
          8.35849e-08 -5.51591e-11 0 1.66793e-07 -1.05526e-10 0 1.66042e-07 -9.94314e-11 0 1.65299e-07 -9.36715e-11 0
          1.64563e-07 -8.82271e-11 0 1.63835e-07 -8.30796e-11 0 1.63113e-07 -7.82112e-11 0 1.62398e-07 -7.36056e-11 0
          1.6169e-07 -6.92471e-11 0 1.60989e-07 -6.51209e-11 0 1.60294e-07 -6.12131e-11 0 1.59606e-07 -5.75105e-11 0
          1.58924e-07 -5.40006e-11 0 1.58248e-07 -5.06717e-11 0 1.57578e-07 -4.75127e-11 0 1.56915e-07 -4.45128e-11 0
          1.56257e-07 -4.16622e-11 0 1.55605e-07 -3.89513e-11 0 1.54959e-07 -3.63712e-11 0 1.54319e-07 -3.39133e-11 0
          1.53684e-07 -3.15695e-11 0 1.53055e-07 -2.93319e-11 0 1.52431e-07 -2.71934e-11 0 1.51812e-07 -2.51468e-11 0
          1.51199e-07 -2.31853e-11 0 1.50591e-07 -2.13027e-11 0 1.49988e-07 -1.94928e-11 0 1.4939e-07 -1.77496e-11 0
          1.48797e-07 -1.60676e-11 0 1.48209e-07 -1.44412e-11 0 1.47625e-07 -1.28652e-11 0 1.47047e-07 -1.13345e-11 0
          1.46473e-07 -9.84415e-12 0 1.45904e-07 -8.38939e-12 0 1.4534e-07 -6.96554e-12 0 1.4478e-07 -5.56801e-12 0
          1.44224e-07 -4.19233e-12 0 1.43674e-07 -2.83407e-12 0 1.43127e-07 -1.48887e-12 0 1.42585e-07 -1.52404e-13 0
          1.42047e-07 1.17964e-12 0 1.41513e-07 2.51157e-12 0 1.40984e-07 3.84772e-12 0 1.40458e-07 5.19244e-12 0
          1.39937e-07 6.55017e-12 0 1.3942e-07 7.9254e-12 0 1.38907e-07 9.32272e-12 0 1.38398e-07 1.07469e-11 0
          1.37892e-07 1.22027e-11 0 1.37391e-07 1.36952e-11 0 1.36894e-07 1.52296e-11 0 1.364e-07 1.68114e-11 0
          1.3591e-07 1.84462e-11 0 1.35424e-07 2.014e-11 0 1.34941e-07 2.18989e-11 0 1.34462e-07 2.37295e-11 0
          1.33987e-07 2.56386e-11 0 1.33515e-07 2.76332e-11 0 1.33047e-07 2.97207e-11 0 1.32582e-07 3.19086e-11 0
          1.32121e-07 3.42046e-11 0 1.31663e-07 3.66164e-11 0 1.31208e-07 3.91513e-11 0 1.30757e-07 4.18164e-11 0
          1.30308e-07 4.46178e-11 0 1.29863e-07 4.75607e-11 0 1.29421e-07 5.06482e-11 0 1.28981e-07 5.38813e-11 0
          1.28545e-07 5.7258e-11 0 1.28111e-07 6.07729e-11 0 1.27679e-07 6.44161e-11 0 1.27251e-07 6.81738e-11 0
          1.26824e-07 7.20271e-11 0 1.264e-07 7.59533e-11 0 1.25979e-07 7.99257e-11 0 1.25768e-07 8.29184e-11 0
          8.36033e-08 -4.97049e-11 0 1.66828e-07 -9.50889e-11 0 1.66076e-07 -8.95931e-11 0 1.65331e-07 -8.44e-11 0
          1.64593e-07 -7.94916e-11 0 1.63863e-07 -7.48511e-11 0 1.6314e-07 -7.04627e-11 0 1.62424e-07 -6.63114e-11 0
          1.61714e-07 -6.23831e-11 0 1.61012e-07 -5.86643e-11 0 1.60316e-07 -5.51425e-11 0 1.59626e-07 -5.18058e-11 0
          1.58943e-07 -4.8643e-11 0 1.58267e-07 -4.56434e-11 0 1.57596e-07 -4.27968e-11 0 1.56932e-07 -4.00939e-11 0
          1.56273e-07 -3.75256e-11 0 1.5562e-07 -3.50832e-11 0 1.54974e-07 -3.27587e-11 0 1.54332e-07 -3.05443e-11 0
          1.53697e-07 -2.84327e-11 0 1.53067e-07 -2.64169e-11 0 1.52443e-07 -2.44903e-11 0 1.51823e-07 -2.26466e-11 0
          1.5121e-07 -2.08795e-11 0 1.50601e-07 -1.91835e-11 0 1.49998e-07 -1.75529e-11 0 1.49399e-07 -1.59823e-11 0
          1.48806e-07 -1.44668e-11 0 1.48218e-07 -1.30012e-11 0 1.47634e-07 -1.1581e-11 0 1.47055e-07 -1.02014e-11 0
          1.46482e-07 -8.85802e-12 0 1.45912e-07 -7.54646e-12 0 1.45348e-07 -6.26249e-12 0 1.44788e-07 -5.00193e-12 0
          1.44232e-07 -3.76069e-12 0 1.43681e-07 -2.53471e-12 0 1.43135e-07 -1.31998e-12 0 1.42592e-07 -1.12519e-13 0
          1.42054e-07 1.09168e-12 0 1.41521e-07 2.29663e-12 0 1.40991e-07 3.50638e-12 0 1.40466e-07 4.72507e-12 0
          1.39945e-07 5.95688e-12 0 1.39428e-07 7.20614e-12 0 1.38915e-07 8.47731e-12 0 1.38406e-07 9.775e-12 0
          1.37901e-07 1.1104e-11 0 1.374e-07 1.24695e-11 0 1.36903e-07 1.38766e-11 0 1.36409e-07 1.53311e-11 0
          1.3592e-07 1.6839e-11 0 1.35434e-07 1.84067e-11 0 1.34952e-07 2.00409e-11 0 1.34473e-07 2.17491e-11 0
          1.33998e-07 2.3539e-11 0 1.33527e-07 2.54193e-11 0 1.3306e-07 2.73988e-11 0 1.32596e-07 2.94872e-11 0
          1.32135e-07 3.16948e-11 0 1.31678e-07 3.40322e-11 0 1.31224e-07 3.65105e-11 0 1.30773e-07 3.91407e-11 0
          1.30326e-07 4.19337e-11 0 1.29881e-07 4.48994e-11 0 1.2944e-07 4.80464e-11 0 1.29001e-07 5.13805e-11 0
          1.28566e-07 5.49042e-11 0 1.28133e-07 5.86151e-11 0 1.27702e-07 6.25047e-11 0 1.27274e-07 6.65575e-11 0
          1.26849e-07 7.07506e-11 0 1.26425e-07 7.50531e-11 0 1.26004e-07 7.94279e-11 0 1.25794e-07 8.27318e-11 0
          8.36197e-08 -4.36933e-11 0 1.6686e-07 -8.35858e-11 0 1.66106e-07 -7.87521e-11 0 1.65359e-07 -7.41848e-11 0
          1.6462e-07 -6.98682e-11 0 1.63889e-07 -6.57876e-11 0 1.63164e-07 -6.19288e-11 0 1.62447e-07 -5.82787e-11 0
          1.61736e-07 -5.48248e-11 0 1.61032e-07 -5.15553e-11 0 1.60335e-07 -4.84592e-11 0 1.59645e-07 -4.55259e-11 0
          1.58961e-07 -4.27456e-11 0 1.58283e-07 -4.01088e-11 0 1.57612e-07 -3.76068e-11 0 1.56946e-07 -3.5231e-11 0
          1.56287e-07 -3.29736e-11 0 1.55634e-07 -3.08269e-11 0 1.54986e-07 -2.87839e-11 0 1.54345e-07 -2.68377e-11 0
          1.53709e-07 -2.49819e-11 0 1.53078e-07 -2.32103e-11 0 1.52453e-07 -2.15171e-11 0 1.51834e-07 -1.98967e-11 0
          1.51219e-07 -1.83437e-11 0 1.50611e-07 -1.68531e-11 0 1.50007e-07 -1.54199e-11 0 1.49408e-07 -1.40394e-11 0
          1.48814e-07 -1.27073e-11 0 1.48226e-07 -1.1419e-11 0 1.47642e-07 -1.01704e-11 0 1.47063e-07 -8.95736e-12 0
          1.46489e-07 -7.77601e-12 0 1.4592e-07 -6.62246e-12 0 1.45355e-07 -5.49292e-12 0 1.44795e-07 -4.38368e-12 0
          1.44239e-07 -3.29111e-12 0 1.43688e-07 -2.21157e-12 0 1.43141e-07 -1.14147e-12 0 1.42599e-07 -7.72188e-14 0
          1.42061e-07 9.84798e-13 0 1.41528e-07 2.04823e-12 0 1.40998e-07 3.11678e-12 0 1.40473e-07 4.19425e-12 0
          1.39952e-07 5.28453e-12 0 1.39435e-07 6.39166e-12 0 1.38922e-07 7.51983e-12 0 1.38413e-07 8.67347e-12 0
          1.37909e-07 9.85723e-12 0 1.37408e-07 1.1076e-11 0 1.36911e-07 1.23352e-11 0 1.36418e-07 1.36404e-11 0
          1.35928e-07 1.49978e-11 0 1.35443e-07 1.6414e-11 0 1.34961e-07 1.78964e-11 0 1.34483e-07 1.94529e-11 0
          1.34009e-07 2.10924e-11 0 1.33538e-07 2.28246e-11 0 1.33071e-07 2.46602e-11 0 1.32608e-07 2.6611e-11 0
          1.32148e-07 2.86899e-11 0 1.31692e-07 3.09112e-11 0 1.31239e-07 3.32904e-11 0 1.30789e-07 3.58439e-11 0
          1.30343e-07 3.8589e-11 0 1.299e-07 4.15432e-11 0 1.29459e-07 4.47235e-11 0 1.29022e-07 4.81451e-11 0
          1.28588e-07 5.18195e-11 0 1.28156e-07 5.57521e-11 0 1.27727e-07 5.99402e-11 0 1.273e-07 6.43695e-11 0
          1.26876e-07 6.90129e-11 0 1.26453e-07 7.38288e-11 0 1.26032e-07 7.87627e-11 0 1.25822e-07 8.2503e-11 0
          8.36339e-08 -3.71905e-11 0 1.66888e-07 -7.11442e-11 0 1.66132e-07 -6.70279e-11 0 1.65384e-07 -6.31387e-11 0
          1.64644e-07 -5.94632e-11 0 1.63911e-07 -5.59888e-11 0 1.63185e-07 -5.27034e-11 0 1.62466e-07 -4.95959e-11 0
          1.61755e-07 -4.66555e-11 0 1.6105e-07 -4.38723e-11 0 1.60352e-07 -4.12368e-11 0 1.59661e-07 -3.874e-11 0
          1.58976e-07 -3.63734e-11 0 1.58297e-07 -3.41291e-11 0 1.57625e-07 -3.19996e-11 0 1.56959e-07 -2.99775e-11 0
          1.56299e-07 -2.80563e-11 0 1.55645e-07 -2.62293e-11 0 1.54997e-07 -2.44906e-11 0 1.54355e-07 -2.28344e-11 0
          1.53719e-07 -2.1255e-11 0 1.53088e-07 -1.97474e-11 0 1.52462e-07 -1.83064e-11 0 1.51843e-07 -1.69274e-11 0
          1.51228e-07 -1.56058e-11 0 1.50619e-07 -1.43372e-11 0 1.50015e-07 -1.31174e-11 0 1.49416e-07 -1.19425e-11 0
          1.48822e-07 -1.08086e-11 0 1.48233e-07 -9.71201e-12 0 1.47649e-07 -8.64908e-12 0 1.4707e-07 -7.61635e-12 0
          1.46496e-07 -6.61043e-12 0 1.45926e-07 -5.62801e-12 0 1.45361e-07 -4.66584e-12 0 1.44801e-07 -3.72074e-12 0
          1.44245e-07 -2.78955e-12 0 1.43694e-07 -1.86916e-12 0 1.43147e-07 -9.56428e-13 0 1.42605e-07 -4.82402e-14 0
          1.42067e-07 8.58565e-13 0 1.41534e-07 1.76719e-12 0 1.41004e-07 2.68091e-12 0 1.40479e-07 3.6031e-12 0
          1.39958e-07 4.53723e-12 0 1.39441e-07 5.48696e-12 0 1.38929e-07 6.45611e-12 0 1.3842e-07 7.44873e-12 0
          1.37915e-07 8.46914e-12 0 1.37415e-07 9.522e-12 0 1.36918e-07 1.06123e-11 0 1.36425e-07 1.17456e-11 0
          1.35936e-07 1.2928e-11 0 1.35451e-07 1.4166e-11 0 1.3497e-07 1.54671e-11 0 1.34492e-07 1.68396e-11 0
          1.34019e-07 1.82929e-11 0 1.33549e-07 1.98375e-11 0 1.33082e-07 2.14855e-11 0 1.3262e-07 2.32504e-11 0
          1.32161e-07 2.5148e-11 0 1.31705e-07 2.71958e-11 0 1.31253e-07 2.9414e-11 0 1.30805e-07 3.18254e-11 0
          1.3036e-07 3.44553e-11 0 1.29918e-07 3.73318e-11 0 1.29479e-07 4.04847e-11 0 1.29044e-07 4.39446e-11 0
          1.28611e-07 4.77406e-11 0 1.28182e-07 5.18964e-11 0 1.27754e-07 5.64253e-11 0 1.27329e-07 6.13241e-11 0
          1.26906e-07 6.65658e-11 0 1.26484e-07 7.20961e-11 0 1.26064e-07 7.78319e-11 0 1.25854e-07 8.22071e-11 0
          8.36458e-08 -3.0269e-11 0 1.66911e-07 -5.79024e-11 0 1.66154e-07 -5.45507e-11 0 1.65405e-07 -5.13842e-11 0
          1.64663e-07 -4.83919e-11 0 1.63929e-07 -4.55634e-11 0 1.63202e-07 -4.28889e-11 0 1.62483e-07 -4.03593e-11 0
          1.6177e-07 -3.79658e-11 0 1.61065e-07 -3.57003e-11 0 1.60366e-07 -3.35552e-11 0 1.59674e-07 -3.1523e-11 0
          1.58988e-07 -2.95968e-11 0 1.58309e-07 -2.77703e-11 0 1.57637e-07 -2.60371e-11 0 1.5697e-07 -2.43915e-11 0
          1.5631e-07 -2.2828e-11 0 1.55655e-07 -2.13412e-11 0 1.55007e-07 -1.99262e-11 0 1.54364e-07 -1.85784e-11 0
          1.53727e-07 -1.72932e-11 0 1.53096e-07 -1.60663e-11 0 1.5247e-07 -1.48937e-11 0 1.5185e-07 -1.37715e-11 0
          1.51235e-07 -1.26959e-11 0 1.50625e-07 -1.16636e-11 0 1.50021e-07 -1.06709e-11 0 1.49422e-07 -9.71471e-12 0
          1.48828e-07 -8.79184e-12 0 1.48239e-07 -7.89926e-12 0 1.47655e-07 -7.03402e-12 0 1.47075e-07 -6.19328e-12 0
          1.46501e-07 -5.37427e-12 0 1.45931e-07 -4.57427e-12 0 1.45366e-07 -3.79061e-12 0 1.44806e-07 -3.02069e-12 0
          1.4425e-07 -2.2619e-12 0 1.43699e-07 -1.51166e-12 0 1.43152e-07 -7.67399e-13 0 1.4261e-07 -2.65104e-14 0
          1.42072e-07 7.13635e-13 0 1.41539e-07 1.45572e-12 0 1.41009e-07 2.20249e-12 0 1.40484e-07 2.95681e-12 0
          1.39963e-07 3.72164e-12 0 1.39447e-07 4.50009e-12 0 1.38934e-07 5.29548e-12 0 1.38425e-07 6.11133e-12 0
          1.37921e-07 6.95145e-12 0 1.37421e-07 7.81996e-12 0 1.36924e-07 8.7214e-12 0 1.36432e-07 9.66076e-12 0
          1.35943e-07 1.06436e-11 0 1.35458e-07 1.16762e-11 0 1.34977e-07 1.27656e-11 0 1.345e-07 1.39199e-11 0
          1.34027e-07 1.51483e-11 0 1.33557e-07 1.64615e-11 0 1.33092e-07 1.7872e-11 0 1.3263e-07 1.93942e-11 0
          1.32172e-07 2.10454e-11 0 1.31717e-07 2.28458e-11 0 1.31266e-07 2.48193e-11 0 1.30819e-07 2.69945e-11 0
          1.30376e-07 2.9405e-11 0 1.29936e-07 3.20909e-11 0 1.29499e-07 3.50986e-11 0 1.29066e-07 3.84815e-11 0
          1.28636e-07 4.22984e-11 0 1.28208e-07 4.66101e-11 0 1.27784e-07 5.14717e-11 0 1.27361e-07 5.69187e-11 0
          1.26941e-07 6.29476e-11 0 1.26521e-07 6.94969e-11 0 1.26102e-07 7.644e-11 0 1.25893e-07 8.17941e-11 0
          8.36552e-08 -2.30061e-11 0 1.66929e-07 -4.40082e-11 0 1.66171e-07 -4.146e-11 0 1.65421e-07 -3.90526e-11 0
          1.64679e-07 -3.67777e-11 0 1.63944e-07 -3.46275e-11 0 1.63216e-07 -3.25944e-11 0 1.62496e-07 -3.06714e-11 0
          1.61783e-07 -2.88521e-11 0 1.61076e-07 -2.71301e-11 0 1.60377e-07 -2.54995e-11 0 1.59684e-07 -2.39549e-11 0
          1.58998e-07 -2.24909e-11 0 1.58319e-07 -2.11027e-11 0 1.57645e-07 -1.97854e-11 0 1.56978e-07 -1.85347e-11 0
          1.56318e-07 -1.73464e-11 0 1.55663e-07 -1.62165e-11 0 1.55014e-07 -1.51412e-11 0 1.54371e-07 -1.41168e-11 0
          1.53734e-07 -1.31401e-11 0 1.53102e-07 -1.22077e-11 0 1.52476e-07 -1.13166e-11 0 1.51856e-07 -1.04637e-11 0
          1.51241e-07 -9.64632e-12 0 1.50631e-07 -8.86171e-12 0 1.50026e-07 -8.10728e-12 0 1.49427e-07 -7.38054e-12 0
          1.48833e-07 -6.6791e-12 0 1.48243e-07 -6.00064e-12 0 1.47659e-07 -5.34292e-12 0 1.4708e-07 -4.70377e-12 0
          1.46505e-07 -4.08107e-12 0 1.45936e-07 -3.47275e-12 0 1.4537e-07 -2.87677e-12 0 1.4481e-07 -2.29112e-12 0
          1.44254e-07 -1.71381e-12 0 1.43703e-07 -1.14286e-12 0 1.43156e-07 -5.7628e-13 0 1.42614e-07 -1.20568e-14 0
          1.42076e-07 5.51847e-13 0 1.41543e-07 1.11752e-12 0 1.41013e-07 1.6871e-12 0 1.40488e-07 2.26284e-12 0
          1.39967e-07 2.84707e-12 0 1.39451e-07 3.44228e-12 0 1.38938e-07 4.05108e-12 0 1.3843e-07 4.67634e-12 0
          1.37926e-07 5.32112e-12 0 1.37425e-07 5.9888e-12 0 1.36929e-07 6.68312e-12 0 1.36437e-07 7.40825e-12 0
          1.35948e-07 8.16887e-12 0 1.35464e-07 8.97033e-12 0 1.34983e-07 9.81872e-12 0 1.34507e-07 1.07211e-11 0
          1.34034e-07 1.16858e-11 0 1.33565e-07 1.27225e-11 0 1.331e-07 1.38427e-11 0 1.32639e-07 1.50603e-11 0
          1.32181e-07 1.63921e-11 0 1.31728e-07 1.78583e-11 0 1.31278e-07 1.94841e-11 0 1.30832e-07 2.13007e-11 0
          1.3039e-07 2.33469e-11 0 1.29952e-07 2.56717e-11 0 1.29517e-07 2.83369e-11 0 1.29087e-07 3.14207e-11 0
          1.2866e-07 3.5021e-11 0 1.28236e-07 3.92586e-11 0 1.27816e-07 4.4275e-11 0 1.27398e-07 5.02195e-11 0
          1.26982e-07 5.72095e-11 0 1.26566e-07 6.52469e-11 0 1.2615e-07 7.41281e-11 0 1.25941e-07 8.11445e-11 0
          8.3662e-08 -1.54834e-11 0 1.66943e-07 -2.96178e-11 0 1.66184e-07 -2.79024e-11 0 1.65433e-07 -2.62818e-11 0
          1.6469e-07 -2.47506e-11 0 1.63954e-07 -2.33032e-11 0 1.63226e-07 -2.19347e-11 0 1.62505e-07 -2.06404e-11 0
          1.61791e-07 -1.94159e-11 0 1.61085e-07 -1.82569e-11 0 1.60385e-07 -1.71594e-11 0 1.59692e-07 -1.61199e-11 0
          1.59005e-07 -1.51346e-11 0 1.58325e-07 -1.42003e-11 0 1.57652e-07 -1.33138e-11 0 1.56985e-07 -1.24721e-11 0
          1.56323e-07 -1.16724e-11 0 1.55668e-07 -1.0912e-11 0 1.55019e-07 -1.01883e-11 0 1.54376e-07 -9.49897e-12 0
          1.53739e-07 -8.84167e-12 0 1.53107e-07 -8.21421e-12 0 1.52481e-07 -7.6145e-12 0 1.5186e-07 -7.04056e-12 0
          1.51245e-07 -6.49049e-12 0 1.50635e-07 -5.96246e-12 0 1.5003e-07 -5.45474e-12 0 1.4943e-07 -4.96564e-12 0
          1.48836e-07 -4.49355e-12 0 1.48247e-07 -4.03691e-12 0 1.47662e-07 -3.59421e-12 0 1.47083e-07 -3.16398e-12 0
          1.46508e-07 -2.74479e-12 0 1.45939e-07 -2.33523e-12 0 1.45373e-07 -1.93394e-12 0 1.44813e-07 -1.53956e-12 0
          1.44257e-07 -1.15072e-12 0 1.43706e-07 -7.6609e-13 0 1.43159e-07 -3.84311e-13 0 1.42617e-07 -4.01518e-15 0
          1.42079e-07 3.7619e-13 0 1.41545e-07 7.57734e-13 0 1.41016e-07 1.14209e-12 0 1.40491e-07 1.53081e-12 0
          1.3997e-07 1.92551e-12 0 1.39454e-07 2.3279e-12 0 1.38941e-07 2.73983e-12 0 1.38433e-07 3.16329e-12 0
          1.37929e-07 3.60046e-12 0 1.37429e-07 4.05373e-12 0 1.36933e-07 4.52579e-12 0 1.3644e-07 5.01962e-12 0
          1.35952e-07 5.53865e-12 0 1.35468e-07 6.08678e-12 0 1.34988e-07 6.66855e-12 0 1.34511e-07 7.28925e-12 0
          1.34039e-07 7.95516e-12 0 1.3357e-07 8.67374e-12 0 1.33106e-07 9.45403e-12 0 1.32645e-07 1.03071e-11 0
          1.32188e-07 1.12464e-11 0 1.31736e-07 1.22891e-11 0 1.31287e-07 1.34566e-11 0 1.30842e-07 1.47767e-11 0
          1.30401e-07 1.62853e-11 0 1.29965e-07 1.80302e-11 0 1.29533e-07 2.00756e-11 0 1.29105e-07 2.25098e-11 0
          1.28682e-07 2.54558e-11 0 1.28263e-07 2.90883e-11 0 1.27848e-07 3.36577e-11 0 1.27438e-07 3.95214e-11 0
          1.27031e-07 4.7168e-11 0 1.26625e-07 5.71567e-11 0 1.26215e-07 6.9654e-11 0 1.26009e-07 7.99417e-11 0
          8.36661e-08 -7.7857e-12 0 1.66951e-07 -1.4893e-11 0 1.66191e-07 -1.40303e-11 0 1.6544e-07 -1.32153e-11 0
          1.64696e-07 -1.24452e-11 0 1.6396e-07 -1.17174e-11 0 1.63232e-07 -1.10292e-11 0 1.62511e-07 -1.03783e-11 0
          1.61797e-07 -9.76254e-12 0 1.6109e-07 -9.17972e-12 0 1.6039e-07 -8.62788e-12 0 1.59696e-07 -8.10513e-12 0
          1.5901e-07 -7.60969e-12 0 1.5833e-07 -7.13988e-12 0 1.57656e-07 -6.69412e-12 0 1.56988e-07 -6.27089e-12 0
          1.56327e-07 -5.86877e-12 0 1.55672e-07 -5.48642e-12 0 1.55022e-07 -5.12254e-12 0 1.54379e-07 -4.77593e-12 0
          1.53741e-07 -4.44543e-12 0 1.5311e-07 -4.12993e-12 0 1.52483e-07 -3.82838e-12 0 1.51862e-07 -3.53979e-12 0
          1.51247e-07 -3.2632e-12 0 1.50637e-07 -2.9977e-12 0 1.50032e-07 -2.7424e-12 0 1.49433e-07 -2.49646e-12 0
          1.48838e-07 -2.25907e-12 0 1.48249e-07 -2.02944e-12 0 1.47664e-07 -1.80681e-12 0 1.47085e-07 -1.59045e-12 0
          1.4651e-07 -1.37963e-12 0 1.4594e-07 -1.17365e-12 0 1.45375e-07 -9.718e-13 0 1.44815e-07 -7.7341e-13 0
          1.44259e-07 -5.77792e-13 0 1.43708e-07 -3.84266e-13 0 1.43161e-07 -1.92146e-13 0 1.42619e-07 -7.38864e-16 0
          1.42081e-07 1.90662e-13 0 1.41547e-07 3.82783e-13 0 1.41018e-07 5.76377e-13 0 1.40493e-07 7.72229e-13 0
          1.39972e-07 9.7117e-13 0 1.39456e-07 1.17408e-12 0 1.38943e-07 1.38191e-12 0 1.38435e-07 1.59568e-12 0
          1.37931e-07 1.81653e-12 0 1.37431e-07 2.0457e-12 0 1.36935e-07 2.28458e-12 0 1.36443e-07 2.53476e-12 0
          1.35955e-07 2.79802e-12 0 1.35471e-07 3.07645e-12 0 1.3499e-07 3.37246e-12 0 1.34514e-07 3.6889e-12 0
          1.34042e-07 4.02917e-12 0 1.33574e-07 4.39734e-12 0 1.33109e-07 4.7984e-12 0 1.32649e-07 5.23851e-12 0
          1.32193e-07 5.72535e-12 0 1.31741e-07 6.2687e-12 0 1.31292e-07 6.88116e-12 0 1.30849e-07 7.57928e-12 0
          1.30409e-07 8.38525e-12 0 1.29974e-07 9.32944e-12 0 1.29543e-07 1.04546e-11 0 1.29118e-07 1.18226e-11 0
          1.28698e-07 1.35265e-11 0 1.28283e-07 1.57118e-11 0 1.27876e-07 1.86183e-11 0 1.27475e-07 2.26658e-11 0
          1.27083e-07 2.86437e-11 0 1.26699e-07 3.81688e-11 0 1.26318e-07 5.48799e-11 0 1.26126e-07 7.57699e-11 0
          8.36675e-08 -3.90389e-12 0 1.66953e-07 -7.46758e-12 0 1.66194e-07 -7.03498e-12 0 1.65442e-07 -6.62631e-12 0
          1.64699e-07 -6.24016e-12 0 1.63963e-07 -5.87518e-12 0 1.63234e-07 -5.5301e-12 0 1.62513e-07 -5.20373e-12 0
          1.61799e-07 -4.89496e-12 0 1.61092e-07 -4.60272e-12 0 1.60391e-07 -4.32602e-12 0 1.59698e-07 -4.0639e-12 0
          1.59011e-07 -3.81547e-12 0 1.58331e-07 -3.5799e-12 0 1.57657e-07 -3.35639e-12 0 1.5699e-07 -3.14418e-12 0
          1.56328e-07 -2.94255e-12 0 1.55673e-07 -2.75084e-12 0 1.55024e-07 -2.56839e-12 0 1.5438e-07 -2.3946e-12 0
          1.53742e-07 -2.22888e-12 0 1.5311e-07 -2.07068e-12 0 1.52484e-07 -1.91949e-12 0 1.51863e-07 -1.77479e-12 0
          1.51248e-07 -1.6361e-12 0 1.50638e-07 -1.50298e-12 0 1.50033e-07 -1.37497e-12 0 1.49433e-07 -1.25165e-12 0
          1.48839e-07 -1.13261e-12 0 1.48249e-07 -1.01747e-12 0 1.47665e-07 -9.0584e-13 0 1.47086e-07 -7.97346e-13 0
          1.46511e-07 -6.91627e-13 0 1.45941e-07 -5.88331e-13 0 1.45376e-07 -4.87107e-13 0 1.44815e-07 -3.87611e-13 0
          1.4426e-07 -2.895e-13 0 1.43708e-07 -1.92433e-13 0 1.43161e-07 -9.60628e-14 0 1.42619e-07 -4.22966e-17 0
          1.42081e-07 9.59853e-14 0 1.41548e-07 1.92386e-13 0 1.41018e-07 2.8954e-13 0 1.40493e-07 3.87844e-13 0
          1.39973e-07 4.87718e-13 0 1.39456e-07 5.89608e-13 0 1.38944e-07 6.93996e-13 0 1.38436e-07 8.01403e-13 0
          1.37932e-07 9.12404e-13 0 1.37431e-07 1.02763e-12 0 1.36935e-07 1.14781e-12 0 1.36443e-07 1.27373e-12 0
          1.35955e-07 1.40633e-12 0 1.35471e-07 1.54667e-12 0 1.34991e-07 1.696e-12 0 1.34515e-07 1.85581e-12 0
          1.34043e-07 2.02785e-12 0 1.33575e-07 2.21427e-12 0 1.33111e-07 2.41768e-12 0 1.32651e-07 2.64134e-12 0
          1.32194e-07 2.88936e-12 0 1.31742e-07 3.16698e-12 0 1.31294e-07 3.48105e-12 0 1.30851e-07 3.84066e-12 0
          1.30412e-07 4.25819e-12 0 1.29977e-07 4.75092e-12 0 1.29547e-07 5.34376e-12 0 1.29123e-07 6.07401e-12 0
          1.28704e-07 7.0003e-12 0 1.28292e-07 8.22056e-12 0 1.27887e-07 9.91219e-12 0 1.27492e-07 1.24323e-11 0
          1.27111e-07 1.66005e-11 0 1.26753e-07 2.45973e-11 0 1.26442e-07 4.31121e-11 0 1.26303e-07 7.23956e-11 0
        </DataArray>
        <DataArray type="Float32" Name="velocity_gas (m/s)" NumberOfComponents="3" format="ascii">
          0 0 0 0 0 0 0 0 0 0 0 0
          0 0 0 0 0 0 0 0 0 0 0 0
          0 0 0 0 0 0 0 0 0 0 0 0
          0 0 0 0 0 0 0 0 0 0 0 0
          0 0 0 0 0 0 0 0 0 0 0 0
          0 0 0 0 0 0 0 0 0 0 0 0
          0 0 0 0 0 0 0 0 0 0 0 0
          0 0 0 0 0 0 0 0 0 0 0 0
          0 0 0 0 0 0 0 0 0 0 0 0
          0 0 0 0 0 0 0 0 0 0 0 0
          0 0 0 0 0 0 0 0 0 0 0 0
          0 0 0 0 0 0 0 0 0 0 0 0
          0 0 0 0 0 0 0 0 0 0 0 0
          0 0 0 0 0 0 0 0 0 0 0 0
          0 0 0 0 0 0 0 0 0 0 0 0
          0 0 0 0 0 0 0 0 0 0 0 0
          0 0 0 0 0 0 0 0 0 0 0 0
          0 0 0 0 0 0 0 0 0 0 0 0
          0 0 0 0 0 0 0 0 0 0 0 0
          0 0 0 0 0 0 0 0 0 0 0 0
          0 0 0 0 0 0 0 0 0 0 0 0
          0 0 0 0 0 0 0 0 0 0 0 0
          0 0 0 0 0 0 0 0 0 0 0 0
          0 0 0 0 0 0 0 0 0 0 0 0
          0 0 0 0 0 0 0 0 0 0 0 0
          0 0 0 0 0 0 0 0 0 0 0 0
          0 0 0 0 0 0 0 0 0 0 0 0
          0 0 0 0 0 0 0 0 0 0 0 0
          0 0 0 0 0 0 0 0 0 0 0 0
          0 0 0 0 0 0 0 0 0 0 0 0
          0 0 0 0 0 0 0 0 0 0 0 0
          0 0 0 0 0 0 0 0 0 0 0 0
          0 0 0 0 0 0 0 0 0 0 0 0
          0 0 0 0 0 0 0 0 0 0 0 0
          0 0 0 0 0 0 0 0 0 0 0 0
          0 0 0 0 0 0 0 0 0 0 0 0
          0 0 0 0 0 0 0 0 0 0 0 0
          0 0 0 0 0 0 0 0 0 0 0 0
          0 0 0 0 0 0 0 0 0 0 0 0
          0 0 0 0 0 0 0 0 0 0 0 0
          0 0 0 0 0 0 0 0 0 0 0 0
          0 0 0 0 0 0 0 0 0 0 0 0
          0 0 0 0 0 0 0 0 0 0 0 0
          0 0 0 0 0 0 0 0 0 0 0 0
          0 0 0 0 0 0 0 0 0 0 0 0
          0 0 0 0 0 0 0 0 0 0 0 0
          0 0 0 0 0 0 0 0 0 0 0 0
          0 0 0 0 0 0 0 0 0 0 0 0
          0 0 0 0 0 0 0 0 0 0 0 0
          0 0 0 0 0 0 0 0 0 0 0 0
          0 0 0 0 0 0 0 0 0 0 0 0
          0 0 0 0 0 0 0 0 0 0 0 0
          0 0 0 0 0 0 0 0 0 0 0 0
          0 0 0 0 0 0 0 0 0 0 0 0
          0 0 0 0 0 0 0 0 0 0 0 0
          0 0 0 0 0 0 0 0 0 0 0 0
          0 0 0 0 0 0 0 0 0 0 0 0
          0 0 0 0 0 0 0 0 0 0 0 0
          0 0 0 0 0 0 0 0 0 0 0 0
          0 0 0 0 0 0 0 0 0 0 0 0
          0 0 0 0 0 0 0 0 0 0 0 0
          0 0 0 0 0 0 0 0 0 0 0 0
          0 0 0 0 0 0 0 0 0 0 0 0
          0 0 0 0 0 0 0 0 0 0 0 0
          0 0 0 0 0 0 0 0 0 0 0 0
          0 0 0 0 0 0 0 0 0 0 0 0
          0 0 0 0 0 0 0 0 0 0 0 0
          0 0 0 0 0 0 0 0 0 0 0 0
          0 0 0 0 0 0 0 0 0 0 0 0
          0 0 0 0 0 0 0 0 0 0 0 0
          0 0 0 0 0 0 0 0 0 0 0 0
          0 0 0 0 0 0 0 0 0 0 0 0
          0 0 0 0 0 0 0 0 0 0 0 0
          0 0 0 0 0 0 0 0 0 0 0 0
          0 0 0 0 0 0 0 0 0 0 0 0
          0 0 0 0 0 0 0 0 0 0 0 0
          0 0 0 0 0 0 0 0 0 0 0 0
          0 0 0 0 0 0 0 0 0 0 0 0
          0 0 0 0 0 0 0 0 0 0 0 0
          0 0 0 0 0 0 0 0 0 0 0 0
          0 0 0 0 0 0 0 0 0 0 0 0
          0 0 0 0 0 0 0 0 0 0 0 0
          0 0 0 0 0 0 0 0 0 0 0 0
          0 0 0 0 0 0 0 0 0 0 0 0
          0 0 0 0 0 0 0 0 0 0 0 0
          0 0 0 0 0 0 0 0 0 0 0 0
          0 0 0 0 0 0 0 0 0 0 0 0
          0 0 0 0 0 0 0 0 0 0 0 0
          0 0 0 0 0 0 0 0 0 0 0 0
          0 0 0 0 0 0 0 0 0 0 0 0
          0 0 0 0 0 0 0 0 0 0 0 0
          0 0 0 0 0 0 0 0 0 0 0 0
          0 0 0 0 0 0 0 0 0 0 0 0
          0 0 0 0 0 0 0 0 0 0 0 0
          0 0 0 0 0 0 0 0 0 0 0 0
          0 0 0 0 0 0 0 0 0 0 0 0
          0 0 0 0 0 0 0 0 0 0 0 0
          0 0 0 0 0 0 0 0 0 0 0 0
          0 0 0 0 0 0 0 0 0 0 0 0
          0 0 0 0 0 0 0 0 0 0 0 0
          0 0 0 0 0 0 0 0 0 0 0 0
          0 0 0 0 0 0 0 0 0 0 0 0
          0 0 0 0 0 0 0 0 0 0 0 0
          0 0 0 0 0 0 0 0 0 0 0 0
          0 0 0 0 0 0 0 0 0 0 0 0
          0 0 0 0 0 0 0 0 0 0 0 0
          0 0 0 0 0 0 0 0 0 0 0 0
          0 0 0 0 0 0 0 0 0 0 0 0
          0 0 0 0 0 0 0 0 0 0 0 0
          0 0 0 0 0 0 0 0 0 0 0 0
          0 0 0 0 0 0 0 0 0 0 0 0
          0 0 0 0 0 0 0 0 0 0 0 0
          0 0 0 0 0 0 0 0 0 0 0 0
          0 0 0 0 0 0 0 0 0 0 0 0
          0 0 0 0 0 0 0 0 0 0 0 0
          0 0 0 0 0 0 0 0 0 0 0 0
          0 0 0 0 0 0 0 0 0 0 0 0
          0 0 0 0 0 0 0 0 0 0 0 0
          0 0 0 0 0 0 0 0 0 0 0 0
          0 0 0 0 0 0 0 0 0 0 0 0
          0 0 0 0 0 0 0 0 0 0 0 0
          0 0 0 0 0 0 0 0 0 0 0 0
          0 0 0 0 0 0 0 0 0 0 0 0
          0 0 0 0 0 0 0 0 0 0 0 0
          0 0 0 0 0 0 0 0 0 0 0 0
          0 0 0 0 0 0 0 0 0 0 0 0
          0 0 0 0 0 0 0 0 0 0 0 0
          0 0 0 0 0 0 0 0 0 0 0 0
          0 0 0 0 0 0 0 0 0 0 0 0
          0 0 0 0 0 0 0 0 0 0 0 0
          0 0 0 0 0 0 0 0 0 0 0 0
          0 0 0 0 0 0 0 0 0 0 0 0
          0 0 0 0 0 0 0 0 0 0 0 0
          0 0 0 0 0 0 0 0 0 0 0 0
          0 0 0 0 0 0 0 0 0 0 0 0
          0 0 0 0 0 0 0 0 0 0 0 0
          0 0 0 0 0 0 0 0 0 0 0 0
          0 0 0 0 0 0 0 0 0 0 0 0
          0 0 0 0 0 0 0 0 0 0 0 0
          0 0 0 0 0 0 0 0 0 0 0 0
          0 0 0 0 0 0 0 0 0 0 0 0
          0 0 0 0 0 0 0 0 0 0 0 0
          0 0 0 0 0 0 0 0 0 0 0 0
          0 0 0 0 0 0 0 0 0 0 0 0
          0 0 0 0 0 0 0 0 0 0 0 0
          0 0 0 0 0 0 0 0 0 0 0 0
          0 0 0 0 0 0 0 0 0 0 0 0
          0 0 0 0 0 0 0 0 0 0 0 0
          0 0 0 0 0 0 0 0 0 0 0 0
          0 0 0 0 0 0 0 0 0 0 0 0
          0 0 0 0 0 0 0 0 0 0 0 0
          0 0 0 0 0 0 0 0 0 0 0 0
          0 0 0 0 0 0 0 0 0 0 0 0
          0 0 0 0 0 0 0 0 0 0 0 0
          0 0 0 0 0 0 0 0 0 0 0 0
          0 0 0 0 0 0 0 0 0 0 0 0
          0 0 0 0 0 0 0 0 0 0 0 0
          0 0 0 0 0 0 0 0 0 0 0 0
          0 0 0 0 0 0 0 0 0 0 0 0
          0 0 0 0 0 0 0 0 0 0 0 0
          0 0 0 0 0 0 0 0 0 0 0 0
          0 0 0 0 0 0 0 0 0 0 0 0
          0 0 0 0 0 0 0 0 0 0 0 0
          0 0 0 0 0 0 0 0 0 0 0 0
          0 0 0 0 0 0 0 0 0 0 0 0
          0 0 0 0 0 0 0 0 0 0 0 0
          0 0 0 0 0 0 0 0 0 0 0 0
          0 0 0 0 0 0 0 0 0 0 0 0
          0 0 0 0 0 0 0 0 0 0 0 0
          0 0 0 0 0 0 0 0 0 0 0 0
          0 0 0 0 0 0 0 0 0 0 0 0
          0 0 0 0 0 0 0 0 0 0 0 0
          0 0 0 0 0 0 0 0 0 0 0 0
          0 0 0 0 0 0 0 0 0 0 0 0
          0 0 0 0 0 0 0 0 0 0 0 0
          0 0 0 0 0 0 0 0 0 0 0 0
          0 0 0 0 0 0 0 0 0 0 0 0
          0 0 0 0 0 0 0 0 0 0 0 0
          0 0 0 0 0 0 0 0 0 0 0 0
          0 0 0 0 0 0 0 0 0 0 0 0
          0 0 0 0 0 0 0 0 0 0 0 0
          0 0 0 0 0 0 0 0 0 0 0 0
          0 0 0 0 0 0 0 0 0 0 0 0
          0 0 0 0 0 0 0 0 0 0 0 0
          0 0 0 0 0 0 0 0 0 0 0 0
          0 0 0 0 0 0 0 0 0 0 0 0
          0 0 0 0 0 0 0 0 0 0 0 0
          0 0 0 0 0 0 0 0 0 0 0 0
          0 0 0 0 0 0 0 0 0 0 0 0
          0 0 0 0 0 0 0 0 0 0 0 0
          0 0 0 0 0 0 0 0 0 0 0 0
          0 0 0 0 0 0 0 0 0 0 0 0
          0 0 0 0 0 0 0 0 0 0 0 0
          0 0 0 0 0 0 0 0 0 0 0 0
          0 0 0 0 0 0 0 0 0 0 0 0
          0 0 0 0 0 0 0 0 0 0 0 0
          0 0 0 0 0 0 0 0 0 0 0 0
          0 0 0 0 0 0 0 0 0 0 0 0
          0 0 0 0 0 0 0 0 0 0 0 0
          0 0 0 0 0 0 0 0 0 0 0 0
          0 0 0 0 0 0 0 0 0 0 0 0
          0 0 0 0 0 0 0 0 0 0 0 0
          0 0 0 0 0 0 0 0 0 0 0 0
          0 0 0 0 0 0 0 0 0 0 0 0
          0 0 0 0 0 0 0 0 0 0 0 0
          0 0 0 0 0 0 0 0 0 0 0 0
          0 0 0 0 0 0 0 0 0 0 0 0
          0 0 0 0 0 0 0 0 0 0 0 0
          0 0 0 0 0 0 0 0 0 0 0 0
          0 0 0 0 0 0 0 0 0 0 0 0
          0 0 0 0 0 0 0 0 0 0 0 0
          0 0 0 0 0 0 0 0 0 0 0 0
          0 0 0 0 0 0 0 0 0 0 0 0
          0 0 0 0 0 0 0 0 0 0 0 0
          0 0 0 0 0 0 0 0 0 0 0 0
          0 0 0 0 0 0 0 0 0 0 0 0
          0 0 0 0 0 0 0 0 0 0 0 0
          0 0 0 0 0 0 0 0 0 0 0 0
          0 0 0 0 0 0 0 0 0 0 0 0
          0 0 0 0 0 0 0 0 0 0 0 0
          0 0 0 0 0 0 0 0 0 0 0 0
          0 0 0 0 0 0 0 0 0 0 0 0
          0 0 0 0 0 0 0 0 0 0 0 0
          0 0 0 0 0 0 0 0 0 0 0 0
          0 0 0 0 0 0 0 0 0 0 0 0
          0 0 0 0 0 0 0 0 0 0 0 0
          0 0 0 0 0 0 0 0 0 0 0 0
          0 0 0 0 0 0 0 0 0 0 0 0
          0 0 0 0 0 0 0 0 0 0 0 0
          0 0 0 0 0 0 0 0 0 0 0 0
          0 0 0 0 0 0 0 0 0 0 0 0
          0 0 0 0 0 0 0 0 0 0 0 0
          0 0 0 0 0 0 0 0 0 0 0 0
          0 0 0 0 0 0 0 0 0 0 0 0
          0 0 0 0 0 0 0 0 0 0 0 0
          0 0 0 0 0 0 0 0 0 0 0 0
          0 0 0 0 0 0 0 0 0 0 0 0
          0 0 0 0 0 0 0 0 0 0 0 0
          0 0 0 0 0 0 0 0 0 0 0 0
          0 0 0 0 0 0 0 0 0 0 0 0
          0 0 0 0 0 0 0 0 0 0 0 0
          0 0 0 0 0 0 0 0 0 0 0 0
          0 0 0 0 0 0 0 0 0 0 0 0
          0 0 0 0 0 0 0 0 0 0 0 0
          0 0 0 0 0 0 0 0 0 0 0 0
          0 0 0 0 0 0 0 0 0 0 0 0
          0 0 0 0 0 0 0 0 0 0 0 0
          0 0 0 0 0 0 0 0 0 0 0 0
          0 0 0 0 0 0 0 0 0 0 0 0
          0 0 0 0 0 0 0 0 0 0 0 0
          0 0 0 0 0 0 0 0 0 0 0 0
          0 0 0 0 0 0 0 0 0 0 0 0
          0 0 0 0 0 0 0 0 0 0 0 0
          0 0 0 0 0 0 0 0 0 0 0 0
          0 0 0 0 0 0 0 0 0 0 0 0
          0 0 0 0 0 0 0 0 0 0 0 0
          0 0 0 0 0 0 0 0 0 0 0 0
          0 0 0 0 0 0 0 0 0 0 0 0
          0 0 0 0 0 0 0 0 0 0 0 0
          0 0 0 0 0 0 0 0 0 0 0 0
          0 0 0 0 0 0 0 0 0 0 0 0
          0 0 0 0 0 0 0 0 0 0 0 0
          0 0 0 0 0 0 0 0 0 0 0 0
          0 0 0 0 0 0 0 0 0 0 0 0
          0 0 0 0 0 0 0 0 0 0 0 0
          0 0 0 0 0 0 0 0 0 0 0 0
          0 0 0 0 0 0 0 0 0 0 0 0
          0 0 0 0 0 0 0 0 0 0 0 0
          0 0 0 0 0 0 0 0 0 0 0 0
          0 0 0 0 0 0 0 0 0 0 0 0
          0 0 0 0 0 0 0 0 0 0 0 0
          0 0 0 0 0 0 0 0 0 0 0 0
          0 0 0 0 0 0 0 0 0 0 0 0
          0 0 0 0 0 0 0 0 0 0 0 0
          0 0 0 0 0 0 0 0 0 0 0 0
          0 0 0 0 0 0 0 0 0 0 0 0
          0 0 0 0 0 0 0 0 0 0 0 0
          0 0 0 0 0 0 0 0 0 0 0 0
          0 0 0 0 0 0 0 0 0 0 0 0
          0 0 0 0 0 0 0 0 0 0 0 0
          0 0 0 0 0 0 0 0 0 0 0 0
          0 0 0 0 0 0 0 0 0 0 0 0
          0 0 0 0 0 0 0 0 0 0 0 0
          0 0 0 0 0 0 0 0 0 0 0 0
          0 0 0 0 0 0 0 0 0 0 0 0
          0 0 0 0 0 0 0 0 0 0 0 0
          0 0 0 0 0 0 0 0 0 0 0 0
          0 0 0 0 0 0 0 0 0 0 0 0
          0 0 0 0 0 0 0 0 0 0 0 0
          0 0 0 0 0 0 0 0 0 0 0 0
          0 0 0 0 0 0 0 0 0 0 0 0
          0 0 0 0 0 0 0 0 0 0 0 0
          0 0 0 0 0 0 0 0 0 0 0 0
          0 0 0 0 0 0 0 0 0 0 0 0
          0 0 0 0 0 0 0 0 0 0 0 0
          0 0 0 0 0 0 0 0 0 0 0 0
          0 0 0 0 0 0 0 0 0 0 0 0
          0 0 0 0 0 0 0 0 0 0 0 0
          0 0 0 0 0 0 0 0 0 0 0 0
          0 0 0 0 0 0 0 0 0 0 0 0
          0 0 0 0 0 0 0 0 0 0 0 0
          0 0 0 0 0 0 0 0 0 0 0 0
          0 0 0 0 0 0 0 0 0 0 0 0
          0 0 0 0 0 0 0 0 0 0 0 0
          0 0 0 0 0 0 0 0 0 0 0 0
          0 0 0 0 0 0 0 0 0 0 0 0
          0 0 0 0 0 0 0 0 0 0 0 0
          0 0 0 0 0 0 0 0 0 0 0 0
          0 0 0 0 0 0 0 0 0 0 0 0
          0 0 0 0 0 0 0 0 0 0 0 0
          0 0 0 0 0 0 0 0 0 0 0 0
          0 0 0 0 0 0 0 0 0 0 0 0
          0 0 0 0 0 0 0 0 0 0 0 0
          0 0 0 0 0 0 0 0 0 0 0 0
          0 0 0 0 0 0 0 0 0 0 0 0
          0 0 0 0 0 0 0 0 0 0 0 0
          0 0 0 0 0 0 0 0 0 0 0 0
          0 0 0 0 0 0 0 0 0 0 0 0
          0 0 0 0 0 0 0 0 0 0 0 0
          0 0 0 0 0 0 0 0 0 0 0 0
          0 0 0 0 0 0 0 0 0 0 0 0
          0 0 0 0 0 0 0 0 0 0 0 0
          0 0 0 0 0 0 0 0 0 0 0 0
          0 0 0 0 0 0 0 0 0 0 0 0
          0 0 0 0 0 0 0 0 0 0 0 0
          0 0 0 0 0 0 0 0 0 0 0 0
          0 0 0 0 0 0 0 0 0 0 0 0
          0 0 0 0 0 0 0 0 0 0 0 0
          0 0 0 0 0 0 0 0 0 0 0 0
          0 0 0 0 0 0 0 0 0 0 0 0
          0 0 0 0 0 0 0 0 0 0 0 0
          0 0 0 0 0 0 0 0 0 0 0 0
          0 0 0 0 0 0 0 0 0 0 0 0
          0 0 0 0 0 0 0 0 0 0 0 0
          0 0 0 0 0 0 0 0 0 0 0 0
          0 0 0 0 0 0 0 0 0 0 0 0
          0 0 0 0 0 0 0 0 0 0 0 0
          0 0 0 0 0 0 0 0 0 0 0 0
          0 0 0 0 0 0 0 0 0 0 0 0
          0 0 0 0 0 0 0 0 0 0 0 0
          0 0 0 0 0 0 0 0 0 0 0 0
          0 0 0 0 0 0 0 0 0 0 0 0
          0 0 0 0 0 0 0 0 0 0 0 0
          0 0 0 0 0 0 0 0 0 0 0 0
          0 0 0 0 0 0 0 0 0 0 0 0
          0 0 0 0 0 0 0 0 0 0 0 0
          0 0 0 0 0 0 0 0 0 0 0 0
          0 0 0 0 0 0 0 0 0 0 0 0
          0 0 0 0 0 0 0 0 0 0 0 0
          0 0 0 0 0 0 0 0 0 0 0 0
          0 0 0 0 0 0 0 0 0 0 0 0
          0 0 0 0 0 0 0 0 0 0 0 0
          0 0 0 0 0 0 0 0 0 0 0 0
          0 0 0 0 0 0 0 0 0 0 0 0
          0 0 0 0 0 0 0 0 0 0 0 0
          0 0 0 0 0 0 0 0 0 0 0 0
          0 0 0 0 0 0 0 0 0 0 0 0
          0 0 0 0 0 0 0 0 0 0 0 0
          0 0 0 0 0 0 0 0 0 0 0 0
          0 0 0 0 0 0 0 0 0 0 0 0
          0 0 0 0 0 0 0 0 0 0 0 0
          0 0 0 0 0 0 0 0 0 0 0 0
          0 0 0 0 0 0 0 0 0 0 0 0
          0 0 0 0 0 0 0 0 0 0 0 0
          0 0 0 0 0 0 0 0 0 0 0 0
          0 0 0 0 0 0 0 0 0 0 0 0
          0 0 0 0 0 0 0 0 0 0 0 0
          0 0 0 0 0 0 0 0 0 0 0 0
          0 0 0 0 0 0 0 0 0 0 0 0
          0 0 0 0 0 0 0 0 0 0 0 0
          0 0 0 0 0 0 0 0 0 0 0 0
          0 0 0 0 0 0 0 0 0 0 0 0
          0 0 0 0 0 0 0 0 0 0 0 0
          0 0 0 0 0 0 0 0 0 0 0 0
          0 0 0 0 0 0 0 0 0 0 0 0
          0 0 0 0 0 0 0 0 0 0 0 0
          0 0 0 0 0 0 0 0 0 0 0 0
          0 0 0 0 0 0 0 0 0 0 0 0
          0 0 0 0 0 0 0 0 0 0 0 0
          0 0 0 0 0 0 0 0 0 0 0 0
          0 0 0 0 0 0 0 0 0 0 0 0
          0 0 0 0 0 0 0 0 0 0 0 0
          0 0 0 0 0 0 0 0 0 0 0 0
          0 0 0 0 0 0 0 0 0 0 0 0
          0 0 0 0 0 0 0 0 0 0 0 0
          0 0 0 0 0 0 0 0 0 0 0 0
          0 0 0 0 0 0 0 0 0 0 0 0
          0 0 0 0 0 0 0 0 0 0 0 0
          0 0 0 0 0 0 0 0 0 0 0 0
          0 0 0 0 0 0 0 0 0 0 0 0
          0 0 0 0 0 0 0 0 0 0 0 0
          0 0 0 0 0 0 0 0 0 0 0 0
          0 0 0 0 0 0 0 0 0 0 0 0
          0 0 0 0 0 0 0 0 0 0 0 0
          0 0 0 0 0 0 0 0 0 0 0 0
          0 0 0 0 0 0 0 0 0 0 0 0
          0 0 0 0 0 0 0 0 0 0 0 0
          0 0 0 0 0 0 0 0 0 0 0 0
          0 0 0 0 0 0 0 0 0 0 0 0
          0 0 0 0 0 0 0 0 0 0 0 0
          0 0 0 0 0 0 0 0 0 0 0 0
          0 0 0 0 0 0 0 0 0 0 0 0
          0 0 0 0 0 0 0 0 0 0 0 0
          0 0 0 0 0 0 0 0 0 0 0 0
          0 0 0 0 0 0 0 0 0 0 0 0
          0 0 0 0 0 0 0 0 0 0 0 0
          0 0 0 0 0 0 0 0 0 0 0 0
          0 0 0 0 0 0 0 0 0 0 0 0
          0 0 0 0 0 0 0 0 0 0 0 0
          0 0 0 0 0 0 0 0 0 0 0 0
          0 0 0 0 0 0 0 0 0 0 0 0
          0 0 0 0 0 0 0 0 0 0 0 0
          0 0 0 0 0 0 0 0 0 0 0 0
          0 0 0 0 0 0 0 0 0 0 0 0
          0 0 0 0 0 0 0 0 0 0 0 0
          0 0 0 0 0 0 0 0 0 0 0 0
          0 0 0 0 0 0 0 0 0 0 0 0
          0 0 0 0 0 0 0 0 0 0 0 0
          0 0 0 0 0 0 0 0 0 0 0 0
          0 0 0 0 0 0 0 0 0 0 0 0
          0 0 0 0 0 0 0 0 0 0 0 0
          0 0 0 0 0 0 0 0 0 0 0 0
          0 0 0 0 0 0 0 0 0 0 0 0
          0 0 0 0 0 0 0 0 0 0 0 0
          0 0 0 0 0 0 0 0 0 0 0 0
          0 0 0 0 0 0 0 0 0 0 0 0
          0 0 0 0 0 0 0 0 0 0 0 0
          0 0 0 0 0 0 0 0 0 0 0 0
          0 0 0 0 0 0 0 0 0 0 0 0
          0 0 0 0 0 0 0 0 0 0 0 0
          0 0 0 0 0 0 0 0 0 0 0 0
          0 0 0 0 0 0 0 0 0 0 0 0
          0 0 0 0 0 0 0 0 0 0 0 0
          0 0 0 0 0 0 0 0 0 0 0 0
          0 0 0 0 0 0 0 0 0 0 0 0
          0 0 0 0 0 0 0 0 0 0 0 0
          0 0 0 0 0 0 0 0 0 0 0 0
          0 0 0 0 0 0 0 0 0 0 0 0
          0 0 0 0 0 0 0 0 0 0 0 0
          0 0 0 0 0 0 0 0 0 0 0 0
          0 0 0 0 0 0 0 0 0 0 0 0
          0 0 0 0 0 0 0 0 0 0 0 0
          0 0 0 0 0 0 0 0 0 0 0 0
          0 0 0 0 0 0 0 0 0 0 0 0
          0 0 0 0 0 0 0 0 0 0 0 0
          0 0 0 0 0 0 0 0 0 0 0 0
          0 0 0 0 0 0 0 0 0 0 0 0
          0 0 0 0 0 0 0 0 0 0 0 0
          0 0 0 0 0 0 0 0 0 0 0 0
          0 0 0 0 0 0 0 0 0 0 0 0
          0 0 0 0 0 0 0 0 0 0 0 0
          0 0 0 0 0 0 0 0 0 0 0 0
          0 0 0 0 0 0 0 0 0 0 0 0
          0 0 0 0 0 0 0 0 0 0 0 0
          0 0 0 0 0 0 0 0 0 0 0 0
          0 0 0 0 0 0 0 0 0 0 0 0
          0 0 0 0 0 0 0 0 0 0 0 0
          0 0 0 0 0 0 0 0 0 0 0 0
          0 0 0 0 0 0 0 0 0 0 0 0
          0 0 0 0 0 0 0 0 0 0 0 0
          0 0 0 0 0 0 0 0 0 0 0 0
          0 0 0 0 0 0 0 0 0 0 0 0
          0 0 0 0 0 0 0 0 0 0 0 0
          0 0 0 0 0 0 0 0 0 0 0 0
          0 0 0 0 0 0 0 0 0 0 0 0
          0 0 0 0 0 0 0 0 0 0 0 0
          0 0 0 0 0 0 0 0 0 0 0 0
          0 0 0 0 0 0 0 0 0 0 0 0
          0 0 0 0 0 0 0 0 0 0 0 0
          0 0 0 0 0 0 0 0 0 0 0 0
          0 0 0 0 0 0 0 0 0 0 0 0
          0 0 0 0 0 0 0 0 0 0 0 0
          0 0 0 0 0 0 0 0 0 0 0 0
          0 0 0 0 0 0 0 0 0 0 0 0
          0 0 0 0 0 0 0 0 0 0 0 0
          0 0 0 0 0 0 0 0 0 0 0 0
          0 0 0 0 0 0 0 0 0 0 0 0
          0 0 0 0 0 0 0 0 0 0 0 0
          0 0 0 0 0 0 0 0 0 0 0 0
          0 0 0 0 0 0 0 0 0 0 0 0
          0 0 0 0 0 0 0 0 0 0 0 0
          0 0 0 0 0 0 0 0 0 0 0 0
          0 0 0 0 0 0 0 0 0 0 0 0
          0 0 0 0 0 0 0 0 0 0 0 0
          0 0 0 0 0 0 0 0 0 0 0 0
          0 0 0 0 0 0 0 0 0 0 0 0
          0 0 0 0 0 0 0 0 0 0 0 0
          0 0 0 0 0 0 0 0 0 0 0 0
          0 0 0 0 0 0 0 0 0 0 0 0
          0 0 0 0 0 0 0 0 0 0 0 0
          0 0 0 0 0 0 0 0 0 0 0 0
          0 0 0 0 0 0 0 0 0 0 0 0
          0 0 0 0 0 0 0 0 0 0 0 0
          0 0 0 0 0 0 0 0 0 0 0 0
          0 0 0 0 0 0 0 0 0 0 0 0
          0 0 0 0 0 0 0 0 0 0 0 0
          0 0 0 0 0 0 0 0 0 0 0 0
          0 0 0 0 0 0 0 0 0 0 0 0
          0 0 0 0 0 0 0 0 0 0 0 0
          0 0 0 0 0 0 0 0 0 0 0 0
          0 0 0 0 0 0 0 0 0 0 0 0
          0 0 0 0 0 0 0 0 0 0 0 0
          0 0 0 0 0 0 0 0 0 0 0 0
          0 0 0 0 0 0 0 0 0 0 0 0
          0 0 0 0 0 0 0 0 0 0 0 0
          0 0 0 0 0 0 0 0 0 0 0 0
          0 0 0 0 0 0 0 0 0 0 0 0
          0 0 0 0 0 0 0 0 0 0 0 0
          0 0 0 0 0 0 0 0 0 0 0 0
          0 0 0 0 0 0 0 0 0 0 0 0
          0 0 0 0 0 0 0 0 0 0 0 0
          0 0 0 0 0 0 0 0 0 0 0 0
          0 0 0 0 0 0 0 0 0 0 0 0
          0 0 0 0 0 0 0 0 0 0 0 0
          0 0 0 0 0 0 0 0 0 0 0 0
          0 0 0 0 0 0 0 0 0 0 0 0
          0 0 0 0 0 0 0 0 0 0 0 0
          0 0 0 0 0 0 0 0 0 0 0 0
          0 0 0 0 0 0 0 0 0 0 0 0
          0 0 0 0 0 0 0 0 0 0 0 0
          0 0 0 0 0 0 0 0 0 0 0 0
          0 0 0 0 0 0 0 0 0 0 0 0
          0 0 0 0 0 0 0 0 0 0 0 0
          0 0 0 0 0 0 0 0 0 0 0 0
          0 0 0 0 0 0 0 0 0 0 0 0
          0 0 0 0 0 0 0 0 0 0 0 0
          0 0 0 0 0 0 0 0 0 0 0 0
          0 0 0 0 0 0 0 0 0 0 0 0
          0 0 0 0 0 0 0 0 0 0 0 0
          0 0 0 0 0 0 0 0 0 0 0 0
          0 0 0 0 0 0 0 0 0 0 0 0
          0 0 0 0 0 0 0 0 0 0 0 0
          0 0 0 0 0 0 0 0 0 0 0 0
          0 0 0 0 0 0 0 0 0 0 0 0
          0 0 0 0 0 0 0 0 0 0 0 0
          0 0 0 0 0 0 0 0 0 0 0 0
          0 0 0 0 0 0 0 0 0 0 0 0
          0 0 0 0 0 0 0 0 0 0 0 0
          0 0 0 0 0 0 0 0 0 0 0 0
          0 0 0 0 0 0 0 0 0 0 0 0
          0 0 0 0 0 0 0 0 0 0 0 0
          0 0 0 0 0 0 0 0 0 0 0 0
          0 0 0 0 0 0 0 0 0 0 0 0
          0 0 0 0 0 0 0 0 0 0 0 0
          0 0 0 0 0 0 0 0 0 0 0 0
          0 0 0 0 0 0 0 0 0 0 0 0
          0 0 0 0 0 0 0 0 0 0 0 0
          0 0 0 0 0 0 0 0 0 0 0 0
          0 0 0 0 0 0 0 0 0 0 0 0
          0 0 0 0 0 0 0 0 0 0 0 0
          0 0 0 0 0 0 0 0 0 0 0 0
          0 0 0 0 0 0 0 0 0 0 0 0
          0 0 0 0 0 0 0 0 0 0 0 0
          0 0 0 0 0 0 0 0 0 0 0 0
          0 0 0 0 0 0 0 0 0 0 0 0
          0 0 0 0 0 0 0 0 0 0 0 0
          0 0 0 0 0 0 0 0 0 0 0 0
          0 0 0 0 0 0 0 0 0 0 0 0
          0 0 0 0 0 0 0 0 0 0 0 0
          0 0 0 0 0 0 0 0 0 0 0 0
          0 0 0 0 0 0 0 0 0 0 0 0
          0 0 0 0 0 0 0 0 0 0 0 0
          0 0 0 0 0 0 0 0 0 0 0 0
          0 0 0 0 0 0 0 0 0 0 0 0
          0 0 0 0 0 0 0 0 0 0 0 0
          0 0 0 0 0 0 0 0 0 0 0 0
          0 0 0 0 0 0 0 0 0 0 0 0
          0 0 0 0 0 0 0 0 0 0 0 0
          0 0 0 0 0 0 0 0 0 0 0 0
          0 0 0 0 0 0 0 0 0 0 0 0
          0 0 0 0 0 0 0 0 0 0 0 0
          0 0 0 0 0 0 0 0 0 0 0 0
          0 0 0 0 0 0 0 0 0 0 0 0
          0 0 0 0 0 0 0 0 0 0 0 0
          0 0 0 0 0 0 0 0 0 0 0 0
          0 0 0 0 0 0 0 0 0 0 0 0
          0 0 0 0 0 0 0 0 0 0 0 0
          0 0 0 0 0 0 0 0 0 0 0 0
          0 0 0 0 0 0 0 0 0 0 0 0
          0 0 0 0 0 0 0 0 0 0 0 0
          0 0 0 0 0 0 0 0 0 0 0 0
          0 0 0 0 0 0 0 0 0 0 0 0
          0 0 0 0 0 0 0 0 0 0 0 0
          0 0 0 0 0 0 0 0 0 0 0 0
          0 0 0 0 0 0 0 0 0 0 0 0
          0 0 0 0 0 0 0 0 0 0 0 0
          0 0 0 0 0 0 0 0 0 0 0 0
          0 0 0 0 0 0 0 0 0 0 0 0
          0 0 0 0 0 0 0 0 0 0 0 0
        </DataArray>
      </PointData>
      <CellData Scalars="process rank">
        <DataArray type="Float32" Name="process rank" NumberOfComponents="1" format="ascii">
          3 3 3 3 3 3 3 3 3 3 3 3
          3 3 3 3 3 3 3 3 3 3 3 3
          3 3 3 3 3 3 3 3 3 3 3 3
          3 3 3 3 3 3 3 3 3 3 3 3
          3 3 3 3 3 3 3 3 3 3 3 3
          3 3 3 3 3 3 3 3 3 3 3 3
          3 3 3 3 3 3 3 3 3 3 3 3
          3 3 3 3 3 3 3 3 3 3 3 3
          3 3 3 3 3 3 3 3 3 3 3 3
          3 3 3 3 3 3 3 3 3 3 3 3
          3 3 3 3 3 3 3 3 3 3 3 3
          3 3 3 3 3 3 3 3 3 3 3 3
          3 3 3 3 3 3 3 3 3 3 3 3
          3 3 3 3 3 3 3 3 3 3 3 3
          3 3 3 3 3 3 3 3 3 3 3 3
          3 3 3 3 3 3 3 3 3 3 3 3
          3 3 3 3 3 3 3 3 3 3 3 3
          3 3 3 3 3 3 3 3 3 3 3 3
          3 3 3 3 3 3 3 3 3 3 3 3
          3 3 3 3 3 3 3 3 3 3 3 3
          3 3 3 3 3 3 3 3 3 3 3 3
          3 3 3 3 3 3 3 3 3 3 3 3
          3 3 3 3 3 3 3 3 3 3 3 3
          3 3 3 3 3 3 3 3 3 3 3 3
          3 3 3 3 3 3 3 3 3 3 3 3
          3 3 3 3 3 3 3 3 3 3 3 3
          3 3 3 3 3 3 3 3 3 3 3 3
          3 3 3 3 3 3 3 3 3 3 3 3
          3 3 3 3 3 3 3 3 3 3 3 3
          3 3 3 3 3 3 3 3 3 3 3 3
          3 3 3 3 3 3 3 3 3 3 3 3
          3 3 3 3 3 3 3 3 3 3 3 3
          3 3 3 3 3 3 3 3 3 3 3 3
          3 3 3 3 3 3 3 3 3 3 3 3
          3 3 3 3 3 3 3 3 3 3 3 3
          3 3 3 3 3 3 3 3 3 3 3 3
          3 3 3 3 3 3 3 3 3 3 3 3
          3 3 3 3 3 3 3 3 3 3 3 3
          3 3 3 3 3 3 3 3 3 3 3 3
          3 3 3 3 3 3 3 3 3 3 3 3
          3 3 3 3 3 3 3 3 3 3 3 3
          3 3 3 3 3 3 3 3 3 3 3 3
          3 3 3 3 3 3 3 3 3 3 3 3
          3 3 3 3 3 3 3 3 3 3 3 3
          3 3 3 3 3 3 3 3 3 3 3 3
          3 3 3 3 3 3 3 3 3 3 3 3
          3 3 3 3 3 3 3 3 3 3 3 3
          3 3 3 3 3 3 3 3 3 3 3 3
          3 3 3 3 3 3 3 3 3 3 3 3
          3 3 3 3 3 3 3 3 3 3 3 3
          3 3 3 3 3 3 3 3 3 3 3 3
          3 3 3 3 3 3 3 3 3 3 3 3
          3 3 3 3 3 3 3 3 3 3 3 3
          3 3 3 3 3 3 3 3 3 3 3 3
          3 3 3 3 3 3 3 3 3 3 3 3
          3 3 3 3 3 3 3 3 3 3 3 3
          3 3 3 3 3 3 3 3 3 3 3 3
          3 3 3 3 3 3 3 3 3 3 3 3
          3 3 3 3 3 3 3 3 3 3 3 3
          3 3 3 3 3 3 3 3 3 3 3 3
          3 3 3 3 3 3 3 3 3 3 3 3
          3 3 3 3 3 3 3 3 3 3 3 3
          3 3 3 3 3 3 3 3 3 3 3 3
          3 3 3 3 3 3 3 3 3 3 3 3
          3 3 3 3 3 3 3 3 3 3 3 3
          3 3 3 3 3 3 3 3 3 3 3 3
          3 3 3 3 3 3 3 3 3 3 3 3
          3 3 3 3 3 3 3 3 3 3 3 3
          3 3 3 3 3 3 3 3 3 3 3 3
          3 3 3 3 3 3 3 3 3 3 3 3
          3 3 3 3 3 3 3 3 3 3 3 3
          3 3 3 3 3 3 3 3 3 3 3 3
          3 3 3 3 3 3 3 3 3 3 3 3
          3 3 3 3 3 3 3 3 3 3 3 3
          3 3 3 3 3 3 3 3 3 3 3 3
          3 3 3 3 3 3 3 3 3 3 3 3
          3 3 3 3 3 3 3 3 3 3 3 3
          3 3 3 3 3 3 3 3 3 3 3 3
          3 3 3 3 3 3 3 3 3 3 3 3
          3 3 3 3 3 3 3 3 3 3 3 3
          3 3 3 3 3 3 3 3 3 3 3 3
          3 3 3 3 3 3 3 3 3 3 3 3
          3 3 3 3 3 3 3 3 3 3 3 3
          3 3 3 3 3 3 3 3 3 3 3 3
          3 3 3 3 3 3 3 3 3 3 3 3
          3 3 3 3 3 3 3 3 3 3 3 3
          3 3 3 3 3 3 3 3 3 3 3 3
          3 3 3 3 3 3 3 3 3 3 3 3
          3 3 3 3 3 3 3 3 3 3 3 3
          3 3 3 3 3 3 3 3 3 3 3 3
          3 3 3 3 3 3 3 3 3 3 3 3
          3 3 3 3 3 3 3 3 3 3 3 3
          3 3 3 3 3 3 3 3 3 3 3 3
          3 3 3 3 3 3 3 3 3 3 3 3
          3 3 3 3 3 3 3 3 3 3 3 3
          3 3 3 3 3 3 3 3 3 3 3 3
          3 3 3 3 3 3 3 3 3 3 3 3
          3 3 3 3 3 3 3 3 3 3 3 3
          3 3 3 3 3 3 3 3 3 3 3 3
          3 3 3 3 3 3 3 3 3 3 3 3
          3 3 3 3 3 3 3 3 3 3 3 3
          3 3 3 3 3 3 3 3 3 3 3 3
          3 3 3 3 3 3 3 3 3 3 3 3
          3 3 3 3 3 3 3 3 3 3 3 3
          3 3 3 3 3 3 3 3 3 3 3 3
          3 3 3 3 3 3 3 3 3 3 3 3
          3 3 3 3 3 3 3 3 3 3 3 3
          3 3 3 3 3 3 3 3 3 3 3 3
          3 3 3 3 3 3 3 3 3 3 3 3
          3 3 3 3 3 3 3 3 3 3 3 3
          3 3 3 3 3 3 3 3 3 3 3 3
          3 3 3 3 3 3 3 3 3 3 3 3
          3 3 3 3 3 3 3 3 3 3 3 3
          3 3 3 3 3 3 3 3 3 3 3 3
          3 3 3 3 3 3 3 3 3 3 3 3
          3 3 3 3 3 3 3 3 3 3 3 3
          3 3 3 3 3 3 3 3 3 3 3 3
          3 3 3 3 3 3 3 3 3 3 3 3
          3 3 3 3 3 3 3 3 3 3 3 3
          3 3 3 3 3 3 3 3 3 3 3 3
          3 3 3 3 3 3 3 3 3 3 3 3
          3 3 3 3 3 3 3 3 3 3 3 3
          3 3 3 3 3 3 3 3 3 3 3 3
          3 3 3 3 3 3 3 3 3 3 3 3
          3 3 3 3 3 3 3 3 3 3 3 3
          3 3 3 3 3 3 3 3 3 3 3 3
          3 3 3 3 3 3 3 3 3 3 3 3
          3 3 3 3 3 3 3 3 3 3 3 3
          3 3 3 3 3 3 3 3 3 3 3 3
          3 3 3 3 3 3 3 3 3 3 3 3
          3 3 3 3 3 3 3 3 3 3 3 3
          3 3 3 3 3 3 3 3 3 3 3 3
          3 3 3 3 3 3 3 3 3 3 3 3
          3 3 3 3 3 3 3 3 3 3 3 3
          3 3 3 3 3 3 3 3 3 3 3 3
          3 3 3 3 3 3 3 3 3 3 3 3
          3 3 3 3 3 3 3 3 3 3 3 3
          3 3 3 3 3 3 3 3 3 3 3 3
          3 3 3 3 3 3 3 3 3 3 3 3
          3 3 3 3 3 3 3 3 3 3 3 3
          3 3 3 3 3 3 3 3 3 3 3 3
          3 3 3 3 3 3 3 3 3 3 3 3
          3 3 3 3 3 3 3 3 3 3 3 3
          3 3 3 3 3 3 3 3 3 3 3 3
          3 3 3 3 3 3 3 3 3 3 3 3
          3 3 3 3 3 3 3 3 3 3 3 3
          3 3 3 3 3 3 3 3 3 3 3 3
          3 3 3 3 3 3 3 3 3 3 3 3
          3 3 3 3 3 3 3 3 3 3 3 3
          3 3 3 3 3 3 3 3 3 3 3 3
          3 3 3 3 3 3 3 3 3 3 3 3
          3 3 3 3 3 3 3 3 3 3 3 3
          3 3 3 3 3 3 3 3 3 3 3 3
          3 3 3 3 3 3 3 3 3 3 3 3
          3 3 3 3 3 3 3 3 3 3 3 3
          3 3 3 3 3 3 3 3 3 3 3 3
          3 3 3 3 3 3 3 3 3 3 3 3
          3 3 3 3 3 3 3 3 3 3 3 3
          3 3 3 3 3 3 3 3 3 3 3 3
          3 3 3 3 3 3 3 3 3 3 3 3
          3 3 3 3 3 3 3 3 3 3 3 3
          3 3 3 3 3 3 3 3 3 3 3 3
          3 3 3 3 3 3 3 3 3 3 3 3
          3 3 3 3 3 3 3 3 3 3 3 3
          3 3 3 3 3 3 3 3 3 3 3 3
          3 3 3 3 3 3 3 3 3 3 3 3
          3 3 3 3 3 3 3 3 3 3 3 3
          3 3 3 3 3 3 3 3 3 3 3 3
          3 3 3 3 3 3 3 3 3 3 3 3
          3 3 3 3 3 3 3 3 3 3 3 3
          3 3 3 3 3 3 3 3 3 3 3 3
          3 3 3 3 3 3 3 3 3 3 3 3
          3 3 3 3 3 3 3 3 3 3 3 3
          3 3 3 3 3 3 3 3 3 3 3 3
          3 3 3 3 3 3 3 3 3 3 3 3
          3 3 3 3 3 3 3 3 3 3 3 3
          3 3 3 3 3 3 3 3 3 3 3 3
          3 3 3 3 3 3 3 3 3 3 3 3
          3 3 3 3 3 3 3 3 3 3 3 3
          3 3 3 3 3 3 3 3 3 3 3 3
          3 3 3 3 3 3 3 3 3 3 3 3
          3 3 3 3 3 3 3 3 3 3 3 3
          3 3 3 3 3 3 3 3 3 3 3 3
          3 3 3 3 3 3 3 3 3 3 3 3
          3 3 3 3 3 3 3 3 3 3 3 3
          3 3 3 3 3 3 3 3 3 3 3 3
          3 3 3 3 3 3 3 3 3 3 3 3
          3 3 3 3 3 3
        </DataArray>
      </CellData>
      <Points>
        <DataArray type="Float32" Name="Coordinates" NumberOfComponents="3" format="ascii">
          750.2 0 0 753.533 0 0 750.2 2 0 753.533 2 0
          756.867 0 0 756.867 2 0 760.2 0 0 760.2 2 0
          763.533 0 0 763.533 2 0 766.867 0 0 766.867 2 0
          770.2 0 0 770.2 2 0 773.533 0 0 773.533 2 0
          776.867 0 0 776.867 2 0 780.2 0 0 780.2 2 0
          783.533 0 0 783.533 2 0 786.867 0 0 786.867 2 0
          790.2 0 0 790.2 2 0 793.533 0 0 793.533 2 0
          796.867 0 0 796.867 2 0 800.2 0 0 800.2 2 0
          803.533 0 0 803.533 2 0 806.867 0 0 806.867 2 0
          810.2 0 0 810.2 2 0 813.533 0 0 813.533 2 0
          816.867 0 0 816.867 2 0 820.2 0 0 820.2 2 0
          823.533 0 0 823.533 2 0 826.867 0 0 826.867 2 0
          830.2 0 0 830.2 2 0 833.533 0 0 833.533 2 0
          836.867 0 0 836.867 2 0 840.2 0 0 840.2 2 0
          843.533 0 0 843.533 2 0 846.867 0 0 846.867 2 0
          850.2 0 0 850.2 2 0 853.533 0 0 853.533 2 0
          856.867 0 0 856.867 2 0 860.2 0 0 860.2 2 0
          863.533 0 0 863.533 2 0 866.867 0 0 866.867 2 0
          870.2 0 0 870.2 2 0 873.533 0 0 873.533 2 0
          876.867 0 0 876.867 2 0 880.2 0 0 880.2 2 0
          883.533 0 0 883.533 2 0 886.867 0 0 886.867 2 0
          890.2 0 0 890.2 2 0 893.533 0 0 893.533 2 0
          896.867 0 0 896.867 2 0 900.2 0 0 900.2 2 0
          903.533 0 0 903.533 2 0 906.867 0 0 906.867 2 0
          910.2 0 0 910.2 2 0 913.533 0 0 913.533 2 0
          916.867 0 0 916.867 2 0 920.2 0 0 920.2 2 0
          923.533 0 0 923.533 2 0 926.867 0 0 926.867 2 0
          930.2 0 0 930.2 2 0 933.533 0 0 933.533 2 0
          936.867 0 0 936.867 2 0 940.2 0 0 940.2 2 0
          943.533 0 0 943.533 2 0 946.867 0 0 946.867 2 0
          950.2 0 0 950.2 2 0 953.533 0 0 953.533 2 0
          956.867 0 0 956.867 2 0 960.2 0 0 960.2 2 0
          963.533 0 0 963.533 2 0 966.867 0 0 966.867 2 0
          970.2 0 0 970.2 2 0 973.533 0 0 973.533 2 0
          976.867 0 0 976.867 2 0 980.2 0 0 980.2 2 0
          983.533 0 0 983.533 2 0 986.867 0 0 986.867 2 0
          990.2 0 0 990.2 2 0 993.533 0 0 993.533 2 0
          996.867 0 0 996.867 2 0 1000.2 0 0 1000.2 2 0
          750.2 4 0 753.533 4 0 756.867 4 0 760.2 4 0
          763.533 4 0 766.867 4 0 770.2 4 0 773.533 4 0
          776.867 4 0 780.2 4 0 783.533 4 0 786.867 4 0
          790.2 4 0 793.533 4 0 796.867 4 0 800.2 4 0
          803.533 4 0 806.867 4 0 810.2 4 0 813.533 4 0
          816.867 4 0 820.2 4 0 823.533 4 0 826.867 4 0
          830.2 4 0 833.533 4 0 836.867 4 0 840.2 4 0
          843.533 4 0 846.867 4 0 850.2 4 0 853.533 4 0
          856.867 4 0 860.2 4 0 863.533 4 0 866.867 4 0
          870.2 4 0 873.533 4 0 876.867 4 0 880.2 4 0
          883.533 4 0 886.867 4 0 890.2 4 0 893.533 4 0
          896.867 4 0 900.2 4 0 903.533 4 0 906.867 4 0
          910.2 4 0 913.533 4 0 916.867 4 0 920.2 4 0
          923.533 4 0 926.867 4 0 930.2 4 0 933.533 4 0
          936.867 4 0 940.2 4 0 943.533 4 0 946.867 4 0
          950.2 4 0 953.533 4 0 956.867 4 0 960.2 4 0
          963.533 4 0 966.867 4 0 970.2 4 0 973.533 4 0
          976.867 4 0 980.2 4 0 983.533 4 0 986.867 4 0
          990.2 4 0 993.533 4 0 996.867 4 0 1000.2 4 0
          750.2 6 0 753.533 6 0 756.867 6 0 760.2 6 0
          763.533 6 0 766.867 6 0 770.2 6 0 773.533 6 0
          776.867 6 0 780.2 6 0 783.533 6 0 786.867 6 0
          790.2 6 0 793.533 6 0 796.867 6 0 800.2 6 0
          803.533 6 0 806.867 6 0 810.2 6 0 813.533 6 0
          816.867 6 0 820.2 6 0 823.533 6 0 826.867 6 0
          830.2 6 0 833.533 6 0 836.867 6 0 840.2 6 0
          843.533 6 0 846.867 6 0 850.2 6 0 853.533 6 0
          856.867 6 0 860.2 6 0 863.533 6 0 866.867 6 0
          870.2 6 0 873.533 6 0 876.867 6 0 880.2 6 0
          883.533 6 0 886.867 6 0 890.2 6 0 893.533 6 0
          896.867 6 0 900.2 6 0 903.533 6 0 906.867 6 0
          910.2 6 0 913.533 6 0 916.867 6 0 920.2 6 0
          923.533 6 0 926.867 6 0 930.2 6 0 933.533 6 0
          936.867 6 0 940.2 6 0 943.533 6 0 946.867 6 0
          950.2 6 0 953.533 6 0 956.867 6 0 960.2 6 0
          963.533 6 0 966.867 6 0 970.2 6 0 973.533 6 0
          976.867 6 0 980.2 6 0 983.533 6 0 986.867 6 0
          990.2 6 0 993.533 6 0 996.867 6 0 1000.2 6 0
          750.2 8 0 753.533 8 0 756.867 8 0 760.2 8 0
          763.533 8 0 766.867 8 0 770.2 8 0 773.533 8 0
          776.867 8 0 780.2 8 0 783.533 8 0 786.867 8 0
          790.2 8 0 793.533 8 0 796.867 8 0 800.2 8 0
          803.533 8 0 806.867 8 0 810.2 8 0 813.533 8 0
          816.867 8 0 820.2 8 0 823.533 8 0 826.867 8 0
          830.2 8 0 833.533 8 0 836.867 8 0 840.2 8 0
          843.533 8 0 846.867 8 0 850.2 8 0 853.533 8 0
          856.867 8 0 860.2 8 0 863.533 8 0 866.867 8 0
          870.2 8 0 873.533 8 0 876.867 8 0 880.2 8 0
          883.533 8 0 886.867 8 0 890.2 8 0 893.533 8 0
          896.867 8 0 900.2 8 0 903.533 8 0 906.867 8 0
          910.2 8 0 913.533 8 0 916.867 8 0 920.2 8 0
          923.533 8 0 926.867 8 0 930.2 8 0 933.533 8 0
          936.867 8 0 940.2 8 0 943.533 8 0 946.867 8 0
          950.2 8 0 953.533 8 0 956.867 8 0 960.2 8 0
          963.533 8 0 966.867 8 0 970.2 8 0 973.533 8 0
          976.867 8 0 980.2 8 0 983.533 8 0 986.867 8 0
          990.2 8 0 993.533 8 0 996.867 8 0 1000.2 8 0
          750.2 10 0 753.533 10 0 756.867 10 0 760.2 10 0
          763.533 10 0 766.867 10 0 770.2 10 0 773.533 10 0
          776.867 10 0 780.2 10 0 783.533 10 0 786.867 10 0
          790.2 10 0 793.533 10 0 796.867 10 0 800.2 10 0
          803.533 10 0 806.867 10 0 810.2 10 0 813.533 10 0
          816.867 10 0 820.2 10 0 823.533 10 0 826.867 10 0
          830.2 10 0 833.533 10 0 836.867 10 0 840.2 10 0
          843.533 10 0 846.867 10 0 850.2 10 0 853.533 10 0
          856.867 10 0 860.2 10 0 863.533 10 0 866.867 10 0
          870.2 10 0 873.533 10 0 876.867 10 0 880.2 10 0
          883.533 10 0 886.867 10 0 890.2 10 0 893.533 10 0
          896.867 10 0 900.2 10 0 903.533 10 0 906.867 10 0
          910.2 10 0 913.533 10 0 916.867 10 0 920.2 10 0
          923.533 10 0 926.867 10 0 930.2 10 0 933.533 10 0
          936.867 10 0 940.2 10 0 943.533 10 0 946.867 10 0
          950.2 10 0 953.533 10 0 956.867 10 0 960.2 10 0
          963.533 10 0 966.867 10 0 970.2 10 0 973.533 10 0
          976.867 10 0 980.2 10 0 983.533 10 0 986.867 10 0
          990.2 10 0 993.533 10 0 996.867 10 0 1000.2 10 0
          750.2 12 0 753.533 12 0 756.867 12 0 760.2 12 0
          763.533 12 0 766.867 12 0 770.2 12 0 773.533 12 0
          776.867 12 0 780.2 12 0 783.533 12 0 786.867 12 0
          790.2 12 0 793.533 12 0 796.867 12 0 800.2 12 0
          803.533 12 0 806.867 12 0 810.2 12 0 813.533 12 0
          816.867 12 0 820.2 12 0 823.533 12 0 826.867 12 0
          830.2 12 0 833.533 12 0 836.867 12 0 840.2 12 0
          843.533 12 0 846.867 12 0 850.2 12 0 853.533 12 0
          856.867 12 0 860.2 12 0 863.533 12 0 866.867 12 0
          870.2 12 0 873.533 12 0 876.867 12 0 880.2 12 0
          883.533 12 0 886.867 12 0 890.2 12 0 893.533 12 0
          896.867 12 0 900.2 12 0 903.533 12 0 906.867 12 0
          910.2 12 0 913.533 12 0 916.867 12 0 920.2 12 0
          923.533 12 0 926.867 12 0 930.2 12 0 933.533 12 0
          936.867 12 0 940.2 12 0 943.533 12 0 946.867 12 0
          950.2 12 0 953.533 12 0 956.867 12 0 960.2 12 0
          963.533 12 0 966.867 12 0 970.2 12 0 973.533 12 0
          976.867 12 0 980.2 12 0 983.533 12 0 986.867 12 0
          990.2 12 0 993.533 12 0 996.867 12 0 1000.2 12 0
          750.2 14 0 753.533 14 0 756.867 14 0 760.2 14 0
          763.533 14 0 766.867 14 0 770.2 14 0 773.533 14 0
          776.867 14 0 780.2 14 0 783.533 14 0 786.867 14 0
          790.2 14 0 793.533 14 0 796.867 14 0 800.2 14 0
          803.533 14 0 806.867 14 0 810.2 14 0 813.533 14 0
          816.867 14 0 820.2 14 0 823.533 14 0 826.867 14 0
          830.2 14 0 833.533 14 0 836.867 14 0 840.2 14 0
          843.533 14 0 846.867 14 0 850.2 14 0 853.533 14 0
          856.867 14 0 860.2 14 0 863.533 14 0 866.867 14 0
          870.2 14 0 873.533 14 0 876.867 14 0 880.2 14 0
          883.533 14 0 886.867 14 0 890.2 14 0 893.533 14 0
          896.867 14 0 900.2 14 0 903.533 14 0 906.867 14 0
          910.2 14 0 913.533 14 0 916.867 14 0 920.2 14 0
          923.533 14 0 926.867 14 0 930.2 14 0 933.533 14 0
          936.867 14 0 940.2 14 0 943.533 14 0 946.867 14 0
          950.2 14 0 953.533 14 0 956.867 14 0 960.2 14 0
          963.533 14 0 966.867 14 0 970.2 14 0 973.533 14 0
          976.867 14 0 980.2 14 0 983.533 14 0 986.867 14 0
          990.2 14 0 993.533 14 0 996.867 14 0 1000.2 14 0
          750.2 16 0 753.533 16 0 756.867 16 0 760.2 16 0
          763.533 16 0 766.867 16 0 770.2 16 0 773.533 16 0
          776.867 16 0 780.2 16 0 783.533 16 0 786.867 16 0
          790.2 16 0 793.533 16 0 796.867 16 0 800.2 16 0
          803.533 16 0 806.867 16 0 810.2 16 0 813.533 16 0
          816.867 16 0 820.2 16 0 823.533 16 0 826.867 16 0
          830.2 16 0 833.533 16 0 836.867 16 0 840.2 16 0
          843.533 16 0 846.867 16 0 850.2 16 0 853.533 16 0
          856.867 16 0 860.2 16 0 863.533 16 0 866.867 16 0
          870.2 16 0 873.533 16 0 876.867 16 0 880.2 16 0
          883.533 16 0 886.867 16 0 890.2 16 0 893.533 16 0
          896.867 16 0 900.2 16 0 903.533 16 0 906.867 16 0
          910.2 16 0 913.533 16 0 916.867 16 0 920.2 16 0
          923.533 16 0 926.867 16 0 930.2 16 0 933.533 16 0
          936.867 16 0 940.2 16 0 943.533 16 0 946.867 16 0
          950.2 16 0 953.533 16 0 956.867 16 0 960.2 16 0
          963.533 16 0 966.867 16 0 970.2 16 0 973.533 16 0
          976.867 16 0 980.2 16 0 983.533 16 0 986.867 16 0
          990.2 16 0 993.533 16 0 996.867 16 0 1000.2 16 0
          750.2 18 0 753.533 18 0 756.867 18 0 760.2 18 0
          763.533 18 0 766.867 18 0 770.2 18 0 773.533 18 0
          776.867 18 0 780.2 18 0 783.533 18 0 786.867 18 0
          790.2 18 0 793.533 18 0 796.867 18 0 800.2 18 0
          803.533 18 0 806.867 18 0 810.2 18 0 813.533 18 0
          816.867 18 0 820.2 18 0 823.533 18 0 826.867 18 0
          830.2 18 0 833.533 18 0 836.867 18 0 840.2 18 0
          843.533 18 0 846.867 18 0 850.2 18 0 853.533 18 0
          856.867 18 0 860.2 18 0 863.533 18 0 866.867 18 0
          870.2 18 0 873.533 18 0 876.867 18 0 880.2 18 0
          883.533 18 0 886.867 18 0 890.2 18 0 893.533 18 0
          896.867 18 0 900.2 18 0 903.533 18 0 906.867 18 0
          910.2 18 0 913.533 18 0 916.867 18 0 920.2 18 0
          923.533 18 0 926.867 18 0 930.2 18 0 933.533 18 0
          936.867 18 0 940.2 18 0 943.533 18 0 946.867 18 0
          950.2 18 0 953.533 18 0 956.867 18 0 960.2 18 0
          963.533 18 0 966.867 18 0 970.2 18 0 973.533 18 0
          976.867 18 0 980.2 18 0 983.533 18 0 986.867 18 0
          990.2 18 0 993.533 18 0 996.867 18 0 1000.2 18 0
          750.2 20 0 753.533 20 0 756.867 20 0 760.2 20 0
          763.533 20 0 766.867 20 0 770.2 20 0 773.533 20 0
          776.867 20 0 780.2 20 0 783.533 20 0 786.867 20 0
          790.2 20 0 793.533 20 0 796.867 20 0 800.2 20 0
          803.533 20 0 806.867 20 0 810.2 20 0 813.533 20 0
          816.867 20 0 820.2 20 0 823.533 20 0 826.867 20 0
          830.2 20 0 833.533 20 0 836.867 20 0 840.2 20 0
          843.533 20 0 846.867 20 0 850.2 20 0 853.533 20 0
          856.867 20 0 860.2 20 0 863.533 20 0 866.867 20 0
          870.2 20 0 873.533 20 0 876.867 20 0 880.2 20 0
          883.533 20 0 886.867 20 0 890.2 20 0 893.533 20 0
          896.867 20 0 900.2 20 0 903.533 20 0 906.867 20 0
          910.2 20 0 913.533 20 0 916.867 20 0 920.2 20 0
          923.533 20 0 926.867 20 0 930.2 20 0 933.533 20 0
          936.867 20 0 940.2 20 0 943.533 20 0 946.867 20 0
          950.2 20 0 953.533 20 0 956.867 20 0 960.2 20 0
          963.533 20 0 966.867 20 0 970.2 20 0 973.533 20 0
          976.867 20 0 980.2 20 0 983.533 20 0 986.867 20 0
          990.2 20 0 993.533 20 0 996.867 20 0 1000.2 20 0
          750.2 22 0 753.533 22 0 756.867 22 0 760.2 22 0
          763.533 22 0 766.867 22 0 770.2 22 0 773.533 22 0
          776.867 22 0 780.2 22 0 783.533 22 0 786.867 22 0
          790.2 22 0 793.533 22 0 796.867 22 0 800.2 22 0
          803.533 22 0 806.867 22 0 810.2 22 0 813.533 22 0
          816.867 22 0 820.2 22 0 823.533 22 0 826.867 22 0
          830.2 22 0 833.533 22 0 836.867 22 0 840.2 22 0
          843.533 22 0 846.867 22 0 850.2 22 0 853.533 22 0
          856.867 22 0 860.2 22 0 863.533 22 0 866.867 22 0
          870.2 22 0 873.533 22 0 876.867 22 0 880.2 22 0
          883.533 22 0 886.867 22 0 890.2 22 0 893.533 22 0
          896.867 22 0 900.2 22 0 903.533 22 0 906.867 22 0
          910.2 22 0 913.533 22 0 916.867 22 0 920.2 22 0
          923.533 22 0 926.867 22 0 930.2 22 0 933.533 22 0
          936.867 22 0 940.2 22 0 943.533 22 0 946.867 22 0
          950.2 22 0 953.533 22 0 956.867 22 0 960.2 22 0
          963.533 22 0 966.867 22 0 970.2 22 0 973.533 22 0
          976.867 22 0 980.2 22 0 983.533 22 0 986.867 22 0
          990.2 22 0 993.533 22 0 996.867 22 0 1000.2 22 0
          750.2 24 0 753.533 24 0 756.867 24 0 760.2 24 0
          763.533 24 0 766.867 24 0 770.2 24 0 773.533 24 0
          776.867 24 0 780.2 24 0 783.533 24 0 786.867 24 0
          790.2 24 0 793.533 24 0 796.867 24 0 800.2 24 0
          803.533 24 0 806.867 24 0 810.2 24 0 813.533 24 0
          816.867 24 0 820.2 24 0 823.533 24 0 826.867 24 0
          830.2 24 0 833.533 24 0 836.867 24 0 840.2 24 0
          843.533 24 0 846.867 24 0 850.2 24 0 853.533 24 0
          856.867 24 0 860.2 24 0 863.533 24 0 866.867 24 0
          870.2 24 0 873.533 24 0 876.867 24 0 880.2 24 0
          883.533 24 0 886.867 24 0 890.2 24 0 893.533 24 0
          896.867 24 0 900.2 24 0 903.533 24 0 906.867 24 0
          910.2 24 0 913.533 24 0 916.867 24 0 920.2 24 0
          923.533 24 0 926.867 24 0 930.2 24 0 933.533 24 0
          936.867 24 0 940.2 24 0 943.533 24 0 946.867 24 0
          950.2 24 0 953.533 24 0 956.867 24 0 960.2 24 0
          963.533 24 0 966.867 24 0 970.2 24 0 973.533 24 0
          976.867 24 0 980.2 24 0 983.533 24 0 986.867 24 0
          990.2 24 0 993.533 24 0 996.867 24 0 1000.2 24 0
          750.2 26 0 753.533 26 0 756.867 26 0 760.2 26 0
          763.533 26 0 766.867 26 0 770.2 26 0 773.533 26 0
          776.867 26 0 780.2 26 0 783.533 26 0 786.867 26 0
          790.2 26 0 793.533 26 0 796.867 26 0 800.2 26 0
          803.533 26 0 806.867 26 0 810.2 26 0 813.533 26 0
          816.867 26 0 820.2 26 0 823.533 26 0 826.867 26 0
          830.2 26 0 833.533 26 0 836.867 26 0 840.2 26 0
          843.533 26 0 846.867 26 0 850.2 26 0 853.533 26 0
          856.867 26 0 860.2 26 0 863.533 26 0 866.867 26 0
          870.2 26 0 873.533 26 0 876.867 26 0 880.2 26 0
          883.533 26 0 886.867 26 0 890.2 26 0 893.533 26 0
          896.867 26 0 900.2 26 0 903.533 26 0 906.867 26 0
          910.2 26 0 913.533 26 0 916.867 26 0 920.2 26 0
          923.533 26 0 926.867 26 0 930.2 26 0 933.533 26 0
          936.867 26 0 940.2 26 0 943.533 26 0 946.867 26 0
          950.2 26 0 953.533 26 0 956.867 26 0 960.2 26 0
          963.533 26 0 966.867 26 0 970.2 26 0 973.533 26 0
          976.867 26 0 980.2 26 0 983.533 26 0 986.867 26 0
          990.2 26 0 993.533 26 0 996.867 26 0 1000.2 26 0
          750.2 28 0 753.533 28 0 756.867 28 0 760.2 28 0
          763.533 28 0 766.867 28 0 770.2 28 0 773.533 28 0
          776.867 28 0 780.2 28 0 783.533 28 0 786.867 28 0
          790.2 28 0 793.533 28 0 796.867 28 0 800.2 28 0
          803.533 28 0 806.867 28 0 810.2 28 0 813.533 28 0
          816.867 28 0 820.2 28 0 823.533 28 0 826.867 28 0
          830.2 28 0 833.533 28 0 836.867 28 0 840.2 28 0
          843.533 28 0 846.867 28 0 850.2 28 0 853.533 28 0
          856.867 28 0 860.2 28 0 863.533 28 0 866.867 28 0
          870.2 28 0 873.533 28 0 876.867 28 0 880.2 28 0
          883.533 28 0 886.867 28 0 890.2 28 0 893.533 28 0
          896.867 28 0 900.2 28 0 903.533 28 0 906.867 28 0
          910.2 28 0 913.533 28 0 916.867 28 0 920.2 28 0
          923.533 28 0 926.867 28 0 930.2 28 0 933.533 28 0
          936.867 28 0 940.2 28 0 943.533 28 0 946.867 28 0
          950.2 28 0 953.533 28 0 956.867 28 0 960.2 28 0
          963.533 28 0 966.867 28 0 970.2 28 0 973.533 28 0
          976.867 28 0 980.2 28 0 983.533 28 0 986.867 28 0
          990.2 28 0 993.533 28 0 996.867 28 0 1000.2 28 0
          750.2 30 0 753.533 30 0 756.867 30 0 760.2 30 0
          763.533 30 0 766.867 30 0 770.2 30 0 773.533 30 0
          776.867 30 0 780.2 30 0 783.533 30 0 786.867 30 0
          790.2 30 0 793.533 30 0 796.867 30 0 800.2 30 0
          803.533 30 0 806.867 30 0 810.2 30 0 813.533 30 0
          816.867 30 0 820.2 30 0 823.533 30 0 826.867 30 0
          830.2 30 0 833.533 30 0 836.867 30 0 840.2 30 0
          843.533 30 0 846.867 30 0 850.2 30 0 853.533 30 0
          856.867 30 0 860.2 30 0 863.533 30 0 866.867 30 0
          870.2 30 0 873.533 30 0 876.867 30 0 880.2 30 0
          883.533 30 0 886.867 30 0 890.2 30 0 893.533 30 0
          896.867 30 0 900.2 30 0 903.533 30 0 906.867 30 0
          910.2 30 0 913.533 30 0 916.867 30 0 920.2 30 0
          923.533 30 0 926.867 30 0 930.2 30 0 933.533 30 0
          936.867 30 0 940.2 30 0 943.533 30 0 946.867 30 0
          950.2 30 0 953.533 30 0 956.867 30 0 960.2 30 0
          963.533 30 0 966.867 30 0 970.2 30 0 973.533 30 0
          976.867 30 0 980.2 30 0 983.533 30 0 986.867 30 0
          990.2 30 0 993.533 30 0 996.867 30 0 1000.2 30 0
          750.2 32 0 753.533 32 0 756.867 32 0 760.2 32 0
          763.533 32 0 766.867 32 0 770.2 32 0 773.533 32 0
          776.867 32 0 780.2 32 0 783.533 32 0 786.867 32 0
          790.2 32 0 793.533 32 0 796.867 32 0 800.2 32 0
          803.533 32 0 806.867 32 0 810.2 32 0 813.533 32 0
          816.867 32 0 820.2 32 0 823.533 32 0 826.867 32 0
          830.2 32 0 833.533 32 0 836.867 32 0 840.2 32 0
          843.533 32 0 846.867 32 0 850.2 32 0 853.533 32 0
          856.867 32 0 860.2 32 0 863.533 32 0 866.867 32 0
          870.2 32 0 873.533 32 0 876.867 32 0 880.2 32 0
          883.533 32 0 886.867 32 0 890.2 32 0 893.533 32 0
          896.867 32 0 900.2 32 0 903.533 32 0 906.867 32 0
          910.2 32 0 913.533 32 0 916.867 32 0 920.2 32 0
          923.533 32 0 926.867 32 0 930.2 32 0 933.533 32 0
          936.867 32 0 940.2 32 0 943.533 32 0 946.867 32 0
          950.2 32 0 953.533 32 0 956.867 32 0 960.2 32 0
          963.533 32 0 966.867 32 0 970.2 32 0 973.533 32 0
          976.867 32 0 980.2 32 0 983.533 32 0 986.867 32 0
          990.2 32 0 993.533 32 0 996.867 32 0 1000.2 32 0
          750.2 34 0 753.533 34 0 756.867 34 0 760.2 34 0
          763.533 34 0 766.867 34 0 770.2 34 0 773.533 34 0
          776.867 34 0 780.2 34 0 783.533 34 0 786.867 34 0
          790.2 34 0 793.533 34 0 796.867 34 0 800.2 34 0
          803.533 34 0 806.867 34 0 810.2 34 0 813.533 34 0
          816.867 34 0 820.2 34 0 823.533 34 0 826.867 34 0
          830.2 34 0 833.533 34 0 836.867 34 0 840.2 34 0
          843.533 34 0 846.867 34 0 850.2 34 0 853.533 34 0
          856.867 34 0 860.2 34 0 863.533 34 0 866.867 34 0
          870.2 34 0 873.533 34 0 876.867 34 0 880.2 34 0
          883.533 34 0 886.867 34 0 890.2 34 0 893.533 34 0
          896.867 34 0 900.2 34 0 903.533 34 0 906.867 34 0
          910.2 34 0 913.533 34 0 916.867 34 0 920.2 34 0
          923.533 34 0 926.867 34 0 930.2 34 0 933.533 34 0
          936.867 34 0 940.2 34 0 943.533 34 0 946.867 34 0
          950.2 34 0 953.533 34 0 956.867 34 0 960.2 34 0
          963.533 34 0 966.867 34 0 970.2 34 0 973.533 34 0
          976.867 34 0 980.2 34 0 983.533 34 0 986.867 34 0
          990.2 34 0 993.533 34 0 996.867 34 0 1000.2 34 0
          750.2 36 0 753.533 36 0 756.867 36 0 760.2 36 0
          763.533 36 0 766.867 36 0 770.2 36 0 773.533 36 0
          776.867 36 0 780.2 36 0 783.533 36 0 786.867 36 0
          790.2 36 0 793.533 36 0 796.867 36 0 800.2 36 0
          803.533 36 0 806.867 36 0 810.2 36 0 813.533 36 0
          816.867 36 0 820.2 36 0 823.533 36 0 826.867 36 0
          830.2 36 0 833.533 36 0 836.867 36 0 840.2 36 0
          843.533 36 0 846.867 36 0 850.2 36 0 853.533 36 0
          856.867 36 0 860.2 36 0 863.533 36 0 866.867 36 0
          870.2 36 0 873.533 36 0 876.867 36 0 880.2 36 0
          883.533 36 0 886.867 36 0 890.2 36 0 893.533 36 0
          896.867 36 0 900.2 36 0 903.533 36 0 906.867 36 0
          910.2 36 0 913.533 36 0 916.867 36 0 920.2 36 0
          923.533 36 0 926.867 36 0 930.2 36 0 933.533 36 0
          936.867 36 0 940.2 36 0 943.533 36 0 946.867 36 0
          950.2 36 0 953.533 36 0 956.867 36 0 960.2 36 0
          963.533 36 0 966.867 36 0 970.2 36 0 973.533 36 0
          976.867 36 0 980.2 36 0 983.533 36 0 986.867 36 0
          990.2 36 0 993.533 36 0 996.867 36 0 1000.2 36 0
          750.2 38 0 753.533 38 0 756.867 38 0 760.2 38 0
          763.533 38 0 766.867 38 0 770.2 38 0 773.533 38 0
          776.867 38 0 780.2 38 0 783.533 38 0 786.867 38 0
          790.2 38 0 793.533 38 0 796.867 38 0 800.2 38 0
          803.533 38 0 806.867 38 0 810.2 38 0 813.533 38 0
          816.867 38 0 820.2 38 0 823.533 38 0 826.867 38 0
          830.2 38 0 833.533 38 0 836.867 38 0 840.2 38 0
          843.533 38 0 846.867 38 0 850.2 38 0 853.533 38 0
          856.867 38 0 860.2 38 0 863.533 38 0 866.867 38 0
          870.2 38 0 873.533 38 0 876.867 38 0 880.2 38 0
          883.533 38 0 886.867 38 0 890.2 38 0 893.533 38 0
          896.867 38 0 900.2 38 0 903.533 38 0 906.867 38 0
          910.2 38 0 913.533 38 0 916.867 38 0 920.2 38 0
          923.533 38 0 926.867 38 0 930.2 38 0 933.533 38 0
          936.867 38 0 940.2 38 0 943.533 38 0 946.867 38 0
          950.2 38 0 953.533 38 0 956.867 38 0 960.2 38 0
          963.533 38 0 966.867 38 0 970.2 38 0 973.533 38 0
          976.867 38 0 980.2 38 0 983.533 38 0 986.867 38 0
          990.2 38 0 993.533 38 0 996.867 38 0 1000.2 38 0
          750.2 40 0 753.533 40 0 756.867 40 0 760.2 40 0
          763.533 40 0 766.867 40 0 770.2 40 0 773.533 40 0
          776.867 40 0 780.2 40 0 783.533 40 0 786.867 40 0
          790.2 40 0 793.533 40 0 796.867 40 0 800.2 40 0
          803.533 40 0 806.867 40 0 810.2 40 0 813.533 40 0
          816.867 40 0 820.2 40 0 823.533 40 0 826.867 40 0
          830.2 40 0 833.533 40 0 836.867 40 0 840.2 40 0
          843.533 40 0 846.867 40 0 850.2 40 0 853.533 40 0
          856.867 40 0 860.2 40 0 863.533 40 0 866.867 40 0
          870.2 40 0 873.533 40 0 876.867 40 0 880.2 40 0
          883.533 40 0 886.867 40 0 890.2 40 0 893.533 40 0
          896.867 40 0 900.2 40 0 903.533 40 0 906.867 40 0
          910.2 40 0 913.533 40 0 916.867 40 0 920.2 40 0
          923.533 40 0 926.867 40 0 930.2 40 0 933.533 40 0
          936.867 40 0 940.2 40 0 943.533 40 0 946.867 40 0
          950.2 40 0 953.533 40 0 956.867 40 0 960.2 40 0
          963.533 40 0 966.867 40 0 970.2 40 0 973.533 40 0
          976.867 40 0 980.2 40 0 983.533 40 0 986.867 40 0
          990.2 40 0 993.533 40 0 996.867 40 0 1000.2 40 0
          750.2 42 0 753.533 42 0 756.867 42 0 760.2 42 0
          763.533 42 0 766.867 42 0 770.2 42 0 773.533 42 0
          776.867 42 0 780.2 42 0 783.533 42 0 786.867 42 0
          790.2 42 0 793.533 42 0 796.867 42 0 800.2 42 0
          803.533 42 0 806.867 42 0 810.2 42 0 813.533 42 0
          816.867 42 0 820.2 42 0 823.533 42 0 826.867 42 0
          830.2 42 0 833.533 42 0 836.867 42 0 840.2 42 0
          843.533 42 0 846.867 42 0 850.2 42 0 853.533 42 0
          856.867 42 0 860.2 42 0 863.533 42 0 866.867 42 0
          870.2 42 0 873.533 42 0 876.867 42 0 880.2 42 0
          883.533 42 0 886.867 42 0 890.2 42 0 893.533 42 0
          896.867 42 0 900.2 42 0 903.533 42 0 906.867 42 0
          910.2 42 0 913.533 42 0 916.867 42 0 920.2 42 0
          923.533 42 0 926.867 42 0 930.2 42 0 933.533 42 0
          936.867 42 0 940.2 42 0 943.533 42 0 946.867 42 0
          950.2 42 0 953.533 42 0 956.867 42 0 960.2 42 0
          963.533 42 0 966.867 42 0 970.2 42 0 973.533 42 0
          976.867 42 0 980.2 42 0 983.533 42 0 986.867 42 0
          990.2 42 0 993.533 42 0 996.867 42 0 1000.2 42 0
          750.2 44 0 753.533 44 0 756.867 44 0 760.2 44 0
          763.533 44 0 766.867 44 0 770.2 44 0 773.533 44 0
          776.867 44 0 780.2 44 0 783.533 44 0 786.867 44 0
          790.2 44 0 793.533 44 0 796.867 44 0 800.2 44 0
          803.533 44 0 806.867 44 0 810.2 44 0 813.533 44 0
          816.867 44 0 820.2 44 0 823.533 44 0 826.867 44 0
          830.2 44 0 833.533 44 0 836.867 44 0 840.2 44 0
          843.533 44 0 846.867 44 0 850.2 44 0 853.533 44 0
          856.867 44 0 860.2 44 0 863.533 44 0 866.867 44 0
          870.2 44 0 873.533 44 0 876.867 44 0 880.2 44 0
          883.533 44 0 886.867 44 0 890.2 44 0 893.533 44 0
          896.867 44 0 900.2 44 0 903.533 44 0 906.867 44 0
          910.2 44 0 913.533 44 0 916.867 44 0 920.2 44 0
          923.533 44 0 926.867 44 0 930.2 44 0 933.533 44 0
          936.867 44 0 940.2 44 0 943.533 44 0 946.867 44 0
          950.2 44 0 953.533 44 0 956.867 44 0 960.2 44 0
          963.533 44 0 966.867 44 0 970.2 44 0 973.533 44 0
          976.867 44 0 980.2 44 0 983.533 44 0 986.867 44 0
          990.2 44 0 993.533 44 0 996.867 44 0 1000.2 44 0
          750.2 46 0 753.533 46 0 756.867 46 0 760.2 46 0
          763.533 46 0 766.867 46 0 770.2 46 0 773.533 46 0
          776.867 46 0 780.2 46 0 783.533 46 0 786.867 46 0
          790.2 46 0 793.533 46 0 796.867 46 0 800.2 46 0
          803.533 46 0 806.867 46 0 810.2 46 0 813.533 46 0
          816.867 46 0 820.2 46 0 823.533 46 0 826.867 46 0
          830.2 46 0 833.533 46 0 836.867 46 0 840.2 46 0
          843.533 46 0 846.867 46 0 850.2 46 0 853.533 46 0
          856.867 46 0 860.2 46 0 863.533 46 0 866.867 46 0
          870.2 46 0 873.533 46 0 876.867 46 0 880.2 46 0
          883.533 46 0 886.867 46 0 890.2 46 0 893.533 46 0
          896.867 46 0 900.2 46 0 903.533 46 0 906.867 46 0
          910.2 46 0 913.533 46 0 916.867 46 0 920.2 46 0
          923.533 46 0 926.867 46 0 930.2 46 0 933.533 46 0
          936.867 46 0 940.2 46 0 943.533 46 0 946.867 46 0
          950.2 46 0 953.533 46 0 956.867 46 0 960.2 46 0
          963.533 46 0 966.867 46 0 970.2 46 0 973.533 46 0
          976.867 46 0 980.2 46 0 983.533 46 0 986.867 46 0
          990.2 46 0 993.533 46 0 996.867 46 0 1000.2 46 0
          750.2 48 0 753.533 48 0 756.867 48 0 760.2 48 0
          763.533 48 0 766.867 48 0 770.2 48 0 773.533 48 0
          776.867 48 0 780.2 48 0 783.533 48 0 786.867 48 0
          790.2 48 0 793.533 48 0 796.867 48 0 800.2 48 0
          803.533 48 0 806.867 48 0 810.2 48 0 813.533 48 0
          816.867 48 0 820.2 48 0 823.533 48 0 826.867 48 0
          830.2 48 0 833.533 48 0 836.867 48 0 840.2 48 0
          843.533 48 0 846.867 48 0 850.2 48 0 853.533 48 0
          856.867 48 0 860.2 48 0 863.533 48 0 866.867 48 0
          870.2 48 0 873.533 48 0 876.867 48 0 880.2 48 0
          883.533 48 0 886.867 48 0 890.2 48 0 893.533 48 0
          896.867 48 0 900.2 48 0 903.533 48 0 906.867 48 0
          910.2 48 0 913.533 48 0 916.867 48 0 920.2 48 0
          923.533 48 0 926.867 48 0 930.2 48 0 933.533 48 0
          936.867 48 0 940.2 48 0 943.533 48 0 946.867 48 0
          950.2 48 0 953.533 48 0 956.867 48 0 960.2 48 0
          963.533 48 0 966.867 48 0 970.2 48 0 973.533 48 0
          976.867 48 0 980.2 48 0 983.533 48 0 986.867 48 0
          990.2 48 0 993.533 48 0 996.867 48 0 1000.2 48 0
          750.2 50 0 753.533 50 0 756.867 50 0 760.2 50 0
          763.533 50 0 766.867 50 0 770.2 50 0 773.533 50 0
          776.867 50 0 780.2 50 0 783.533 50 0 786.867 50 0
          790.2 50 0 793.533 50 0 796.867 50 0 800.2 50 0
          803.533 50 0 806.867 50 0 810.2 50 0 813.533 50 0
          816.867 50 0 820.2 50 0 823.533 50 0 826.867 50 0
          830.2 50 0 833.533 50 0 836.867 50 0 840.2 50 0
          843.533 50 0 846.867 50 0 850.2 50 0 853.533 50 0
          856.867 50 0 860.2 50 0 863.533 50 0 866.867 50 0
          870.2 50 0 873.533 50 0 876.867 50 0 880.2 50 0
          883.533 50 0 886.867 50 0 890.2 50 0 893.533 50 0
          896.867 50 0 900.2 50 0 903.533 50 0 906.867 50 0
          910.2 50 0 913.533 50 0 916.867 50 0 920.2 50 0
          923.533 50 0 926.867 50 0 930.2 50 0 933.533 50 0
          936.867 50 0 940.2 50 0 943.533 50 0 946.867 50 0
          950.2 50 0 953.533 50 0 956.867 50 0 960.2 50 0
          963.533 50 0 966.867 50 0 970.2 50 0 973.533 50 0
          976.867 50 0 980.2 50 0 983.533 50 0 986.867 50 0
          990.2 50 0 993.533 50 0 996.867 50 0 1000.2 50 0
          750.2 52 0 753.533 52 0 756.867 52 0 760.2 52 0
          763.533 52 0 766.867 52 0 770.2 52 0 773.533 52 0
          776.867 52 0 780.2 52 0 783.533 52 0 786.867 52 0
          790.2 52 0 793.533 52 0 796.867 52 0 800.2 52 0
          803.533 52 0 806.867 52 0 810.2 52 0 813.533 52 0
          816.867 52 0 820.2 52 0 823.533 52 0 826.867 52 0
          830.2 52 0 833.533 52 0 836.867 52 0 840.2 52 0
          843.533 52 0 846.867 52 0 850.2 52 0 853.533 52 0
          856.867 52 0 860.2 52 0 863.533 52 0 866.867 52 0
          870.2 52 0 873.533 52 0 876.867 52 0 880.2 52 0
          883.533 52 0 886.867 52 0 890.2 52 0 893.533 52 0
          896.867 52 0 900.2 52 0 903.533 52 0 906.867 52 0
          910.2 52 0 913.533 52 0 916.867 52 0 920.2 52 0
          923.533 52 0 926.867 52 0 930.2 52 0 933.533 52 0
          936.867 52 0 940.2 52 0 943.533 52 0 946.867 52 0
          950.2 52 0 953.533 52 0 956.867 52 0 960.2 52 0
          963.533 52 0 966.867 52 0 970.2 52 0 973.533 52 0
          976.867 52 0 980.2 52 0 983.533 52 0 986.867 52 0
          990.2 52 0 993.533 52 0 996.867 52 0 1000.2 52 0
          750.2 54 0 753.533 54 0 756.867 54 0 760.2 54 0
          763.533 54 0 766.867 54 0 770.2 54 0 773.533 54 0
          776.867 54 0 780.2 54 0 783.533 54 0 786.867 54 0
          790.2 54 0 793.533 54 0 796.867 54 0 800.2 54 0
          803.533 54 0 806.867 54 0 810.2 54 0 813.533 54 0
          816.867 54 0 820.2 54 0 823.533 54 0 826.867 54 0
          830.2 54 0 833.533 54 0 836.867 54 0 840.2 54 0
          843.533 54 0 846.867 54 0 850.2 54 0 853.533 54 0
          856.867 54 0 860.2 54 0 863.533 54 0 866.867 54 0
          870.2 54 0 873.533 54 0 876.867 54 0 880.2 54 0
          883.533 54 0 886.867 54 0 890.2 54 0 893.533 54 0
          896.867 54 0 900.2 54 0 903.533 54 0 906.867 54 0
          910.2 54 0 913.533 54 0 916.867 54 0 920.2 54 0
          923.533 54 0 926.867 54 0 930.2 54 0 933.533 54 0
          936.867 54 0 940.2 54 0 943.533 54 0 946.867 54 0
          950.2 54 0 953.533 54 0 956.867 54 0 960.2 54 0
          963.533 54 0 966.867 54 0 970.2 54 0 973.533 54 0
          976.867 54 0 980.2 54 0 983.533 54 0 986.867 54 0
          990.2 54 0 993.533 54 0 996.867 54 0 1000.2 54 0
          750.2 56 0 753.533 56 0 756.867 56 0 760.2 56 0
          763.533 56 0 766.867 56 0 770.2 56 0 773.533 56 0
          776.867 56 0 780.2 56 0 783.533 56 0 786.867 56 0
          790.2 56 0 793.533 56 0 796.867 56 0 800.2 56 0
          803.533 56 0 806.867 56 0 810.2 56 0 813.533 56 0
          816.867 56 0 820.2 56 0 823.533 56 0 826.867 56 0
          830.2 56 0 833.533 56 0 836.867 56 0 840.2 56 0
          843.533 56 0 846.867 56 0 850.2 56 0 853.533 56 0
          856.867 56 0 860.2 56 0 863.533 56 0 866.867 56 0
          870.2 56 0 873.533 56 0 876.867 56 0 880.2 56 0
          883.533 56 0 886.867 56 0 890.2 56 0 893.533 56 0
          896.867 56 0 900.2 56 0 903.533 56 0 906.867 56 0
          910.2 56 0 913.533 56 0 916.867 56 0 920.2 56 0
          923.533 56 0 926.867 56 0 930.2 56 0 933.533 56 0
          936.867 56 0 940.2 56 0 943.533 56 0 946.867 56 0
          950.2 56 0 953.533 56 0 956.867 56 0 960.2 56 0
          963.533 56 0 966.867 56 0 970.2 56 0 973.533 56 0
          976.867 56 0 980.2 56 0 983.533 56 0 986.867 56 0
          990.2 56 0 993.533 56 0 996.867 56 0 1000.2 56 0
          750.2 58 0 753.533 58 0 756.867 58 0 760.2 58 0
          763.533 58 0 766.867 58 0 770.2 58 0 773.533 58 0
          776.867 58 0 780.2 58 0 783.533 58 0 786.867 58 0
          790.2 58 0 793.533 58 0 796.867 58 0 800.2 58 0
          803.533 58 0 806.867 58 0 810.2 58 0 813.533 58 0
          816.867 58 0 820.2 58 0 823.533 58 0 826.867 58 0
          830.2 58 0 833.533 58 0 836.867 58 0 840.2 58 0
          843.533 58 0 846.867 58 0 850.2 58 0 853.533 58 0
          856.867 58 0 860.2 58 0 863.533 58 0 866.867 58 0
          870.2 58 0 873.533 58 0 876.867 58 0 880.2 58 0
          883.533 58 0 886.867 58 0 890.2 58 0 893.533 58 0
          896.867 58 0 900.2 58 0 903.533 58 0 906.867 58 0
          910.2 58 0 913.533 58 0 916.867 58 0 920.2 58 0
          923.533 58 0 926.867 58 0 930.2 58 0 933.533 58 0
          936.867 58 0 940.2 58 0 943.533 58 0 946.867 58 0
          950.2 58 0 953.533 58 0 956.867 58 0 960.2 58 0
          963.533 58 0 966.867 58 0 970.2 58 0 973.533 58 0
          976.867 58 0 980.2 58 0 983.533 58 0 986.867 58 0
          990.2 58 0 993.533 58 0 996.867 58 0 1000.2 58 0
          750.2 60 0 753.533 60 0 756.867 60 0 760.2 60 0
          763.533 60 0 766.867 60 0 770.2 60 0 773.533 60 0
          776.867 60 0 780.2 60 0 783.533 60 0 786.867 60 0
          790.2 60 0 793.533 60 0 796.867 60 0 800.2 60 0
          803.533 60 0 806.867 60 0 810.2 60 0 813.533 60 0
          816.867 60 0 820.2 60 0 823.533 60 0 826.867 60 0
          830.2 60 0 833.533 60 0 836.867 60 0 840.2 60 0
          843.533 60 0 846.867 60 0 850.2 60 0 853.533 60 0
          856.867 60 0 860.2 60 0 863.533 60 0 866.867 60 0
          870.2 60 0 873.533 60 0 876.867 60 0 880.2 60 0
          883.533 60 0 886.867 60 0 890.2 60 0 893.533 60 0
          896.867 60 0 900.2 60 0 903.533 60 0 906.867 60 0
          910.2 60 0 913.533 60 0 916.867 60 0 920.2 60 0
          923.533 60 0 926.867 60 0 930.2 60 0 933.533 60 0
          936.867 60 0 940.2 60 0 943.533 60 0 946.867 60 0
          950.2 60 0 953.533 60 0 956.867 60 0 960.2 60 0
          963.533 60 0 966.867 60 0 970.2 60 0 973.533 60 0
          976.867 60 0 980.2 60 0 983.533 60 0 986.867 60 0
          990.2 60 0 993.533 60 0 996.867 60 0 1000.2 60 0
        </DataArray>
      </Points>
      <Cells>
        <DataArray type="Int32" Name="connectivity" NumberOfComponents="1" format="ascii">
          0 1 3 2 1 4 5 3 4 6 7 5
          6 8 9 7 8 10 11 9 10 12 13 11
          12 14 15 13 14 16 17 15 16 18 19 17
          18 20 21 19 20 22 23 21 22 24 25 23
          24 26 27 25 26 28 29 27 28 30 31 29
          30 32 33 31 32 34 35 33 34 36 37 35
          36 38 39 37 38 40 41 39 40 42 43 41
          42 44 45 43 44 46 47 45 46 48 49 47
          48 50 51 49 50 52 53 51 52 54 55 53
          54 56 57 55 56 58 59 57 58 60 61 59
          60 62 63 61 62 64 65 63 64 66 67 65
          66 68 69 67 68 70 71 69 70 72 73 71
          72 74 75 73 74 76 77 75 76 78 79 77
          78 80 81 79 80 82 83 81 82 84 85 83
          84 86 87 85 86 88 89 87 88 90 91 89
          90 92 93 91 92 94 95 93 94 96 97 95
          96 98 99 97 98 100 101 99 100 102 103 101
          102 104 105 103 104 106 107 105 106 108 109 107
          108 110 111 109 110 112 113 111 112 114 115 113
          114 116 117 115 116 118 119 117 118 120 121 119
          120 122 123 121 122 124 125 123 124 126 127 125
          126 128 129 127 128 130 131 129 130 132 133 131
          132 134 135 133 134 136 137 135 136 138 139 137
          138 140 141 139 140 142 143 141 142 144 145 143
          144 146 147 145 146 148 149 147 148 150 151 149
          2 3 153 152 3 5 154 153 5 7 155 154
          7 9 156 155 9 11 157 156 11 13 158 157
          13 15 159 158 15 17 160 159 17 19 161 160
          19 21 162 161 21 23 163 162 23 25 164 163
          25 27 165 164 27 29 166 165 29 31 167 166
          31 33 168 167 33 35 169 168 35 37 170 169
          37 39 171 170 39 41 172 171 41 43 173 172
          43 45 174 173 45 47 175 174 47 49 176 175
          49 51 177 176 51 53 178 177 53 55 179 178
          55 57 180 179 57 59 181 180 59 61 182 181
          61 63 183 182 63 65 184 183 65 67 185 184
          67 69 186 185 69 71 187 186 71 73 188 187
          73 75 189 188 75 77 190 189 77 79 191 190
          79 81 192 191 81 83 193 192 83 85 194 193
          85 87 195 194 87 89 196 195 89 91 197 196
          91 93 198 197 93 95 199 198 95 97 200 199
          97 99 201 200 99 101 202 201 101 103 203 202
          103 105 204 203 105 107 205 204 107 109 206 205
          109 111 207 206 111 113 208 207 113 115 209 208
          115 117 210 209 117 119 211 210 119 121 212 211
          121 123 213 212 123 125 214 213 125 127 215 214
          127 129 216 215 129 131 217 216 131 133 218 217
          133 135 219 218 135 137 220 219 137 139 221 220
          139 141 222 221 141 143 223 222 143 145 224 223
          145 147 225 224 147 149 226 225 149 151 227 226
          152 153 229 228 153 154 230 229 154 155 231 230
          155 156 232 231 156 157 233 232 157 158 234 233
          158 159 235 234 159 160 236 235 160 161 237 236
          161 162 238 237 162 163 239 238 163 164 240 239
          164 165 241 240 165 166 242 241 166 167 243 242
          167 168 244 243 168 169 245 244 169 170 246 245
          170 171 247 246 171 172 248 247 172 173 249 248
          173 174 250 249 174 175 251 250 175 176 252 251
          176 177 253 252 177 178 254 253 178 179 255 254
          179 180 256 255 180 181 257 256 181 182 258 257
          182 183 259 258 183 184 260 259 184 185 261 260
          185 186 262 261 186 187 263 262 187 188 264 263
          188 189 265 264 189 190 266 265 190 191 267 266
          191 192 268 267 192 193 269 268 193 194 270 269
          194 195 271 270 195 196 272 271 196 197 273 272
          197 198 274 273 198 199 275 274 199 200 276 275
          200 201 277 276 201 202 278 277 202 203 279 278
          203 204 280 279 204 205 281 280 205 206 282 281
          206 207 283 282 207 208 284 283 208 209 285 284
          209 210 286 285 210 211 287 286 211 212 288 287
          212 213 289 288 213 214 290 289 214 215 291 290
          215 216 292 291 216 217 293 292 217 218 294 293
          218 219 295 294 219 220 296 295 220 221 297 296
          221 222 298 297 222 223 299 298 223 224 300 299
          224 225 301 300 225 226 302 301 226 227 303 302
          228 229 305 304 229 230 306 305 230 231 307 306
          231 232 308 307 232 233 309 308 233 234 310 309
          234 235 311 310 235 236 312 311 236 237 313 312
          237 238 314 313 238 239 315 314 239 240 316 315
          240 241 317 316 241 242 318 317 242 243 319 318
          243 244 320 319 244 245 321 320 245 246 322 321
          246 247 323 322 247 248 324 323 248 249 325 324
          249 250 326 325 250 251 327 326 251 252 328 327
          252 253 329 328 253 254 330 329 254 255 331 330
          255 256 332 331 256 257 333 332 257 258 334 333
          258 259 335 334 259 260 336 335 260 261 337 336
          261 262 338 337 262 263 339 338 263 264 340 339
          264 265 341 340 265 266 342 341 266 267 343 342
          267 268 344 343 268 269 345 344 269 270 346 345
          270 271 347 346 271 272 348 347 272 273 349 348
          273 274 350 349 274 275 351 350 275 276 352 351
          276 277 353 352 277 278 354 353 278 279 355 354
          279 280 356 355 280 281 357 356 281 282 358 357
          282 283 359 358 283 284 360 359 284 285 361 360
          285 286 362 361 286 287 363 362 287 288 364 363
          288 289 365 364 289 290 366 365 290 291 367 366
          291 292 368 367 292 293 369 368 293 294 370 369
          294 295 371 370 295 296 372 371 296 297 373 372
          297 298 374 373 298 299 375 374 299 300 376 375
          300 301 377 376 301 302 378 377 302 303 379 378
          304 305 381 380 305 306 382 381 306 307 383 382
          307 308 384 383 308 309 385 384 309 310 386 385
          310 311 387 386 311 312 388 387 312 313 389 388
          313 314 390 389 314 315 391 390 315 316 392 391
          316 317 393 392 317 318 394 393 318 319 395 394
          319 320 396 395 320 321 397 396 321 322 398 397
          322 323 399 398 323 324 400 399 324 325 401 400
          325 326 402 401 326 327 403 402 327 328 404 403
          328 329 405 404 329 330 406 405 330 331 407 406
          331 332 408 407 332 333 409 408 333 334 410 409
          334 335 411 410 335 336 412 411 336 337 413 412
          337 338 414 413 338 339 415 414 339 340 416 415
          340 341 417 416 341 342 418 417 342 343 419 418
          343 344 420 419 344 345 421 420 345 346 422 421
          346 347 423 422 347 348 424 423 348 349 425 424
          349 350 426 425 350 351 427 426 351 352 428 427
          352 353 429 428 353 354 430 429 354 355 431 430
          355 356 432 431 356 357 433 432 357 358 434 433
          358 359 435 434 359 360 436 435 360 361 437 436
          361 362 438 437 362 363 439 438 363 364 440 439
          364 365 441 440 365 366 442 441 366 367 443 442
          367 368 444 443 368 369 445 444 369 370 446 445
          370 371 447 446 371 372 448 447 372 373 449 448
          373 374 450 449 374 375 451 450 375 376 452 451
          376 377 453 452 377 378 454 453 378 379 455 454
          380 381 457 456 381 382 458 457 382 383 459 458
          383 384 460 459 384 385 461 460 385 386 462 461
          386 387 463 462 387 388 464 463 388 389 465 464
          389 390 466 465 390 391 467 466 391 392 468 467
          392 393 469 468 393 394 470 469 394 395 471 470
          395 396 472 471 396 397 473 472 397 398 474 473
          398 399 475 474 399 400 476 475 400 401 477 476
          401 402 478 477 402 403 479 478 403 404 480 479
          404 405 481 480 405 406 482 481 406 407 483 482
          407 408 484 483 408 409 485 484 409 410 486 485
          410 411 487 486 411 412 488 487 412 413 489 488
          413 414 490 489 414 415 491 490 415 416 492 491
          416 417 493 492 417 418 494 493 418 419 495 494
          419 420 496 495 420 421 497 496 421 422 498 497
          422 423 499 498 423 424 500 499 424 425 501 500
          425 426 502 501 426 427 503 502 427 428 504 503
          428 429 505 504 429 430 506 505 430 431 507 506
          431 432 508 507 432 433 509 508 433 434 510 509
          434 435 511 510 435 436 512 511 436 437 513 512
          437 438 514 513 438 439 515 514 439 440 516 515
          440 441 517 516 441 442 518 517 442 443 519 518
          443 444 520 519 444 445 521 520 445 446 522 521
          446 447 523 522 447 448 524 523 448 449 525 524
          449 450 526 525 450 451 527 526 451 452 528 527
          452 453 529 528 453 454 530 529 454 455 531 530
          456 457 533 532 457 458 534 533 458 459 535 534
          459 460 536 535 460 461 537 536 461 462 538 537
          462 463 539 538 463 464 540 539 464 465 541 540
          465 466 542 541 466 467 543 542 467 468 544 543
          468 469 545 544 469 470 546 545 470 471 547 546
          471 472 548 547 472 473 549 548 473 474 550 549
          474 475 551 550 475 476 552 551 476 477 553 552
          477 478 554 553 478 479 555 554 479 480 556 555
          480 481 557 556 481 482 558 557 482 483 559 558
          483 484 560 559 484 485 561 560 485 486 562 561
          486 487 563 562 487 488 564 563 488 489 565 564
          489 490 566 565 490 491 567 566 491 492 568 567
          492 493 569 568 493 494 570 569 494 495 571 570
          495 496 572 571 496 497 573 572 497 498 574 573
          498 499 575 574 499 500 576 575 500 501 577 576
          501 502 578 577 502 503 579 578 503 504 580 579
          504 505 581 580 505 506 582 581 506 507 583 582
          507 508 584 583 508 509 585 584 509 510 586 585
          510 511 587 586 511 512 588 587 512 513 589 588
          513 514 590 589 514 515 591 590 515 516 592 591
          516 517 593 592 517 518 594 593 518 519 595 594
          519 520 596 595 520 521 597 596 521 522 598 597
          522 523 599 598 523 524 600 599 524 525 601 600
          525 526 602 601 526 527 603 602 527 528 604 603
          528 529 605 604 529 530 606 605 530 531 607 606
          532 533 609 608 533 534 610 609 534 535 611 610
          535 536 612 611 536 537 613 612 537 538 614 613
          538 539 615 614 539 540 616 615 540 541 617 616
          541 542 618 617 542 543 619 618 543 544 620 619
          544 545 621 620 545 546 622 621 546 547 623 622
          547 548 624 623 548 549 625 624 549 550 626 625
          550 551 627 626 551 552 628 627 552 553 629 628
          553 554 630 629 554 555 631 630 555 556 632 631
          556 557 633 632 557 558 634 633 558 559 635 634
          559 560 636 635 560 561 637 636 561 562 638 637
          562 563 639 638 563 564 640 639 564 565 641 640
          565 566 642 641 566 567 643 642 567 568 644 643
          568 569 645 644 569 570 646 645 570 571 647 646
          571 572 648 647 572 573 649 648 573 574 650 649
          574 575 651 650 575 576 652 651 576 577 653 652
          577 578 654 653 578 579 655 654 579 580 656 655
          580 581 657 656 581 582 658 657 582 583 659 658
          583 584 660 659 584 585 661 660 585 586 662 661
          586 587 663 662 587 588 664 663 588 589 665 664
          589 590 666 665 590 591 667 666 591 592 668 667
          592 593 669 668 593 594 670 669 594 595 671 670
          595 596 672 671 596 597 673 672 597 598 674 673
          598 599 675 674 599 600 676 675 600 601 677 676
          601 602 678 677 602 603 679 678 603 604 680 679
          604 605 681 680 605 606 682 681 606 607 683 682
          608 609 685 684 609 610 686 685 610 611 687 686
          611 612 688 687 612 613 689 688 613 614 690 689
          614 615 691 690 615 616 692 691 616 617 693 692
          617 618 694 693 618 619 695 694 619 620 696 695
          620 621 697 696 621 622 698 697 622 623 699 698
          623 624 700 699 624 625 701 700 625 626 702 701
          626 627 703 702 627 628 704 703 628 629 705 704
          629 630 706 705 630 631 707 706 631 632 708 707
          632 633 709 708 633 634 710 709 634 635 711 710
          635 636 712 711 636 637 713 712 637 638 714 713
          638 639 715 714 639 640 716 715 640 641 717 716
          641 642 718 717 642 643 719 718 643 644 720 719
          644 645 721 720 645 646 722 721 646 647 723 722
          647 648 724 723 648 649 725 724 649 650 726 725
          650 651 727 726 651 652 728 727 652 653 729 728
          653 654 730 729 654 655 731 730 655 656 732 731
          656 657 733 732 657 658 734 733 658 659 735 734
          659 660 736 735 660 661 737 736 661 662 738 737
          662 663 739 738 663 664 740 739 664 665 741 740
          665 666 742 741 666 667 743 742 667 668 744 743
          668 669 745 744 669 670 746 745 670 671 747 746
          671 672 748 747 672 673 749 748 673 674 750 749
          674 675 751 750 675 676 752 751 676 677 753 752
          677 678 754 753 678 679 755 754 679 680 756 755
          680 681 757 756 681 682 758 757 682 683 759 758
          684 685 761 760 685 686 762 761 686 687 763 762
          687 688 764 763 688 689 765 764 689 690 766 765
          690 691 767 766 691 692 768 767 692 693 769 768
          693 694 770 769 694 695 771 770 695 696 772 771
          696 697 773 772 697 698 774 773 698 699 775 774
          699 700 776 775 700 701 777 776 701 702 778 777
          702 703 779 778 703 704 780 779 704 705 781 780
          705 706 782 781 706 707 783 782 707 708 784 783
          708 709 785 784 709 710 786 785 710 711 787 786
          711 712 788 787 712 713 789 788 713 714 790 789
          714 715 791 790 715 716 792 791 716 717 793 792
          717 718 794 793 718 719 795 794 719 720 796 795
          720 721 797 796 721 722 798 797 722 723 799 798
          723 724 800 799 724 725 801 800 725 726 802 801
          726 727 803 802 727 728 804 803 728 729 805 804
          729 730 806 805 730 731 807 806 731 732 808 807
          732 733 809 808 733 734 810 809 734 735 811 810
          735 736 812 811 736 737 813 812 737 738 814 813
          738 739 815 814 739 740 816 815 740 741 817 816
          741 742 818 817 742 743 819 818 743 744 820 819
          744 745 821 820 745 746 822 821 746 747 823 822
          747 748 824 823 748 749 825 824 749 750 826 825
          750 751 827 826 751 752 828 827 752 753 829 828
          753 754 830 829 754 755 831 830 755 756 832 831
          756 757 833 832 757 758 834 833 758 759 835 834
          760 761 837 836 761 762 838 837 762 763 839 838
          763 764 840 839 764 765 841 840 765 766 842 841
          766 767 843 842 767 768 844 843 768 769 845 844
          769 770 846 845 770 771 847 846 771 772 848 847
          772 773 849 848 773 774 850 849 774 775 851 850
          775 776 852 851 776 777 853 852 777 778 854 853
          778 779 855 854 779 780 856 855 780 781 857 856
          781 782 858 857 782 783 859 858 783 784 860 859
          784 785 861 860 785 786 862 861 786 787 863 862
          787 788 864 863 788 789 865 864 789 790 866 865
          790 791 867 866 791 792 868 867 792 793 869 868
          793 794 870 869 794 795 871 870 795 796 872 871
          796 797 873 872 797 798 874 873 798 799 875 874
          799 800 876 875 800 801 877 876 801 802 878 877
          802 803 879 878 803 804 880 879 804 805 881 880
          805 806 882 881 806 807 883 882 807 808 884 883
          808 809 885 884 809 810 886 885 810 811 887 886
          811 812 888 887 812 813 889 888 813 814 890 889
          814 815 891 890 815 816 892 891 816 817 893 892
          817 818 894 893 818 819 895 894 819 820 896 895
          820 821 897 896 821 822 898 897 822 823 899 898
          823 824 900 899 824 825 901 900 825 826 902 901
          826 827 903 902 827 828 904 903 828 829 905 904
          829 830 906 905 830 831 907 906 831 832 908 907
          832 833 909 908 833 834 910 909 834 835 911 910
          836 837 913 912 837 838 914 913 838 839 915 914
          839 840 916 915 840 841 917 916 841 842 918 917
          842 843 919 918 843 844 920 919 844 845 921 920
          845 846 922 921 846 847 923 922 847 848 924 923
          848 849 925 924 849 850 926 925 850 851 927 926
          851 852 928 927 852 853 929 928 853 854 930 929
          854 855 931 930 855 856 932 931 856 857 933 932
          857 858 934 933 858 859 935 934 859 860 936 935
          860 861 937 936 861 862 938 937 862 863 939 938
          863 864 940 939 864 865 941 940 865 866 942 941
          866 867 943 942 867 868 944 943 868 869 945 944
          869 870 946 945 870 871 947 946 871 872 948 947
          872 873 949 948 873 874 950 949 874 875 951 950
          875 876 952 951 876 877 953 952 877 878 954 953
          878 879 955 954 879 880 956 955 880 881 957 956
          881 882 958 957 882 883 959 958 883 884 960 959
          884 885 961 960 885 886 962 961 886 887 963 962
          887 888 964 963 888 889 965 964 889 890 966 965
          890 891 967 966 891 892 968 967 892 893 969 968
          893 894 970 969 894 895 971 970 895 896 972 971
          896 897 973 972 897 898 974 973 898 899 975 974
          899 900 976 975 900 901 977 976 901 902 978 977
          902 903 979 978 903 904 980 979 904 905 981 980
          905 906 982 981 906 907 983 982 907 908 984 983
          908 909 985 984 909 910 986 985 910 911 987 986
          912 913 989 988 913 914 990 989 914 915 991 990
          915 916 992 991 916 917 993 992 917 918 994 993
          918 919 995 994 919 920 996 995 920 921 997 996
          921 922 998 997 922 923 999 998 923 924 1000 999
          924 925 1001 1000 925 926 1002 1001 926 927 1003 1002
          927 928 1004 1003 928 929 1005 1004 929 930 1006 1005
          930 931 1007 1006 931 932 1008 1007 932 933 1009 1008
          933 934 1010 1009 934 935 1011 1010 935 936 1012 1011
          936 937 1013 1012 937 938 1014 1013 938 939 1015 1014
          939 940 1016 1015 940 941 1017 1016 941 942 1018 1017
          942 943 1019 1018 943 944 1020 1019 944 945 1021 1020
          945 946 1022 1021 946 947 1023 1022 947 948 1024 1023
          948 949 1025 1024 949 950 1026 1025 950 951 1027 1026
          951 952 1028 1027 952 953 1029 1028 953 954 1030 1029
          954 955 1031 1030 955 956 1032 1031 956 957 1033 1032
          957 958 1034 1033 958 959 1035 1034 959 960 1036 1035
          960 961 1037 1036 961 962 1038 1037 962 963 1039 1038
          963 964 1040 1039 964 965 1041 1040 965 966 1042 1041
          966 967 1043 1042 967 968 1044 1043 968 969 1045 1044
          969 970 1046 1045 970 971 1047 1046 971 972 1048 1047
          972 973 1049 1048 973 974 1050 1049 974 975 1051 1050
          975 976 1052 1051 976 977 1053 1052 977 978 1054 1053
          978 979 1055 1054 979 980 1056 1055 980 981 1057 1056
          981 982 1058 1057 982 983 1059 1058 983 984 1060 1059
          984 985 1061 1060 985 986 1062 1061 986 987 1063 1062
          988 989 1065 1064 989 990 1066 1065 990 991 1067 1066
          991 992 1068 1067 992 993 1069 1068 993 994 1070 1069
          994 995 1071 1070 995 996 1072 1071 996 997 1073 1072
          997 998 1074 1073 998 999 1075 1074 999 1000 1076 1075
          1000 1001 1077 1076 1001 1002 1078 1077 1002 1003 1079 1078
          1003 1004 1080 1079 1004 1005 1081 1080 1005 1006 1082 1081
          1006 1007 1083 1082 1007 1008 1084 1083 1008 1009 1085 1084
          1009 1010 1086 1085 1010 1011 1087 1086 1011 1012 1088 1087
          1012 1013 1089 1088 1013 1014 1090 1089 1014 1015 1091 1090
          1015 1016 1092 1091 1016 1017 1093 1092 1017 1018 1094 1093
          1018 1019 1095 1094 1019 1020 1096 1095 1020 1021 1097 1096
          1021 1022 1098 1097 1022 1023 1099 1098 1023 1024 1100 1099
          1024 1025 1101 1100 1025 1026 1102 1101 1026 1027 1103 1102
          1027 1028 1104 1103 1028 1029 1105 1104 1029 1030 1106 1105
          1030 1031 1107 1106 1031 1032 1108 1107 1032 1033 1109 1108
          1033 1034 1110 1109 1034 1035 1111 1110 1035 1036 1112 1111
          1036 1037 1113 1112 1037 1038 1114 1113 1038 1039 1115 1114
          1039 1040 1116 1115 1040 1041 1117 1116 1041 1042 1118 1117
          1042 1043 1119 1118 1043 1044 1120 1119 1044 1045 1121 1120
          1045 1046 1122 1121 1046 1047 1123 1122 1047 1048 1124 1123
          1048 1049 1125 1124 1049 1050 1126 1125 1050 1051 1127 1126
          1051 1052 1128 1127 1052 1053 1129 1128 1053 1054 1130 1129
          1054 1055 1131 1130 1055 1056 1132 1131 1056 1057 1133 1132
          1057 1058 1134 1133 1058 1059 1135 1134 1059 1060 1136 1135
          1060 1061 1137 1136 1061 1062 1138 1137 1062 1063 1139 1138
          1064 1065 1141 1140 1065 1066 1142 1141 1066 1067 1143 1142
          1067 1068 1144 1143 1068 1069 1145 1144 1069 1070 1146 1145
          1070 1071 1147 1146 1071 1072 1148 1147 1072 1073 1149 1148
          1073 1074 1150 1149 1074 1075 1151 1150 1075 1076 1152 1151
          1076 1077 1153 1152 1077 1078 1154 1153 1078 1079 1155 1154
          1079 1080 1156 1155 1080 1081 1157 1156 1081 1082 1158 1157
          1082 1083 1159 1158 1083 1084 1160 1159 1084 1085 1161 1160
          1085 1086 1162 1161 1086 1087 1163 1162 1087 1088 1164 1163
          1088 1089 1165 1164 1089 1090 1166 1165 1090 1091 1167 1166
          1091 1092 1168 1167 1092 1093 1169 1168 1093 1094 1170 1169
          1094 1095 1171 1170 1095 1096 1172 1171 1096 1097 1173 1172
          1097 1098 1174 1173 1098 1099 1175 1174 1099 1100 1176 1175
          1100 1101 1177 1176 1101 1102 1178 1177 1102 1103 1179 1178
          1103 1104 1180 1179 1104 1105 1181 1180 1105 1106 1182 1181
          1106 1107 1183 1182 1107 1108 1184 1183 1108 1109 1185 1184
          1109 1110 1186 1185 1110 1111 1187 1186 1111 1112 1188 1187
          1112 1113 1189 1188 1113 1114 1190 1189 1114 1115 1191 1190
          1115 1116 1192 1191 1116 1117 1193 1192 1117 1118 1194 1193
          1118 1119 1195 1194 1119 1120 1196 1195 1120 1121 1197 1196
          1121 1122 1198 1197 1122 1123 1199 1198 1123 1124 1200 1199
          1124 1125 1201 1200 1125 1126 1202 1201 1126 1127 1203 1202
          1127 1128 1204 1203 1128 1129 1205 1204 1129 1130 1206 1205
          1130 1131 1207 1206 1131 1132 1208 1207 1132 1133 1209 1208
          1133 1134 1210 1209 1134 1135 1211 1210 1135 1136 1212 1211
          1136 1137 1213 1212 1137 1138 1214 1213 1138 1139 1215 1214
          1140 1141 1217 1216 1141 1142 1218 1217 1142 1143 1219 1218
          1143 1144 1220 1219 1144 1145 1221 1220 1145 1146 1222 1221
          1146 1147 1223 1222 1147 1148 1224 1223 1148 1149 1225 1224
          1149 1150 1226 1225 1150 1151 1227 1226 1151 1152 1228 1227
          1152 1153 1229 1228 1153 1154 1230 1229 1154 1155 1231 1230
          1155 1156 1232 1231 1156 1157 1233 1232 1157 1158 1234 1233
          1158 1159 1235 1234 1159 1160 1236 1235 1160 1161 1237 1236
          1161 1162 1238 1237 1162 1163 1239 1238 1163 1164 1240 1239
          1164 1165 1241 1240 1165 1166 1242 1241 1166 1167 1243 1242
          1167 1168 1244 1243 1168 1169 1245 1244 1169 1170 1246 1245
          1170 1171 1247 1246 1171 1172 1248 1247 1172 1173 1249 1248
          1173 1174 1250 1249 1174 1175 1251 1250 1175 1176 1252 1251
          1176 1177 1253 1252 1177 1178 1254 1253 1178 1179 1255 1254
          1179 1180 1256 1255 1180 1181 1257 1256 1181 1182 1258 1257
          1182 1183 1259 1258 1183 1184 1260 1259 1184 1185 1261 1260
          1185 1186 1262 1261 1186 1187 1263 1262 1187 1188 1264 1263
          1188 1189 1265 1264 1189 1190 1266 1265 1190 1191 1267 1266
          1191 1192 1268 1267 1192 1193 1269 1268 1193 1194 1270 1269
          1194 1195 1271 1270 1195 1196 1272 1271 1196 1197 1273 1272
          1197 1198 1274 1273 1198 1199 1275 1274 1199 1200 1276 1275
          1200 1201 1277 1276 1201 1202 1278 1277 1202 1203 1279 1278
          1203 1204 1280 1279 1204 1205 1281 1280 1205 1206 1282 1281
          1206 1207 1283 1282 1207 1208 1284 1283 1208 1209 1285 1284
          1209 1210 1286 1285 1210 1211 1287 1286 1211 1212 1288 1287
          1212 1213 1289 1288 1213 1214 1290 1289 1214 1215 1291 1290
          1216 1217 1293 1292 1217 1218 1294 1293 1218 1219 1295 1294
          1219 1220 1296 1295 1220 1221 1297 1296 1221 1222 1298 1297
          1222 1223 1299 1298 1223 1224 1300 1299 1224 1225 1301 1300
          1225 1226 1302 1301 1226 1227 1303 1302 1227 1228 1304 1303
          1228 1229 1305 1304 1229 1230 1306 1305 1230 1231 1307 1306
          1231 1232 1308 1307 1232 1233 1309 1308 1233 1234 1310 1309
          1234 1235 1311 1310 1235 1236 1312 1311 1236 1237 1313 1312
          1237 1238 1314 1313 1238 1239 1315 1314 1239 1240 1316 1315
          1240 1241 1317 1316 1241 1242 1318 1317 1242 1243 1319 1318
          1243 1244 1320 1319 1244 1245 1321 1320 1245 1246 1322 1321
          1246 1247 1323 1322 1247 1248 1324 1323 1248 1249 1325 1324
          1249 1250 1326 1325 1250 1251 1327 1326 1251 1252 1328 1327
          1252 1253 1329 1328 1253 1254 1330 1329 1254 1255 1331 1330
          1255 1256 1332 1331 1256 1257 1333 1332 1257 1258 1334 1333
          1258 1259 1335 1334 1259 1260 1336 1335 1260 1261 1337 1336
          1261 1262 1338 1337 1262 1263 1339 1338 1263 1264 1340 1339
          1264 1265 1341 1340 1265 1266 1342 1341 1266 1267 1343 1342
          1267 1268 1344 1343 1268 1269 1345 1344 1269 1270 1346 1345
          1270 1271 1347 1346 1271 1272 1348 1347 1272 1273 1349 1348
          1273 1274 1350 1349 1274 1275 1351 1350 1275 1276 1352 1351
          1276 1277 1353 1352 1277 1278 1354 1353 1278 1279 1355 1354
          1279 1280 1356 1355 1280 1281 1357 1356 1281 1282 1358 1357
          1282 1283 1359 1358 1283 1284 1360 1359 1284 1285 1361 1360
          1285 1286 1362 1361 1286 1287 1363 1362 1287 1288 1364 1363
          1288 1289 1365 1364 1289 1290 1366 1365 1290 1291 1367 1366
          1292 1293 1369 1368 1293 1294 1370 1369 1294 1295 1371 1370
          1295 1296 1372 1371 1296 1297 1373 1372 1297 1298 1374 1373
          1298 1299 1375 1374 1299 1300 1376 1375 1300 1301 1377 1376
          1301 1302 1378 1377 1302 1303 1379 1378 1303 1304 1380 1379
          1304 1305 1381 1380 1305 1306 1382 1381 1306 1307 1383 1382
          1307 1308 1384 1383 1308 1309 1385 1384 1309 1310 1386 1385
          1310 1311 1387 1386 1311 1312 1388 1387 1312 1313 1389 1388
          1313 1314 1390 1389 1314 1315 1391 1390 1315 1316 1392 1391
          1316 1317 1393 1392 1317 1318 1394 1393 1318 1319 1395 1394
          1319 1320 1396 1395 1320 1321 1397 1396 1321 1322 1398 1397
          1322 1323 1399 1398 1323 1324 1400 1399 1324 1325 1401 1400
          1325 1326 1402 1401 1326 1327 1403 1402 1327 1328 1404 1403
          1328 1329 1405 1404 1329 1330 1406 1405 1330 1331 1407 1406
          1331 1332 1408 1407 1332 1333 1409 1408 1333 1334 1410 1409
          1334 1335 1411 1410 1335 1336 1412 1411 1336 1337 1413 1412
          1337 1338 1414 1413 1338 1339 1415 1414 1339 1340 1416 1415
          1340 1341 1417 1416 1341 1342 1418 1417 1342 1343 1419 1418
          1343 1344 1420 1419 1344 1345 1421 1420 1345 1346 1422 1421
          1346 1347 1423 1422 1347 1348 1424 1423 1348 1349 1425 1424
          1349 1350 1426 1425 1350 1351 1427 1426 1351 1352 1428 1427
          1352 1353 1429 1428 1353 1354 1430 1429 1354 1355 1431 1430
          1355 1356 1432 1431 1356 1357 1433 1432 1357 1358 1434 1433
          1358 1359 1435 1434 1359 1360 1436 1435 1360 1361 1437 1436
          1361 1362 1438 1437 1362 1363 1439 1438 1363 1364 1440 1439
          1364 1365 1441 1440 1365 1366 1442 1441 1366 1367 1443 1442
          1368 1369 1445 1444 1369 1370 1446 1445 1370 1371 1447 1446
          1371 1372 1448 1447 1372 1373 1449 1448 1373 1374 1450 1449
          1374 1375 1451 1450 1375 1376 1452 1451 1376 1377 1453 1452
          1377 1378 1454 1453 1378 1379 1455 1454 1379 1380 1456 1455
          1380 1381 1457 1456 1381 1382 1458 1457 1382 1383 1459 1458
          1383 1384 1460 1459 1384 1385 1461 1460 1385 1386 1462 1461
          1386 1387 1463 1462 1387 1388 1464 1463 1388 1389 1465 1464
          1389 1390 1466 1465 1390 1391 1467 1466 1391 1392 1468 1467
          1392 1393 1469 1468 1393 1394 1470 1469 1394 1395 1471 1470
          1395 1396 1472 1471 1396 1397 1473 1472 1397 1398 1474 1473
          1398 1399 1475 1474 1399 1400 1476 1475 1400 1401 1477 1476
          1401 1402 1478 1477 1402 1403 1479 1478 1403 1404 1480 1479
          1404 1405 1481 1480 1405 1406 1482 1481 1406 1407 1483 1482
          1407 1408 1484 1483 1408 1409 1485 1484 1409 1410 1486 1485
          1410 1411 1487 1486 1411 1412 1488 1487 1412 1413 1489 1488
          1413 1414 1490 1489 1414 1415 1491 1490 1415 1416 1492 1491
          1416 1417 1493 1492 1417 1418 1494 1493 1418 1419 1495 1494
          1419 1420 1496 1495 1420 1421 1497 1496 1421 1422 1498 1497
          1422 1423 1499 1498 1423 1424 1500 1499 1424 1425 1501 1500
          1425 1426 1502 1501 1426 1427 1503 1502 1427 1428 1504 1503
          1428 1429 1505 1504 1429 1430 1506 1505 1430 1431 1507 1506
          1431 1432 1508 1507 1432 1433 1509 1508 1433 1434 1510 1509
          1434 1435 1511 1510 1435 1436 1512 1511 1436 1437 1513 1512
          1437 1438 1514 1513 1438 1439 1515 1514 1439 1440 1516 1515
          1440 1441 1517 1516 1441 1442 1518 1517 1442 1443 1519 1518
          1444 1445 1521 1520 1445 1446 1522 1521 1446 1447 1523 1522
          1447 1448 1524 1523 1448 1449 1525 1524 1449 1450 1526 1525
          1450 1451 1527 1526 1451 1452 1528 1527 1452 1453 1529 1528
          1453 1454 1530 1529 1454 1455 1531 1530 1455 1456 1532 1531
          1456 1457 1533 1532 1457 1458 1534 1533 1458 1459 1535 1534
          1459 1460 1536 1535 1460 1461 1537 1536 1461 1462 1538 1537
          1462 1463 1539 1538 1463 1464 1540 1539 1464 1465 1541 1540
          1465 1466 1542 1541 1466 1467 1543 1542 1467 1468 1544 1543
          1468 1469 1545 1544 1469 1470 1546 1545 1470 1471 1547 1546
          1471 1472 1548 1547 1472 1473 1549 1548 1473 1474 1550 1549
          1474 1475 1551 1550 1475 1476 1552 1551 1476 1477 1553 1552
          1477 1478 1554 1553 1478 1479 1555 1554 1479 1480 1556 1555
          1480 1481 1557 1556 1481 1482 1558 1557 1482 1483 1559 1558
          1483 1484 1560 1559 1484 1485 1561 1560 1485 1486 1562 1561
          1486 1487 1563 1562 1487 1488 1564 1563 1488 1489 1565 1564
          1489 1490 1566 1565 1490 1491 1567 1566 1491 1492 1568 1567
          1492 1493 1569 1568 1493 1494 1570 1569 1494 1495 1571 1570
          1495 1496 1572 1571 1496 1497 1573 1572 1497 1498 1574 1573
          1498 1499 1575 1574 1499 1500 1576 1575 1500 1501 1577 1576
          1501 1502 1578 1577 1502 1503 1579 1578 1503 1504 1580 1579
          1504 1505 1581 1580 1505 1506 1582 1581 1506 1507 1583 1582
          1507 1508 1584 1583 1508 1509 1585 1584 1509 1510 1586 1585
          1510 1511 1587 1586 1511 1512 1588 1587 1512 1513 1589 1588
          1513 1514 1590 1589 1514 1515 1591 1590 1515 1516 1592 1591
          1516 1517 1593 1592 1517 1518 1594 1593 1518 1519 1595 1594
          1520 1521 1597 1596 1521 1522 1598 1597 1522 1523 1599 1598
          1523 1524 1600 1599 1524 1525 1601 1600 1525 1526 1602 1601
          1526 1527 1603 1602 1527 1528 1604 1603 1528 1529 1605 1604
          1529 1530 1606 1605 1530 1531 1607 1606 1531 1532 1608 1607
          1532 1533 1609 1608 1533 1534 1610 1609 1534 1535 1611 1610
          1535 1536 1612 1611 1536 1537 1613 1612 1537 1538 1614 1613
          1538 1539 1615 1614 1539 1540 1616 1615 1540 1541 1617 1616
          1541 1542 1618 1617 1542 1543 1619 1618 1543 1544 1620 1619
          1544 1545 1621 1620 1545 1546 1622 1621 1546 1547 1623 1622
          1547 1548 1624 1623 1548 1549 1625 1624 1549 1550 1626 1625
          1550 1551 1627 1626 1551 1552 1628 1627 1552 1553 1629 1628
          1553 1554 1630 1629 1554 1555 1631 1630 1555 1556 1632 1631
          1556 1557 1633 1632 1557 1558 1634 1633 1558 1559 1635 1634
          1559 1560 1636 1635 1560 1561 1637 1636 1561 1562 1638 1637
          1562 1563 1639 1638 1563 1564 1640 1639 1564 1565 1641 1640
          1565 1566 1642 1641 1566 1567 1643 1642 1567 1568 1644 1643
          1568 1569 1645 1644 1569 1570 1646 1645 1570 1571 1647 1646
          1571 1572 1648 1647 1572 1573 1649 1648 1573 1574 1650 1649
          1574 1575 1651 1650 1575 1576 1652 1651 1576 1577 1653 1652
          1577 1578 1654 1653 1578 1579 1655 1654 1579 1580 1656 1655
          1580 1581 1657 1656 1581 1582 1658 1657 1582 1583 1659 1658
          1583 1584 1660 1659 1584 1585 1661 1660 1585 1586 1662 1661
          1586 1587 1663 1662 1587 1588 1664 1663 1588 1589 1665 1664
          1589 1590 1666 1665 1590 1591 1667 1666 1591 1592 1668 1667
          1592 1593 1669 1668 1593 1594 1670 1669 1594 1595 1671 1670
          1596 1597 1673 1672 1597 1598 1674 1673 1598 1599 1675 1674
          1599 1600 1676 1675 1600 1601 1677 1676 1601 1602 1678 1677
          1602 1603 1679 1678 1603 1604 1680 1679 1604 1605 1681 1680
          1605 1606 1682 1681 1606 1607 1683 1682 1607 1608 1684 1683
          1608 1609 1685 1684 1609 1610 1686 1685 1610 1611 1687 1686
          1611 1612 1688 1687 1612 1613 1689 1688 1613 1614 1690 1689
          1614 1615 1691 1690 1615 1616 1692 1691 1616 1617 1693 1692
          1617 1618 1694 1693 1618 1619 1695 1694 1619 1620 1696 1695
          1620 1621 1697 1696 1621 1622 1698 1697 1622 1623 1699 1698
          1623 1624 1700 1699 1624 1625 1701 1700 1625 1626 1702 1701
          1626 1627 1703 1702 1627 1628 1704 1703 1628 1629 1705 1704
          1629 1630 1706 1705 1630 1631 1707 1706 1631 1632 1708 1707
          1632 1633 1709 1708 1633 1634 1710 1709 1634 1635 1711 1710
          1635 1636 1712 1711 1636 1637 1713 1712 1637 1638 1714 1713
          1638 1639 1715 1714 1639 1640 1716 1715 1640 1641 1717 1716
          1641 1642 1718 1717 1642 1643 1719 1718 1643 1644 1720 1719
          1644 1645 1721 1720 1645 1646 1722 1721 1646 1647 1723 1722
          1647 1648 1724 1723 1648 1649 1725 1724 1649 1650 1726 1725
          1650 1651 1727 1726 1651 1652 1728 1727 1652 1653 1729 1728
          1653 1654 1730 1729 1654 1655 1731 1730 1655 1656 1732 1731
          1656 1657 1733 1732 1657 1658 1734 1733 1658 1659 1735 1734
          1659 1660 1736 1735 1660 1661 1737 1736 1661 1662 1738 1737
          1662 1663 1739 1738 1663 1664 1740 1739 1664 1665 1741 1740
          1665 1666 1742 1741 1666 1667 1743 1742 1667 1668 1744 1743
          1668 1669 1745 1744 1669 1670 1746 1745 1670 1671 1747 1746
          1672 1673 1749 1748 1673 1674 1750 1749 1674 1675 1751 1750
          1675 1676 1752 1751 1676 1677 1753 1752 1677 1678 1754 1753
          1678 1679 1755 1754 1679 1680 1756 1755 1680 1681 1757 1756
          1681 1682 1758 1757 1682 1683 1759 1758 1683 1684 1760 1759
          1684 1685 1761 1760 1685 1686 1762 1761 1686 1687 1763 1762
          1687 1688 1764 1763 1688 1689 1765 1764 1689 1690 1766 1765
          1690 1691 1767 1766 1691 1692 1768 1767 1692 1693 1769 1768
          1693 1694 1770 1769 1694 1695 1771 1770 1695 1696 1772 1771
          1696 1697 1773 1772 1697 1698 1774 1773 1698 1699 1775 1774
          1699 1700 1776 1775 1700 1701 1777 1776 1701 1702 1778 1777
          1702 1703 1779 1778 1703 1704 1780 1779 1704 1705 1781 1780
          1705 1706 1782 1781 1706 1707 1783 1782 1707 1708 1784 1783
          1708 1709 1785 1784 1709 1710 1786 1785 1710 1711 1787 1786
          1711 1712 1788 1787 1712 1713 1789 1788 1713 1714 1790 1789
          1714 1715 1791 1790 1715 1716 1792 1791 1716 1717 1793 1792
          1717 1718 1794 1793 1718 1719 1795 1794 1719 1720 1796 1795
          1720 1721 1797 1796 1721 1722 1798 1797 1722 1723 1799 1798
          1723 1724 1800 1799 1724 1725 1801 1800 1725 1726 1802 1801
          1726 1727 1803 1802 1727 1728 1804 1803 1728 1729 1805 1804
          1729 1730 1806 1805 1730 1731 1807 1806 1731 1732 1808 1807
          1732 1733 1809 1808 1733 1734 1810 1809 1734 1735 1811 1810
          1735 1736 1812 1811 1736 1737 1813 1812 1737 1738 1814 1813
          1738 1739 1815 1814 1739 1740 1816 1815 1740 1741 1817 1816
          1741 1742 1818 1817 1742 1743 1819 1818 1743 1744 1820 1819
          1744 1745 1821 1820 1745 1746 1822 1821 1746 1747 1823 1822
          1748 1749 1825 1824 1749 1750 1826 1825 1750 1751 1827 1826
          1751 1752 1828 1827 1752 1753 1829 1828 1753 1754 1830 1829
          1754 1755 1831 1830 1755 1756 1832 1831 1756 1757 1833 1832
          1757 1758 1834 1833 1758 1759 1835 1834 1759 1760 1836 1835
          1760 1761 1837 1836 1761 1762 1838 1837 1762 1763 1839 1838
          1763 1764 1840 1839 1764 1765 1841 1840 1765 1766 1842 1841
          1766 1767 1843 1842 1767 1768 1844 1843 1768 1769 1845 1844
          1769 1770 1846 1845 1770 1771 1847 1846 1771 1772 1848 1847
          1772 1773 1849 1848 1773 1774 1850 1849 1774 1775 1851 1850
          1775 1776 1852 1851 1776 1777 1853 1852 1777 1778 1854 1853
          1778 1779 1855 1854 1779 1780 1856 1855 1780 1781 1857 1856
          1781 1782 1858 1857 1782 1783 1859 1858 1783 1784 1860 1859
          1784 1785 1861 1860 1785 1786 1862 1861 1786 1787 1863 1862
          1787 1788 1864 1863 1788 1789 1865 1864 1789 1790 1866 1865
          1790 1791 1867 1866 1791 1792 1868 1867 1792 1793 1869 1868
          1793 1794 1870 1869 1794 1795 1871 1870 1795 1796 1872 1871
          1796 1797 1873 1872 1797 1798 1874 1873 1798 1799 1875 1874
          1799 1800 1876 1875 1800 1801 1877 1876 1801 1802 1878 1877
          1802 1803 1879 1878 1803 1804 1880 1879 1804 1805 1881 1880
          1805 1806 1882 1881 1806 1807 1883 1882 1807 1808 1884 1883
          1808 1809 1885 1884 1809 1810 1886 1885 1810 1811 1887 1886
          1811 1812 1888 1887 1812 1813 1889 1888 1813 1814 1890 1889
          1814 1815 1891 1890 1815 1816 1892 1891 1816 1817 1893 1892
          1817 1818 1894 1893 1818 1819 1895 1894 1819 1820 1896 1895
          1820 1821 1897 1896 1821 1822 1898 1897 1822 1823 1899 1898
          1824 1825 1901 1900 1825 1826 1902 1901 1826 1827 1903 1902
          1827 1828 1904 1903 1828 1829 1905 1904 1829 1830 1906 1905
          1830 1831 1907 1906 1831 1832 1908 1907 1832 1833 1909 1908
          1833 1834 1910 1909 1834 1835 1911 1910 1835 1836 1912 1911
          1836 1837 1913 1912 1837 1838 1914 1913 1838 1839 1915 1914
          1839 1840 1916 1915 1840 1841 1917 1916 1841 1842 1918 1917
          1842 1843 1919 1918 1843 1844 1920 1919 1844 1845 1921 1920
          1845 1846 1922 1921 1846 1847 1923 1922 1847 1848 1924 1923
          1848 1849 1925 1924 1849 1850 1926 1925 1850 1851 1927 1926
          1851 1852 1928 1927 1852 1853 1929 1928 1853 1854 1930 1929
          1854 1855 1931 1930 1855 1856 1932 1931 1856 1857 1933 1932
          1857 1858 1934 1933 1858 1859 1935 1934 1859 1860 1936 1935
          1860 1861 1937 1936 1861 1862 1938 1937 1862 1863 1939 1938
          1863 1864 1940 1939 1864 1865 1941 1940 1865 1866 1942 1941
          1866 1867 1943 1942 1867 1868 1944 1943 1868 1869 1945 1944
          1869 1870 1946 1945 1870 1871 1947 1946 1871 1872 1948 1947
          1872 1873 1949 1948 1873 1874 1950 1949 1874 1875 1951 1950
          1875 1876 1952 1951 1876 1877 1953 1952 1877 1878 1954 1953
          1878 1879 1955 1954 1879 1880 1956 1955 1880 1881 1957 1956
          1881 1882 1958 1957 1882 1883 1959 1958 1883 1884 1960 1959
          1884 1885 1961 1960 1885 1886 1962 1961 1886 1887 1963 1962
          1887 1888 1964 1963 1888 1889 1965 1964 1889 1890 1966 1965
          1890 1891 1967 1966 1891 1892 1968 1967 1892 1893 1969 1968
          1893 1894 1970 1969 1894 1895 1971 1970 1895 1896 1972 1971
          1896 1897 1973 1972 1897 1898 1974 1973 1898 1899 1975 1974
          1900 1901 1977 1976 1901 1902 1978 1977 1902 1903 1979 1978
          1903 1904 1980 1979 1904 1905 1981 1980 1905 1906 1982 1981
          1906 1907 1983 1982 1907 1908 1984 1983 1908 1909 1985 1984
          1909 1910 1986 1985 1910 1911 1987 1986 1911 1912 1988 1987
          1912 1913 1989 1988 1913 1914 1990 1989 1914 1915 1991 1990
          1915 1916 1992 1991 1916 1917 1993 1992 1917 1918 1994 1993
          1918 1919 1995 1994 1919 1920 1996 1995 1920 1921 1997 1996
          1921 1922 1998 1997 1922 1923 1999 1998 1923 1924 2000 1999
          1924 1925 2001 2000 1925 1926 2002 2001 1926 1927 2003 2002
          1927 1928 2004 2003 1928 1929 2005 2004 1929 1930 2006 2005
          1930 1931 2007 2006 1931 1932 2008 2007 1932 1933 2009 2008
          1933 1934 2010 2009 1934 1935 2011 2010 1935 1936 2012 2011
          1936 1937 2013 2012 1937 1938 2014 2013 1938 1939 2015 2014
          1939 1940 2016 2015 1940 1941 2017 2016 1941 1942 2018 2017
          1942 1943 2019 2018 1943 1944 2020 2019 1944 1945 2021 2020
          1945 1946 2022 2021 1946 1947 2023 2022 1947 1948 2024 2023
          1948 1949 2025 2024 1949 1950 2026 2025 1950 1951 2027 2026
          1951 1952 2028 2027 1952 1953 2029 2028 1953 1954 2030 2029
          1954 1955 2031 2030 1955 1956 2032 2031 1956 1957 2033 2032
          1957 1958 2034 2033 1958 1959 2035 2034 1959 1960 2036 2035
          1960 1961 2037 2036 1961 1962 2038 2037 1962 1963 2039 2038
          1963 1964 2040 2039 1964 1965 2041 2040 1965 1966 2042 2041
          1966 1967 2043 2042 1967 1968 2044 2043 1968 1969 2045 2044
          1969 1970 2046 2045 1970 1971 2047 2046 1971 1972 2048 2047
          1972 1973 2049 2048 1973 1974 2050 2049 1974 1975 2051 2050
          1976 1977 2053 2052 1977 1978 2054 2053 1978 1979 2055 2054
          1979 1980 2056 2055 1980 1981 2057 2056 1981 1982 2058 2057
          1982 1983 2059 2058 1983 1984 2060 2059 1984 1985 2061 2060
          1985 1986 2062 2061 1986 1987 2063 2062 1987 1988 2064 2063
          1988 1989 2065 2064 1989 1990 2066 2065 1990 1991 2067 2066
          1991 1992 2068 2067 1992 1993 2069 2068 1993 1994 2070 2069
          1994 1995 2071 2070 1995 1996 2072 2071 1996 1997 2073 2072
          1997 1998 2074 2073 1998 1999 2075 2074 1999 2000 2076 2075
          2000 2001 2077 2076 2001 2002 2078 2077 2002 2003 2079 2078
          2003 2004 2080 2079 2004 2005 2081 2080 2005 2006 2082 2081
          2006 2007 2083 2082 2007 2008 2084 2083 2008 2009 2085 2084
          2009 2010 2086 2085 2010 2011 2087 2086 2011 2012 2088 2087
          2012 2013 2089 2088 2013 2014 2090 2089 2014 2015 2091 2090
          2015 2016 2092 2091 2016 2017 2093 2092 2017 2018 2094 2093
          2018 2019 2095 2094 2019 2020 2096 2095 2020 2021 2097 2096
          2021 2022 2098 2097 2022 2023 2099 2098 2023 2024 2100 2099
          2024 2025 2101 2100 2025 2026 2102 2101 2026 2027 2103 2102
          2027 2028 2104 2103 2028 2029 2105 2104 2029 2030 2106 2105
          2030 2031 2107 2106 2031 2032 2108 2107 2032 2033 2109 2108
          2033 2034 2110 2109 2034 2035 2111 2110 2035 2036 2112 2111
          2036 2037 2113 2112 2037 2038 2114 2113 2038 2039 2115 2114
          2039 2040 2116 2115 2040 2041 2117 2116 2041 2042 2118 2117
          2042 2043 2119 2118 2043 2044 2120 2119 2044 2045 2121 2120
          2045 2046 2122 2121 2046 2047 2123 2122 2047 2048 2124 2123
          2048 2049 2125 2124 2049 2050 2126 2125 2050 2051 2127 2126
          2052 2053 2129 2128 2053 2054 2130 2129 2054 2055 2131 2130
          2055 2056 2132 2131 2056 2057 2133 2132 2057 2058 2134 2133
          2058 2059 2135 2134 2059 2060 2136 2135 2060 2061 2137 2136
          2061 2062 2138 2137 2062 2063 2139 2138 2063 2064 2140 2139
          2064 2065 2141 2140 2065 2066 2142 2141 2066 2067 2143 2142
          2067 2068 2144 2143 2068 2069 2145 2144 2069 2070 2146 2145
          2070 2071 2147 2146 2071 2072 2148 2147 2072 2073 2149 2148
          2073 2074 2150 2149 2074 2075 2151 2150 2075 2076 2152 2151
          2076 2077 2153 2152 2077 2078 2154 2153 2078 2079 2155 2154
          2079 2080 2156 2155 2080 2081 2157 2156 2081 2082 2158 2157
          2082 2083 2159 2158 2083 2084 2160 2159 2084 2085 2161 2160
          2085 2086 2162 2161 2086 2087 2163 2162 2087 2088 2164 2163
          2088 2089 2165 2164 2089 2090 2166 2165 2090 2091 2167 2166
          2091 2092 2168 2167 2092 2093 2169 2168 2093 2094 2170 2169
          2094 2095 2171 2170 2095 2096 2172 2171 2096 2097 2173 2172
          2097 2098 2174 2173 2098 2099 2175 2174 2099 2100 2176 2175
          2100 2101 2177 2176 2101 2102 2178 2177 2102 2103 2179 2178
          2103 2104 2180 2179 2104 2105 2181 2180 2105 2106 2182 2181
          2106 2107 2183 2182 2107 2108 2184 2183 2108 2109 2185 2184
          2109 2110 2186 2185 2110 2111 2187 2186 2111 2112 2188 2187
          2112 2113 2189 2188 2113 2114 2190 2189 2114 2115 2191 2190
          2115 2116 2192 2191 2116 2117 2193 2192 2117 2118 2194 2193
          2118 2119 2195 2194 2119 2120 2196 2195 2120 2121 2197 2196
          2121 2122 2198 2197 2122 2123 2199 2198 2123 2124 2200 2199
          2124 2125 2201 2200 2125 2126 2202 2201 2126 2127 2203 2202
          2128 2129 2205 2204 2129 2130 2206 2205 2130 2131 2207 2206
          2131 2132 2208 2207 2132 2133 2209 2208 2133 2134 2210 2209
          2134 2135 2211 2210 2135 2136 2212 2211 2136 2137 2213 2212
          2137 2138 2214 2213 2138 2139 2215 2214 2139 2140 2216 2215
          2140 2141 2217 2216 2141 2142 2218 2217 2142 2143 2219 2218
          2143 2144 2220 2219 2144 2145 2221 2220 2145 2146 2222 2221
          2146 2147 2223 2222 2147 2148 2224 2223 2148 2149 2225 2224
          2149 2150 2226 2225 2150 2151 2227 2226 2151 2152 2228 2227
          2152 2153 2229 2228 2153 2154 2230 2229 2154 2155 2231 2230
          2155 2156 2232 2231 2156 2157 2233 2232 2157 2158 2234 2233
          2158 2159 2235 2234 2159 2160 2236 2235 2160 2161 2237 2236
          2161 2162 2238 2237 2162 2163 2239 2238 2163 2164 2240 2239
          2164 2165 2241 2240 2165 2166 2242 2241 2166 2167 2243 2242
          2167 2168 2244 2243 2168 2169 2245 2244 2169 2170 2246 2245
          2170 2171 2247 2246 2171 2172 2248 2247 2172 2173 2249 2248
          2173 2174 2250 2249 2174 2175 2251 2250 2175 2176 2252 2251
          2176 2177 2253 2252 2177 2178 2254 2253 2178 2179 2255 2254
          2179 2180 2256 2255 2180 2181 2257 2256 2181 2182 2258 2257
          2182 2183 2259 2258 2183 2184 2260 2259 2184 2185 2261 2260
          2185 2186 2262 2261 2186 2187 2263 2262 2187 2188 2264 2263
          2188 2189 2265 2264 2189 2190 2266 2265 2190 2191 2267 2266
          2191 2192 2268 2267 2192 2193 2269 2268 2193 2194 2270 2269
          2194 2195 2271 2270 2195 2196 2272 2271 2196 2197 2273 2272
          2197 2198 2274 2273 2198 2199 2275 2274 2199 2200 2276 2275
          2200 2201 2277 2276 2201 2202 2278 2277 2202 2203 2279 2278
          2204 2205 2281 2280 2205 2206 2282 2281 2206 2207 2283 2282
          2207 2208 2284 2283 2208 2209 2285 2284 2209 2210 2286 2285
          2210 2211 2287 2286 2211 2212 2288 2287 2212 2213 2289 2288
          2213 2214 2290 2289 2214 2215 2291 2290 2215 2216 2292 2291
          2216 2217 2293 2292 2217 2218 2294 2293 2218 2219 2295 2294
          2219 2220 2296 2295 2220 2221 2297 2296 2221 2222 2298 2297
          2222 2223 2299 2298 2223 2224 2300 2299 2224 2225 2301 2300
          2225 2226 2302 2301 2226 2227 2303 2302 2227 2228 2304 2303
          2228 2229 2305 2304 2229 2230 2306 2305 2230 2231 2307 2306
          2231 2232 2308 2307 2232 2233 2309 2308 2233 2234 2310 2309
          2234 2235 2311 2310 2235 2236 2312 2311 2236 2237 2313 2312
          2237 2238 2314 2313 2238 2239 2315 2314 2239 2240 2316 2315
          2240 2241 2317 2316 2241 2242 2318 2317 2242 2243 2319 2318
          2243 2244 2320 2319 2244 2245 2321 2320 2245 2246 2322 2321
          2246 2247 2323 2322 2247 2248 2324 2323 2248 2249 2325 2324
          2249 2250 2326 2325 2250 2251 2327 2326 2251 2252 2328 2327
          2252 2253 2329 2328 2253 2254 2330 2329 2254 2255 2331 2330
          2255 2256 2332 2331 2256 2257 2333 2332 2257 2258 2334 2333
          2258 2259 2335 2334 2259 2260 2336 2335 2260 2261 2337 2336
          2261 2262 2338 2337 2262 2263 2339 2338 2263 2264 2340 2339
          2264 2265 2341 2340 2265 2266 2342 2341 2266 2267 2343 2342
          2267 2268 2344 2343 2268 2269 2345 2344 2269 2270 2346 2345
          2270 2271 2347 2346 2271 2272 2348 2347 2272 2273 2349 2348
          2273 2274 2350 2349 2274 2275 2351 2350 2275 2276 2352 2351
          2276 2277 2353 2352 2277 2278 2354 2353 2278 2279 2355 2354
        </DataArray>
        <DataArray type="Int32" Name="offsets" NumberOfComponents="1" format="ascii">
          4 8 12 16 20 24 28 32 36 40 44 48
          52 56 60 64 68 72 76 80 84 88 92 96
          100 104 108 112 116 120 124 128 132 136 140 144
          148 152 156 160 164 168 172 176 180 184 188 192
          196 200 204 208 212 216 220 224 228 232 236 240
          244 248 252 256 260 264 268 272 276 280 284 288
          292 296 300 304 308 312 316 320 324 328 332 336
          340 344 348 352 356 360 364 368 372 376 380 384
          388 392 396 400 404 408 412 416 420 424 428 432
          436 440 444 448 452 456 460 464 468 472 476 480
          484 488 492 496 500 504 508 512 516 520 524 528
          532 536 540 544 548 552 556 560 564 568 572 576
          580 584 588 592 596 600 604 608 612 616 620 624
          628 632 636 640 644 648 652 656 660 664 668 672
          676 680 684 688 692 696 700 704 708 712 716 720
          724 728 732 736 740 744 748 752 756 760 764 768
          772 776 780 784 788 792 796 800 804 808 812 816
          820 824 828 832 836 840 844 848 852 856 860 864
          868 872 876 880 884 888 892 896 900 904 908 912
          916 920 924 928 932 936 940 944 948 952 956 960
          964 968 972 976 980 984 988 992 996 1000 1004 1008
          1012 1016 1020 1024 1028 1032 1036 1040 1044 1048 1052 1056
          1060 1064 1068 1072 1076 1080 1084 1088 1092 1096 1100 1104
          1108 1112 1116 1120 1124 1128 1132 1136 1140 1144 1148 1152
          1156 1160 1164 1168 1172 1176 1180 1184 1188 1192 1196 1200
          1204 1208 1212 1216 1220 1224 1228 1232 1236 1240 1244 1248
          1252 1256 1260 1264 1268 1272 1276 1280 1284 1288 1292 1296
          1300 1304 1308 1312 1316 1320 1324 1328 1332 1336 1340 1344
          1348 1352 1356 1360 1364 1368 1372 1376 1380 1384 1388 1392
          1396 1400 1404 1408 1412 1416 1420 1424 1428 1432 1436 1440
          1444 1448 1452 1456 1460 1464 1468 1472 1476 1480 1484 1488
          1492 1496 1500 1504 1508 1512 1516 1520 1524 1528 1532 1536
          1540 1544 1548 1552 1556 1560 1564 1568 1572 1576 1580 1584
          1588 1592 1596 1600 1604 1608 1612 1616 1620 1624 1628 1632
          1636 1640 1644 1648 1652 1656 1660 1664 1668 1672 1676 1680
          1684 1688 1692 1696 1700 1704 1708 1712 1716 1720 1724 1728
          1732 1736 1740 1744 1748 1752 1756 1760 1764 1768 1772 1776
          1780 1784 1788 1792 1796 1800 1804 1808 1812 1816 1820 1824
          1828 1832 1836 1840 1844 1848 1852 1856 1860 1864 1868 1872
          1876 1880 1884 1888 1892 1896 1900 1904 1908 1912 1916 1920
          1924 1928 1932 1936 1940 1944 1948 1952 1956 1960 1964 1968
          1972 1976 1980 1984 1988 1992 1996 2000 2004 2008 2012 2016
          2020 2024 2028 2032 2036 2040 2044 2048 2052 2056 2060 2064
          2068 2072 2076 2080 2084 2088 2092 2096 2100 2104 2108 2112
          2116 2120 2124 2128 2132 2136 2140 2144 2148 2152 2156 2160
          2164 2168 2172 2176 2180 2184 2188 2192 2196 2200 2204 2208
          2212 2216 2220 2224 2228 2232 2236 2240 2244 2248 2252 2256
          2260 2264 2268 2272 2276 2280 2284 2288 2292 2296 2300 2304
          2308 2312 2316 2320 2324 2328 2332 2336 2340 2344 2348 2352
          2356 2360 2364 2368 2372 2376 2380 2384 2388 2392 2396 2400
          2404 2408 2412 2416 2420 2424 2428 2432 2436 2440 2444 2448
          2452 2456 2460 2464 2468 2472 2476 2480 2484 2488 2492 2496
          2500 2504 2508 2512 2516 2520 2524 2528 2532 2536 2540 2544
          2548 2552 2556 2560 2564 2568 2572 2576 2580 2584 2588 2592
          2596 2600 2604 2608 2612 2616 2620 2624 2628 2632 2636 2640
          2644 2648 2652 2656 2660 2664 2668 2672 2676 2680 2684 2688
          2692 2696 2700 2704 2708 2712 2716 2720 2724 2728 2732 2736
          2740 2744 2748 2752 2756 2760 2764 2768 2772 2776 2780 2784
          2788 2792 2796 2800 2804 2808 2812 2816 2820 2824 2828 2832
          2836 2840 2844 2848 2852 2856 2860 2864 2868 2872 2876 2880
          2884 2888 2892 2896 2900 2904 2908 2912 2916 2920 2924 2928
          2932 2936 2940 2944 2948 2952 2956 2960 2964 2968 2972 2976
          2980 2984 2988 2992 2996 3000 3004 3008 3012 3016 3020 3024
          3028 3032 3036 3040 3044 3048 3052 3056 3060 3064 3068 3072
          3076 3080 3084 3088 3092 3096 3100 3104 3108 3112 3116 3120
          3124 3128 3132 3136 3140 3144 3148 3152 3156 3160 3164 3168
          3172 3176 3180 3184 3188 3192 3196 3200 3204 3208 3212 3216
          3220 3224 3228 3232 3236 3240 3244 3248 3252 3256 3260 3264
          3268 3272 3276 3280 3284 3288 3292 3296 3300 3304 3308 3312
          3316 3320 3324 3328 3332 3336 3340 3344 3348 3352 3356 3360
          3364 3368 3372 3376 3380 3384 3388 3392 3396 3400 3404 3408
          3412 3416 3420 3424 3428 3432 3436 3440 3444 3448 3452 3456
          3460 3464 3468 3472 3476 3480 3484 3488 3492 3496 3500 3504
          3508 3512 3516 3520 3524 3528 3532 3536 3540 3544 3548 3552
          3556 3560 3564 3568 3572 3576 3580 3584 3588 3592 3596 3600
          3604 3608 3612 3616 3620 3624 3628 3632 3636 3640 3644 3648
          3652 3656 3660 3664 3668 3672 3676 3680 3684 3688 3692 3696
          3700 3704 3708 3712 3716 3720 3724 3728 3732 3736 3740 3744
          3748 3752 3756 3760 3764 3768 3772 3776 3780 3784 3788 3792
          3796 3800 3804 3808 3812 3816 3820 3824 3828 3832 3836 3840
          3844 3848 3852 3856 3860 3864 3868 3872 3876 3880 3884 3888
          3892 3896 3900 3904 3908 3912 3916 3920 3924 3928 3932 3936
          3940 3944 3948 3952 3956 3960 3964 3968 3972 3976 3980 3984
          3988 3992 3996 4000 4004 4008 4012 4016 4020 4024 4028 4032
          4036 4040 4044 4048 4052 4056 4060 4064 4068 4072 4076 4080
          4084 4088 4092 4096 4100 4104 4108 4112 4116 4120 4124 4128
          4132 4136 4140 4144 4148 4152 4156 4160 4164 4168 4172 4176
          4180 4184 4188 4192 4196 4200 4204 4208 4212 4216 4220 4224
          4228 4232 4236 4240 4244 4248 4252 4256 4260 4264 4268 4272
          4276 4280 4284 4288 4292 4296 4300 4304 4308 4312 4316 4320
          4324 4328 4332 4336 4340 4344 4348 4352 4356 4360 4364 4368
          4372 4376 4380 4384 4388 4392 4396 4400 4404 4408 4412 4416
          4420 4424 4428 4432 4436 4440 4444 4448 4452 4456 4460 4464
          4468 4472 4476 4480 4484 4488 4492 4496 4500 4504 4508 4512
          4516 4520 4524 4528 4532 4536 4540 4544 4548 4552 4556 4560
          4564 4568 4572 4576 4580 4584 4588 4592 4596 4600 4604 4608
          4612 4616 4620 4624 4628 4632 4636 4640 4644 4648 4652 4656
          4660 4664 4668 4672 4676 4680 4684 4688 4692 4696 4700 4704
          4708 4712 4716 4720 4724 4728 4732 4736 4740 4744 4748 4752
          4756 4760 4764 4768 4772 4776 4780 4784 4788 4792 4796 4800
          4804 4808 4812 4816 4820 4824 4828 4832 4836 4840 4844 4848
          4852 4856 4860 4864 4868 4872 4876 4880 4884 4888 4892 4896
          4900 4904 4908 4912 4916 4920 4924 4928 4932 4936 4940 4944
          4948 4952 4956 4960 4964 4968 4972 4976 4980 4984 4988 4992
          4996 5000 5004 5008 5012 5016 5020 5024 5028 5032 5036 5040
          5044 5048 5052 5056 5060 5064 5068 5072 5076 5080 5084 5088
          5092 5096 5100 5104 5108 5112 5116 5120 5124 5128 5132 5136
          5140 5144 5148 5152 5156 5160 5164 5168 5172 5176 5180 5184
          5188 5192 5196 5200 5204 5208 5212 5216 5220 5224 5228 5232
          5236 5240 5244 5248 5252 5256 5260 5264 5268 5272 5276 5280
          5284 5288 5292 5296 5300 5304 5308 5312 5316 5320 5324 5328
          5332 5336 5340 5344 5348 5352 5356 5360 5364 5368 5372 5376
          5380 5384 5388 5392 5396 5400 5404 5408 5412 5416 5420 5424
          5428 5432 5436 5440 5444 5448 5452 5456 5460 5464 5468 5472
          5476 5480 5484 5488 5492 5496 5500 5504 5508 5512 5516 5520
          5524 5528 5532 5536 5540 5544 5548 5552 5556 5560 5564 5568
          5572 5576 5580 5584 5588 5592 5596 5600 5604 5608 5612 5616
          5620 5624 5628 5632 5636 5640 5644 5648 5652 5656 5660 5664
          5668 5672 5676 5680 5684 5688 5692 5696 5700 5704 5708 5712
          5716 5720 5724 5728 5732 5736 5740 5744 5748 5752 5756 5760
          5764 5768 5772 5776 5780 5784 5788 5792 5796 5800 5804 5808
          5812 5816 5820 5824 5828 5832 5836 5840 5844 5848 5852 5856
          5860 5864 5868 5872 5876 5880 5884 5888 5892 5896 5900 5904
          5908 5912 5916 5920 5924 5928 5932 5936 5940 5944 5948 5952
          5956 5960 5964 5968 5972 5976 5980 5984 5988 5992 5996 6000
          6004 6008 6012 6016 6020 6024 6028 6032 6036 6040 6044 6048
          6052 6056 6060 6064 6068 6072 6076 6080 6084 6088 6092 6096
          6100 6104 6108 6112 6116 6120 6124 6128 6132 6136 6140 6144
          6148 6152 6156 6160 6164 6168 6172 6176 6180 6184 6188 6192
          6196 6200 6204 6208 6212 6216 6220 6224 6228 6232 6236 6240
          6244 6248 6252 6256 6260 6264 6268 6272 6276 6280 6284 6288
          6292 6296 6300 6304 6308 6312 6316 6320 6324 6328 6332 6336
          6340 6344 6348 6352 6356 6360 6364 6368 6372 6376 6380 6384
          6388 6392 6396 6400 6404 6408 6412 6416 6420 6424 6428 6432
          6436 6440 6444 6448 6452 6456 6460 6464 6468 6472 6476 6480
          6484 6488 6492 6496 6500 6504 6508 6512 6516 6520 6524 6528
          6532 6536 6540 6544 6548 6552 6556 6560 6564 6568 6572 6576
          6580 6584 6588 6592 6596 6600 6604 6608 6612 6616 6620 6624
          6628 6632 6636 6640 6644 6648 6652 6656 6660 6664 6668 6672
          6676 6680 6684 6688 6692 6696 6700 6704 6708 6712 6716 6720
          6724 6728 6732 6736 6740 6744 6748 6752 6756 6760 6764 6768
          6772 6776 6780 6784 6788 6792 6796 6800 6804 6808 6812 6816
          6820 6824 6828 6832 6836 6840 6844 6848 6852 6856 6860 6864
          6868 6872 6876 6880 6884 6888 6892 6896 6900 6904 6908 6912
          6916 6920 6924 6928 6932 6936 6940 6944 6948 6952 6956 6960
          6964 6968 6972 6976 6980 6984 6988 6992 6996 7000 7004 7008
          7012 7016 7020 7024 7028 7032 7036 7040 7044 7048 7052 7056
          7060 7064 7068 7072 7076 7080 7084 7088 7092 7096 7100 7104
          7108 7112 7116 7120 7124 7128 7132 7136 7140 7144 7148 7152
          7156 7160 7164 7168 7172 7176 7180 7184 7188 7192 7196 7200
          7204 7208 7212 7216 7220 7224 7228 7232 7236 7240 7244 7248
          7252 7256 7260 7264 7268 7272 7276 7280 7284 7288 7292 7296
          7300 7304 7308 7312 7316 7320 7324 7328 7332 7336 7340 7344
          7348 7352 7356 7360 7364 7368 7372 7376 7380 7384 7388 7392
          7396 7400 7404 7408 7412 7416 7420 7424 7428 7432 7436 7440
          7444 7448 7452 7456 7460 7464 7468 7472 7476 7480 7484 7488
          7492 7496 7500 7504 7508 7512 7516 7520 7524 7528 7532 7536
          7540 7544 7548 7552 7556 7560 7564 7568 7572 7576 7580 7584
          7588 7592 7596 7600 7604 7608 7612 7616 7620 7624 7628 7632
          7636 7640 7644 7648 7652 7656 7660 7664 7668 7672 7676 7680
          7684 7688 7692 7696 7700 7704 7708 7712 7716 7720 7724 7728
          7732 7736 7740 7744 7748 7752 7756 7760 7764 7768 7772 7776
          7780 7784 7788 7792 7796 7800 7804 7808 7812 7816 7820 7824
          7828 7832 7836 7840 7844 7848 7852 7856 7860 7864 7868 7872
          7876 7880 7884 7888 7892 7896 7900 7904 7908 7912 7916 7920
          7924 7928 7932 7936 7940 7944 7948 7952 7956 7960 7964 7968
          7972 7976 7980 7984 7988 7992 7996 8000 8004 8008 8012 8016
          8020 8024 8028 8032 8036 8040 8044 8048 8052 8056 8060 8064
          8068 8072 8076 8080 8084 8088 8092 8096 8100 8104 8108 8112
          8116 8120 8124 8128 8132 8136 8140 8144 8148 8152 8156 8160
          8164 8168 8172 8176 8180 8184 8188 8192 8196 8200 8204 8208
          8212 8216 8220 8224 8228 8232 8236 8240 8244 8248 8252 8256
          8260 8264 8268 8272 8276 8280 8284 8288 8292 8296 8300 8304
          8308 8312 8316 8320 8324 8328 8332 8336 8340 8344 8348 8352
          8356 8360 8364 8368 8372 8376 8380 8384 8388 8392 8396 8400
          8404 8408 8412 8416 8420 8424 8428 8432 8436 8440 8444 8448
          8452 8456 8460 8464 8468 8472 8476 8480 8484 8488 8492 8496
          8500 8504 8508 8512 8516 8520 8524 8528 8532 8536 8540 8544
          8548 8552 8556 8560 8564 8568 8572 8576 8580 8584 8588 8592
          8596 8600 8604 8608 8612 8616 8620 8624 8628 8632 8636 8640
          8644 8648 8652 8656 8660 8664 8668 8672 8676 8680 8684 8688
          8692 8696 8700 8704 8708 8712 8716 8720 8724 8728 8732 8736
          8740 8744 8748 8752 8756 8760 8764 8768 8772 8776 8780 8784
          8788 8792 8796 8800 8804 8808 8812 8816 8820 8824 8828 8832
          8836 8840 8844 8848 8852 8856 8860 8864 8868 8872 8876 8880
          8884 8888 8892 8896 8900 8904 8908 8912 8916 8920 8924 8928
          8932 8936 8940 8944 8948 8952 8956 8960 8964 8968 8972 8976
          8980 8984 8988 8992 8996 9000
        </DataArray>
        <DataArray type="UInt8" Name="types" NumberOfComponents="1" format="ascii">
          9 9 9 9 9 9 9 9 9 9 9 9
          9 9 9 9 9 9 9 9 9 9 9 9
          9 9 9 9 9 9 9 9 9 9 9 9
          9 9 9 9 9 9 9 9 9 9 9 9
          9 9 9 9 9 9 9 9 9 9 9 9
          9 9 9 9 9 9 9 9 9 9 9 9
          9 9 9 9 9 9 9 9 9 9 9 9
          9 9 9 9 9 9 9 9 9 9 9 9
          9 9 9 9 9 9 9 9 9 9 9 9
          9 9 9 9 9 9 9 9 9 9 9 9
          9 9 9 9 9 9 9 9 9 9 9 9
          9 9 9 9 9 9 9 9 9 9 9 9
          9 9 9 9 9 9 9 9 9 9 9 9
          9 9 9 9 9 9 9 9 9 9 9 9
          9 9 9 9 9 9 9 9 9 9 9 9
          9 9 9 9 9 9 9 9 9 9 9 9
          9 9 9 9 9 9 9 9 9 9 9 9
          9 9 9 9 9 9 9 9 9 9 9 9
          9 9 9 9 9 9 9 9 9 9 9 9
          9 9 9 9 9 9 9 9 9 9 9 9
          9 9 9 9 9 9 9 9 9 9 9 9
          9 9 9 9 9 9 9 9 9 9 9 9
          9 9 9 9 9 9 9 9 9 9 9 9
          9 9 9 9 9 9 9 9 9 9 9 9
          9 9 9 9 9 9 9 9 9 9 9 9
          9 9 9 9 9 9 9 9 9 9 9 9
          9 9 9 9 9 9 9 9 9 9 9 9
          9 9 9 9 9 9 9 9 9 9 9 9
          9 9 9 9 9 9 9 9 9 9 9 9
          9 9 9 9 9 9 9 9 9 9 9 9
          9 9 9 9 9 9 9 9 9 9 9 9
          9 9 9 9 9 9 9 9 9 9 9 9
          9 9 9 9 9 9 9 9 9 9 9 9
          9 9 9 9 9 9 9 9 9 9 9 9
          9 9 9 9 9 9 9 9 9 9 9 9
          9 9 9 9 9 9 9 9 9 9 9 9
          9 9 9 9 9 9 9 9 9 9 9 9
          9 9 9 9 9 9 9 9 9 9 9 9
          9 9 9 9 9 9 9 9 9 9 9 9
          9 9 9 9 9 9 9 9 9 9 9 9
          9 9 9 9 9 9 9 9 9 9 9 9
          9 9 9 9 9 9 9 9 9 9 9 9
          9 9 9 9 9 9 9 9 9 9 9 9
          9 9 9 9 9 9 9 9 9 9 9 9
          9 9 9 9 9 9 9 9 9 9 9 9
          9 9 9 9 9 9 9 9 9 9 9 9
          9 9 9 9 9 9 9 9 9 9 9 9
          9 9 9 9 9 9 9 9 9 9 9 9
          9 9 9 9 9 9 9 9 9 9 9 9
          9 9 9 9 9 9 9 9 9 9 9 9
          9 9 9 9 9 9 9 9 9 9 9 9
          9 9 9 9 9 9 9 9 9 9 9 9
          9 9 9 9 9 9 9 9 9 9 9 9
          9 9 9 9 9 9 9 9 9 9 9 9
          9 9 9 9 9 9 9 9 9 9 9 9
          9 9 9 9 9 9 9 9 9 9 9 9
          9 9 9 9 9 9 9 9 9 9 9 9
          9 9 9 9 9 9 9 9 9 9 9 9
          9 9 9 9 9 9 9 9 9 9 9 9
          9 9 9 9 9 9 9 9 9 9 9 9
          9 9 9 9 9 9 9 9 9 9 9 9
          9 9 9 9 9 9 9 9 9 9 9 9
          9 9 9 9 9 9 9 9 9 9 9 9
          9 9 9 9 9 9 9 9 9 9 9 9
          9 9 9 9 9 9 9 9 9 9 9 9
          9 9 9 9 9 9 9 9 9 9 9 9
          9 9 9 9 9 9 9 9 9 9 9 9
          9 9 9 9 9 9 9 9 9 9 9 9
          9 9 9 9 9 9 9 9 9 9 9 9
          9 9 9 9 9 9 9 9 9 9 9 9
          9 9 9 9 9 9 9 9 9 9 9 9
          9 9 9 9 9 9 9 9 9 9 9 9
          9 9 9 9 9 9 9 9 9 9 9 9
          9 9 9 9 9 9 9 9 9 9 9 9
          9 9 9 9 9 9 9 9 9 9 9 9
          9 9 9 9 9 9 9 9 9 9 9 9
          9 9 9 9 9 9 9 9 9 9 9 9
          9 9 9 9 9 9 9 9 9 9 9 9
          9 9 9 9 9 9 9 9 9 9 9 9
          9 9 9 9 9 9 9 9 9 9 9 9
          9 9 9 9 9 9 9 9 9 9 9 9
          9 9 9 9 9 9 9 9 9 9 9 9
          9 9 9 9 9 9 9 9 9 9 9 9
          9 9 9 9 9 9 9 9 9 9 9 9
          9 9 9 9 9 9 9 9 9 9 9 9
          9 9 9 9 9 9 9 9 9 9 9 9
          9 9 9 9 9 9 9 9 9 9 9 9
          9 9 9 9 9 9 9 9 9 9 9 9
          9 9 9 9 9 9 9 9 9 9 9 9
          9 9 9 9 9 9 9 9 9 9 9 9
          9 9 9 9 9 9 9 9 9 9 9 9
          9 9 9 9 9 9 9 9 9 9 9 9
          9 9 9 9 9 9 9 9 9 9 9 9
          9 9 9 9 9 9 9 9 9 9 9 9
          9 9 9 9 9 9 9 9 9 9 9 9
          9 9 9 9 9 9 9 9 9 9 9 9
          9 9 9 9 9 9 9 9 9 9 9 9
          9 9 9 9 9 9 9 9 9 9 9 9
          9 9 9 9 9 9 9 9 9 9 9 9
          9 9 9 9 9 9 9 9 9 9 9 9
          9 9 9 9 9 9 9 9 9 9 9 9
          9 9 9 9 9 9 9 9 9 9 9 9
          9 9 9 9 9 9 9 9 9 9 9 9
          9 9 9 9 9 9 9 9 9 9 9 9
          9 9 9 9 9 9 9 9 9 9 9 9
          9 9 9 9 9 9 9 9 9 9 9 9
          9 9 9 9 9 9 9 9 9 9 9 9
          9 9 9 9 9 9 9 9 9 9 9 9
          9 9 9 9 9 9 9 9 9 9 9 9
          9 9 9 9 9 9 9 9 9 9 9 9
          9 9 9 9 9 9 9 9 9 9 9 9
          9 9 9 9 9 9 9 9 9 9 9 9
          9 9 9 9 9 9 9 9 9 9 9 9
          9 9 9 9 9 9 9 9 9 9 9 9
          9 9 9 9 9 9 9 9 9 9 9 9
          9 9 9 9 9 9 9 9 9 9 9 9
          9 9 9 9 9 9 9 9 9 9 9 9
          9 9 9 9 9 9 9 9 9 9 9 9
          9 9 9 9 9 9 9 9 9 9 9 9
          9 9 9 9 9 9 9 9 9 9 9 9
          9 9 9 9 9 9 9 9 9 9 9 9
          9 9 9 9 9 9 9 9 9 9 9 9
          9 9 9 9 9 9 9 9 9 9 9 9
          9 9 9 9 9 9 9 9 9 9 9 9
          9 9 9 9 9 9 9 9 9 9 9 9
          9 9 9 9 9 9 9 9 9 9 9 9
          9 9 9 9 9 9 9 9 9 9 9 9
          9 9 9 9 9 9 9 9 9 9 9 9
          9 9 9 9 9 9 9 9 9 9 9 9
          9 9 9 9 9 9 9 9 9 9 9 9
          9 9 9 9 9 9 9 9 9 9 9 9
          9 9 9 9 9 9 9 9 9 9 9 9
          9 9 9 9 9 9 9 9 9 9 9 9
          9 9 9 9 9 9 9 9 9 9 9 9
          9 9 9 9 9 9 9 9 9 9 9 9
          9 9 9 9 9 9 9 9 9 9 9 9
          9 9 9 9 9 9 9 9 9 9 9 9
          9 9 9 9 9 9 9 9 9 9 9 9
          9 9 9 9 9 9 9 9 9 9 9 9
          9 9 9 9 9 9 9 9 9 9 9 9
          9 9 9 9 9 9 9 9 9 9 9 9
          9 9 9 9 9 9 9 9 9 9 9 9
          9 9 9 9 9 9 9 9 9 9 9 9
          9 9 9 9 9 9 9 9 9 9 9 9
          9 9 9 9 9 9 9 9 9 9 9 9
          9 9 9 9 9 9 9 9 9 9 9 9
          9 9 9 9 9 9 9 9 9 9 9 9
          9 9 9 9 9 9 9 9 9 9 9 9
          9 9 9 9 9 9 9 9 9 9 9 9
          9 9 9 9 9 9 9 9 9 9 9 9
          9 9 9 9 9 9 9 9 9 9 9 9
          9 9 9 9 9 9 9 9 9 9 9 9
          9 9 9 9 9 9 9 9 9 9 9 9
          9 9 9 9 9 9 9 9 9 9 9 9
          9 9 9 9 9 9 9 9 9 9 9 9
          9 9 9 9 9 9 9 9 9 9 9 9
          9 9 9 9 9 9 9 9 9 9 9 9
          9 9 9 9 9 9 9 9 9 9 9 9
          9 9 9 9 9 9 9 9 9 9 9 9
          9 9 9 9 9 9 9 9 9 9 9 9
          9 9 9 9 9 9 9 9 9 9 9 9
          9 9 9 9 9 9 9 9 9 9 9 9
          9 9 9 9 9 9 9 9 9 9 9 9
          9 9 9 9 9 9 9 9 9 9 9 9
          9 9 9 9 9 9 9 9 9 9 9 9
          9 9 9 9 9 9 9 9 9 9 9 9
          9 9 9 9 9 9 9 9 9 9 9 9
          9 9 9 9 9 9 9 9 9 9 9 9
          9 9 9 9 9 9 9 9 9 9 9 9
          9 9 9 9 9 9 9 9 9 9 9 9
          9 9 9 9 9 9 9 9 9 9 9 9
          9 9 9 9 9 9 9 9 9 9 9 9
          9 9 9 9 9 9 9 9 9 9 9 9
          9 9 9 9 9 9 9 9 9 9 9 9
          9 9 9 9 9 9 9 9 9 9 9 9
          9 9 9 9 9 9 9 9 9 9 9 9
          9 9 9 9 9 9 9 9 9 9 9 9
          9 9 9 9 9 9 9 9 9 9 9 9
          9 9 9 9 9 9 9 9 9 9 9 9
          9 9 9 9 9 9 9 9 9 9 9 9
          9 9 9 9 9 9 9 9 9 9 9 9
          9 9 9 9 9 9 9 9 9 9 9 9
          9 9 9 9 9 9 9 9 9 9 9 9
          9 9 9 9 9 9 9 9 9 9 9 9
          9 9 9 9 9 9 9 9 9 9 9 9
          9 9 9 9 9 9 9 9 9 9 9 9
          9 9 9 9 9 9 9 9 9 9 9 9
          9 9 9 9 9 9
        </DataArray>
      </Cells>
    </Piece>
  </UnstructuredGrid>
</VTKFile>
