{
    "averageReservoirPressure": [
        6075680.92222627,
        6075834.352123429,
        6075866.123672377,
        6075871.573965756,
        6075871.521418453,
        6075870.398219205
    ],
    "inventory": {
        "CH4": [
            5053429.102617262,
            5051301.316558417,
            5049068.086279222,
            5046815.35279449,
            5044561.622436602,
            5042310.604807826
        ],
        "CO2": [
            0.0,
            0.0,
            0.0,
            0.0,
            0.0,
            0.0
        ],
        "H2": [
            1853.6698130008247,
            3707.330471060731,
            5560.977814542857,
            7414.606845822086,
            9268.213194833581,
            11121.792416745904
        ],
        "N2": [
            0.0,
            0.0,
            0.0,
            0.0,
            0.0,
            0.0
        ],
        "SimpleH2O": [
            38133329.97143744,
            38133329.97122723,
            38133329.97100664,
            38133329.97078407,
            38133329.97056139,
            38133329.97033892
        ]
    },
    "time": [
        0.0,
        39.27272727272727,
        78.54545454545455,
        117.81818181818181,
        157.0909090909091,
        196.36363636363637
    ]
}
