case_id,chunk_id,pool_row_index,name,InitialTemperature,PressureGWC,ReferencePorosity,ReferencePermeability,CushionGasType,InjectionRateDev,InjectionRateOp,ProductionRate,InjectionDurationDev,InjectionDurationOp,ExtractionDurationOp,TEnd,MaxTimeStepSize,CGRatio,CycleLengthDays,FlowRateSm3Day,FlowRateMolM2S,PermeabilityMd,Porosity,PressureMPa,TemperatureC,reservoir_stratum,reservoir_cluster,representative_id,source_row_index,source_field_name,summary_case_id,summary_iter_id,summary_chunk_id,summary_name,summary_status,summary_case_dir,summary_returncode,summary_start_time,summary_end_time,summary_executable,summary_json_outputs,summary_merge,summary_mpi_runner,summary_pid,summary_simulation_end_time,summary_simulation_status,summary_skip_reason,summary_skip_time,case_json_file,simulation_run_status,simulation_failure_reason,simulation_failure_time,simulation_pressure_init_ref,simulation_p_inj_monitored,simulation_p_prod_monitored,simulation_suggested_dt_at_failure,simulation_last_accepted_dt_at_failure,simulation_min_dt_limit,final_time,final_average_reservoir_pressure,final_average_reservoir_pressure_gas_bearing,final_mass_balance_error_absolute,final_mass_balance_error_relative,final_rf,final_cycle_rf,final_cycle_number,final_water_cut,final_h2_purity,final_cycle_h2_injected,final_cycle_h2_produced,final_cumulative_h2_injected,final_cumulative_h2_produced,completed_working_cycles,cycle01_end_time,cycle01_end_rf,cycle01_end_cycle_rf,cycle01_end_water_cut,cycle01_end_h2_purity,cycle01_end_h2_injected,cycle01_end_h2_produced,cycle01_end_cumulative_h2_injected,cycle01_end_cumulative_h2_produced,cycle02_end_time,cycle02_end_rf,cycle02_end_cycle_rf,cycle02_end_water_cut,cycle02_end_h2_purity,cycle02_end_h2_injected,cycle02_end_h2_produced,cycle02_end_cumulative_h2_injected,cycle02_end_cumulative_h2_produced,cycle03_end_time,cycle03_end_rf,cycle03_end_cycle_rf,cycle03_end_water_cut,cycle03_end_h2_purity,cycle03_end_h2_injected,cycle03_end_h2_produced,cycle03_end_cumulative_h2_injected,cycle03_end_cumulative_h2_produced,cycle04_end_time,cycle04_end_rf,cycle04_end_cycle_rf,cycle04_end_water_cut,cycle04_end_h2_purity,cycle04_end_h2_injected,cycle04_end_h2_produced,cycle04_end_cumulative_h2_injected,cycle04_end_cumulative_h2_produced,cycle05_end_time,cycle05_end_rf,cycle05_end_cycle_rf,cycle05_end_water_cut,cycle05_end_h2_purity,cycle05_end_h2_injected,cycle05_end_h2_produced,cycle05_end_cumulative_h2_injected,cycle05_end_cumulative_h2_produced,cycle06_end_time,cycle06_end_rf,cycle06_end_cycle_rf,cycle06_end_water_cut,cycle06_end_h2_purity,cycle06_end_h2_injected,cycle06_end_h2_produced,cycle06_end_cumulative_h2_injected,cycle06_end_cumulative_h2_produced,cycle07_end_time,cycle07_end_rf,cycle07_end_cycle_rf,cycle07_end_water_cut,cycle07_end_h2_purity,cycle07_end_h2_injected,cycle07_end_h2_produced,cycle07_end_cumulative_h2_injected,cycle07_end_cumulative_h2_produced,cycle08_end_time,cycle08_end_rf,cycle08_end_cycle_rf,cycle08_end_water_cut,cycle08_end_h2_purity,cycle08_end_h2_injected,cycle08_end_h2_produced,cycle08_end_cumulative_h2_injected,cycle08_end_cumulative_h2_produced,cycle09_end_time,cycle09_end_rf,cycle09_end_cycle_rf,cycle09_end_water_cut,cycle09_end_h2_purity,cycle09_end_h2_injected,cycle09_end_h2_produced,cycle09_end_cumulative_h2_injected,cycle09_end_cumulative_h2_produced,cycle10_end_time,cycle10_end_rf,cycle10_end_cycle_rf,cycle10_end_water_cut,cycle10_end_h2_purity,cycle10_end_h2_injected,cycle10_end_h2_produced,cycle10_end_cumulative_h2_injected,cycle10_end_cumulative_h2_produced,final_injection_value_ch4,final_injection_value_co2,final_injection_value_dt_ch4,final_injection_value_dt_co2,final_injection_value_dt_h2,final_injection_value_dt_n2,final_injection_value_dt_simpleh2o,final_injection_value_h2,final_injection_value_n2,final_injection_value_simpleh2o,final_inventory_ch4,final_inventory_co2,final_inventory_h2,final_inventory_n2,final_inventory_simpleh2o,final_material_balance_error_ch4,final_material_balance_error_co2,final_material_balance_error_h2,final_material_balance_error_n2,final_material_balance_error_simpleh2o,final_production_value_ch4,final_production_value_co2,final_production_value_dt_ch4,final_production_value_dt_co2,final_production_value_dt_h2,final_production_value_dt_n2,final_production_value_dt_simpleh2o,final_production_value_h2,final_production_value_n2,final_production_value_simpleh2o
50,0,50,case050_CGCH4_Q730281_CL271.7_CGR3.53_K350_Poro0.160,329.44345,13300000.0,0.16,350.0,CH4,-27.577244226511446,-27.577244226511446,27.577244226511446,479.1385364456582,135.85344756908424,135.85344756908424,3196.207487827343,43200.0,3.5268780072880115,271.7068951381685,730281.210897357,27.577244226511446,350.0,0.16,13.3,56.29345,2,19,19,24,Bunter Sandstone Formation Zone 2,50,pool_051_150,0,case050_CGCH4_Q730281_CL271.7_CGR3.53_K350_Poro0.160,failed,/mnt/iusers01/ceas01/n71743ev/Dumux-Final/Aquifer/build-cmake/appl/1p/H2/cases/pool_051_150/chunk_0/case_050_case050_CGCH4_Q730281_CL271.7_CGR3.53_K350_Poro0.160,3,2026-05-04T16:12:46,2026-05-04T16:22:46,/mnt/iusers01/ceas01/n71743ev/Dumux-Final/Aquifer/build-cmake/appl/1p/H2/appl_1p2pnc_box_H2,,,/opt/software/RI/apps/OpenMPI/4.1.8-GCC-13.2.0/bin/mpirun,49618,,,,,/mnt/iusers01/ceas01/n71743ev/Dumux-Final/Aquifer/build-cmake/appl/1p/H2/cases/pool_051_150/chunk_0/case_050_case050_CGCH4_Q730281_CL271.7_CGR3.53_K350_Poro0.160/case050_CGCH4_Q730281_CL271.7_CGR3.53_K350_Poro0.160.json,failed_pressure_limit,inj_pressure_exceeded,0.0,13300000.0,20068815.37165956,20068815.37165956,,,,0.0,13844911.498298865,20073940.707090653,17786.202367565886,1.0611113241513068e-08,0.0,0.0,-1,0.0,0.0,0.0,0.0,0.0,0.0,0,,,,,,,,,,,,,,,,,,,,,,,,,,,,,,,,,,,,,,,,,,,,,,,,,,,,,,,,,,,,,,,,,,,,,,,,,,,,,,,,,,,,,,,,,,,-346.54587147303965,0.0,-3465.4587147303964,0.0,0.0,0.0,0.0,0.0,0.0,0.0,3315141662.4238486,0.0,0.0,0.0,1672871132364.1553,35.176389477505836,0.0,0.0,0.0,17751.02597808838,0.0,0.0,0.0,0.0,0.0,0.0,0.0,0.0,0.0,0.0
51,0,51,case051_CGCH4_Q180040_CL71.5_CGR2.92_K500_Poro0.230,367.69,30900000.0,0.23,500.0,CH4,-6.798767968081544,-6.798767968081544,6.798767968081544,104.46588186365858,35.743889914861455,35.743889914861455,819.3436801608877,32177.86089359123,2.9226220792556816,71.48777982972291,180040.1977644897,6.798767968081544,500.0,0.23,30.9,94.54,3,17,17,86,Fulmar_030_29,51,pool_051_150,0,case051_CGCH4_Q180040_CL71.5_CGR2.92_K500_Poro0.230,failed_numerical_stall,/mnt/iusers01/ceas01/n71743ev/Dumux-Final/Aquifer/build-cmake/appl/1p/H2/cases/pool_051_150/chunk_0/case_051_case051_CGCH4_Q180040_CL71.5_CGR2.92_K500_Poro0.230,1,2026-05-04T16:22:46,2026-05-04T18:26:48,/mnt/iusers01/ceas01/n71743ev/Dumux-Final/Aquifer/build-cmake/appl/1p/H2/appl_1p2pnc_box_H2,,,/opt/software/RI/apps/OpenMPI/4.1.8-GCC-13.2.0/bin/mpirun,50506,,,,,/mnt/iusers01/ceas01/n71743ev/Dumux-Final/Aquifer/build-cmake/appl/1p/H2/cases/pool_051_150/chunk_0/case_051_case051_CGCH4_Q180040_CL71.5_CGR2.92_K500_Poro0.230/case051_CGCH4_Q180040_CL71.5_CGR2.92_K500_Poro0.230.json,,,,,,,,,,70788205.71861285,31173283.752620198,31174534.651037842,-405836.4625689508,-1.6891868958147397e-07,0.7037591876089859,0.6841886151282993,9,0.2596956303965019,0.9902772467443108,264655702.69695544,181074418.71403685,2642444828.387512,1859644825.7275617,9,15178788.816905089,0.7286167896107704,0.7286167896107704,0.04614556391196468,0.4695767505307108,263917681.03172135,192294853.47485211,263917681.03172135,192294853.47485211,21346827.844629094,0.719710514243256,0.7108674118458763,0.15683541406622517,0.7610710467077008,265803044.67833695,188950722.4312432,529720725.7100562,381245575.9060953,27543794.690591812,0.7157044720114609,0.7077124539161462,0.2115901436731803,0.883995736226956,265525374.56054857,187915614.4072497,795246100.2706026,569161190.313345,33708440.5735744,0.7145355711890371,0.7109979336153976,0.24078258782063636,0.9387221060778356,262764006.00311768,186824665.29672062,1058010106.2737184,755985855.6100652,39896073.38137278,0.7125175591656431,0.704452383530725,0.2514308566899607,0.963144515125747,264727913.1879801,186488209.43238744,1322738019.461707,942474065.0424525,46054914.94774461,0.7114781166107071,0.7062357324342058,0.25676019007920237,0.974924056435009,262268109.34941313,185223110.30051714,1585006128.8111296,1127697175.3429704,52246764.96914793,0.7092732771937195,0.6960901788906979,0.25762886660468765,0.9818562653120694,265088214.3663754,184525302.56010592,1850094343.1775143,1312222477.9030774,58427938.148562565,0.7074810925574784,0.6949299513178121,0.25897677057916424,0.9859618833372916,264176029.4237947,183583835.26681054,2114270372.6013181,1495806313.1698875,64601418.112227716,0.7059374563024066,0.6935525145784516,0.26054093133365597,0.9885115222476784,263518753.08926198,182764093.84363574,2377789125.6905694,1678570407.0135238,,,,,,,,,,0.0,0.0,0.0,0.0,0.0,0.0,0.0,0.0,0.0,0.0,10544519779.960722,0.0,782800002.6603198,0.0,2391227800521.015,-1980.143288246798,0.0,256459.23723632935,0.0,-660315.5565170334,0.3008686005421459,0.0,929.1566396248768,0.0,128229.61861825595,0.0,134688.21975574034,41.52181048537043,0.0,43.61315892203376
52,0,52,case052_CGH2_Q1176021_CL303.5_CGR3.72_K307_Poro0.180,373.62,41400000.0,0.18,306.6,H2,-44.409474701816904,-44.409474701816904,44.409474701816904,564.7727269040496,151.73154265522314,151.73154265522314,3599.4035800085126,43200.0,3.722184043085705,303.4630853104463,1176020.5151093518,44.409474701816904,306.6,0.18,41.4,100.47,1,6,6,61,Fulmar_021_30,52,pool_051_150,0,case052_CGH2_Q1176021_CL303.5_CGR3.72_K307_Poro0.180,success,/mnt/iusers01/ceas01/n71743ev/Dumux-Final/Aquifer/build-cmake/appl/1p/H2/cases/pool_051_150/chunk_0/case_052_case052_CGH2_Q1176021_CL303.5_CGR3.72_K307_Poro0.180,0,2026-05-04T18:26:48,2026-05-04T23:47:25,/mnt/iusers01/ceas01/n71743ev/Dumux-Final/Aquifer/build-cmake/appl/1p/H2/appl_1p2pnc_box_H2,"[""case052_CGH2_Q1176021_CL303.5_CGR3.72_K307_Poro0.180.json"", ""case_summary.json""]",,/opt/software/RI/apps/OpenMPI/4.1.8-GCC-13.2.0/bin/mpirun,56748,,,,,/mnt/iusers01/ceas01/n71743ev/Dumux-Final/Aquifer/build-cmake/appl/1p/H2/cases/pool_051_150/chunk_0/case_052_case052_CGH2_Q1176021_CL303.5_CGR3.72_K307_Poro0.180/case052_CGH2_Q1176021_CL303.5_CGR3.72_K307_Poro0.180.json,,,,,,,,,,310960605.5435575,41552226.19692347,41554243.818523884,-18687088.99186305,-1.0236888288599579e-05,0.842472171193294,0.7744338255631978,9,0.10408313295100176,0.9981557237610165,7334641395.197893,5680194394.817295,73131620584.25174,61611355176.49876,10,75013634.23681813,0.9996968423969096,0.9996968423969096,0.0011229197322037948,0.9999211082533543,7304859638.839608,7302645115.100586,7304859638.839608,7302645115.100586,101217620.56494313,0.9645086665227833,0.9293532201289736,0.007552790994966085,0.9998262306742425,7311660413.230419,6795115149.525231,14616520052.070261,14097760264.62581,127442935.05916923,0.9357114908984945,0.8781031565890368,0.013824814211470141,0.9997975019855146,7306486118.735096,6415848524.435267,21923006170.80526,20513608789.061085,153660231.64284647,0.913539554468282,0.8469722130200029,0.022647072534518493,0.9996755132685183,7302011596.1250515,6184600921.067759,29225017766.930016,26698209710.128872,179871046.16805553,0.8949729504841006,0.8208713271887994,0.037651379987665844,0.9994363635020602,7322502627.869113,6010832450.48239,36547520394.79918,32709042160.611263,206074785.78210592,0.8802589180931191,0.8067797345868435,0.05982074150485839,0.9991472669265957,7318554361.079358,5904461344.990991,43866074755.87938,38613503505.602264,232315179.63502818,0.8684548357986727,0.7976679955667692,0.0696112860265049,0.9988519889593922,7314901394.887083,5834862733.4281435,51180976150.76732,44448366239.03041,258541338.65105104,0.8586015725415074,0.7895852086909367,0.0802794633008931,0.9985613532891957,7306957417.566775,5769465497.4452505,58487933568.33494,50217831736.47559,284728039.5245919,0.8500566662942952,0.7816792152742553,0.0916312046024266,0.9983271842449829,7309045620.717205,5713329045.205957,65796979189.05299,55931160781.68151,310960605.5435575,0.842472171193294,0.7744338255631978,0.10408313295100176,0.9981557237610165,7334641395.197893,5680194394.817295,73131620584.25174,61611355176.49876,0.0,0.0,0.0,0.0,0.0,0.0,0.0,0.0,0.0,0.0,8106087999.856121,0.0,18059626647.5497,0.0,1799300038717.7185,-275662.3325841087,0.0,17747548.779297564,0.0,-36158975.438576505,0.07924931751786929,0.0,2208.1846908298235,0.0,8873766.673709484,0.0,6673845.063837243,318.4697166069094,0.0,239.5169519676117
53,0,53,case053_CGCH4_Q344610_CL319.3_CGR1.65_K307_Poro0.180,373.62,41400000.0,0.18,306.6,CH4,-13.013318388369559,-13.013318388369559,13.013318388369559,263.20582524387845,159.64718292796945,159.64718292796945,3456.1494838032672,43200.0,1.6486719052388992,319.2943658559389,344609.5567923087,13.013318388369559,306.6,0.18,41.4,100.47,1,6,6,61,Fulmar_021_30,53,pool_051_150,0,case053_CGCH4_Q344610_CL319.3_CGR1.65_K307_Poro0.180,success,/mnt/iusers01/ceas01/n71743ev/Dumux-Final/Aquifer/build-cmake/appl/1p/H2/cases/pool_051_150/chunk_0/case_053_case053_CGCH4_Q344610_CL319.3_CGR1.65_K307_Poro0.180,0,2026-05-04T23:47:25,2026-05-05T04:56:28,/mnt/iusers01/ceas01/n71743ev/Dumux-Final/Aquifer/build-cmake/appl/1p/H2/appl_1p2pnc_box_H2,"[""case053_CGCH4_Q344610_CL319.3_CGR1.65_K307_Poro0.180.json"", ""case_summary.json""]",,/opt/software/RI/apps/OpenMPI/4.1.8-GCC-13.2.0/bin/mpirun,72873,,,,,/mnt/iusers01/ceas01/n71743ev/Dumux-Final/Aquifer/build-cmake/appl/1p/H2/cases/pool_051_150/chunk_0/case_053_case053_CGCH4_Q344610_CL319.3_CGR1.65_K307_Poro0.180/case053_CGCH4_Q344610_CL319.3_CGR1.65_K307_Poro0.180.json,,,,,,,,,,298579006.1630166,41646310.393270455,41652589.19562214,-5101246.407386091,-2.7583781829122778e-06,0.702461941000964,0.6926168546821527,9,0.17885361264458552,0.9837873519669165,2256514491.105945,1562899969.3744981,22555352242.317463,15844276516.098772,10,50305842.64375377,0.7005151424342869,0.7005151424342869,0.10672071328783458,0.5291814263820273,2260641233.07749,1583613415.3820999,2260641233.07749,1583613415.3820999,77879622.02878404,0.7023172812748537,0.7041234731523822,0.2000857222703314,0.8547925930667292,2255568426.272224,1588198674.2396512,4516209659.349754,3171812089.6217527,105489470.46285081,0.7075947865108366,0.7181671320580267,0.19507684793495916,0.9471623268498277,2254402300.5648212,1619037634.7016551,6770611959.914479,4790849724.323403,133078742.52030283,0.7094921517151613,0.7151989975033374,0.18529849191454767,0.9737062777895737,2251037441.9564133,1609939721.8297038,9021649401.870796,6400789446.15311,160658360.70003855,0.7088832270345313,0.7064465023896158,0.18275642362802547,0.981882228455836,2254462765.1412816,1592657335.2016802,11276112167.011982,7993446781.354795,188251260.85260132,0.7079185762463429,0.7030876284926831,0.18326852301096425,0.9835317882238415,2251630745.0094285,1583093720.7498925,13527742912.021313,9576540502.104685,215830593.07706654,0.7062957576590724,0.6965668405594372,0.182666709200075,0.9840187449680002,2256476483.114474,1571786694.6397192,15784219395.135693,11148327196.744389,243413045.8177711,0.7048315143435002,0.6945913401748729,0.18167661857465237,0.9840469064958564,2256986781.7023797,1567683473.4596293,18041206176.83798,12716010670.204021,270999441.5166764,0.7035563672049072,0.6933663996768336,0.1803538981570927,0.9839393476297135,2257631574.3737364,1565365876.5202591,20298837751.211617,14281376546.724274,298579006.1630166,0.702461941000964,0.6926168546821527,0.17885361264458552,0.9837873519669165,2256514491.105945,1562899969.3744981,22555352242.317463,15844276516.098772,0.0,0.0,0.0,0.0,0.0,0.0,0.0,0.0,0.0,0.0,13521329014.08006,0.0,6711075726.220936,0.0,1829131993146.6587,-71805.47671038014,0.0,5384965.679925802,0.0,-10414406.610601513,0.25326250600720235,0.0,8182.7184781273045,0.0,2692482.83996264,0.0,2582869.9374684417,83.33476866558263,0.0,79.94215061931726
54,0,54,case054_CGCO2_Q79415_CL31.5_CGR2.55_K350_Poro0.160,329.44345,13300000.0,0.16,350.0,CO2,-2.9988903466218697,-2.9988903466218697,2.9988903466218697,40.15432353606817,15.761868192782162,15.761868192782162,355.3916873917114,13957.200813929028,2.547561180244868,31.523736385564323,79414.50768942389,2.9988903466218697,350.0,0.16,13.3,56.29345,2,19,19,24,Bunter Sandstone Formation Zone 2,54,pool_051_150,0,case054_CGCO2_Q79415_CL31.5_CGR2.55_K350_Poro0.160,success,/mnt/iusers01/ceas01/n71743ev/Dumux-Final/Aquifer/build-cmake/appl/1p/H2/cases/pool_051_150/chunk_0/case_054_case054_CGCO2_Q79415_CL31.5_CGR2.55_K350_Poro0.160,0,2026-05-05T04:56:28,2026-05-05T07:10:31,/mnt/iusers01/ceas01/n71743ev/Dumux-Final/Aquifer/build-cmake/appl/1p/H2/appl_1p2pnc_box_H2,"[""case054_CGCO2_Q79415_CL31.5_CGR2.55_K350_Poro0.160.json"", ""case_summary.json""]",,/opt/software/RI/apps/OpenMPI/4.1.8-GCC-13.2.0/bin/mpirun,88440,,,,,/mnt/iusers01/ceas01/n71743ev/Dumux-Final/Aquifer/build-cmake/appl/1p/H2/cases/pool_051_150/chunk_0/case_054_case054_CGCO2_Q79415_CL31.5_CGR2.55_K350_Poro0.160/case054_CGCO2_Q79415_CL31.5_CGR2.55_K350_Poro0.160.json,,,,,,,,,,30705701.90163211,13565855.8449835,13567079.843327908,-26118.121126597092,-1.559784670086186e-08,0.7643848248330823,0.7620742316305936,9,0.3885245697350995,0.9488707876168265,51430904.40191884,39194166.95415882,513686297.87866795,392654010.82314014,10,6188091.122872234,0.7471793366432344,0.7471793366432344,0.04910837933580297,0.40004197376117706,51020006.736089244,38121094.78860451,51020006.736089244,38121094.78860451,8912334.99658309,0.7643558083319882,0.7814994866605356,0.3553496001965051,0.6154652513147905,51117600.57951564,39948378.612209775,102137607.31560472,78069473.40081424,11633283.420101766,0.7668071623659102,0.7717171189831029,0.4420504934494922,0.7343101444389682,50993410.98694497,39352488.21396648,153131018.30255005,117421961.61478065,14352010.897983113,0.7659879501424323,0.7635490445325284,0.4606998427749363,0.8064199515552959,51435693.72942033,39273674.80196665,204566712.0319716,156695636.41674715,17079163.373743508,0.7651038396050125,0.7616091838829723,0.4531950156051094,0.8530780193057139,51753191.18590936,39415705.70243986,256319903.21788225,196111342.1191869,19797890.851625208,0.7650358971068126,0.7646973187130744,0.44387714821771146,0.8848715949316873,51435693.72942033,39332737.08103462,307755596.94730157,235444079.2002215,22531319.505461887,0.7654717360181815,0.7680780737804748,0.43577978920183463,0.90740907170986,51463730.55724677,39528163.035967454,359219327.50454676,274972242.2361891,25249196.512693953,0.7651705018921191,0.7630654153144422,0.4189544518870097,0.9253800235666821,51403643.60051146,39224342.65269984,410622971.1050566,314196584.88888925,27973144.31080196,0.7646419032788606,0.7604380576499159,0.40240698436963157,0.9388295885217915,51632422.37169564,39263258.980092295,462255393.47675073,353459843.8689813,30705701.90163211,0.7643848248330823,0.7620742316305936,0.3885245697350995,0.9488707876168265,51430904.40191884,39194166.95415882,513686297.87866795,392654010.82314014,0.0,0.0,0.0,0.0,0.0,0.0,0.0,0.0,0.0,0.0,3309660035.0584183,96906395.208305,121032287.05255383,0.0,1670942065428.9463,-49.88514760170512,303.1630483734808,4707.559847528792,0.0,-31078.95887489766,0.08090871410505016,1.0835842092569716,11.318240058269273,151.58152418287884,2353.7799237565446,0.0,2755.061155124008,16.826052985003248,0.0,19.694621619109185
55,0,55,case055_CGH2_Q91247_CL225.4_CGR2.81_K100_Poro0.230,281.95,200000.0,0.23,100.0,H2,-3.4457102381663276,-3.4457102381663276,3.4457102381663276,316.6646655445005,112.71074380016051,112.71074380016051,2570.879541547711,43200.0,2.8095339882234858,225.42148760032103,91246.87820367633,3.4457102381663276,100.0,0.23,0.2,8.8,0,11,11,143,Spilsby Sandstone Formation 1,55,pool_051_150,0,case055_CGH2_Q91247_CL225.4_CGR2.81_K100_Poro0.230,failed,/mnt/iusers01/ceas01/n71743ev/Dumux-Final/Aquifer/build-cmake/appl/1p/H2/cases/pool_051_150/chunk_0/case_055_case055_CGH2_Q91247_CL225.4_CGR2.81_K100_Poro0.230,3,2026-05-05T07:10:32,2026-05-05T07:20:32,/mnt/iusers01/ceas01/n71743ev/Dumux-Final/Aquifer/build-cmake/appl/1p/H2/appl_1p2pnc_box_H2,,,/opt/software/RI/apps/OpenMPI/4.1.8-GCC-13.2.0/bin/mpirun,95249,,,,,/mnt/iusers01/ceas01/n71743ev/Dumux-Final/Aquifer/build-cmake/appl/1p/H2/cases/pool_051_150/chunk_0/case_055_case055_CGH2_Q91247_CL225.4_CGR2.81_K100_Poro0.230/case055_CGH2_Q91247_CL225.4_CGR2.81_K100_Poro0.230.json,failed_pressure_limit,inj_pressure_exceeded,0.0,200000.0,2005377.9315548777,2005377.9315548777,,,,0.0,567142.085968859,2010382.9144118703,1404.3505969555115,5.828347081070889e-10,0.0,0.0,-1,0.0,0.0,0.0,0.0,0.0,0.0,0,,,,,,,,,,,,,,,,,,,,,,,,,,,,,,,,,,,,,,,,,,,,,,,,,,,,,,,,,,,,,,,,,,,,,,,,,,,,,,,,,,,,,,,,,,,0.0,0.0,0.0,0.0,-433.00071882489885,0.0,0.0,-43.30007188248989,0.0,0.0,424048950.9926194,0.0,433.0007188248991,0.0,2409093739143.9316,0.24708609888330102,0.0,-2.2737367544323206e-13,0.0,1404.1035108566284,0.0,0.0,0.0,0.0,0.0,0.0,0.0,0.0,0.0,0.0
56,0,56,case056_CGCO2_Q178669_CL51.9_CGR0.31_K100_Poro0.190,308.37,7300000.0,0.19,100.0,CO2,-6.7469743197513115,-6.7469743197513115,6.7469743197513115,8.042363752521913,25.970532312330523,25.970532312330523,527.4530099991324,20714.51821087502,0.3096726572948791,51.941064624661045,178668.63475011746,6.7469743197513115,100.0,0.19,7.3,35.22,0,5,5,16,Bunter Closure 41,56,pool_051_150,0,case056_CGCO2_Q178669_CL51.9_CGR0.31_K100_Poro0.190,failed,/mnt/iusers01/ceas01/n71743ev/Dumux-Final/Aquifer/build-cmake/appl/1p/H2/cases/pool_051_150/chunk_0/case_056_case056_CGCO2_Q178669_CL51.9_CGR0.31_K100_Poro0.190,3,2026-05-05T07:20:32,2026-05-05T07:30:32,/mnt/iusers01/ceas01/n71743ev/Dumux-Final/Aquifer/build-cmake/appl/1p/H2/appl_1p2pnc_box_H2,,,/opt/software/RI/apps/OpenMPI/4.1.8-GCC-13.2.0/bin/mpirun,96097,,,,,/mnt/iusers01/ceas01/n71743ev/Dumux-Final/Aquifer/build-cmake/appl/1p/H2/cases/pool_051_150/chunk_0/case_056_case056_CGCO2_Q178669_CL51.9_CGR0.31_K100_Poro0.190/case056_CGCO2_Q178669_CL51.9_CGR0.31_K100_Poro0.190.json,failed_pressure_limit,inj_pressure_exceeded,424.2469618055557,7300000.0,11447681.168847337,11447681.168847337,,,,424.2469618055557,7711108.816134685,11453319.555962678,46114.42798943978,2.3167594292090043e-08,0.0,0.0,-1,0.0,0.0,0.0,0.0,0.0,0.0,0,,,,,,,,,,,,,,,,,,,,,,,,,,,,,,,,,,,,,,,,,,,,,,,,,,,,,,,,,,,,,,,,,,,,,,,,,,,,,,,,,,,,,,,,,,,0.0,-84.78497982755884,0.0,-16949.40616425768,0.0,0.0,0.0,0.0,0.0,0.0,2822308834.0178413,52919.17626267474,-7.086333430371103e-30,0.0,1987648785489.9324,65.38125255703926,1.6551712178625166e-07,1.4125220944500333e-35,0.0,46049.046736717224,0.0,0.0,0.0,0.0,0.0,0.0,0.0,0.0,0.0,0.0
57,0,57,case057_CGN2_Q263586_CL46.1_CGR3.80_K100_Poro0.140,330.71,13700000.0,0.14,100.0,N2,-9.953659935032581,-9.953659935032581,9.953659935032581,87.62519047773972,23.056156253210773,23.056156253210773,548.7483155419552,21550.842937647696,3.8005116514396082,46.112312506421546,263585.8307853712,9.953659935032581,100.0,0.14,13.7,57.56,0,1,1,22,Bunter Closure 7,57,pool_051_150,0,case057_CGN2_Q263586_CL46.1_CGR3.80_K100_Poro0.140,failed,/mnt/iusers01/ceas01/n71743ev/Dumux-Final/Aquifer/build-cmake/appl/1p/H2/cases/pool_051_150/chunk_0/case_057_case057_CGN2_Q263586_CL46.1_CGR3.80_K100_Poro0.140,3,2026-05-05T07:30:32,2026-05-05T07:40:32,/mnt/iusers01/ceas01/n71743ev/Dumux-Final/Aquifer/build-cmake/appl/1p/H2/appl_1p2pnc_box_H2,,,/opt/software/RI/apps/OpenMPI/4.1.8-GCC-13.2.0/bin/mpirun,97014,,,,,/mnt/iusers01/ceas01/n71743ev/Dumux-Final/Aquifer/build-cmake/appl/1p/H2/cases/pool_051_150/chunk_0/case_057_case057_CGN2_Q263586_CL46.1_CGR3.80_K100_Poro0.140/case057_CGN2_Q263586_CL46.1_CGR3.80_K100_Poro0.140.json,failed_pressure_limit,inj_pressure_exceeded,0.0,13700000.0,21517132.134433117,21517132.134433117,,,,0.0,14294493.863326825,21522179.63395506,6109.596082404256,4.165644113915028e-09,0.0,0.0,-1,0.0,0.0,0.0,0.0,0.0,0.0,0,,,,,,,,,,,,,,,,,,,,,,,,,,,,,,,,,,,,,,,,,,,,,,,,,,,,,,,,,,,,,,,,,,,,,,,,,,,,,,,,,,,,,,,,,,,0.0,0.0,0.0,0.0,0.0,-1250.8137971291765,0.0,0.0,-125.08137971291764,0.0,2957017561.49515,0.0,0.0,1250.813797129177,1463705978632.816,12.31761808693409,0.0,0.0,-4.547473508864641e-13,6097.278464317322,0.0,0.0,0.0,0.0,0.0,0.0,0.0,0.0,0.0,0.0
58,0,58,case058_CGH2_Q555276_CL178.9_CGR0.77_K307_Poro0.180,373.62,41400000.0,0.18,306.6,H2,-20.96860432927911,-20.96860432927911,20.96860432927911,69.11670501148092,89.46923637259329,89.46923637259329,1858.5014324633466,43200.0,0.7725192235199756,178.93847274518657,555275.8511560174,20.96860432927911,306.6,0.18,41.4,100.47,1,6,6,61,Fulmar_021_30,58,pool_051_150,0,case058_CGH2_Q555276_CL178.9_CGR0.77_K307_Poro0.180,success,/mnt/iusers01/ceas01/n71743ev/Dumux-Final/Aquifer/build-cmake/appl/1p/H2/cases/pool_051_150/chunk_0/case_058_case058_CGH2_Q555276_CL178.9_CGR0.77_K307_Poro0.180,0,2026-05-05T07:40:32,2026-05-05T11:08:39,/mnt/iusers01/ceas01/n71743ev/Dumux-Final/Aquifer/build-cmake/appl/1p/H2/appl_1p2pnc_box_H2,"[""case058_CGH2_Q555276_CL178.9_CGR0.77_K307_Poro0.180.json"", ""case_summary.json""]",,/opt/software/RI/apps/OpenMPI/4.1.8-GCC-13.2.0/bin/mpirun,97830,,,,,/mnt/iusers01/ceas01/n71743ev/Dumux-Final/Aquifer/build-cmake/appl/1p/H2/cases/pool_051_150/chunk_0/case_058_case058_CGH2_Q555276_CL178.9_CGR0.77_K307_Poro0.180/case058_CGH2_Q555276_CL178.9_CGR0.77_K307_Poro0.180.json,,,,,,,,,,160533726.94859406,41609809.826000705,41617746.51734787,-10581496.871399794,-5.683973874880552e-06,0.7637419723660783,0.7457298865028686,9,0.2211081737067684,0.9959720510364357,2038448292.4297585,1520131813.7556102,20381783559.046547,15566423575.724718,10,21407285.509772636,0.8781849237050046,0.8781849237050046,0.19164443379140378,0.9672807900859867,2037587025.667529,1789378206.6781461,2037587025.667529,1789378206.6781461,36849467.28850119,0.8230574583502804,0.7680706583058582,0.24099404341613354,0.9846401402098222,2042799509.5908074,1569014364.1182957,4080386535.2583466,3358392570.7964416,52311996.59249696,0.8010569815139839,0.7569822449060676,0.24633812172119166,0.9923929372732615,2036777899.5634022,1541804706.786569,6117164434.821758,4900197277.583013,67773874.08453979,0.7884919698791081,0.7507516132635038,0.24517408187853926,0.9949302641817098,2036606147.6005306,1528985350.893468,8153770582.422299,6429182628.476481,83233476.27879134,0.7804861018005212,0.7484243141035675,0.24275183487119079,0.9956833587390438,2036006608.3315668,1523796849.3508837,10189777190.753878,7952979477.82736,98699889.58430469,0.7749180966516744,0.7470759655278728,0.23909491356446377,0.9959187671190155,2037801331.0629773,1522392396.957858,12227578521.816864,9475371874.78522,114172187.29006098,0.7708785760779723,0.7466583540428698,0.2348065740892669,0.9959961327099686,2039351866.1329184,1522699107.6810598,14266930387.949791,10998070982.466288,129641709.57196203,0.7679344961025834,0.7473308657758665,0.23046088185640087,0.9960071904783171,2038620544.0195584,1523524056.1506045,16305550931.969358,12521595038.616898,145108058.37476873,0.7657436097530117,0.7482129965512868,0.22623283730273486,0.9959833090529826,2037784334.6479425,1524696723.3522074,18343335266.617115,14046291761.969112,160533726.94859406,0.7637419723660783,0.7457298865028686,0.2211081737067684,0.9959720510364357,2038448292.4297585,1520131813.7556102,20381783559.046547,15566423575.724718,0.0,0.0,0.0,0.0,0.0,0.0,0.0,0.0,0.0,0.0,10422527546.023575,0.0,6392372845.944622,0.0,1844822240159.133,-165123.4732709375,0.0,11012795.818541493,0.0,-21429169.21667035,0.18860259638590526,0.0,7694.385466970805,0.0,5506397.909275804,0.0,5235838.319951698,134.97126533123784,0.0,128.3393853399538
59,0,59,case059_CGN2_Q26436_CL166.4_CGR3.82_K100_Poro0.190,308.37,7300000.0,0.19,100.0,N2,-0.998287482349666,-0.998287482349666,0.998287482349666,317.67769780346663,83.20502127954452,83.20502127954452,1981.7781233943572,43200.0,3.8180111358443445,166.41004255908905,26435.947894065965,0.998287482349666,100.0,0.19,7.3,35.22,0,5,5,16,Bunter Closure 41,59,pool_051_150,0,case059_CGN2_Q26436_CL166.4_CGR3.82_K100_Poro0.190,success,/mnt/iusers01/ceas01/n71743ev/Dumux-Final/Aquifer/build-cmake/appl/1p/H2/cases/pool_051_150/chunk_0/case_059_case059_CGN2_Q26436_CL166.4_CGR3.82_K100_Poro0.190,0,2026-05-05T11:08:39,2026-05-05T14:41:28,/mnt/iusers01/ceas01/n71743ev/Dumux-Final/Aquifer/build-cmake/appl/1p/H2/appl_1p2pnc_box_H2,"[""case059_CGN2_Q26436_CL166.4_CGR3.82_K100_Poro0.190.json"", ""case_summary.json""]",,/opt/software/RI/apps/OpenMPI/4.1.8-GCC-13.2.0/bin/mpirun,108580,,,,,/mnt/iusers01/ceas01/n71743ev/Dumux-Final/Aquifer/build-cmake/appl/1p/H2/cases/pool_051_150/chunk_0/case_059_case059_CGN2_Q26436_CL166.4_CGR3.82_K100_Poro0.190/case059_CGN2_Q26436_CL166.4_CGR3.82_K100_Poro0.190.json,,,,,,,,,,171197663.57333645,7540066.973773565,7539889.490097027,-3466970.05495255,-1.750303295772688e-06,0.7833812469493471,0.7547179097747229,9,0.32077517139727724,0.9846924834758461,90147687.59656364,68036074.35390322,901138295.0145712,705934841.2223234,10,41821940.70956692,0.7799483757839138,0.7799483757839138,6.904626851181507e-05,0.42033375313917104,89961631.7828394,70165428.59189612,89961631.7828394,70165428.59189612,56179703.99081692,0.8121678199941906,0.8443183861658551,0.010400495937522571,0.5677539249279273,90154361.84904711,76118985.30219999,180115993.63188583,146284413.89409623,70573319.61581692,0.8171662344776294,0.8271625983819009,0.15113085722440583,0.7170771961038407,90062186.59999125,74496072.28400438,270178180.23187643,220780486.17810073,84924559.8013638,0.8088984084188354,0.7840985478571549,0.21222301430243246,0.8435159581055972,90072530.58876587,70625740.4364705,360250710.82064164,291406226.61457115,99295891.30771145,0.801910337548249,0.7740391015258802,0.2646081796268801,0.9070280671703365,90324573.20421529,69914751.48869939,450575284.02485627,361320978.10327065,113693677.63583645,0.7960511039250417,0.7669298886127122,0.28401360946015963,0.9424997180418905,90656444.98796333,69527137.25664319,541231729.0128194,430848115.35991395,128089680.37021145,0.7923554655194625,0.770153784774692,0.2976104590560609,0.9611374748821561,90092132.5301869,69384796.84654659,631323861.5430156,500232912.2064608,142466221.77646145,0.7893338720940437,0.7681024125591468,0.3066388216853177,0.9722833381917418,89847993.07866049,69012460.24731664,721171854.621685,569245372.4537774,156840432.32333645,0.7865673918213905,0.7643547953770667,0.31487506652998143,0.9795023717688633,89818752.7963045,68653394.41464266,810990607.4179984,637898766.8684202,171197663.57333645,0.7833812469493471,0.7547179097747229,0.32077517139727724,0.9846924834758461,90147687.59656364,68036074.35390322,901138295.0145712,705934841.2223234,0.0,0.0,0.0,0.0,0.0,0.0,0.0,0.0,0.0,0.0,2807013238.9316125,4.436554425581883e-28,195203453.79214114,295089120.60156184,1977485146762.714,-5561.743866578294,6.591725053754437e-32,311355.44148032943,5233.324086386265,-3777997.0766526875,0.006251818862918506,1.1785126915690365e-36,174.84016644410767,3.295862526865241e-32,155677.72074017793,2616.662043187783,192363.67776854656,5.566620822056557,0.09356486814323539,6.878412973818732
60,0,60,case060_CGH2_Q252277_CL214.1_CGR3.90_K307_Poro0.180,373.62,41400000.0,0.18,306.6,H2,-9.526619074304904,-9.526619074304904,9.526619074304904,417.56620721562984,107.07240022946606,107.07240022946606,2559.0142118049507,43200.0,3.8998491331169083,214.1448004589321,252277.23467209275,9.526619074304904,306.6,0.18,41.4,100.47,1,6,6,61,Fulmar_021_30,60,pool_051_150,0,case060_CGH2_Q252277_CL214.1_CGR3.90_K307_Poro0.180,success,/mnt/iusers01/ceas01/n71743ev/Dumux-Final/Aquifer/build-cmake/appl/1p/H2/cases/pool_051_150/chunk_0/case_060_case060_CGH2_Q252277_CL214.1_CGR3.90_K307_Poro0.180,0,2026-05-05T14:41:28,2026-05-05T18:35:39,/mnt/iusers01/ceas01/n71743ev/Dumux-Final/Aquifer/build-cmake/appl/1p/H2/appl_1p2pnc_box_H2,"[""case060_CGH2_Q252277_CL214.1_CGR3.90_K307_Poro0.180.json"", ""case_summary.json""]",,/opt/software/RI/apps/OpenMPI/4.1.8-GCC-13.2.0/bin/mpirun,119475,,,,,/mnt/iusers01/ceas01/n71743ev/Dumux-Final/Aquifer/build-cmake/appl/1p/H2/cases/pool_051_150/chunk_0/case_060_case060_CGH2_Q252277_CL214.1_CGR3.90_K307_Poro0.180/case060_CGH2_Q252277_CL214.1_CGR3.90_K307_Poro0.180.json,,,,,,,,,,221094816.06188864,41659740.076681495,41670438.36284545,-429167.2904429547,-2.309388786436267e-07,0.7365122980200947,0.6911464668356344,9,0.20946151211118103,0.9913852623780816,1106108631.146351,764483072.3532006,11080405665.441229,8160855039.648995,10,54536700.50460498,0.9079635114184661,0.9079635114184661,0.023158945640283504,0.9996651831334573,1106741472.2680826,1004880873.3929712,1106741472.2680826,1004880873.3929712,73054355.77804248,0.8499793221681267,0.7921705656444523,0.05663574819986143,0.9984714104550844,1110100110.0567966,879388632.1056613,2216841582.3248944,1884269505.4986312,91562409.84524444,0.8166982517941751,0.7501679176540235,0.07991826159232925,0.9965444131097814,1108950701.4027789,831899238.4522914,3325792283.727641,2716168743.9509215,110066808.67336944,0.7943348634994286,0.7272395957348124,0.11631954582529228,0.9946019076470066,1108513114.3616817,806154629.1551273,4434305398.089304,3522323373.1060467,128555879.16671436,0.777992925478631,0.712513049139213,0.13992740644980647,0.993231508306813,1106678082.3651066,788522574.8814992,5540983480.454478,4310845947.987546,147068170.13893658,0.7651999497354208,0.7013077859902835,0.15913457508638135,0.992425726443432,1109457922.5973938,778071479.3461576,6650441403.051941,5088917427.333707,165582741.06299376,0.7553208558922568,0.6961170104667422,0.17614752453211777,0.9920269474911317,1109730867.0905726,772502533.621755,7760172270.142583,5861419960.955454,184074910.66015172,0.7477155639188432,0.6944041287502466,0.19055096331053364,0.9917749217463634,1107049091.6586258,768739459.97696,8867221361.801226,6630159420.932416,202567302.29155362,0.7415431826287672,0.692104944043557,0.20146970791973845,0.991576289497328,1107075672.4939153,766212546.3633846,9974297034.295008,7396371967.295794,221094816.06188864,0.7365122980200947,0.6911464668356344,0.20946151211118103,0.9913852623780816,1106108631.146351,764483072.3532006,11080405665.441229,8160855039.648995,0.0,0.0,0.0,0.0,0.0,0.0,0.0,0.0,0.0,0.0,10422889719.224403,0.0,7240101888.55829,0.0,1840695778312.5654,-7080.078704189009,0.0,469990.83443350776,0.0,-892078.0461722733,0.09229601198134761,0.0,370.27665356969186,0.0,234995.41721859394,0.0,244911.6036385176,58.57549924920366,0.0,61.047230728353725
61,0,61,case061_CGN2_Q435911_CL256.4_CGR1.05_K100_Poro0.210,330.03215,13500000.0,0.21,100.0,N2,-16.461089140066836,-16.461089140066836,16.461089140066836,134.67435737559728,128.17502363632903,128.17502363632903,2698.1748301021776,43200.0,1.0507067098946579,256.35004727265806,435911.0000679731,16.461089140066836,100.0,0.21,13.5,56.88215,0,3,3,14,Bunter Closure 4,61,pool_051_150,0,case061_CGN2_Q435911_CL256.4_CGR1.05_K100_Poro0.210,failed,/mnt/iusers01/ceas01/n71743ev/Dumux-Final/Aquifer/build-cmake/appl/1p/H2/cases/pool_051_150/chunk_0/case_061_case061_CGN2_Q435911_CL256.4_CGR1.05_K100_Poro0.210,3,2026-05-05T18:35:39,2026-05-05T18:45:39,/mnt/iusers01/ceas01/n71743ev/Dumux-Final/Aquifer/build-cmake/appl/1p/H2/appl_1p2pnc_box_H2,,,/opt/software/RI/apps/OpenMPI/4.1.8-GCC-13.2.0/bin/mpirun,130251,,,,,/mnt/iusers01/ceas01/n71743ev/Dumux-Final/Aquifer/build-cmake/appl/1p/H2/cases/pool_051_150/chunk_0/case_061_case061_CGN2_Q435911_CL256.4_CGR1.05_K100_Poro0.210/case061_CGN2_Q435911_CL256.4_CGR1.05_K100_Poro0.210.json,failed_pressure_limit,inj_pressure_exceeded,0.0,13500000.0,23678360.606785376,23678360.606785376,,,,0.0,14185794.709297616,23683399.789970957,7999.499782666565,3.6361453593026285e-09,0.0,0.0,-1,0.0,0.0,0.0,0.0,0.0,0.0,0,,,,,,,,,,,,,,,,,,,,,,,,,,,,,,,,,,,,,,,,,,,,,,,,,,,,,,,,,,,,,,,,,,,,,,,,,,,,,,,,,,,,,,,,,,,0.0,0.0,0.0,0.0,0.0,-2068.561468500828,0.0,0.0,-206.8561468500828,0.0,4394194230.860527,0.0,0.0,2068.5614685008272,2195600301225.5005,15.977664098143578,0.0,0.0,9.094947017729282e-13,7983.52211856842,0.0,0.0,0.0,0.0,0.0,0.0,0.0,0.0,0.0,0.0
62,0,62,case062_CGCH4_Q52582_CL165.6_CGR1.16_K100_Poro0.160,314.27,8900000.0,0.16,100.0,CH4,-1.9856230682153644,-1.9856230682153644,1.9856230682153644,96.19578875660784,82.7828421995104,82.7828421995104,1751.8526327468157,43200.0,1.162025683109208,165.5656843990208,52581.8753582354,1.9856230682153644,100.0,0.16,8.9,41.12,0,9,9,17,Bunter Closure 42,62,pool_051_150,0,case062_CGCH4_Q52582_CL165.6_CGR1.16_K100_Poro0.160,success,/mnt/iusers01/ceas01/n71743ev/Dumux-Final/Aquifer/build-cmake/appl/1p/H2/cases/pool_051_150/chunk_0/case_062_case062_CGCH4_Q52582_CL165.6_CGR1.16_K100_Poro0.160,0,2026-05-05T18:45:39,2026-05-05T21:51:40,/mnt/iusers01/ceas01/n71743ev/Dumux-Final/Aquifer/build-cmake/appl/1p/H2/appl_1p2pnc_box_H2,"[""case062_CGCH4_Q52582_CL165.6_CGR1.16_K100_Poro0.160.json"", ""case_summary.json""]",,/opt/software/RI/apps/OpenMPI/4.1.8-GCC-13.2.0/bin/mpirun,131105,,,,,/mnt/iusers01/ceas01/n71743ev/Dumux-Final/Aquifer/build-cmake/appl/1p/H2/cases/pool_051_150/chunk_0/case_062_case062_CGCH4_Q52582_CL165.6_CGR1.16_K100_Poro0.160/case062_CGCH4_Q52582_CL165.6_CGR1.16_K100_Poro0.160.json,,,,,,,,,,151338461.61410558,9114481.156703189,9114318.469841676,-3724607.0347072603,-2.234238420076669e-06,0.7614132693111244,0.7514603131411551,9,0.43341445418016583,0.9925872350728117,177930286.44456106,133707548.7689253,1785019413.6011424,1359137467.493872,10,22603747.96442519,0.8115911406256412,0.8115911406256412,0.06828049652244497,0.4702060881937193,177858393.27738506,144348296.2698368,177858393.27738506,144348296.2698368,36892644.54645644,0.7940935836089437,0.7766764089596134,0.3955527491561356,0.742882444996299,178679231.27182892,138775943.69986835,356537624.5492139,283124239.96970534,51193895.7937931,0.7801638827491332,0.7524163456642767,0.4140819575673271,0.8773299360942842,178987505.8117697,134673125.04245526,535525130.3609835,417797365.0121606,65503399.5047306,0.7732935362100605,0.7527612912937655,0.4265268482657854,0.9344378992078614,179193421.90557268,134889871.66498742,714718552.2665658,552687236.6771476,79814785.8328556,0.7702471530494943,0.7580262482020264,0.43302062454260487,0.9616536481561739,178162467.45531204,135051826.7755658,892881019.7218874,687739063.4527131,94109600.6766056,0.7672956956146083,0.7525590969124187,0.43324297238781156,0.9762584163224485,178826904.18432778,134577813.51660135,1071707923.9062247,822316876.9693145,108406088.9578556,0.7650288704562412,0.7514469803399321,0.4326311633502146,0.9840319071710579,178868659.9229642,134410314.37656167,1250576583.8291986,956727191.3458767,122739892.0828556,0.7635314851194451,0.7530537767351674,0.43304801240641716,0.9883473878602503,178721813.0606169,134587136.31025413,1429298396.8898249,1091314327.65613,137036380.36410558,0.7625152196089487,0.7543452398648981,0.43394550415535704,0.9909388727277716,177790730.2667376,134115591.06881759,1607089127.1565719,1225429918.7249472,151338461.61410558,0.7614132693111244,0.7514603131411551,0.43341445418016583,0.9925872350728117,177930286.44456106,133707548.7689253,1785019413.6011424,1359137467.493872,0.0,0.0,0.0,0.0,0.0,0.0,0.0,0.0,0.0,0.0,2769085128.7871227,0.0,425881946.1079021,0.0,1663863929253.3887,-4573.9221855782525,0.0,424920.2310659165,0.0,-4144953.3435875983,0.06885629915151247,0.0,1487.699230404702,0.0,212460.11553296002,0.0,325163.1132233529,9.833450857484667,0.0,15.049768218979072
63,0,63,case063_CGCO2_Q326150_CL248.5_CGR3.03_K350_Poro0.140,318.9319,10300000.0,0.14,350.0,CO2,-12.316235330275664,-12.316235330275664,12.316235330275664,376.50519680476964,124.25617858416264,124.25617858416264,2861.6287684880226,43200.0,3.0300722353999543,248.51235716832528,326149.8928904512,12.316235330275664,350.0,0.14,10.3,45.7819,2,2,2,23,Bunter Sandstone Formation Zone 1,63,pool_051_150,0,case063_CGCO2_Q326150_CL248.5_CGR3.03_K350_Poro0.140,failed,/mnt/iusers01/ceas01/n71743ev/Dumux-Final/Aquifer/build-cmake/appl/1p/H2/cases/pool_051_150/chunk_0/case_063_case063_CGCO2_Q326150_CL248.5_CGR3.03_K350_Poro0.140,134,2026-05-05T21:51:40,2026-05-05T23:01:57,/mnt/iusers01/ceas01/n71743ev/Dumux-Final/Aquifer/build-cmake/appl/1p/H2/appl_1p2pnc_box_H2,,,/opt/software/RI/apps/OpenMPI/4.1.8-GCC-13.2.0/bin/mpirun,140253,,,,,/mnt/iusers01/ceas01/n71743ev/Dumux-Final/Aquifer/build-cmake/appl/1p/H2/cases/pool_051_150/chunk_0/case_063_case063_CGCO2_Q326150_CL248.5_CGR3.03_K350_Poro0.140/case063_CGCO2_Q326150_CL248.5_CGR3.03_K350_Poro0.140.json,,,,,,,,,,23822776.852085944,10692967.135424156,10740825.966228388,1787.9605129398933,1.2299092869136922e-09,0.0,0.0,-1,0.0,0.0,0.0,0.0,0.0,0.0,0,,,,,,,,,,,,,,,,,,,,,,,,,,,,,,,,,,,,,,,,,,,,,,,,,,,,,,,,,,,,,,,,,,,,,,,,,,,,,,,,,,,,,,,,,,,0.0,-154.77037773390833,0.0,-382.14908082446533,0.0,0.0,0.0,0.0,0.0,0.0,2472636127.875109,3687060609.8964643,2.3487537862547842e-21,0.0,1447573950096.1042,3.04865592196478,-1.063888980468164e-06,8.021796995049217e-29,0.0,1784.9118580818176,0.0,0.0,0.0,0.0,0.0,0.0,0.0,0.0,0.0,0.0
64,0,64,case064_CGN2_Q121104_CL233.1_CGR1.91_K100_Poro0.230,281.95,200000.0,0.23,100.0,N2,-4.573197109927904,-4.573197109927904,4.573197109927904,222.74133792111405,116.57127945208417,116.57127945208417,2554.1669269627973,43200.0,1.9107737254670039,233.14255890416834,121104.19357637613,4.573197109927904,100.0,0.23,0.2,8.8,0,11,11,143,Spilsby Sandstone Formation 1,64,pool_051_150,0,case064_CGN2_Q121104_CL233.1_CGR1.91_K100_Poro0.230,failed,/mnt/iusers01/ceas01/n71743ev/Dumux-Final/Aquifer/build-cmake/appl/1p/H2/cases/pool_051_150/chunk_0/case_064_case064_CGN2_Q121104_CL233.1_CGR1.91_K100_Poro0.230,3,2026-05-05T23:01:57,2026-05-05T23:11:57,/mnt/iusers01/ceas01/n71743ev/Dumux-Final/Aquifer/build-cmake/appl/1p/H2/appl_1p2pnc_box_H2,,,/opt/software/RI/apps/OpenMPI/4.1.8-GCC-13.2.0/bin/mpirun,144112,,,,,/mnt/iusers01/ceas01/n71743ev/Dumux-Final/Aquifer/build-cmake/appl/1p/H2/cases/pool_051_150/chunk_0/case_064_case064_CGN2_Q121104_CL233.1_CGR1.91_K100_Poro0.230/case064_CGN2_Q121104_CL233.1_CGR1.91_K100_Poro0.230.json,failed_pressure_limit,inj_pressure_exceeded,0.0,200000.0,2618199.9888183232,2618199.9888183232,,,,0.0,590791.3723150762,2623206.796194538,1893.8841945264724,7.860013334688578e-10,0.0,0.0,-1,0.0,0.0,0.0,0.0,0.0,0.0,0,,,,,,,,,,,,,,,,,,,,,,,,,,,,,,,,,,,,,,,,,,,,,,,,,,,,,,,,,,,,,,,,,,,,,,,,,,,,,,,,,,,,,,,,,,,0.0,0.0,0.0,0.0,0.0,-574.684897758703,0.0,0.0,-57.468489775870296,0.0,424048950.9064667,0.0,0.0,574.6848977587027,2409093738654.4844,0.3332387540722266,0.0,0.0,2.2737367544323206e-13,1893.5509557724,0.0,0.0,0.0,0.0,0.0,0.0,0.0,0.0,0.0,0.0
65,0,65,case065_CGCO2_Q419357_CL355.5_CGR1.86_K1.6e03_Poro0.230,368.15999999999997,34800000.0,0.23,1600.0,CO2,-15.835967768272724,-15.835967768272724,15.835967768272724,330.03894979680865,177.7266166401762,177.7266166401762,3884.5712826003323,43200.0,1.8570035036733001,355.4532332803524,419356.9749956365,15.835967768272724,1600.0,0.23,34.8,95.01,3,4,4,55,Fulmar_021_18,65,pool_051_150,0,case065_CGCO2_Q419357_CL355.5_CGR1.86_K1.6e03_Poro0.230,failed_numerical_stall,/mnt/iusers01/ceas01/n71743ev/Dumux-Final/Aquifer/build-cmake/appl/1p/H2/cases/pool_051_150/chunk_0/case_065_case065_CGCO2_Q419357_CL355.5_CGR1.86_K1.6e03_Poro0.230,1,2026-05-05T23:11:57,2026-05-06T10:55:36,/mnt/iusers01/ceas01/n71743ev/Dumux-Final/Aquifer/build-cmake/appl/1p/H2/appl_1p2pnc_box_H2,,,/opt/software/RI/apps/OpenMPI/4.1.8-GCC-13.2.0/bin/mpirun,144995,,,,,/mnt/iusers01/ceas01/n71743ev/Dumux-Final/Aquifer/build-cmake/appl/1p/H2/cases/pool_051_150/chunk_0/case_065_case065_CGCO2_Q419357_CL355.5_CGR1.86_K1.6e03_Poro0.230/case065_CGCO2_Q419357_CL355.5_CGR1.86_K1.6e03_Poro0.230.json,,,,,,,,,,31602504.31360294,35128383.39670013,35022077.56899577,8300347.821791569,3.4656291990787635e-06,0.0,0.0,0,3.4446360228614922e-09,0.9998361938018265,614288358.0049465,0.0,614288358.0049465,0.0,0,,,,,,,,,,,,,,,,,,,,,,,,,,,,,,,,,,,,,,,,,,,,,,,,,,,,,,,,,,,,,,,,,,,,,,,,,,,,,,,,,,,,,,,,,,,0.0,0.0,0.0,0.0,-1549435.7415621267,0.0,0.0,-199.00064001316136,0.0,0.0,11047713617.843979,5676180742.478827,614288358.0046744,0.0,2377709684490.886,38380.13529546675,-6.289890734478831e-06,-6.485754422410758e-08,0.0,8261967.686502457,0.0,0.0,0.0,0.0,0.0,0.0,0.0,0.0,0.0,0.0
66,0,66,case066_CGCH4_Q1452713_CL152.1_CGR1.76_K1.6e03_Poro0.230,368.15999999999997,34800000.0,0.23,1600.0,CH4,-54.85807075084749,-54.85807075084749,54.85807075084749,133.96242011114157,76.03807639081207,76.03807639081207,1654.723947927383,43200.0,1.7617807612940706,152.07615278162413,1452712.8964143656,54.85807075084749,1600.0,0.23,34.8,95.01,3,4,4,55,Fulmar_021_18,66,pool_051_150,0,case066_CGCH4_Q1452713_CL152.1_CGR1.76_K1.6e03_Poro0.230,failed_numerical_stall,/mnt/iusers01/ceas01/n71743ev/Dumux-Final/Aquifer/build-cmake/appl/1p/H2/cases/pool_051_150/chunk_0/case_066_case066_CGCH4_Q1452713_CL152.1_CGR1.76_K1.6e03_Poro0.230,1,2026-05-06T10:55:36,2026-05-06T14:25:18,/mnt/iusers01/ceas01/n71743ev/Dumux-Final/Aquifer/build-cmake/appl/1p/H2/appl_1p2pnc_box_H2,,,/opt/software/RI/apps/OpenMPI/4.1.8-GCC-13.2.0/bin/mpirun,202925,,,,,/mnt/iusers01/ceas01/n71743ev/Dumux-Final/Aquifer/build-cmake/appl/1p/H2/cases/pool_051_150/chunk_0/case_066_case066_CGCH4_Q1452713_CL152.1_CGR1.76_K1.6e03_Poro0.230/case066_CGCH4_Q1452713_CL152.1_CGR1.76_K1.6e03_Poro0.230.json,,,,,,,,,,142948299.69923714,35058918.65702344,35069067.307495914,-18833655.004494622,-8.007423392163138e-06,0.6422692235993915,0.6148914699809784,9,0.17655546407842135,0.9230693681839411,4546094151.67702,2795354515.596612,45298777781.65078,29094010835.822216,9,24701150.24067521,0.6518329469646625,0.6518329469646625,0.1200943017366476,0.6935096387877926,4526658472.308652,2950625131.907506,4526658472.308652,2950625131.907506,37827334.228619345,0.6659108611843638,0.6800029739890198,0.1465385373055066,0.9009614492576212,4522097612.929759,3075039825.460883,9048756085.238451,6025664957.368389,50956645.607435785,0.6656573338291732,0.6651502651643371,0.1381820627467461,0.9378761555815959,4524253532.518616,3009308436.8254457,13573009617.756985,9034973394.19384,64125562.208210535,0.6611444862905504,0.6476869077737111,0.1436086365521474,0.9374809325695512,4551556059.554018,2947983269.7712393,18124565677.31092,11982956663.96507,77250957.0077199,0.6573685291792563,0.6422326734253101,0.15207509755811824,0.9328099465555002,4521553572.58581,2903889438.9575467,22646119249.896656,14886846102.922607,90382875.61578317,0.6538459845513225,0.6362209140428658,0.15919119102301063,0.9297368314592579,4526050869.927159,2879568221.4695654,27172170119.82374,17766414324.392178,103526199.15925434,0.650661247081351,0.6315748139529129,0.16445853707931624,0.9274182083509468,4533913054.303741,2863505293.750569,31706083174.12739,20629919618.14277,116664407.14996152,0.647923616332853,0.6287501989843817,0.1687628559793884,0.9251616006171939,4527077600.946209,2846400942.412666,36233160775.073746,23476320560.55546,129786856.17728598,0.6453233008901323,0.6244764879573053,0.17289943959524906,0.9234023988492877,4519522854.899073,2822335759.6701465,40752683629.9733,26298656320.225628,,,,,,,,,,0.0,0.0,0.0,0.0,0.0,0.0,0.0,0.0,0.0,0.0,10137879393.541712,0.0,13482867825.141014,0.0,2328403628428.434,62837.43936943385,0.0,13042037.23113145,0.0,-31938529.674995504,1.1115312719591885,0.0,22063.23070673022,0.0,6134320.517405878,0.0,7527135.733590999,309.0430942752901,0.0,379.2122226966371
67,0,67,case067_CGCH4_Q918242_CL345.7_CGR0.64_K1.6e03_Poro0.230,380.03,50700000.0,0.23,1600.0,CH4,-34.67509586979814,-34.67509586979814,34.67509586979814,110.4232552108405,172.847239843643,172.847239843643,3567.3680520837006,43200.0,0.63884881997959,345.694479687286,918241.5324673456,34.67509586979814,1600.0,0.23,50.7,106.88,3,10,10,58,Fulmar_021_25,67,pool_051_150,0,case067_CGCH4_Q918242_CL345.7_CGR0.64_K1.6e03_Poro0.230,success,/mnt/iusers01/ceas01/n71743ev/Dumux-Final/Aquifer/build-cmake/appl/1p/H2/cases/pool_051_150/chunk_0/case_067_case067_CGCH4_Q918242_CL345.7_CGR0.64_K1.6e03_Poro0.230,0,2026-05-07T11:30:48,2026-05-07T18:31:35,/mnt/iusers01/ceas01/n71743ev/Dumux-Final/Aquifer/build-cmake/appl/1p/H2/appl_1p2pnc_box_H2,"[""case067_CGCH4_Q918242_CL345.7_CGR0.64_K1.6e03_Poro0.230.json"", ""case_summary.json""]","{""command"": ""/mnt/iusers01/ceas01/n71743ev/.conda/envs/test_env/bin/python3 /mnt/iusers01/ceas01/n71743ev/Dumux-Final/Aquifer/appl/1p/H2/vtk-merge-multi.py --input-dir /mnt/iusers01/ceas01/n71743ev/Dumux-Final/Aquifer/build-cmake/appl/1p/H2/cases/pool_051_150/chunk_0/case_067_case067_CGCH4_Q918242_CL345.7_CGR0.64_K1.6e03_Poro0.230 --num-parts 24 --simulation-name case067_CGCH4_Q918242_CL345.7_CGR0.64_K1.6e03_Poro0.230"", ""enabled"": true, ""ended_at"": ""2026-05-07T18:31:35"", ""input_dir"": ""/mnt/iusers01/ceas01/n71743ev/Dumux-Final/Aquifer/build-cmake/appl/1p/H2/cases/pool_051_150/chunk_0/case_067_case067_CGCH4_Q918242_CL345.7_CGR0.64_K1.6e03_Poro0.230"", ""num_parts"": 24, ""returncode"": 0, ""script"": ""/mnt/iusers01/ceas01/n71743ev/Dumux-Final/Aquifer/appl/1p/H2/vtk-merge-multi.py"", ""simulation_name"": ""case067_CGCH4_Q918242_CL345.7_CGR0.64_K1.6e03_Poro0.230"", ""started_at"": ""2026-05-07T17:38:56"", ""status"": ""success""}",/opt/software/RI/apps/OpenMPI/4.1.8-GCC-13.2.0/bin/mpirun,4095959,2026-05-07T17:38:56,success,,,/mnt/iusers01/ceas01/n71743ev/Dumux-Final/Aquifer/build-cmake/appl/1p/H2/cases/pool_051_150/chunk_0/case_067_case067_CGCH4_Q918242_CL345.7_CGR0.64_K1.6e03_Poro0.230/case067_CGCH4_Q918242_CL345.7_CGR0.64_K1.6e03_Poro0.230.json,,,,,,,,,,308214044.16633993,50978549.49108252,50994199.71725271,-1067212.766654372,-4.4920606391261865e-07,0.5368778673251895,0.5120808039637301,9,0.32306467599495886,0.6894458718314147,6509298327.94928,3333286721.0160313,65053026930.21096,34925530361.33978,10,39398612.138665475,0.5441435349270436,0.5441435349270436,0.4272244293519671,0.6495763532124831,6505251187.334932,3539790376.6647773,6505251187.334932,3539790376.6647773,69273989.87485355,0.5565338809774807,0.5689217146968777,0.29294025299000237,0.7350702889851798,6506570493.421828,3701729241.913656,13011821680.756672,7241519618.578436,99128904.7598837,0.5556200563088375,0.5537895873525636,0.2543285111253717,0.7309054576632064,6495889261.06509,3597355833.3731856,19507710941.821903,10838875451.95161,128982388.72504137,0.5531394820432086,0.5457109190681514,0.23177077335825635,0.7292442960979512,6514089724.458538,3554809890.42667,26021800666.281,14393685342.378292,158841554.49203274,0.551244825253991,0.5436654412178012,0.22452508477960695,0.7267229439038442,6504800530.534343,3536435250.466741,32526601196.8159,17930120592.845036,188720948.92422307,0.5488970665441009,0.537160502457061,0.24174646806859562,0.7187563132036542,6506555981.534308,3495064880.305965,39033157178.34981,21425185473.151024,218589789.08606008,0.5458513190948171,0.527566802945562,0.2673364335209253,0.7094303993625967,6501957062.654042,3430216700.43371,45535114241.003105,24855402173.584736,248449986.9455722,0.5426299062469615,0.5200676790727758,0.28057691850644645,0.7038083826576034,6501459315.718145,3381198856.911613,52036573556.720505,28236601030.496365,278328356.1972946,0.5396349770435165,0.5156850553493373,0.2935988622716275,0.6973534347518051,6507155045.542642,3355642609.827377,58543728602.26241,31592243640.323734,308214044.16633993,0.5368778673251895,0.5120808039637301,0.32306467599495886,0.6894458718314147,6509298327.94928,3333286721.0160313,65053026930.21096,34925530361.33978,0.0,0.0,0.0,0.0,0.0,0.0,0.0,0.0,0.0,0.0,15320690412.597466,0.0,12629788202.292957,0.0,2347825033761.03,-25541.00877916542,0.0,2204182.2664129185,0.0,-3245854.0242881253,1.4710056649133652,0.0,9643.22719720277,0.0,976868.8567765952,0.0,1869996.8604002523,149.0143903912833,0.0,285.2547097321218
68,0,68,case068_CGCH4_Q52477_CL140.9_CGR0.50_K50_Poro0.150,332.26374999999996,14100000.0,0.15,50.0,CH4,-1.981676985685903,-1.981676985685903,1.981676985685903,35.432701515665784,70.4503907334704,70.4503907334704,1444.4405161850736,43200.0,0.5029454222577079,140.9007814669408,52477.37797248336,1.981676985685903,50.0,0.15,14.1,59.11375,0,18,18,11,Bunter Closure 37,68,pool_051_150,0,case068_CGCH4_Q52477_CL140.9_CGR0.50_K50_Poro0.150,success,/mnt/iusers01/ceas01/n71743ev/Dumux-Final/Aquifer/build-cmake/appl/1p/H2/cases/pool_051_150/chunk_0/case_068_case068_CGCH4_Q52477_CL140.9_CGR0.50_K50_Poro0.150,0,2026-05-07T18:31:35,2026-05-07T21:51:14,/mnt/iusers01/ceas01/n71743ev/Dumux-Final/Aquifer/build-cmake/appl/1p/H2/appl_1p2pnc_box_H2,"[""case068_CGCH4_Q52477_CL140.9_CGR0.50_K50_Poro0.150.json"", ""case_summary.json""]","{""command"": ""/mnt/iusers01/ceas01/n71743ev/.conda/envs/test_env/bin/python3 /mnt/iusers01/ceas01/n71743ev/Dumux-Final/Aquifer/appl/1p/H2/vtk-merge-multi.py --input-dir /mnt/iusers01/ceas01/n71743ev/Dumux-Final/Aquifer/build-cmake/appl/1p/H2/cases/pool_051_150/chunk_0/case_068_case068_CGCH4_Q52477_CL140.9_CGR0.50_K50_Poro0.150 --num-parts 24 --simulation-name case068_CGCH4_Q52477_CL140.9_CGR0.50_K50_Poro0.150"", ""enabled"": true, ""ended_at"": ""2026-05-07T21:51:14"", ""input_dir"": ""/mnt/iusers01/ceas01/n71743ev/Dumux-Final/Aquifer/build-cmake/appl/1p/H2/cases/pool_051_150/chunk_0/case_068_case068_CGCH4_Q52477_CL140.9_CGR0.50_K50_Poro0.150"", ""num_parts"": 24, ""returncode"": 0, ""script"": ""/mnt/iusers01/ceas01/n71743ev/Dumux-Final/Aquifer/appl/1p/H2/vtk-merge-multi.py"", ""simulation_name"": ""case068_CGCH4_Q52477_CL140.9_CGR0.50_K50_Poro0.150"", ""started_at"": ""2026-05-07T20:59:34"", ""status"": ""success""}",/opt/software/RI/apps/OpenMPI/4.1.8-GCC-13.2.0/bin/mpirun,12710,2026-05-07T20:59:34,success,,,/mnt/iusers01/ceas01/n71743ev/Dumux-Final/Aquifer/build-cmake/appl/1p/H2/cases/pool_051_150/chunk_0/case_068_case068_CGCH4_Q52477_CL140.9_CGR0.50_K50_Poro0.150/case068_CGCH4_Q52477_CL140.9_CGR0.50_K50_Poro0.150.json,,,,,,,,,,124789667.48856525,14233804.419225404,14233528.132780038,-1520475.63832791,-9.693593112594927e-07,0.8453747110192664,0.8539690854676394,9,0.407765142439817,0.9785733221731329,152228594.4400867,129998513.57602501,1517128837.8996375,1282542352.9184015,10,15223684.51154776,0.8315998856612911,0.8315998856612911,0.3974913044750469,0.5211037456624702,151686031.4949861,126142086.44764543,151686031.4949861,126142086.44764543,27401998.192578033,0.829553361093292,0.8275054626800546,0.5416575276483305,0.7502659696481795,151584271.9881663,125436813.12658681,303270303.4831529,251578899.57423222,39563587.670117095,0.8318882423461909,0.8365724420027191,0.5274325947579387,0.8371325432398099,151167797.72078115,126462813.69144696,454438101.20393145,378041713.26567894,51725691.381054595,0.8350021480469286,0.8443623262843444,0.5103993304902011,0.8849999441965547,151180603.411527,127651205.98562783,605618704.6154596,505692919.25130713,63914982.81171866,0.8375194917126884,0.8475588309064314,0.4915149013958306,0.9163019365420864,151857645.26054204,128708288.28122859,757476349.8760072,634401207.532536,76062394.72578116,0.8393073470217668,0.8482233612477798,0.4703112212398293,0.9383223630801957,151890528.58178645,128837094.69534487,909366878.4577993,763238302.227881,88264461.13203116,0.8413280886675002,0.8534035687199576,0.45444582627321545,0.9533583153374166,152175773.92961812,129867348.5442576,1061542652.3874229,893105650.7721391,100416023.34794025,0.843560619355117,0.8592640150542415,0.44367656638138364,0.9641485371107711,150918093.96398246,129678487.36382487,1212460746.3514109,1022784138.1359636,112585479.98856525,0.8444161724384206,0.8512210002527985,0.42347103261344354,0.9726683488073464,152439497.108129,129759701.20641515,1364900243.4595454,1152543839.3423777,124789667.48856525,0.8453747110192664,0.8539690854676394,0.407765142439817,0.9785733221731329,152228594.4400867,129998513.57602501,1517128837.8996375,1282542352.9184015,0.0,0.0,0.0,0.0,0.0,0.0,0.0,0.0,0.0,0.0,3243936352.0935407,0.0,234586484.9843017,0.0,1565058159760.3687,2476.113861952017,0.0,243479.17819619167,0.0,-1766430.9303860536,0.33113412218270694,0.0,3309.0596498162886,0.0,121739.58909810874,0.0,123804.64315940224,12.182352763910954,0.0,12.389000553981532
69,0,69,case069_CGH2_Q338080_CL26.6_CGR2.18_K500_Poro0.230,367.69,30900000.0,0.23,500.0,H2,-12.766730491417723,-12.766730491417723,12.766730491417723,28.93934395337926,13.275236790875384,13.275236790875384,294.44407977088696,11563.622041911196,2.1799493605470346,26.55047358175077,338079.5893126176,12.766730491417723,500.0,0.23,30.9,94.54,3,17,17,86,Fulmar_030_29,69,pool_051_150,0,case069_CGH2_Q338080_CL26.6_CGR2.18_K500_Poro0.230,success,/mnt/iusers01/ceas01/n71743ev/Dumux-Final/Aquifer/build-cmake/appl/1p/H2/cases/pool_051_150/chunk_0/case_069_case069_CGH2_Q338080_CL26.6_CGR2.18_K500_Poro0.230,0,2026-05-07T21:51:14,2026-05-08T00:41:35,/mnt/iusers01/ceas01/n71743ev/Dumux-Final/Aquifer/build-cmake/appl/1p/H2/appl_1p2pnc_box_H2,"[""case069_CGH2_Q338080_CL26.6_CGR2.18_K500_Poro0.230.json"", ""case_summary.json""]","{""command"": ""/mnt/iusers01/ceas01/n71743ev/.conda/envs/test_env/bin/python3 /mnt/iusers01/ceas01/n71743ev/Dumux-Final/Aquifer/appl/1p/H2/vtk-merge-multi.py --input-dir /mnt/iusers01/ceas01/n71743ev/Dumux-Final/Aquifer/build-cmake/appl/1p/H2/cases/pool_051_150/chunk_0/case_069_case069_CGH2_Q338080_CL26.6_CGR2.18_K500_Poro0.230 --num-parts 24 --simulation-name case069_CGH2_Q338080_CL26.6_CGR2.18_K500_Poro0.230"", ""enabled"": true, ""ended_at"": ""2026-05-08T00:41:35"", ""input_dir"": ""/mnt/iusers01/ceas01/n71743ev/Dumux-Final/Aquifer/build-cmake/appl/1p/H2/cases/pool_051_150/chunk_0/case_069_case069_CGH2_Q338080_CL26.6_CGR2.18_K500_Poro0.230"", ""num_parts"": 24, ""returncode"": 0, ""script"": ""/mnt/iusers01/ceas01/n71743ev/Dumux-Final/Aquifer/appl/1p/H2/vtk-merge-multi.py"", ""simulation_name"": ""case069_CGH2_Q338080_CL26.6_CGR2.18_K500_Poro0.230"", ""started_at"": ""2026-05-07T23:47:18"", ""status"": ""success""}",/opt/software/RI/apps/OpenMPI/4.1.8-GCC-13.2.0/bin/mpirun,69852,2026-05-07T23:47:18,success,,,/mnt/iusers01/ceas01/n71743ev/Dumux-Final/Aquifer/build-cmake/appl/1p/H2/cases/pool_051_150/chunk_0/case_069_case069_CGH2_Q338080_CL26.6_CGR2.18_K500_Poro0.230/case069_CGH2_Q338080_CL26.6_CGR2.18_K500_Poro0.230.json,,,,,,,,,,25439836.67617103,31144579.80551138,31145732.705691308,-40511.08401144685,-1.6836088473100344e-08,0.8621757217316389,0.8217629168567065,9,0.2265051729794938,0.9950469306049264,183307430.10915244,150635248.44800398,1839923780.2254686,1586337613.1470988,10,4789724.146647657,0.9948794891624824,0.9948794891624824,0.0009889980802512996,0.9876228687800711,183661715.82641017,182721274.02008396,183661715.82641017,182721274.02008396,7079321.310946013,0.9715719404367185,0.9482643917109591,0.0772950080374077,0.9836954390815473,183661715.82641017,174159865.23872188,367323431.6528212,356881139.2588058,9378273.766687999,0.9373341700099695,0.8694136752868945,0.1627326596566131,0.9856786976049907,185162598.95588386,160982895.68390828,552486030.6087059,517864034.942714,11672143.437268863,0.9145045886027703,0.846084631424175,0.18850009517940236,0.9884452501179525,184347160.27660468,155973299.1567244,736833190.8853114,673837334.0994382,13970145.641662497,0.9005155155077663,0.8442374204637273,0.20466000940416887,0.9905145984118646,183154979.89142337,154626287.76862112,919988170.7767355,828463621.8680589,16256584.22401422,0.8891817339613278,0.8322521055173105,0.21151491057844074,0.9920590590835174,183154979.89142337,152431117.65061778,1103143150.6681597,980894739.5186765,18555014.710705705,0.8795645781431503,0.8222425282639274,0.2154726015771036,0.9931807122204588,185078858.69544113,152179708.70194167,1288222009.3636014,1133074448.2206175,20841931.764687058,0.8728888623306537,0.8259548324863616,0.22025380415000223,0.9939304786171488,183231741.7968292,151341142.60198432,1471453751.1604311,1284415590.8226016,23140884.220429044,0.866647467651934,0.81704823074199,0.22270183999336501,0.9945906637319115,185162598.95588386,151286773.87649354,1656616350.1163156,1435702364.6990945,25439836.67617103,0.8621757217316389,0.8217629168567065,0.2265051729794938,0.9950469306049264,183307430.10915244,150635248.44800398,1839923780.2254686,1586337613.1470988,0.0,0.0,0.0,0.0,0.0,0.0,0.0,0.0,0.0,0.0,9884748830.635769,0.0,656540375.1019822,0.0,2395663933353.703,-230.08711913627315,0.0,22945.825607214192,0.0,-63226.82249952477,0.4185836095970694,0.0,55.17603114779365,0.0,11472.912803549103,0.0,9619.35079549628,87.03730866467099,0.0,72.97557461452686
70,1,70,case070_CGH2_Q902528_CL208.0_CGR1.73_K100_Poro0.190,308.37,7300000.0,0.19,100.0,H2,-34.081705123788936,-34.081705123788936,34.081705123788936,179.58554235947955,104.02302807016348,104.02302807016348,2260.0461037627488,43200.0,1.7264017947867196,208.04605614032695,902527.7755389324,34.081705123788936,100.0,0.19,7.3,35.22,0,5,5,16,Bunter Closure 41,70,pool_051_150,1,case070_CGH2_Q902528_CL208.0_CGR1.73_K100_Poro0.190,failed,/mnt/iusers01/ceas01/n71743ev/Dumux-Final/Aquifer/build-cmake/appl/1p/H2/cases/pool_051_150/chunk_1/case_070_case070_CGH2_Q902528_CL208.0_CGR1.73_K100_Poro0.190,3,2026-05-04T16:12:46,2026-05-04T16:22:46,/mnt/iusers01/ceas01/n71743ev/Dumux-Final/Aquifer/build-cmake/appl/1p/H2/appl_1p2pnc_box_H2,,,/opt/software/RI/apps/OpenMPI/4.1.8-GCC-13.2.0/bin/mpirun,1329835,,,,,/mnt/iusers01/ceas01/n71743ev/Dumux-Final/Aquifer/build-cmake/appl/1p/H2/cases/pool_051_150/chunk_1/case_070_case070_CGH2_Q902528_CL208.0_CGR1.73_K100_Poro0.190/case070_CGH2_Q902528_CL208.0_CGR1.73_K100_Poro0.190.json,failed_pressure_limit,inj_pressure_exceeded,0.0,7300000.0,23582234.78320913,23582234.78320913,,,,0.0,8212115.490779116,23587296.459018767,12682.656420806423,6.371685439799797e-09,0.0,0.0,-1,0.0,0.0,0.0,0.0,0.0,0.0,0,,,,,,,,,,,,,,,,,,,,,,,,,,,,,,,,,,,,,,,,,,,,,,,,,,,,,,,,,,,,,,,,,,,,,,,,,,,,,,,,,,,,,,,,,,,0.0,0.0,0.0,0.0,-4282.833377548358,0.0,0.0,-428.2833377548358,0.0,0.0,2822308990.548465,0.0,4282.833377548357,0.0,1987648895739.24,17.982620337978005,0.0,9.094947017729282e-13,0.0,12664.673800468445,0.0,0.0,0.0,0.0,0.0,0.0,0.0,0.0,0.0,0.0
71,1,71,case071_CGN2_Q106652_CL237.4_CGR0.91_K1.6e03_Poro0.230,368.15999999999997,34800000.0,0.23,1600.0,N2,-4.027432759813067,-4.027432759813067,4.027432759813067,107.5688726070154,118.71789209750484,118.71789209750484,2481.926714557112,43200.0,0.9060881279686757,237.4357841950097,106651.64541047512,4.027432759813067,1600.0,0.23,34.8,95.01,3,4,4,55,Fulmar_021_18,71,pool_051_150,1,case071_CGN2_Q106652_CL237.4_CGR0.91_K1.6e03_Poro0.230,success,/mnt/iusers01/ceas01/n71743ev/Dumux-Final/Aquifer/build-cmake/appl/1p/H2/cases/pool_051_150/chunk_1/case_071_case071_CGN2_Q106652_CL237.4_CGR0.91_K1.6e03_Poro0.230,0,2026-05-04T16:22:46,2026-05-04T20:47:31,/mnt/iusers01/ceas01/n71743ev/Dumux-Final/Aquifer/build-cmake/appl/1p/H2/appl_1p2pnc_box_H2,"[""case071_CGN2_Q106652_CL237.4_CGR0.91_K1.6e03_Poro0.230.json"", ""case_summary.json""]",,/opt/software/RI/apps/OpenMPI/4.1.8-GCC-13.2.0/bin/mpirun,1330611,,,,,/mnt/iusers01/ceas01/n71743ev/Dumux-Final/Aquifer/build-cmake/appl/1p/H2/cases/pool_051_150/chunk_1/case_071_case071_CGN2_Q106652_CL237.4_CGR0.91_K1.6e03_Poro0.230/case071_CGN2_Q106652_CL237.4_CGR0.91_K1.6e03_Poro0.230.json,,,,,,,,,,214432994.41934723,35095570.06355382,35114602.1548419,-91833.85320811166,-3.838673204792906e-08,0.35378250536928835,0.34905424771888033,9,0.4244502421454149,0.6847021428444734,519372625.18184733,181289220.96862972,5191402049.665985,1836627223.5100908,10,29768329.573175915,0.3905031977613413,0.3905031977613413,0.4970982692963513,0.6677808685169032,518167601.5461445,202346105.38009396,518167601.5461445,202346105.38009396,50320439.4353881,0.37566201607354877,0.36089157908221337,0.4518879654872025,0.6905414486287834,520649424.50855976,187897992.95913976,1038817026.0546917,390244098.3392337,70804806.82309848,0.3669177284916168,0.34941577227276793,0.44999704426648623,0.6817482345304804,519011401.19653445,181350769.56745848,1557828427.2512393,571594867.9066926,91345403.13315907,0.3623198520934053,0.34851235230089445,0.4485146723163762,0.6775111774618995,518754493.2646638,180792348.7143265,2076582920.5159183,752387216.6210191,111844648.07236151,0.35957246284222705,0.3485449222266872,0.4461631499102128,0.6772857039714207,517357568.10320467,180322353.3379195,2593940488.6190963,932709569.9589382,132374552.11967054,0.3574819865167125,0.3470494722031287,0.44247258787893123,0.6785875625512214,519776059.56463873,180388007.13572985,3113716548.1836944,1113097577.094668,152854973.01087424,0.356309671161107,0.3492529997051378,0.4391678289510952,0.6800164026333877,517277550.0783639,180660736.04499322,3630994098.26202,1293758313.1396606,173370087.22189313,0.35518779274801504,0.34735753632820404,0.43462785133264115,0.6818655307148075,520229948.8701129,180705793.36366996,4151224047.132093,1474464106.50333,193888919.7668133,0.35430812868312833,0.34729652170220887,0.4294334746181961,0.6835636381983242,520805377.35193264,180873896.03813255,4672029424.484066,1655338002.5414624,214432994.41934723,0.35378250536928835,0.34905424771888033,0.4244502421454149,0.6847021428444734,519372625.18184733,181289220.96862972,5191402049.665985,1836627223.5100908,0.0,0.0,0.0,0.0,0.0,0.0,0.0,0.0,0.0,0.0,11056212399.401703,1.0531034878152517e-25,3354774826.1652966,466936504.65622723,2377455268203.1084,-1792.4266744559823,5.931935310147937e-32,160165.9784380049,39.351348803847415,-250246.75632046445,0.10989416146497578,5.418560923987459e-36,601.5296922618332,2.9659676562043546e-32,80082.98921955016,19.67567442796269,196321.85716582552,14.630454757436015,0.0035945719227732623,35.86626919339862
72,1,72,case072_CGCH4_Q34950_CL82.7_CGR0.14_K100_Poro0.230,281.95,200000.0,0.23,100.0,CH4,-1.3198153217666355,-1.3198153217666355,1.3198153217666355,5.979021939792929,41.35456241491873,41.35456241491873,833.0702702381676,32716.941522080764,0.14457949959194796,82.70912482983746,34950.42229107277,1.3198153217666355,100.0,0.23,0.2,8.8,0,11,11,143,Spilsby Sandstone Formation 1,72,pool_051_150,1,case072_CGCH4_Q34950_CL82.7_CGR0.14_K100_Poro0.230,failed,/mnt/iusers01/ceas01/n71743ev/Dumux-Final/Aquifer/build-cmake/appl/1p/H2/cases/pool_051_150/chunk_1/case_072_case072_CGCH4_Q34950_CL82.7_CGR0.14_K100_Poro0.230,3,2026-05-04T20:47:31,2026-05-04T20:57:32,/mnt/iusers01/ceas01/n71743ev/Dumux-Final/Aquifer/build-cmake/appl/1p/H2/appl_1p2pnc_box_H2,,,/opt/software/RI/apps/OpenMPI/4.1.8-GCC-13.2.0/bin/mpirun,1377254,,,,,/mnt/iusers01/ceas01/n71743ev/Dumux-Final/Aquifer/build-cmake/appl/1p/H2/cases/pool_051_150/chunk_1/case_072_case072_CGCH4_Q34950_CL82.7_CGR0.14_K100_Poro0.230/case072_CGCH4_Q34950_CL82.7_CGR0.14_K100_Poro0.230.json,failed_pressure_limit,inj_pressure_exceeded,0.0,200000.0,564678.061906095,564678.061906095,,,,0.0,511374.98045096104,590502.059235471,249.95993692942966,1.0373857293251166e-10,0.0,0.0,-1,0.0,0.0,0.0,0.0,0.0,0.0,0,,,,,,,,,,,,,,,,,,,,,,,,,,,,,,,,,,,,,,,,,,,,,,,,,,,,,,,,,,,,,,,,,,,,,,,,,,,,,,,,,,,,,,,,,,,-16.58528847582925,0.0,-165.85288475829248,0.0,0.0,0.0,0.0,0.0,0.0,0.0,424049117.04866415,0.0,0.0,0.0,2409093740298.119,0.04392607280124139,0.0,0.0,0.0,249.91601085662842,0.0,0.0,0.0,0.0,0.0,0.0,0.0,0.0,0.0,0.0
73,1,73,case073_CGH2_Q28527_CL21.5_CGR3.75_K250_Poro0.150,309.15,8100000.0,0.15,250.0,H2,-1.0772328032530913,-1.0772328032530913,1.0772328032530913,40.312097812681,10.75536700918489,10.75536700918489,255.41943799637883,10031.017928585059,3.7480913276371877,21.51073401836978,28526.52242974091,1.0772328032530913,250.0,0.15,8.1,36.0,1,15,15,131,Orrin_012_26,73,pool_051_150,1,case073_CGH2_Q28527_CL21.5_CGR3.75_K250_Poro0.150,success,/mnt/iusers01/ceas01/n71743ev/Dumux-Final/Aquifer/build-cmake/appl/1p/H2/cases/pool_051_150/chunk_1/case_073_case073_CGH2_Q28527_CL21.5_CGR3.75_K250_Poro0.150,0,2026-05-04T20:57:32,2026-05-04T23:03:56,/mnt/iusers01/ceas01/n71743ev/Dumux-Final/Aquifer/build-cmake/appl/1p/H2/appl_1p2pnc_box_H2,"[""case073_CGH2_Q28527_CL21.5_CGR3.75_K250_Poro0.150.json"", ""case_summary.json""]",,/opt/software/RI/apps/OpenMPI/4.1.8-GCC-13.2.0/bin/mpirun,1379832,,,,,/mnt/iusers01/ceas01/n71743ev/Dumux-Final/Aquifer/build-cmake/appl/1p/H2/cases/pool_051_150/chunk_1/case_073_case073_CGH2_Q28527_CL21.5_CGR3.75_K250_Poro0.150/case073_CGH2_Q28527_CL21.5_CGR3.75_K250_Poro0.150.json,,,,,,,,,,22061863.011433505,8374379.5237596985,8373941.844153975,-777924.6363387629,-4.954568684449333e-07,0.8026932184604672,0.7450781090614075,9,0.3465475298254937,0.9968008083468386,12492583.69805872,9307950.639040956,125740570.70002584,100931103.38625966,10,5340156.124481626,0.995089171030139,0.995089171030139,0.0008134091946176096,0.9896990633504299,12628372.65129849,12566356.873040292,12628372.65129849,12566356.873040292,7195894.441269927,0.9613841140256691,0.9273126977059329,0.1000620764429914,0.9884637425055828,12492583.69805872,11584531.490363993,25120956.349357214,24150888.363404293,9051632.758058228,0.9114235201568224,0.8120395431058905,0.1945959065368132,0.9912625461630349,12628372.65129849,10254737.957931349,37749329.0006557,34405626.32133564,10907371.074846528,0.8772448714537873,0.7750764376963277,0.2410658747788107,0.9933292215645299,12628372.65129849,9787954.088470163,50377701.6519542,44193580.409805804,12773140.409563415,0.8547945976867524,0.7652349034118073,0.2717247798712357,0.9946143099481951,12628372.65129849,9663671.526064709,63006074.30325269,53857251.935870506,14628878.726351716,0.8395874167164756,0.7628903300837768,0.29540362641526297,0.9953795387344949,12492583.69805872,9530471.301011227,75498658.0013114,63387723.23688172,16484617.043140016,0.8262010309702323,0.7461705957561248,0.30949936008895657,0.9959937484899254,12628372.65129849,9422920.344649747,88127030.6526099,72810643.58153157,18350386.377856903,0.8163640090178403,0.7477164042102895,0.3246448793511438,0.9963555575686345,12628372.65129849,9442441.389856467,100755403.3039084,82253084.97138801,20206124.694645204,0.8090488420392599,0.7500504301033186,0.33715733178969126,0.9966033930493595,12492583.69805872,9370067.77583065,113247987.00196712,91623152.74721865,22061863.011433505,0.8026932184604672,0.7450781090614075,0.3465475298254937,0.9968008083468386,12492583.69805872,9307950.639040956,125740570.70002584,100931103.38625966,0.0,0.0,0.0,0.0,0.0,0.0,0.0,0.0,0.0,0.0,2406939060.990838,0.0,71977705.89643322,0.0,1567636840797.233,-1246.6230615327704,0.0,78618.07848813197,0.0,-855296.0917653622,0.016557055187136367,0.0,105.57492747468783,0.0,39309.03924404795,0.0,46902.54313568456,6.164739561607125,0.0,7.355610026829141
74,1,74,case074_CGCH4_Q14981_CL137.6_CGR0.79_K271_Poro0.220,322.38,11500000.0,0.22,271.0,CH4,-0.5657379539924048,-0.5657379539924048,0.5657379539924048,54.32528767989265,68.7915762367765,68.7915762367765,1430.1568124154228,43200.0,0.7897084301849436,137.583152473553,14981.475113999462,0.5657379539924048,271.0,0.22,11.5,49.23,1,12,12,9,Bunter Closure 35,74,pool_051_150,1,case074_CGCH4_Q14981_CL137.6_CGR0.79_K271_Poro0.220,success,/mnt/iusers01/ceas01/n71743ev/Dumux-Final/Aquifer/build-cmake/appl/1p/H2/cases/pool_051_150/chunk_1/case_074_case074_CGCH4_Q14981_CL137.6_CGR0.79_K271_Poro0.220,0,2026-05-04T23:03:56,2026-05-05T01:41:01,/mnt/iusers01/ceas01/n71743ev/Dumux-Final/Aquifer/build-cmake/appl/1p/H2/appl_1p2pnc_box_H2,"[""case074_CGCH4_Q14981_CL137.6_CGR0.79_K271_Poro0.220.json"", ""case_summary.json""]",,/opt/software/RI/apps/OpenMPI/4.1.8-GCC-13.2.0/bin/mpirun,1406327,,,,,/mnt/iusers01/ceas01/n71743ev/Dumux-Final/Aquifer/build-cmake/appl/1p/H2/cases/pool_051_150/chunk_1/case_074_case074_CGCH4_Q14981_CL137.6_CGR0.79_K271_Poro0.220/case074_CGCH4_Q14981_CL137.6_CGR0.79_K271_Poro0.220.json,,,,,,,,,,123542472.83082084,11793645.09374036,11792228.155345837,-442415.4343869941,-1.9221805432166017e-07,0.47195716570762486,0.46137717885070495,9,0.4987454309838998,0.994269306159585,42382640.72732881,19554383.211017955,422346215.02034056,199329322.58834302,10,16579278.690195847,0.5115625402693127,0.5115625402693127,0.5801558431527213,0.8364758363094579,42165096.97963419,21570084.12160359,42165096.97963419,21570084.12160359,28452522.830820847,0.4956386628966797,0.4796626476883075,0.5556372850733544,0.970288260134707,42027490.895049624,20159017.55841574,84192587.8746835,41729101.680019334,40330122.83082084,0.4884627865484238,0.4740981229261142,0.5458258180200434,0.9877759820904876,42058457.88762702,19939835.937690992,126251045.76230963,61668937.61771033,52214472.83082084,0.48275588921989093,0.46576835851571935,0.5385557778262781,0.9916135674453084,42413566.06401089,19754897.04443237,168664611.8263196,81423834.66214265,64094472.83082084,0.47906904104699505,0.4643969770775692,0.5307093488385896,0.9928288292130325,42382640.72732881,19682370.234336168,211047252.5536475,101106204.89647888,75974472.83082084,0.47645076029085565,0.4634128525410117,0.5232239167168065,0.9933857862270331,42382640.72732881,19640660.437672302,253429893.28097537,120746865.33415112,87897672.83082084,0.47480391032610914,0.4649564585474486,0.5181620092784069,0.993677254553907,42382640.72732881,19706082.536467664,295812534.0083059,140452947.8706188,99777672.83082084,0.473880866748149,0.46739139593777673,0.514253710190449,0.993880165873477,42075520.14234816,19665736.09414015,337888054.15065724,160118683.96475896,111657672.83082084,0.4731372993104118,0.46716607058132537,0.5096558161539203,0.9940520957502367,42075520.14234816,19656255.4125662,379963574.29300857,179774939.3773251,123542472.83082084,0.47195716570762486,0.46137717885070495,0.4987454309838998,0.994269306159585,42382640.72732881,19554383.211017955,422346215.02034056,199329322.58834302,0.0,0.0,0.0,0.0,0.0,0.0,0.0,0.0,0.0,0.0,4227300386.7901278,0.0,223016892.43164834,0.0,2297182773058.122,-1072.6038784625816,0.0,96116.19534962339,0.0,-537459.025858155,0.007233596747039347,0.0,166.9207560104435,0.0,48058.09767482477,0.0,115826.86779380732,2.0826223611625734,0.0,5.019416842568224
75,1,75,case075_CGCH4_Q65191_CL361.5_CGR2.62_K100_Poro0.190,308.37,7300000.0,0.19,100.0,CH4,-2.461762300525843,-2.461762300525843,2.461762300525843,473.44922840637275,180.7362743185234,180.7362743185234,4088.174714776841,43200.0,2.6195584156613854,361.4725486370468,65190.66006026727,2.461762300525843,100.0,0.19,7.3,35.22,0,5,5,16,Bunter Closure 41,75,pool_051_150,1,case075_CGCH4_Q65191_CL361.5_CGR2.62_K100_Poro0.190,failed,/mnt/iusers01/ceas01/n71743ev/Dumux-Final/Aquifer/build-cmake/appl/1p/H2/cases/pool_051_150/chunk_1/case_075_case075_CGCH4_Q65191_CL361.5_CGR2.62_K100_Poro0.190,3,2026-05-05T01:41:01,2026-05-05T01:51:01,/mnt/iusers01/ceas01/n71743ev/Dumux-Final/Aquifer/build-cmake/appl/1p/H2/appl_1p2pnc_box_H2,,,/opt/software/RI/apps/OpenMPI/4.1.8-GCC-13.2.0/bin/mpirun,1413473,,,,,/mnt/iusers01/ceas01/n71743ev/Dumux-Final/Aquifer/build-cmake/appl/1p/H2/cases/pool_051_150/chunk_1/case_075_case075_CGCH4_Q65191_CL361.5_CGR2.62_K100_Poro0.190/case075_CGCH4_Q65191_CL361.5_CGR2.62_K100_Poro0.190.json,failed_pressure_limit,inj_pressure_exceeded,41.25,7300000.0,11045129.889809702,11045129.889809702,,,,41.25,7736465.960914077,11050224.603615947,7982.90783236215,4.010561829784746e-09,0.0,0.0,-1,0.0,0.0,0.0,0.0,0.0,0.0,0,,,,,,,,,,,,,,,,,,,,,,,,,,,,,,,,,,,,,,,,,,,,,,,,,,,,,,,,,,,,,,,,,,,,,,,,,,,,,,,,,,,,,,,,,,,-30.93541743286519,0.0,-870.0586152993335,0.0,0.0,0.0,0.0,0.0,0.0,0.0,2822311132.020626,0.0,0.0,0.0,1987648892447.6052,11.318359591458602,0.0,0.0,0.0,7971.589472770691,0.0,0.0,0.0,0.0,0.0,0.0,0.0,0.0,0.0,0.0
76,1,76,case076_CGN2_Q569538_CL60.3_CGR0.98_K500_Poro0.230,367.69,30900000.0,0.23,500.0,N2,-21.507171598054097,-21.507171598054097,21.507171598054097,29.61294258819262,30.128830011283483,30.128830011283483,632.1895428138622,24827.807499598952,0.9828772832234887,60.25766002256697,569537.8112692246,21.507171598054097,500.0,0.23,30.9,94.54,3,17,17,86,Fulmar_030_29,76,pool_051_150,1,case076_CGN2_Q569538_CL60.3_CGR0.98_K500_Poro0.230,success,/mnt/iusers01/ceas01/n71743ev/Dumux-Final/Aquifer/build-cmake/appl/1p/H2/cases/pool_051_150/chunk_1/case_076_case076_CGN2_Q569538_CL60.3_CGR0.98_K500_Poro0.230,0,2026-05-05T01:51:01,2026-05-05T04:17:16,/mnt/iusers01/ceas01/n71743ev/Dumux-Final/Aquifer/build-cmake/appl/1p/H2/appl_1p2pnc_box_H2,"[""case076_CGN2_Q569538_CL60.3_CGR0.98_K500_Poro0.230.json"", ""case_summary.json""]",,/opt/software/RI/apps/OpenMPI/4.1.8-GCC-13.2.0/bin/mpirun,1414249,,,,,/mnt/iusers01/ceas01/n71743ev/Dumux-Final/Aquifer/build-cmake/appl/1p/H2/cases/pool_051_150/chunk_1/case_076_case076_CGN2_Q569538_CL60.3_CGR0.98_K500_Poro0.230/case076_CGN2_Q569538_CL60.3_CGR0.98_K500_Poro0.230.json,,,,,,,,,,54605587.81100021,31114196.392692555,31114406.43696933,-7520193.377522398,-3.1335156987442088e-06,0.7943746155317211,0.8025421829588465,9,0.2452476157194229,0.9872808899566288,699363075.7960194,561268369.5301507,7038921303.805334,5591540404.468403,10,7755569.758597726,0.8034627516851277,0.8034627516851277,0.016414417566851584,0.4929648849494916,704564622.6500987,566091430.4544419,704564622.6500987,566091430.4544419,12946605.932864169,0.7994240006263593,0.7953883834312169,0.2526857748839225,0.7038799330185277,705111753.1968237,560837697.5135728,1409676375.8469226,1126929127.9680142,18154926.41640819,0.790145687522031,0.7717183423514438,0.3477187029869494,0.8326692009902609,709783133.1535501,547752662.9462718,2119459509.0004725,1674681790.9142845,23380899.60703619,0.7880448698652447,0.7817545031474697,0.36057254308493025,0.8970606600638483,707843939.6497332,553360187.3468248,2827303448.6502056,2228041978.261109,28583172.303763427,0.7889291136369537,0.7924932543994028,0.3529848410079289,0.9341978663115353,701438476.1513369,555885260.7261308,3528741924.801543,2783927238.9872394,33775314.14500194,0.7906480143088901,0.7993292123219723,0.33439193059265854,0.956516279629114,698700439.3276114,558491671.8167557,4227442364.129154,3342418910.8039956,38988915.512020744,0.791616837415524,0.7974303823867781,0.30389222814398514,0.9703371184989118,704500242.8949693,561789898.0833135,4931942607.024123,3904208808.887311,44190646.61970687,0.792892960898192,0.8018674919872195,0.2798265409671875,0.9787121837411812,701292102.4574636,562343339.3480105,5633234709.481587,4466552148.235322,49410994.18597017,0.7934735913795384,0.7981043699039845,0.2585556344326478,0.9840004135549786,706323518.527727,563719886.7029369,6339558228.009315,5030272034.938253,54605587.81100021,0.7943746155317211,0.8025421829588465,0.2452476157194229,0.9872808899566288,699363075.7960194,561268369.5301507,7038921303.805334,5591540404.468403,0.0,0.0,0.0,0.0,0.0,0.0,0.0,0.0,0.0,0.0,9842552839.56887,-5.784109288567337e-28,1447380899.3416238,425633964.7959154,2388206468919.9487,-51243.08712896312,-3.1326055700782396e-31,4389229.959925983,44595.897724092705,-11902776.148043511,0.4591308614241728,-1.0047688254687582e-35,7157.247803852171,-1.5663027850400944e-31,2194614.9799631736,22297.94886195969,1989039.1848269724,140.78253175788706,1.430392903746268,127.59503364470969
77,1,77,case077_CGN2_Q794474_CL226.7_CGR0.56_K100_Poro0.210,330.03215,13500000.0,0.21,100.0,N2,-30.001325072305256,-30.001325072305256,30.001325072305256,63.85067406661944,113.36485259883774,113.36485259883774,2331.1477260433744,43200.0,0.563231659574125,226.7297051976755,794474.017141483,30.001325072305256,100.0,0.21,13.5,56.88215,0,3,3,14,Bunter Closure 4,77,pool_051_150,1,case077_CGN2_Q794474_CL226.7_CGR0.56_K100_Poro0.210,failed,/mnt/iusers01/ceas01/n71743ev/Dumux-Final/Aquifer/build-cmake/appl/1p/H2/cases/pool_051_150/chunk_1/case_077_case077_CGN2_Q794474_CL226.7_CGR0.56_K100_Poro0.210,3,2026-05-05T04:17:16,2026-05-05T04:27:16,/mnt/iusers01/ceas01/n71743ev/Dumux-Final/Aquifer/build-cmake/appl/1p/H2/appl_1p2pnc_box_H2,,,/opt/software/RI/apps/OpenMPI/4.1.8-GCC-13.2.0/bin/mpirun,1420795,,,,,/mnt/iusers01/ceas01/n71743ev/Dumux-Final/Aquifer/build-cmake/appl/1p/H2/cases/pool_051_150/chunk_1/case_077_case077_CGN2_Q794474_CL226.7_CGR0.56_K100_Poro0.210/case077_CGN2_Q794474_CL226.7_CGR0.56_K100_Poro0.210.json,failed_pressure_limit,inj_pressure_exceeded,0.0,13500000.0,29895247.889738247,29895247.889738247,,,,0.0,14416463.438320613,29900309.821278,12772.638610314581,5.8057593519062834e-09,0.0,0.0,-1,0.0,0.0,0.0,0.0,0.0,0.0,0,,,,,,,,,,,,,,,,,,,,,,,,,,,,,,,,,,,,,,,,,,,,,,,,,,,,,,,,,,,,,,,,,,,,,,,,,,,,,,,,,,,,,,,,,,,0.0,0.0,0.0,0.0,0.0,-3770.0776978045383,0.0,0.0,-377.0077697804538,0.0,4394194221.326821,0.0,0.0,3770.0776978045337,2195600296461.8955,25.51137013360858,0.0,0.0,4.547473508864641e-12,12747.12724018097,0.0,0.0,0.0,0.0,0.0,0.0,0.0,0.0,0.0,0.0
78,1,78,case078_CGN2_Q126297_CL160.9_CGR3.50_K250_Poro0.150,309.15,8100000.0,0.15,250.0,N2,-4.7692974644006405,-4.7692974644006405,4.7692974644006405,281.51782998927996,80.42766931861985,80.42766931861985,1890.071216361677,43200.0,3.5002609471875576,160.8553386372397,126297.1854194145,4.7692974644006405,250.0,0.15,8.1,36.0,1,15,15,131,Orrin_012_26,78,pool_051_150,1,case078_CGN2_Q126297_CL160.9_CGR3.50_K250_Poro0.150,failed,/mnt/iusers01/ceas01/n71743ev/Dumux-Final/Aquifer/build-cmake/appl/1p/H2/cases/pool_051_150/chunk_1/case_078_case078_CGN2_Q126297_CL160.9_CGR3.50_K250_Poro0.150,3,2026-05-05T04:27:16,2026-05-05T04:37:16,/mnt/iusers01/ceas01/n71743ev/Dumux-Final/Aquifer/build-cmake/appl/1p/H2/appl_1p2pnc_box_H2,,,/opt/software/RI/apps/OpenMPI/4.1.8-GCC-13.2.0/bin/mpirun,1421604,,,,,/mnt/iusers01/ceas01/n71743ev/Dumux-Final/Aquifer/build-cmake/appl/1p/H2/cases/pool_051_150/chunk_1/case_078_case078_CGN2_Q126297_CL160.9_CGR3.50_K250_Poro0.150/case078_CGN2_Q126297_CL160.9_CGR3.50_K250_Poro0.150.json,failed_pressure_limit,inj_pressure_exceeded,41.25,8100000.0,12240591.974192234,12240591.974192234,,,,41.25,8529544.322119761,12245977.307248097,18924.207988469854,1.2042708224036895e-08,0.0,0.0,-1,0.0,0.0,0.0,0.0,0.0,0.0,0,,,,,,,,,,,,,,,,,,,,,,,,,,,,,,,,,,,,,,,,,,,,,,,,,,,,,,,,,,,,,,,,,,,,,,,,,,,,,,,,,,,,,,,,,,,0.0,0.0,0.0,0.0,0.0,-1685.6088611563664,0.0,0.0,-59.93275950778192,0.0,2409261721.7851186,0.0,0.0,4157.835190852556,1569015336993.1526,29.012244909070432,0.0,0.0,-9.094947017729282e-12,18895.19574356079,0.0,0.0,0.0,0.0,0.0,0.0,0.0,0.0,0.0,0.0
79,1,79,case079_CGCO2_Q1217958_CL205.6_CGR3.91_K307_Poro0.180,373.62,41400000.0,0.18,306.6,CO2,-45.99312441987991,-45.99312441987991,45.99312441987991,402.1293094589966,102.81673928882408,102.81673928882408,2458.464095235478,43200.0,3.9111268480258743,205.63347857764816,1217957.6145615336,45.99312441987991,306.6,0.18,41.4,100.47,1,6,6,61,Fulmar_021_30,79,pool_051_150,1,case079_CGCO2_Q1217958_CL205.6_CGR3.91_K307_Poro0.180,success,/mnt/iusers01/ceas01/n71743ev/Dumux-Final/Aquifer/build-cmake/appl/1p/H2/cases/pool_051_150/chunk_1/case_079_case079_CGCO2_Q1217958_CL205.6_CGR3.91_K307_Poro0.180,0,2026-05-05T04:37:16,2026-05-05T08:59:25,/mnt/iusers01/ceas01/n71743ev/Dumux-Final/Aquifer/build-cmake/appl/1p/H2/appl_1p2pnc_box_H2,"[""case079_CGCO2_Q1217958_CL205.6_CGR3.91_K307_Poro0.180.json"", ""case_summary.json""]",,/opt/software/RI/apps/OpenMPI/4.1.8-GCC-13.2.0/bin/mpirun,1422376,,,,,/mnt/iusers01/ceas01/n71743ev/Dumux-Final/Aquifer/build-cmake/appl/1p/H2/cases/pool_051_150/chunk_1/case_079_case079_CGCO2_Q1217958_CL205.6_CGR3.91_K307_Poro0.180/case079_CGCO2_Q1217958_CL205.6_CGR3.91_K307_Poro0.180.json,,,,,,,,,,212389132.97349444,41425885.09460731,41427155.943822764,-19653988.979435578,-1.0723790393853388e-05,0.8391858233080437,0.8553380427776403,9,0.04833237756611873,0.8489119328028153,5114048853.861021,4374240537.33072,51329552335.49835,43075032636.6985,10,52492954.393210314,0.7886498962725841,0.7886498962725841,1.1048155650026689e-12,0.376207604584011,5133037386.868817,4048169402.717389,5133037386.868817,4048169402.717389,70249673.14321032,0.7987725686553289,0.8088873612784202,5.14617692090081e-12,0.4605405558651511,5137036193.608943,4155283651.440078,10270073580.477776,8203453054.157463,88044153.22133532,0.8069611908340091,0.8233454045984454,4.707021511692138e-11,0.5038115101563472,5132852482.695367,4226110504.108952,15402926063.173162,12429563558.26641,105793633.29946032,0.8127076852371056,0.8299520593373821,9.70493723904826e-10,0.5417799377457968,5132852482.695367,4260021488.2880144,20535778545.868294,16689585046.554434,123555713.37758532,0.8191530313738663,0.8449399016106255,2.9414369411502095e-08,0.5895185149794806,5132852482.695367,4336951871.710478,25668631028.563286,21026536918.2649,141335793.45571032,0.827671288780829,0.8702698257780425,0.00225187767618539,0.6605163252077159,5132852482.695367,4466966635.85969,30801483511.258278,25493503554.12459,159090202.65981188,0.832986707237675,0.8648660480904174,0.01453551708774847,0.7126406745323575,5135701353.109531,4441693733.43645,35937184864.36744,29935197287.561043,176848488.58891955,0.8355683540351384,0.8536256070638334,0.024851824150409593,0.7651754293611713,5137941970.863319,4385878833.93695,41075126835.23039,34321076121.498005,194641587.00253,0.8373984741883075,0.8520223865172564,0.04110226336393536,0.811194027053601,5140376646.407664,4379715977.869829,46215503481.63769,38700792099.36781,212389132.97349444,0.8391858233080437,0.8553380427776403,0.04833237756611873,0.8489119328028153,5114048853.861021,4374240537.33072,51329552335.49835,43075032636.6985,0.0,0.0,0.0,0.0,0.0,0.0,0.0,0.0,0.0,0.0,10149713421.281158,13487101214.437508,8254519698.7538395,0.0,1800855134740.5625,-190391.69313718018,2478735.9859132646,13897833.3694336,0.0,-35840166.64164527,1.451607161516872,55.91590837383719,32174.662035488105,1239367.9929600018,6948916.68471826,0.0,4590087.503503011,313.51058833796634,0.0,207.08854329922377
80,1,80,case080_CGCO2_Q1458066_CL291.4_CGR2.87_K1.6e03_Poro0.230,380.03,50700000.0,0.23,1600.0,CO2,-55.06020291556754,-55.06020291556754,55.06020291556754,418.226066586934,145.71631720199787,145.71631720199787,3332.5524106268913,43200.0,2.870138874064269,291.43263440399573,1458065.6184195308,55.06020291556754,1600.0,0.23,50.7,106.88,3,10,10,58,Fulmar_021_25,80,pool_051_150,1,case080_CGCO2_Q1458066_CL291.4_CGR2.87_K1.6e03_Poro0.230,success,/mnt/iusers01/ceas01/n71743ev/Dumux-Final/Aquifer/build-cmake/appl/1p/H2/cases/pool_051_150/chunk_1/case_080_case080_CGCO2_Q1458066_CL291.4_CGR2.87_K1.6e03_Poro0.230,0,2026-05-05T08:59:25,2026-05-06T00:18:55,/mnt/iusers01/ceas01/n71743ev/Dumux-Final/Aquifer/build-cmake/appl/1p/H2/appl_1p2pnc_box_H2,"[""case080_CGCO2_Q1458066_CL291.4_CGR2.87_K1.6e03_Poro0.230.json"", ""case_summary.json""]",,/opt/software/RI/apps/OpenMPI/4.1.8-GCC-13.2.0/bin/mpirun,1433798,,,,,/mnt/iusers01/ceas01/n71743ev/Dumux-Final/Aquifer/build-cmake/appl/1p/H2/cases/pool_051_150/chunk_1/case_080_case080_CGCO2_Q1458066_CL291.4_CGR2.87_K1.6e03_Poro0.230/case080_CGCO2_Q1458066_CL291.4_CGR2.87_K1.6e03_Poro0.230.json,,,,,,,,,,287900768.44265044,50960012.214665264,50968481.17907112,-24987842.1583803,-1.0712105517998187e-05,0.6701156993464498,0.7075387255858108,9,0.0839511369737828,0.844713695205275,8710246545.352175,6162836740.236689,87110745236.06682,58374277964.45734,10,61310775.816030666,0.5042857798623743,0.5042857798623743,7.194511707896436e-09,0.27182612647467586,8718349555.40756,4396539704.661486,8718349555.40756,4396539704.661486,86475127.22839145,0.5570289060340055,0.6098060313424578,0.0903436907067749,0.44267112507816264,8712733176.009398,5313077240.208058,17431082731.417137,9709616944.869532,111650680.28186636,0.5794156955406325,0.624250149241868,0.1902119784310308,0.6083416997800631,8703707701.69888,5433290831.743121,26134790433.116127,15142907776.61265,136822450.82926401,0.6005078622301309,0.6636927777959007,0.22270495486482084,0.7275963942961001,8724223990.402641,5790204454.3039665,34859014423.51886,20933112230.916607,162014532.50929275,0.6204738378597825,0.7001951053708907,0.18065767106575648,0.7893259695087311,8730345793.312103,6112945392.672481,43589360216.83011,27046057623.589096,187203071.1119342,0.6375897389203211,0.7233437310970159,0.12488127039089666,0.8226085138331455,8700133461.141151,6293186998.823835,52289493677.970375,33339244622.412914,212361089.36519468,0.6501588216172677,0.7256253526611868,0.10128085393553214,0.8364826974478468,8708906599.096132,6319403422.262467,60998400277.06562,39658648044.6754,237563938.7618254,0.6594387885426932,0.7244285531275125,0.09402953625596751,0.839669146988026,8710035198.474861,6309798196.52085,69708435475.53958,45968446241.19632,262740813.59036893,0.6659580244532772,0.7182408627820118,0.0881291550767968,0.8425914644737371,8692063215.176828,6242994983.024393,78400498690.71553,52211441224.220665,287900768.44265044,0.6701156993464498,0.7075387255858108,0.0839511369737828,0.844713695205275,8710246545.352175,6162836740.236689,87110745236.06682,58374277964.45734,0.0,0.0,0.0,0.0,0.0,0.0,0.0,0.0,0.0,0.0,13307810053.578697,11452828689.471313,22603933856.195744,0.0,2285308692838.2925,-394133.8561821516,1678171.2801450773,25821887.990913462,0.0,-52093767.57325669,0.27230811318455295,11.014688279921218,8648.460883595622,349824.6879972197,12223627.649579326,0.0,9392749.042061614,384.87691929568,0.0,295.74300025005545
81,1,81,case081_CGN2_Q422091_CL236.8_CGR0.07_K100_Poro0.140,285.4271,700000.0,0.14,100.0,N2,-15.939217391661014,-15.939217391661014,15.939217391661014,8.650464026806825,118.40528844693429,118.40528844693429,2376.7562329654925,43200.0,0.0730580883697919,236.81057689386859,422091.15899797453,15.939217391661014,100.0,0.14,0.7,12.2771,0,16,16,25,Bunter Sandstone Formation Zone 4,81,pool_051_150,1,case081_CGN2_Q422091_CL236.8_CGR0.07_K100_Poro0.140,failed,/mnt/iusers01/ceas01/n71743ev/Dumux-Final/Aquifer/build-cmake/appl/1p/H2/cases/pool_051_150/chunk_1/case_081_case081_CGN2_Q422091_CL236.8_CGR0.07_K100_Poro0.140,3,2026-05-06T00:18:56,2026-05-06T00:28:56,/mnt/iusers01/ceas01/n71743ev/Dumux-Final/Aquifer/build-cmake/appl/1p/H2/appl_1p2pnc_box_H2,,,/opt/software/RI/apps/OpenMPI/4.1.8-GCC-13.2.0/bin/mpirun,1545947,,,,,/mnt/iusers01/ceas01/n71743ev/Dumux-Final/Aquifer/build-cmake/appl/1p/H2/cases/pool_051_150/chunk_1/case_081_case081_CGN2_Q422091_CL236.8_CGR0.07_K100_Poro0.140/case081_CGN2_Q422091_CL236.8_CGR0.07_K100_Poro0.140.json,failed_pressure_limit,inj_pressure_exceeded,0.0,700000.0,11568304.115429891,11568304.115429891,,,,0.0,1408003.309367484,11573363.725394204,8458.470745517654,5.767153578879723e-09,0.0,0.0,-1,0.0,0.0,0.0,0.0,0.0,0.0,0,,,,,,,,,,,,,,,,,,,,,,,,,,,,,,,,,,,,,,,,,,,,,,,,,,,,,,,,,,,,,,,,,,,,,,,,,,,,,,,,,,,,,,,,,,,0.0,0.0,0.0,0.0,0.0,-2002.9811304645161,0.0,0.0,-200.29811304645162,0.0,467698036.57624114,0.0,0.0,2002.981130464502,1466195295808.8596,2.6971821326296777,0.0,0.0,1.4097167877480388e-11,8455.77356338501,0.0,0.0,0.0,0.0,0.0,0.0,0.0,0.0,0.0,0.0
82,1,82,case082_CGH2_Q99627_CL29.9_CGR3.65_K100_Poro0.160,314.27,8900000.0,0.16,100.0,H2,-3.762165400390144,-3.762165400390144,3.762165400390144,54.41334044315238,14.928187379184937,14.928187379184937,352.9770880268511,13862.37291159997,3.6450065276527424,29.856374758369874,99627.0215263858,3.762165400390144,100.0,0.16,8.9,41.12,0,9,9,17,Bunter Closure 42,82,pool_051_150,1,case082_CGH2_Q99627_CL29.9_CGR3.65_K100_Poro0.160,failed,/mnt/iusers01/ceas01/n71743ev/Dumux-Final/Aquifer/build-cmake/appl/1p/H2/cases/pool_051_150/chunk_1/case_082_case082_CGH2_Q99627_CL29.9_CGR3.65_K100_Poro0.160,3,2026-05-06T00:28:56,2026-05-06T00:38:56,/mnt/iusers01/ceas01/n71743ev/Dumux-Final/Aquifer/build-cmake/appl/1p/H2/appl_1p2pnc_box_H2,,,/opt/software/RI/apps/OpenMPI/4.1.8-GCC-13.2.0/bin/mpirun,1546738,,,,,/mnt/iusers01/ceas01/n71743ev/Dumux-Final/Aquifer/build-cmake/appl/1p/H2/cases/pool_051_150/chunk_1/case_082_case082_CGH2_Q99627_CL29.9_CGR3.65_K100_Poro0.160/case082_CGH2_Q99627_CL29.9_CGR3.65_K100_Poro0.160.json,failed_pressure_limit,inj_pressure_exceeded,22.5,8900000.0,14285054.043015605,14285054.043015605,,,,22.5,9396995.847516805,14290153.033139713,7670.321228481832,4.576055380636024e-09,0.0,0.0,-1,0.0,0.0,0.0,0.0,0.0,0.0,0,,,,,,,,,,,,,,,,,,,,,,,,,,,,,,,,,,,,,,,,,,,,,,,,,,,,,,,,,,,,,,,,,,,,,,,,,,,,,,,,,,,,,,,,,,,0.0,0.0,0.0,0.0,-886.4393387591535,0.0,0.0,-47.27676473382152,0.0,0.0,2634529282.496584,0.0,1950.1665452701402,0.0,1673551745039.1372,12.05529449135065,0.0,2.5011104298755527e-12,0.0,7658.2659339904785,0.0,0.0,0.0,0.0,0.0,0.0,0.0,0.0,0.0,0.0
83,1,83,case083_CGCO2_Q637239_CL356.1_CGR3.07_K271_Poro0.220,322.38,11500000.0,0.22,271.0,CO2,-24.063731144800272,-24.063731144800272,24.063731144800272,545.7620597188676,178.05917221002142,178.05917221002142,4106.945503919296,43200.0,3.0650600749459813,356.11834442004283,637238.8254167566,24.063731144800272,271.0,0.22,11.5,49.23,1,12,12,9,Bunter Closure 35,83,pool_051_150,1,case083_CGCO2_Q637239_CL356.1_CGR3.07_K271_Poro0.220,failed,/mnt/iusers01/ceas01/n71743ev/Dumux-Final/Aquifer/build-cmake/appl/1p/H2/cases/pool_051_150/chunk_1/case_083_case083_CGCO2_Q637239_CL356.1_CGR3.07_K271_Poro0.220,3,2026-05-06T00:38:56,2026-05-06T00:48:56,/mnt/iusers01/ceas01/n71743ev/Dumux-Final/Aquifer/build-cmake/appl/1p/H2/appl_1p2pnc_box_H2,,,/opt/software/RI/apps/OpenMPI/4.1.8-GCC-13.2.0/bin/mpirun,1547514,,,,,/mnt/iusers01/ceas01/n71743ev/Dumux-Final/Aquifer/build-cmake/appl/1p/H2/cases/pool_051_150/chunk_1/case_083_case083_CGCO2_Q637239_CL356.1_CGR3.07_K271_Poro0.220/case083_CGCO2_Q637239_CL356.1_CGR3.07_K271_Poro0.220.json,failed_pressure_limit,inj_pressure_exceeded,154.79166666666669,11500000.0,17391011.514987484,17391011.514987484,,,,154.79166666666669,11945737.545634536,17396782.386231005,65178.39980594899,2.8279956008062845e-08,0.0,0.0,-1,0.0,0.0,0.0,0.0,0.0,0.0,0,,,,,,,,,,,,,,,,,,,,,,,,,,,,,,,,,,,,,,,,,,,,,,,,,,,,,,,,,,,,,,,,,,,,,,,,,,,,,,,,,,,,,,,,,,,0.0,-302.39376392985776,0.0,-24097.00306316054,0.0,0.0,0.0,0.0,0.0,0.0,4202147761.276806,70905.03777157264,9.45284108845825e-34,0.0,2300553834962.839,118.83104801364243,-7.551716407760978e-08,4.5962527804382723e-35,0.0,65059.568758010864,0.0,0.0,0.0,0.0,0.0,0.0,0.0,0.0,0.0,0.0
84,1,84,case084_CGCO2_Q32591_CL27.2_CGR3.06_K50_Poro0.150,332.26374999999996,14100000.0,0.15,50.0,CO2,-1.2307021081153824,-1.2307021081153824,1.2307021081153824,41.58955867081645,13.582008313404073,13.582008313404073,313.2297249388979,12301.385561236717,3.062106701096019,27.164016626808145,32590.588761744646,1.2307021081153824,50.0,0.15,14.1,59.11375,0,18,18,11,Bunter Closure 37,84,pool_051_150,1,case084_CGCO2_Q32591_CL27.2_CGR3.06_K50_Poro0.150,success,/mnt/iusers01/ceas01/n71743ev/Dumux-Final/Aquifer/build-cmake/appl/1p/H2/cases/pool_051_150/chunk_1/case_084_case084_CGCO2_Q32591_CL27.2_CGR3.06_K50_Poro0.150,0,2026-05-06T00:48:56,2026-05-06T03:15:28,/mnt/iusers01/ceas01/n71743ev/Dumux-Final/Aquifer/build-cmake/appl/1p/H2/appl_1p2pnc_box_H2,"[""case084_CGCO2_Q32591_CL27.2_CGR3.06_K50_Poro0.150.json"", ""case_summary.json""]",,/opt/software/RI/apps/OpenMPI/4.1.8-GCC-13.2.0/bin/mpirun,1548302,,,,,/mnt/iusers01/ceas01/n71743ev/Dumux-Final/Aquifer/build-cmake/appl/1p/H2/cases/pool_051_150/chunk_1/case_084_case084_CGCO2_Q32591_CL27.2_CGR3.06_K50_Poro0.150/case084_CGCO2_Q32591_CL27.2_CGR3.06_K50_Poro0.150.json,,,,,,,,,,27061971.768665843,14263567.995374897,14262422.257635217,-89751.86900957375,-5.713329520950488e-08,0.8511642533186298,0.8865774597499468,9,0.2868511191672716,0.850406992928571,18025862.664745003,15981323.531111032,181067174.57700095,154117906.449347,10,5931266.720852339,0.7030972537490856,0.7030972537490856,0.003758451432392806,0.36217168544148326,18263670.87931947,12841136.838626668,18263670.87931947,12841136.838626668,8279293.689853472,0.7463982144179917,0.7897556300551714,0.03887045780321408,0.5263692335929608,18239890.057862025,14405055.86478388,36503560.93718139,27246192.703410544,10626808.101122886,0.7742779773529286,0.8300981114031037,0.07423373462115931,0.6217693312477015,18231963.11737621,15134318.150905034,54735524.054557785,42380510.85431557,12977910.416514328,0.7970199480137717,0.8658037007133483,0.10289282752045734,0.6776423668994819,18097205.129117344,15668627.173358385,72832729.18367529,58049138.027674,15325424.827783743,0.8138944193702785,0.8820150884491865,0.14094207883232068,0.7201461374744675,18041716.545716632,15913066.214845408,90874445.72939211,73962204.24251948,17672939.239053022,0.8261436684975648,0.8878419953847504,0.1911278030296541,0.7557846233220279,18041716.545716632,16018193.618115121,108916162.27510893,89980397.86063457,20020453.650322087,0.8350532669164632,0.8888396826790675,0.23447179677139857,0.7862222265554852,18041716.545716632,16036193.609480454,126957878.82082576,106016591.470115,22367968.061591152,0.8418321705770445,0.8895346842096434,0.2644162203267922,0.8113739029466818,18041716.545716632,16048732.630093943,144999595.36654174,122065324.100209,24715482.472860217,0.8472489659097934,0.8907832454469274,0.28207940437742757,0.8319057695825698,18041716.545716632,16071258.81802699,163041311.91225716,138136582.91823596,27061971.768665843,0.8511642533186298,0.8865774597499468,0.2868511191672716,0.850406992928571,18025862.664745003,15981323.531111032,181067174.57700095,154117906.449347,0.0,0.0,0.0,0.0,0.0,0.0,0.0,0.0,0.0,0.0,3222539717.9607544,34506728.47698223,26949268.23821568,0.0,1567636580115.201,260.83149193288403,3643.1757780276885,22913.307408771954,0.0,-116569.18368830628,0.2384538763342585,1.6921925969249785,256.68750354149955,1821.5878890020583,11456.653704395136,0.0,3113.1123322015255,10.642837878512418,0.0,2.891974454679372
85,1,85,case085_CGCH4_Q37635_CL311.8_CGR1.88_K1.6e03_Poro0.230,368.15999999999997,34800000.0,0.23,1600.0,CH4,-1.4211968063179,-1.4211968063179,1.4211968063179,292.93886956617257,155.88838436403822,155.88838436403822,3410.706556846937,43200.0,1.879157775361167,311.77676872807643,37635.13555294008,1.4211968063179,1600.0,0.23,34.8,95.01,3,4,4,55,Fulmar_021_18,85,pool_051_150,1,case085_CGCH4_Q37635_CL311.8_CGR1.88_K1.6e03_Poro0.230,failed_numerical_stall,/mnt/iusers01/ceas01/n71743ev/Dumux-Final/Aquifer/build-cmake/appl/1p/H2/cases/pool_051_150/chunk_1/case_085_case085_CGCH4_Q37635_CL311.8_CGR1.88_K1.6e03_Poro0.230,1,2026-05-06T03:15:28,2026-05-06T08:28:08,/mnt/iusers01/ceas01/n71743ev/Dumux-Final/Aquifer/build-cmake/appl/1p/H2/appl_1p2pnc_box_H2,,,/opt/software/RI/apps/OpenMPI/4.1.8-GCC-13.2.0/bin/mpirun,1554820,,,,,/mnt/iusers01/ceas01/n71743ev/Dumux-Final/Aquifer/build-cmake/appl/1p/H2/cases/pool_051_150/chunk_1/case_085_case085_CGCH4_Q37635_CL311.8_CGR1.88_K1.6e03_Poro0.230/case085_CGCH4_Q37635_CL311.8_CGR1.88_K1.6e03_Poro0.230.json,,,,,,,,,,294642059.0493009,35098278.90036342,35037771.90231121,275255.45135327533,1.1470389940386491e-07,0.25119995042376203,0.24454124027416704,9,0.4778035449636427,0.6177925003885136,240421135.7868733,58792882.73344593,2404839182.2490163,604095483.3580734,9,52233972.30095871,0.2914073122369311,0.2914073122369311,0.4070676799485759,0.5873172130577256,239943076.36699995,69921166.97396816,239943076.36699995,69921166.97396816,79153101.46762538,0.2826618173714175,0.27393110092700784,0.4572304989201792,0.606145774141006,240349226.29120764,65839128.16490504,480292302.6582129,135760295.13887334,106101754.55894302,0.27272158418969183,0.25291702775504715,0.47392878573716013,0.5952207641849016,241066620.1772173,60969853.06617668,721358922.8354368,196730148.20505,133027010.71669093,0.265132994096398,0.2423857461927482,0.4809079081285451,0.5947204943465725,240648767.65412307,58329831.118209906,962007690.4895664,255059979.32325968,159957443.52919093,0.2599430101418794,0.23923412800472071,0.48235405215604016,0.5992868822104378,241094832.86927238,57678112.10792425,1203102523.3588257,312738091.43118393,186933537.3063177,0.256657777625762,0.24023392811232863,0.4823540390217603,0.601725109180037,240654392.67065236,57813350.06875761,1443756916.029448,370551441.499942,213855508.42719445,0.2544945678051716,0.24147509242764414,0.48165457248660204,0.605658629721381,239882871.52477777,57925738.5732544,1683639787.554196,428477180.073196,240798015.93406656,0.2529263926582855,0.241953851237475,0.48019217782005574,0.6099782675105291,240622657.04020622,58219578.56587203,1924262444.594372,486696758.6390684,267745903.43406656,0.2519395924996778,0.24403279178061457,0.4791439263962292,0.6132640003387279,240155601.86783117,58605841.98556062,2164418046.462173,545302600.6246285,,,,,,,,,,0.0,0.0,0.0,0.0,0.0,0.0,0.0,0.0,0.0,0.0,11544502198.503788,0.0,1800743698.892005,0.0,2386359147622.121,-2109.9316153491122,0.0,211260.73328226403,0.0,66104.6496863605,0.04378590903321257,0.0,1882.2451127169447,0.0,105630.36664219439,0.0,660212.7621388675,2.457236623270515,0.0,15.358263251830635
86,1,86,case086_CGCO2_Q22729_CL239.6_CGR0.44_K271_Poro0.220,322.38,11500000.0,0.22,271.0,CO2,-0.8583215735548145,-0.8583215735548145,0.8583215735548145,52.57776761200772,119.81335378402149,119.81335378402149,2448.8448432924374,43200.0,0.43883061404645846,239.62670756804297,22729.46901171306,0.8583215735548145,271.0,0.22,11.5,49.23,1,12,12,9,Bunter Closure 35,86,pool_051_150,1,case086_CGCO2_Q22729_CL239.6_CGR0.44_K271_Poro0.220,success,/mnt/iusers01/ceas01/n71743ev/Dumux-Final/Aquifer/build-cmake/appl/1p/H2/cases/pool_051_150/chunk_1/case_086_case086_CGCO2_Q22729_CL239.6_CGR0.44_K271_Poro0.220,0,2026-05-06T08:28:08,2026-05-06T12:28:49,/mnt/iusers01/ceas01/n71743ev/Dumux-Final/Aquifer/build-cmake/appl/1p/H2/appl_1p2pnc_box_H2,"[""case086_CGCO2_Q22729_CL239.6_CGR0.44_K271_Poro0.220.json"", ""case_summary.json""]",,/opt/software/RI/apps/OpenMPI/4.1.8-GCC-13.2.0/bin/mpirun,1568483,,,,,/mnt/iusers01/ceas01/n71743ev/Dumux-Final/Aquifer/build-cmake/appl/1p/H2/cases/pool_051_150/chunk_1/case_086_case086_CGCO2_Q22729_CL239.6_CGR0.44_K271_Poro0.220/case086_CGCO2_Q22729_CL239.6_CGR0.44_K271_Poro0.220.json,,,,,,,,,,211569844.99103665,11790783.092590557,11794563.002043866,-312145.1416848338,-1.3587338756187464e-07,0.48294212325656166,0.47102838004092,9,0.36606333828561705,0.9870769900970254,111764397.28974849,52644203.00164002,1117796455.703121,539830993.6859244,10,25207707.869824525,0.5259755588842824,0.5259755588842824,0.7724414319653011,0.8083869292829692,111829113.21174604,58819380.3210818,111829113.21174604,58819380.3210818,45911195.36982453,0.5066426928813229,0.4873297349838438,0.7248705581109841,0.9337995493095704,111944388.44780414,54553829.15519685,223773501.65955204,113373209.47627863,66617849.53649119,0.49949151613882525,0.4852008868589133,0.653045193958282,0.9647796104885857,111978544.07330285,54332088.893536456,335752045.7328532,167705298.36981502,87330394.99103665,0.49486929313600525,0.4810180621864505,0.5527189489145611,0.9756038701977674,112042087.4277743,53894267.77783286,447794133.16062295,221599566.14764768,108058144.99103665,0.49190454196970296,0.4800234192917204,0.4460343922581359,0.9803470375895047,111740128.81899942,53637878.70779341,559534261.9796207,275237444.8554411,128742694.99103665,0.48977186319177396,0.4790478398069154,0.4098536318885707,0.9829843590528496,111274174.18061715,53305652.76752309,670808436.1602473,328543097.6229645,149427244.99103665,0.48753770262666524,0.4741253880835664,0.38899612954169865,0.9846853355896038,111740128.81899942,52978831.94081581,782548564.9792563,381521929.56378025,170153044.99103665,0.48586037842792473,0.47411137857002505,0.3780041465009362,0.9856861840649745,111719096.14435022,52967294.68559505,894267661.1236161,434489224.2493753,190839844.99103665,0.4842656718640084,0.4715058436569086,0.37047531933790395,0.9865108336968058,111764397.28974849,52697566.43490877,1006032058.4133742,487186790.684284,211569844.99103665,0.48294212325656166,0.47102838004092,0.36606333828561705,0.9870769900970254,111764397.28974849,52644203.00164002,1117796455.703121,539830993.6859244,0.0,0.0,0.0,0.0,0.0,0.0,0.0,0.0,0.0,0.0,4186784190.6071157,41074360.04703563,577965462.022358,0.0,2292517789433.612,-872.7221403158919,335.1035311991724,66983.48752111598,0.0,-378591.010596833,0.005032636514448062,0.01618940630151956,52.08511775827994,167.55176560645444,33491.74376060312,0.0,77917.86208001633,3.2360831622648054,0.0,7.528681794508973
87,1,87,case087_CGCH4_Q752582_CL157.0_CGR1.02_K307_Poro0.180,359.45,29100000.0,0.18,306.6,CH4,-28.419373321978433,-28.419373321978433,28.419373321978433,80.28860836765135,78.49507252945266,78.49507252945266,1650.1900589567044,43200.0,1.022849024536231,156.9901450589053,752581.8820782107,28.419373321978433,306.6,0.18,29.1,86.3,1,8,8,59,Fulmar_021_28,87,pool_051_150,1,case087_CGCH4_Q752582_CL157.0_CGR1.02_K307_Poro0.180,success,/mnt/iusers01/ceas01/n71743ev/Dumux-Final/Aquifer/build-cmake/appl/1p/H2/cases/pool_051_150/chunk_1/case_087_case087_CGCH4_Q752582_CL157.0_CGR1.02_K307_Poro0.180,0,2026-05-06T12:28:49,2026-05-06T15:58:20,/mnt/iusers01/ceas01/n71743ev/Dumux-Final/Aquifer/build-cmake/appl/1p/H2/appl_1p2pnc_box_H2,"[""case087_CGCH4_Q752582_CL157.0_CGR1.02_K307_Poro0.180.json"", ""case_summary.json""]",,/opt/software/RI/apps/OpenMPI/4.1.8-GCC-13.2.0/bin/mpirun,1579619,,,,,/mnt/iusers01/ceas01/n71743ev/Dumux-Final/Aquifer/build-cmake/appl/1p/H2/cases/pool_051_150/chunk_1/case_087_case087_CGCH4_Q752582_CL157.0_CGR1.02_K307_Poro0.180/case087_CGCH4_Q752582_CL157.0_CGR1.02_K307_Poro0.180.json,,,,,,,,,,142550142.38645154,29249853.32897103,29252551.055947255,-17478696.95913698,-9.444350580991226e-06,0.7884623520587493,0.7846576590245057,9,0.21389757002235496,0.9940772887570091,2422895410.435293,1901143440.813376,24209284419.699837,19088109335.215767,10,20480597.70760364,0.8107986963332334,0.8107986963332334,0.031193316544107154,0.47137797368491136,2422187509.5351906,1963906475.005774,2422187509.5351906,1963906475.005774,34057877.063558765,0.7961037426851588,0.7814085276413828,0.23699615638200944,0.7377349019359353,2422144424.1231537,1892684308.1888585,4844331933.658336,3856590783.1946335,47587945.087546624,0.7899811137513819,0.7776729358732134,0.2798937475637561,0.8775140395768983,2409783735.2844706,1874023592.2381928,7254115668.942852,5730614375.432825,61162353.46784643,0.7885798120306696,0.7843890446256034,0.26789188762139954,0.9397209429211983,2425618934.804867,1902628918.8973634,9679734603.747766,7633243294.330182,74731211.19054255,0.7887361124199059,0.7893603587540847,0.24790375642672902,0.9677194543937722,2423636637.4591813,1913122685.634323,12103371241.206997,9546365979.964499,88283198.95468913,0.7891589242641738,0.7912756613317474,0.2351740733265955,0.981097436219336,2417611896.528977,1912997452.2694664,14520983137.736021,11459363432.233965,101842895.53836635,0.7892140890554088,0.7895450503050351,0.2268506979860284,0.9876978139713326,2420364934.74264,1910987154.1579206,16941348072.478706,13370350586.391888,115412064.93617259,0.7890059078150773,0.7875507767807819,0.22117164540161638,0.9910790007353072,2423747945.485659,1908824577.188055,19365096017.96414,15279175163.579935,128983360.18356842,0.7888854774002947,0.7879222951029394,0.21760097577156232,0.9929196005717288,2421292991.3008947,1907790730.8224626,21786389009.26479,17186965894.402386,142550142.38645154,0.7884623520587493,0.7846576590245057,0.21389757002235496,0.9940772887570091,2422895410.435293,1901143440.813376,24209284419.699837,19088109335.215767,0.0,0.0,0.0,0.0,0.0,0.0,0.0,0.0,0.0,0.0,8714573922.313454,0.0,5121175084.481609,0.0,1836868204562.7173,-93106.61324086634,0.0,9905218.03930396,0.0,-27290808.385200076,0.8542580155578821,0.0,22448.796441539067,0.0,4952609.019650547,0.0,4409814.330890127,188.464711860102,0.0,167.80940791615285
88,1,88,case088_CGCH4_Q170613_CL306.6_CGR0.42_K100_Poro0.210,330.03215,13500000.0,0.21,100.0,CH4,-6.442765758080877,-6.442765758080877,6.442765758080877,64.65377192956996,153.30889836531992,153.30889836531992,3130.831739235968,43200.0,0.42172223934129655,306.61779673063984,170612.79730104934,6.442765758080877,100.0,0.21,13.5,56.88215,0,3,3,14,Bunter Closure 4,88,pool_051_150,1,case088_CGCH4_Q170613_CL306.6_CGR0.42_K100_Poro0.210,failed,/mnt/iusers01/ceas01/n71743ev/Dumux-Final/Aquifer/build-cmake/appl/1p/H2/cases/pool_051_150/chunk_1/case_088_case088_CGCH4_Q170613_CL306.6_CGR0.42_K100_Poro0.210,3,2026-05-06T15:58:20,2026-05-06T16:08:20,/mnt/iusers01/ceas01/n71743ev/Dumux-Final/Aquifer/build-cmake/appl/1p/H2/appl_1p2pnc_box_H2,,,/opt/software/RI/apps/OpenMPI/4.1.8-GCC-13.2.0/bin/mpirun,1595668,,,,,/mnt/iusers01/ceas01/n71743ev/Dumux-Final/Aquifer/build-cmake/appl/1p/H2/cases/pool_051_150/chunk_1/case_088_case088_CGCH4_Q170613_CL306.6_CGR0.42_K100_Poro0.210/case088_CGCH4_Q170613_CL306.6_CGR0.42_K100_Poro0.210.json,failed_pressure_limit,inj_pressure_exceeded,69.375,13500000.0,20607724.97684032,20607724.97684032,,,,69.375,14036305.811077269,20613013.903856684,20672.123145689042,9.396443267167343e-09,0.0,0.0,-1,0.0,0.0,0.0,0.0,0.0,0.0,0,,,,,,,,,,,,,,,,,,,,,,,,,,,,,,,,,,,,,,,,,,,,,,,,,,,,,,,,,,,,,,,,,,,,,,,,,,,,,,,,,,,,,,,,,,,-80.96218229754702,0.0,-3415.592065677765,0.0,0.0,0.0,0.0,0.0,0.0,0.0,4394203177.368408,0.0,0.0,0.0,2195600258335.6074,41.28868256953638,0.0,0.0,0.0,20630.834463119507,0.0,0.0,0.0,0.0,0.0,0.0,0.0,0.0,0.0,0.0
89,1,89,case089_CGCO2_Q1086808_CL251.2_CGR2.70_K100_Poro0.190,308.37,7300000.0,0.19,100.0,CO2,-41.04059072322147,-41.04059072322147,41.04059072322147,338.58951111712116,125.59746298765347,125.59746298765347,2850.5387708701905,43200.0,2.6958308158693085,251.19492597530694,1086808.0959476058,41.04059072322147,100.0,0.19,7.3,35.22,0,5,5,16,Bunter Closure 41,89,pool_051_150,1,case089_CGCO2_Q1086808_CL251.2_CGR2.70_K100_Poro0.190,skipped_existing_case_dir,/mnt/iusers01/ceas01/n71743ev/Dumux-Final/Aquifer/build-cmake/appl/1p/H2/cases/pool_051_150/chunk_1/case_089_case089_CGCO2_Q1086808_CL251.2_CGR2.70_K100_Poro0.190,,,,/mnt/iusers01/ceas01/n71743ev/Dumux-Final/Aquifer/build-cmake/appl/1p/H2/appl_1p2pnc_box_H2,"[""case089_CGCO2_Q1086808_CL251.2_CGR2.70_K100_Poro0.190.json""]",,/opt/software/RI/apps/OpenMPI/4.1.8-GCC-13.2.0/bin/mpirun,,,skipped,case_directory_already_exists,2026-05-07T11:30:49,/mnt/iusers01/ceas01/n71743ev/Dumux-Final/Aquifer/build-cmake/appl/1p/H2/cases/pool_051_150/chunk_1/case_089_case089_CGCO2_Q1086808_CL251.2_CGR2.70_K100_Poro0.190/case089_CGCO2_Q1086808_CL251.2_CGR2.70_K100_Poro0.190.json,failed_pressure_limit,inj_pressure_exceeded,0.0,7300000.0,13761171.943437094,13761171.943437094,,,,0.0,7848437.140818321,0.0,5157.312824662729,2.5910009547222125e-09,0.0,0.0,-1,0.0,0.0,0.0,0.0,0.0,0.0,0,,,,,,,,,,,,,,,,,,,,,,,,,,,,,,,,,,,,,,,,,,,,,,,,,,,,,,,,,,,,,,,,,,,,,,,,,,,,,,,,,,,,,,,,,,,0.0,-515.731273260232,0.0,-5157.3127326023205,0.0,0.0,0.0,0.0,0.0,0.0,2822309001.218726,5157.312732602366,0.0,0.0,1987648903253.9133,7.312359269708395,-4.547473508864641e-11,0.0,0.0,5150.000465393066,0.0,0.0,0.0,0.0,0.0,0.0,0.0,0.0,0.0,0.0
90,2,90,case090_CGCH4_Q70540_CL201.3_CGR1.89_K1.6e03_Poro0.230,354.44,29700000.0,0.23,1600.0,CH4,-2.6637608910490824,-2.6637608910490824,2.6637608910490824,189.9949776261806,100.65570084370151,100.65570084370151,2203.108994500211,43200.0,1.8875729445389824,201.31140168740302,70539.84484737722,2.6637608910490824,1600.0,0.23,29.7,81.29,3,14,14,54,Fulmar_021_16,90,pool_051_150,2,case090_CGCH4_Q70540_CL201.3_CGR1.89_K1.6e03_Poro0.230,failed_numerical_stall,/mnt/iusers01/ceas01/n71743ev/Dumux-Final/Aquifer/build-cmake/appl/1p/H2/cases/pool_051_150/chunk_2/case_090_case090_CGCH4_Q70540_CL201.3_CGR1.89_K1.6e03_Poro0.230,1,2026-05-04T16:36:01,2026-05-04T20:24:15,/mnt/iusers01/ceas01/n71743ev/Dumux-Final/Aquifer/build-cmake/appl/1p/H2/appl_1p2pnc_box_H2,,,/opt/software/RI/apps/OpenMPI/4.1.8-GCC-13.2.0/bin/mpirun,1281016,,,,,/mnt/iusers01/ceas01/n71743ev/Dumux-Final/Aquifer/build-cmake/appl/1p/H2/cases/pool_051_150/chunk_2/case_090_case090_CGCH4_Q70540_CL201.3_CGR1.89_K1.6e03_Poro0.230/case090_CGCH4_Q70540_CL201.3_CGR1.89_K1.6e03_Poro0.230.json,,,,,,,,,,190314329.35976106,29996587.77883404,30018153.028113652,-413590.08911264455,-1.7253034839570742e-07,0.3238089353537171,0.3184683692386361,9,0.45166405068296206,0.719810052520783,290973540.64105606,92665868.97954912,2911431364.3600473,942747490.4488468,9,33781501.09612718,0.3598026588292875,0.3598026588292875,0.41317769895332224,0.6562273503113624,290801811.8052053,104631265.07988696,290801811.8052053,104631265.07988696,51165287.36567538,0.3430494337365864,0.32631920146544957,0.4406775694149502,0.7086567460152149,291201468.7890535,95024630.76080997,582003280.5942618,199655895.8406971,68553970.00118932,0.3354947922301487,0.32040645656602096,0.4521056126880007,0.7086759989989951,291405641.96990716,93368249.1669245,873408922.5641625,293024145.00762177,85983685.26123549,0.33176006739242414,0.3205576775056987,0.45402356456342546,0.7089644238469369,291182687.7635695,93340846.11935686,1164591610.3277254,386364991.1269779,103341372.27001904,0.32939489291141777,0.31990193162100455,0.453966157476158,0.7119543163003517,290158389.2820697,92822229.20737347,1454749999.6097887,479187220.33435136,120740180.22064286,0.3275192705359843,0.31816220627432884,0.4530725008938928,0.7140272292031699,291604457.7265399,92777517.62970519,1746354457.336322,571964737.9640568,138161202.29887086,0.3262575033958826,0.3187010596898473,0.45281497812813837,0.7153018441643216,291604457.7265399,92934649.68773155,2037958915.0628555,664899387.6517888,155555227.23497468,0.3252748935364883,0.31839836819492023,0.45259904596167255,0.7171395125019953,291210811.2027141,92721047.08766316,2329169726.265593,757620434.7394524,172923876.84892732,0.3244019475432208,0.31742178117890385,0.45208984778447486,0.7191722094920436,291288097.4533169,92461186.72984599,2620457823.7189507,850081621.4692976,,,,,,,,,,0.0,0.0,0.0,0.0,0.0,0.0,0.0,0.0,0.0,0.0,9783926960.554495,0.0,1968683873.910879,0.0,2385449347884.4375,-5876.50903835974,0.0,598672.8788750926,0.0,-1006386.4589493773,0.06701790122980453,0.0,2297.8940519905905,0.0,299336.43943452736,0.0,846107.6822669007,8.730123965082907,0.0,24.676664718645686
91,2,91,case091_CGCH4_Q10142_CL283.8_CGR0.63_K330_Poro0.140,333.58,17300000.0,0.14,330.0,CH4,-0.3829943238153768,-0.3829943238153768,0.3829943238153768,89.23147881875266,141.89606920109338,141.89606920109338,2927.1528628406204,43200.0,0.6288509563453438,283.79213840218677,10142.186661777603,0.3829943238153768,330.0,0.14,17.3,60.43,2,13,13,129,Nansen_210_25,91,pool_051_150,2,case091_CGCH4_Q10142_CL283.8_CGR0.63_K330_Poro0.140,success,/mnt/iusers01/ceas01/n71743ev/Dumux-Final/Aquifer/build-cmake/appl/1p/H2/cases/pool_051_150/chunk_2/case_091_case091_CGCH4_Q10142_CL283.8_CGR0.63_K330_Poro0.140,0,2026-05-04T20:24:15,2026-05-05T00:33:28,/mnt/iusers01/ceas01/n71743ev/Dumux-Final/Aquifer/build-cmake/appl/1p/H2/appl_1p2pnc_box_H2,"[""case091_CGCH4_Q10142_CL283.8_CGR0.63_K330_Poro0.140.json"", ""case_summary.json""]",,/opt/software/RI/apps/OpenMPI/4.1.8-GCC-13.2.0/bin/mpirun,1293215,,,,,/mnt/iusers01/ceas01/n71743ev/Dumux-Final/Aquifer/build-cmake/appl/1p/H2/cases/pool_051_150/chunk_2/case_091_case091_CGCH4_Q10142_CL283.8_CGR0.63_K330_Poro0.140/case091_CGCH4_Q10142_CL283.8_CGR0.63_K330_Poro0.140.json,,,,,,,,,,252867602.4481541,17597013.348078188,17622914.318540625,-162895.73139194673,-1.1134518605334706e-07,0.3062388284352779,0.30677573349569004,9,0.50629703104435,0.929953732075838,58991173.38038512,18097060.48353907,590042489.2421685,180693920.63255677,10,32223551.837802514,0.3233060213035821,0.3233060213035821,0.5061065850670359,0.8657511708657114,59047877.10316917,19090534.21264851,59047877.10316917,19090534.21264851,56733913.29613584,0.3138417491479981,0.30435641816162257,0.5145768943841257,0.9167377054743383,58916782.125599824,17931700.77735627,117964659.22877023,37022234.990004785,81257587.31957334,0.30995021977343284,0.30216696623578004,0.5158199035892649,0.9226085040436707,58980853.48614028,17822065.56390404,176945512.71490896,54844300.55390879,105767815.68057595,0.3079930120062759,0.30212313689954257,0.514656601460158,0.9249248109994744,58999403.82935709,17825084.960128248,235944916.54426333,72669385.51403706,130273817.68252908,0.30714066674832863,0.30372605096439315,0.5131316346958475,0.9262398264373027,58895800.721992694,17888188.971676696,294840717.2662571,90557574.48571366,154787253.0340916,0.30639454612579387,0.3026747518830168,0.5113450498136392,0.927609755219384,59139491.36859677,17900030.87647784,353980208.63485956,108457605.36219162,179315088.3856541,0.3061963483171406,0.3050072457126263,0.5101200737218973,0.9279429213934407,59000881.32844849,17995696.308607593,412981089.9633137,126453301.67079918,203841123.7372166,0.3061571885702697,0.3058830467353475,0.508932939880155,0.9285305155290045,58992218.20093922,18044719.43697971,471973308.16425854,144498021.1077789,228384984.18643534,0.3061791870059766,0.306354932175481,0.5075885427438808,0.9290191471093485,59078007.6975288,18098839.04123898,531051315.86179304,162596860.1490179,252867602.4481541,0.3062388284352779,0.30677573349569004,0.50629703104435,0.929953732075838,58991173.38038512,18097060.48353907,590042489.2421685,180693920.63255677,0.0,0.0,0.0,0.0,0.0,0.0,0.0,0.0,0.0,0.0,3595305381.831296,0.0,409348568.60817397,0.0,1458974906871.3555,-1046.9135346695411,0.0,81650.89472835026,0.0,-243499.71258562745,0.0032862089989239692,0.0,126.20653217438584,0.0,40825.44736411407,0.0,143885.32206517513,1.063027009787985,0.0,3.746535397473003
92,2,92,case092_CGN2_Q496555_CL212.3_CGR2.94_K100_Poro0.140,330.71,13700000.0,0.14,100.0,N2,-18.751152464344656,-18.751152464344656,18.751152464344656,311.7799072639155,106.15591129080521,106.15591129080521,2434.8981330800198,43200.0,2.936999960462123,212.31182258161041,496554.8484434202,18.751152464344656,100.0,0.14,13.7,57.56,0,1,1,22,Bunter Closure 7,92,pool_051_150,2,case092_CGN2_Q496555_CL212.3_CGR2.94_K100_Poro0.140,failed,/mnt/iusers01/ceas01/n71743ev/Dumux-Final/Aquifer/build-cmake/appl/1p/H2/cases/pool_051_150/chunk_2/case_092_case092_CGN2_Q496555_CL212.3_CGR2.94_K100_Poro0.140,3,2026-05-05T00:33:28,2026-05-05T00:43:28,/mnt/iusers01/ceas01/n71743ev/Dumux-Final/Aquifer/build-cmake/appl/1p/H2/appl_1p2pnc_box_H2,,,/opt/software/RI/apps/OpenMPI/4.1.8-GCC-13.2.0/bin/mpirun,1304756,,,,,/mnt/iusers01/ceas01/n71743ev/Dumux-Final/Aquifer/build-cmake/appl/1p/H2/cases/pool_051_150/chunk_2/case_092_case092_CGN2_Q496555_CL212.3_CGR2.94_K100_Poro0.140/case092_CGN2_Q496555_CL212.3_CGR2.94_K100_Poro0.140.json,failed_pressure_limit,inj_pressure_exceeded,0.0,13700000.0,26598234.41754717,26598234.41754717,,,,0.0,14480841.389625212,26603311.49550336,9965.23959173821,6.7944985506438604e-09,0.0,0.0,-1,0.0,0.0,0.0,0.0,0.0,0.0,0,,,,,,,,,,,,,,,,,,,,,,,,,,,,,,,,,,,,,,,,,,,,,,,,,,,,,,,,,,,,,,,,,,,,,,,,,,,,,,,,,,,,,,,,,,,0.0,0.0,0.0,0.0,0.0,-2356.339313133093,0.0,0.0,-235.63393131330932,0.0,2957017553.7215815,0.0,0.0,2356.339313133094,1463705974784.946,20.091186663135886,0.0,0.0,-9.094947017729282e-13,9945.148405075073,0.0,0.0,0.0,0.0,0.0,0.0,0.0,0.0,0.0,0.0
93,2,93,case093_CGCO2_Q23474_CL288.5_CGR1.61_K100_Poro0.210,330.03215,13500000.0,0.21,100.0,CO2,-0.8864294058857364,-0.8864294058857364,0.8864294058857364,231.7055763873687,144.22574025323348,144.22574025323348,3116.220381452038,43200.0,1.606548012723228,288.45148050646696,23473.800884097618,0.8864294058857364,100.0,0.21,13.5,56.88215,0,3,3,14,Bunter Closure 4,93,pool_051_150,2,case093_CGCO2_Q23474_CL288.5_CGR1.61_K100_Poro0.210,success,/mnt/iusers01/ceas01/n71743ev/Dumux-Final/Aquifer/build-cmake/appl/1p/H2/cases/pool_051_150/chunk_2/case_093_case093_CGCO2_Q23474_CL288.5_CGR1.61_K100_Poro0.210,0,2026-05-05T00:43:28,2026-05-05T05:03:36,/mnt/iusers01/ceas01/n71743ev/Dumux-Final/Aquifer/build-cmake/appl/1p/H2/appl_1p2pnc_box_H2,"[""case093_CGCO2_Q23474_CL288.5_CGR1.61_K100_Poro0.210.json"", ""case_summary.json""]",,/opt/software/RI/apps/OpenMPI/4.1.8-GCC-13.2.0/bin/mpirun,1305539,,,,,/mnt/iusers01/ceas01/n71743ev/Dumux-Final/Aquifer/build-cmake/appl/1p/H2/cases/pool_051_150/chunk_2/case_093_case093_CGCO2_Q23474_CL288.5_CGR1.61_K100_Poro0.210/case093_CGCO2_Q23474_CL288.5_CGR1.61_K100_Poro0.210.json,,,,,,,,,,269208231.19383335,13770875.37991941,13773567.574134467,-1424049.0801460168,-6.488363986968212e-07,0.7000941942095549,0.6942123854107041,9,0.37899681877517705,0.9756232282764405,138978791.2225631,96480798.17611174,1388689815.3052073,972213677.2531147,10,44922110.703776486,0.7372988190550287,0.7372988190550287,0.4530523920425203,0.5092115535389877,138589476.16726103,102181857.1115766,138589476.16726103,102181857.1115766,69841754.84440148,0.7191920059137956,0.7011380766409762,0.5490374718226438,0.7391993588051309,138995434.75446725,97454991.78562346,277584910.9217283,199636848.89720005,94761398.98502648,0.7115821151620833,0.6963845595720769,0.5547096706830884,0.8379211135188253,138995434.75446725,96794274.61401902,416580345.6761957,296431123.51121914,119681043.12565148,0.7072638724528502,0.6943217564495059,0.5324610737125121,0.8920950170396161,138995434.75446725,96507554.3971844,555575780.4306607,392938677.9084035,144620202.50065148,0.7049654108908453,0.6957608062702558,0.5031087690914794,0.9239686835208232,138731605.40284744,96524013.63025211,694307385.8334912,489462691.53865576,169516161.87565148,0.7032820803244455,0.6948575483537482,0.470672232273789,0.9440859639987252,138731605.40284744,96398703.20940219,833038991.2363217,585861394.7480578,194466943.69383332,0.7023093109238182,0.696473587207483,0.4418855870596344,0.9568618791394085,138861070.12702695,96713067.63484031,971900061.3633317,682574462.3828981,219371931.19383332,0.7014613256821416,0.6955249717409281,0.41616476310012657,0.9656028068232632,138832171.49680018,96561242.15704364,1110732232.860115,779135704.5399415,244290081.19383332,0.7007483027684951,0.6950497531840562,0.3954126733480065,0.9715098584156584,138978791.2225631,96597174.53706095,1249711024.0826612,875732879.0770026,269208231.19383335,0.7000941942095549,0.6942123854107041,0.37899681877517705,0.9756232282764405,138978791.2225631,96480798.17611174,1388689815.3052073,972213677.2531147,0.0,0.0,0.0,0.0,0.0,0.0,0.0,0.0,0.0,0.0,4379826762.063884,171171511.89389586,416476138.4321664,0.0,2189806251300.5933,-3794.2075093682906,8042.654988544354,299435.4130655313,0.0,-1727732.9406907242,0.007961316386905823,0.12108871174435831,264.3934353351542,4021.3274944147556,149717.70653265362,0.0,215926.78602436377,4.508243666933014,0.0,6.5019067427621
94,2,94,case094_CGH2_Q106190_CL182.3_CGR1.07_K100_Poro0.210,330.03215,13500000.0,0.21,100.0,H2,-4.0100100001743275,-4.0100100001743275,4.0100100001743275,97.2988883238865,91.1524649608829,91.1524649608829,1920.3481875415443,43200.0,1.0674301387860579,182.3049299217658,106190.26812775443,4.0100100001743275,100.0,0.21,13.5,56.88215,0,3,3,14,Bunter Closure 4,94,pool_051_150,2,case094_CGH2_Q106190_CL182.3_CGR1.07_K100_Poro0.210,success,/mnt/iusers01/ceas01/n71743ev/Dumux-Final/Aquifer/build-cmake/appl/1p/H2/cases/pool_051_150/chunk_2/case_094_case094_CGH2_Q106190_CL182.3_CGR1.07_K100_Poro0.210,0,2026-05-05T05:03:37,2026-05-05T08:10:36,/mnt/iusers01/ceas01/n71743ev/Dumux-Final/Aquifer/build-cmake/appl/1p/H2/appl_1p2pnc_box_H2,"[""case094_CGH2_Q106190_CL182.3_CGR1.07_K100_Poro0.210.json"", ""case_summary.json""]",,/opt/software/RI/apps/OpenMPI/4.1.8-GCC-13.2.0/bin/mpirun,1316696,,,,,/mnt/iusers01/ceas01/n71743ev/Dumux-Final/Aquifer/build-cmake/appl/1p/H2/cases/pool_051_150/chunk_2/case_094_case094_CGH2_Q106190_CL182.3_CGR1.07_K100_Poro0.210/case094_CGH2_Q106190_CL182.3_CGR1.07_K100_Poro0.210.json,,,,,,,,,,165876073.00991446,13666008.460156359,13665785.936717555,-10249975.342204472,-4.683201337796749e-06,0.848508849420098,0.8097715500678021,9,0.3970333325053701,0.9972053388317154,396943701.1824001,321433716.1961226,3968370449.061074,3367197443.805529,10,24139326.134914476,0.9882378499198492,0.9882378499198492,0.006227202807134976,0.983222491297301,398373238.5751126,393687512.7550764,398373238.5751126,393687512.7550764,39907326.13491447,0.9564882271980396,0.9245641559997528,0.21543639380092655,0.9752492210809192,396196335.6320792,366308930.66386807,794569574.2071979,759996443.4189439,55626625.35366447,0.9206168816564476,0.8486267287027415,0.3066480374389653,0.9823872870368789,395919144.26883596,335987568.231651,1190488718.4760435,1095984011.6505957,71376977.11147697,0.8977077103846767,0.829093337592088,0.3425877522614335,0.988192677677817,397483921.20572984,329551270.8716491,1587972639.6817832,1425535282.5222447,87129832.38491447,0.8824639418108081,0.8215834741137811,0.3629481673895892,0.9917152089980471,397610076.54211855,326669868.02812016,1985582716.2239118,1752205150.5503645,102912663.63491447,0.8721252381645881,0.8204092109119547,0.3777949995663517,0.9938660019847053,396943701.1824001,325656268.6635236,2382526417.4062963,2077861419.213889,118659251.13491447,0.8646279904992463,0.8194201771481182,0.3885853163040375,0.9952477070537686,395117332.52403057,323767114.61113304,2777643749.9302936,2401628533.825021,134398882.38491446,0.8580487503197806,0.8120100165916121,0.3933791172964185,0.9961906298667246,396943701.1824001,322322261.38305664,3174587451.112661,2723950795.208076,150136441.75991446,0.8528142791724552,0.8109401841597985,0.3960246656891551,0.9967942460277165,396839296.7660784,321812932.40132856,3571426747.8787065,3045763727.609405,165876073.00991446,0.848508849420098,0.8097715500678021,0.3970333325053701,0.9972053388317154,396943701.1824001,321433716.1961226,3968370449.061074,3367197443.805529,0.0,0.0,0.0,0.0,0.0,0.0,0.0,0.0,0.0,0.0,4360529238.452131,0.0,1025191679.048912,0.0,2183282799370.0886,-23986.88866423488,0.0,1893398.097352786,0.0,-12119386.550893024,0.05884064420955455,0.0,2471.9186273322116,0.0,946699.0486765081,0.0,1167786.2000349013,22.53487686882981,0.0,27.797554316437726
95,2,95,case095_CGN2_Q439859_CL124.2_CGR0.74_K100_Poro0.290,308.51275,7300000.0,0.29,100.0,N2,-16.610170104422437,-16.610170104422437,16.610170104422437,46.00916482864307,62.089711803905416,62.089711803905416,1287.8034009067514,43200.0,0.7410110868923234,124.17942360781083,439858.8574491211,16.610170104422437,100.0,0.29,7.3,35.36275,0,7,7,3,Bunter Closure 1,95,pool_051_150,2,case095_CGN2_Q439859_CL124.2_CGR0.74_K100_Poro0.290,failed,/mnt/iusers01/ceas01/n71743ev/Dumux-Final/Aquifer/build-cmake/appl/1p/H2/cases/pool_051_150/chunk_2/case_095_case095_CGN2_Q439859_CL124.2_CGR0.74_K100_Poro0.290,3,2026-05-05T08:10:37,2026-05-05T08:20:37,/mnt/iusers01/ceas01/n71743ev/Dumux-Final/Aquifer/build-cmake/appl/1p/H2/appl_1p2pnc_box_H2,,,/opt/software/RI/apps/OpenMPI/4.1.8-GCC-13.2.0/bin/mpirun,1324963,,,,,/mnt/iusers01/ceas01/n71743ev/Dumux-Final/Aquifer/build-cmake/appl/1p/H2/cases/pool_051_150/chunk_2/case_095_case095_CGN2_Q439859_CL124.2_CGR0.74_K100_Poro0.290/case095_CGN2_Q439859_CL124.2_CGR0.74_K100_Poro0.290.json,failed_pressure_limit,inj_pressure_exceeded,0.0,7300000.0,16176678.184536032,16176678.184536032,,,,0.0,7938625.988781676,16181700.77007526,7023.670750889927,2.31187232790418e-09,0.0,0.0,-1,0.0,0.0,0.0,0.0,0.0,0.0,0,,,,,,,,,,,,,,,,,,,,,,,,,,,,,,,,,,,,,,,,,,,,,,,,,,,,,,,,,,,,,,,,,,,,,,,,,,,,,,,,,,,,,,,,,,,0.0,0.0,0.0,0.0,0.0,-2087.2955349972135,0.0,0.0,-208.72955349972133,0.0,4300419605.525116,0.0,0.0,2087.2955349972135,3033787221000.326,9.941779408603907,0.0,0.0,-6.633537338670642e-47,7013.728971481323,0.0,0.0,0.0,0.0,0.0,0.0,0.0,0.0,0.0,0.0
96,2,96,case096_CGH2_Q294278_CL254.0_CGR3.56_K100_Poro0.210,330.03215,13500000.0,0.21,100.0,H2,-11.112683898653477,-11.112683898653477,11.112683898653477,452.3116893775836,127.0063131620808,127.0063131620808,2992.4379526191997,43200.0,3.5613323315696914,254.0126263241616,294278.2892725184,11.112683898653477,100.0,0.21,13.5,56.88215,0,3,3,14,Bunter Closure 4,96,pool_051_150,2,case096_CGH2_Q294278_CL254.0_CGR3.56_K100_Poro0.210,failed,/mnt/iusers01/ceas01/n71743ev/Dumux-Final/Aquifer/build-cmake/appl/1p/H2/cases/pool_051_150/chunk_2/case_096_case096_CGH2_Q294278_CL254.0_CGR3.56_K100_Poro0.210,3,2026-05-05T08:20:38,2026-05-05T08:30:38,/mnt/iusers01/ceas01/n71743ev/Dumux-Final/Aquifer/build-cmake/appl/1p/H2/appl_1p2pnc_box_H2,,,/opt/software/RI/apps/OpenMPI/4.1.8-GCC-13.2.0/bin/mpirun,1325749,,,,,/mnt/iusers01/ceas01/n71743ev/Dumux-Final/Aquifer/build-cmake/appl/1p/H2/cases/pool_051_150/chunk_2/case_096_case096_CGH2_Q294278_CL254.0_CGR3.56_K100_Poro0.210/case096_CGH2_Q294278_CL254.0_CGR3.56_K100_Poro0.210.json,failed_pressure_limit,inj_pressure_exceeded,10.0,13500000.0,22158279.933068346,22158279.933068346,,,,10.0,14123934.005636083,22163343.052857462,8398.115184180442,3.817334637845124e-09,0.0,0.0,-1,0.0,0.0,0.0,0.0,0.0,0.0,0,,,,,,,,,,,,,,,,,,,,,,,,,,,,,,,,,,,,,,,,,,,,,,,,,,,,,,,,,,,,,,,,,,,,,,,,,,,,,,,,,,,,,,,,,,,0.0,0.0,0.0,0.0,-1745.5763048837675,0.0,0.0,-139.6461043907014,0.0,0.0,4394194221.23963,0.0,3142.037348790777,0.0,2195600296418.1636,16.773781172931194,0.0,4.320099833421409e-12,0.0,8381.341403007507,0.0,0.0,0.0,0.0,0.0,0.0,0.0,0.0,0.0,0.0
97,2,97,case097_CGH2_Q22506_CL358.0_CGR3.90_K100_Poro0.210,330.03215,13500000.0,0.21,100.0,H2,-0.849887368813546,-0.849887368813546,0.849887368813546,697.3058754365571,179.01638050397466,179.01638050397466,4277.63348551605,43200.0,3.8952070948673607,358.0327610079493,22506.120326078675,0.849887368813546,100.0,0.21,13.5,56.88215,0,3,3,14,Bunter Closure 4,97,pool_051_150,2,case097_CGH2_Q22506_CL358.0_CGR3.90_K100_Poro0.210,success,/mnt/iusers01/ceas01/n71743ev/Dumux-Final/Aquifer/build-cmake/appl/1p/H2/cases/pool_051_150/chunk_2/case_097_case097_CGH2_Q22506_CL358.0_CGR3.90_K100_Poro0.210,0,2026-05-05T08:30:38,2026-05-05T14:27:52,/mnt/iusers01/ceas01/n71743ev/Dumux-Final/Aquifer/build-cmake/appl/1p/H2/appl_1p2pnc_box_H2,"[""case097_CGH2_Q22506_CL358.0_CGR3.90_K100_Poro0.210.json"", ""case_summary.json""]",,/opt/software/RI/apps/OpenMPI/4.1.8-GCC-13.2.0/bin/mpirun,1326518,,,,,/mnt/iusers01/ceas01/n71743ev/Dumux-Final/Aquifer/build-cmake/appl/1p/H2/cases/pool_051_150/chunk_2/case_097_case097_CGH2_Q22506_CL358.0_CGR3.90_K100_Poro0.210/case097_CGH2_Q22506_CL358.0_CGR3.90_K100_Poro0.210.json,,,,,,,,,,369583336.83225936,13776522.258028127,13776043.118253995,-143815.75859020482,-6.575324937735221e-08,0.6737776258541942,0.621940597260289,9,0.3396259159503726,0.9968731565550245,165172602.69489112,102727547.17109701,1651879818.9440155,1112999662.604555,10,91159336.83225934,0.8840483170185465,0.8840483170185465,0.06915413839692862,0.9995523467309407,165326394.68995154,146156520.98439562,165326394.68995154,146156520.98439562,122090536.83225934,0.8047817921439775,0.725441462311447,0.12938259759193838,0.9991740122799718,165172602.69489112,119823054.43276948,330498997.3848469,265979575.41716483,153021736.83225936,0.7638504406882634,0.6819496266488694,0.20651022881032366,0.9986744058562634,165172602.69489112,112639394.74040304,495671600.0797423,378618970.1575678,183952936.83225936,0.7371702757152857,0.657104938929472,0.25338739588917464,0.998123109286197,165172602.69489112,108535733.00664836,660844202.7746217,487154703.1642161,214884136.83225936,0.7187067231947885,0.6448353217230417,0.2789426340280231,0.9976091876314324,165172602.69489112,106509128.39859226,826016805.4694958,593663831.5628083,245815336.83225936,0.7050870247566123,0.6369758512822002,0.29765133088515955,0.9972899349764108,165172602.69489112,105210959.21007492,991189408.1643698,698874790.7728829,276746536.83225936,0.6945826114829714,0.6315463511956405,0.31280459277394523,0.9970978541451266,165172602.69489112,104314154.5494457,1156362010.8592653,803188945.3223287,307677736.83225936,0.6862248102175997,0.6277124194222425,0.3246196760327021,0.9969831594627924,165172602.69489112,103680894.05987893,1321534613.554182,906869839.3822075,338652136.83225936,0.6795366998906035,0.6260255899839319,0.3337071862986529,0.9969071456869434,165172602.69489112,103402276.0512508,1486707216.2490988,1010272115.4334583,369583336.83225936,0.6737776258541942,0.621940597260289,0.3396259159503726,0.9968731565550245,165172602.69489112,102727547.17109701,1651879818.9440155,1112999662.604555,0.0,0.0,0.0,0.0,0.0,0.0,0.0,0.0,0.0,0.0,4366680793.393974,0.0,1182424220.8042102,0.0,2181654720683.58,-429.16249845851377,0.0,33797.887441444436,0.0,-177184.48353319077,0.004436342796847665,0.0,18.616297712324428,0.0,16898.94372062357,0.0,27899.09691877457,4.02709004807604,0.0,6.648473266100693
98,2,98,case098_CGH2_Q362045_CL89.2_CGR1.49_K100_Poro0.290,308.51275,7300000.0,0.29,100.0,H2,-13.671711021013458,-13.671711021013458,13.671711021013458,66.35894683259903,44.5911687464814,44.5911687464814,958.182321762227,37630.43300011655,1.4881634345553072,89.1823374929628,362044.6480241895,13.671711021013458,100.0,0.29,7.3,35.36275,0,7,7,3,Bunter Closure 1,98,pool_051_150,2,case098_CGH2_Q362045_CL89.2_CGR1.49_K100_Poro0.290,failed,/mnt/iusers01/ceas01/n71743ev/Dumux-Final/Aquifer/build-cmake/appl/1p/H2/cases/pool_051_150/chunk_2/case_098_case098_CGH2_Q362045_CL89.2_CGR1.49_K100_Poro0.290,3,2026-05-05T14:27:52,2026-05-05T14:37:52,/mnt/iusers01/ceas01/n71743ev/Dumux-Final/Aquifer/build-cmake/appl/1p/H2/appl_1p2pnc_box_H2,,,/opt/software/RI/apps/OpenMPI/4.1.8-GCC-13.2.0/bin/mpirun,1345727,,,,,/mnt/iusers01/ceas01/n71743ev/Dumux-Final/Aquifer/build-cmake/appl/1p/H2/cases/pool_051_150/chunk_2/case_098_case098_CGH2_Q362045_CL89.2_CGR1.49_K100_Poro0.290/case098_CGH2_Q362045_CL89.2_CGR1.49_K100_Poro0.290.json,failed_pressure_limit,inj_pressure_exceeded,0.0,7300000.0,13294169.299547816,13294169.299547816,,,,0.0,7828626.047846729,13299182.771124735,4746.959960822016,1.5624828892801974e-09,0.0,0.0,-1,0.0,0.0,0.0,0.0,0.0,0.0,0,,,,,,,,,,,,,,,,,,,,,,,,,,,,,,,,,,,,,,,,,,,,,,,,,,,,,,,,,,,,,,,,,,,,,,,,,,,,,,,,,,,,,,,,,,,0.0,0.0,0.0,0.0,-1718.0378762247394,0.0,0.0,-171.80378762247395,0.0,0.0,4300419608.747806,0.0,1718.0378762247392,0.0,3033787223273.8145,6.719089392572641,0.0,2.2737367544323206e-13,0.0,4740.240871429443,0.0,0.0,0.0,0.0,0.0,0.0,0.0,0.0,0.0,0.0
99,2,99,case099_CGCH4_Q67940_CL247.2_CGR2.48_K307_Poro0.180,359.45,29100000.0,0.18,306.6,CH4,-2.5656016057990194,-2.5656016057990194,2.5656016057990194,306.90485982193894,123.60940338318926,123.60940338318926,2779.092927485724,43200.0,2.4828601337920353,247.21880676637852,67940.45960407863,2.5656016057990194,306.6,0.18,29.1,86.3,1,8,8,59,Fulmar_021_28,99,pool_051_150,2,case099_CGCH4_Q67940_CL247.2_CGR2.48_K307_Poro0.180,success,/mnt/iusers01/ceas01/n71743ev/Dumux-Final/Aquifer/build-cmake/appl/1p/H2/cases/pool_051_150/chunk_2/case_099_case099_CGCH4_Q67940_CL247.2_CGR2.48_K307_Poro0.180,0,2026-05-05T14:37:53,2026-05-05T19:20:06,/mnt/iusers01/ceas01/n71743ev/Dumux-Final/Aquifer/build-cmake/appl/1p/H2/appl_1p2pnc_box_H2,"[""case099_CGCH4_Q67940_CL247.2_CGR2.48_K307_Poro0.180.json"", ""case_summary.json""]",,/opt/software/RI/apps/OpenMPI/4.1.8-GCC-13.2.0/bin/mpirun,1346859,,,,,/mnt/iusers01/ceas01/n71743ev/Dumux-Final/Aquifer/build-cmake/appl/1p/H2/cases/pool_051_150/chunk_2/case_099_case099_CGCH4_Q67940_CL247.2_CGR2.48_K307_Poro0.180/case099_CGCH4_Q67940_CL247.2_CGR2.48_K307_Poro0.180.json,,,,,,,,,,240073067.3295029,29385875.294068355,29388765.258572567,-1410129.215133623,-7.524061574616647e-07,0.566857688151732,0.5492176401773899,9,0.25366405585165536,0.9658568762104185,343839049.9376373,188842471.6075849,3444460581.2198625,1952518962.0000625,10,47872756.19205465,0.6146695545963836,0.6146695545963836,0.24201033171416172,0.7101194892060794,344016903.81317246,211456717.04046965,344016903.81317246,211456717.04046965,69224404.53189841,0.604058862236094,0.5934589465559276,0.25874419358028333,0.92424283798847,344366657.5510417,204367473.8192271,688383561.364213,415824190.85969687,90563768.96467835,0.5960209208911359,0.5799347020218955,0.2508609389990033,0.9591449577558444,343970620.6944273,199480499.41670913,1032354182.0586392,615304690.2764055,111930673.34474202,0.5887431057430264,0.5669565395520928,0.24668528767387668,0.9665616902193126,344858516.87411314,195519791.36201417,1377212698.9327772,810824481.6384187,133287030.56045383,0.5829389261380976,0.5597367164386313,0.24692819035028293,0.9673511759021751,344518473.1246443,192839638.89923924,1721731172.0574493,1003664120.5376576,154639302.05306733,0.5782809041046639,0.5549935337938855,0.24853824601040808,0.9668293978726757,344386748.1836748,191132418.36624265,2066117920.2411518,1194796538.903901,176013334.59701264,0.5743846027896687,0.5510566103716916,0.25007678454992527,0.9661788236282001,345088331.02057815,190163205.97102407,2411206251.2617126,1384959744.874925,197370190.3171512,0.571347968139174,0.5500962459036814,0.25156970687225105,0.9658036798491858,344534545.05722654,189527159.82011312,2755740796.318909,1574486904.695038,218737783.83747816,0.5688138563828892,0.5485652473964175,0.2526513738442872,0.9659166896024826,344880734.96337664,189189585.697443,3100621531.282255,1763676490.3924785,240073067.3295029,0.566857688151732,0.5492176401773899,0.25366405585165536,0.9658568762104185,343839049.9376373,188842471.6075849,3444460581.2198625,1952518962.0000625,0.0,0.0,0.0,0.0,0.0,0.0,0.0,0.0,0.0,0.0,7944727241.856478,0.0,1491941619.2973156,0.0,1864722920543.1494,-12158.218142415584,0.0,1012316.9087903842,0.0,-2410287.905781592,0.03912244680733147,0.0,1586.8692443471396,0.0,506158.45439515373,0.0,799973.0239850633,12.478757956079992,0.0,19.722420224378176
100,2,100,case100_CGCH4_Q27954_CL16.0_CGR2.28_K50_Poro0.150,332.26374999999996,14100000.0,0.15,50.0,CH4,-1.0556081766584966,-1.0556081766584966,1.0556081766584966,18.21882745012301,8.005772174846985,8.005772174846985,178.3342709470627,7003.673186284644,2.2757114557124187,16.01154434969397,27953.87425775562,1.0556081766584966,50.0,0.15,14.1,59.11375,0,18,18,11,Bunter Closure 37,100,pool_051_150,2,case100_CGCH4_Q27954_CL16.0_CGR2.28_K50_Poro0.150,success,/mnt/iusers01/ceas01/n71743ev/Dumux-Final/Aquifer/build-cmake/appl/1p/H2/cases/pool_051_150/chunk_2/case_100_case100_CGCH4_Q27954_CL16.0_CGR2.28_K50_Poro0.150,0,2026-05-05T19:20:06,2026-05-05T21:16:20,/mnt/iusers01/ceas01/n71743ev/Dumux-Final/Aquifer/build-cmake/appl/1p/H2/appl_1p2pnc_box_H2,"[""case100_CGCH4_Q27954_CL16.0_CGR2.28_K50_Poro0.150.json"", ""case_summary.json""]",,/opt/software/RI/apps/OpenMPI/4.1.8-GCC-13.2.0/bin/mpirun,1361907,,,,,/mnt/iusers01/ceas01/n71743ev/Dumux-Final/Aquifer/build-cmake/appl/1p/H2/cases/pool_051_150/chunk_2/case_100_case100_CGCH4_Q27954_CL16.0_CGR2.28_K50_Poro0.150/case100_CGCH4_Q27954_CL16.0_CGR2.28_K50_Poro0.150.json,,,,,,,,,,15404727.972971767,14315320.932161896,14314026.551730724,-89780.60697143746,-5.714525787813218e-08,0.8321113933732022,0.8628220966832518,9,0.42800506235235136,0.8811599023098764,9110483.855263565,7860726.781797424,91773560.06782481,76365824.94285697,10,2951951.6539048483,0.7325953842685011,0.7325953842685011,0.023507552233924825,0.3987429735196662,9151129.736070987,6704075.405487832,9151129.736070987,6704075.405487832,4339846.223653559,0.7648432553783703,0.7968743340774115,0.14551164156172358,0.5436423346930729,9213066.31634896,7341656.085651608,18364196.052419897,14045731.491139451,5718402.562487223,0.7846909696566391,0.8243863982131842,0.22340410550168247,0.6375770972351751,9182098.026209973,7569596.719867627,27546294.07862997,21615328.21100709,7103962.574507172,0.8004831329479577,0.8478596228219105,0.30148686902067034,0.6994372902510331,9182098.026209973,7785130.169216197,36728392.10483991,29400458.38022329,8488779.772704348,0.8103569685223024,0.8498523108196608,0.3728213017869652,0.7510513765459457,9182098.026209973,7803427.225747192,45910490.13104963,37203885.605970465,9868941.119976716,0.8157166191798509,0.8424528786113844,0.4088422634787051,0.795184632814581,9203388.725680528,7753421.324929122,55113878.8567299,44957306.93089958,11256106.14043537,0.8208064614561471,0.8512866420696916,0.4290594488144549,0.8248227931746668,9203388.725680528,7834721.883946635,64317267.58241017,52792028.814846255,12640973.080629775,0.8251538389059762,0.855636162619205,0.4356251330711071,0.8479036549623296,9172904.315074962,7848668.648223888,73490171.89748538,60640697.46307015,14024566.625699399,0.8287266975754062,0.8573512191841942,0.4330369330344327,0.8666163395980551,9172904.315074962,7864400.697989474,82663076.21256079,68505098.16105962,15404727.972971767,0.8321113933732022,0.8628220966832518,0.42800506235235136,0.8811599023098764,9110483.855263565,7860726.781797424,91773560.06782481,76365824.94285697,0.0,0.0,0.0,0.0,0.0,0.0,0.0,0.0,0.0,0.0,3235550033.482065,0.0,15407735.117706375,0.0,1567843658041.9253,7508.6243855508865,0.0,55537.31342888015,0.0,-152826.5447858685,1.174381754874358,0.0,3937.7453052869887,0.0,27768.656714447236,0.0,12772.180315602463,8.281643751573068,0.0,3.8091380649911724
101,2,101,case101_CGCH4_Q834501_CL41.5_CGR2.68_K100_Poro0.160,314.27,8900000.0,0.16,100.0,CH4,-31.512830935517016,-31.512830935517016,31.512830935517016,55.50371509608474,20.73899217741298,20.73899217741298,470.2835586443444,18469.31793948698,2.6762976050752516,41.47798435482596,834500.6537045221,31.512830935517016,100.0,0.16,8.9,41.12,0,9,9,17,Bunter Closure 42,101,pool_051_150,2,case101_CGCH4_Q834501_CL41.5_CGR2.68_K100_Poro0.160,failed,/mnt/iusers01/ceas01/n71743ev/Dumux-Final/Aquifer/build-cmake/appl/1p/H2/cases/pool_051_150/chunk_2/case_101_case101_CGCH4_Q834501_CL41.5_CGR2.68_K100_Poro0.160,3,2026-05-05T21:16:20,2026-05-05T21:26:20,/mnt/iusers01/ceas01/n71743ev/Dumux-Final/Aquifer/build-cmake/appl/1p/H2/appl_1p2pnc_box_H2,,,/opt/software/RI/apps/OpenMPI/4.1.8-GCC-13.2.0/bin/mpirun,1367271,,,,,/mnt/iusers01/ceas01/n71743ev/Dumux-Final/Aquifer/build-cmake/appl/1p/H2/cases/pool_051_150/chunk_2/case_101_case101_CGCH4_Q834501_CL41.5_CGR2.68_K100_Poro0.160/case101_CGCH4_Q834501_CL41.5_CGR2.68_K100_Poro0.160.json,failed_pressure_limit,inj_pressure_exceeded,0.0,8900000.0,23877669.20913634,23877669.20913634,,,,0.0,9760428.788348204,23882738.94061918,11612.57840812168,6.927976050077427e-09,0.0,0.0,-1,0.0,0.0,0.0,0.0,0.0,0.0,0,,,,,,,,,,,,,,,,,,,,,,,,,,,,,,,,,,,,,,,,,,,,,,,,,,,,,,,,,,,,,,,,,,,,,,,,,,,,,,,,,,,,,,,,,,,-396.00191264334967,0.0,-3960.0191264334967,0.0,0.0,0.0,0.0,0.0,0.0,0.0,2634533246.307729,0.0,0.0,0.0,1673551747448.4558,18.2517107721319,0.0,0.0,0.0,11594.326697349548,0.0,0.0,0.0,0.0,0.0,0.0,0.0,0.0,0.0,0.0
102,2,102,case102_CGH2_Q10902_CL56.4_CGR0.90_K100_Poro0.140,330.71,13700000.0,0.14,100.0,H2,-0.41167491184203725,-0.41167491184203725,0.41167491184203725,25.42052264105927,28.186513291795777,28.186513291795777,589.1507884769749,23137.558238368467,0.9018682934599932,56.37302658359155,10901.685848183706,0.41167491184203725,100.0,0.14,13.7,57.56,0,1,1,22,Bunter Closure 7,102,pool_051_150,2,case102_CGH2_Q10902_CL56.4_CGR0.90_K100_Poro0.140,success,/mnt/iusers01/ceas01/n71743ev/Dumux-Final/Aquifer/build-cmake/appl/1p/H2/cases/pool_051_150/chunk_2/case_102_case102_CGH2_Q10902_CL56.4_CGR0.90_K100_Poro0.140,0,2026-05-05T21:26:20,2026-05-05T23:45:40,/mnt/iusers01/ceas01/n71743ev/Dumux-Final/Aquifer/build-cmake/appl/1p/H2/appl_1p2pnc_box_H2,"[""case102_CGH2_Q10902_CL56.4_CGR0.90_K100_Poro0.140.json"", ""case_summary.json""]",,/opt/software/RI/apps/OpenMPI/4.1.8-GCC-13.2.0/bin/mpirun,1368050,,,,,/mnt/iusers01/ceas01/n71743ev/Dumux-Final/Aquifer/build-cmake/appl/1p/H2/cases/pool_051_150/chunk_2/case_102_case102_CGH2_Q10902_CL56.4_CGR0.90_K100_Poro0.140/case102_CGH2_Q10902_CL56.4_CGR0.90_K100_Poro0.140.json,,,,,,,,,,50898798.19224865,13985286.715134501,13984403.39849611,-81701.01204505884,-5.572496476131834e-08,0.7133329110991427,0.6961818691784618,9,0.41445643091245593,0.9949566178942575,12608041.161651734,8777489.66259769,126200108.2098255,90022690.57034163,10,7045412.811130375,0.8432496345262731,0.8432496345262731,0.46024977728185473,0.9660907647562729,12568142.297216127,10598081.398801694,12568142.297216127,10598081.398801694,11927437.599426124,0.7782362892001163,0.7138362773204363,0.5124453969353192,0.9777231829502383,12687838.890522948,9057039.680852355,25255981.187739134,19655121.07965405,16786324.829483505,0.7536779930676443,0.7043275122681011,0.491122960629005,0.984400313635614,12568142.297216127,8852088.398029732,37824123.48495519,28507209.47768378,21668349.617779255,0.7391854005531304,0.6959810681513543,0.47055090168467323,0.9884304985303334,12687838.890522948,8830495.663558455,50511962.375477806,37337705.14124221,26527236.847836636,0.731192635719304,0.6990693332442902,0.4557947501402314,0.9908076371542177,12568142.297216127,8786002.85583424,63080104.6726936,46123707.99707642,31409261.636132386,0.7248755468696382,0.6934688881548036,0.44264427244148175,0.9923731633698819,12687838.890522948,8798621.528498225,75767943.56321676,54922329.52557463,36268148.86618933,0.7210211743873303,0.6977848145654472,0.43364608280921596,0.9933687957854822,12568142.297216127,8769858.842295108,88336085.86043334,63692188.36786969,41150173.654484294,0.7174607111219512,0.6926718253686746,0.4250547144371953,0.9940948293047043,12687838.890522948,8788508.52428219,101023924.75095674,72480696.8921519,46009060.88454089,0.7152365743400783,0.6973587510648583,0.4193752636628089,0.9945862907031605,12568142.297216127,8764504.015592057,113592067.04817332,81245200.90774398,50898798.19224865,0.7133329110991427,0.6961818691784618,0.41445643091245593,0.9949566178942575,12608041.161651734,8777489.66259769,126200108.2098255,90022690.57034163,0.0,0.0,0.0,0.0,0.0,0.0,0.0,0.0,0.0,0.0,2955545875.911957,0.0,47608578.48773019,0.0,1463144242766.9595,-173.87175380911555,0.0,16496.941912340546,0.0,-98024.08220359028,0.009248784457576696,0.0,35.42221705328798,0.0,8248.470956149577,0.0,11529.33982495129,2.1536859159110064,0.0,3.010324814472098
103,2,103,case103_CGCH4_Q13488_CL307.1_CGR1.92_K1.6e03_Poro0.230,354.44,29700000.0,0.23,1600.0,CH4,-0.5093518831981173,-0.5093518831981173,0.5093518831981173,294.30440116304635,153.55026507681768,153.55026507681768,3365.3097026994,43200.0,1.9166648850512409,307.10053015363536,13488.298793727039,0.5093518831981173,1600.0,0.23,29.7,81.29,3,14,14,54,Fulmar_021_16,103,pool_051_150,2,case103_CGCH4_Q13488_CL307.1_CGR1.92_K1.6e03_Poro0.230,success,/mnt/iusers01/ceas01/n71743ev/Dumux-Final/Aquifer/build-cmake/appl/1p/H2/cases/pool_051_150/chunk_2/case_103_case103_CGCH4_Q13488_CL307.1_CGR1.92_K1.6e03_Poro0.230,0,2026-05-05T23:45:40,2026-05-06T04:47:39,/mnt/iusers01/ceas01/n71743ev/Dumux-Final/Aquifer/build-cmake/appl/1p/H2/appl_1p2pnc_box_H2,"[""case103_CGCH4_Q13488_CL307.1_CGR1.92_K1.6e03_Poro0.230.json"", ""case_summary.json""]",,/opt/software/RI/apps/OpenMPI/4.1.8-GCC-13.2.0/bin/mpirun,1374176,,,,,/mnt/iusers01/ceas01/n71743ev/Dumux-Final/Aquifer/build-cmake/appl/1p/H2/cases/pool_051_150/chunk_2/case_103_case103_CGCH4_Q13488_CL307.1_CGR1.92_K1.6e03_Poro0.230/case103_CGCH4_Q13488_CL307.1_CGR1.92_K1.6e03_Poro0.230.json,,,,,,,,,,290757162.698967,29998976.307191666,29913768.629782796,16054.585175882901,6.6752120529450095e-09,0.1349948153546396,0.13298139940342354,9,0.5788675277162515,0.7424597270558698,84695955.40564503,11262986.67365263,849630795.4521774,114695752.35168228,10,51924595.29547733,0.16231305436161272,0.16231305436161272,0.5661477098254303,0.6747141425684312,85165214.29268731,13823426.057207353,85165214.29268731,13823426.057207353,78455431.91163895,0.1481704378046497,0.13399240588541772,0.6199245966068079,0.7080336316416914,84952479.76549324,11382987.149710707,170117694.05818054,25206413.206918065,105007515.24497229,0.14262052028694025,0.13151374937239185,0.623924996299722,0.7187843370896969,85005730.07129736,11179422.279813794,255123424.1294779,36385835.486731865,131523064.57313345,0.1397816540159697,0.13124380641433755,0.6169186701166629,0.7252033033657697,84829493.03945939,11133345.562697204,339952917.16894495,47519181.04942907,158058593.3014019,0.13803120523344703,0.13102900382366522,0.608563569102572,0.7299246425814252,84983298.12975693,11135276.895591602,424936215.29871106,58654457.945020616,184610854.79894683,0.13687347544847123,0.13109179082852276,0.6008611670800884,0.7335885382395436,85089614.10097651,11154549.893404935,510025829.3996966,69809007.83842555,211146528.6894382,0.13612014423966046,0.131597709649867,0.5943281058713383,0.7363434473703293,84958304.41687931,11180318.276997497,594984133.8165851,80989326.115423,237685793.00347698,0.13559063249466993,0.13188333288745313,0.5884225661372582,0.7388061146992011,84981285.65717062,11207615.185528379,679965419.4737647,92196941.3009513,264223203.60213935,0.13521774700671094,0.13223374128411672,0.5832250678047843,0.7408602768411818,84969420.57274975,11235824.377078295,764934840.0465235,103432765.6780297,290757162.698967,0.1349948153546396,0.13298139940342354,0.5788675277162515,0.7424597270558698,84695955.40564503,11262986.67365263,849630795.4521774,114695752.35168228,0.0,0.0,0.0,0.0,0.0,0.0,0.0,0.0,0.0,0.0,9431754314.312069,0.0,734935043.0987017,0.0,2394938204471.3696,-127.76353975149502,0.0,7346.048797800049,0.0,8836.299917834345,0.008121522519969329,0.0,45.44490723547827,0.0,3673.0243988810607,0.0,32097.40428509051,0.6564112941707362,0.0,5.736171720698621
104,2,104,case104_CGN2_Q189902_CL305.8_CGR1.75_K470_Poro0.220,352.85999999999996,23880000.0,0.22,470.0,N2,-7.171173199297195,-7.171173199297195,7.171173199297195,267.4098967277005,152.8870033546496,152.8870033546496,3325.1499638206924,43200.0,1.7490688604013902,305.7740067092992,189901.9715139939,7.171173199297195,470.0,0.22,23.88,79.71,3,0,0,147,Statfjord_009_24,104,pool_051_150,2,case104_CGN2_Q189902_CL305.8_CGR1.75_K470_Poro0.220,success,/mnt/iusers01/ceas01/n71743ev/Dumux-Final/Aquifer/build-cmake/appl/1p/H2/cases/pool_051_150/chunk_2/case_104_case104_CGN2_Q189902_CL305.8_CGR1.75_K470_Poro0.220,0,2026-05-06T04:47:39,2026-05-06T10:30:22,/mnt/iusers01/ceas01/n71743ev/Dumux-Final/Aquifer/build-cmake/appl/1p/H2/appl_1p2pnc_box_H2,"[""case104_CGN2_Q189902_CL305.8_CGR1.75_K470_Poro0.220.json"", ""case_summary.json""]",,/opt/software/RI/apps/OpenMPI/4.1.8-GCC-13.2.0/bin/mpirun,1387752,,,,,/mnt/iusers01/ceas01/n71743ev/Dumux-Final/Aquifer/build-cmake/appl/1p/H2/cases/pool_051_150/chunk_2/case_104_case104_CGN2_Q189902_CL305.8_CGR1.75_K470_Poro0.220/case104_CGN2_Q189902_CL305.8_CGR1.75_K470_Poro0.220.json,,,,,,,,,,287279318.5028436,24154431.498667568,24161444.26752379,-1974992.226825264,-8.729321491939237e-07,0.6045157197537386,0.5835376569631927,9,0.24036737036929104,0.9675376497280606,1190449387.6915536,694672046.4267966,11905470269.717981,7197043929.105302,10,49484437.27259673,0.6165450552477495,0.6165450552477495,0.26148930470363335,0.6426674453004622,1191256406.0472066,734463246.6806105,1191256406.0472066,734463246.6806105,75926050.57950057,0.6225304639681427,0.6285144181163167,0.2815916220520998,0.9146659014994154,1191545975.1916173,748903825.2563984,2382802381.238838,1483367071.9370093,102325801.7933963,0.6242339866733617,0.6276402734298819,0.23950732737508149,0.9665182905030494,1191666541.5099113,747937913.9505225,3574468922.7488213,2231304985.887533,128778609.99258134,0.6217203532736327,0.6141861884736247,0.2289157203790601,0.9730093104227691,1192554809.852188,732450693.2090037,4767023732.601081,2963755679.096535,155186691.20528996,0.6188859283270919,0.6075049740790617,0.22968449614823605,0.9725502167822561,1187226544.7975447,721246031.3232064,5954250277.398699,3685001710.4197383,181588837.90298006,0.6157113461941434,0.5998002140985261,0.23222198535673666,0.9713731502391533,1187989417.2266262,712556306.7993137,7142239694.625398,4397558017.219051,208034184.60067016,0.6124401114960393,0.5928375550058942,0.2347950116815082,0.9700841111739339,1191882412.01763,706592654.9950596,8334122106.643101,5104150672.214107,234420429.23472798,0.6093873354523509,0.5880153992950056,0.23709667695010478,0.9691760029457183,1190449387.6915536,700002572.0439438,9524571494.334726,5804153244.258055,260849873.8687858,0.6068464032194045,0.5865168613126753,0.2391210655502272,0.9679920695960098,1190449387.6915536,698218638.4204462,10715020882.026354,6502371882.678504,287279318.5028436,0.6045157197537386,0.5835376569631927,0.24036737036929104,0.9675376497280606,1190449387.6915536,694672046.4267966,11905470269.717981,7197043929.105302,0.0,0.0,0.0,0.0,0.0,0.0,0.0,0.0,0.0,0.0,7105520661.771477,-3.2392824387892645e-24,4708426340.473436,1890886907.4447086,2248775965599.179,-8902.999327617734,-4.978256913763812e-29,987164.5338647787,1296.4840503419323,-2954550.245412767,0.056456633400029516,-1.82509216723509e-33,769.9765266375252,-2.4891284568170747e-29,493582.266103763,609.3484570720105,734068.6933889984,36.19070463338187,0.044678975609841055,53.82377991973659
105,2,105,case105_CGCH4_Q49042_CL305.1_CGR3.46_K330_Poro0.140,333.58,17300000.0,0.14,330.0,CH4,-1.8519635647695518,-1.8519635647695518,1.8519635647695518,527.5334019071236,152.53180810801587,152.53180810801587,3578.1695640674407,43200.0,3.4585140532363527,305.06361621603173,49042.398272613085,1.8519635647695518,330.0,0.14,17.3,60.43,2,13,13,129,Nansen_210_25,105,pool_051_150,2,case105_CGCH4_Q49042_CL305.1_CGR3.46_K330_Poro0.140,success,/mnt/iusers01/ceas01/n71743ev/Dumux-Final/Aquifer/build-cmake/appl/1p/H2/cases/pool_051_150/chunk_2/case_105_case105_CGCH4_Q49042_CL305.1_CGR3.46_K330_Poro0.140,0,2026-05-06T10:30:22,2026-05-06T16:30:45,/mnt/iusers01/ceas01/n71743ev/Dumux-Final/Aquifer/build-cmake/appl/1p/H2/appl_1p2pnc_box_H2,"[""case105_CGCH4_Q49042_CL305.1_CGR3.46_K330_Poro0.140.json"", ""case_summary.json""]",,/opt/software/RI/apps/OpenMPI/4.1.8-GCC-13.2.0/bin/mpirun,1402579,,,,,/mnt/iusers01/ceas01/n71743ev/Dumux-Final/Aquifer/build-cmake/appl/1p/H2/cases/pool_051_150/chunk_2/case_105_case105_CGCH4_Q49042_CL305.1_CGR3.46_K330_Poro0.140/case105_CGCH4_Q49042_CL305.1_CGR3.46_K330_Poro0.140.json,,,,,,,,,,309133061.0400592,17588148.197150197,17618291.23361441,-1205527.8080933178,-8.332763947166925e-07,0.49215608437623914,0.46947314162863124,9,0.24018277350094303,0.9307589597397802,306363063.4232445,143829229.8642822,3067398841.5934687,1509639003.0988533,10,71908656.3213957,0.5849833952669511,0.5849833952669511,0.18711226732614536,0.7848209331118754,306637939.8007674,179378103.1423159,306637939.8007674,179378103.1423159,98292602.47188932,0.5526238424917581,0.5202366272358139,0.2188690228330169,0.9218380525981871,306376035.03244144,159388035.1311589,613013974.8332102,338766138.2734745,124621450.21087585,0.5340632079676643,0.49689247718041735,0.2237131890617263,0.9327351783948788,306099129.720402,152098354.82954046,919113104.5536002,490864493.10301495,150991904.2780778,0.521626842712126,0.4844023576093878,0.22836512478294502,0.9325551420478829,307067411.35114366,148744178.00350568,1226180515.9047499,639608671.1065204,177328251.795454,0.5128057851752567,0.47757220533434824,0.23202847135398302,0.9319398112287016,306985805.30876446,146607888.0476475,1533166321.213539,786216559.1541686,203701220.59903768,0.5064250578515327,0.47457259894701986,0.23493427116425217,0.9309846991680034,307125935.4543031,145753553.39258328,1840292256.667866,931970112.5467517,230076952.0492763,0.5015299831437845,0.4722049355710361,0.23698672103692117,0.9305544674608566,307190229.0395092,145056742.31165326,2147482485.707399,1077026854.8584042,256409483.4995149,0.49784310467474063,0.47198452051209083,0.23866594705914534,0.9304072327434075,306184858.7450804,144514513.74285904,2453667344.452503,1221541368.6012604,282792872.2697871,0.494672971655487,0.4693663655970185,0.23945924304710176,0.9304648044532576,307368433.71767324,144268404.63331237,2761035778.1702003,1365809773.2345731,309133061.0400592,0.49215608437623914,0.46947314162863124,0.24018277350094303,0.9307589597397802,306363063.4232445,143829229.8642822,3067398841.5934687,1509639003.0988533,0.0,0.0,0.0,0.0,0.0,0.0,0.0,0.0,0.0,0.0,4506738487.880728,0.0,1557759838.139791,0.0,1440667721303.4434,38406.7570090127,0.0,330475.76241021336,0.0,-1574410.3275125439,0.01867647144683094,0.0,388.270681333802,0.0,165237.88066895204,0.0,318191.9043151921,7.9482193959306695,0.0,15.305564651806455
106,2,106,case106_CGCH4_Q109365_CL244.3_CGR3.84_K350_Poro0.160,329.44345,13300000.0,0.16,350.0,CH4,-4.129907261258604,-4.129907261258604,4.129907261258604,469.1221933376198,122.14595086772292,122.14595086772292,2912.0412106920785,43200.0,3.8406692158436946,244.29190173544583,109365.30317798356,4.129907261258604,350.0,0.16,13.3,56.29345,2,19,19,24,Bunter Sandstone Formation Zone 2,106,pool_051_150,2,case106_CGCH4_Q109365_CL244.3_CGR3.84_K350_Poro0.160,success,/mnt/iusers01/ceas01/n71743ev/Dumux-Final/Aquifer/build-cmake/appl/1p/H2/cases/pool_051_150/chunk_2/case_106_case106_CGCH4_Q109365_CL244.3_CGR3.84_K350_Poro0.160,0,2026-05-07T11:30:48,2026-05-07T17:44:45,/mnt/iusers01/ceas01/n71743ev/Dumux-Final/Aquifer/build-cmake/appl/1p/H2/appl_1p2pnc_box_H2,"[""case106_CGCH4_Q109365_CL244.3_CGR3.84_K350_Poro0.160.json"", ""case_summary.json""]","{""command"": ""/mnt/iusers01/ceas01/n71743ev/.conda/envs/test_env/bin/python3 /mnt/iusers01/ceas01/n71743ev/Dumux-Final/Aquifer/appl/1p/H2/vtk-merge-multi.py --input-dir /mnt/iusers01/ceas01/n71743ev/Dumux-Final/Aquifer/build-cmake/appl/1p/H2/cases/pool_051_150/chunk_2/case_106_case106_CGCH4_Q109365_CL244.3_CGR3.84_K350_Poro0.160 --num-parts 24 --simulation-name case106_CGCH4_Q109365_CL244.3_CGR3.84_K350_Poro0.160"", ""enabled"": true, ""ended_at"": ""2026-05-07T17:44:45"", ""input_dir"": ""/mnt/iusers01/ceas01/n71743ev/Dumux-Final/Aquifer/build-cmake/appl/1p/H2/cases/pool_051_150/chunk_2/case_106_case106_CGCH4_Q109365_CL244.3_CGR3.84_K350_Poro0.160"", ""num_parts"": 24, ""returncode"": 0, ""script"": ""/mnt/iusers01/ceas01/n71743ev/Dumux-Final/Aquifer/appl/1p/H2/vtk-merge-multi.py"", ""simulation_name"": ""case106_CGCH4_Q109365_CL244.3_CGR3.84_K350_Poro0.160"", ""started_at"": ""2026-05-07T16:55:32"", ""status"": ""success""}",/opt/software/RI/apps/OpenMPI/4.1.8-GCC-13.2.0/bin/mpirun,2666141,2026-05-07T16:55:32,success,,,/mnt/iusers01/ceas01/n71743ev/Dumux-Final/Aquifer/build-cmake/appl/1p/H2/cases/pool_051_150/chunk_2/case_106_case106_CGCH4_Q109365_CL244.3_CGR3.84_K350_Poro0.160/case106_CGCH4_Q109365_CL244.3_CGR3.84_K350_Poro0.160.json,,,,,,,,,,251571488.03503948,13572952.012292808,13580541.924635569,-5822226.950165051,-3.5514518122476935e-06,0.5972605432263557,0.5613957844762038,9,0.2696408575461054,0.9883235415406799,548674873.9501446,308023761.28362364,5478130854.23511,3271871409.865522,10,61602854.792186745,0.6973008315080217,0.6973008315080217,0.1478784741780743,0.7314827987755322,547045861.2691582,381455533.93600595,547045861.2691582,381455533.93600595,82733057.32832465,0.6688797111876463,0.6405890362368387,0.1960683011492277,0.9446635113980549,549568233.0285524,352047384.7421428,1096614094.2977011,733502918.6781486,103819026.72613089,0.6508142138236046,0.6146149263757,0.21312049152526133,0.9796565631767482,547272624.0372728,336361923.5301046,1643886718.334992,1069864842.2082531,124926065.2378577,0.6367145119944936,0.5944465564586687,0.22509537260370865,0.986200506604117,548366067.7579434,325974320.65749043,2192252786.092953,1395839162.8657436,146029020.408515,0.6258073539923656,0.5821859612036079,0.23675888512152538,0.9873099061084378,548154150.7466911,319127651.14020973,2740406936.839662,1714966814.0059528,167162732.9539507,0.6176613442132599,0.5768886701492577,0.24740627177164884,0.9875679802244405,547508404.0642004,315851395.116139,3287915340.90388,2030818209.1220891,188275721.7242229,0.6113138804733063,0.5731208579328247,0.25597163099536235,0.9878215602082088,546432882.715435,313172082.5445767,3834348223.6193333,2343990291.666663,209345510.4944951,0.6059353029200318,0.5681935418742786,0.26214907154066114,0.9880969495650154,546432882.715435,310479635.0266553,4380781106.334786,2654469926.693321,230458499.2647673,0.6012524831209815,0.56386347649061,0.26643741858432074,0.9882129278804596,548674873.9501446,309377721.8885758,4929455980.284948,2963847648.581897,251571488.03503948,0.5972605432263557,0.5613957844762038,0.2696408575461054,0.9883235415406799,548674873.9501446,308023761.28362364,5478130854.23511,3271871409.865522,0.0,0.0,0.0,0.0,0.0,0.0,0.0,0.0,0.0,0.0,4618485355.151323,0.0,2206244232.577795,0.0,1632568751716.5256,120166.8551917474,0.0,1104091.390472292,0.0,-7046485.19582909,0.035495928869458085,0.0,1024.8586468451883,0.0,552031.7881977151,0.0,945370.345626179,19.11959385605475,0.0,32.74285546298448
107,2,107,case107_CGH2_Q56910_CL241.2_CGR3.67_K100_Poro0.230,281.95,200000.0,0.23,100.0,H2,-2.1490547827465334,-2.1490547827465334,2.1490547827465334,442.35868749180764,120.60874521704336,120.60874521704336,2854.533591832675,43200.0,3.66771652168136,241.21749043408673,56909.759225330235,2.1490547827465334,100.0,0.23,0.2,8.8,0,11,11,143,Spilsby Sandstone Formation 1,107,pool_051_150,2,case107_CGH2_Q56910_CL241.2_CGR3.67_K100_Poro0.230,failed,/mnt/iusers01/ceas01/n71743ev/Dumux-Final/Aquifer/build-cmake/appl/1p/H2/cases/pool_051_150/chunk_2/case_107_case107_CGH2_Q56910_CL241.2_CGR3.67_K100_Poro0.230,3,2026-05-07T17:44:45,2026-05-07T17:54:45,/mnt/iusers01/ceas01/n71743ev/Dumux-Final/Aquifer/build-cmake/appl/1p/H2/appl_1p2pnc_box_H2,,,/opt/software/RI/apps/OpenMPI/4.1.8-GCC-13.2.0/bin/mpirun,2751760,2026-05-07T17:54:45,failed,,,/mnt/iusers01/ceas01/n71743ev/Dumux-Final/Aquifer/build-cmake/appl/1p/H2/cases/pool_051_150/chunk_2/case_107_case107_CGH2_Q56910_CL241.2_CGR3.67_K100_Poro0.230/case107_CGH2_Q56910_CL241.2_CGR3.67_K100_Poro0.230.json,failed_pressure_limit,inj_pressure_exceeded,0.0,200000.0,1361415.5891324051,1361415.5891324051,,,,0.0,542237.6796806125,1366418.7454533677,888.828845387208,3.6888245834456786e-10,0.0,0.0,-1,0.0,0.0,0.0,0.0,0.0,0.0,0,,,,,,,,,,,,,,,,,,,,,,,,,,,,,,,,,,,,,,,,,,,,,,,,,,,,,,,,,,,,,,,,,,,,,,,,,,,,,,,,,,,,,,,,,,,0.0,0.0,0.0,0.0,-270.0581887055407,0.0,0.0,-27.00581887055407,0.0,0.0,424048951.0833454,0.0,270.0581887055409,0.0,2409093739659.3633,0.1563600356457755,0.0,-1.7053025658242404e-13,0.0,888.6724853515625,0.0,0.0,0.0,0.0,0.0,0.0,0.0,0.0,0.0,0.0
108,2,108,case108_CGCO2_Q240050_CL191.8_CGR3.95_K100_Poro0.190,308.37,7300000.0,0.19,100.0,CO2,-9.064872268655957,-9.064872268655957,9.064872268655957,378.47808025084595,95.9249418434634,95.9249418434634,2296.9769171201137,43200.0,3.9455648653764235,191.8498836869268,240049.5801034348,9.064872268655957,100.0,0.19,7.3,35.22,0,5,5,16,Bunter Closure 41,108,pool_051_150,2,case108_CGCO2_Q240050_CL191.8_CGR3.95_K100_Poro0.190,failed,/mnt/iusers01/ceas01/n71743ev/Dumux-Final/Aquifer/build-cmake/appl/1p/H2/cases/pool_051_150/chunk_2/case_108_case108_CGCO2_Q240050_CL191.8_CGR3.95_K100_Poro0.190,3,2026-05-07T17:54:45,2026-05-07T18:04:45,/mnt/iusers01/ceas01/n71743ev/Dumux-Final/Aquifer/build-cmake/appl/1p/H2/appl_1p2pnc_box_H2,,,/opt/software/RI/apps/OpenMPI/4.1.8-GCC-13.2.0/bin/mpirun,2755921,2026-05-07T18:04:45,failed,,,/mnt/iusers01/ceas01/n71743ev/Dumux-Final/Aquifer/build-cmake/appl/1p/H2/cases/pool_051_150/chunk_2/case_108_case108_CGCO2_Q240050_CL191.8_CGR3.95_K100_Poro0.190/case108_CGCO2_Q240050_CL191.8_CGR3.95_K100_Poro0.190.json,failed_pressure_limit,inj_pressure_exceeded,183.5243055555556,7300000.0,11116954.245215341,11116954.245215341,,,,183.5243055555556,7728623.701283398,11122190.667331286,26638.712563147426,1.3383118896176493e-08,0.0,0.0,-1,0.0,0.0,0.0,0.0,0.0,0.0,0,,,,,,,,,,,,,,,,,,,,,,,,,,,,,,,,,,,,,,,,,,,,,,,,,,,,,,,,,,,,,,,,,,,,,,,,,,,,,,,,,,,,,,,,,,,0.0,-113.9125444997576,0.0,-11346.757362280545,0.0,0.0,0.0,0.0,0.0,0.0,2822308920.5442834,32252.477985661815,1.3023170565028165e-28,0.0,1987648846433.1797,37.76887666247785,-3.4378899727016687e-10,-6.86879273541105e-31,0.0,26600.94368648529,0.0,0.0,0.0,0.0,0.0,0.0,0.0,0.0,0.0,0.0
109,2,109,case109_CGCH4_Q250660_CL203.1_CGR0.40_K350_Poro0.140,318.9319,10300000.0,0.14,350.0,CH4,-9.465531487776884,-9.465531487776884,9.465531487776884,40.3850457095891,101.54784591212706,101.54784591212706,2071.3419639521303,43200.0,0.3976947550865403,203.09569182425412,250659.55611458147,9.465531487776884,350.0,0.14,10.3,45.7819,2,2,2,23,Bunter Sandstone Formation Zone 1,109,pool_051_150,2,case109_CGCH4_Q250660_CL203.1_CGR0.40_K350_Poro0.140,success,/mnt/iusers01/ceas01/n71743ev/Dumux-Final/Aquifer/build-cmake/appl/1p/H2/cases/pool_051_150/chunk_2/case_109_case109_CGCH4_Q250660_CL203.1_CGR0.40_K350_Poro0.140,0,2026-05-07T18:04:45,2026-05-07T23:01:14,/mnt/iusers01/ceas01/n71743ev/Dumux-Final/Aquifer/build-cmake/appl/1p/H2/appl_1p2pnc_box_H2,"[""case109_CGCH4_Q250660_CL203.1_CGR0.40_K350_Poro0.140.json"", ""case_summary.json""]","{""command"": ""/mnt/iusers01/ceas01/n71743ev/.conda/envs/test_env/bin/python3 /mnt/iusers01/ceas01/n71743ev/Dumux-Final/Aquifer/appl/1p/H2/vtk-merge-multi.py --input-dir /mnt/iusers01/ceas01/n71743ev/Dumux-Final/Aquifer/build-cmake/appl/1p/H2/cases/pool_051_150/chunk_2/case_109_case109_CGCH4_Q250660_CL203.1_CGR0.40_K350_Poro0.140 --num-parts 24 --simulation-name case109_CGCH4_Q250660_CL203.1_CGR0.40_K350_Poro0.140"", ""enabled"": true, ""ended_at"": ""2026-05-07T23:01:14"", ""input_dir"": ""/mnt/iusers01/ceas01/n71743ev/Dumux-Final/Aquifer/build-cmake/appl/1p/H2/cases/pool_051_150/chunk_2/case_109_case109_CGCH4_Q250660_CL203.1_CGR0.40_K350_Poro0.140"", ""num_parts"": 24, ""returncode"": 0, ""script"": ""/mnt/iusers01/ceas01/n71743ev/Dumux-Final/Aquifer/appl/1p/H2/vtk-merge-multi.py"", ""simulation_name"": ""case109_CGCH4_Q250660_CL203.1_CGR0.40_K350_Poro0.140"", ""started_at"": ""2026-05-07T22:12:42"", ""status"": ""success""}",/opt/software/RI/apps/OpenMPI/4.1.8-GCC-13.2.0/bin/mpirun,2759903,2026-05-07T22:12:42,success,,,/mnt/iusers01/ceas01/n71743ev/Dumux-Final/Aquifer/build-cmake/appl/1p/H2/cases/pool_051_150/chunk_2/case_109_case109_CGCH4_Q250660_CL203.1_CGR0.40_K350_Poro0.140/case109_CGCH4_Q250660_CL203.1_CGR0.40_K350_Poro0.140.json,,,,,,,,,,178959685.38006943,10539922.111992653,10539822.983632041,-2294036.9503835835,-1.61371713952075e-06,0.6096180443509411,0.603733877377216,9,0.32040558923743445,0.9973887006187814,1047079022.947271,632157078.4443028,10432792697.789371,6360018681.5451355,10,21019772.371580303,0.641878288976104,0.641878288976104,0.5340820999552054,0.7810562703267039,1044619651.9822375,670518674.8451718,1044619651.9822375,670518674.8451718,38564243.628419206,0.6256113586036065,0.6093308421452028,0.491332564267484,0.9697914691515125,1043747917.208443,635987797.379922,2088367569.1906805,1306506472.225093,56128797.51353702,0.6203737966182853,0.6098666171208116,0.43165556978698844,0.9934914200753003,1040998166.4851595,634870030.2232716,3129365735.675794,1941376502.4483657,73653460.11532885,0.6164982938471877,0.6048524690964477,0.4033356539152083,0.9964787624913107,1041391729.6539007,629888358.9777822,4170757465.329647,2571264861.4261484,91225936.2414654,0.6143293395873541,0.6056472870099221,0.3864184877590423,0.9970155911175134,1041940496.27222,631048434.793042,5212697961.60182,3202313296.2191935,108756180.87552328,0.6126352256639476,0.604160722607757,0.3698868292006586,0.9972018233816005,1042055697.7488098,629569123.3494513,6254753659.350581,3831882419.5686455,126285457.00165984,0.6115867585883109,0.6052928259678392,0.3545506881690657,0.9972928529900073,1041940496.27222,630679107.4789449,7296694155.622753,4462561527.047592,143857933.1277964,0.6106471052479481,0.6040990196816166,0.33961324599703574,0.9973447526942478,1047079022.947271,632539411.2916313,8343773178.569976,5095100938.339227,161387209.25393292,0.6102744875388673,0.6072905957926146,0.3298354174863436,0.9973635963161815,1041940496.27222,632760664.761609,9385713674.842148,5727861603.10083,178959685.38006943,0.6096180443509411,0.603733877377216,0.32040558923743445,0.9973887006187814,1047079022.947271,632157078.4443028,10432792697.789371,6360018681.5451355,0.0,0.0,0.0,0.0,0.0,0.0,0.0,0.0,0.0,0.0,2222233016.176748,0.0,3414345418.0291576,0.0,1415948961064.2954,-2819.149785170719,0.0,383940.25670017826,0.0,-2675158.0572985914,0.04713070513069363,0.0,200.79119732052462,0.0,186034.63125887967,0.0,320516.72833354236,43.66697079834252,0.0,75.23327523381768
110,3,110,case110_CGCH4_Q206782_CL263.1_CGR1.59_K350_Poro0.140,318.9319,10300000.0,0.14,350.0,CH4,-7.80860855271264,-7.80860855271264,7.80860855271264,209.7232132085292,131.53395598781287,131.53395598781287,2840.4023329647866,43200.0,1.594441614969452,263.06791197562575,206782.0867980838,7.80860855271264,350.0,0.14,10.3,45.7819,2,2,2,23,Bunter Sandstone Formation Zone 1,110,pool_051_150,3,case110_CGCH4_Q206782_CL263.1_CGR1.59_K350_Poro0.140,success,/mnt/iusers01/ceas01/n71743ev/Dumux-Final/Aquifer/build-cmake/appl/1p/H2/cases/pool_051_150/chunk_3/case_110_case110_CGCH4_Q206782_CL263.1_CGR1.59_K350_Poro0.140,0,2026-05-04T16:44:11,2026-05-04T21:27:15,/mnt/iusers01/ceas01/n71743ev/Dumux-Final/Aquifer/build-cmake/appl/1p/H2/appl_1p2pnc_box_H2,"[""case110_CGCH4_Q206782_CL263.1_CGR1.59_K350_Poro0.140.json"", ""case_summary.json""]",,/opt/software/RI/apps/OpenMPI/4.1.8-GCC-13.2.0/bin/mpirun,3607429,,,,,/mnt/iusers01/ceas01/n71743ev/Dumux-Final/Aquifer/build-cmake/appl/1p/H2/cases/pool_051_150/chunk_3/case_110_case110_CGCH4_Q206782_CL263.1_CGR1.59_K350_Poro0.140/case110_CGCH4_Q206782_CL263.1_CGR1.59_K350_Poro0.140.json,,,,,,,,,,245409624.1848708,10550145.285785144,10550063.224492634,-521447.6339041213,-3.6679672996506405e-07,0.60211211913985,0.575255962486359,9,0.2946962084880817,0.9943455773777471,1114824255.7734046,641309300.2580688,11147538799.606531,6712068209.824787,10,40838539.38522324,0.6897811449290795,0.6897811449290795,0.21330493474467938,0.7633105900792235,1116103259.8149614,769866984.414242,1116103259.8149614,769866984.414242,63560463.46224664,0.6620335746031809,0.6342521123613496,0.25628751524485127,0.9690335284301452,1114741672.8139305,707027260.7194599,2230844932.6288986,1476894245.133702,86273110.3260088,0.644485918337546,0.6093404715206561,0.2642939237498645,0.9920877332780481,1113831338.2002528,678702512.8134253,3344676270.829158,2155596757.9471283,109020714.28994396,0.631977894114434,0.5945334010037318,0.27313954747871,0.9943539192299172,1117261534.0344026,664249299.64012,4461937804.863549,2819846057.587246,131734958.92400184,0.6235157872711409,0.5896218940347641,0.2797842247542332,0.9946022502050836,1113988120.799074,656831785.7177775,5575925925.662507,3476677843.305023,154492403.55805972,0.6174522333679708,0.5871018851199525,0.2846465176829772,0.9945582293553045,1113988120.799074,654024525.7223697,6689914046.461465,4130702369.0273905,177206648.19211754,0.612506143427009,0.5828030290460088,0.2873685891519728,0.9945615910103366,1113988120.799074,649235651.1229714,7803902167.260423,4779938020.150359,199920892.82617536,0.6085109788610681,0.5805233613698001,0.28949379346377185,0.9944998647684175,1113988120.799074,646696128.4123054,8917890288.059454,5426634148.562671,222643658.5055231,0.6050963458636779,0.5777814374492556,0.2916926019016909,0.9944250611931941,1114824255.7734046,644124761.0040543,10032714543.832993,6070758909.56672,245409624.1848708,0.60211211913985,0.575255962486359,0.2946962084880817,0.9943455773777471,1114824255.7734046,641309300.2580688,11147538799.606531,6712068209.824787,0.0,0.0,0.0,0.0,0.0,0.0,0.0,0.0,0.0,0.0,2200263004.001324,0.0,3435679979.683053,0.0,1415989691339.1384,-541.0381551384753,0.0,84852.49636800257,0.0,-605759.0921169854,0.05227981693564378,0.0,59.462190016655775,0.0,39864.188140431215,0.0,71683.0731309318,35.04903633192852,0.0,63.024552906977654
111,3,111,case111_CGCH4_Q759887_CL49.7_CGR1.00_K100_Poro0.290,308.51275,7300000.0,0.29,100.0,CH4,-28.695233439584396,-28.695233439584396,28.695233439584396,24.732470445703076,24.85463190410716,24.85463190410716,521.8251085278462,20493.495171275412,0.9950849620756647,49.70926380821432,759887.015943976,28.695233439584396,100.0,0.29,7.3,35.36275,0,7,7,3,Bunter Closure 1,111,pool_051_150,3,case111_CGCH4_Q759887_CL49.7_CGR1.00_K100_Poro0.290,failed,/mnt/iusers01/ceas01/n71743ev/Dumux-Final/Aquifer/build-cmake/appl/1p/H2/cases/pool_051_150/chunk_3/case_111_case111_CGCH4_Q759887_CL49.7_CGR1.00_K100_Poro0.290,3,2026-05-04T21:27:15,2026-05-04T21:37:15,/mnt/iusers01/ceas01/n71743ev/Dumux-Final/Aquifer/build-cmake/appl/1p/H2/appl_1p2pnc_box_H2,,,/opt/software/RI/apps/OpenMPI/4.1.8-GCC-13.2.0/bin/mpirun,3628837,,,,,/mnt/iusers01/ceas01/n71743ev/Dumux-Final/Aquifer/build-cmake/appl/1p/H2/cases/pool_051_150/chunk_3/case_111_case111_CGCH4_Q759887_CL49.7_CGR1.00_K100_Poro0.290/case111_CGCH4_Q759887_CL49.7_CGR1.00_K100_Poro0.290.json,failed_pressure_limit,inj_pressure_exceeded,0.0,7300000.0,17381346.564056195,17381346.564056195,,,,0.0,7984925.771477111,17386367.287346568,7982.072862406944,2.6273346261529104e-09,0.0,0.0,-1,0.0,0.0,0.0,0.0,0.0,0.0,0,,,,,,,,,,,,,,,,,,,,,,,,,,,,,,,,,,,,,,,,,,,,,,,,,,,,,,,,,,,,,,,,,,,,,,,,,,,,,,,,,,,,,,,,,,,-360.5949382673701,0.0,-3605.9493826737007,0.0,0.0,0.0,0.0,0.0,0.0,0.0,4300423210.117879,0.0,0.0,0.0,3033787220043.281,11.298398753379843,0.0,0.0,0.0,7970.774463653564,0.0,0.0,0.0,0.0,0.0,0.0,0.0,0.0,0.0,0.0
112,3,112,case112_CGCO2_Q30692_CL318.2_CGR0.82_K1.6e03_Poro0.230,354.44,29700000.0,0.23,1600.0,CO2,-1.1590210036113167,-1.1590210036113167,1.1590210036113167,130.9737926639873,159.07927381447675,159.07927381447675,3312.5592689535224,43200.0,0.8233240542494118,318.1585476289535,30692.380102252675,1.1590210036113167,1600.0,0.23,29.7,81.29,3,14,14,54,Fulmar_021_16,112,pool_051_150,3,case112_CGCO2_Q30692_CL318.2_CGR0.82_K1.6e03_Poro0.230,failed_numerical_stall,/mnt/iusers01/ceas01/n71743ev/Dumux-Final/Aquifer/build-cmake/appl/1p/H2/cases/pool_051_150/chunk_3/case_112_case112_CGCO2_Q30692_CL318.2_CGR0.82_K1.6e03_Poro0.230,1,2026-05-04T21:37:15,2026-05-05T04:21:31,/mnt/iusers01/ceas01/n71743ev/Dumux-Final/Aquifer/build-cmake/appl/1p/H2/appl_1p2pnc_box_H2,,,/opt/software/RI/apps/OpenMPI/4.1.8-GCC-13.2.0/bin/mpirun,3629919,,,,,/mnt/iusers01/ceas01/n71743ev/Dumux-Final/Aquifer/build-cmake/appl/1p/H2/cases/pool_051_150/chunk_3/case_112_case112_CGCO2_Q30692_CL318.2_CGR0.82_K1.6e03_Poro0.230/case112_CGCO2_Q30692_CL318.2_CGR0.82_K1.6e03_Poro0.230.json,,,,,,,,,,286199819.63637227,29998370.639357492,29942582.489438973,13329.086959272136,5.550189769372086e-09,0.263878174518283,0.2506141581506359,9,0.4707012134177225,0.68128309543327,199807386.49217755,50074559.958015814,2002890034.1180794,528518965.9639403,9,38770750.431485675,0.23016751199208677,0.23016751199208677,0.7368670427553833,0.6372108236111327,200266512.17155632,46094844.84186008,200266512.17155632,46094844.84186008,66258993.29647591,0.2532921462696969,0.27640938062901466,0.5246676576861852,0.7787057515323619,200330618.27543986,55373262.1185419,400597130.4469991,101468106.96040215,93770984.20556681,0.2620459542402632,0.2795413588384909,0.48337379515454576,0.7651463938615588,200438368.47573835,56030813.88707803,601035498.9227343,157498920.8474806,121236380.7116432,0.2658851257412445,0.277403468564274,0.47200035354436054,0.7374467712217073,200330758.85920513,55572447.36765667,801366257.7819234,213071368.21513727,148751466.02884516,0.2678110501870452,0.27551432255104985,0.4668847597051208,0.715396673598514,200352628.46337464,55200018.70240885,1001718886.2452822,268271386.91754627,176216412.57109052,0.26832424823777545,0.27089152121923465,0.4655289242518837,0.7027465949300863,200243676.27246672,54244314.07998047,1201962562.5177572,322515700.99752736,203712470.20997941,0.2678879006698894,0.26526969281920226,0.4661990386381515,0.6935877440751821,200317725.23392355,53138221.43904427,1402280287.751702,375653922.4365719,231194434.54917213,0.26676853381946763,0.2589322721047066,0.4677676450757172,0.6878783852030131,200308020.10436013,51866210.76641722,1602588307.8560839,427520133.2029891,258714557.4658388,0.26534801753868165,0.2539935684040347,0.46935610267526906,0.6839019565612023,200494339.7697742,50924272.80293592,1803082647.62588,478444406.0059246,,,,,,,,,,0.0,0.0,0.0,0.0,0.0,0.0,0.0,0.0,0.0,0.0,9255407754.99847,153009932.8046277,1474371105.7349772,0.0,2390672385558.6543,-298.958126034119,174.14437306835725,23668.827121671096,0.0,-10214.926409433188,0.02349608690681778,0.016424991818163866,124.55748438882003,87.07218653433749,11834.413561009138,0.0,65164.29569654673,2.232402258965755,0.0,12.292364143515588
113,3,113,case113_CGCH4_Q32321_CL336.8_CGR2.56_K271_Poro0.220,322.38,11500000.0,0.22,271.0,CH4,-1.220519983486975,-1.220519983486975,1.220519983486975,431.18953113487225,168.41176981655673,168.41176981655673,3799.4249274660065,43200.0,2.5603289580327275,336.82353963311346,32320.95288942668,1.220519983486975,271.0,0.22,11.5,49.23,1,12,12,9,Bunter Closure 35,113,pool_051_150,3,case113_CGCH4_Q32321_CL336.8_CGR2.56_K271_Poro0.220,success,/mnt/iusers01/ceas01/n71743ev/Dumux-Final/Aquifer/build-cmake/appl/1p/H2/cases/pool_051_150/chunk_3/case_113_case113_CGCH4_Q32321_CL336.8_CGR2.56_K271_Poro0.220,0,2026-05-05T04:21:31,2026-05-05T09:53:50,/mnt/iusers01/ceas01/n71743ev/Dumux-Final/Aquifer/build-cmake/appl/1p/H2/appl_1p2pnc_box_H2,"[""case113_CGCH4_Q32321_CL336.8_CGR2.56_K271_Poro0.220.json"", ""case_summary.json""]",,/opt/software/RI/apps/OpenMPI/4.1.8-GCC-13.2.0/bin/mpirun,3652245,,,,,/mnt/iusers01/ceas01/n71743ev/Dumux-Final/Aquifer/build-cmake/appl/1p/H2/cases/pool_051_150/chunk_3/case_113_case113_CGCH4_Q32321_CL336.8_CGR2.56_K271_Poro0.220/case113_CGCH4_Q32321_CL336.8_CGR2.56_K271_Poro0.220.json,,,,,,,,,,328269831.0072062,11787366.82191512,11786381.358360294,-21809.1727247089,-9.545405596685936e-09,0.4930769040812166,0.47020309916850206,9,0.3093175383773189,0.985439133478139,223534362.94074002,105106550.22539271,2231223153.5661826,1100164604.8747423,10,66327669.992395036,0.5907167877510073,0.5907167877510073,0.22889532226479642,0.8322745472124431,222626973.69168136,131509490.76587804,222626973.69168136,131509490.76587804,95445281.16996665,0.5537919476395923,0.5169787279776101,0.2755326356795084,0.9679726878468706,223301995.41176623,115442381.54283704,445928969.1034499,246951872.30871508,124556500.7988729,0.5344413423385617,0.49578165511616873,0.2868177277556419,0.9818195407387892,223203964.9928555,110660431.19264928,669132934.096296,357612303.5013647,153646062.25720623,0.5221249720451907,0.4851472582520954,0.2958818618098394,0.9840735699674111,222871782.66189572,108125634.3001756,892004716.7581742,465737937.80153996,182735623.71553957,0.5135456761303674,0.4792085683498767,0.30269413964020087,0.9846452365111914,222871782.66189572,106802067.89499192,1114876499.42006,572540005.6965318,211825185.17387292,0.5069237834199422,0.47389712717165583,0.30624399546462305,0.9849847557706526,223534362.94074002,105932292.42176294,1338410862.3608222,678472298.1182954,240957946.63220626,0.5020942099268503,0.47317716317539915,0.308733655195086,0.9850672945518261,223534362.94074002,105771355.72851944,1561945225.3015845,784243653.8468152,270047508.0905396,0.4984961573945668,0.47328004027982984,0.31014310095484665,0.9851843411713621,222871782.66189572,105480766.27545948,1784817007.9635024,889724420.1222739,299137069.5488729,0.49562365407209114,0.472619877083629,0.31044972633482176,0.9852784931181532,222871782.66189572,105333634.52707444,2007688790.6254203,995058054.6493484,328269831.0072062,0.4930769040812166,0.47020309916850206,0.3093175383773189,0.985439133478139,223534362.94074002,105106550.22539271,2231223153.5661826,1100164604.8747423,0.0,0.0,0.0,0.0,0.0,0.0,0.0,0.0,0.0,0.0,4726636723.56587,0.0,1131058548.6907759,0.0,2278924496935.5645,-57.1620657031188,0.0,4655.953458117367,0.0,-26407.964117123145,0.009986391674719137,0.0,4.820689477329499,0.0,2327.9767288760163,0.0,5071.0135258898545,4.8225648081083206,0.0,10.504955254945827
114,3,114,case114_CGH2_Q270854_CL14.3_CGR2.07_K100_Poro0.140,285.4271,700000.0,0.14,100.0,H2,-10.228109648439387,-10.228109648439387,10.228109648439387,14.754783823513575,7.14261761643231,7.14261761643231,157.60713615215977,6189.662074339365,2.0657390071629638,14.28523523286462,270853.6153178255,10.228109648439387,100.0,0.14,0.7,12.2771,0,16,16,25,Bunter Sandstone Formation Zone 4,114,pool_051_150,3,case114_CGH2_Q270854_CL14.3_CGR2.07_K100_Poro0.140,failed,/mnt/iusers01/ceas01/n71743ev/Dumux-Final/Aquifer/build-cmake/appl/1p/H2/cases/pool_051_150/chunk_3/case_114_case114_CGH2_Q270854_CL14.3_CGR2.07_K100_Poro0.140,3,2026-05-05T09:53:50,2026-05-05T10:03:50,/mnt/iusers01/ceas01/n71743ev/Dumux-Final/Aquifer/build-cmake/appl/1p/H2/appl_1p2pnc_box_H2,,,/opt/software/RI/apps/OpenMPI/4.1.8-GCC-13.2.0/bin/mpirun,3667877,,,,,/mnt/iusers01/ceas01/n71743ev/Dumux-Final/Aquifer/build-cmake/appl/1p/H2/cases/pool_051_150/chunk_3/case_114_case114_CGH2_Q270854_CL14.3_CGR2.07_K100_Poro0.140/case114_CGH2_Q270854_CL14.3_CGR2.07_K100_Poro0.140.json,failed_pressure_limit,inj_pressure_exceeded,0.0,700000.0,7897536.599463662,7897536.599463662,,,,0.0,1271878.683813359,7902575.304085289,5641.7156496657335,3.846633928558214e-09,0.0,0.0,-1,0.0,0.0,0.0,0.0,0.0,0.0,0,,,,,,,,,,,,,,,,,,,,,,,,,,,,,,,,,,,,,,,,,,,,,,,,,,,,,,,,,,,,,,,,,,,,,,,,,,,,,,,,,,,,,,,,,,,0.0,0.0,0.0,0.0,-1285.3021652659227,0.0,0.0,-128.53021652659226,0.0,0.0,467698037.4744644,0.0,1285.3021652659886,0.0,1466195298624.7166,1.7989588393829763,0.0,-6.59383658785373e-11,0.0,5639.916690826416,0.0,0.0,0.0,0.0,0.0,0.0,0.0,0.0,0.0,0.0
115,3,115,case115_CGCH4_Q149962_CL168.5_CGR3.28_K350_Poro0.160,329.44345,13300000.0,0.16,350.0,CH4,-5.662936812842401,-5.662936812842401,5.662936812842401,276.13297999286743,84.2389445009511,84.2389445009511,1960.9118700118895,43200.0,3.2779729331692864,168.4778890019022,149961.91493789872,5.662936812842401,350.0,0.16,13.3,56.29345,2,19,19,24,Bunter Sandstone Formation Zone 2,115,pool_051_150,3,case115_CGCH4_Q149962_CL168.5_CGR3.28_K350_Poro0.160,success,/mnt/iusers01/ceas01/n71743ev/Dumux-Final/Aquifer/build-cmake/appl/1p/H2/cases/pool_051_150/chunk_3/case_115_case115_CGCH4_Q149962_CL168.5_CGR3.28_K350_Poro0.160,0,2026-05-05T10:03:50,2026-05-05T14:02:56,/mnt/iusers01/ceas01/n71743ev/Dumux-Final/Aquifer/build-cmake/appl/1p/H2/appl_1p2pnc_box_H2,"[""case115_CGCH4_Q149962_CL168.5_CGR3.28_K350_Poro0.160.json"", ""case_summary.json""]",,/opt/software/RI/apps/OpenMPI/4.1.8-GCC-13.2.0/bin/mpirun,3668737,,,,,/mnt/iusers01/ceas01/n71743ev/Dumux-Final/Aquifer/build-cmake/appl/1p/H2/cases/pool_051_150/chunk_3/case_115_case115_CGCH4_Q149962_CL168.5_CGR3.28_K350_Poro0.160/case115_CGCH4_Q149962_CL168.5_CGR3.28_K350_Poro0.160.json,,,,,,,,,,169402331.63467693,13561119.407661932,13561894.226394692,-5250323.3355731,-3.197642872790306e-06,0.6531570441700816,0.6228902424726462,9,0.2825590340735948,0.9957521303797323,515628898.08031625,321180209.3511516,5172333036.186702,3378345757.3789697,10,38398987.52956864,0.7400537206415042,0.7400537206415042,0.08695412311601892,0.6066451951235082,516469415.45704406,382215112.50652826,516469415.45704406,382215112.50652826,52945029.71458909,0.715260883745791,0.6905729616238154,0.1931368636963507,0.9043891199482504,518664224.38408995,358175489.5212401,1035133639.8411363,740390602.0277685,67514330.80711839,0.7006264006388001,0.6713392331856615,0.2261210955496743,0.9727086462936541,517245165.13826776,347246972.53291553,1552378804.9794064,1087637574.5606833,82077565.04867463,0.6894248803555109,0.6557783038955284,0.2424325904209676,0.9890010323996389,516813432.4751669,338915036.17899114,2069192237.4545758,1426552610.7396727,96636753.81894684,0.680308530552573,0.6437885938743442,0.2560954118613078,0.993415901500066,516525546.3710403,332533255.1983894,2585717783.825618,1759085865.9380617,111183342.58921905,0.6729653152166604,0.6361413851475369,0.26678105659978524,0.9947947148072597,515628898.08031625,328012881.4469105,3101346681.905936,2087098747.3849719,125723609.22594586,0.6661895423421956,0.6256417563427943,0.27325037048641787,0.9953529014364269,518253221.5661928,324240855.7709842,3619599903.4721303,2411339603.155954,140268076.0451753,0.6607101898097024,0.6224631877526812,0.27746339661192637,0.995582558547186,518552117.31712395,322779603.9611193,4138152020.789256,2734119207.117073,154855742.86440474,0.6565084354427104,0.622977575681527,0.28049943048526976,0.9956681492202589,518552117.31712395,323046340.91074467,4656704138.106381,3057165548.027816,169402331.63467693,0.6531570441700816,0.6228902424726462,0.2825590340735948,0.9957521303797323,515628898.08031625,321180209.3511516,5172333036.186702,3378345757.3789697,0.0,0.0,0.0,0.0,0.0,0.0,0.0,0.0,0.0,0.0,4839210235.37333,0.0,1793987278.6617088,0.0,1635302298238.0586,-880.3762440564697,0.0,1184787.503300837,0.0,-6434230.462629881,0.04237364434000236,0.0,866.7077395138676,0.0,592393.7515470079,0.0,862293.927522097,28.96233758264599,0.0,42.15785152888955
116,3,116,case116_CGCH4_Q32760_CL171.9_CGR2.98_K250_Poro0.150,309.15,8100000.0,0.15,250.0,CH4,-1.2370929728193907,-1.2370929728193907,1.2370929728193907,256.02621267626506,85.9416377316549,85.9416377316549,1974.858967309363,43200.0,2.979070674399807,171.8832754633098,32759.8271517879,1.2370929728193907,250.0,0.15,8.1,36.0,1,15,15,131,Orrin_012_26,116,pool_051_150,3,case116_CGCH4_Q32760_CL171.9_CGR2.98_K250_Poro0.150,success,/mnt/iusers01/ceas01/n71743ev/Dumux-Final/Aquifer/build-cmake/appl/1p/H2/cases/pool_051_150/chunk_3/case_116_case116_CGCH4_Q32760_CL171.9_CGR2.98_K250_Poro0.150,0,2026-05-05T14:02:56,2026-05-05T17:39:06,/mnt/iusers01/ceas01/n71743ev/Dumux-Final/Aquifer/build-cmake/appl/1p/H2/appl_1p2pnc_box_H2,"[""case116_CGCH4_Q32760_CL171.9_CGR2.98_K250_Poro0.150.json"", ""case_summary.json""]",,/opt/software/RI/apps/OpenMPI/4.1.8-GCC-13.2.0/bin/mpirun,3679939,,,,,/mnt/iusers01/ceas01/n71743ev/Dumux-Final/Aquifer/build-cmake/appl/1p/H2/cases/pool_051_150/chunk_3/case_116_case116_CGCH4_Q32760_CL171.9_CGR2.98_K250_Poro0.150/case116_CGCH4_Q32760_CL171.9_CGR2.98_K250_Poro0.150.json,,,,,,,,,,170598126.36624122,8382633.645951465,8382199.258115083,-2046997.4138847352,-1.3143051010613142e-06,0.5472531303548146,0.5193895425624079,9,0.3688226372122595,0.9946251595838866,115087836.27868186,59775418.63928186,1154702251.179957,631914421.5859828,10,36963735.63036069,0.659107479407928,0.659107479407928,0.20749845312160514,0.7598955169799989,115511280.34935988,76134348.83424912,115511280.34935988,76134348.83424912,51780481.85533628,0.618806407896109,0.5785007051393535,0.2690024969752268,0.9534147372323774,115498007.76023947,66815678.93148906,231009288.10959864,142950027.76573804,66642093.032907896,0.5973231681661019,0.5543638470678721,0.2957404836619823,0.9868380080235384,115523890.72832842,64042268.49240463,346533178.8379298,206992296.2581426,81510357.61624123,0.583115056100636,0.5405335787295823,0.3175926755426581,0.9918858397785782,115627323.0359054,62500450.71951942,462160501.8738395,269492746.97766197,96343919.07457456,0.5732888508717036,0.5338295640612399,0.33653142337654696,0.9931940965695356,115087836.27868186,61437289.46940009,577248338.1525257,330930036.447062,111220680.53290789,0.5653332263136343,0.5256615407318448,0.3497321835547137,0.9937571689987095,115759413.49001534,60850271.64937616,693007751.6425453,391780308.09643793,126054241.99124122,0.5595275326711834,0.5245682283000844,0.35974703413743536,0.9940689231888501,115087836.27868186,60371422.37559832,808095587.9212315,452151730.472036,140887803.44957453,0.554318730453155,0.5179570215965045,0.363484113945933,0.9943449397523406,115759413.49001534,59958401.03304657,923855001.4112512,512110131.50508255,155764564.90790787,0.550337697078811,0.5185657877127723,0.3668350308483583,0.9944881104140155,115759413.49001534,60028871.44161832,1039614414.9012709,572139002.9467009,170598126.36624122,0.5472531303548146,0.5193895425624079,0.3688226372122595,0.9946251595838866,115087836.27868186,59775418.63928186,1154702251.179957,631914421.5859828,0.0,0.0,0.0,0.0,0.0,0.0,0.0,0.0,0.0,0.0,2721704309.250251,0.0,522787829.59405047,0.0,1554230566149.954,-3844.199259674133,0.0,286439.606271666,0.0,-2329592.820896727,0.0119848480681693,0.0,355.81107469931874,0.0,143219.80313584136,0.0,317953.5320486007,4.824098244796601,0.0,10.70968568800305
117,3,117,case117_CGH2_Q122264_CL170.1_CGR2.16_K1.6e03_Poro0.230,368.15999999999997,34800000.0,0.23,1600.0,H2,-4.617010654849056,-4.617010654849056,4.617010654849056,183.3717621996931,85.07470233537316,85.07470233537316,1884.8658089071564,43200.0,2.155420555887729,170.14940467074632,122264.43309762479,4.617010654849056,1600.0,0.23,34.8,95.01,3,4,4,55,Fulmar_021_18,117,pool_051_150,3,case117_CGH2_Q122264_CL170.1_CGR2.16_K1.6e03_Poro0.230,success,/mnt/iusers01/ceas01/n71743ev/Dumux-Final/Aquifer/build-cmake/appl/1p/H2/cases/pool_051_150/chunk_3/case_117_case117_CGH2_Q122264_CL170.1_CGR2.16_K1.6e03_Poro0.230,0,2026-05-07T11:30:47,2026-05-07T16:26:54,/mnt/iusers01/ceas01/n71743ev/Dumux-Final/Aquifer/build-cmake/appl/1p/H2/appl_1p2pnc_box_H2,"[""case117_CGH2_Q122264_CL170.1_CGR2.16_K1.6e03_Poro0.230.json"", ""case_summary.json""]","{""command"": ""/mnt/iusers01/ceas01/n71743ev/.conda/envs/test_env/bin/python3 /mnt/iusers01/ceas01/n71743ev/Dumux-Final/Aquifer/appl/1p/H2/vtk-merge-multi.py --input-dir /mnt/iusers01/ceas01/n71743ev/Dumux-Final/Aquifer/build-cmake/appl/1p/H2/cases/pool_051_150/chunk_3/case_117_case117_CGH2_Q122264_CL170.1_CGR2.16_K1.6e03_Poro0.230 --num-parts 24 --simulation-name case117_CGH2_Q122264_CL170.1_CGR2.16_K1.6e03_Poro0.230"", ""enabled"": true, ""ended_at"": ""2026-05-07T16:26:54"", ""input_dir"": ""/mnt/iusers01/ceas01/n71743ev/Dumux-Final/Aquifer/build-cmake/appl/1p/H2/cases/pool_051_150/chunk_3/case_117_case117_CGH2_Q122264_CL170.1_CGR2.16_K1.6e03_Poro0.230"", ""num_parts"": 24, ""returncode"": 0, ""script"": ""/mnt/iusers01/ceas01/n71743ev/Dumux-Final/Aquifer/appl/1p/H2/vtk-merge-multi.py"", ""simulation_name"": ""case117_CGH2_Q122264_CL170.1_CGR2.16_K1.6e03_Poro0.230"", ""started_at"": ""2026-05-07T15:34:08"", ""status"": ""success""}",/opt/software/RI/apps/OpenMPI/4.1.8-GCC-13.2.0/bin/mpirun,3248033,2026-05-07T15:34:08,success,,,/mnt/iusers01/ceas01/n71743ev/Dumux-Final/Aquifer/build-cmake/appl/1p/H2/cases/pool_051_150/chunk_3/case_117_case117_CGH2_Q122264_CL170.1_CGR2.16_K1.6e03_Poro0.230/case117_CGH2_Q122264_CL170.1_CGR2.16_K1.6e03_Poro0.230.json,,,,,,,,,,162834700.74746257,35094979.1544494,35128221.711834185,-388547.1684223305,-1.6233871248744782e-07,0.3701707019589293,0.3658540226780502,9,0.3841086593716198,0.7458752489737237,426356982.25467116,155984417.0547455,4262140591.2545695,1577719574.51235,10,30533558.95433215,0.4068196240061395,0.4068196240061395,0.2301556780063111,0.7962093545938901,426092028.1895799,173342598.7000983,426092028.1895799,173342598.7000983,45213634.09432212,0.3891605691418643,0.3714828981114586,0.3786655498769466,0.7425559880745105,425643315.2356996,158119212.30552685,851735343.4252845,331461811.00562495,59906932.12776179,0.38076666606146226,0.36402467541294864,0.4467977466123246,0.7405425447897411,427033085.42921793,155450580.31396103,1278768428.85451,486912391.319586,74629151.92046072,0.3763061430238364,0.3629717475139081,0.4602584158182222,0.739752121321347,427764125.6736608,155266292.21952766,1706532554.5281785,642178683.5391136,89334555.046493,0.374100995764307,0.3652605618589679,0.45957035603958835,0.7393931981683463,425675439.2609669,155482450.11402372,2132207993.7891529,797661133.6531374,104036263.47555555,0.3728647748940168,0.3666618927573909,0.45581671321831485,0.7399722950097588,424944399.01652396,155810917.66005063,2557152392.8056836,953472051.3131877,118716136.99429683,0.3719190666360913,0.36622928641450364,0.44852597997085975,0.7416253586997531,425028742.84520257,155657973.1978521,2982181135.6508937,1109130024.5110393,133417993.84637146,0.37109269041239873,0.3653186047524723,0.434546377502006,0.7430823180966893,426804126.2959925,155919487.92104995,3408985261.946894,1265049512.4320889,148146352.82518217,0.3706505117029519,0.3671186781940895,0.4154623231406399,0.743376826338571,426798347.0529886,156685645.02551544,3835783608.999891,1421735157.4576051,162834700.74746257,0.3701707019589293,0.3658540226780502,0.3841086593716198,0.7458752489737237,426356982.25467116,155984417.0547455,4262140591.2545695,1577719574.51235,0.0,0.0,0.0,0.0,0.0,0.0,0.0,0.0,0.0,0.0,11060158312.955824,0.0,3605437040.2314563,0.0,2378769479181.935,-7139.034619844961,0.0,616806.9447754796,0.0,-998215.078577965,0.11821949915318311,0.0,2093.093033358944,0.0,308403.4723880859,0.0,716739.2615776364,17.41886455200372,0.0,40.481982968121464
118,3,118,case118_CGN2_Q81645_CL234.8_CGR3.43_K330_Poro0.140,333.58,17300000.0,0.14,330.0,N2,-3.0831241611778615,-3.0831241611778615,3.0831241611778615,402.1361369080217,117.3815562467949,117.3815562467949,2749.7672618439196,43200.0,3.4258886128799473,234.7631124935898,81645.12839928133,3.0831241611778615,330.0,0.14,17.3,60.43,2,13,13,129,Nansen_210_25,118,pool_051_150,3,case118_CGN2_Q81645_CL234.8_CGR3.43_K330_Poro0.140,success,/mnt/iusers01/ceas01/n71743ev/Dumux-Final/Aquifer/build-cmake/appl/1p/H2/cases/pool_051_150/chunk_3/case_118_case118_CGN2_Q81645_CL234.8_CGR3.43_K330_Poro0.140,0,2026-05-05T21:18:11,2026-05-06T02:13:29,/mnt/iusers01/ceas01/n71743ev/Dumux-Final/Aquifer/build-cmake/appl/1p/H2/appl_1p2pnc_box_H2,"[""case118_CGN2_Q81645_CL234.8_CGR3.43_K330_Poro0.140.json"", ""case_summary.json""]",,/opt/software/RI/apps/OpenMPI/4.1.8-GCC-13.2.0/bin/mpirun,3700116,,,,,/mnt/iusers01/ceas01/n71743ev/Dumux-Final/Aquifer/build-cmake/appl/1p/H2/cases/pool_051_150/chunk_3/case_118_case118_CGN2_Q81645_CL234.8_CGR3.43_K330_Poro0.140/case118_CGN2_Q81645_CL234.8_CGR3.43_K330_Poro0.140.json,,,,,,,,,,237554709.5909981,17580055.496816255,17588880.509612102,-2201396.752853042,-1.526208613715839e-06,0.5935977554792699,0.5576485713166928,9,0.24251848970430484,0.9769272688069098,391561155.9814123,218353519.21614724,3927351935.1942234,2331267293.708458,10,55014361.43671642,0.6478309033233033,0.6478309033233033,0.18986865179130363,0.6553998669217499,391652121.07197136,253724347.38254294,391652121.07197136,253724347.38254294,75285560.90666424,0.6424927778437349,0.6371601383391775,0.23021712513532644,0.9103606100144741,392055034.8167369,249801840.22040313,783707155.8887038,503526187.6029463,95554914.19741283,0.6356425066048976,0.6220047371819941,0.21983768106189325,0.9672480993757835,393657234.0521611,244856664.4064052,1177364389.9408557,748382852.0093516,115877766.01614746,0.6276306301837642,0.6036926814578298,0.21213906946365702,0.9789950516621277,394056236.93377405,237888866.31973198,1571420626.8746204,986271718.3290838,136132848.93642706,0.6206806063230282,0.5927793377866092,0.21669408562435435,0.979890903428046,391430620.3598357,232031983.92630503,1962851247.234447,1218303702.2553887,156434501.06734127,0.6139051918816368,0.5800853776639159,0.22298358215912853,0.9793469233291948,393234882.9945404,228109805.61251372,2356086130.2290077,1446413507.8679023,176692953.19825548,0.6076156766046602,0.5699317366726956,0.22892675122963405,0.978792096004287,393234882.9945404,224117039.78536266,2749321013.2235937,1670530547.6532638,196994605.3291697,0.6022872105405971,0.565032978142415,0.2344401244144753,0.9778848392019368,393234882.9945404,222190677.0478893,3142555896.2181797,1892721224.7011535,217296257.4600839,0.597578846269502,0.5599517217657695,0.23890514015963893,0.9773010871225842,393234882.9945404,220192549.7911538,3535790779.2127657,2112913774.492308,237554709.5909981,0.5935977554792699,0.5576485713166928,0.24251848970430484,0.9769272688069098,391561155.9814123,218353519.21614724,3927351935.1942234,2331267293.708458,0.0,0.0,0.0,0.0,0.0,0.0,0.0,0.0,0.0,0.0,3504133468.7684183,2.455964855814388e-25,1596084641.485447,1286950785.5838516,1436008538394.3552,-9012.184585281262,-2.7123263397306796e-30,747662.1082228229,757.6283346363207,-2940804.3048252203,0.021801818751179543,-5.385482489807866e-35,549.0097439879671,-1.3561631700204511e-30,373831.0541095555,378.81416543538467,600877.9967094327,14.845268184233817,0.015043153360466788,23.86156770310079
119,3,119,case119_CGH2_Q23252_CL223.6_CGR0.73_K100_Poro0.230,281.95,200000.0,0.23,100.0,H2,-0.8780470607421912,-0.8780470607421912,0.8780470607421912,81.73116063530848,111.77625422133302,111.77625422133302,2317.256245061969,43200.0,0.731203252467819,223.55250844266604,23251.825507903108,0.8780470607421912,100.0,0.23,0.2,8.8,0,11,11,143,Spilsby Sandstone Formation 1,119,pool_051_150,3,case119_CGH2_Q23252_CL223.6_CGR0.73_K100_Poro0.230,failed,/mnt/iusers01/ceas01/n71743ev/Dumux-Final/Aquifer/build-cmake/appl/1p/H2/cases/pool_051_150/chunk_3/case_119_case119_CGH2_Q23252_CL223.6_CGR0.73_K100_Poro0.230,3,2026-05-06T02:13:29,2026-05-06T02:23:29,/mnt/iusers01/ceas01/n71743ev/Dumux-Final/Aquifer/build-cmake/appl/1p/H2/appl_1p2pnc_box_H2,,,/opt/software/RI/apps/OpenMPI/4.1.8-GCC-13.2.0/bin/mpirun,3713350,,,,,/mnt/iusers01/ceas01/n71743ev/Dumux-Final/Aquifer/build-cmake/appl/1p/H2/cases/pool_051_150/chunk_3/case_119_case119_CGH2_Q23252_CL223.6_CGR0.73_K100_Poro0.230/case119_CGH2_Q23252_CL223.6_CGR0.73_K100_Poro0.230.json,failed_pressure_limit,inj_pressure_exceeded,0.0,200000.0,712687.2448266122,712687.2448266122,,,,0.0,517109.6878731235,717688.5550720973,368.67084537353355,1.5300606910633096e-10,0.0,0.0,-1,0.0,0.0,0.0,0.0,0.0,0.0,0,,,,,,,,,,,,,,,,,,,,,,,,,,,,,,,,,,,,,,,,,,,,,,,,,,,,,,,,,,,,,,,,,,,,,,,,,,,,,,,,,,,,,,,,,,,0.0,0.0,0.0,0.0,-110.33864782135117,0.0,0.0,-11.033864782135117,0.0,0.0,424048951.17488766,0.0,110.33864782135126,0.0,2409093740179.4297,0.06481777038425207,0.0,-8.526512829121202e-14,0.0,368.6060276031494,0.0,0.0,0.0,0.0,0.0,0.0,0.0,0.0,0.0,0.0
120,3,120,case120_CGCO2_Q358120_CL131.1_CGR1.26_K1.6e03_Poro0.230,354.44,29700000.0,0.23,1600.0,CO2,-13.523502003456882,-13.523502003456882,13.523502003456882,82.30073422325273,65.57497351043611,65.57497351043611,1393.8002044319749,43200.0,1.255063171472799,131.14994702087222,358119.88092570356,13.523502003456882,1600.0,0.23,29.7,81.29,3,14,14,54,Fulmar_021_16,120,pool_051_150,3,case120_CGCO2_Q358120_CL131.1_CGR1.26_K1.6e03_Poro0.230,failed_numerical_stall,/mnt/iusers01/ceas01/n71743ev/Dumux-Final/Aquifer/build-cmake/appl/1p/H2/cases/pool_051_150/chunk_3/case_120_case120_CGCO2_Q358120_CL131.1_CGR1.26_K1.6e03_Poro0.230,1,2026-05-06T02:23:29,2026-05-06T05:50:58,/mnt/iusers01/ceas01/n71743ev/Dumux-Final/Aquifer/build-cmake/appl/1p/H2/appl_1p2pnc_box_H2,,,/opt/software/RI/apps/OpenMPI/4.1.8-GCC-13.2.0/bin/mpirun,3714124,,,,,/mnt/iusers01/ceas01/n71743ev/Dumux-Final/Aquifer/build-cmake/appl/1p/H2/cases/pool_051_150/chunk_3/case_120_case120_CGCO2_Q358120_CL131.1_CGR1.26_K1.6e03_Poro0.230/case120_CGCO2_Q358120_CL131.1_CGR1.26_K1.6e03_Poro0.230.json,,,,,,,,,,120389872.42817385,29985528.589017026,30019101.87652388,-6413964.686982442,-2.6900317636363316e-06,0.5291650661444488,0.5378755592634663,9,0.22008974630600237,0.8618531553100549,963191846.0134224,518077352.8524801,9621775425.753073,5091507429.595656,9,18415290.769926723,0.4736571216143471,0.4736571216143471,0.48963393085482887,0.35729286710307817,958576981.5975713,454036813.94927454,958576981.5975713,454036813.94927454,29752769.397987556,0.4804915399221988,0.487286393394444,0.5602927324005612,0.6951729405835624,964158550.1852683,469821342.5801954,1922735531.7828517,923858156.5294702,41087148.561816305,0.49371679105513744,0.5200828287872196,0.42332721030563064,0.8030295580809745,964447541.509291,501592605.6050315,2887183073.292134,1425450762.134502,52393869.44977894,0.5060169669262132,0.5430192707211748,0.3305363577331138,0.8334920517261561,959747257.0968655,521161255.62538785,3846930330.388984,1946612017.7598894,63746514.08383681,0.5139089710053721,0.5452871319849394,0.27608060973264986,0.8468588569592025,967551599.9625052,527593436.99099386,4814481930.351475,2474205454.750884,75063116.45089222,0.5197899012799739,0.5492395073500175,0.24898446085895667,0.8530425768810698,961426528.8770841,528053433.0736871,5775908459.228543,3002258887.8245707,86408667.12690403,0.5233961072534055,0.5449688275008272,0.23689196035849996,0.8557552655720342,965530324.815904,526183929.03141606,6741438784.044434,3528442816.8559875,97755671.26480946,0.5263943921050714,0.5474657712839416,0.23033941111476192,0.8568327807830036,959251580.6890111,525157406.47724956,7700690364.73343,4053600223.3332343,109058082.2581551,0.528196099815287,0.5426803794685539,0.22489562543102454,0.859549173460327,957893215.0062551,519829853.40994763,8658583579.73967,4573430076.74318,,,,,,,,,,0.0,0.0,0.0,0.0,0.0,0.0,0.0,0.0,0.0,0.0,9173473267.181997,818673211.0383028,4530268945.671406,0.0,2369822919707.8286,-60832.87456335606,87658.12612752002,4697641.240705974,0.0,-11138431.179252582,0.13163617269689917,1.2716890914310897,4536.871593427709,43829.063063617235,2348820.620353082,0.0,3459881.558864637,68.15043151380803,0.0,100.38758140153195
121,3,121,case121_CGCH4_Q117559_CL93.6_CGR3.20_K307_Poro0.180,373.62,41400000.0,0.18,306.6,CH4,-4.4393144868866665,-4.4393144868866665,4.4393144868866665,149.54921763980118,46.78308998695077,46.78308998695077,1085.2110173788165,42619.196318877155,3.196651133593677,93.56617997390154,117558.80799435065,4.4393144868866665,306.6,0.18,41.4,100.47,1,6,6,61,Fulmar_021_30,121,pool_051_150,3,case121_CGCH4_Q117559_CL93.6_CGR3.20_K307_Poro0.180,success,/mnt/iusers01/ceas01/n71743ev/Dumux-Final/Aquifer/build-cmake/appl/1p/H2/cases/pool_051_150/chunk_3/case_121_case121_CGCH4_Q117559_CL93.6_CGR3.20_K307_Poro0.180,0,2026-05-06T05:50:58,2026-05-06T08:06:28,/mnt/iusers01/ceas01/n71743ev/Dumux-Final/Aquifer/build-cmake/appl/1p/H2/appl_1p2pnc_box_H2,"[""case121_CGCH4_Q117559_CL93.6_CGR3.20_K307_Poro0.180.json"", ""case_summary.json""]",,/opt/software/RI/apps/OpenMPI/4.1.8-GCC-13.2.0/bin/mpirun,3723465,,,,,/mnt/iusers01/ceas01/n71743ev/Dumux-Final/Aquifer/build-cmake/appl/1p/H2/cases/pool_051_150/chunk_3/case_121_case121_CGCH4_Q117559_CL93.6_CGR3.20_K307_Poro0.180/case121_CGCH4_Q117559_CL93.6_CGR3.20_K307_Poro0.180.json,,,,,,,,,,93754087.01586251,41675349.80132471,41676474.3413505,-464241.8726781293,-2.4679171665560713e-07,0.7129987128218273,0.697076544915751,9,0.1908651982076759,0.9872044232378338,225649654.41165614,157295081.45871052,2253436333.2928777,1606697205.0637598,10,20969250.85873633,0.715494523040656,0.715494523040656,0.034203832786000796,0.4624338673696806,225867964.0910489,161607291.23748904,225867964.0910489,161607291.23748904,29057648.426525738,0.7213194269609798,0.7271576686258139,0.1418976127653938,0.725286721030807,225351957.83943045,163866404.28278294,451219921.9304802,325473695.520272,37140724.37989015,0.7204374916953878,0.7186692723275085,0.1777286450223353,0.8577727864524232,225055085.87864876,161740174.80201346,676275007.8091263,487213870.3222858,45248308.71900752,0.7189020120786084,0.7143158629544736,0.18615878520884502,0.9219567656715664,226422312.42917848,161737049.49499604,902697320.2383001,648950919.8172818,53311313.76368761,0.7191924822494694,0.7203633852626196,0.19367724551064794,0.9505737790206995,223935408.739403,161314869.11968476,1126632728.9777012,810265788.9369667,61418628.62277616,0.7178411322083426,0.7111166347008688,0.19524424446385213,0.9663306655723117,226407279.19712573,161001982.4544401,1353040008.174833,971267771.3914073,69507025.42433588,0.7168097582491704,0.710617264923513,0.19542992592573158,0.9753279360387044,225351915.09444863,160138961.5496928,1578391923.2692878,1131406732.9411013,77562379.63999571,0.7162468879662732,0.7122719630096749,0.19574362347567253,0.9808459434329061,223508599.0475837,159198908.5931648,1801900522.3168776,1290605641.5342658,85660353.05197442,0.7147705124509071,0.7029934214917609,0.19385170173627536,0.9846641496802117,225886156.5643316,158796482.07078305,2027786678.8812153,1449402123.6050491,93754087.01586251,0.7129987128218273,0.697076544915751,0.1908651982076759,0.9872044232378338,225649654.41165614,157295081.45871052,2253436333.2928777,1606697205.0637598,0.0,0.0,0.0,0.0,0.0,0.0,0.0,0.0,0.0,0.0,11203911585.312338,0.0,646739128.2294006,0.0,1869257349868.0557,-3235.523368039476,0.0,470318.7177267774,0.0,-931325.0670368673,0.27572573967132585,0.0,2245.7546251366566,0.0,235159.35886415132,0.0,216966.05757403365,28.872026996051414,0.0,26.63831838018884
122,3,122,case122_CGCH4_Q174323_CL135.7_CGR1.54_K100_Poro0.160,314.27,8900000.0,0.16,100.0,CH4,-6.58286502374024,-6.58286502374024,6.58286502374024,104.56141855525088,67.83839777392868,67.83839777392868,1461.3293740338245,43200.0,1.541330897933374,135.67679554785735,174322.8076462162,6.58286502374024,100.0,0.16,8.9,41.12,0,9,9,17,Bunter Closure 42,122,pool_051_150,3,case122_CGCH4_Q174323_CL135.7_CGR1.54_K100_Poro0.160,failed,/mnt/iusers01/ceas01/n71743ev/Dumux-Final/Aquifer/build-cmake/appl/1p/H2/cases/pool_051_150/chunk_3/case_122_case122_CGCH4_Q174323_CL135.7_CGR1.54_K100_Poro0.160,3,2026-05-06T08:06:28,2026-05-06T08:16:28,/mnt/iusers01/ceas01/n71743ev/Dumux-Final/Aquifer/build-cmake/appl/1p/H2/appl_1p2pnc_box_H2,,,/opt/software/RI/apps/OpenMPI/4.1.8-GCC-13.2.0/bin/mpirun,3729790,,,,,/mnt/iusers01/ceas01/n71743ev/Dumux-Final/Aquifer/build-cmake/appl/1p/H2/cases/pool_051_150/chunk_3/case_122_case122_CGCH4_Q174323_CL135.7_CGR1.54_K100_Poro0.160/case122_CGCH4_Q174323_CL135.7_CGR1.54_K100_Poro0.160.json,failed_pressure_limit,inj_pressure_exceeded,10.0,8900000.0,14873126.048511202,14873126.048511202,,,,10.0,9423197.574047554,14878184.045219734,5792.233610227544,3.4556025630687716e-09,0.0,0.0,-1,0.0,0.0,0.0,0.0,0.0,0.0,0,,,,,,,,,,,,,,,,,,,,,,,,,,,,,,,,,,,,,,,,,,,,,,,,,,,,,,,,,,,,,,,,,,,,,,,,,,,,,,,,,,,,,,,,,,,-82.72272159262215,0.0,-1034.0340199077768,0.0,0.0,0.0,0.0,0.0,0.0,0.0,2634531151.975939,0.0,0.0,0.0,1673551750259.8862,9.103579595525389,0.0,0.0,0.0,5783.130030632019,0.0,0.0,0.0,0.0,0.0,0.0,0.0,0.0,0.0,0.0
123,3,123,case123_CGH2_Q254799_CL184.8_CGR2.11_K350_Poro0.160,329.44345,13300000.0,0.16,350.0,H2,-9.621837522002501,-9.621837522002501,9.621837522002501,194.8989255232482,92.3763512163782,92.3763512163782,2042.4259498508122,43200.0,2.1098357204727187,184.7527024327564,254798.74272101955,9.621837522002501,350.0,0.16,13.3,56.29345,2,19,19,24,Bunter Sandstone Formation Zone 2,123,pool_051_150,3,case123_CGH2_Q254799_CL184.8_CGR2.11_K350_Poro0.160,success,/mnt/iusers01/ceas01/n71743ev/Dumux-Final/Aquifer/build-cmake/appl/1p/H2/cases/pool_051_150/chunk_3/case_123_case123_CGH2_Q254799_CL184.8_CGR2.11_K350_Poro0.160,0,2026-05-06T08:16:28,2026-05-06T12:15:56,/mnt/iusers01/ceas01/n71743ev/Dumux-Final/Aquifer/build-cmake/appl/1p/H2/appl_1p2pnc_box_H2,"[""case123_CGH2_Q254799_CL184.8_CGR2.11_K350_Poro0.160.json"", ""case_summary.json""]",,/opt/software/RI/apps/OpenMPI/4.1.8-GCC-13.2.0/bin/mpirun,3730647,,,,,/mnt/iusers01/ceas01/n71743ev/Dumux-Final/Aquifer/build-cmake/appl/1p/H2/cases/pool_051_150/chunk_3/case_123_case123_CGH2_Q254799_CL184.8_CGR2.11_K350_Poro0.160/case123_CGH2_Q254799_CL184.8_CGR2.11_K350_Poro0.160.json,,,,,,,,,,176458026.9840695,13543669.94556186,13543577.074018558,-3428912.6969282846,-2.102589340527448e-06,0.6803445020753414,0.6391768124901555,9,0.2947855220779847,0.997855314588849,963903234.4244208,616104596.9283524,9653774218.161255,6567892213.602687,10,32766822.779048663,0.875840884927561,0.875840884927561,0.07481107106402013,0.9989510273994975,967848803.5919915,847681552.614091,967848803.5919915,847681552.614091,48739011.54932088,0.8012665121183122,0.7264640178699788,0.1857156502610729,0.9993169438087953,964897203.3263632,700963099.1599758,1932746006.918355,1548644651.7740657,64704878.186047666,0.7610562167167513,0.6804487639379488,0.23211707992950337,0.9992005142758134,964132784.1938535,656042961.2767608,2896878791.1121745,2204687613.0508275,80647266.00061733,0.7349244842177023,0.6566015598117556,0.2587966841934626,0.9989040400964243,966517302.8931836,634616768.6647154,3863396094.0053144,2839304381.7155414,96652345.01205249,0.7178009813025535,0.649520819685589,0.275215765007787,0.9985850030208423,968874014.230022,629303843.8947508,4832270108.235293,3468608225.61029,112585713.1558767,0.7058780525074857,0.6461056496755176,0.2849372345881272,0.998338488350664,963903234.4244208,622783325.5021232,5796173342.659669,4091391551.1124105,128557901.9261489,0.6971036694394399,0.6443956244145413,0.29047063386083555,0.9981548706635555,964897203.3263632,621775535.8333365,6761070545.985988,4713167086.945749,144521870.0699731,0.6903587936693593,0.6430484628427529,0.2934304011372295,0.998020482838789,963903234.4244208,619836493.2257814,7724973780.410363,5333003580.171528,160494058.8402453,0.6849109299566413,0.6412952948455325,0.29464515258425605,0.9979228993220233,964897203.3263632,618784036.5028098,8689870983.7367,5951787616.674336,176458026.9840695,0.6803445020753414,0.6391768124901555,0.2947855220779847,0.997855314588849,963903234.4244208,616104596.9283524,9653774218.161255,6567892213.602687,0.0,0.0,0.0,0.0,0.0,0.0,0.0,0.0,0.0,0.0,2927965213.020071,0.0,4392488260.221397,0.0,1623484302755.6282,-6893.571307852904,0.0,754043.4327010633,0.0,-4176062.558321495,0.02850498752591076,0.0,215.9276475824487,0.0,365255.98466220684,0.0,550443.3186869429,48.21808324746806,0.0,72.66498805763673
124,3,124,case124_CGN2_Q670396_CL125.4_CGR2.25_K100_Poro0.140,330.71,13700000.0,0.14,100.0,N2,-25.315841372879955,-25.315841372879955,25.315841372879955,141.36905653753297,62.6986315669483,62.6986315669483,1395.341687876499,43200.0,2.254739106811,125.3972631338966,670396.3289739809,25.315841372879955,100.0,0.14,13.7,57.56,0,1,1,22,Bunter Closure 7,124,pool_051_150,3,case124_CGN2_Q670396_CL125.4_CGR2.25_K100_Poro0.140,failed,/mnt/iusers01/ceas01/n71743ev/Dumux-Final/Aquifer/build-cmake/appl/1p/H2/cases/pool_051_150/chunk_3/case_124_case124_CGN2_Q670396_CL125.4_CGR2.25_K100_Poro0.140,3,2026-05-06T12:15:56,2026-05-06T12:25:56,/mnt/iusers01/ceas01/n71743ev/Dumux-Final/Aquifer/build-cmake/appl/1p/H2/appl_1p2pnc_box_H2,,,/opt/software/RI/apps/OpenMPI/4.1.8-GCC-13.2.0/bin/mpirun,3741372,,,,,/mnt/iusers01/ceas01/n71743ev/Dumux-Final/Aquifer/build-cmake/appl/1p/H2/cases/pool_051_150/chunk_3/case_124_case124_CGN2_Q670396_CL125.4_CGR2.25_K100_Poro0.140/case124_CGN2_Q670396_CL125.4_CGR2.25_K100_Poro0.140.json,failed_pressure_limit,inj_pressure_exceeded,0.0,13700000.0,29945847.15691768,29945847.15691768,,,,0.0,14600768.055041667,29950943.148046467,12446.101019686084,8.48599922324104e-09,0.0,0.0,-1,0.0,0.0,0.0,0.0,0.0,0.0,0,,,,,,,,,,,,,,,,,,,,,,,,,,,,,,,,,,,,,,,,,,,,,,,,,,,,,,,,,,,,,,,,,,,,,,,,,,,,,,,,,,,,,,,,,,,0.0,0.0,0.0,0.0,0.0,-3181.282451059368,0.0,0.0,-318.1282451059368,0.0,2957017548.7197847,0.0,0.0,3181.2824510593714,1463705972309.0864,25.092984026297927,0.0,0.0,-3.183231456205249e-12,12421.00803565979,0.0,0.0,0.0,0.0,0.0,0.0,0.0,0.0,0.0,0.0
125,3,125,case125_CGN2_Q12828_CL192.4_CGR2.14_K500_Poro0.230,367.69,30900000.0,0.23,500.0,N2,-0.484420062116593,-0.484420062116593,0.484420062116593,205.86531455598197,96.17641926035512,96.17641926035512,2129.3936997630844,43200.0,2.1404967677024103,192.35283852071024,12828.07182036658,0.484420062116593,500.0,0.23,30.9,94.54,3,17,17,86,Fulmar_030_29,125,pool_051_150,3,case125_CGN2_Q12828_CL192.4_CGR2.14_K500_Poro0.230,success,/mnt/iusers01/ceas01/n71743ev/Dumux-Final/Aquifer/build-cmake/appl/1p/H2/cases/pool_051_150/chunk_3/case_125_case125_CGN2_Q12828_CL192.4_CGR2.14_K500_Poro0.230,0,2026-05-06T12:25:56,2026-05-06T15:58:54,/mnt/iusers01/ceas01/n71743ev/Dumux-Final/Aquifer/build-cmake/appl/1p/H2/appl_1p2pnc_box_H2,"[""case125_CGN2_Q12828_CL192.4_CGR2.14_K500_Poro0.230.json"", ""case_summary.json""]",,/opt/software/RI/apps/OpenMPI/4.1.8-GCC-13.2.0/bin/mpirun,3742165,,,,,/mnt/iusers01/ceas01/n71743ev/Dumux-Final/Aquifer/build-cmake/appl/1p/H2/cases/pool_051_150/chunk_3/case_125_case125_CGN2_Q12828_CL192.4_CGR2.14_K500_Poro0.230/case125_CGN2_Q12828_CL192.4_CGR2.14_K500_Poro0.230.json,,,,,,,,,,183938397.94826233,31197802.627175223,31209185.907942522,-103330.90217776672,-4.292455286329266e-08,0.34030439418967023,0.33149690560100337,9,0.48657708505444547,0.9558519987101657,50480047.6873676,16733979.602953447,505547450.9852129,172040019.04165488,10,34374560.11238399,0.36579257386097874,0.36579257386097874,0.5858892027046159,0.8358672836926009,50580880.07468754,18502110.31067345,50580880.07468754,18502110.31067345,51018053.01011127,0.3574956581148999,0.34919553088290006,0.4781697742267038,0.9399275790664225,50561309.31638927,17655783.248871073,101142189.39107588,36157893.55954452,67629525.03159565,0.3530014981465114,0.3439766460483351,0.4599659531731747,0.9527355436098672,50366385.369230986,17324860.31288601,151508574.7603055,53482753.87243056,84240112.53159565,0.3491650137135562,0.33768309691390724,0.4607598305935359,0.9552976241486725,50623976.69919925,17094861.229883082,202132551.45950335,70577615.1023136,100860354.19826232,0.3465083215315265,0.33590986627992225,0.4632252673172397,0.9558715714722047,50668135.728117906,17019926.697085038,252800687.1876199,87597541.79939865,117482154.19826232,0.34453299288271544,0.33468208628127044,0.46581512974836964,0.956181165351641,50692231.694500856,16965781.861769088,303492918.88211936,104563323.66116777,134103954.19826232,0.3429967600694916,0.3337993788340786,0.46900768612203164,0.9562425319090014,50692231.694500856,16921035.45133758,354185150.5766188,121484359.11250527,150727704.19826233,0.3421099335398757,0.33588285633937126,0.47390364569165777,0.9558048533714819,50441126.36061535,16942309.59897864,404626276.93723273,138426668.71148401,167351454.19826233,0.3412813976857226,0.33463508737975,0.48004408145420885,0.9556437842649901,50441126.36061535,16879370.72721753,455067403.2978467,155306039.4387015,183938397.94826233,0.34030439418967023,0.33149690560100337,0.48657708505444547,0.9558519987101657,50480047.6873676,16733979.602953447,505547450.9852129,172040019.04165488,0.0,0.0,0.0,0.0,0.0,0.0,0.0,0.0,0.0,0.0,9895304676.160736,-7.050623840643384e-34,333507431.9406895,107121759.19436711,2396932058110.58,-1992.8762111322067,-6.06037433250948e-39,136537.33571950125,97.09849666847367,-237972.46018280427,0.006140686872691996,-7.351662848272353e-44,253.10505850677922,-3.030187166209248e-39,68268.66785970598,48.54924831512786,182338.45722709261,1.6562944850469599,0.0011778734631642481,4.4237889882051835
126,3,126,case126_CGCH4_Q10369_CL198.1_CGR2.44_K1.6e03_Poro0.230,380.03,50700000.0,0.23,1600.0,CH4,-0.39156258822035217,-0.39156258822035217,0.39156258822035217,242.0530208711466,99.05688031625425,99.05688031625425,2223.1906271962316,43200.0,2.4435760554779766,198.1137606325085,10369.085421260566,0.39156258822035217,1600.0,0.23,50.7,106.88,3,10,10,58,Fulmar_021_25,126,pool_051_150,3,case126_CGCH4_Q10369_CL198.1_CGR2.44_K1.6e03_Poro0.230,running,/mnt/iusers01/ceas01/n71743ev/Dumux-Final/Aquifer/build-cmake/appl/1p/H2/cases/pool_051_150/chunk_3/case_126_case126_CGCH4_Q10369_CL198.1_CGR2.44_K1.6e03_Poro0.230,,2026-05-06T15:58:54,,/mnt/iusers01/ceas01/n71743ev/Dumux-Final/Aquifer/build-cmake/appl/1p/H2/appl_1p2pnc_box_H2,,,/opt/software/RI/apps/OpenMPI/4.1.8-GCC-13.2.0/bin/mpirun,3754642,,,,,/mnt/iusers01/ceas01/n71743ev/Dumux-Final/Aquifer/build-cmake/appl/1p/H2/cases/pool_051_150/chunk_3/case_126_case126_CGCH4_Q10369_CL198.1_CGR2.44_K1.6e03_Poro0.230/case126_CGCH4_Q10369_CL198.1_CGR2.44_K1.6e03_Poro0.230.json,,,,,,,,,,52115606.63735941,50999106.827105954,50895698.01401794,142284.38477809864,5.906398899937874e-08,0.12016037401604057,0.09031738186851673,1,0.5949974005516312,0.9089057121984603,42270005.16913924,3817716.1984453253,84358170.19292654,10136509.281690858,1,37995451.16860941,0.1501323015549448,0.1501323015549448,0.626908345825456,0.7693921073659385,42088165.02378741,6318793.083245533,42088165.02378741,6318793.083245533,,,,,,,,,,,,,,,,,,,,,,,,,,,,,,,,,,,,,,,,,,,,,,,,,,,,,,,,,,,,,,,,,,,,,,,,,,,,,,,,,,0.0,0.0,0.0,0.0,0.0,0.0,0.0,0.0,0.0,0.0,17455053740.072395,0.0,74221660.9112319,0.0,2391457777261.4307,-1631.327640573596,0.0,45438.407547521936,0.0,98477.30487115029,0.005664621955751525,0.0,244.71166848846588,0.0,22719.203773717956,0.0,189602.5745769227,0.5259074947619897,0.0,4.388948485576914
127,3,127,case127_CGCH4_Q155875_CL363.0_CGR0.32_K1.6e03_Poro0.230,354.44,29700000.0,0.23,1600.0,CH4,-5.886222557103743,-5.886222557103743,5.886222557103743,57.391579452280354,181.5241141756378,181.5241141756378,3687.8738629650366,43200.0,0.3161650434870037,363.0482283512756,155874.8111778548,5.886222557103743,1600.0,0.23,29.7,81.29,3,14,14,54,Fulmar_021_16,127,pool_051_150,3,case127_CGCH4_Q155875_CL363.0_CGR0.32_K1.6e03_Poro0.230,success,/mnt/iusers01/ceas01/n71743ev/Dumux-Final/Aquifer/build-cmake/appl/1p/H2/cases/pool_051_150/chunk_3/case_127_case127_CGCH4_Q155875_CL363.0_CGR0.32_K1.6e03_Poro0.230,0,2026-05-07T16:26:54,2026-05-08T00:30:30,/mnt/iusers01/ceas01/n71743ev/Dumux-Final/Aquifer/build-cmake/appl/1p/H2/appl_1p2pnc_box_H2,"[""case127_CGCH4_Q155875_CL363.0_CGR0.32_K1.6e03_Poro0.230.json"", ""case_summary.json""]","{""command"": ""/mnt/iusers01/ceas01/n71743ev/.conda/envs/test_env/bin/python3 /mnt/iusers01/ceas01/n71743ev/Dumux-Final/Aquifer/appl/1p/H2/vtk-merge-multi.py --input-dir /mnt/iusers01/ceas01/n71743ev/Dumux-Final/Aquifer/build-cmake/appl/1p/H2/cases/pool_051_150/chunk_3/case_127_case127_CGCH4_Q155875_CL363.0_CGR0.32_K1.6e03_Poro0.230 --num-parts 24 --simulation-name case127_CGCH4_Q155875_CL363.0_CGR0.32_K1.6e03_Poro0.230"", ""enabled"": true, ""ended_at"": ""2026-05-08T00:30:30"", ""input_dir"": ""/mnt/iusers01/ceas01/n71743ev/Dumux-Final/Aquifer/build-cmake/appl/1p/H2/cases/pool_051_150/chunk_3/case_127_case127_CGCH4_Q155875_CL363.0_CGR0.32_K1.6e03_Poro0.230"", ""num_parts"": 24, ""returncode"": 0, ""script"": ""/mnt/iusers01/ceas01/n71743ev/Dumux-Final/Aquifer/appl/1p/H2/vtk-merge-multi.py"", ""simulation_name"": ""case127_CGCH4_Q155875_CL363.0_CGR0.32_K1.6e03_Poro0.230"", ""started_at"": ""2026-05-07T23:37:39"", ""status"": ""success""}",/opt/software/RI/apps/OpenMPI/4.1.8-GCC-13.2.0/bin/mpirun,3261745,2026-05-07T23:37:39,success,,,/mnt/iusers01/ceas01/n71743ev/Dumux-Final/Aquifer/build-cmake/appl/1p/H2/cases/pool_051_150/chunk_3/case_127_case127_CGCH4_Q155875_CL363.0_CGR0.32_K1.6e03_Poro0.230/case127_CGCH4_Q155875_CL363.0_CGR0.32_K1.6e03_Poro0.230.json,,,,,,,,,,318604783.072091,29993876.293327793,30018635.934366647,-2815411.738675903,-1.179296899970777e-06,0.3465642601747558,0.34863201665814275,9,0.43482023479341486,0.642380801900172,1160171241.7621043,404472839.6843041,11603458562.08065,4021344032.0359163,10,36297775.68677676,0.355249563270996,0.355249563270996,0.4277668943664098,0.6317969639970413,1160875713.4531128,412400590.21612424,1160875713.4531128,412400590.21612424,67664232.32188198,0.34495944969185843,0.3346632391825589,0.4448647405829714,0.6192525832306424,1160188297.617797,388272373.7424706,2321064011.0709004,800672963.9585954,99021251.0445194,0.3424478353017844,0.3374214858511006,0.4427926060140825,0.6238901903852277,1159811475.045186,391345311.2169033,3480875486.1160784,1192018275.1754975,130424223.98696937,0.3424172966374727,0.34232569738413443,0.44038494641419607,0.6283587555673866,1160503869.7771075,397270296.53843504,4641379355.893226,1589288571.7139328,161761905.42980063,0.34314306766418556,0.3460489566098618,0.4382741114193142,0.632894668558903,1159224844.2800086,401148547.8393265,5800604200.173392,1990437119.5532575,193149645.00583455,0.3440858027757294,0.34879010054214965,0.436183840326462,0.6364973263932073,1162433485.1335652,405445292.1532976,6963037685.3071165,2395882411.706556,224524085.66199827,0.3452573366731824,0.3522994230977619,0.4352118850243105,0.6386783221109288,1158383210.004096,408097736.6105766,8121420895.311374,2803980148.3171377,255866661.7142708,0.3459446621283332,0.3507560719550815,0.4345357422584202,0.6406504015671146,1160171241.7621043,406937107.5557249,9281592137.073435,3210917255.8728633,287238307.01981854,0.3463345478692839,0.3494496166753663,0.4344805430673077,0.6415943051854293,1161695183.2454648,405953936.47874707,10443287320.318724,3616871192.3516107,318604783.072091,0.3465642601747558,0.34863201665814275,0.43482023479341486,0.642380801900172,1160171241.7621043,404472839.6843041,11603458562.08065,4021344032.0359163,0.0,0.0,0.0,0.0,0.0,0.0,0.0,0.0,0.0,0.0,8596555388.354256,0.0,4918891014.182746,0.0,2373849210237.9316,-9887.598618602397,0.0,1426090.4752081144,0.0,-4231614.615265415,0.14476765532299782,0.0,3983.8159520905306,0.0,494806.4315710643,0.0,1536724.5711779138,17.980742031943784,0.0,55.842944483899785
128,3,128,case128_CGN2_Q261321_CL323.6_CGR0.65_K250_Poro0.150,309.15,8100000.0,0.15,250.0,N2,-9.86811618341904,-9.86811618341904,9.86811618341904,105.20893005251573,161.7956923277316,161.7956923277316,3341.1227766071474,43200.0,0.6502579181119709,323.5913846554632,261320.52124247706,9.86811618341904,250.0,0.15,8.1,36.0,1,15,15,131,Orrin_012_26,128,pool_051_150,3,case128_CGN2_Q261321_CL323.6_CGR0.65_K250_Poro0.150,failed,/mnt/iusers01/ceas01/n71743ev/Dumux-Final/Aquifer/build-cmake/appl/1p/H2/cases/pool_051_150/chunk_3/case_128_case128_CGN2_Q261321_CL323.6_CGR0.65_K250_Poro0.150,3,2026-05-08T00:30:30,2026-05-08T00:40:30,/mnt/iusers01/ceas01/n71743ev/Dumux-Final/Aquifer/build-cmake/appl/1p/H2/appl_1p2pnc_box_H2,,,/opt/software/RI/apps/OpenMPI/4.1.8-GCC-13.2.0/bin/mpirun,3284853,2026-05-08T00:40:30,failed,,,/mnt/iusers01/ceas01/n71743ev/Dumux-Final/Aquifer/build-cmake/appl/1p/H2/cases/pool_051_150/chunk_3/case_128_case128_CGN2_Q261321_CL323.6_CGR0.65_K250_Poro0.150/case128_CGN2_Q261321_CL323.6_CGR0.65_K250_Poro0.150.json,failed_pressure_limit,inj_pressure_exceeded,0.0,8100000.0,13309622.005449988,13309622.005449988,,,,0.0,8592678.496367725,13314698.348039214,10004.690537329723,6.366637193129835e-09,0.0,0.0,-1,0.0,0.0,0.0,0.0,0.0,0.0,0,,,,,,,,,,,,,,,,,,,,,,,,,,,,,,,,,,,,,,,,,,,,,,,,,,,,,,,,,,,,,,,,,,,,,,,,,,,,,,,,,,,,,,,,,,,0.0,0.0,0.0,0.0,0.0,-1240.0640522639922,0.0,0.0,-124.00640522639921,0.0,2409261777.9045544,0.0,0.0,1240.0640522640317,1569015373543.02,15.33825957402587,0.0,0.0,-3.956301952712238e-11,9989.352277755737,0.0,0.0,0.0,0.0,0.0,0.0,0.0,0.0,0.0,0.0
129,3,129,case129_CGCO2_Q67163_CL20.2_CGR3.57_K350_Poro0.160,329.44345,13300000.0,0.16,350.0,CO2,-2.5362252763538606,-2.5362252763538606,2.5362252763538606,36.11103092240451,10.117414019396819,10.117414019396819,238.45931131034087,9364.947498733387,3.5691957305664737,20.234828038793637,67162.53628212804,2.5362252763538606,350.0,0.16,13.3,56.29345,2,19,19,24,Bunter Sandstone Formation Zone 2,129,pool_051_150,3,case129_CGCO2_Q67163_CL20.2_CGR3.57_K350_Poro0.160,success,/mnt/iusers01/ceas01/n71743ev/Dumux-Final/Aquifer/build-cmake/appl/1p/H2/cases/pool_051_150/chunk_3/case_129_case129_CGCO2_Q67163_CL20.2_CGR3.57_K350_Poro0.160,0,2026-05-08T00:40:30,2026-05-08T03:34:51,/mnt/iusers01/ceas01/n71743ev/Dumux-Final/Aquifer/build-cmake/appl/1p/H2/appl_1p2pnc_box_H2,"[""case129_CGCO2_Q67163_CL20.2_CGR3.57_K350_Poro0.160.json"", ""case_summary.json""]","{""command"": ""/mnt/iusers01/ceas01/n71743ev/.conda/envs/test_env/bin/python3 /mnt/iusers01/ceas01/n71743ev/Dumux-Final/Aquifer/appl/1p/H2/vtk-merge-multi.py --input-dir /mnt/iusers01/ceas01/n71743ev/Dumux-Final/Aquifer/build-cmake/appl/1p/H2/cases/pool_051_150/chunk_3/case_129_case129_CGCO2_Q67163_CL20.2_CGR3.57_K350_Poro0.160 --num-parts 24 --simulation-name case129_CGCO2_Q67163_CL20.2_CGR3.57_K350_Poro0.160"", ""enabled"": true, ""ended_at"": ""2026-05-08T03:34:51"", ""input_dir"": ""/mnt/iusers01/ceas01/n71743ev/Dumux-Final/Aquifer/build-cmake/appl/1p/H2/cases/pool_051_150/chunk_3/case_129_case129_CGCO2_Q67163_CL20.2_CGR3.57_K350_Poro0.160"", ""num_parts"": 24, ""returncode"": 0, ""script"": ""/mnt/iusers01/ceas01/n71743ev/Dumux-Final/Aquifer/appl/1p/H2/vtk-merge-multi.py"", ""simulation_name"": ""case129_CGCO2_Q67163_CL20.2_CGR3.57_K350_Poro0.160"", ""started_at"": ""2026-05-08T02:49:06"", ""status"": ""success""}",/opt/software/RI/apps/OpenMPI/4.1.8-GCC-13.2.0/bin/mpirun,3285707,2026-05-08T02:49:06,success,,,/mnt/iusers01/ceas01/n71743ev/Dumux-Final/Aquifer/build-cmake/appl/1p/H2/cases/pool_051_150/chunk_3/case_129_case129_CGCO2_Q67163_CL20.2_CGR3.57_K350_Poro0.160/case129_CGCO2_Q67163_CL20.2_CGR3.57_K350_Poro0.160.json,,,,,,,,,,20602318.9870245,13567014.23584728,13567444.632457426,-107967.55729746082,-6.444929694263063e-08,0.7841142727042995,0.7890792501803393,9,0.3616172006565539,0.9182624678261282,27759155.77103267,21904173.821445696,278030468.2215839,218007658.3792031,10,4865955.090209808,0.7178754333721056,0.7178754333721056,0.0024741437021436534,0.36608799909375117,27757860.32130889,19926686.007641993,27757860.32130889,19926686.007641993,6614989.104313489,0.7575786926790234,0.7973830083429169,0.14820760098775174,0.534643384849208,27687387.856335435,22077452.622041892,55445248.1776444,42004138.62968385,8358966.6971114315,0.7679406352566213,0.7885884899934398,0.3084224085011145,0.6655928881872875,27824705.52705577,21942242.516093027,83269953.70470025,63946381.14577695,10112179.168692848,0.7742455475781665,0.7931168339745506,0.3629494709152715,0.7425914809540797,27820560.087939683,22064954.536345467,111090513.79264,86011335.68212242,11854806.282408128,0.7770281753712529,0.7881550664347724,0.3795796894654008,0.797594634165641,27781664.20998329,21896259.401087917,138872178.00262335,107907595.08321026,13606405.470051536,0.7783059779327854,0.7846282546196176,0.37999647055711305,0.8373019041639254,28067614.49510507,22022643.37263057,166939792.49772844,129930238.45584081,15349032.583766816,0.7801255707594236,0.7910594891385914,0.37917924249381235,0.8653979172495143,27781664.20998329,21976949.09736927,194721456.7077118,151907187.55321005,17105000.886252873,0.7817964259850244,0.793454258811159,0.3767136010114549,0.8867121840753092,27908391.57921175,22144032.155095052,222629848.2869236,174051219.70830506,18852593.982870657,0.7835635760151438,0.7977965537176582,0.37485413739118173,0.9034308799186709,27641464.16362755,22052264.849452212,250271312.4505512,196103484.5577573,20602318.9870245,0.7841142727042995,0.7890792501803393,0.3616172006565539,0.9182624678261282,27759155.77103267,21904173.821445696,278030468.2215839,218007658.3792031,0.0,0.0,0.0,0.0,0.0,0.0,0.0,0.0,0.0,0.0,3311899266.5670834,74184639.1327802,60022809.839893416,0.0,1671786400375.5437,-150.13716941263067,1729.573024540248,16805.714801880153,0.0,-126352.70795446858,0.11913528863839074,1.5292147323734084,67.37221958831411,864.7865122471067,8402.857400941737,0.0,8688.442107138773,14.858896559526013,0.0,15.363900203630315
130,4,130,case130_CGH2_Q25488_CL114.3_CGR2.04_K1.6e03_Poro0.230,380.03,50700000.0,0.23,1600.0,H2,-0.962483367237855,-0.962483367237855,0.962483367237855,116.31746667680568,57.15020549090438,57.15020549090438,1259.3215764948934,43200.0,2.0352939360002464,114.30041098180877,25487.808467073286,0.962483367237855,1600.0,0.23,50.7,106.88,3,10,10,58,Fulmar_021_25,130,pool_051_150,4,case130_CGH2_Q25488_CL114.3_CGR2.04_K1.6e03_Poro0.230,success,/mnt/iusers01/ceas01/n71743ev/Dumux-Final/Aquifer/build-cmake/appl/1p/H2/cases/pool_051_150/chunk_4/case_130_case130_CGH2_Q25488_CL114.3_CGR2.04_K1.6e03_Poro0.230,0,2026-05-04T16:56:19,2026-05-04T19:43:15,/mnt/iusers01/ceas01/n71743ev/Dumux-Final/Aquifer/build-cmake/appl/1p/H2/appl_1p2pnc_box_H2,"[""case130_CGH2_Q25488_CL114.3_CGR2.04_K1.6e03_Poro0.230.json"", ""case_summary.json""]",,/opt/software/RI/apps/OpenMPI/4.1.8-GCC-13.2.0/bin/mpirun,2314422,,,,,/mnt/iusers01/ceas01/n71743ev/Dumux-Final/Aquifer/build-cmake/appl/1p/H2/cases/pool_051_150/chunk_4/case_130_case130_CGH2_Q25488_CL114.3_CGR2.04_K1.6e03_Poro0.230/case130_CGH2_Q25488_CL114.3_CGR2.04_K1.6e03_Poro0.230.json,,,,,,,,,,108765853.6211589,50998796.47017485,50932029.33327336,315683.49776827375,1.311172551243505e-07,0.1985327134122327,0.1998142996321365,9,0.5815300010668767,0.8421725590126764,59836379.56195937,11956164.2746956,598048445.314151,118732180.60018566,10,19902014.070377655,0.2279529091426719,0.2279529091426719,0.5203511133936581,0.8588534393508823,60087575.98784455,13697137.749760523,60087575.98784455,13697137.749760523,29765395.027408905,0.20939821033835096,0.19073298150806595,0.5793249790640781,0.833016906351523,59731754.93714519,11392815.70987084,119819330.92498915,25089953.459631357,39649136.433658905,0.20307904381983785,0.19045511270870957,0.5851620919920791,0.8317164166602679,59978012.99664162,11423119.225319827,179797343.92163014,36513072.684951186,49532877.839908905,0.200264315916488,0.19182654721426573,0.5847984641096352,0.8332949796735594,59978012.99664162,11505375.141918117,239775356.91827112,48018447.82686932,59413077.839908905,0.1988907749078317,0.1933958170916957,0.5840248163113754,0.8355355497952189,59935179.961788416,11591213.101247897,299710536.8800589,59609660.92811718,69296819.2461589,0.1985680200300064,0.19694103820925757,0.5839572894774845,0.834679895441359,59455512.335877754,11709230.326691085,359166049.2159359,71318891.25480822,79156131.7461589,0.19848769305959313,0.19800180873294704,0.5834929326083641,0.8367535730429135,59377755.21172002,11756902.930422736,418543804.4276552,83075794.1852308,89027444.2461589,0.19832341636045467,0.19717555824808247,0.582440272641881,0.8396258629590858,59900255.87248389,11810866.390859991,478444060.3001384,94886660.57609083,98893822.3711589,0.19839023150895455,0.19892508808808856,0.5820256008798183,0.840786896668124,59768005.45205473,11889355.749399345,538212065.7521925,106776016.32549013,108765853.6211589,0.1985327134122327,0.1998142996321365,0.5815300010668767,0.8421725590126764,59836379.56195937,11956164.2746956,598048445.314151,118732180.60018566,0.0,0.0,0.0,0.0,0.0,0.0,0.0,0.0,0.0,0.0,17341869822.36987,0.0,600921206.7334733,0.0,2389699875596.9043,-3095.0480840922246,0.0,101888.47285475457,0.0,216890.07299761142,0.02017855102950525,0.0,797.6699871822334,0.0,50944.23642727997,0.0,426377.49984316196,1.2887295384378044,0.0,10.786014613399937
131,4,131,case131_CGCO2_Q348368_CL128.4_CGR3.39_K100_Poro0.230,281.95,200000.0,0.23,100.0,CO2,-13.15526241482768,-13.15526241482768,13.15526241482768,217.56247926117447,64.20868175725309,64.20868175725309,1501.7361144062363,43200.0,3.388365456305266,128.41736351450618,348368.418797158,13.15526241482768,100.0,0.23,0.2,8.8,0,11,11,143,Spilsby Sandstone Formation 1,131,pool_051_150,4,case131_CGCO2_Q348368_CL128.4_CGR3.39_K100_Poro0.230,failed,/mnt/iusers01/ceas01/n71743ev/Dumux-Final/Aquifer/build-cmake/appl/1p/H2/cases/pool_051_150/chunk_4/case_131_case131_CGCO2_Q348368_CL128.4_CGR3.39_K100_Poro0.230,3,2026-05-04T19:43:15,2026-05-04T19:53:15,/mnt/iusers01/ceas01/n71743ev/Dumux-Final/Aquifer/build-cmake/appl/1p/H2/appl_1p2pnc_box_H2,,,/opt/software/RI/apps/OpenMPI/4.1.8-GCC-13.2.0/bin/mpirun,2323514,,,,,/mnt/iusers01/ceas01/n71743ev/Dumux-Final/Aquifer/build-cmake/appl/1p/H2/cases/pool_051_150/chunk_4/case_131_case131_CGCO2_Q348368_CL128.4_CGR3.39_K100_Poro0.230/case131_CGCO2_Q348368_CL128.4_CGR3.39_K100_Poro0.230.json,failed_pressure_limit,inj_pressure_exceeded,0.0,200000.0,2307431.0551646375,2307431.0551646375,,,,0.0,579159.0962256318,0.0,1653.1392358851156,6.860871677683926e-10,0.0,0.0,-1,0.0,0.0,0.0,0.0,0.0,0.0,0,,,,,,,,,,,,,,,,,,,,,,,,,,,,,,,,,,,,,,,,,,,,,,,,,,,,,,,,,,,,,,,,,,,,,,,,,,,,,,,,,,,,,,,,,,,0.0,-165.31390303387423,0.0,-1653.1390303387423,0.0,0.0,0.0,0.0,0.0,0.0,424048950.9488354,1653.139030338742,0.0,0.0,2409093738895.187,0.2908701014239341,2.2737367544323206e-13,0.0,0.0,1652.8483657836914,0.0,0.0,0.0,0.0,0.0,0.0,0.0,0.0,0.0,0.0
132,4,132,case132_CGCO2_Q39537_CL199.1_CGR1.13_K1.6e03_Poro0.230,380.03,50700000.0,0.23,1600.0,CO2,-1.4930337892016243,-1.4930337892016243,1.4930337892016243,112.73530814064661,99.56032898210422,99.56032898210422,2103.941887782731,43200.0,1.1323316153456118,199.12065796420845,39537.47207419064,1.4930337892016243,1600.0,0.23,50.7,106.88,3,10,10,58,Fulmar_021_25,132,pool_051_150,4,case132_CGCO2_Q39537_CL199.1_CGR1.13_K1.6e03_Poro0.230,success,/mnt/iusers01/ceas01/n71743ev/Dumux-Final/Aquifer/build-cmake/appl/1p/H2/cases/pool_051_150/chunk_4/case_132_case132_CGCO2_Q39537_CL199.1_CGR1.13_K1.6e03_Poro0.230,0,2026-05-04T19:53:15,2026-05-04T23:41:28,/mnt/iusers01/ceas01/n71743ev/Dumux-Final/Aquifer/build-cmake/appl/1p/H2/appl_1p2pnc_box_H2,"[""case132_CGCO2_Q39537_CL199.1_CGR1.13_K1.6e03_Poro0.230.json"", ""case_summary.json""]",,/opt/software/RI/apps/OpenMPI/4.1.8-GCC-13.2.0/bin/mpirun,2324444,,,,,/mnt/iusers01/ceas01/n71743ev/Dumux-Final/Aquifer/build-cmake/appl/1p/H2/cases/pool_051_150/chunk_4/case_132_case132_CGCO2_Q39537_CL199.1_CGR1.13_K1.6e03_Poro0.230/case132_CGCO2_Q39537_CL199.1_CGR1.13_K1.6e03_Poro0.230.json,,,,,,,,,,181744081.7167961,50998216.49440421,50996137.74411605,140773.7994297968,5.851751503635801e-08,0.30339356383914234,0.30141892410373994,9,0.47777329268211466,0.7440526825435201,161776722.8168414,48762565.73648129,1613778342.7116988,489609962.64172715,10,26923408.22756347,0.2575265074077958,0.2575265074077958,0.7857646302138868,0.4455530280414559,161462156.73229274,41580785.30179748,161462156.73229274,41580785.30179748,44145203.17355113,0.27719541347650317,0.2968739350656904,0.6704787670425462,0.6680419320328741,161383261.44190612,47910483.87799377,322845418.17419714,89491269.17979115,61350795.06808238,0.28958923078561316,0.3144498601781232,0.5369544696686546,0.7371838712228439,160948746.25894064,50610310.75696812,483794164.4331321,140101579.93675917,78537287.58702177,0.29543192138775964,0.31294732696742483,0.4871750242835224,0.7615020827210018,161381339.7039945,50503858.882787034,645175504.137121,190605438.8195461,95735436.12217802,0.2989770875894874,0.31316514981213134,0.4673955857793066,0.7689577107900268,161209780.134547,50485284.947016165,806385284.2716622,241090723.76656243,112953997.58051135,0.30108001918281213,0.31157413420148045,0.45935047273071955,0.7704988870955318,161592767.72447267,50348126.6969735,967978051.9961292,291438850.46353567,130141616.56922664,0.30257389559669734,0.31155482598554796,0.45826084388491517,0.7674252007694272,161012224.61643454,50164135.62191922,1128990276.6125581,341602986.08545464,147347843.89127526,0.3032124485836895,0.3076674472872666,0.4610737566286161,0.7616740482444485,161822743.70482087,49787590.468683824,1290813020.3173733,391390576.5541385,164534671.85351485,0.3036135709939267,0.30682579587354825,0.46830639966812104,0.7527807057335985,161188599.57749552,49456820.35110775,1452001619.8948631,440847396.90524566,181744081.7167961,0.30339356383914234,0.30141892410373994,0.47777329268211466,0.7440526825435201,161776722.8168414,48762565.73648129,1613778342.7116988,489609962.64172715,0.0,0.0,0.0,0.0,0.0,0.0,0.0,0.0,0.0,0.0,17326175372.247215,152834833.29068014,1124168380.0660975,0.0,2387066292210.131,-5214.760225194921,5247.069694193637,335238.5890649627,0.0,-194497.09910416463,0.050782289690262064,0.07188281182125672,1853.4209116590725,2623.534847108696,167619.2945326261,0.0,512668.3180387034,4.592638142306088,0.0,14.046712691051017
133,4,133,case133_CGN2_Q14717_CL309.3_CGR3.44_K100_Poro0.230,281.95,200000.0,0.23,100.0,N2,-0.5557389352664247,-0.5557389352664247,0.5557389352664247,532.1485942796409,154.66502348560365,154.66502348560365,3625.449063991714,43200.0,3.4406524648358756,309.3300469712073,14716.68812357298,0.5557389352664247,100.0,0.23,0.2,8.8,0,11,11,143,Spilsby Sandstone Formation 1,133,pool_051_150,4,case133_CGN2_Q14717_CL309.3_CGR3.44_K100_Poro0.230,failed,/mnt/iusers01/ceas01/n71743ev/Dumux-Final/Aquifer/build-cmake/appl/1p/H2/cases/pool_051_150/chunk_4/case_133_case133_CGN2_Q14717_CL309.3_CGR3.44_K100_Poro0.230,3,2026-05-04T23:41:28,2026-05-04T23:51:28,/mnt/iusers01/ceas01/n71743ev/Dumux-Final/Aquifer/build-cmake/appl/1p/H2/appl_1p2pnc_box_H2,,,/opt/software/RI/apps/OpenMPI/4.1.8-GCC-13.2.0/bin/mpirun,2340818,,,,,/mnt/iusers01/ceas01/n71743ev/Dumux-Final/Aquifer/build-cmake/appl/1p/H2/cases/pool_051_150/chunk_4/case_133_case133_CGN2_Q14717_CL309.3_CGR3.44_K100_Poro0.230/case133_CGN2_Q14717_CL309.3_CGR3.44_K100_Poro0.230.json,failed_pressure_limit,inj_pressure_exceeded,0.0,200000.0,549452.841400493,549452.841400493,,,,0.0,510780.60984011245,554453.6913651264,237.65572837763474,9.863207046235366e-11,0.0,0.0,-1,0.0,0.0,0.0,0.0,0.0,0.0,0,,,,,,,,,,,,,,,,,,,,,,,,,,,,,,,,,,,,,,,,,,,,,,,,,,,,,,,,,,,,,,,,,,,,,,,,,,,,,,,,,,,,,,,,,,,0.0,0.0,0.0,0.0,0.0,-69.83621425387253,0.0,0.0,-6.983621425387253,0.0,424048951.197945,0.0,0.0,69.83621425387244,2409093740310.4214,0.04176048212684691,0.0,0.0,8.526512829121202e-14,237.6139678955078,0.0,0.0,0.0,0.0,0.0,0.0,0.0,0.0,0.0,0.0
134,4,134,case134_CGN2_Q83872_CL19.5_CGR1.64_K1.6e03_Poro0.230,354.44,29700000.0,0.23,1600.0,N2,-3.167198480573916,-3.167198480573916,3.167198480573916,16.021692638867236,9.769183467740366,9.769183467740366,211.40536199367455,8302.465125569764,1.6400237227372996,19.53836693548073,83871.52547034534,3.167198480573916,1600.0,0.23,29.7,81.29,3,14,14,54,Fulmar_021_16,134,pool_051_150,4,case134_CGN2_Q83872_CL19.5_CGR1.64_K1.6e03_Poro0.230,success,/mnt/iusers01/ceas01/n71743ev/Dumux-Final/Aquifer/build-cmake/appl/1p/H2/cases/pool_051_150/chunk_4/case_134_case134_CGN2_Q83872_CL19.5_CGR1.64_K1.6e03_Poro0.230,0,2026-05-04T23:51:28,2026-05-05T02:07:26,/mnt/iusers01/ceas01/n71743ev/Dumux-Final/Aquifer/build-cmake/appl/1p/H2/appl_1p2pnc_box_H2,"[""case134_CGN2_Q83872_CL19.5_CGR1.64_K1.6e03_Poro0.230.json"", ""case_summary.json""]",,/opt/software/RI/apps/OpenMPI/4.1.8-GCC-13.2.0/bin/mpirun,2341683,,,,,/mnt/iusers01/ceas01/n71743ev/Dumux-Final/Aquifer/build-cmake/appl/1p/H2/cases/pool_051_150/chunk_4/case_134_case134_CGN2_Q83872_CL19.5_CGR1.64_K1.6e03_Poro0.230/case134_CGN2_Q83872_CL19.5_CGR1.64_K1.6e03_Poro0.230.json,,,,,,,,,,18259124.89799411,29996269.335231874,30000338.525300577,-148192.75542636044,-6.153251317947906e-08,0.47571165550704747,0.4527728417147033,9,0.35880639093967837,0.9906646341570942,33704848.25450922,15260639.923756996,335825181.62262636,159755953.11065447,10,3071442.3802414676,0.5307493420593556,0.5307493420593556,0.444007609993919,0.6640428176173633,33704848.25450922,17888826.035291187,33704848.25450922,17888826.035291187,4760439.094219682,0.5116653373870113,0.49247468531711724,0.4584715865423831,0.9199622124106454,33517541.7295382,16506540.81585767,67222389.98404741,34395366.851148866,6442295.4719799375,0.5011883888850068,0.48020489983845666,0.4236004675441828,0.9676217288743613,33563794.68076573,16117498.662875634,100786184.66481315,50512865.51402448,8135998.357596233,0.49484316852188137,0.47586932397501236,0.39686129633179035,0.9809460516926406,33704848.25450922,16039103.353553677,134491032.91932237,66551968.867578134,9821398.778086957,0.4908154276854436,0.4745845775010301,0.38172533819448295,0.9858903027126681,33374408.56573952,15838979.58851825,167865441.48506188,82390948.45609646,11506799.198577682,0.4861652587871506,0.4630053071624577,0.37136272957336436,0.9882466176720385,33704848.25450922,15605523.618943067,201570289.7395711,97996472.0750395,13200502.084193977,0.4827951607285108,0.46264044479561933,0.3667428195210486,0.9892747022987064,33704848.25450922,15593225.988234999,235275137.9940803,113589698.06327456,14885902.504684702,0.4804544744804586,0.46395364933694894,0.36415550258455437,0.9898364856459928,33374408.56573952,15484178.648537178,268649546.5598198,129073876.71181172,16573724.477503717,0.47827073264492176,0.4607431717518711,0.3619337611983554,0.9901905343753938,33470786.808297347,15421436.475085605,302120333.36811715,144495313.1868974,18259124.89799411,0.47571165550704747,0.4527728417147033,0.35880639093967837,0.9906646341570942,33704848.25450922,15260639.923756996,335825181.62262636,159755953.11065447,0.0,0.0,0.0,0.0,0.0,0.0,0.0,0.0,0.0,0.0,9282149315.510695,0.0,176069228.51192486,50069233.548571646,2398856782475.7656,-2115.0473179910514,0.0,152671.02301881072,301.2990025619252,-299050.03012974205,0.031241436322088083,0.0,196.77038332259326,0.0,76335.51150940642,150.649501278192,173993.71949260292,12.119867744656244,0.023918776401532574,27.62516195874721
135,4,135,case135_CGN2_Q17374_CL102.3_CGR3.48_K330_Poro0.140,333.58,17300000.0,0.14,330.0,N2,-0.6560795791725298,-0.6560795791725298,0.6560795791725298,177.98640257932422,51.126348138309716,51.126348138309716,1200.5133653455184,43200.0,3.4813048273627123,102.25269627661943,17373.838574578742,0.6560795791725298,330.0,0.14,17.3,60.43,2,13,13,129,Nansen_210_25,135,pool_051_150,4,case135_CGN2_Q17374_CL102.3_CGR3.48_K330_Poro0.140,failed_numerical_stall,/mnt/iusers01/ceas01/n71743ev/Dumux-Final/Aquifer/build-cmake/appl/1p/H2/cases/pool_051_150/chunk_4/case_135_case135_CGN2_Q17374_CL102.3_CGR3.48_K330_Poro0.140,1,2026-05-05T02:07:26,2026-05-05T04:34:56,/mnt/iusers01/ceas01/n71743ev/Dumux-Final/Aquifer/build-cmake/appl/1p/H2/appl_1p2pnc_box_H2,,,/opt/software/RI/apps/OpenMPI/4.1.8-GCC-13.2.0/bin/mpirun,2348124,,,,,/mnt/iusers01/ceas01/n71743ev/Dumux-Final/Aquifer/build-cmake/appl/1p/H2/cases/pool_051_150/chunk_4/case_135_case135_CGN2_Q17374_CL102.3_CGR3.48_K330_Poro0.140/case135_CGN2_Q17374_CL102.3_CGR3.48_K330_Poro0.140.json,,,,,,,,,,103710631.55493176,17595197.738174293,17598454.61575764,-173797.08772446605,-1.187174712322778e-07,0.4588565657231986,0.4277223950332702,9,0.3345799205087526,0.9886947433886409,36514252.29870253,15617963.44605014,364344952.1879165,167182073.49953038,9,24175982.484885592,0.5337302583630711,0.5337302583630711,0.29735728237213743,0.7502159466489566,36328737.28586123,19389746.33758685,36328737.28586123,19389746.33758685,33037897.89015903,0.5155450251926714,0.4973841721978279,0.3115031843622489,0.9407534708675789,36377507.07619305,18093596.243712906,72706244.36205421,37483342.58129977,41877522.17993175,0.5028359631760355,0.47732871772772223,0.32277563825604466,0.9792871342035014,36226105.655605935,17291760.560859367,108932350.01766008,54775103.14215914,50705688.84659842,0.49128453890118445,0.4567361209144337,0.3254437223162548,0.9859780195280917,36422037.98717863,16635260.346062118,145354388.00483912,71410363.48822124,59532650.30493175,0.48269385714580004,0.4484458617126513,0.3272916215037589,0.9874204922794271,36460332.153892025,16350485.071081595,181814720.15873256,87760848.55930287,68367951.86743176,0.47597772466323857,0.4425362142668003,0.32907448146882623,0.9878592967476731,36514252.29870253,16158878.979050629,218328972.4574365,103919727.5383535,77205653.42993176,0.47057155362758507,0.4382465382476398,0.33082857123577625,0.9880581342303523,36514252.29870253,16002244.66660731,254843224.75614044,119921972.20496085,86045004.99243176,0.4660915135675961,0.43482405540950747,0.3324267419358734,0.9882403441291208,36514252.29870253,15877275.264767764,291357477.0548444,135799247.46972856,94875329.99243176,0.46232433419048236,0.4322311372193033,0.3338594056338965,0.9884412830802853,36473222.83436675,15764862.583751403,327830699.88921255,151564110.05348003,,,,,,,,,,0.0,0.0,0.0,0.0,0.0,0.0,0.0,0.0,0.0,0.0,3560469848.931262,1.1237808685558125e-26,197162878.6884234,123614854.15256068,1460074191499.4873,-824.4731918891409,5.339836610776743e-32,68074.17814393039,76.09673483735969,-241122.88941134466,0.005467743939191665,1.9455492746805963e-36,75.0350033397337,2.669918305370696e-32,34037.089071990194,38.04836733457453,78991.37718258845,2.4802569360658833,0.002772555749052577,5.756041908640682
136,4,136,case136_CGCO2_Q103180_CL219.7_CGR1.68_K330_Poro0.140,333.58,17300000.0,0.14,330.0,CO2,-3.8963333679767227,-3.8963333679767227,3.8963333679767227,184.83054629522954,109.84331423960354,109.84331423960354,2381.6968310873003,43200.0,1.6826745221111479,219.6866284792071,103179.96340223032,3.8963333679767227,330.0,0.14,17.3,60.43,2,13,13,129,Nansen_210_25,136,pool_051_150,4,case136_CGCO2_Q103180_CL219.7_CGR1.68_K330_Poro0.140,success,/mnt/iusers01/ceas01/n71743ev/Dumux-Final/Aquifer/build-cmake/appl/1p/H2/cases/pool_051_150/chunk_4/case_136_case136_CGCO2_Q103180_CL219.7_CGR1.68_K330_Poro0.140,0,2026-05-05T04:34:56,2026-05-05T09:25:13,/mnt/iusers01/ceas01/n71743ev/Dumux-Final/Aquifer/build-cmake/appl/1p/H2/appl_1p2pnc_box_H2,"[""case136_CGCO2_Q103180_CL219.7_CGR1.68_K330_Poro0.140.json"", ""case_summary.json""]",,/opt/software/RI/apps/OpenMPI/4.1.8-GCC-13.2.0/bin/mpirun,2355114,,,,,/mnt/iusers01/ceas01/n71743ev/Dumux-Final/Aquifer/build-cmake/appl/1p/H2/cases/pool_051_150/chunk_4/case_136_case136_CGCO2_Q103180_CL219.7_CGR1.68_K330_Poro0.140/case136_CGCO2_Q103180_CL219.7_CGR1.68_K330_Poro0.140.json,,,,,,,,,,205776847.8312193,17571203.457923017,17583989.904789902,-242970.4555888134,-1.676691921015738e-07,0.6088410168124299,0.6149458107158582,9,0.25749173666881037,0.9555502772712168,465200835.84106266,286073305.14197713,4647007650.648298,2829288863.155851,10,34911328.97523609,0.5971900269874802,0.5971900269874802,0.43265840013700463,0.40392508116396303,464807734.8995543,277578543.7486544,464807734.8995543,277578543.7486544,53930857.257655926,0.5856969318405122,0.5742309441175064,0.6020479780227895,0.710522353592975,465906614.528604,267537995.13135138,930714349.4281507,545116538.8800062,72869426.65546216,0.5864098774418631,0.587839761071701,0.5338863186005917,0.8424417443608286,464057834.9783186,272791646.83710563,1394772184.4064598,817908185.7171118,91874522.14134723,0.5913494109009899,0.6061592232173754,0.44898515445805554,0.8970861806417519,465199944.8438398,281985237.2073078,1859972129.2502902,1099893422.924419,110831792.90423582,0.5963396130724173,0.61630126001875,0.37858848786917504,0.9239650002146684,464973505.5994317,286563757.37626505,2324945634.849713,1386457180.3006835,129844961.04806003,0.6006880712379158,0.622402059551828,0.3305084614109206,0.9374891706590636,465595204.5308529,289787414.2174575,2790540839.380557,1676244594.5181415,148829793.64847752,0.6040775592675547,0.6244531419427561,0.29851740210887334,0.9454789764849918,464207817.8605993,289876030.3774419,3254748657.241147,1966120624.8955832,167814400.55052388,0.6064362300142762,0.6229742177617034,0.27826035530566307,0.9500908046013791,464196767.0433589,289182617.8363482,3718945424.2844963,2255303242.7319326,186771734.14789078,0.6081618952383738,0.6220270715533606,0.26609884322217825,0.9528963582691232,462861390.5226783,287912315.281938,4181806814.807165,2543215558.013873,205776847.8312193,0.6088410168124299,0.6149458107158582,0.25749173666881037,0.9555502772712168,465200835.84106266,286073305.14197713,4647007650.648298,2829288863.155851,0.0,0.0,0.0,0.0,0.0,0.0,0.0,0.0,0.0,0.0,3517020285.8446646,590230595.1358976,1817718787.4154732,0.0,1443181169291.3608,-943.5745254366386,1243.4690267169801,75152.12812453786,0.0,-318422.4782146316,0.018897087428395798,0.3535847648346822,33.228160881185225,621.7345130873564,37576.06406060062,0.0,47863.8689104218,21.369770367587165,0.0,27.22051691923955
137,4,137,case137_CGCO2_Q1059955_CL255.4_CGR0.34_K1.6e03_Poro0.230,380.03,50700000.0,0.23,1600.0,CO2,-40.02656569825631,-40.02656569825631,40.02656569825631,43.016518557206275,127.71225530482857,127.71225530482857,2597.2616246537777,43200.0,0.336823732808827,255.42451060965715,1059955.3975043048,40.02656569825631,1600.0,0.23,50.7,106.88,3,10,10,58,Fulmar_021_25,137,pool_051_150,4,case137_CGCO2_Q1059955_CL255.4_CGR0.34_K1.6e03_Poro0.230,failed_numerical_stall,/mnt/iusers01/ceas01/n71743ev/Dumux-Final/Aquifer/build-cmake/appl/1p/H2/cases/pool_051_150/chunk_4/case_137_case137_CGCO2_Q1059955_CL255.4_CGR0.34_K1.6e03_Poro0.230,1,2026-05-05T09:25:13,2026-05-05T14:17:44,/mnt/iusers01/ceas01/n71743ev/Dumux-Final/Aquifer/build-cmake/appl/1p/H2/appl_1p2pnc_box_H2,,,/opt/software/RI/apps/OpenMPI/4.1.8-GCC-13.2.0/bin/mpirun,2368943,,,,,/mnt/iusers01/ceas01/n71743ev/Dumux-Final/Aquifer/build-cmake/appl/1p/H2/cases/pool_051_150/chunk_4/case_137_case137_CGCO2_Q1059955_CL255.4_CGR0.34_K1.6e03_Poro0.230/case137_CGCO2_Q1059955_CL255.4_CGR0.34_K1.6e03_Poro0.230.json,,,,,,,,,,224369515.51780948,50973351.3582223,50999151.02484832,-11544609.29876851,-4.877559463731869e-06,0.5602241276257988,0.5713439171035568,9,0.1626134993872247,0.7896835717555487,5557879607.652928,3175460705.8264036,55453951505.89891,31066641605.795567,9,25763045.059516396,0.47822436307844385,0.47822436307844385,0.6702861496934056,0.46503201983393544,5553341737.3618,2655743315.3067856,5553341737.3618,2655743315.3067856,47839193.843328506,0.4951103574902896,0.5120327403816685,0.5198945533485777,0.719717450743918,5541400294.86818,2837378378.53314,11094742032.229963,5493121693.839919,69919115.92898047,0.5176035856093487,0.5626230944681887,0.3499682132336251,0.7709017056920953,5543298222.900562,3118787599.7283254,16638040255.130505,8611909293.568232,91979896.20231348,0.5325728726679247,0.577580904551452,0.2690827782964388,0.785064560302479,5533670108.391708,3196142186.694214,22171710363.522633,11808051480.262447,114057106.49531063,0.5423002534715221,0.5812167510580689,0.2206587047589583,0.7904495329294763,5541934221.94966,3221065003.0591087,27713644585.47275,15029116483.32155,136128376.1962943,0.5490760479376865,0.5829781574372609,0.19787091701334192,0.792723588488417,5538946171.539214,3229084633.2281017,33252590757.01243,18258201116.549625,158160627.59794378,0.5536083247120485,0.5808071332128389,0.18300100106226921,0.7937215523592611,5541049519.549403,3218281086.4398675,38793640276.562294,21476482202.9895,180256537.30254617,0.5567387118361844,0.5785787326229818,0.17314229458252006,0.7927006790193958,5560393609.778494,3217125487.6305676,44354033886.341255,24693607690.620102,202303353.9420529,0.558985504046259,0.5769670295441786,0.16691540420332893,0.791319780315286,5542038011.903804,3197573209.3490624,49896071898.24552,27891180899.969154,,,,,,,,,,0.0,0.0,0.0,0.0,0.0,0.0,0.0,0.0,0.0,0.0,15196578613.37563,454543549.0516801,15210557775.239254,0.0,2336020648122.28,-197912.6170506765,164584.24097637524,16043642.364437297,0.0,-27554923.287131507,1.4351926143878153,1.4091038924429806,48637.030497917105,47752.913653834934,7188729.764652529,0.0,9760588.652480882,212.12668124344071,0.0,288.0176812340134
138,4,138,case138_CGH2_Q37154_CL48.2_CGR1.52_K100_Poro0.230,281.95,200000.0,0.23,100.0,H2,-1.4030412414951916,-1.4030412414951916,1.4030412414951916,36.62640224147135,24.11446935162756,24.11446935162756,518.9157892740226,20379.238269670703,1.518855824998667,48.22893870325512,37154.352638071934,1.4030412414951916,100.0,0.23,0.2,8.8,0,11,11,143,Spilsby Sandstone Formation 1,138,pool_051_150,4,case138_CGH2_Q37154_CL48.2_CGR1.52_K100_Poro0.230,failed,/mnt/iusers01/ceas01/n71743ev/Dumux-Final/Aquifer/build-cmake/appl/1p/H2/cases/pool_051_150/chunk_4/case_138_case138_CGH2_Q37154_CL48.2_CGR1.52_K100_Poro0.230,3,2026-05-05T14:17:45,2026-05-05T14:27:45,/mnt/iusers01/ceas01/n71743ev/Dumux-Final/Aquifer/build-cmake/appl/1p/H2/appl_1p2pnc_box_H2,,,/opt/software/RI/apps/OpenMPI/4.1.8-GCC-13.2.0/bin/mpirun,2383261,,,,,/mnt/iusers01/ceas01/n71743ev/Dumux-Final/Aquifer/build-cmake/appl/1p/H2/cases/pool_051_150/chunk_4/case_138_case138_CGH2_Q37154_CL48.2_CGR1.52_K100_Poro0.230/case138_CGH2_Q37154_CL48.2_CGR1.52_K100_Poro0.230.json,failed_pressure_limit,inj_pressure_exceeded,0.0,200000.0,982852.8968383584,982852.8968383584,,,,0.0,527579.1468713636,987854.9766161019,585.3932310738601,2.429503669673665e-10,0.0,0.0,-1,0.0,0.0,0.0,0.0,0.0,0.0,0,,,,,,,,,,,,,,,,,,,,,,,,,,,,,,,,,,,,,,,,,,,,,,,,,,,,,,,,,,,,,,,,,,,,,,,,,,,,,,,,,,,,,,,,,,,0.0,0.0,0.0,0.0,-176.3113622785919,0.0,0.0,-17.63113622785919,0.0,0.0,424048951.1367471,0.0,176.31136227859196,0.0,2409093739962.745,0.10295836115255952,0.0,-5.684341886080802e-14,0.0,585.2902727127075,0.0,0.0,0.0,0.0,0.0,0.0,0.0,0.0,0.0,0.0
139,4,139,case139_CGCH4_Q660973_CL119.9_CGR0.98_K100_Poro0.210,330.03215,13500000.0,0.21,100.0,CH4,-24.959999799277274,-24.959999799277274,24.959999799277274,59.015372062097434,59.931430316248274,59.931430316248274,1257.6439783870628,43200.0,0.9847148941829529,119.86286063249655,660973.1823707983,24.959999799277274,100.0,0.21,13.5,56.88215,0,3,3,14,Bunter Closure 4,139,pool_051_150,4,case139_CGCH4_Q660973_CL119.9_CGR0.98_K100_Poro0.210,failed,/mnt/iusers01/ceas01/n71743ev/Dumux-Final/Aquifer/build-cmake/appl/1p/H2/cases/pool_051_150/chunk_4/case_139_case139_CGCH4_Q660973_CL119.9_CGR0.98_K100_Poro0.210,3,2026-05-05T14:27:45,2026-05-05T14:37:45,/mnt/iusers01/ceas01/n71743ev/Dumux-Final/Aquifer/build-cmake/appl/1p/H2/appl_1p2pnc_box_H2,,,/opt/software/RI/apps/OpenMPI/4.1.8-GCC-13.2.0/bin/mpirun,2384057,,,,,/mnt/iusers01/ceas01/n71743ev/Dumux-Final/Aquifer/build-cmake/appl/1p/H2/cases/pool_051_150/chunk_4/case_139_case139_CGCH4_Q660973_CL119.9_CGR0.98_K100_Poro0.210/case139_CGCH4_Q660973_CL119.9_CGR0.98_K100_Poro0.210.json,failed_pressure_limit,inj_pressure_exceeded,0.0,13500000.0,24624354.166666564,24624354.166666564,,,,0.0,14221840.272719318,24629392.38947724,8745.578618089763,3.975272950295616e-09,0.0,0.0,-1,0.0,0.0,0.0,0.0,0.0,0.0,0,,,,,,,,,,,,,,,,,,,,,,,,,,,,,,,,,,,,,,,,,,,,,,,,,,,,,,,,,,,,,,,,,,,,,,,,,,,,,,,,,,,,,,,,,,,-313.65660801204876,0.0,-3136.5660801204876,0.0,0.0,0.0,0.0,0.0,0.0,0.0,4394197365.936415,0.0,0.0,0.0,2195600300480.9116,17.46785740098221,0.0,0.0,0.0,8728.110760688782,0.0,0.0,0.0,0.0,0.0,0.0,0.0,0.0,0.0,0.0
140,4,140,case140_CGCH4_Q103646_CL108.7_CGR0.36_K100_Poro0.160,314.27,8900000.0,0.16,100.0,CH4,-3.9139497436471995,-3.9139497436471995,3.9139497436471995,19.57166861904109,54.372306888616365,54.372306888616365,1107.0178063913684,43200.0,0.3599565613269704,108.74461377723273,103646.46788870438,3.9139497436471995,100.0,0.16,8.9,41.12,0,9,9,17,Bunter Closure 42,140,pool_051_150,4,case140_CGCH4_Q103646_CL108.7_CGR0.36_K100_Poro0.160,failed,/mnt/iusers01/ceas01/n71743ev/Dumux-Final/Aquifer/build-cmake/appl/1p/H2/cases/pool_051_150/chunk_4/case_140_case140_CGCH4_Q103646_CL108.7_CGR0.36_K100_Poro0.160,3,2026-05-05T14:37:45,2026-05-05T14:47:45,/mnt/iusers01/ceas01/n71743ev/Dumux-Final/Aquifer/build-cmake/appl/1p/H2/appl_1p2pnc_box_H2,,,/opt/software/RI/apps/OpenMPI/4.1.8-GCC-13.2.0/bin/mpirun,2384917,,,,,/mnt/iusers01/ceas01/n71743ev/Dumux-Final/Aquifer/build-cmake/appl/1p/H2/cases/pool_051_150/chunk_4/case_140_case140_CGCH4_Q103646_CL108.7_CGR0.36_K100_Poro0.160/case140_CGCH4_Q103646_CL108.7_CGR0.36_K100_Poro0.160.json,failed_pressure_limit,inj_pressure_exceeded,22.5,8900000.0,13650225.66498621,13650225.66498621,,,,22.5,9374552.512834158,13655311.818299029,6799.908934406865,4.056774013593769e-09,0.0,0.0,-1,0.0,0.0,0.0,0.0,0.0,0.0,0,,,,,,,,,,,,,,,,,,,,,,,,,,,,,,,,,,,,,,,,,,,,,,,,,,,,,,,,,,,,,,,,,,,,,,,,,,,,,,,,,,,,,,,,,,,-49.18414304464678,0.0,-922.2026820871272,0.0,0.0,0.0,0.0,0.0,0.0,0.0,2634531313.886286,0.0,0.0,0.0,1673551746655.0557,10.687231831181862,0.0,0.0,0.0,6789.221702575684,0.0,0.0,0.0,0.0,0.0,0.0,0.0,0.0,0.0,0.0
141,4,141,case141_CGN2_Q44045_CL134.3_CGR0.04_K100_Poro0.290,308.51275,7300000.0,0.29,100.0,N2,-1.6632553393286598,-1.6632553393286598,1.6632553393286598,2.7930315836454502,67.15932026264565,67.15932026264565,1345.9794368365585,43200.0,0.04158814551312468,134.3186405252913,44045.15959824322,1.6632553393286598,100.0,0.29,7.3,35.36275,0,7,7,3,Bunter Closure 1,141,pool_051_150,4,case141_CGN2_Q44045_CL134.3_CGR0.04_K100_Poro0.290,failed,/mnt/iusers01/ceas01/n71743ev/Dumux-Final/Aquifer/build-cmake/appl/1p/H2/cases/pool_051_150/chunk_4/case_141_case141_CGN2_Q44045_CL134.3_CGR0.04_K100_Poro0.290,3,2026-05-05T14:47:45,2026-05-05T14:57:45,/mnt/iusers01/ceas01/n71743ev/Dumux-Final/Aquifer/build-cmake/appl/1p/H2/appl_1p2pnc_box_H2,,,/opt/software/RI/apps/OpenMPI/4.1.8-GCC-13.2.0/bin/mpirun,2385854,,,,,/mnt/iusers01/ceas01/n71743ev/Dumux-Final/Aquifer/build-cmake/appl/1p/H2/cases/pool_051_150/chunk_4/case_141_case141_CGN2_Q44045_CL134.3_CGR0.04_K100_Poro0.290/case141_CGN2_Q44045_CL134.3_CGR0.04_K100_Poro0.290.json,failed_pressure_limit,inj_pressure_exceeded,69.375,7300000.0,10955090.05814789,10955090.05814789,,,,69.375,7732510.487767415,10960195.557850292,11628.566084681082,3.827594040835852e-09,0.0,0.0,-1,0.0,0.0,0.0,0.0,0.0,0.0,0,,,,,,,,,,,,,,,,,,,,,,,,,,,,,,,,,,,,,,,,,,,,,,,,,,,,,,,,,,,,,,,,,,,,,,,,,,,,,,,,,,,,,,,,,,,0.0,0.0,0.0,0.0,0.0,-881.764439919567,0.0,0.0,-20.901083020315664,0.0,4300419578.544373,0.0,0.0,2331.7770744539666,3033787201964.673,16.459240732714534,0.0,0.0,3.296918293926865e-12,11612.106843948364,0.0,0.0,0.0,0.0,0.0,0.0,0.0,0.0,0.0,0.0
142,4,142,case142_CGCH4_Q54894_CL243.7_CGR0.42_K50_Poro0.150,332.26374999999996,14100000.0,0.15,50.0,CH4,-2.072925206989611,-2.072925206989611,2.072925206989611,50.62544024548695,121.829857496134,121.829857496134,2487.222590168167,43200.0,0.4155421444787739,243.659714992268,54893.74927479936,2.072925206989611,50.0,0.15,14.1,59.11375,0,18,18,11,Bunter Closure 37,142,pool_051_150,4,case142_CGCH4_Q54894_CL243.7_CGR0.42_K50_Poro0.150,success,/mnt/iusers01/ceas01/n71743ev/Dumux-Final/Aquifer/build-cmake/appl/1p/H2/cases/pool_051_150/chunk_4/case_142_case142_CGCH4_Q54894_CL243.7_CGR0.42_K50_Poro0.150,0,2026-05-05T14:57:45,2026-05-05T18:59:12,/mnt/iusers01/ceas01/n71743ev/Dumux-Final/Aquifer/build-cmake/appl/1p/H2/appl_1p2pnc_box_H2,"[""case142_CGCH4_Q54894_CL243.7_CGR0.42_K50_Poro0.150.json"", ""case_summary.json""]",,/opt/software/RI/apps/OpenMPI/4.1.8-GCC-13.2.0/bin/mpirun,2386651,,,,,/mnt/iusers01/ceas01/n71743ev/Dumux-Final/Aquifer/build-cmake/appl/1p/H2/cases/pool_051_150/chunk_4/case_142_case142_CGCH4_Q54894_CL243.7_CGR0.42_K50_Poro0.150/case142_CGCH4_Q54894_CL243.7_CGR0.42_K50_Poro0.150.json,,,,,,,,,,214891927.74404362,14260330.784582589,14260098.782553514,-499010.00830322644,-3.1875008099656014e-07,0.8156338385746291,0.8174608082962697,9,0.4121707465446482,0.9913017401383574,274824260.679666,224658062.27462447,2743481596.254255,2237676425.411709,10,25418884.51154776,0.8243326624055305,0.8243326624055305,0.500600599786131,0.575972600649228,274578842.4456274,226344308.2334327,274578842.4456274,226344308.2334327,46473331.58186026,0.8130514396917882,0.8017410816793977,0.517055567931651,0.7937780615522225,273871531.8048221,219574058.15039164,548450374.2504445,445918366.38382393,67492102.08967276,0.8110491328869692,0.8070422153477992,0.5062979853318584,0.8767765320033788,274067510.9297426,221184051.17559662,822517885.1801958,667102417.5594215,88566348.29328604,0.8117013124406616,0.813656320496126,0.487309525097273,0.9221095969395469,274387282.3269034,223256946.52903992,1096905167.5071056,890359364.0884613,109620370.45237696,0.8129732421242628,0.8180677571417849,0.468695368450269,0.9497498931567108,273860463.23020095,224036414.92454076,1370765630.7372866,1114395779.013002,130647380.99925196,0.8137464836637794,0.8176108725782409,0.45087005463886415,0.9671738648261514,274282156.91368,224256073.64683592,1645047787.6509469,1338651852.6598377,151722736.46800196,0.8146719066429476,0.8202195570659657,0.43801782208779383,0.9777455629698978,274416177.73685384,225081515.75505757,1919463965.387781,1563733368.4148962,172749747.01487696,0.8151838215608522,0.8187662720173844,0.4272802682250316,0.9844466803065676,274282156.91368,224572979.09710103,2193746122.301451,1788306347.5119977,193800906.38987696,0.8154304504430463,0.8173985082299619,0.41855336883778976,0.9886454946549925,274911213.2730627,224712015.62509033,2468657335.5745516,2013018363.137087,214891927.74404362,0.8156338385746291,0.8174608082962697,0.4121707465446482,0.9913017401383574,274824260.679666,224658062.27462447,2743481596.254255,2237676425.411709,0.0,0.0,0.0,0.0,0.0,0.0,0.0,0.0,0.0,0.0,3258622323.717193,0.0,505805171.02614164,0.0,1561756769372.3772,-512.7083195493506,0.0,95187.03567971518,0.0,-593684.3356633922,0.11577106711926446,0.0,475.12984119016284,0.0,47593.51783986818,0.0,58838.26009313849,11.5967297159852,0.0,14.336645623774194
143,4,143,case143_CGN2_Q609903_CL54.1_CGR1.66_K307_Poro0.180,359.45,29100000.0,0.18,306.6,N2,-23.031478184932727,-23.031478184932727,23.031478184932727,44.81484489228343,27.032343804009532,27.032343804009532,585.461720972474,22992.678496373526,1.6578231328071649,54.064687608019064,609903.4276049712,23.031478184932727,306.6,0.18,29.1,86.3,1,8,8,59,Fulmar_021_28,143,pool_051_150,4,case143_CGN2_Q609903_CL54.1_CGR1.66_K307_Poro0.180,failed_numerical_stall,/mnt/iusers01/ceas01/n71743ev/Dumux-Final/Aquifer/build-cmake/appl/1p/H2/cases/pool_051_150/chunk_4/case_143_case143_CGN2_Q609903_CL54.1_CGR1.66_K307_Poro0.180,1,2026-05-05T18:59:12,2026-05-05T21:16:07,/mnt/iusers01/ceas01/n71743ev/Dumux-Final/Aquifer/build-cmake/appl/1p/H2/appl_1p2pnc_box_H2,,,/opt/software/RI/apps/OpenMPI/4.1.8-GCC-13.2.0/bin/mpirun,2401052,,,,,/mnt/iusers01/ceas01/n71743ev/Dumux-Final/Aquifer/build-cmake/appl/1p/H2/cases/pool_051_150/chunk_4/case_143_case143_CGN2_Q609903_CL54.1_CGR1.66_K307_Poro0.180/case143_CGN2_Q609903_CL54.1_CGR1.66_K307_Poro0.180.json,,,,,,,,,,50572655.20135335,29232729.192814045,29232451.111332938,-7161506.083639656,-3.8163420332345905e-06,0.8535525648390935,0.8614935487020781,9,0.23222570703583129,0.9580105483845243,672928217.1043233,579723317.7749659,6749764065.519836,5761278430.183204,9,8535091.486232007,0.8203198235485345,0.8203198235485345,0.0001720702213213041,0.43260411781993424,672113497.129151,551348025.3695736,672113497.129151,551348025.3695736,13206426.695167398,0.8410506970246188,0.8617475121581868,0.0014943744221004051,0.5627545075076499,673219516.1733036,580145243.1986825,1345333013.302451,1131493268.568257,17872914.572510485,0.8552509652618088,0.8836874312612873,0.07274133899819944,0.6522535717833647,671816591.3297225,593675877.8708766,2017149604.6321628,1725169146.4391332,22542538.17391687,0.8532644948860568,0.8473664474986646,0.1706276730588154,0.7618017524723363,679378728.2244505,575682739.4417133,2696528332.8566227,2300851885.880847,27214198.970487244,0.8508705321070127,0.8413768717328473,0.20280074374865986,0.8331072164454729,679968337.5079106,572109632.6897907,3376496670.364547,2872961518.5706387,31891117.75138504,0.8511495393077553,0.8525455341080954,0.22546229968598297,0.8766558455683915,674835525.2441674,575328013.3044058,4051332195.608727,3448289531.875045,36569563.619165115,0.8516068431176556,0.8543504406074431,0.23646745598880645,0.9084369659347088,675277497.9221262,576923627.8820603,4726609693.530836,4025213159.757105,41221654.82688826,0.85177802590539,0.8529779500708263,0.2356630702828408,0.9316760062413624,674304466.1900107,575166841.2943581,5400914159.720814,4600380001.051463,45902326.47768036,0.8526732071854903,0.8598261027531925,0.23579725094992365,0.9468862812634316,675921688.694767,581175111.3567781,6076835848.415546,5181555112.408244,,,,,,,,,,0.0,0.0,0.0,0.0,0.0,0.0,0.0,0.0,0.0,0.0,7120223381.416227,2.94588280910238e-23,988485635.3376821,707349614.9597542,1867720693387.2944,-30366.32899428862,1.6275666752943296e-26,3483916.3299973216,159563.3842073202,-10774619.46885001,0.9639225262594324,7.241681988085165e-31,10832.070393909189,8.137833376468947e-27,1741958.164998907,79781.69210380947,1419806.1156207398,155.0130911250491,7.099600298498666,126.34547671858574
144,4,144,case144_CGH2_Q268429_CL162.9_CGR2.82_K350_Poro0.160,329.44345,13300000.0,0.16,350.0,H2,-10.136556318899492,-10.136556318899492,10.136556318899492,230.04191724805793,81.46886894325196,81.46886894325196,1859.419296113097,43200.0,2.8236787896036235,162.93773788650392,268429.1643535119,10.136556318899492,350.0,0.16,13.3,56.29345,2,19,19,24,Bunter Sandstone Formation Zone 2,144,pool_051_150,4,case144_CGH2_Q268429_CL162.9_CGR2.82_K350_Poro0.160,success,/mnt/iusers01/ceas01/n71743ev/Dumux-Final/Aquifer/build-cmake/appl/1p/H2/cases/pool_051_150/chunk_4/case_144_case144_CGH2_Q268429_CL162.9_CGR2.82_K350_Poro0.160,0,2026-05-05T21:16:07,2026-05-06T00:57:12,/mnt/iusers01/ceas01/n71743ev/Dumux-Final/Aquifer/build-cmake/appl/1p/H2/appl_1p2pnc_box_H2,"[""case144_CGH2_Q268429_CL162.9_CGR2.82_K350_Poro0.160.json"", ""case_summary.json""]",,/opt/software/RI/apps/OpenMPI/4.1.8-GCC-13.2.0/bin/mpirun,2407453,,,,,/mnt/iusers01/ceas01/n71743ev/Dumux-Final/Aquifer/build-cmake/appl/1p/H2/cases/pool_051_150/chunk_4/case_144_case144_CGH2_Q268429_CL162.9_CGR2.82_K350_Poro0.160/case144_CGH2_Q268429_CL162.9_CGR2.82_K350_Poro0.160.json,,,,,,,,,,160634687.24685466,13539741.465283265,13539642.03534217,-9449225.3693477,-5.798252630638712e-06,0.7126955936214324,0.6602987875753119,9,0.2929743010407234,0.9981523115393495,895452549.5156931,591266232.7764341,8961066778.330006,6386512807.0632,10,33940046.919117466,0.9286674638526194,0.9286674638526194,0.04727380103700546,0.9995833079853728,896957060.6921012,832974838.7376337,896957060.6921012,832974838.7376337,48023128.40918908,0.8519141255664648,0.7751594955020756,0.12524328569037815,0.9995762865462051,896941964.9301966,695273081.0299317,1793899025.622313,1528247919.7675662,62087277.58178596,0.8079829194026171,0.719882894588713,0.1947853553945799,0.9994942364591995,894530371.5658712,643957113.1803564,2688429397.18818,2172205032.9479237,76158666.35205817,0.7796632499814081,0.694638720393743,0.22948093718934537,0.9992207543470777,895452549.5156931,622016013.1688958,3583881946.703853,2794221046.116822,90260593.62609497,0.7592227426554178,0.6777672768225798,0.2530520921946417,0.9989614860085259,899342535.6800051,609544941.3385508,4483224482.383839,3403765987.455374,104315471.98820275,0.7450171777813455,0.673727341940971,0.2699361183497744,0.9987040113831043,893349458.2895503,601873955.9578251,5376573940.67337,4005639943.4132013,118416692.89372334,0.7337019582224551,0.666048979058938,0.2798685759815463,0.9985090689990521,899252558.6537521,598946248.6074693,6275826499.327104,4604586192.020671,132480424.34396197,0.7252824751542362,0.6662097372659055,0.28670393608284356,0.998350361450722,894477162.2073978,595909395.2245432,7170303661.534483,5200495587.245213,146563298.47658247,0.718512739374926,0.6642957301939723,0.29088290150037355,0.9982313625497736,895310567.2798662,594750987.0415583,8065614228.814331,5795246574.286766,160634687.24685466,0.7126955936214324,0.6602987875753119,0.2929743010407234,0.9981523115393495,895452549.5156931,591266232.7764341,8961066778.330006,6386512807.0632,0.0,0.0,0.0,0.0,0.0,0.0,0.0,0.0,0.0,0.0,2936829742.553297,0.0,4484351332.04912,0.0,1622246577694.0962,-18646.83793840377,0.0,2066759.7851051579,0.0,-11497338.316514455,0.02289350424233446,0.0,438.18023616302287,0.0,1006448.3903348477,0.0,1431153.351835764,52.58368267721044,0.0,74.77314727516261
145,4,145,case145_CGH2_Q47650_CL37.8_CGR1.15_K350_Poro0.140,318.9319,10300000.0,0.14,350.0,H2,-1.7993805366261153,-1.7993805366261153,1.7993805366261153,21.685209524531164,18.89015178856372,18.89015178856372,399.48824529580554,15688.992906162546,1.147963752078456,37.78030357712744,47649.9314565009,1.7993805366261153,350.0,0.14,10.3,45.7819,2,2,2,23,Bunter Sandstone Formation Zone 1,145,pool_051_150,4,case145_CGH2_Q47650_CL37.8_CGR1.15_K350_Poro0.140,success,/mnt/iusers01/ceas01/n71743ev/Dumux-Final/Aquifer/build-cmake/appl/1p/H2/cases/pool_051_150/chunk_4/case_145_case145_CGH2_Q47650_CL37.8_CGR1.15_K350_Poro0.140,0,2026-05-06T00:57:12,2026-05-06T03:23:30,/mnt/iusers01/ceas01/n71743ev/Dumux-Final/Aquifer/build-cmake/appl/1p/H2/appl_1p2pnc_box_H2,"[""case145_CGH2_Q47650_CL37.8_CGR1.15_K350_Poro0.140.json"", ""case_summary.json""]",,/opt/software/RI/apps/OpenMPI/4.1.8-GCC-13.2.0/bin/mpirun,2417682,,,,,/mnt/iusers01/ceas01/n71743ev/Dumux-Final/Aquifer/build-cmake/appl/1p/H2/cases/pool_051_150/chunk_4/case_145_case145_CGH2_Q47650_CL37.8_CGR1.15_K350_Poro0.140/case145_CGH2_Q47650_CL37.8_CGR1.15_K350_Poro0.140.json,,,,,,,,,,34510301.043487206,10581667.05140827,10581099.094682015,-540175.0353989025,-3.6889425092715303e-07,0.6601758907068614,0.6316541766489385,9,0.41434388682947304,0.9966645516327673,36862444.61419721,23284317.10204784,369313014.8293705,243811548.51461598,10,5124218.097875019,0.828053980597368,0.828053980597368,0.3188519079115124,0.9771597246079414,36894471.06477427,30550613.627220746,36894471.06477427,30550613.627220746,8400221.453423265,0.7494346581190026,0.6714222033609426,0.3945744890134396,0.9887010783538583,37181477.33340716,24964469.43541118,74075948.39818142,55515083.06263197,11662115.61048993,0.7172110192851506,0.6524568600740521,0.4090621066082533,0.9932565938477599,36862444.61419721,24051154.867632765,110938393.01237865,79566237.93026473,14924009.767556593,0.6987926131348621,0.643361987153661,0.41398874584978734,0.9950855883608077,36862444.61419721,23715895.618331686,147800837.62657586,103282133.5485964,18185903.924623422,0.6868263180163767,0.6388471766352383,0.4164813784553917,0.995852312662205,36862444.61419721,23549468.665652733,184663282.24077305,126831602.21424913,21447798.081690468,0.6784471539431173,0.6364715346808459,0.41785386785763345,0.9962004913428998,36862444.61419721,23461896.69568578,221525726.85497025,150293498.90993494,24709692.238757513,0.6722698964272802,0.6351475222741803,0.4182945391426997,0.9963832409197106,36862444.61419721,23413090.36167656,258388171.46916744,173706589.2716115,27986512.72935334,0.6669690279110979,0.6301495813536425,0.41663631624841474,0.9965103505785625,37199954.131817006,23441535.52253919,295588125.6009822,197148124.7941506,31248406.886420384,0.6633384062774607,0.6342256153411338,0.41624153977336925,0.9965907399861019,36862444.61419721,23379106.618417688,332450570.21517634,220527231.41256812,34510301.043487206,0.6601758907068614,0.6316541766489385,0.41434388682947304,0.9966645516327673,36862444.61419721,23284317.10204784,369313014.8293705,243811548.51461598,0.0,0.0,0.0,0.0,0.0,0.0,0.0,0.0,0.0,0.0,2496252987.777408,0.0,167934472.42572105,0.0,1461644443106.048,-1186.488506856093,0.0,87545.86715518196,0.0,-626534.4140472284,0.014402776007335583,0.0,78.97546283370087,0.0,43772.93357758139,0.0,80135.8628816733,7.982881453058776,0.0,14.614398470442142
146,4,146,case146_CGN2_Q15581_CL73.2_CGR0.39_K500_Poro0.230,367.69,30900000.0,0.23,500.0,N2,-0.5883906419108214,-0.5883906419108214,0.5883906419108214,14.103329811072172,36.61386584255368,36.61386584255368,746.3806466621458,29312.40357800427,0.3851909512019045,73.22773168510736,15581.347683835056,0.5883906419108214,500.0,0.23,30.9,94.54,3,17,17,86,Fulmar_030_29,146,pool_051_150,4,case146_CGN2_Q15581_CL73.2_CGR0.39_K500_Poro0.230,success,/mnt/iusers01/ceas01/n71743ev/Dumux-Final/Aquifer/build-cmake/appl/1p/H2/cases/pool_051_150/chunk_4/case_146_case146_CGN2_Q15581_CL73.2_CGR0.39_K500_Poro0.230,0,2026-05-06T03:23:30,2026-05-06T05:49:21,/mnt/iusers01/ceas01/n71743ev/Dumux-Final/Aquifer/build-cmake/appl/1p/H2/appl_1p2pnc_box_H2,"[""case146_CGN2_Q15581_CL73.2_CGR0.39_K500_Poro0.230.json"", ""case_summary.json""]",,/opt/software/RI/apps/OpenMPI/4.1.8-GCC-13.2.0/bin/mpirun,2424521,,,,,/mnt/iusers01/ceas01/n71743ev/Dumux-Final/Aquifer/build-cmake/appl/1p/H2/cases/pool_051_150/chunk_4/case_146_case146_CGN2_Q15581_CL73.2_CGR0.39_K500_Poro0.230/case146_CGN2_Q15581_CL73.2_CGR0.39_K500_Poro0.230.json,,,,,,,,,,64466676.2038768,31197466.94134186,31214240.838825338,-85880.25446113605,-3.565324298299625e-08,0.39376950522270593,0.38966779807224816,9,0.4103467518712413,0.9889564516601284,23253752.40580042,9061238.496885493,233693156.53496137,92021238.6227041,10,7535919.871837004,0.40437984562178575,0.40437984562178575,0.7279722584490632,0.8556291561324258,23470486.40880594,9490991.670661166,23470486.40880594,9490991.670661166,13857590.076301014,0.40229474452928493,0.4001975141585978,0.607220691396492,0.9649169032946177,23334745.451194413,9338507.123091651,46805231.860000454,18829498.79375283,20189069.249150068,0.40028649816009926,0.3962708044202132,0.5221706007487791,0.982119508073978,23407272.324596,9275618.63335065,70212504.18459655,28105117.42710347,26520548.421999305,0.39858537614717043,0.39348268691474075,0.4745009497729253,0.9862320758881132,23407272.324596,9210356.407627083,93619776.50919266,37315473.83473059,32852027.594848543,0.3972150474807479,0.391734278012374,0.44916455451716214,0.9875506289708086,23407272.324596,9169430.924314637,117027048.83378877,46484904.759045206,39154194.364119776,0.3966867612300159,0.39402085585061414,0.43564636880456015,0.9880857644017629,23190538.32159048,9137555.757109545,140217587.15537894,55622460.51615475,45485673.53696901,0.3956844850030759,0.38968050674125815,0.42547850216206023,0.9884492089806562,23407272.324596,9121357.740879197,163624859.47997344,64743818.25703395,51824480.81071275,0.39493806864170516,0.3897203623430062,0.4188741624699188,0.9886267573410473,23407272.324596,9122290.651802974,187032131.80456793,73866108.9088369,58155959.983561985,0.39422274772694127,0.3885070883473273,0.41371856328964934,0.9888206870212072,23407272.324596,9093891.216981767,210439404.12916243,82960000.12581864,64466676.2038768,0.39376950522270593,0.38966779807224816,0.4103467518712413,0.9889564516601284,23253752.40580042,9061238.496885493,233693156.53496137,92021238.6227041,0.0,0.0,0.0,0.0,0.0,0.0,0.0,0.0,0.0,0.0,9901678459.649149,0.0,141671917.90111074,8061865.665912347,2398712763910.243,-1255.3695184996154,0.0,91841.4044817216,51.006337499510366,-176517.29576185753,0.008644994981490786,0.0,178.187764108387,0.0,45920.70224089314,25.503168596601903,106276.93565007638,2.2278984329001323,0.0012373170830945932,5.1561541273073574
147,4,147,case147_CGN2_Q15363_CL321.7_CGR3.48_K100_Poro0.190,308.37,7300000.0,0.19,100.0,N2,-0.580135004946225,-0.580135004946225,0.580135004946225,559.4440183519235,160.83114799673078,160.83114799673078,3776.0669782865393,43200.0,3.4784556680730487,321.66229599346156,15362.727704633566,0.580135004946225,100.0,0.19,7.3,35.22,0,5,5,16,Bunter Closure 41,147,pool_051_150,4,case147_CGN2_Q15363_CL321.7_CGR3.48_K100_Poro0.190,success,/mnt/iusers01/ceas01/n71743ev/Dumux-Final/Aquifer/build-cmake/appl/1p/H2/cases/pool_051_150/chunk_4/case_147_case147_CGN2_Q15363_CL321.7_CGR3.48_K100_Poro0.190,0,2026-05-06T05:49:21,2026-05-06T11:32:22,/mnt/iusers01/ceas01/n71743ev/Dumux-Final/Aquifer/build-cmake/appl/1p/H2/appl_1p2pnc_box_H2,"[""case147_CGN2_Q15363_CL321.7_CGR3.48_K100_Poro0.190.json"", ""case_summary.json""]",,/opt/software/RI/apps/OpenMPI/4.1.8-GCC-13.2.0/bin/mpirun,2431301,,,,,/mnt/iusers01/ceas01/n71743ev/Dumux-Final/Aquifer/build-cmake/appl/1p/H2/cases/pool_051_150/chunk_4/case_147_case147_CGN2_Q15363_CL321.7_CGR3.48_K100_Poro0.190/case147_CGN2_Q15363_CL321.7_CGR3.48_K100_Poro0.190.json,,,,,,,,,,326251397.7006172,7573594.212145618,7573164.421381416,-38726.37736092245,-1.958213578662631e-08,0.664281136451145,0.6242299805235757,9,0.33150542280655354,0.9959955875552114,101381047.79600182,63285089.49115792,1012897522.8282889,672848717.5729253,10,76114828.31141263,0.7596671872333285,0.7596671872333285,0.0449258093918435,0.4768344125070965,101409479.54276803,77037454.08305036,101409479.54276803,77037454.08305036,103913445.35686718,0.7357852659316448,0.7118651992313948,0.2359678435412029,0.8026673194627124,101247761.55657242,72074757.95220219,202657241.09934163,149112212.03525254,131694209.41936718,0.7166358242777658,0.6782570194553393,0.2745218697180809,0.9263382729453526,101117609.89237107,68583728.70004734,303774850.99171054,217695940.73529997,159462750.8256172,0.7039214140823293,0.6658102345385284,0.2904498362918861,0.9671715645679771,101343440.65980443,67475499.99464582,405118291.6515067,285171440.72994614,187281366.4506172,0.6943087772798313,0.6559014544621402,0.2928392009255425,0.9836309509574602,101393555.03075714,66504180.21776066,506511846.68225557,351675620.9477062,215080753.9506172,0.68631349787918,0.6463177584653064,0.29774426200811804,0.9909256903749509,101253378.31773429,65441856.51135768,607765224.9999816,417117477.45906425,242843897.7006172,0.6793101252147214,0.6372939900986048,0.3057820520999885,0.9939619373915697,101304090.71220672,64560488.18329323,709069315.7121801,481677965.64235795,270660797.7006172,0.6735158585722482,0.6329901708568793,0.31512145553163784,0.9951632083542424,101381047.79600182,64173206.76604063,810450363.5081737,545851172.4083983,298434497.7006172,0.6687357220396599,0.6304037497094904,0.3241533603087301,0.9957043719468408,101066111.52412987,63712455.67336901,911516475.0322953,609563628.0817677,326251397.7006172,0.664281136451145,0.6242299805235757,0.33150542280655354,0.9959955875552114,101381047.79600182,63285089.49115792,1012897522.8282889,672848717.5729253,0.0,0.0,0.0,0.0,0.0,0.0,0.0,0.0,0.0,0.0,2803124900.2902374,-1.6880929292094055e-29,340048805.2537798,322825208.9253165,1974172078101.1528,-69.05549695438566,-9.208432407452534e-36,4252.682594450363,8.734960090066373,-42918.7394185085,0.0013877584291135702,-5.833857123586213e-39,1.0952513422551544,-4.6042162029697836e-36,2126.34129722566,4.367480073093465,3621.7852377872814,2.694219988191305,0.005533896240602835,4.5890498356563345
148,4,148,case148_CGCO2_Q22011_CL347.0_CGR3.82_K330_Poro0.140,333.58,17300000.0,0.14,330.0,CO2,-0.8311985285096146,-0.8311985285096146,0.8311985285096146,663.3990208075171,173.47582345125426,173.47582345125426,4132.915489832602,43200.0,3.824158361720811,346.9516469025085,22011.215584498234,0.8311985285096146,330.0,0.14,17.3,60.43,2,13,13,129,Nansen_210_25,148,pool_051_150,4,case148_CGCO2_Q22011_CL347.0_CGR3.82_K330_Poro0.140,failed,/mnt/iusers01/ceas01/n71743ev/Dumux-Final/Aquifer/build-cmake/appl/1p/H2/cases/pool_051_150/chunk_4/case_148_case148_CGCO2_Q22011_CL347.0_CGR3.82_K330_Poro0.140,134,2026-05-06T11:32:22,2026-05-06T14:13:25,/mnt/iusers01/ceas01/n71743ev/Dumux-Final/Aquifer/build-cmake/appl/1p/H2/appl_1p2pnc_box_H2,,,/opt/software/RI/apps/OpenMPI/4.1.8-GCC-13.2.0/bin/mpirun,2514923,,,,,/mnt/iusers01/ceas01/n71743ev/Dumux-Final/Aquifer/build-cmake/appl/1p/H2/cases/pool_051_150/chunk_4/case_148_case148_CGCO2_Q22011_CL347.0_CGR3.82_K330_Poro0.140/case148_CGCO2_Q22011_CL347.0_CGR3.82_K330_Poro0.140.json,,,,,,,,,,35130381.45472711,17603801.702855743,17402370.22347896,560.1781704802314,3.821900044301632e-10,0.0,0.0,-1,0.0,0.0,0.0,0.0,0.0,0.0,0,,,,,,,,,,,,,,,,,,,,,,,,,,,,,,,,,,,,,,,,,,,,,,,,,,,,,,,,,,,,,,,,,,,,,,,,,,,,,,,,,,,,,,,,,,,0.0,-10.445148763361805,0.0,-193.80647119518977,0.0,0.0,0.0,0.0,0.0,0.0,3564275141.7001224,366942254.2171742,-4.4291152497606884e-21,0.0,1461774750805.5393,1.3606875790283084,-4.710010267012725e-08,9.628187507225563e-36,0.0,558.8174829483032,0.0,0.0,0.0,0.0,0.0,0.0,0.0,0.0,0.0,0.0
149,4,149,case149_CGN2_Q125441_CL357.9_CGR3.80_K307_Poro0.180,359.45,29100000.0,0.18,306.6,N2,-4.736977980787933,-4.736977980787933,4.736977980787933,679.2068966576506,178.97087038943806,178.97087038943806,4258.624304446412,43200.0,3.7950695282405795,357.9417407788761,125441.3235561187,4.736977980787933,306.6,0.18,29.1,86.3,1,8,8,59,Fulmar_021_28,149,pool_051_150,4,case149_CGN2_Q125441_CL357.9_CGR3.80_K307_Poro0.180,success,/mnt/iusers01/ceas01/n71743ev/Dumux-Final/Aquifer/build-cmake/appl/1p/H2/cases/pool_051_150/chunk_4/case_149_case149_CGN2_Q125441_CL357.9_CGR3.80_K307_Poro0.180,0,2026-05-07T11:31:28,2026-05-07T18:58:20,/mnt/iusers01/ceas01/n71743ev/Dumux-Final/Aquifer/build-cmake/appl/1p/H2/appl_1p2pnc_box_H2,"[""case149_CGN2_Q125441_CL357.9_CGR3.80_K307_Poro0.180.json"", ""case_summary.json""]","{""command"": ""/mnt/iusers01/ceas01/n71743ev/.conda/envs/test_env/bin/python3 /mnt/iusers01/ceas01/n71743ev/Dumux-Final/Aquifer/appl/1p/H2/vtk-merge-multi.py --input-dir /mnt/iusers01/ceas01/n71743ev/Dumux-Final/Aquifer/build-cmake/appl/1p/H2/cases/pool_051_150/chunk_4/case_149_case149_CGN2_Q125441_CL357.9_CGR3.80_K307_Poro0.180 --num-parts 24 --simulation-name case149_CGN2_Q125441_CL357.9_CGR3.80_K307_Poro0.180"", ""enabled"": true, ""ended_at"": ""2026-05-07T18:58:20"", ""input_dir"": ""/mnt/iusers01/ceas01/n71743ev/Dumux-Final/Aquifer/build-cmake/appl/1p/H2/cases/pool_051_150/chunk_4/case_149_case149_CGN2_Q125441_CL357.9_CGR3.80_K307_Poro0.180"", ""num_parts"": 24, ""returncode"": 0, ""script"": ""/mnt/iusers01/ceas01/n71743ev/Dumux-Final/Aquifer/appl/1p/H2/vtk-merge-multi.py"", ""simulation_name"": ""case149_CGN2_Q125441_CL357.9_CGR3.80_K307_Poro0.180"", ""started_at"": ""2026-05-07T18:02:45"", ""status"": ""success""}",/opt/software/RI/apps/OpenMPI/4.1.8-GCC-13.2.0/bin/mpirun,3783570,2026-05-07T18:02:45,success,,,/mnt/iusers01/ceas01/n71743ev/Dumux-Final/Aquifer/build-cmake/appl/1p/H2/cases/pool_051_150/chunk_4/case_149_case149_CGN2_Q125441_CL357.9_CGR3.80_K307_Poro0.180/case149_CGN2_Q125441_CL357.9_CGR3.80_K307_Poro0.180.json,,,,,,,,,,367944328.16353023,29374779.109426733,29381395.32510026,-68736.89823439573,-3.713455074496443e-08,0.650948409872944,0.6196264755276493,9,0.20355982131270298,0.9637063259541014,922284060.6690232,571471621.9476755,9203808925.514772,5991204784.83825,10,89602840.93066569,0.6539979062937046,0.6539979062937046,0.07793270459775888,0.5445606680384408,920614908.1699977,602080222.4459496,920614908.1699977,602080222.4459496,120528007.65564221,0.6651757833750529,0.6763580227524291,0.166709567400303,0.8520168874845209,920255767.694898,622422371.4646399,1840870675.8648837,1224502593.910587,151461864.5748788,0.6706505041391458,0.6815959295537066,0.18977738277860973,0.9392879744630761,920773065.594154,627595173.5516635,2761643741.459082,1852097767.4622505,182373127.93886536,0.6709181362250414,0.6717220103254867,0.17989517863688423,0.9614198083827066,919428147.5960306,617600123.653044,3681071889.0551844,2469697891.1152964,213285297.07949036,0.6685869578015019,0.659254274015758,0.1765786782364541,0.9662790169849499,919482065.4186068,606172481.5080533,4600553954.473864,3075870372.6233497,244206350.3684376,0.665025919738897,0.6472187963829381,0.18161419276700905,0.9661829088484356,920010908.7477903,595448353.0189179,5520564863.221726,3671318725.6422668,275151842.07113725,0.6612490395175064,0.6386214870338224,0.18751607068577847,0.9653693474401361,921465644.9385965,588467760.4212667,6442030508.160396,4259786486.0635347,306081983.2699087,0.6577171700141571,0.6330011148375922,0.19320007113921916,0.9646096941996648,920551881.3106658,582710367.1354944,7362582389.471134,4842496853.199025,336985087.72592723,0.6544366226438395,0.6281528225761176,0.1987526258732801,0.964029944833045,918942475.374471,577236309.6915584,8281524864.845677,5419733162.890585,367944328.16353023,0.650948409872944,0.6196264755276493,0.20355982131270298,0.9637063259541014,922284060.6690232,571471621.9476755,9203808925.514772,5991204784.83825,0.0,0.0,0.0,0.0,0.0,0.0,0.0,0.0,0.0,0.0,7031107384.220545,9.451227801284353e-26,3212604140.6725225,3261720181.4447246,1837517318143.859,-567.8917684497828,1.38738605696939e-32,43738.828244614255,65.73130854239827,-111973.56601910261,0.038264374926557335,8.54574718987431e-36,31.06074818237169,6.93693029101777e-33,21869.414122461327,32.86565424790044,26386.836805299245,26.94138133739287,0.04048787585425894,32.50648731046624
