permeability_stratum,real_cleaned,simulation_pool,real_fraction,pool_fraction
0,34,116,0.22818791946308725,0.232
1,31,100,0.2080536912751678,0.2
2,35,118,0.2348993288590604,0.236
3,20,70,0.1342281879194631,0.14
4,29,96,0.19463087248322147,0.192
